{
"type": "FeatureCollection",
"name": "-60_5",
"crs": { "type": "name", "properties": { "name": "urn:ogc:def:crs:OGC:1.3:CRS84" } },
"xy_coordinate_resolution": 1e-15,
"features": [
{ "type": "Feature", "properties": { "FID": 537252, "id": 881, "left": -60.0, "top": 10.0, "right": -55.0, "bottom": 5.0, "row_index": 16, "col_index": 24, "min_lon": -60.0, "min_lat": 5.0, "tile_id": "-60_5" }, "geometry": { "type": "MultiPolygon", "coordinates": [ [ [ [ -59.9991274, 8.5574479 ], [ -59.995544, 8.5559626 ], [ -59.9941921, 8.5550289 ], [ -59.993763, 8.5545621 ], [ -59.9941707, 8.55348 ], [ -59.9935699, 8.5536126 ], [ -59.9933285, 8.5529654 ], [ -59.9931046, 8.5527787 ], [ -59.9928296, 8.5523662 ], [ -59.9927813, 8.5518779 ], [ -59.9920732, 8.5509336 ], [ -59.9916226, 8.550224 ], [ -59.9912409, 8.5498338 ], [ -59.9909981, 8.5494274 ], [ -59.990756, 8.5492255 ], [ -59.9905259, 8.5489307 ], [ -59.9902131, 8.5488024 ], [ -59.9900804, 8.5484084 ], [ -59.9898296, 8.5480427 ], [ -59.9896174, 8.5477 ], [ -59.9894492, 8.5474702 ], [ -59.9893499, 8.5473148 ], [ -59.9892493, 8.5472399 ], [ -59.9892227, 8.5471206 ], [ -59.98919, 8.5470196 ], [ -59.989163, 8.5469145 ], [ -59.9891431, 8.5468521 ], [ -59.9890763, 8.5467928 ], [ -59.9890057, 8.5466686 ], [ -59.9890123, 8.5466294 ], [ -59.9889759, 8.5465999 ], [ -59.9889584, 8.546563 ], [ -59.9889362, 8.5465283 ], [ -59.9888894, 8.5464472 ], [ -59.9886992, 8.5462166 ], [ -59.9884698, 8.5459168 ], [ -59.9883036, 8.5457738 ], [ -59.9882704, 8.545696 ], [ -59.9882714, 8.5456322 ], [ -59.988237, 8.5455565 ], [ -59.9881617, 8.5455308 ], [ -59.9881143, 8.5454417 ], [ -59.9880884, 8.5454007 ], [ -59.9880405, 8.5453661 ], [ -59.9880151, 8.5453279 ], [ -59.9879754, 8.5453118 ], [ -59.987949, 8.5452469 ], [ -59.9879476, 8.545157 ], [ -59.9878927, 8.5451103 ], [ -59.9876608, 8.5448673 ], [ -59.9873871, 8.5444402 ], [ -59.9870783, 8.5440593 ], [ -59.9870043, 8.5439239 ], [ -59.9869104, 8.5438638 ], [ -59.9868814, 8.5436836 ], [ -59.9863047, 8.54291 ], [ -59.9856929, 8.5422485 ], [ -59.9856299, 8.5421826 ], [ -59.9855307, 8.5421307 ], [ -59.9854423, 8.5421204 ], [ -59.9853775, 8.5421198 ], [ -59.9853375, 8.5421018 ], [ -59.9853074, 8.5420571 ], [ -59.9853196, 8.5419419 ], [ -59.9852057, 8.541784 ], [ -59.9851774, 8.541785 ], [ -59.9851527, 8.5417499 ], [ -59.9852349, 8.5414514 ], [ -59.9850655, 8.5412664 ], [ -59.9848558, 8.5412769 ], [ -59.9846925, 8.5411016 ], [ -59.9846915, 8.5409926 ], [ -59.9846575, 8.540949 ], [ -59.9846263, 8.5410136 ], [ -59.9845876, 8.5410185 ], [ -59.9845329, 8.5409347 ], [ -59.9845606, 8.5408259 ], [ -59.9845392, 8.5407987 ], [ -59.9843808, 8.5408506 ], [ -59.9842252, 8.5408132 ], [ -59.9841752, 8.540785 ], [ -59.9841955, 8.5404699 ], [ -59.9839667, 8.5400662 ], [ -59.981639, 8.5371307 ], [ -59.9812251, 8.5367517 ], [ -59.9805348, 8.5355415 ], [ -59.9787695, 8.5336556 ], [ -59.9770525, 8.5319559 ], [ -59.9762643, 8.5308975 ], [ -59.9755349, 8.5299363 ], [ -59.9752424, 8.5294434 ], [ -59.9745671, 8.5293999 ], [ -59.9743075, 8.5293906 ], [ -59.9741223, 8.5293104 ], [ -59.9739156, 8.5290957 ], [ -59.9738822, 8.5285835 ], [ -59.9735107, 8.528341 ], [ -59.9724546, 8.5275602 ], [ -59.9719818, 8.5272355 ], [ -59.9700552, 8.5259051 ], [ -59.9697623, 8.5251172 ], [ -59.9688627, 8.5248803 ], [ -59.9683543, 8.5242902 ], [ -59.9679251, 8.5243718 ], [ -59.9665246, 8.5236659 ], [ -59.9661752, 8.5238756 ], [ -59.9654848, 8.5241085 ], [ -59.9649916, 8.5238149 ], [ -59.9643043, 8.5237072 ], [ -59.9638705, 8.5234409 ], [ -59.9631949, 8.5238066 ], [ -59.9614103, 8.5225735 ], [ -59.9598702, 8.5207481 ], [ -59.9585409, 8.5192106 ], [ -59.956756, 8.5178603 ], [ -59.9561272, 8.5169266 ], [ -59.9559601, 8.5155671 ], [ -59.9549989, 8.5148764 ], [ -59.9522091, 8.5114237 ], [ -59.9517435, 8.5101024 ], [ -59.950943, 8.5086657 ], [ -59.9502658, 8.5084111 ], [ -59.9495589, 8.5079258 ], [ -59.9489675, 8.5073736 ], [ -59.9493018, 8.5065478 ], [ -59.9488059, 8.5059375 ], [ -59.9484718, 8.5049682 ], [ -59.9478112, 8.5046982 ], [ -59.946853, 8.504224 ], [ -59.9458465, 8.5037851 ], [ -59.9456145, 8.5030803 ], [ -59.9452426, 8.5029425 ], [ -59.945044, 8.5049887 ], [ -59.9438447, 8.5037686 ], [ -59.943548, 8.5039253 ], [ -59.9417654, 8.5016532 ], [ -59.9408078, 8.5003484 ], [ -59.9399457, 8.4992704 ], [ -59.9390268, 8.4977979 ], [ -59.9385216, 8.4964984 ], [ -59.9375662, 8.4949219 ], [ -59.9369024, 8.493811 ], [ -59.936524, 8.4931586 ], [ -59.9359749, 8.4925031 ], [ -59.9355686, 8.4917871 ], [ -59.9350993, 8.4912371 ], [ -59.9347116, 8.4904551 ], [ -59.9338388, 8.489363 ], [ -59.9330514, 8.4888305 ], [ -59.9321206, 8.4876652 ], [ -59.9309857, 8.4864377 ], [ -59.9304234, 8.4854384 ], [ -59.9296299, 8.484448 ], [ -59.9284575, 8.4828547 ], [ -59.9274146, 8.4819095 ], [ -59.9265589, 8.4807192 ], [ -59.9260744, 8.4801736 ], [ -59.9254331, 8.4795595 ], [ -59.9250729, 8.4793299 ], [ -59.9246827, 8.4788601 ], [ -59.924362, 8.4784746 ], [ -59.9237416, 8.4777432 ], [ -59.9227056, 8.4766813 ], [ -59.9216127, 8.4767545 ], [ -59.9211827, 8.4764541 ], [ -59.918517, 8.4733633 ], [ -59.9178135, 8.4729481 ], [ -59.9164684, 8.473332 ], [ -59.9160943, 8.4717567 ], [ -59.9156959, 8.4715154 ], [ -59.915469, 8.4710814 ], [ -59.9148653, 8.4701321 ], [ -59.9143296, 8.4690815 ], [ -59.9134567, 8.4684189 ], [ -59.9128317, 8.4677506 ], [ -59.9097965, 8.4629167 ], [ -59.9083992, 8.4610835 ], [ -59.9066643, 8.4591953 ], [ -59.9058891, 8.4581417 ], [ -59.9048509, 8.4569 ], [ -59.9034371, 8.4553858 ], [ -59.9024544, 8.4540055 ], [ -59.9015284, 8.4526399 ], [ -59.9009065, 8.4516951 ], [ -59.9003845, 8.4512134 ], [ -59.8997818, 8.4505583 ], [ -59.8991309, 8.4497869 ], [ -59.8983831, 8.4492113 ], [ -59.8977367, 8.4487078 ], [ -59.8970775, 8.4473431 ], [ -59.8963384, 8.4464785 ], [ -59.8953987, 8.4453184 ], [ -59.8947178, 8.4446739 ], [ -59.8941998, 8.4437123 ], [ -59.8935409, 8.4426854 ], [ -59.8928333, 8.4415711 ], [ -59.8921832, 8.4413475 ], [ -59.8904062, 8.4412901 ], [ -59.8903946, 8.4409111 ], [ -59.8897912, 8.4407907 ], [ -59.8900406, 8.4399794 ], [ -59.8898412, 8.4396863 ], [ -59.890341, 8.4392188 ], [ -59.8907388, 8.4391422 ], [ -59.8918336, 8.4390755 ], [ -59.894907, 8.4390521 ], [ -59.8950359, 8.4387476 ], [ -59.8946003, 8.4384893 ], [ -59.8941609, 8.4379767 ], [ -59.8944254, 8.4375591 ], [ -59.8956207, 8.4370177 ], [ -59.8950966, 8.4367216 ], [ -59.894247, 8.4366696 ], [ -59.8939824, 8.4362832 ], [ -59.8935269, 8.4361921 ], [ -59.8934894, 8.4351906 ], [ -59.8928201, 8.4346494 ], [ -59.8922308, 8.4326422 ], [ -59.8910473, 8.4306906 ], [ -59.8910431, 8.4304007 ], [ -59.8908013, 8.4302851 ], [ -59.8903457, 8.4297309 ], [ -59.8902928, 8.429473 ], [ -59.8899371, 8.4294922 ], [ -59.8899126, 8.4292919 ], [ -59.8895934, 8.4293265 ], [ -59.8895886, 8.4292213 ], [ -59.8898101, 8.4290764 ], [ -59.8897917, 8.4288977 ], [ -59.8898504, 8.4288177 ], [ -59.8898371, 8.4287085 ], [ -59.8897425, 8.4286924 ], [ -59.889728, 8.4285401 ], [ -59.8895532, 8.4285473 ], [ -59.8895159, 8.4284793 ], [ -59.8895139, 8.4284198 ], [ -59.8895941, 8.4283473 ], [ -59.889565, 8.4278562 ], [ -59.8898293, 8.427416 ], [ -59.8894046, 8.42515 ], [ -59.8891327, 8.4246809 ], [ -59.8890208, 8.4244176 ], [ -59.8887064, 8.4243582 ], [ -59.8881415, 8.4240257 ], [ -59.8880737, 8.4235101 ], [ -59.8882266, 8.4232211 ], [ -59.8883862, 8.4227518 ], [ -59.8881503, 8.4220144 ], [ -59.8876802, 8.4209621 ], [ -59.8857299, 8.4163074 ], [ -59.8860701, 8.415864 ], [ -59.8859463, 8.4149392 ], [ -59.8854894, 8.4146021 ], [ -59.8847791, 8.4139587 ], [ -59.8832058, 8.4106168 ], [ -59.8832042, 8.4099806 ], [ -59.8824672, 8.4082821 ], [ -59.8816997, 8.4070679 ], [ -59.8811895, 8.4066154 ], [ -59.8807931, 8.4055154 ], [ -59.8791443, 8.4031138 ], [ -59.8789579, 8.4024481 ], [ -59.8783743, 8.4021527 ], [ -59.8781473, 8.4012816 ], [ -59.8785203, 8.4009687 ], [ -59.8768007, 8.3959674 ], [ -59.8762203, 8.3958022 ], [ -59.8757677, 8.3942193 ], [ -59.8754032, 8.3938769 ], [ -59.8751732, 8.3927971 ], [ -59.874362, 8.3911413 ], [ -59.8738765, 8.3910362 ], [ -59.8729438, 8.3896939 ], [ -59.8722624, 8.3882014 ], [ -59.8718024, 8.3868857 ], [ -59.8713623, 8.386126 ], [ -59.870824, 8.385624 ], [ -59.8702827, 8.3844105 ], [ -59.8693293, 8.3828667 ], [ -59.8682819, 8.3816431 ], [ -59.8666288, 8.3804419 ], [ -59.8655144, 8.3793083 ], [ -59.8645485, 8.3780972 ], [ -59.8644234, 8.3769496 ], [ -59.8641377, 8.3763965 ], [ -59.8637283, 8.3762538 ], [ -59.8636674, 8.3757933 ], [ -59.8632987, 8.3754125 ], [ -59.8626628, 8.3753558 ], [ -59.8623363, 8.3751012 ], [ -59.8616319, 8.3750511 ], [ -59.8619194, 8.374465 ], [ -59.8617378, 8.3741401 ], [ -59.8610093, 8.3735217 ], [ -59.8599455, 8.3735857 ], [ -59.8588873, 8.3729291 ], [ -59.8590726, 8.3723418 ], [ -59.858437, 8.3717648 ], [ -59.8569481, 8.3706155 ], [ -59.8555376, 8.3695092 ], [ -59.852944, 8.3676826 ], [ -59.8501194, 8.3655274 ], [ -59.8486438, 8.3647878 ], [ -59.8482873, 8.3646641 ], [ -59.8478669, 8.3646985 ], [ -59.847621, 8.3647983 ], [ -59.8475038, 8.3649834 ], [ -59.8474362, 8.3650821 ], [ -59.8474322, 8.3652656 ], [ -59.84743, 8.3653683 ], [ -59.847356, 8.3654032 ], [ -59.8473275, 8.3655284 ], [ -59.8473004, 8.3656176 ], [ -59.8472584, 8.3656932 ], [ -59.8471122, 8.3657621 ], [ -59.8469524, 8.3657946 ], [ -59.8468801, 8.3657799 ], [ -59.8467987, 8.3657126 ], [ -59.8468152, 8.3656519 ], [ -59.8469632, 8.365636 ], [ -59.8469757, 8.3655646 ], [ -59.8471493, 8.3655454 ], [ -59.8471498, 8.3655105 ], [ -59.8470674, 8.3654873 ], [ -59.8470878, 8.3653092 ], [ -59.847051, 8.3652307 ], [ -59.8470339, 8.3651631 ], [ -59.8470421, 8.3651188 ], [ -59.8471287, 8.3651252 ], [ -59.8472193, 8.3651434 ], [ -59.8472193, 8.3650704 ], [ -59.847086, 8.3650507 ], [ -59.8470482, 8.3649931 ], [ -59.8470074, 8.3648872 ], [ -59.8470597, 8.3648252 ], [ -59.8471754, 8.3647837 ], [ -59.847219, 8.364167 ], [ -59.8465302, 8.3632459 ], [ -59.844902, 8.3617285 ], [ -59.844534, 8.3614123 ], [ -59.8432385, 8.3605496 ], [ -59.842129, 8.3600288 ], [ -59.8403988, 8.3593528 ], [ -59.8396211, 8.3592109 ], [ -59.8390772, 8.3589437 ], [ -59.8384309, 8.3592451 ], [ -59.8380983, 8.3594467 ], [ -59.8375699, 8.3598801 ], [ -59.8375692, 8.3602607 ], [ -59.8373689, 8.3602642 ], [ -59.8371458, 8.3602633 ], [ -59.8366284, 8.3601579 ], [ -59.8348904, 8.359659 ], [ -59.8339355, 8.35933 ], [ -59.8318541, 8.3590858 ], [ -59.8312426, 8.3592875 ], [ -59.8300195, 8.3599881 ], [ -59.8295152, 8.360349 ], [ -59.8289559, 8.3597671 ], [ -59.8289681, 8.3594574 ], [ -59.8286462, 8.35933 ], [ -59.8271442, 8.3590646 ], [ -59.8262, 8.3588735 ], [ -59.8253912, 8.3594355 ], [ -59.8238576, 8.3605132 ], [ -59.8231852, 8.3601367 ], [ -59.8220752, 8.3606376 ], [ -59.8219514, 8.3605188 ], [ -59.8217905, 8.3603384 ], [ -59.8215222, 8.3594574 ], [ -59.8201597, 8.3583428 ], [ -59.8193443, 8.3585976 ], [ -59.81895, 8.3582101 ], [ -59.8176501, 8.3582199 ], [ -59.8171985, 8.358226 ], [ -59.8166728, 8.3584383 ], [ -59.8162973, 8.3586294 ], [ -59.8156536, 8.3585551 ], [ -59.815557, 8.3575148 ], [ -59.8142693, 8.3571834 ], [ -59.8138619, 8.3568355 ], [ -59.8133721, 8.3563238 ], [ -59.8128628, 8.3558569 ], [ -59.811929, 8.3561965 ], [ -59.8103374, 8.3556447 ], [ -59.8100746, 8.3552592 ], [ -59.8092975, 8.3548807 ], [ -59.8087033, 8.3547321 ], [ -59.8073026, 8.3540106 ], [ -59.8070479, 8.3537771 ], [ -59.8071724, 8.3533538 ], [ -59.8066682, 8.3533007 ], [ -59.806475, 8.3534599 ], [ -59.8059279, 8.3532582 ], [ -59.804973, 8.3527381 ], [ -59.8042327, 8.3529292 ], [ -59.8036736, 8.3525038 ], [ -59.8025276, 8.3523553 ], [ -59.8011906, 8.3516762 ], [ -59.8005752, 8.3514003 ], [ -59.7993018, 8.3508273 ], [ -59.7979016, 8.3502042 ], [ -59.783997, 8.343112 ], [ -59.7821749, 8.3439992 ], [ -59.7807849, 8.34466 ], [ -59.7816968, 8.3459763 ], [ -59.7821367, 8.3468573 ], [ -59.7828233, 8.3478764 ], [ -59.7826731, 8.3491077 ], [ -59.7824049, 8.349543 ], [ -59.78217, 8.3499801 ], [ -59.7816968, 8.3510397 ], [ -59.7807849, 8.3520375 ], [ -59.7789717, 8.3529292 ], [ -59.7773302, 8.3532582 ], [ -59.7748304, 8.353237 ], [ -59.7712549, 8.3573057 ], [ -59.7684693, 8.3604755 ], [ -59.7690801, 8.36114 ], [ -59.7724046, 8.3636738 ], [ -59.7741587, 8.3646968 ], [ -59.7794325, 8.3676627 ], [ -59.782061, 8.3692178 ], [ -59.7840643, 8.370344 ], [ -59.7857165, 8.371374 ], [ -59.7875207, 8.3725289 ], [ -59.7888, 8.37336 ], [ -59.7918835, 8.3752287 ], [ -59.7937718, 8.3764604 ], [ -59.7976301, 8.37897 ], [ -59.7994783, 8.3796945 ], [ -59.8014417, 8.3806551 ], [ -59.8021983, 8.3811858 ], [ -59.8031537, 8.3817031 ], [ -59.80413, 8.3824196 ], [ -59.8047871, 8.3828124 ], [ -59.8055703, 8.3834227 ], [ -59.80594, 8.3837999 ], [ -59.8069801, 8.38431 ], [ -59.8075051, 8.3846448 ], [ -59.8080275, 8.3849856 ], [ -59.8091962, 8.3857184 ], [ -59.8098468, 8.3862237 ], [ -59.8108982, 8.3867336 ], [ -59.8119508, 8.3874305 ], [ -59.8131853, 8.3883852 ], [ -59.8140428, 8.3889324 ], [ -59.8146322, 8.3896497 ], [ -59.8152673, 8.3901118 ], [ -59.8157287, 8.3906956 ], [ -59.8159433, 8.3907911 ], [ -59.8161578, 8.3908867 ], [ -59.8159969, 8.3914067 ], [ -59.81583, 8.39197 ], [ -59.8155034, 8.3920754 ], [ -59.815321, 8.3922983 ], [ -59.8146448, 8.3928907 ], [ -59.8147847, 8.3933447 ], [ -59.8151949, 8.3931536 ], [ -59.8157823, 8.3930201 ], [ -59.8159003, 8.3930519 ], [ -59.816587, 8.3932748 ], [ -59.8169088, 8.3933597 ], [ -59.8172736, 8.3937312 ], [ -59.8175848, 8.3944529 ], [ -59.8179925, 8.3945591 ], [ -59.8185396, 8.3944317 ], [ -59.8189581, 8.3944317 ], [ -59.819473, 8.3943468 ], [ -59.8194516, 8.3938161 ], [ -59.8193765, 8.3932748 ], [ -59.8193121, 8.3929564 ], [ -59.8192263, 8.3924788 ], [ -59.8195696, 8.3923089 ], [ -59.8200095, 8.3925 ], [ -59.8201811, 8.3931368 ], [ -59.8201275, 8.3939647 ], [ -59.8200095, 8.394644 ], [ -59.8195911, 8.3951959 ], [ -59.8189581, 8.3954506 ], [ -59.8181641, 8.3957372 ], [ -59.8172629, 8.3962042 ], [ -59.816166, 8.3962748 ], [ -59.8157179, 8.3965407 ], [ -59.8153557, 8.3965886 ], [ -59.8137192, 8.3971935 ], [ -59.8127486, 8.3978144 ], [ -59.8122278, 8.398 ], [ -59.8118175, 8.3981592 ], [ -59.8114313, 8.3981434 ], [ -59.8108297, 8.3984941 ], [ -59.8098724, 8.3988336 ], [ -59.8095265, 8.3991519 ], [ -59.808636, 8.3995339 ], [ -59.8081615, 8.399873 ], [ -59.8067016, 8.4003246 ], [ -59.8048494, 8.4006708 ], [ -59.8011517, 8.4016215 ], [ -59.7993252, 8.4019182 ], [ -59.7973726, 8.4020933 ], [ -59.7950571, 8.4021486 ], [ -59.7934587, 8.4021798 ], [ -59.7907613, 8.4021256 ], [ -59.7889672, 8.4021893 ], [ -59.7879801, 8.4024699 ], [ -59.7877699, 8.40243 ], [ -59.7865249, 8.4024433 ], [ -59.7855095, 8.4024953 ], [ -59.7844648, 8.4026892 ], [ -59.7836602, 8.4026468 ], [ -59.7833598, 8.4026043 ], [ -59.7831345, 8.40253 ], [ -59.7830057, 8.4029015 ], [ -59.7828233, 8.403931 ], [ -59.7826302, 8.4044299 ], [ -59.7828019, 8.4048013 ], [ -59.7832418, 8.4050667 ], [ -59.7834885, 8.4054488 ], [ -59.7829735, 8.4057247 ], [ -59.7829414, 8.4061068 ], [ -59.7828341, 8.4063403 ], [ -59.782244, 8.4069453 ], [ -59.7816881, 8.4072932 ], [ -59.7816354, 8.4073161 ], [ -59.7814665, 8.4074239 ], [ -59.7805981, 8.4074082 ], [ -59.7790575, 8.4071576 ], [ -59.7779846, 8.4072425 ], [ -59.7770512, 8.4072106 ], [ -59.7761178, 8.4069665 ], [ -59.7758067, 8.4069559 ], [ -59.7748147, 8.4069475 ], [ -59.7739077, 8.4066031 ], [ -59.7724593, 8.4060672 ], [ -59.7707647, 8.4055073 ], [ -59.7694837, 8.4050518 ], [ -59.7673057, 8.4045894 ], [ -59.7661262, 8.4044025 ], [ -59.7646431, 8.4039461 ], [ -59.7620455, 8.4031265 ], [ -59.7603801, 8.4023623 ], [ -59.7578588, 8.4012856 ], [ -59.75434, 8.39987 ], [ -59.7527414, 8.3995085 ], [ -59.7510321, 8.3988402 ], [ -59.7490391, 8.397895 ], [ -59.7431971, 8.3950477 ], [ -59.7415448, 8.3941981 ], [ -59.740017, 8.393436 ], [ -59.7384967, 8.3927217 ], [ -59.7378474, 8.3924663 ], [ -59.7367001, 8.3919481 ], [ -59.7354663, 8.3913537 ], [ -59.7342002, 8.3907699 ], [ -59.7332132, 8.3901543 ], [ -59.7320008, 8.3896767 ], [ -59.73125, 8.3892201 ], [ -59.7309923, 8.3890292 ], [ -59.7304666, 8.3887745 ], [ -59.7298122, 8.3882756 ], [ -59.7291577, 8.3876706 ], [ -59.7285354, 8.3869913 ], [ -59.7277522, 8.3865986 ], [ -59.7269711, 8.3860224 ], [ -59.7267008, 8.3855159 ], [ -59.7259927, 8.3843696 ], [ -59.725349, 8.3839769 ], [ -59.723922, 8.3831384 ], [ -59.7233749, 8.3825864 ], [ -59.7224951, 8.381939 ], [ -59.7218406, 8.3820133 ], [ -59.7206958, 8.3821758 ], [ -59.7206958, 8.3816558 ], [ -59.7205424, 8.3810261 ], [ -59.7199202, 8.3809518 ], [ -59.7191906, 8.3809518 ], [ -59.7186005, 8.380368 ], [ -59.7182679, 8.3797418 ], [ -59.7177744, 8.3792217 ], [ -59.7171092, 8.3791262 ], [ -59.7167015, 8.3778737 ], [ -59.7163475, 8.3774279 ], [ -59.7159076, 8.3770882 ], [ -59.7153819, 8.3767804 ], [ -59.7146738, 8.3766318 ], [ -59.7146738, 8.3762603 ], [ -59.7138047, 8.3749972 ], [ -59.7134078, 8.3743391 ], [ -59.712528, 8.3738084 ], [ -59.7118224, 8.3734796 ], [ -59.7103955, 8.3727685 ], [ -59.7101462, 8.3720358 ], [ -59.7099209, 8.3715899 ], [ -59.7092879, 8.371314 ], [ -59.7075292, 8.3701507 ], [ -59.7071833, 8.3699433 ], [ -59.707131, 8.3695597 ], [ -59.7072387, 8.3690318 ], [ -59.7069919, 8.368257 ], [ -59.7053267, 8.3673567 ], [ -59.7040936, 8.3672071 ], [ -59.7040936, 8.366957 ], [ -59.7037081, 8.3666966 ], [ -59.7029137, 8.366187 ], [ -59.7019285, 8.365453 ], [ -59.7009207, 8.3651772 ], [ -59.7004537, 8.3649171 ], [ -59.7000245, 8.3644495 ], [ -59.6993518, 8.3639559 ], [ -59.6986759, 8.3636317 ], [ -59.6979628, 8.3639443 ], [ -59.6976087, 8.3634874 ], [ -59.6970629, 8.3629136 ], [ -59.6968135, 8.362627 ], [ -59.6964431, 8.3624678 ], [ -59.6962936, 8.3621171 ], [ -59.695285, 8.3615651 ], [ -59.6943442, 8.3613949 ], [ -59.6929948, 8.3607073 ], [ -59.6898135, 8.359327 ], [ -59.6888215, 8.3587269 ], [ -59.6872615, 8.3579669 ], [ -59.6859451, 8.3573193 ], [ -59.6855803, 8.3567774 ], [ -59.6841484, 8.3560052 ], [ -59.6817749, 8.3546551 ], [ -59.6796835, 8.353467 ], [ -59.677979, 8.3524133 ], [ -59.6765413, 8.351766 ], [ -59.6755797, 8.3513723 ], [ -59.6744532, 8.3507672 ], [ -59.6726142, 8.3500762 ], [ -59.6720943, 8.3495663 ], [ -59.6707696, 8.3488179 ], [ -59.669874, 8.3484137 ], [ -59.6687647, 8.3481266 ], [ -59.6677404, 8.3479026 ], [ -59.6667729, 8.3475625 ], [ -59.666003, 8.3476926 ], [ -59.665223, 8.3473125 ], [ -59.6638926, 8.3463992 ], [ -59.6627443, 8.3453463 ], [ -59.6614569, 8.3446884 ], [ -59.6604548, 8.3442151 ], [ -59.6596394, 8.3438748 ], [ -59.6587621, 8.3433281 ], [ -59.6578609, 8.3427969 ], [ -59.6565522, 8.3418212 ], [ -59.6552357, 8.3410749 ], [ -59.6547959, 8.34065 ], [ -59.6534661, 8.3398797 ], [ -59.6524894, 8.3394443 ], [ -59.6517472, 8.3389558 ], [ -59.6505646, 8.3382977 ], [ -59.6491162, 8.3371462 ], [ -59.6474755, 8.3362181 ], [ -59.644762, 8.3347688 ], [ -59.6419878, 8.333312 ], [ -59.6400515, 8.3324045 ], [ -59.63814, 8.3314642 ], [ -59.6357622, 8.3303216 ], [ -59.6345291, 8.3297532 ], [ -59.6332176, 8.3289572 ], [ -59.6316734, 8.3281807 ], [ -59.6303387, 8.3275432 ], [ -59.6293679, 8.3269855 ], [ -59.6283998, 8.3264114 ], [ -59.6274193, 8.3259174 ], [ -59.6261489, 8.3252896 ], [ -59.624669, 8.3243185 ], [ -59.6237836, 8.3239363 ], [ -59.6223414, 8.3228132 ], [ -59.6218479, 8.3224735 ], [ -59.621129, 8.3221762 ], [ -59.6202922, 8.3215181 ], [ -59.6195412, 8.3212102 ], [ -59.6186829, 8.3206794 ], [ -59.6172835, 8.3196163 ], [ -59.6162045, 8.3188853 ], [ -59.6152035, 8.3183364 ], [ -59.6145093, 8.3178045 ], [ -59.6127927, 8.3164649 ], [ -59.6120954, 8.3159871 ], [ -59.6107543, 8.315106 ], [ -59.6090698, 8.3140444 ], [ -59.6079335, 8.3132365 ], [ -59.6070528, 8.3126855 ], [ -59.6064305, 8.3123564 ], [ -59.6057546, 8.3119849 ], [ -59.6051431, 8.3115496 ], [ -59.6045423, 8.3112099 ], [ -59.6040809, 8.3108914 ], [ -59.6032635, 8.3104364 ], [ -59.6013558, 8.3091928 ], [ -59.5999396, 8.3086726 ], [ -59.5980191, 8.3073456 ], [ -59.5970857, 8.3070802 ], [ -59.5958305, 8.3065706 ], [ -59.5954549, 8.3063371 ], [ -59.592365, 8.3044049 ], [ -59.5910347, 8.3033645 ], [ -59.5845544, 8.3002645 ], [ -59.5788501, 8.29779 ], [ -59.5766688, 8.2968035 ], [ -59.5749951, 8.295848 ], [ -59.5737934, 8.2951473 ], [ -59.5727635, 8.2946059 ], [ -59.5715726, 8.2939795 ], [ -59.5709181, 8.2935973 ], [ -59.5696521, 8.2929391 ], [ -59.5684612, 8.292249 ], [ -59.567678, 8.2918349 ], [ -59.5658434, 8.290837 ], [ -59.5636761, 8.2897116 ], [ -59.5590842, 8.2876307 ], [ -59.5572281, 8.286569 ], [ -59.5563269, 8.2860276 ], [ -59.5556188, 8.2854543 ], [ -59.554857, 8.2850827 ], [ -59.5534199, 8.2848101 ], [ -59.5526469, 8.2842227 ], [ -59.5510483, 8.2832353 ], [ -59.5497072, 8.2827576 ], [ -59.5486558, 8.2820675 ], [ -59.5469391, 8.2812924 ], [ -59.5463383, 8.2807191 ], [ -59.5442033, 8.2796999 ], [ -59.5432913, 8.2794557 ], [ -59.5424008, 8.2791478 ], [ -59.5417499, 8.2787101 ], [ -59.5405769, 8.278171 ], [ -59.5402, 8.2779401 ], [ -59.538914, 8.2774066 ], [ -59.5378411, 8.2772473 ], [ -59.5369506, 8.276897 ], [ -59.535867, 8.2764723 ], [ -59.5344937, 8.2758565 ], [ -59.5285199, 8.2733701 ], [ -59.5275951, 8.2726926 ], [ -59.5251601, 8.27186 ], [ -59.5237649, 8.2709832 ], [ -59.5222306, 8.2700489 ], [ -59.5201171, 8.268743 ], [ -59.5194733, 8.2682121 ], [ -59.5183897, 8.2678511 ], [ -59.5174778, 8.267161 ], [ -59.51686, 8.26702 ], [ -59.5157317, 8.2663187 ], [ -59.5154502, 8.2661864 ], [ -59.5148766, 8.2658386 ], [ -59.5135998, 8.2650013 ], [ -59.51289, 8.2644862 ], [ -59.5121025, 8.2637159 ], [ -59.5114158, 8.2635676 ], [ -59.5103946, 8.2631835 ], [ -59.5090543, 8.2624725 ], [ -59.5082816, 8.2620631 ], [ -59.5073712, 8.2615125 ], [ -59.5064592, 8.2609923 ], [ -59.5058048, 8.2607799 ], [ -59.5054829, 8.2604826 ], [ -59.5047319, 8.2599836 ], [ -59.5038092, 8.2594315 ], [ -59.503187, 8.2589749 ], [ -59.5015133, 8.2582848 ], [ -59.5008695, 8.2578495 ], [ -59.5004726, 8.2575947 ], [ -59.498713, 8.2569257 ], [ -59.4977689, 8.2561613 ], [ -59.4974148, 8.2559277 ], [ -59.4968248, 8.2556941 ], [ -59.495666, 8.2550146 ], [ -59.4950652, 8.2547173 ], [ -59.4922865, 8.2535175 ], [ -59.4915569, 8.2530821 ], [ -59.48884, 8.252 ], [ -59.4876516, 8.2516169 ], [ -59.4830811, 8.2502472 ], [ -59.4810534, 8.2492173 ], [ -59.4791544, 8.2479856 ], [ -59.4756997, 8.2458939 ], [ -59.473865, 8.2446303 ], [ -59.4724918, 8.2436323 ], [ -59.4707108, 8.2417953 ], [ -59.4697988, 8.2412007 ], [ -59.4679964, 8.2400752 ], [ -59.466666, 8.239608 ], [ -59.4654536, 8.2390346 ], [ -59.4648635, 8.2388541 ], [ -59.4641125, 8.2383869 ], [ -59.4635224, 8.2380578 ], [ -59.46238, 8.2376099 ], [ -59.4591022, 8.236051 ], [ -59.4579864, 8.2353926 ], [ -59.4565058, 8.2345113 ], [ -59.4559479, 8.2341609 ], [ -59.454875, 8.2333645 ], [ -59.4540489, 8.2329717 ], [ -59.4523215, 8.2322496 ], [ -59.4513667, 8.2312515 ], [ -59.4499076, 8.2306781 ], [ -59.4486201, 8.2297331 ], [ -59.4466674, 8.227981 ], [ -59.4458628, 8.2279598 ], [ -59.4445968, 8.2270148 ], [ -59.4438458, 8.2264839 ], [ -59.4435775, 8.2259848 ], [ -59.4418824, 8.2246469 ], [ -59.4410901, 8.22396 ], [ -59.439801, 8.2234363 ], [ -59.43928, 8.22294 ], [ -59.4379664, 8.2223002 ], [ -59.4369686, 8.2216737 ], [ -59.4347692, 8.2205906 ], [ -59.4340074, 8.2200278 ], [ -59.432087, 8.2190615 ], [ -59.4311535, 8.2184775 ], [ -59.4298983, 8.217851 ], [ -59.427774, 8.2164918 ], [ -59.4266904, 8.2157166 ], [ -59.4261968, 8.215483 ], [ -59.42449, 8.21453 ], [ -59.4235039, 8.2140495 ], [ -59.4226599, 8.21351 ], [ -59.4222808, 8.2132849 ], [ -59.4218409, 8.2131363 ], [ -59.4210577, 8.2123929 ], [ -59.4200277, 8.2118195 ], [ -59.4194269, 8.2114585 ], [ -59.4184506, 8.2107152 ], [ -59.4178498, 8.210301 ], [ -59.4164499, 8.2096801 ], [ -59.415865, 8.209186 ], [ -59.4146301, 8.2086601 ], [ -59.4139445, 8.2081454 ], [ -59.4121206, 8.2070516 ], [ -59.4110584, 8.2063295 ], [ -59.4096637, 8.2055331 ], [ -59.408741, 8.2049385 ], [ -59.4069493, 8.2039509 ], [ -59.4064772, 8.2034943 ], [ -59.4053829, 8.2026341 ], [ -59.4046962, 8.2022412 ], [ -59.4043315, 8.2019439 ], [ -59.4032099, 8.2010001 ], [ -59.4023681, 8.2004147 ], [ -59.4006193, 8.1994696 ], [ -59.3998146, 8.1991298 ], [ -59.3984521, 8.1983015 ], [ -59.3962634, 8.1973139 ], [ -59.394933, 8.1966768 ], [ -59.3934202, 8.1956573 ], [ -59.3926156, 8.1951582 ], [ -59.3917358, 8.1947865 ], [ -59.3909633, 8.1942237 ], [ -59.38894, 8.1931001 ], [ -59.3853099, 8.1913201 ], [ -59.38505, 8.1913201 ], [ -59.3842042, 8.1910167 ], [ -59.3836248, 8.1907618 ], [ -59.3827665, 8.1903795 ], [ -59.3822408, 8.1899866 ], [ -59.3795371, 8.1883831 ], [ -59.3778566, 8.1876809 ], [ -59.3773661, 8.1870598 ], [ -59.37182, 8.18393 ], [ -59.3715625, 8.1836537 ], [ -59.3690872, 8.1820857 ], [ -59.3678856, 8.1813423 ], [ -59.3669951, 8.1804715 ], [ -59.3658042, 8.1800998 ], [ -59.3649007, 8.1796266 ], [ -59.3642999, 8.17908 ], [ -59.3633044, 8.1786024 ], [ -59.3626499, 8.1781564 ], [ -59.3612247, 8.1775926 ], [ -59.3609401, 8.1773 ], [ -59.3600214, 8.1767015 ], [ -59.3592167, 8.1762342 ], [ -59.3588499, 8.1757701 ], [ -59.3570401, 8.1749999 ], [ -59.3565023, 8.174705 ], [ -59.3554294, 8.1743014 ], [ -59.3537665, 8.1734412 ], [ -59.3516207, 8.1721987 ], [ -59.35042, 8.17118 ], [ -59.3488599, 8.1698999 ], [ -59.3478978, 8.1691932 ], [ -59.3471699, 8.16862 ], [ -59.3460681, 8.1679505 ], [ -59.34536, 8.1673399 ], [ -59.343071, 8.1660272 ], [ -59.3417199, 8.16505 ], [ -59.3391793, 8.1633661 ], [ -59.3373207, 8.1621713 ], [ -59.3363286, 8.1615125 ], [ -59.33575, 8.1609601 ], [ -59.33264, 8.1594299 ], [ -59.3319212, 8.1590899 ], [ -59.3308621, 8.1587023 ], [ -59.3302622, 8.1581924 ], [ -59.3292806, 8.1578309 ], [ -59.328197, 8.1572202 ], [ -59.3257283, 8.1560513 ], [ -59.3238944, 8.155212 ], [ -59.3210079, 8.1534261 ], [ -59.3194315, 8.1524064 ], [ -59.3183314, 8.1519285 ], [ -59.3174845, 8.1514452 ], [ -59.3162437, 8.1508977 ], [ -59.3147846, 8.1500802 ], [ -59.3131577, 8.1491262 ], [ -59.3121879, 8.1486076 ], [ -59.311375, 8.1481295 ], [ -59.3105711, 8.1476358 ], [ -59.3086487, 8.1466184 ], [ -59.3065011, 8.145516 ], [ -59.305675, 8.1446555 ], [ -59.3043699, 8.1436201 ], [ -59.3028199, 8.1428601 ], [ -59.3012599, 8.1418401 ], [ -59.2994501, 8.14082 ], [ -59.29608, 8.1392901 ], [ -59.29297, 8.1375101 ], [ -59.29141, 8.13623 ], [ -59.2895899, 8.1349501 ], [ -59.2880299, 8.1341801 ], [ -59.2864799, 8.13315 ], [ -59.2849299, 8.1324001 ], [ -59.2834994, 8.1314016 ], [ -59.2826923, 8.1309077 ], [ -59.2807871, 8.1297118 ], [ -59.2790176, 8.1284909 ], [ -59.27663, 8.12703 ], [ -59.2726389, 8.1241728 ], [ -59.270051, 8.1228015 ], [ -59.2662622, 8.1199751 ], [ -59.2650283, 8.119041 ], [ -59.2636293, 8.1181329 ], [ -59.2625059, 8.1173569 ], [ -59.261329, 8.1166137 ], [ -59.2597865, 8.1156838 ], [ -59.2582941, 8.1146005 ], [ -59.256424, 8.1133844 ], [ -59.2551682, 8.1124649 ], [ -59.2536984, 8.1116681 ], [ -59.2522522, 8.1105522 ], [ -59.2513885, 8.1099781 ], [ -59.2503182, 8.1091977 ], [ -59.2500178, 8.1091767 ], [ -59.2491165, 8.1086823 ], [ -59.2465076, 8.107344 ], [ -59.2421029, 8.1053291 ], [ -59.2397024, 8.1042775 ], [ -59.2365374, 8.1025518 ], [ -59.2347956, 8.1016264 ], [ -59.2328488, 8.1006971 ], [ -59.2320099, 8.1004901 ], [ -59.23148, 8.10024 ], [ -59.2304499, 8.0997299 ], [ -59.2284683, 8.0986676 ], [ -59.2273399, 8.0979401 ], [ -59.2229254, 8.0954089 ], [ -59.21879, 8.09322 ], [ -59.216233, 8.0917426 ], [ -59.2143775, 8.09054 ], [ -59.2136, 8.0900301 ], [ -59.2125499, 8.0892601 ], [ -59.2109999, 8.08824 ], [ -59.2087848, 8.0868807 ], [ -59.20737, 8.0859401 ], [ -59.2061849, 8.08526 ], [ -59.2047693, 8.084463 ], [ -59.2038208, 8.0840281 ], [ -59.202649, 8.083348 ], [ -59.2019249, 8.0827953 ], [ -59.2013728, 8.0824261 ], [ -59.1996171, 8.081436 ], [ -59.1987317, 8.0808197 ], [ -59.197454, 8.0800759 ], [ -59.1955259, 8.0785992 ], [ -59.1939998, 8.0775955 ], [ -59.1925956, 8.0767396 ], [ -59.1913595, 8.0758215 ], [ -59.1904079, 8.0752534 ], [ -59.189083, 8.0741911 ], [ -59.1878994, 8.0731235 ], [ -59.1867407, 8.072263 ], [ -59.1857285, 8.0713805 ], [ -59.1844541, 8.0704193 ], [ -59.1834885, 8.0697394 ], [ -59.1827117, 8.0691975 ], [ -59.18168, 8.0683 ], [ -59.1810873, 8.0678274 ], [ -59.1800393, 8.0671576 ], [ -59.1796101, 8.0665099 ], [ -59.1789506, 8.066037 ], [ -59.1783927, 8.0654419 ], [ -59.1773477, 8.0648632 ], [ -59.17676, 8.0644701 ], [ -59.1746461, 8.0627062 ], [ -59.1733453, 8.0620637 ], [ -59.1725785, 8.0614633 ], [ -59.171806, 8.0607839 ], [ -59.1707066, 8.0598645 ], [ -59.1692192, 8.0586584 ], [ -59.1684632, 8.0581272 ], [ -59.1676478, 8.0574629 ], [ -59.1672508, 8.0572505 ], [ -59.1667466, 8.0569642 ], [ -59.1659382, 8.0564299 ], [ -59.1627141, 8.053898 ], [ -59.1595706, 8.0515719 ], [ -59.1581518, 8.0503821 ], [ -59.1553108, 8.0475138 ], [ -59.1532655, 8.0462512 ], [ -59.1527587, 8.046043 ], [ -59.1519785, 8.0451541 ], [ -59.1513026, 8.0440918 ], [ -59.1508305, 8.0433694 ], [ -59.150058, 8.042647 ], [ -59.149722, 8.0422824 ], [ -59.1487572, 8.0412731 ], [ -59.1480062, 8.04062 ], [ -59.1473435, 8.0406145 ], [ -59.1468721, 8.0402269 ], [ -59.1458081, 8.0391806 ], [ -59.1448721, 8.0381556 ], [ -59.1436183, 8.0370293 ], [ -59.1424699, 8.036079 ], [ -59.1419201, 8.0354783 ], [ -59.141306, 8.0354677 ], [ -59.140819, 8.0348998 ], [ -59.1401001, 8.0342883 ], [ -59.1392848, 8.0334758 ], [ -59.1384914, 8.0328384 ], [ -59.1373656, 8.0318403 ], [ -59.1367946, 8.0310004 ], [ -59.1358254, 8.0306183 ], [ -59.1352824, 8.0303579 ], [ -59.1350356, 8.0303103 ], [ -59.1339957, 8.0295403 ], [ -59.1334756, 8.0290304 ], [ -59.1332057, 8.0287703 ], [ -59.1329556, 8.0285203 ], [ -59.1326956, 8.0282602 ], [ -59.1324357, 8.0280104 ], [ -59.1316557, 8.0274902 ], [ -59.1308757, 8.0267303 ], [ -59.1304628, 8.0263641 ], [ -59.1299429, 8.025864 ], [ -59.129423, 8.0253441 ], [ -59.1291629, 8.0253441 ], [ -59.1289129, 8.025084 ], [ -59.128653, 8.0248239 ], [ -59.1281329, 8.024314 ], [ -59.1268108, 8.0229648 ], [ -59.125392, 8.0214456 ], [ -59.1249055, 8.0216001 ], [ -59.1246457, 8.0216102 ], [ -59.1243534, 8.0213659 ], [ -59.1227885, 8.0191251 ], [ -59.1223327, 8.0185408 ], [ -59.1216343, 8.0176803 ], [ -59.1206624, 8.0176271 ], [ -59.1201769, 8.0169027 ], [ -59.1196196, 8.0168095 ], [ -59.1189641, 8.015864 ], [ -59.1161154, 8.0115146 ], [ -59.1141621, 8.0093152 ], [ -59.1133721, 8.0082854 ], [ -59.1128622, 8.0077753 ], [ -59.1120822, 8.0070053 ], [ -59.1115622, 8.0064953 ], [ -59.1100022, 8.0048252 ], [ -59.1088321, 8.0036752 ], [ -59.1048023, 7.9993151 ], [ -59.1035022, 7.9980352 ], [ -59.1031994, 7.9979183 ], [ -59.1026838, 7.9975944 ], [ -59.101972, 7.9963733 ], [ -59.100412, 7.9948433 ], [ -59.0999019, 7.9943232 ], [ -59.099642, 7.9940734 ], [ -59.0986985, 7.9928253 ], [ -59.0976659, 7.9917628 ], [ -59.0964272, 7.9904752 ], [ -59.0958246, 7.989869 ], [ -59.0949379, 7.9888684 ], [ -59.0941011, 7.988502 ], [ -59.0935035, 7.9880564 ], [ -59.0935737, 7.9868664 ], [ -59.0933054, 7.9864889 ], [ -59.0929924, 7.986202 ], [ -59.0921201, 7.9859045 ], [ -59.091766, 7.9856338 ], [ -59.0910455, 7.9847264 ], [ -59.0900434, 7.9834145 ], [ -59.089091, 7.9822139 ], [ -59.0883052, 7.9811563 ], [ -59.0871464, 7.9797595 ], [ -59.0865074, 7.9789799 ], [ -59.0858479, 7.9780918 ], [ -59.0858479, 7.9778219 ], [ -59.0855879, 7.9775619 ], [ -59.0855879, 7.9773118 ], [ -59.0845991, 7.9764094 ], [ -59.0843391, 7.9758993 ], [ -59.0835591, 7.9748595 ], [ -59.0827791, 7.9740995 ], [ -59.0827791, 7.9738394 ], [ -59.0823317, 7.9731326 ], [ -59.0812918, 7.9721025 ], [ -59.0812918, 7.9718424 ], [ -59.0807616, 7.9713325 ], [ -59.0802517, 7.9708223 ], [ -59.0800239, 7.9706523 ], [ -59.0796054, 7.9704562 ], [ -59.0795494, 7.9701424 ], [ -59.0790293, 7.9693724 ], [ -59.0782492, 7.9686024 ], [ -59.0779894, 7.9683323 ], [ -59.0779894, 7.9680825 ], [ -59.0771693, 7.9673624 ], [ -59.0766892, 7.9665423 ], [ -59.0764294, 7.9662925 ], [ -59.0764294, 7.9660324 ], [ -59.0754296, 7.964758 ], [ -59.0750119, 7.9641474 ], [ -59.0745046, 7.963563 ], [ -59.073936, 7.9628985 ], [ -59.0735055, 7.9624374 ], [ -59.0731598, 7.9620974 ], [ -59.0726985, 7.9614229 ], [ -59.0715904, 7.9609398 ], [ -59.0701389, 7.9585442 ], [ -59.0687764, 7.9579917 ], [ -59.0683687, 7.9579598 ], [ -59.0681112, 7.9566847 ], [ -59.0673709, 7.9561534 ], [ -59.0669525, 7.9559728 ], [ -59.0664375, 7.9556328 ], [ -59.066416, 7.9544746 ], [ -59.0671027, 7.9534014 ], [ -59.0664911, 7.9520945 ], [ -59.0661478, 7.9499587 ], [ -59.0653002, 7.9484817 ], [ -59.0644741, 7.9467816 ], [ -59.063369, 7.9454427 ], [ -59.0623176, 7.9446564 ], [ -59.0606654, 7.9423506 ], [ -59.0588737, 7.9405973 ], [ -59.0582085, 7.9398748 ], [ -59.0569961, 7.9391947 ], [ -59.0563631, 7.9385146 ], [ -59.0559661, 7.9373139 ], [ -59.0546317, 7.9362549 ], [ -59.0533056, 7.9345293 ], [ -59.0525711, 7.9341443 ], [ -59.0519817, 7.9325805 ], [ -59.050936, 7.9315041 ], [ -59.0486598, 7.9303963 ], [ -59.0473724, 7.929578 ], [ -59.0466851, 7.9285924 ], [ -59.0464253, 7.9279522 ], [ -59.0460617, 7.9269348 ], [ -59.0456641, 7.9262121 ], [ -59.0452695, 7.9256782 ], [ -59.0441141, 7.9251823 ], [ -59.0438104, 7.9251362 ], [ -59.0435314, 7.9249025 ], [ -59.0427804, 7.9247537 ], [ -59.0423834, 7.9247112 ], [ -59.0420391, 7.9240133 ], [ -59.0416539, 7.9229791 ], [ -59.0405815, 7.9214059 ], [ -59.0390468, 7.9204606 ], [ -59.0378666, 7.9196849 ], [ -59.0368474, 7.9191961 ], [ -59.0359499, 7.9188515 ], [ -59.0351976, 7.9184166 ], [ -59.033618, 7.9179103 ], [ -59.032867, 7.9176977 ], [ -59.0319872, 7.917634 ], [ -59.030807, 7.916922 ], [ -59.0295947, 7.9165075 ], [ -59.0277922, 7.9159762 ], [ -59.0272343, 7.9160719 ], [ -59.0266764, 7.916125 ], [ -59.0267485, 7.9149272 ], [ -59.0265691, 7.9141484 ], [ -59.0262258, 7.9135852 ], [ -59.0256143, 7.9130326 ], [ -59.0247989, 7.9120656 ], [ -59.0222347, 7.9114174 ], [ -59.0208614, 7.9114918 ], [ -59.01981, 7.9116937 ], [ -59.0186298, 7.9109286 ], [ -59.017117, 7.9104291 ], [ -59.0158618, 7.9097065 ], [ -59.0150356, 7.9094196 ], [ -59.0145314, 7.9090476 ], [ -59.0135872, 7.9088563 ], [ -59.013083, 7.9083037 ], [ -59.0128577, 7.9078787 ], [ -59.0122676, 7.9074111 ], [ -59.0110231, 7.9065078 ], [ -59.0100682, 7.9057533 ], [ -59.009403, 7.9051157 ], [ -59.0087593, 7.9047437 ], [ -59.0082443, 7.9040636 ], [ -59.0070534, 7.9027565 ], [ -59.0057123, 7.901205 ], [ -59.00406, 7.8996428 ], [ -59.0037274, 7.8998447 ], [ -59.0030837, 7.9000466 ], [ -59.0019143, 7.899154 ], [ -59.0010023, 7.8979956 ], [ -58.9999724, 7.8970817 ], [ -58.9993608, 7.8964972 ], [ -58.9988699, 7.8961 ], [ -58.9983523, 7.8955833 ], [ -58.9976335, 7.8946906 ], [ -58.996743, 7.893766 ], [ -58.9942861, 7.8907479 ], [ -58.9925909, 7.8892069 ], [ -58.9904988, 7.8859231 ], [ -58.9895868, 7.8849135 ], [ -58.9883638, 7.8832981 ], [ -58.9875484, 7.8824586 ], [ -58.9869154, 7.8819059 ], [ -58.9857566, 7.8808113 ], [ -58.9850271, 7.8799398 ], [ -58.9842975, 7.8794722 ], [ -58.9834929, 7.878707 ], [ -58.9827633, 7.8777506 ], [ -58.98224, 7.87711 ], [ -58.9814013, 7.8763032 ], [ -58.98068, 7.8755801 ], [ -58.9799156, 7.8748107 ], [ -58.9790664, 7.8735191 ], [ -58.97834, 7.87275 ], [ -58.9770401, 7.8714701 ], [ -58.9765199, 7.87096 ], [ -58.9749699, 7.8691599 ], [ -58.97367, 7.86788 ], [ -58.97288, 7.86711 ], [ -58.9725173, 7.8664533 ], [ -58.9715901, 7.86531 ], [ -58.9708865, 7.8645934 ], [ -58.97003, 7.86351 ], [ -58.9692986, 7.8628185 ], [ -58.9672279, 7.8603954 ], [ -58.9662945, 7.8593325 ], [ -58.965404, 7.8582166 ], [ -58.9625931, 7.8541779 ], [ -58.9601501, 7.8506701 ], [ -58.9589453, 7.8496822 ], [ -58.9572501, 7.8470463 ], [ -58.9564455, 7.8452608 ], [ -58.9554906, 7.8439428 ], [ -58.9543212, 7.8420935 ], [ -58.9538276, 7.8415514 ], [ -58.9528942, 7.8402122 ], [ -58.9523471, 7.8391175 ], [ -58.95157, 7.8383501 ], [ -58.9508879, 7.8379377 ], [ -58.9504159, 7.8376614 ], [ -58.9497721, 7.8372043 ], [ -58.9494717, 7.8368111 ], [ -58.9490426, 7.835727 ], [ -58.948549, 7.8345791 ], [ -58.9475405, 7.8337819 ], [ -58.9461887, 7.8323045 ], [ -58.9451587, 7.8315074 ], [ -58.9439142, 7.8304339 ], [ -58.9432168, 7.8295517 ], [ -58.9424873, 7.8286801 ], [ -58.9418864, 7.8281168 ], [ -58.9411891, 7.8275534 ], [ -58.9405131, 7.826735 ], [ -58.9391077, 7.825704 ], [ -58.9374018, 7.8242372 ], [ -58.9362109, 7.8222815 ], [ -58.9354266, 7.8213365 ], [ -58.9346214, 7.8202343 ], [ -58.9353633, 7.8200281 ], [ -58.9358568, 7.8198581 ], [ -58.9360821, 7.8194648 ], [ -58.9356744, 7.8191884 ], [ -58.9349663, 7.8190184 ], [ -58.9341815, 7.818695 ], [ -58.9334428, 7.8182212 ], [ -58.9327026, 7.8174346 ], [ -58.931694, 7.81685 ], [ -58.9308679, 7.8158615 ], [ -58.9299989, 7.8151175 ], [ -58.9287865, 7.8133849 ], [ -58.9271987, 7.8123432 ], [ -58.926512, 7.8113972 ], [ -58.9250422, 7.8102068 ], [ -58.9240766, 7.8092926 ], [ -58.9231502, 7.8079622 ], [ -58.9225638, 7.8068798 ], [ -58.9221561, 7.8066991 ], [ -58.9218235, 7.8069329 ], [ -58.9216089, 7.8069329 ], [ -58.9207667, 7.8061221 ], [ -58.9201499, 7.80551 ], [ -58.9199008, 7.8047664 ], [ -58.9193699, 7.80449 ], [ -58.91911, 7.8034599 ], [ -58.9188796, 7.8028859 ], [ -58.9180642, 7.8019893 ], [ -58.9170706, 7.8012674 ], [ -58.9166522, 7.8004596 ], [ -58.9161801, 7.7998218 ], [ -58.9160192, 7.7993435 ], [ -58.9156008, 7.7991309 ], [ -58.91495, 7.79858 ], [ -58.9143599, 7.79816 ], [ -58.9136052, 7.7977171 ], [ -58.9132699, 7.7965301 ], [ -58.9128542, 7.7958144 ], [ -58.9119208, 7.7956975 ], [ -58.91132, 7.79602 ], [ -58.91055, 7.79602 ], [ -58.91041, 7.7949901 ], [ -58.9099681, 7.7942625 ], [ -58.9076999, 7.79359 ], [ -58.90562, 7.79218 ], [ -58.9047003, 7.7917114 ], [ -58.9038205, 7.7915838 ], [ -58.9035501, 7.7906501 ], [ -58.90131, 7.7890858 ], [ -58.9007413, 7.7883948 ], [ -58.9002693, 7.7884693 ], [ -58.8998187, 7.7883311 ], [ -58.8992393, 7.7881397 ], [ -58.89927, 7.7873101 ], [ -58.8991213, 7.7864283 ], [ -58.8988102, 7.7858012 ], [ -58.8981021, 7.7854078 ], [ -58.8973301, 7.78539 ], [ -58.89707, 7.78513 ], [ -58.8960958, 7.7849826 ], [ -58.8957701, 7.7839801 ], [ -58.8926601, 7.78271 ], [ -58.8924265, 7.7816873 ], [ -58.8929629, 7.7806243 ], [ -58.8921299, 7.77936 ], [ -58.8907421, 7.7781369 ], [ -58.8905699, 7.7775599 ], [ -58.8870299, 7.7759577 ], [ -58.8862896, 7.7754687 ], [ -58.88539, 7.77501 ], [ -58.88474, 7.7739801 ], [ -58.88396, 7.7724399 ], [ -58.8836396, 7.7710997 ], [ -58.8827899, 7.77038 ], [ -58.8829199, 7.7698699 ], [ -58.8818693, 7.7683358 ], [ -58.8805175, 7.767007 ], [ -58.8799381, 7.7664649 ], [ -58.87941, 7.76627 ], [ -58.8791227, 7.7658589 ], [ -58.878597, 7.765253 ], [ -58.8778782, 7.7645833 ], [ -58.87682, 7.7639701 ], [ -58.87617, 7.76294 ], [ -58.8758183, 7.7624253 ], [ -58.8750351, 7.7618831 ], [ -58.8748701, 7.76114 ], [ -58.8740909, 7.7590129 ], [ -58.8733935, 7.7583325 ], [ -58.8716447, 7.7557174 ], [ -58.87084, 7.75523 ], [ -58.8691127, 7.7533892 ], [ -58.86773, 7.75293 ], [ -58.8673747, 7.7521454 ], [ -58.8664301, 7.7519 ], [ -58.8657868, 7.7509654 ], [ -58.8654, 7.7507499 ], [ -58.8630939, 7.7491688 ], [ -58.8620532, 7.7486798 ], [ -58.85918, 7.74781 ], [ -58.85918, 7.7472999 ], [ -58.85763, 7.7470501 ], [ -58.85763, 7.7465299 ], [ -58.8545201, 7.74513 ], [ -58.854201, 7.7452152 ], [ -58.853852, 7.7451065 ], [ -58.8537429, 7.7446896 ], [ -58.8530799, 7.7449525 ], [ -58.8526869, 7.7446985 ], [ -58.8516569, 7.7448208 ], [ -58.8506501, 7.74604 ], [ -58.8502291, 7.7450625 ], [ -58.8497365, 7.7445922 ], [ -58.8494897, 7.7439756 ], [ -58.8473658, 7.7432554 ], [ -58.8472317, 7.7427355 ], [ -58.846153, 7.7426095 ], [ -58.8453913, 7.7432793 ], [ -58.8448813, 7.7430285 ], [ -58.8454074, 7.7423065 ], [ -58.8440985, 7.7411796 ], [ -58.8433471, 7.7399471 ], [ -58.8430363, 7.7400474 ], [ -58.8420173, 7.7392983 ], [ -58.8423818, 7.7386866 ], [ -58.84206, 7.7381764 ], [ -58.8412607, 7.7385484 ], [ -58.8399262, 7.7372073 ], [ -58.8390494, 7.7373212 ], [ -58.836996, 7.735391 ], [ -58.8346786, 7.7353164 ], [ -58.8342708, 7.7350614 ], [ -58.8343518, 7.7344618 ], [ -58.83303, 7.73401 ], [ -58.8329029, 7.7334083 ], [ -58.8334394, 7.7333232 ], [ -58.8331319, 7.7328895 ], [ -58.8321432, 7.7327943 ], [ -58.8317301, 7.7319501 ], [ -58.8310594, 7.7320609 ], [ -58.8308537, 7.7314255 ], [ -58.830049, 7.7310853 ], [ -58.8279701, 7.72837 ], [ -58.8279891, 7.7277683 ], [ -58.8272596, 7.7269923 ], [ -58.8271308, 7.7264713 ], [ -58.8266373, 7.7263331 ], [ -58.826294, 7.7258015 ], [ -58.8254464, 7.7245577 ], [ -58.8249743, 7.7240367 ], [ -58.8240945, 7.7226865 ], [ -58.8234199, 7.72168 ], [ -58.82316, 7.72091 ], [ -58.8224208, 7.7198798 ], [ -58.8217557, 7.717796 ], [ -58.8214134, 7.7170918 ], [ -58.8210797, 7.716382 ], [ -58.8203877, 7.7150636 ], [ -58.8195616, 7.7145427 ], [ -58.8198298, 7.7141015 ], [ -58.8191105, 7.7131002 ], [ -58.8177967, 7.7119307 ], [ -58.8174809, 7.7109176 ], [ -58.8176872, 7.7104095 ], [ -58.8172613, 7.7100941 ], [ -58.8171701, 7.70934 ], [ -58.8161139, 7.7084367 ], [ -58.8159654, 7.7078845 ], [ -58.8158967, 7.70746 ], [ -58.8150179, 7.707228 ], [ -58.8142854, 7.7072634 ], [ -58.8140963, 7.7067545 ], [ -58.8146397, 7.7062126 ], [ -58.8124107, 7.7014622 ], [ -58.810423, 7.6988993 ], [ -58.8086979, 7.6966931 ], [ -58.8075185, 7.6942941 ], [ -58.8068587, 7.6941771 ], [ -58.8063008, 7.6936721 ], [ -58.8061314, 7.6931735 ], [ -58.8051907, 7.6907549 ], [ -58.8025403, 7.6869631 ], [ -58.802433, 7.686357 ], [ -58.801961, 7.6857616 ], [ -58.8020146, 7.6839116 ], [ -58.801918, 7.6828483 ], [ -58.8011348, 7.6819445 ], [ -58.8004053, 7.6807218 ], [ -58.8001585, 7.6795947 ], [ -58.79934, 7.6790101 ], [ -58.7983561, 7.6769897 ], [ -58.79843, 7.67566 ], [ -58.7979806, 7.6751503 ], [ -58.79726, 7.6743799 ], [ -58.7973905, 7.6733427 ], [ -58.7968599, 7.67284 ], [ -58.79712, 7.67232 ], [ -58.7967467, 7.6720774 ], [ -58.7963605, 7.6720136 ], [ -58.7955666, 7.6721837 ], [ -58.79454, 7.67233 ], [ -58.7941501, 7.6718199 ], [ -58.7944186, 7.670642 ], [ -58.7937499, 7.6700201 ], [ -58.7940431, 7.6696425 ], [ -58.79478, 7.6692401 ], [ -58.7952125, 7.6685048 ], [ -58.7961999, 7.6676901 ], [ -58.7960601, 7.66666 ], [ -58.79555, 7.66666 ], [ -58.79554, 7.66588 ], [ -58.79503, 7.6655 ], [ -58.7926805, 7.6662187 ], [ -58.7921799, 7.6661599 ], [ -58.792942, 7.6656197 ], [ -58.7930131, 7.6651395 ], [ -58.7935656, 7.664544 ], [ -58.7933471, 7.664117 ], [ -58.7913823, 7.6642303 ], [ -58.7912321, 7.6638476 ], [ -58.7897515, 7.6638263 ], [ -58.78914, 7.6629331 ], [ -58.7897914, 7.6625552 ], [ -58.7901347, 7.6615475 ], [ -58.7898399, 7.66075 ], [ -58.78958, 7.65998 ], [ -58.78803, 7.6605 ], [ -58.7885607, 7.6596719 ], [ -58.78803, 7.6594699 ], [ -58.78802, 7.65896 ], [ -58.7872153, 7.6586091 ], [ -58.7868599, 7.6579299 ], [ -58.785224, 7.6555006 ], [ -58.7855901, 7.65476 ], [ -58.7858248, 7.6531506 ], [ -58.7849128, 7.6524276 ], [ -58.784709, 7.6521511 ], [ -58.7851596, 7.651981 ], [ -58.7851489, 7.6509389 ], [ -58.7847412, 7.6503647 ], [ -58.783164, 7.6485996 ], [ -58.7812701, 7.64816 ], [ -58.7812701, 7.64765 ], [ -58.7818229, 7.6475362 ], [ -58.7819088, 7.6460369 ], [ -58.7807399, 7.64585 ], [ -58.7801765, 7.644557 ], [ -58.7804048, 7.6435946 ], [ -58.7791799, 7.64405 ], [ -58.7790501, 7.64328 ], [ -58.7800312, 7.6423471 ], [ -58.78021, 7.64198 ], [ -58.77891, 7.6422499 ], [ -58.7776101, 7.63993 ], [ -58.77658, 7.6396799 ], [ -58.7761453, 7.6380006 ], [ -58.77476, 7.63763 ], [ -58.7734916, 7.6351865 ], [ -58.77268, 7.6340299 ], [ -58.77086, 7.6314894 ], [ -58.7707739, 7.630721 ], [ -58.7693114, 7.629497 ], [ -58.7686814, 7.62837 ], [ -58.7677591, 7.6273765 ], [ -58.7662, 7.62671 ], [ -58.7643483, 7.6257215 ], [ -58.7623234, 7.6255922 ], [ -58.7612799, 7.62505 ], [ -58.7594375, 7.6243785 ], [ -58.7564361, 7.6233584 ], [ -58.7555901, 7.6225 ], [ -58.75223, 7.62239 ], [ -58.75197, 7.6221299 ], [ -58.7514601, 7.62226 ], [ -58.7497993, 7.6232319 ], [ -58.7484992, 7.6237912 ], [ -58.7485258, 7.6255957 ], [ -58.7489853, 7.6279022 ], [ -58.7483247, 7.6292749 ], [ -58.746835, 7.6306024 ], [ -58.7462556, 7.6305546 ], [ -58.7455174, 7.6305061 ], [ -58.7442802, 7.630956 ], [ -58.7428383, 7.6312408 ], [ -58.738306, 7.6292999 ], [ -58.7346538, 7.6286139 ], [ -58.7323516, 7.6266351 ], [ -58.7314511, 7.6257372 ], [ -58.7296915, 7.6252906 ], [ -58.7267949, 7.6237749 ], [ -58.7245999, 7.62314 ], [ -58.7238829, 7.6219808 ], [ -58.7217048, 7.6211209 ], [ -58.7191291, 7.6192611 ], [ -58.7160993, 7.6180864 ], [ -58.7135768, 7.6170598 ], [ -58.7123752, 7.616677 ], [ -58.7116027, 7.616677 ], [ -58.7113023, 7.6159964 ], [ -58.7121606, 7.6151669 ], [ -58.71171, 7.6147415 ], [ -58.7109161, 7.6142736 ], [ -58.7100148, 7.613508 ], [ -58.7078905, 7.6131677 ], [ -58.7044255, 7.6121071 ], [ -58.6985885, 7.6106203 ], [ -58.6975694, 7.6109983 ], [ -58.6966682, 7.6109557 ], [ -58.6952951, 7.6103617 ], [ -58.6943722, 7.6094031 ], [ -58.6943507, 7.6090841 ], [ -58.6935139, 7.6087438 ], [ -58.692956, 7.6089565 ], [ -58.6921271, 7.6083655 ], [ -58.6919373, 7.6074111 ], [ -58.6915546, 7.6059132 ], [ -58.6909472, 7.6048346 ], [ -58.6886134, 7.6034286 ], [ -58.6881709, 7.6017889 ], [ -58.6873126, 7.6007892 ], [ -58.6858535, 7.599981 ], [ -58.6845231, 7.5993429 ], [ -58.6833644, 7.5982794 ], [ -58.6811328, 7.5960462 ], [ -58.6793947, 7.5954506 ], [ -58.6783648, 7.5946849 ], [ -58.6779571, 7.5931535 ], [ -58.6770344, 7.5916434 ], [ -58.6762834, 7.590112 ], [ -58.6756182, 7.5890272 ], [ -58.6745882, 7.587751 ], [ -58.6730862, 7.5870491 ], [ -58.6724425, 7.5852412 ], [ -58.6707473, 7.5848371 ], [ -58.6699748, 7.5836459 ], [ -58.6694813, 7.5828164 ], [ -58.668387, 7.5806043 ], [ -58.6680866, 7.5789027 ], [ -58.6669922, 7.5778605 ], [ -58.6665845, 7.5768608 ], [ -58.6655975, 7.5757972 ], [ -58.6639023, 7.5740531 ], [ -58.6635804, 7.5724791 ], [ -58.6627007, 7.5715219 ], [ -58.6603832, 7.5705009 ], [ -58.6579852, 7.5661381 ], [ -58.6555872, 7.5641266 ], [ -58.6532142, 7.5629838 ], [ -58.6529125, 7.5602409 ], [ -58.6515751, 7.5561723 ], [ -58.6499611, 7.5535665 ], [ -58.6481626, 7.5506865 ], [ -58.64657, 7.54871 ], [ -58.6451702, 7.5473709 ], [ -58.6439799, 7.54692 ], [ -58.6432214, 7.5453659 ], [ -58.64191, 7.5440899 ], [ -58.64216, 7.54203 ], [ -58.64112, 7.54177 ], [ -58.6406504, 7.5406502 ], [ -58.6398944, 7.5397407 ], [ -58.6388726, 7.5389548 ], [ -58.6387411, 7.5380758 ], [ -58.63826, 7.5364068 ], [ -58.6370732, 7.535284 ], [ -58.6355573, 7.5339513 ], [ -58.6347531, 7.5330753 ], [ -58.6336824, 7.5324787 ], [ -58.6328672, 7.5320433 ], [ -58.6328872, 7.5308729 ], [ -58.6318544, 7.5304817 ], [ -58.6305897, 7.5295973 ], [ -58.6295244, 7.5289417 ], [ -58.6285207, 7.5283011 ], [ -58.6282243, 7.5279219 ], [ -58.6267866, 7.5279227 ], [ -58.6259942, 7.5268029 ], [ -58.6249667, 7.525789 ], [ -58.6239267, 7.5250191 ], [ -58.6235159, 7.5240288 ], [ -58.6222748, 7.5228958 ], [ -58.6210075, 7.5221596 ], [ -58.6199355, 7.5218163 ], [ -58.6189778, 7.5209343 ], [ -58.6184715, 7.5198694 ], [ -58.6176778, 7.5193945 ], [ -58.6174278, 7.5188745 ], [ -58.6171679, 7.5183644 ], [ -58.6164118, 7.5179396 ], [ -58.6152445, 7.5165704 ], [ -58.6147041, 7.5156118 ], [ -58.6144239, 7.5150281 ], [ -58.6138862, 7.5147321 ], [ -58.6137574, 7.5141854 ], [ -58.6125771, 7.5124811 ], [ -58.6112561, 7.511946 ], [ -58.6111225, 7.5110262 ], [ -58.6093903, 7.5100518 ], [ -58.6092602, 7.5092819 ], [ -58.6074216, 7.5064823 ], [ -58.6068893, 7.504642 ], [ -58.6063528, 7.5031103 ], [ -58.6033059, 7.4991108 ], [ -58.60043, 7.4944115 ], [ -58.5998726, 7.4925583 ], [ -58.5967827, 7.488814 ], [ -58.5924912, 7.4860482 ], [ -58.5903883, 7.48324 ], [ -58.5868264, 7.4804317 ], [ -58.5850239, 7.4786446 ], [ -58.5811079, 7.475283 ], [ -58.579638, 7.4749639 ], [ -58.5776532, 7.4722407 ], [ -58.5764086, 7.4705705 ], [ -58.5741746, 7.4676226 ], [ -58.5729647, 7.4649857 ], [ -58.5706258, 7.462156 ], [ -58.5692096, 7.4608582 ], [ -58.5683084, 7.4591561 ], [ -58.5663772, 7.4566029 ], [ -58.5653064, 7.4549471 ], [ -58.5640383, 7.452986 ], [ -58.5614634, 7.4484541 ], [ -58.5584378, 7.4424966 ], [ -58.5563994, 7.4405391 ], [ -58.5519254, 7.4343049 ], [ -58.5500801, 7.4310707 ], [ -58.5474837, 7.427145 ], [ -58.5457053, 7.4242083 ], [ -58.5441041, 7.4213734 ], [ -58.5437554, 7.4210542 ], [ -58.5431224, 7.4201659 ], [ -58.5426182, 7.4197084 ], [ -58.542527, 7.4191658 ], [ -58.5424411, 7.4188094 ], [ -58.5421622, 7.4185434 ], [ -58.5419798, 7.4174636 ], [ -58.5416901, 7.4167454 ], [ -58.5410518, 7.4159528 ], [ -58.5409766, 7.4148517 ], [ -58.5407513, 7.4145006 ], [ -58.5402471, 7.4138835 ], [ -58.5402022, 7.4138151 ], [ -58.5400862, 7.4136388 ], [ -58.5394532, 7.4134048 ], [ -58.5385305, 7.4127132 ], [ -58.5368031, 7.4113886 ], [ -58.5364974, 7.4112237 ], [ -58.5362023, 7.4108939 ], [ -58.535741, 7.4103779 ], [ -58.535462, 7.4102343 ], [ -58.5353923, 7.409431 ], [ -58.535108, 7.4088193 ], [ -58.5350704, 7.408548 ], [ -58.5347486, 7.4081064 ], [ -58.5342711, 7.4076809 ], [ -58.5333216, 7.4067872 ], [ -58.5318142, 7.4038241 ], [ -58.5300225, 7.4031219 ], [ -58.5296631, 7.4029091 ], [ -58.5295022, 7.4023399 ], [ -58.5294646, 7.4020633 ], [ -58.5290033, 7.4013398 ], [ -58.528719, 7.4008504 ], [ -58.5283917, 7.4003769 ], [ -58.5281342, 7.4001695 ], [ -58.5275549, 7.3995258 ], [ -58.5273939, 7.3989823 ], [ -58.5266107, 7.3983182 ], [ -58.526203, 7.3980682 ], [ -58.5259348, 7.397999 ], [ -58.5257953, 7.3977117 ], [ -58.5258651, 7.3973127 ], [ -58.5258061, 7.3970202 ], [ -58.5255861, 7.3968606 ], [ -58.5250872, 7.3967222 ], [ -58.5242289, 7.3961477 ], [ -58.5240144, 7.3959988 ], [ -58.5239017, 7.3957115 ], [ -58.5238266, 7.3954402 ], [ -58.5235477, 7.3952859 ], [ -58.5230702, 7.3947114 ], [ -58.5227859, 7.3941262 ], [ -58.5225338, 7.3940783 ], [ -58.5219222, 7.3940304 ], [ -58.5210317, 7.3932325 ], [ -58.5202164, 7.3914982 ], [ -58.5200125, 7.391046 ], [ -58.5192883, 7.3901523 ], [ -58.5188645, 7.3899022 ], [ -58.5173893, 7.3866571 ], [ -58.5169709, 7.3856304 ], [ -58.5169065, 7.3845079 ], [ -58.5168207, 7.3830183 ], [ -58.5156834, 7.3817947 ], [ -58.5145676, 7.3812893 ], [ -58.5143573, 7.3811505 ], [ -58.5133774, 7.3799182 ], [ -58.5130956, 7.3787529 ], [ -58.5110554, 7.3770094 ], [ -58.5084617, 7.3747964 ], [ -58.5058097, 7.372533 ], [ -58.5045414, 7.3714606 ], [ -58.5032104, 7.3702592 ], [ -58.5003182, 7.3677521 ], [ -58.5000547, 7.3674717 ], [ -58.499871, 7.3672845 ], [ -58.4993721, 7.3666799 ], [ -58.4991787, 7.3664455 ], [ -58.498435, 7.3655262 ], [ -58.4963822, 7.362935 ], [ -58.4947515, 7.3608602 ], [ -58.4917688, 7.3571839 ], [ -58.4907368, 7.3559687 ], [ -58.4906999, 7.3558844 ], [ -58.4889042, 7.3516561 ], [ -58.4883428, 7.3508856 ], [ -58.4870052, 7.3471445 ], [ -58.484441, 7.343915 ], [ -58.4835827, 7.3424997 ], [ -58.4817354, 7.335175 ], [ -58.4810473, 7.3324806 ], [ -58.4810165, 7.3323986 ], [ -58.4799522, 7.3295685 ], [ -58.4799132, 7.328969 ], [ -58.4799886, 7.3238034 ], [ -58.4798974, 7.3237289 ], [ -58.4786904, 7.3233511 ], [ -58.4780075, 7.3220324 ], [ -58.4779662, 7.3218081 ], [ -58.4781486, 7.3195601 ], [ -58.4776443, 7.3128267 ], [ -58.4761939, 7.3095484 ], [ -58.4761876, 7.3094894 ], [ -58.4761493, 7.3091337 ], [ -58.4761258, 7.3089162 ], [ -58.47633, 7.30575 ], [ -58.4763248, 7.305551 ], [ -58.4762871, 7.3041059 ], [ -58.476094, 7.2979123 ], [ -58.4763198, 7.2905313 ], [ -58.4763408, 7.2898457 ], [ -58.4758757, 7.2866419 ], [ -58.4753805, 7.2832315 ], [ -58.4759277, 7.280704 ], [ -58.4762228, 7.2761703 ], [ -58.4765714, 7.2756755 ], [ -58.4767324, 7.2730095 ], [ -58.4769315, 7.2696739 ], [ -58.4764749, 7.2679809 ], [ -58.4766433, 7.2661426 ], [ -58.4766626, 7.2659322 ], [ -58.4771562, 7.263958 ], [ -58.4776513, 7.2625348 ], [ -58.4777838, 7.262154 ], [ -58.4787655, 7.2622551 ], [ -58.4788352, 7.2622232 ], [ -58.478964, 7.2619731 ], [ -58.4795648, 7.2556246 ], [ -58.4796721, 7.2554171 ], [ -58.480069, 7.2553 ], [ -58.4801549, 7.2552202 ], [ -58.4802353, 7.252485 ], [ -58.4803104, 7.2510036 ], [ -58.4806377, 7.2493612 ], [ -58.4814209, 7.2450667 ], [ -58.482542, 7.2397132 ], [ -58.4834486, 7.235078 ], [ -58.4836364, 7.2339711 ], [ -58.4835988, 7.233399 ], [ -58.4835586, 7.2331249 ], [ -58.4836605, 7.2329706 ], [ -58.4836892, 7.2328182 ], [ -58.4837142, 7.2326859 ], [ -58.483741, 7.2325635 ], [ -58.4837866, 7.2324411 ], [ -58.4837759, 7.2318211 ], [ -58.4839314, 7.230496 ], [ -58.4842855, 7.2289793 ], [ -58.4844035, 7.2277287 ], [ -58.4844947, 7.2269251 ], [ -58.4847039, 7.2266643 ], [ -58.4847951, 7.2255893 ], [ -58.484661, 7.2225878 ], [ -58.4848112, 7.219863 ], [ -58.4848809, 7.219698 ], [ -58.4852189, 7.2191924 ], [ -58.4853584, 7.2188784 ], [ -58.4857392, 7.2163346 ], [ -58.4859055, 7.2138333 ], [ -58.4859806, 7.2125347 ], [ -58.4858948, 7.2123005 ], [ -58.4857339, 7.2118003 ], [ -58.4857178, 7.2086044 ], [ -58.4859592, 7.2078114 ], [ -58.4859216, 7.2077263 ], [ -58.4858975, 7.2076385 ], [ -58.4863293, 7.2062201 ], [ -58.4863669, 7.2060445 ], [ -58.4864286, 7.2059487 ], [ -58.4865788, 7.2059274 ], [ -58.4866458, 7.2059567 ], [ -58.4866726, 7.2060631 ], [ -58.4866887, 7.2062494 ], [ -58.4868175, 7.206292 ], [ -58.4868926, 7.2059221 ], [ -58.4868899, 7.2056374 ], [ -58.486737, 7.2055682 ], [ -58.4867156, 7.2054378 ], [ -58.4870294, 7.2044718 ], [ -58.4871957, 7.2042696 ], [ -58.4873378, 7.204251 ], [ -58.4875122, 7.2042403 ], [ -58.4877616, 7.2041951 ], [ -58.4878635, 7.2041499 ], [ -58.4880433, 7.2040541 ], [ -58.4882149, 7.2039583 ], [ -58.4882391, 7.20378 ], [ -58.4882471, 7.2034473 ], [ -58.4880996, 7.2017948 ], [ -58.4880841, 7.1967388 ], [ -58.4882417, 7.1966989 ], [ -58.4883631, 7.1966111 ], [ -58.4884107, 7.1964328 ], [ -58.4884054, 7.189969 ], [ -58.4883758, 7.1886065 ], [ -58.488121, 7.1869885 ], [ -58.4871715, 7.1825657 ], [ -58.4870508, 7.1825338 ], [ -58.4869301, 7.182438 ], [ -58.4852189, 7.1767217 ], [ -58.4832641, 7.1711897 ], [ -58.4831655, 7.1709105 ], [ -58.4822792, 7.1683655 ], [ -58.4807899, 7.16504 ], [ -58.480085, 7.1629863 ], [ -58.479789, 7.1626528 ], [ -58.4794977, 7.1627409 ], [ -58.4793904, 7.1629698 ], [ -58.4790927, 7.1631441 ], [ -58.4788406, 7.1629685 ], [ -58.4787709, 7.1627183 ], [ -58.4787762, 7.1622978 ], [ -58.4783986, 7.161535 ], [ -58.4774324, 7.1575075 ], [ -58.4771857, 7.1571748 ], [ -58.4747207, 7.1497045 ], [ -58.4744579, 7.1485175 ], [ -58.4737819, 7.1440251 ], [ -58.4733447, 7.1420451 ], [ -58.4733877, 7.141896 ], [ -58.4738302, 7.1416671 ], [ -58.4738342, 7.1416177 ], [ -58.4738597, 7.1413065 ], [ -58.4744954, 7.1351307 ], [ -58.4749246, 7.1307979 ], [ -58.4752679, 7.1288284 ], [ -58.4757078, 7.122164 ], [ -58.4758209, 7.1172851 ], [ -58.4762929, 7.1161353 ], [ -58.4764217, 7.113346 ], [ -58.4714458, 7.1079388 ], [ -58.4277096, 7.0604086 ], [ -58.4019474, 7.0324093 ], [ -58.3622633, 6.9888885 ], [ -58.3317264, 6.9553965 ], [ -58.3317029, 6.9295854 ], [ -58.3316611, 6.8835552 ], [ -58.33096, 6.8832214 ], [ -58.3282732, 6.8827831 ], [ -58.32798, 6.8826946 ], [ -58.3279527, 6.882621 ], [ -58.3279703, 6.8825397 ], [ -58.3280789, 6.8823538 ], [ -58.3281874, 6.8821683 ], [ -58.3277834, 6.8820676 ], [ -58.3272201, 6.8819901 ], [ -58.3270508, 6.8819742 ], [ -58.3269189, 6.8821252 ], [ -58.3268558, 6.8822763 ], [ -58.3273402, 6.8824273 ], [ -58.3274019, 6.8825164 ], [ -58.3273811, 6.8827332 ], [ -58.3273207, 6.8828031 ], [ -58.3272457, 6.8828108 ], [ -58.3262237, 6.8823228 ], [ -58.3173169, 6.8826321 ], [ -58.3122236, 6.882809 ], [ -58.311339, 6.8824529 ], [ -58.3111371, 6.8823855 ], [ -58.3109445, 6.88236 ], [ -58.3108043, 6.8823895 ], [ -58.3107274, 6.882451 ], [ -58.3106657, 6.8826031 ], [ -58.3106342, 6.8826791 ], [ -58.3105873, 6.8827231 ], [ -58.3104938, 6.8827156 ], [ -58.3103798, 6.8826609 ], [ -58.3097985, 6.8824165 ], [ -58.3095348, 6.8820966 ], [ -58.3063301, 6.88076 ], [ -58.3008958, 6.8785273 ], [ -58.3005639, 6.8784294 ], [ -58.299017, 6.8783063 ], [ -58.298631, 6.8782644 ], [ -58.2984197, 6.8782112 ], [ -58.2966109, 6.8774448 ], [ -58.2954404, 6.8769051 ], [ -58.2940974, 6.8761041 ], [ -58.2922804, 6.8751539 ], [ -58.2922015, 6.8750056 ], [ -58.2921824, 6.8748446 ], [ -58.2920888, 6.8749497 ], [ -58.2890064, 6.8743315 ], [ -58.2889061, 6.8743881 ], [ -58.2856773, 6.8732168 ], [ -58.2855409, 6.8731986 ], [ -58.2854, 6.8732347 ], [ -58.2847154, 6.8735818 ], [ -58.2846111, 6.8735706 ], [ -58.2829917, 6.8744709 ], [ -58.2825329, 6.874382 ], [ -58.2824784, 6.8743859 ], [ -58.2824986, 6.8746419 ], [ -58.2822527, 6.8752125 ], [ -58.2821006, 6.8752434 ], [ -58.2817799, 6.8752022 ], [ -58.2816267, 6.8743257 ], [ -58.2812045, 6.8736401 ], [ -58.2771746, 6.8716403 ], [ -58.2770335, 6.871268 ], [ -58.2723426, 6.8695223 ], [ -58.2696641, 6.8680391 ], [ -58.269239, 6.8683026 ], [ -58.2689683, 6.8681856 ], [ -58.2646982, 6.8654056 ], [ -58.2636925, 6.8651178 ], [ -58.2607655, 6.8642802 ], [ -58.2535955, 6.8589644 ], [ -58.252797, 6.8589257 ], [ -58.2524536, 6.8590557 ], [ -58.2524237, 6.859067 ], [ -58.2522631, 6.8588861 ], [ -58.2521182, 6.8583226 ], [ -58.249007, 6.8568089 ], [ -58.2489474, 6.8567704 ], [ -58.2484682, 6.8564605 ], [ -58.2478109, 6.8555778 ], [ -58.2456629, 6.8544874 ], [ -58.2429498, 6.8531038 ], [ -58.2423017, 6.8531894 ], [ -58.2422561, 6.8531744 ], [ -58.2408482, 6.8524744 ], [ -58.2402742, 6.8519844 ], [ -58.2395071, 6.8514731 ], [ -58.2388151, 6.8509884 ], [ -58.2379955, 6.8503766 ], [ -58.2377172, 6.8501613 ], [ -58.2358689, 6.8491577 ], [ -58.2346942, 6.8484315 ], [ -58.2341218, 6.8480359 ], [ -58.2326017, 6.8469697 ], [ -58.2314738, 6.8461453 ], [ -58.2298136, 6.8450285 ], [ -58.2283223, 6.8440804 ], [ -58.2267559, 6.843388 ], [ -58.2249642, 6.8420001 ], [ -58.2237, 6.84129 ], [ -58.2230866, 6.8405971 ], [ -58.2212627, 6.8389033 ], [ -58.2174432, 6.8352708 ], [ -58.2168317, 6.8341842 ], [ -58.2160592, 6.8335025 ], [ -58.215394, 6.8331563 ], [ -58.2149649, 6.8327355 ], [ -58.2146806, 6.8323147 ], [ -58.2138169, 6.8318779 ], [ -58.2135969, 6.8309725 ], [ -58.2105214, 6.8292566 ], [ -58.2098097, 6.8288313 ], [ -58.205857, 6.8243204 ], [ -58.2050132, 6.8238436 ], [ -58.2041696, 6.823218 ], [ -58.2010927, 6.8209363 ], [ -58.198673, 6.8193976 ], [ -58.1971592, 6.8193266 ], [ -58.1966585, 6.8196699 ], [ -58.1957884, 6.8188414 ], [ -58.1938693, 6.8188532 ], [ -58.1932375, 6.8182259 ], [ -58.1936309, 6.8172199 ], [ -58.1904959, 6.8163204 ], [ -58.1888152, 6.816782 ], [ -58.1878855, 6.8161902 ], [ -58.1871584, 6.816131 ], [ -58.1848222, 6.8173528 ], [ -58.1847042, 6.8176937 ], [ -58.1835777, 6.8177789 ], [ -58.1820434, 6.8177683 ], [ -58.1790716, 6.8177896 ], [ -58.177768, 6.8178162 ], [ -58.1770331, 6.8169374 ], [ -58.1770599, 6.814876 ], [ -58.1797636, 6.814844 ], [ -58.1817108, 6.8144286 ], [ -58.1844145, 6.814615 ], [ -58.1847578, 6.814876 ], [ -58.1846881, 6.8169161 ], [ -58.1867532, 6.8157547 ], [ -58.1866536, 6.8153972 ], [ -58.1860636, 6.8147936 ], [ -58.1856047, 6.8145036 ], [ -58.1847763, 6.8145332 ], [ -58.1832922, 6.8139532 ], [ -58.1826486, 6.8133792 ], [ -58.1815102, 6.8129945 ], [ -58.1805387, 6.8129413 ], [ -58.18005, 6.8128466 ], [ -58.1796924, 6.8130715 ], [ -58.1788997, 6.8131839 ], [ -58.1786976, 6.8135207 ], [ -58.178495, 6.8133639 ], [ -58.1786619, 6.8130621 ], [ -58.1784562, 6.8127899 ], [ -58.1784079, 6.8127619 ], [ -58.1781575, 6.8126169 ], [ -58.1781118, 6.8125904 ], [ -58.1779074, 6.8125976 ], [ -58.1778242, 6.8126005 ], [ -58.1776724, 6.8126381 ], [ -58.1774999, 6.8126972 ], [ -58.1772961, 6.8126333 ], [ -58.1770279, 6.8122711 ], [ -58.1768455, 6.8121326 ], [ -58.1768026, 6.8118769 ], [ -58.1767757, 6.8116851 ], [ -58.1765746, 6.811593 ], [ -58.1765665, 6.8114827 ], [ -58.1768026, 6.8112697 ], [ -58.176824, 6.8109927 ], [ -58.176824, 6.8105985 ], [ -58.1768777, 6.8103109 ], [ -58.176985, 6.8101298 ], [ -58.176985, 6.8098635 ], [ -58.1770922, 6.8096291 ], [ -58.1771317, 6.8093745 ], [ -58.176964, 6.80931 ], [ -58.176776, 6.8091201 ], [ -58.1768535, 6.8088948 ], [ -58.1769171, 6.808441 ], [ -58.1770276, 6.807819 ], [ -58.1728101, 6.8076399 ], [ -58.1691875, 6.8074208 ], [ -58.1691302, 6.8076915 ], [ -58.1688731, 6.8076332 ], [ -58.1688091, 6.8078384 ], [ -58.1690587, 6.8079142 ], [ -58.1690382, 6.8079882 ], [ -58.1691541, 6.8080072 ], [ -58.1691042, 6.8081479 ], [ -58.1688081, 6.8080529 ], [ -58.1687623, 6.8083909 ], [ -58.1691387, 6.8085197 ], [ -58.1690583, 6.8088444 ], [ -58.1689741, 6.808808 ], [ -58.1689559, 6.8088575 ], [ -58.1688881, 6.8088367 ], [ -58.1688664, 6.8089137 ], [ -58.1689589, 6.8089455 ], [ -58.1688318, 6.8094675 ], [ -58.1687269, 6.8094397 ], [ -58.1686777, 6.8096655 ], [ -58.168445, 6.8096157 ], [ -58.1683843, 6.8098825 ], [ -58.1686505, 6.8099497 ], [ -58.1685361, 6.8103967 ], [ -58.1682819, 6.8103325 ], [ -58.1682576, 6.8104394 ], [ -58.1682393, 6.81052 ], [ -58.1682266, 6.8105718 ], [ -58.1686973, 6.8106768 ], [ -58.1683626, 6.8126559 ], [ -58.1682641, 6.8132609 ], [ -58.1681042, 6.8142067 ], [ -58.1680306, 6.8146181 ], [ -58.1679684, 6.8146027 ], [ -58.1679052, 6.8148495 ], [ -58.1679984, 6.81487 ], [ -58.1678259, 6.8158814 ], [ -58.1676971, 6.8158494 ], [ -58.1677079, 6.8157056 ], [ -58.167568, 6.815663 ], [ -58.1674718, 6.8160425 ], [ -58.1675161, 6.8162089 ], [ -58.1675214, 6.816458 ], [ -58.1674557, 6.8165951 ], [ -58.1675697, 6.8167593 ], [ -58.1676412, 6.8168741 ], [ -58.1675627, 6.816929 ], [ -58.1675481, 6.8169831 ], [ -58.1676695, 6.8170208 ], [ -58.167644, 6.8171095 ], [ -58.1672719, 6.8170269 ], [ -58.167266, 6.8170509 ], [ -58.1676168, 6.8171283 ], [ -58.1676025, 6.8173011 ], [ -58.1676536, 6.8173059 ], [ -58.1676472, 6.8173581 ], [ -58.1676073, 6.817355 ], [ -58.1675675, 6.817659 ], [ -58.1676376, 6.8176732 ], [ -58.1676172, 6.8177899 ], [ -58.1674446, 6.8177554 ], [ -58.1674239, 6.8178507 ], [ -58.1674097, 6.8179162 ], [ -58.167504, 6.8179403 ], [ -58.1674236, 6.8185737 ], [ -58.1673326, 6.8192315 ], [ -58.1669116, 6.8212227 ], [ -58.1663592, 6.8210742 ], [ -58.1663502, 6.821104 ], [ -58.1660925, 6.821043 ], [ -58.1657945, 6.8209178 ], [ -58.1657527, 6.821047 ], [ -58.1658968, 6.8212209 ], [ -58.1661228, 6.8214043 ], [ -58.1661897, 6.8216249 ], [ -58.1661409, 6.8219888 ], [ -58.1662387, 6.8222199 ], [ -58.1661908, 6.8225361 ], [ -58.1663775, 6.8225986 ], [ -58.1662843, 6.8228742 ], [ -58.1663688, 6.822905 ], [ -58.1661529, 6.8236853 ], [ -58.1662256, 6.8236987 ], [ -58.1662958, 6.8237082 ], [ -58.1662607, 6.8238792 ], [ -58.1661937, 6.8238634 ], [ -58.1661031, 6.8238393 ], [ -58.1660129, 6.8242667 ], [ -58.1659536, 6.8245479 ], [ -58.1660405, 6.824578 ], [ -58.165819, 6.8253519 ], [ -58.1654626, 6.8254788 ], [ -58.165481, 6.8255514 ], [ -58.1653533, 6.8259463 ], [ -58.1655056, 6.8261712 ], [ -58.165387, 6.8265166 ], [ -58.1653567, 6.8265282 ], [ -58.1652357, 6.8269715 ], [ -58.1648274, 6.8273991 ], [ -58.1642576, 6.8279772 ], [ -58.1642215, 6.8279437 ], [ -58.1645689, 6.8275899 ], [ -58.164038, 6.8271428 ], [ -58.163357, 6.8269148 ], [ -58.1630973, 6.8266061 ], [ -58.1618504, 6.8264836 ], [ -58.1612992, 6.8263776 ], [ -58.1612038, 6.826253 ], [ -58.1610952, 6.8261933 ], [ -58.1604411, 6.825971 ], [ -58.1591678, 6.8256743 ], [ -58.1589305, 6.8256087 ], [ -58.1582747, 6.8254272 ], [ -58.1567224, 6.8249978 ], [ -58.1564901, 6.8249553 ], [ -58.1561655, 6.8248656 ], [ -58.1549392, 6.8248718 ], [ -58.153904, 6.8249146 ], [ -58.1512481, 6.8252022 ], [ -58.1494091, 6.825333 ], [ -58.1468441, 6.8255864 ], [ -58.1441118, 6.8257987 ], [ -58.1432628, 6.8258455 ], [ -58.1430561, 6.8259449 ], [ -58.14288, 6.8262425 ], [ -58.1421053, 6.8260775 ], [ -58.1418532, 6.8259604 ], [ -58.1412899, 6.8257526 ], [ -58.1407213, 6.8257047 ], [ -58.1402653, 6.8256568 ], [ -58.1393266, 6.8255981 ], [ -58.1381582, 6.8255882 ], [ -58.1376905, 6.8255744 ], [ -58.1371482, 6.825525 ], [ -58.1368443, 6.8254536 ], [ -58.1361939, 6.8253483 ], [ -58.1344194, 6.8255631 ], [ -58.1329343, 6.8256959 ], [ -58.1296766, 6.8259871 ], [ -58.1293955, 6.8260134 ], [ -58.12626, 6.8263062 ], [ -58.1235187, 6.8265666 ], [ -58.1226964, 6.8270385 ], [ -58.1225763, 6.8270888 ], [ -58.1225132, 6.8271039 ], [ -58.1224218, 6.8271295 ], [ -58.1204253, 6.8268664 ], [ -58.1200665, 6.8267885 ], [ -58.1196304, 6.82664 ], [ -58.1192607, 6.8264075 ], [ -58.1190188, 6.826255 ], [ -58.1186975, 6.8261477 ], [ -58.1177035, 6.8260322 ], [ -58.1168068, 6.825928 ], [ -58.1160865, 6.8258404 ], [ -58.1153662, 6.8257528 ], [ -58.1143676, 6.8256333 ], [ -58.1142694, 6.8256182 ], [ -58.1134252, 6.8255203 ], [ -58.1113823, 6.8252401 ], [ -58.1106031, 6.8250938 ], [ -58.1095179, 6.8248901 ], [ -58.108021, 6.8245548 ], [ -58.1079445, 6.8245335 ], [ -58.1057347, 6.8239194 ], [ -58.1052699, 6.8237903 ], [ -58.102575, 6.8230416 ], [ -58.1016735, 6.8228102 ], [ -58.1015947, 6.8227971 ], [ -58.1011204, 6.8227198 ], [ -58.1007168, 6.822755 ], [ -58.0991211, 6.8230632 ], [ -58.0988626, 6.8230982 ], [ -58.0987121, 6.8231186 ], [ -58.0964078, 6.8232547 ], [ -58.0959135, 6.8233402 ], [ -58.0920243, 6.8234994 ], [ -58.0916791, 6.8235135 ], [ -58.0914514, 6.823464 ], [ -58.09065, 6.8232871 ], [ -58.0885519, 6.8227934 ], [ -58.0863104, 6.8222727 ], [ -58.0847468, 6.8219227 ], [ -58.07912, 6.8205827 ], [ -58.0758283, 6.8197171 ], [ -58.0749389, 6.8198889 ], [ -58.070642, 6.8187914 ], [ -58.0674618, 6.8178142 ], [ -58.0647506, 6.8169935 ], [ -58.0612123, 6.8158913 ], [ -58.0595279, 6.8150391 ], [ -58.0566525, 6.8141602 ], [ -58.0532252, 6.8122965 ], [ -58.0531328, 6.8122462 ], [ -58.0518453, 6.8110999 ], [ -58.0511057, 6.810389 ], [ -58.051154, 6.8101387 ], [ -58.0507302, 6.809329 ], [ -58.0504942, 6.8093237 ], [ -58.0498451, 6.8090787 ], [ -58.0491638, 6.8089242 ], [ -58.0473828, 6.8086206 ], [ -58.047297, 6.807811 ], [ -58.0474043, 6.8065912 ], [ -58.0470288, 6.8062982 ], [ -58.046766, 6.8063028 ], [ -58.046723, 6.8063035 ], [ -58.046149, 6.806229 ], [ -58.0439871, 6.8050038 ], [ -58.0369136, 6.8029537 ], [ -58.0351512, 6.8024306 ], [ -58.0341898, 6.8021645 ], [ -58.0337276, 6.8020724 ], [ -58.0323535, 6.8023469 ], [ -58.0319754, 6.8022823 ], [ -58.0303492, 6.8016162 ], [ -58.0296784, 6.8019714 ], [ -58.0292434, 6.8026012 ], [ -58.0263122, 6.8007483 ], [ -58.0262471, 6.8007153 ], [ -58.0244664, 6.7995049 ], [ -58.0228464, 6.7990558 ], [ -58.0211708, 6.7986041 ], [ -58.0197546, 6.797438 ], [ -58.0195066, 6.7970828 ], [ -58.0173112, 6.79525 ], [ -58.0153842, 6.7938089 ], [ -58.015311, 6.7939057 ], [ -58.0135466, 6.7926422 ], [ -58.01314, 6.7923475 ], [ -58.0097129, 6.789893 ], [ -58.0070662, 6.7876444 ], [ -58.0037732, 6.7844068 ], [ -58.0008989, 6.7816495 ], [ -57.9999191, 6.7807936 ], [ -57.9980043, 6.7791788 ], [ -57.996907, 6.7782818 ], [ -57.9960326, 6.7777376 ], [ -57.9955366, 6.7772289 ], [ -57.9938981, 6.7758314 ], [ -57.9929671, 6.7749328 ], [ -57.991959, 6.7740558 ], [ -57.9911087, 6.7731668 ], [ -57.989312, 6.7717145 ], [ -57.9876539, 6.7705045 ], [ -57.9874528, 6.7703809 ], [ -57.9872842, 6.7702429 ], [ -57.9871866, 6.7701629 ], [ -57.9868132, 6.7699665 ], [ -57.9845854, 6.7687949 ], [ -57.9838149, 6.7683079 ], [ -57.9833311, 6.7678926 ], [ -57.9824839, 6.7671254 ], [ -57.9806626, 6.7654837 ], [ -57.980063, 6.764959 ], [ -57.9782202, 6.7635963 ], [ -57.9762355, 6.7619287 ], [ -57.9757293, 6.7613363 ], [ -57.9743544, 6.7602493 ], [ -57.9735536, 6.7599953 ], [ -57.9724737, 6.7591483 ], [ -57.9715232, 6.7582845 ], [ -57.9711372, 6.7577148 ], [ -57.9708523, 6.7576959 ], [ -57.9707804, 6.7575973 ], [ -57.9707335, 6.7573685 ], [ -57.970085, 6.7570694 ], [ -57.9698076, 6.7563039 ], [ -57.9692401, 6.7559 ], [ -57.9679042, 6.7552394 ], [ -57.9676424, 6.7547033 ], [ -57.9673622, 6.7547111 ], [ -57.9659672, 6.7537432 ], [ -57.9660273, 6.7531867 ], [ -57.9648758, 6.7526638 ], [ -57.9642603, 6.7521527 ], [ -57.9621741, 6.7506296 ], [ -57.9617835, 6.7504703 ], [ -57.9616671, 6.7504229 ], [ -57.9614946, 6.7503103 ], [ -57.961371, 6.7501145 ], [ -57.9608348, 6.7496388 ], [ -57.9605864, 6.7495167 ], [ -57.9583388, 6.7477963 ], [ -57.9564864, 6.7464009 ], [ -57.9556018, 6.7457973 ], [ -57.9553722, 6.7457285 ], [ -57.9552493, 6.7456523 ], [ -57.9551437, 6.7455868 ], [ -57.9549123, 6.7455978 ], [ -57.952652, 6.7435758 ], [ -57.9507606, 6.743701 ], [ -57.9498266, 6.7428245 ], [ -57.9485564, 6.7414517 ], [ -57.9462728, 6.7393647 ], [ -57.9453715, 6.7383351 ], [ -57.9455069, 6.7373705 ], [ -57.9449792, 6.7359977 ], [ -57.9426909, 6.7338968 ], [ -57.9405427, 6.7317866 ], [ -57.9390016, 6.730335 ], [ -57.938147, 6.7295187 ], [ -57.9379975, 6.729259 ], [ -57.9369897, 6.7283728 ], [ -57.9345611, 6.72619 ], [ -57.9337066, 6.7253106 ], [ -57.9324301, 6.72388 ], [ -57.9323515, 6.7233782 ], [ -57.9317022, 6.7223548 ], [ -57.9308432, 6.7210008 ], [ -57.9294484, 6.7191946 ], [ -57.9287255, 6.7180949 ], [ -57.9282472, 6.7175146 ], [ -57.9275734, 6.7166334 ], [ -57.9254803, 6.713056 ], [ -57.9240206, 6.7118594 ], [ -57.923838, 6.7120184 ], [ -57.9235911, 6.7122414 ], [ -57.9234847, 6.7119865 ], [ -57.9234215, 6.7117575 ], [ -57.9231959, 6.711379 ], [ -57.9230022, 6.7109068 ], [ -57.9223017, 6.7089495 ], [ -57.9213397, 6.7064172 ], [ -57.9210445, 6.7063813 ], [ -57.9207471, 6.7061642 ], [ -57.9205054, 6.7064887 ], [ -57.9202613, 6.7068163 ], [ -57.9200006, 6.7070669 ], [ -57.9198994, 6.7071642 ], [ -57.9195865, 6.7073871 ], [ -57.9191943, 6.7074663 ], [ -57.9187041, 6.7075079 ], [ -57.9186123, 6.7075157 ], [ -57.918097, 6.7074306 ], [ -57.917745, 6.7073755 ], [ -57.9165691, 6.7071498 ], [ -57.9156185, 6.706683 ], [ -57.9149054, 6.7063328 ], [ -57.9126632, 6.7053879 ], [ -57.9101489, 6.7045185 ], [ -57.9096816, 6.704586 ], [ -57.9078563, 6.7040073 ], [ -57.9056828, 6.7024809 ], [ -57.9027908, 6.7002967 ], [ -57.8997099, 6.6979989 ], [ -57.8976273, 6.6959788 ], [ -57.8959107, 6.6942739 ], [ -57.8939045, 6.6923452 ], [ -57.8926921, 6.6909173 ], [ -57.8890538, 6.6877015 ], [ -57.8867436, 6.685527 ], [ -57.8847775, 6.6839632 ], [ -57.8819028, 6.6813247 ], [ -57.8799343, 6.6797358 ], [ -57.8782035, 6.67812 ], [ -57.8765712, 6.6764834 ], [ -57.8756511, 6.6755358 ], [ -57.87455, 6.6746952 ], [ -57.8734761, 6.6738375 ], [ -57.8718715, 6.6722661 ], [ -57.8712749, 6.6717983 ], [ -57.8699582, 6.6709351 ], [ -57.8685916, 6.669783 ], [ -57.8672332, 6.6685991 ], [ -57.8661768, 6.6675317 ], [ -57.8647757, 6.666206 ], [ -57.8625763, 6.664192 ], [ -57.8615999, 6.6631796 ], [ -57.8605469, 6.6620041 ], [ -57.8585548, 6.6601976 ], [ -57.856257, 6.6585121 ], [ -57.8536821, 6.656594 ], [ -57.8518152, 6.6545479 ], [ -57.8500557, 6.6529068 ], [ -57.8481031, 6.6512017 ], [ -57.8460002, 6.6492622 ], [ -57.8443265, 6.647685 ], [ -57.8419447, 6.6453405 ], [ -57.8412044, 6.6445946 ], [ -57.8404963, 6.6439232 ], [ -57.8395951, 6.6432412 ], [ -57.8378999, 6.6416213 ], [ -57.836709, 6.6404384 ], [ -57.8359258, 6.6397244 ], [ -57.8351534, 6.638744 ], [ -57.8345955, 6.63803 ], [ -57.8341556, 6.637593 ], [ -57.833029, 6.6367511 ], [ -57.8303361, 6.6340975 ], [ -57.8281689, 6.6316358 ], [ -57.8238022, 6.6276287 ], [ -57.8214204, 6.6250177 ], [ -57.8174454, 6.6215434 ], [ -57.8170431, 6.6213942 ], [ -57.816689, 6.6213303 ], [ -57.8165817, 6.6214475 ], [ -57.8164905, 6.621682 ], [ -57.8163032, 6.6217564 ], [ -57.8160453, 6.621602 ], [ -57.8157984, 6.6213236 ], [ -57.8162545, 6.6212077 ], [ -57.8163832, 6.6210425 ], [ -57.8163725, 6.6207228 ], [ -57.816276, 6.6205363 ], [ -57.8160292, 6.6202539 ], [ -57.8156269, 6.6198542 ], [ -57.8151065, 6.6195612 ], [ -57.8146774, 6.6194066 ], [ -57.8138773, 6.6185841 ], [ -57.8128702, 6.6177481 ], [ -57.8118438, 6.6166744 ], [ -57.8107399, 6.6157938 ], [ -57.8098548, 6.6149252 ], [ -57.8090072, 6.6139447 ], [ -57.8063303, 6.6113976 ], [ -57.8045853, 6.6087975 ], [ -57.802663, 6.6064058 ], [ -57.801792, 6.6054187 ], [ -57.8011644, 6.6044116 ], [ -57.8005958, 6.603527 ], [ -57.7997063, 6.6014081 ], [ -57.7996957, 6.6006903 ], [ -57.7994865, 6.5998981 ], [ -57.7993619, 6.5989868 ], [ -57.79926, 6.5985019 ], [ -57.7996785, 6.5979796 ], [ -57.7992718, 6.5974773 ], [ -57.7984205, 6.5970497 ], [ -57.7973784, 6.596688 ], [ -57.7962345, 6.5964449 ], [ -57.7958804, 6.5965728 ], [ -57.7955693, 6.5963064 ], [ -57.7950834, 6.5960034 ], [ -57.794298, 6.5958428 ], [ -57.7939814, 6.5956669 ], [ -57.7939063, 6.5954484 ], [ -57.7934235, 6.594697 ], [ -57.7928559, 6.5937754 ], [ -57.7920502, 6.5930664 ], [ -57.7908003, 6.5921605 ], [ -57.7904141, 6.5919739 ], [ -57.7901137, 6.5919046 ], [ -57.7898991, 6.5915316 ], [ -57.7894163, 6.591052 ], [ -57.7885168, 6.5905115 ], [ -57.7876633, 6.5890685 ], [ -57.7870882, 6.5882117 ], [ -57.7865517, 6.5879932 ], [ -57.786356, 6.5874201 ], [ -57.7834994, 6.5844974 ], [ -57.7809942, 6.5827068 ], [ -57.7805436, 6.5819927 ], [ -57.7770889, 6.5793815 ], [ -57.7755225, 6.5785821 ], [ -57.7738488, 6.5777827 ], [ -57.7723521, 6.5771913 ], [ -57.7715045, 6.5767276 ], [ -57.7707589, 6.5763119 ], [ -57.7701742, 6.5758643 ], [ -57.7692461, 6.5752301 ], [ -57.7683985, 6.5745853 ], [ -57.767154, 6.5735408 ], [ -57.7657056, 6.5722831 ], [ -57.7645898, 6.571164 ], [ -57.7626479, 6.5691123 ], [ -57.7610436, 6.5673198 ], [ -57.7601303, 6.566368 ], [ -57.75897, 6.5652246 ], [ -57.7575846, 6.5637864 ], [ -57.756456, 6.5626901 ], [ -57.7541017, 6.560585 ], [ -57.7508841, 6.5576551 ], [ -57.7494733, 6.5562261 ], [ -57.7486371, 6.5551004 ], [ -57.7470385, 6.5531951 ], [ -57.7455622, 6.5511311 ], [ -57.7434862, 6.5485677 ], [ -57.7417806, 6.5457928 ], [ -57.7414584, 6.5452741 ], [ -57.7406109, 6.5449917 ], [ -57.7388888, 6.5445386 ], [ -57.7380132, 6.5440483 ], [ -57.7351767, 6.5413931 ], [ -57.7318186, 6.5386414 ], [ -57.7309576, 6.5378208 ], [ -57.730692, 6.5377196 ], [ -57.72935, 6.536495 ], [ -57.72502, 6.5327747 ], [ -57.7216954, 6.5300956 ], [ -57.7200007, 6.5292749 ], [ -57.719542, 6.5289988 ], [ -57.719475, 6.5284061 ], [ -57.7183805, 6.5274517 ], [ -57.7168514, 6.5264384 ], [ -57.7143234, 6.5254593 ], [ -57.7122873, 6.5243272 ], [ -57.7105916, 6.5233057 ], [ -57.709504, 6.522991 ], [ -57.7086634, 6.5217846 ], [ -57.7068888, 6.5202442 ], [ -57.7065575, 6.5202357 ], [ -57.7056885, 6.5204596 ], [ -57.7026858, 6.5179985 ], [ -57.7000892, 6.5158642 ], [ -57.6982773, 6.514398 ], [ -57.6962225, 6.5128019 ], [ -57.6939622, 6.5108346 ], [ -57.6923931, 6.5096283 ], [ -57.691291, 6.5083105 ], [ -57.6893483, 6.5062133 ], [ -57.68794, 6.50464 ], [ -57.6863901, 6.50284 ], [ -57.684027, 6.5001849 ], [ -57.6823901, 6.49859 ], [ -57.6811477, 6.4972674 ], [ -57.680583, 6.4967311 ], [ -57.6797462, 6.4958144 ], [ -57.6788879, 6.4949296 ], [ -57.6784802, 6.4944286 ], [ -57.6776326, 6.4934159 ], [ -57.67593, 6.4917701 ], [ -57.6745446, 6.4902874 ], [ -57.6699933, 6.4849764 ], [ -57.6681268, 6.4827984 ], [ -57.6634812, 6.4776282 ], [ -57.662344, 6.47669 ], [ -57.6588678, 6.4733533 ], [ -57.6571834, 6.4725218 ], [ -57.653718, 6.4697288 ], [ -57.6503062, 6.4662321 ], [ -57.6492265, 6.4651114 ], [ -57.6480854, 6.4642279 ], [ -57.6472056, 6.4643132 ], [ -57.6446414, 6.4621065 ], [ -57.6425493, 6.4601769 ], [ -57.6403928, 6.4592281 ], [ -57.6380003, 6.4562964 ], [ -57.6362729, 6.4546439 ], [ -57.635361, 6.4541429 ], [ -57.6270284, 6.4449892 ], [ -57.625327, 6.4428784 ], [ -57.6228833, 6.4398465 ], [ -57.6211149, 6.4377624 ], [ -57.6201558, 6.4364196 ], [ -57.61949, 6.4351789 ], [ -57.6189914, 6.434608 ], [ -57.6182163, 6.4334125 ], [ -57.6173043, 6.4318345 ], [ -57.6163605, 6.4305949 ], [ -57.6141478, 6.428366 ], [ -57.6085174, 6.4206157 ], [ -57.6026665, 6.4151051 ], [ -57.6009097, 6.4132975 ], [ -57.5971786, 6.4085258 ], [ -57.5955533, 6.4064139 ], [ -57.5948817, 6.4057083 ], [ -57.5940692, 6.4039631 ], [ -57.5931917, 6.4027586 ], [ -57.5923787, 6.4017131 ], [ -57.5905667, 6.4001557 ], [ -57.58919, 6.3987327 ], [ -57.5883113, 6.3984011 ], [ -57.5863463, 6.396021 ], [ -57.583732, 6.3949301 ], [ -57.583751, 6.3944927 ], [ -57.5836241, 6.3939731 ], [ -57.5825311, 6.3912922 ], [ -57.5797763, 6.3857205 ], [ -57.5763629, 6.3853558 ], [ -57.5752685, 6.3846684 ], [ -57.5729335, 6.3824765 ], [ -57.5708585, 6.3798106 ], [ -57.569774, 6.377999 ], [ -57.5690518, 6.3749111 ], [ -57.5665363, 6.3707384 ], [ -57.5656404, 6.3674832 ], [ -57.5650083, 6.3635674 ], [ -57.5647329, 6.3620522 ], [ -57.5644957, 6.3595273 ], [ -57.5628287, 6.3555784 ], [ -57.5625155, 6.3542172 ], [ -57.5620696, 6.3526053 ], [ -57.5614296, 6.3503729 ], [ -57.5618313, 6.3481342 ], [ -57.5610735, 6.3468273 ], [ -57.5610274, 6.3412242 ], [ -57.5604828, 6.3381307 ], [ -57.560041, 6.3347446 ], [ -57.5580494, 6.328869 ], [ -57.5587262, 6.326886 ], [ -57.5587183, 6.3254995 ], [ -57.5583338, 6.3243386 ], [ -57.5573435, 6.3235308 ], [ -57.5548089, 6.3191633 ], [ -57.5481396, 6.3086574 ], [ -57.5445075, 6.303961 ], [ -57.5409419, 6.2987667 ], [ -57.5393362, 6.2965807 ], [ -57.5379548, 6.2946867 ], [ -57.5363834, 6.2923286 ], [ -57.536126, 6.2914836 ], [ -57.5352619, 6.2886475 ], [ -57.5348244, 6.2851684 ], [ -57.5346888, 6.2834289 ], [ -57.5347116, 6.282826 ], [ -57.535363, 6.2820413 ], [ -57.5352444, 6.281633 ], [ -57.535144, 6.2811197 ], [ -57.5347803, 6.2805699 ], [ -57.5344973, 6.2801908 ], [ -57.5341944, 6.2778806 ], [ -57.534058, 6.2753902 ], [ -57.5340701, 6.271506 ], [ -57.5341056, 6.2711613 ], [ -57.5341414, 6.2708223 ], [ -57.5342935, 6.2701489 ], [ -57.5343867, 6.2697993 ], [ -57.5344737, 6.2694167 ], [ -57.5345281, 6.2690703 ], [ -57.5359999, 6.2635201 ], [ -57.5362201, 6.2627998 ], [ -57.5367214, 6.2612435 ], [ -57.5373401, 6.2585775 ], [ -57.5377004, 6.2569369 ], [ -57.5379405, 6.2557031 ], [ -57.5386478, 6.2506059 ], [ -57.5387458, 6.2498993 ], [ -57.5389683, 6.2465198 ], [ -57.5391253, 6.2454308 ], [ -57.5394499, 6.24212 ], [ -57.5395132, 6.2371262 ], [ -57.53948, 6.2351457 ], [ -57.53828, 6.22768 ], [ -57.5373344, 6.2225263 ], [ -57.5369801, 6.2207201 ], [ -57.5364439, 6.2182727 ], [ -57.5356949, 6.2155528 ], [ -57.5347839, 6.2116705 ], [ -57.5342044, 6.2092848 ], [ -57.5338799, 6.20758 ], [ -57.53258, 6.20087 ], [ -57.5325, 6.20053 ], [ -57.5323201, 6.1988101 ], [ -57.5321963, 6.1965754 ], [ -57.5323828, 6.1946434 ], [ -57.5295136, 6.1946462 ], [ -57.526037, 6.1946497 ], [ -57.5259189, 6.1948968 ], [ -57.5253773, 6.197163 ], [ -57.5252615, 6.1979365 ], [ -57.5251751, 6.1980709 ], [ -57.5251075, 6.1982904 ], [ -57.5251963, 6.1989668 ], [ -57.5249329, 6.2001111 ], [ -57.524795, 6.2013091 ], [ -57.5248849, 6.2016466 ], [ -57.5248736, 6.2018905 ], [ -57.524795, 6.2020891 ], [ -57.5248897, 6.2029194 ], [ -57.5248552, 6.2035675 ], [ -57.5249565, 6.2059217 ], [ -57.52551, 6.21222 ], [ -57.5259757, 6.2152985 ], [ -57.526234, 6.2159768 ], [ -57.5263641, 6.2162841 ], [ -57.5264634, 6.2168755 ], [ -57.526599, 6.2177909 ], [ -57.526615, 6.2180221 ], [ -57.5265817, 6.220409 ], [ -57.5265753, 6.2208712 ], [ -57.5265799, 6.220952 ], [ -57.526552, 6.2215858 ], [ -57.5265715, 6.2253753 ], [ -57.5265727, 6.225603 ], [ -57.5263399, 6.2301898 ], [ -57.5262786, 6.2325122 ], [ -57.5259598, 6.2348346 ], [ -57.5256916, 6.2363998 ], [ -57.5256428, 6.2374361 ], [ -57.5255393, 6.2384657 ], [ -57.5255101, 6.2387762 ], [ -57.5254585, 6.2394746 ], [ -57.5253683, 6.2406554 ], [ -57.5249874, 6.2426506 ], [ -57.5245117, 6.2449851 ], [ -57.5243182, 6.2459872 ], [ -57.5241155, 6.2467699 ], [ -57.5237918, 6.2494245 ], [ -57.5236121, 6.250671 ], [ -57.5235731, 6.2508606 ], [ -57.5235065, 6.2511287 ], [ -57.5233546, 6.2516935 ], [ -57.5230569, 6.2524694 ], [ -57.5228057, 6.2538047 ], [ -57.5220955, 6.2575792 ], [ -57.5221867, 6.2585744 ], [ -57.5222595, 6.259369 ], [ -57.5216524, 6.2760487 ], [ -57.5215798, 6.2773308 ], [ -57.5214146, 6.2786157 ], [ -57.5208815, 6.2810829 ], [ -57.5204329, 6.2831587 ], [ -57.518971, 6.2883631 ], [ -57.5178102, 6.2927961 ], [ -57.5177887, 6.2932631 ], [ -57.5176549, 6.2954956 ], [ -57.5173974, 6.2960288 ], [ -57.5172579, 6.2967433 ], [ -57.5175154, 6.2975111 ], [ -57.5173278, 6.3013124 ], [ -57.5171614, 6.3028965 ], [ -57.5171721, 6.3034723 ], [ -57.517376, 6.304848 ], [ -57.517097, 6.3067462 ], [ -57.5170004, 6.3079725 ], [ -57.5168073, 6.3091669 ], [ -57.5172687, 6.309796 ], [ -57.5174296, 6.3107238 ], [ -57.5173652, 6.3117049 ], [ -57.5163138, 6.3120888 ], [ -57.5155199, 6.3125473 ], [ -57.5131273, 6.3141149 ], [ -57.5091148, 6.3166102 ], [ -57.5083315, 6.3184657 ], [ -57.5073874, 6.3212809 ], [ -57.5063682, 6.323051 ], [ -57.5058425, 6.3240214 ], [ -57.5054669, 6.3250344 ], [ -57.5047481, 6.3256316 ], [ -57.503804, 6.3265593 ], [ -57.5033319, 6.3270925 ], [ -57.5028384, 6.3278283 ], [ -57.5022268, 6.3287347 ], [ -57.5014758, 6.3292359 ], [ -57.5011003, 6.3297797 ], [ -57.4999201, 6.3304302 ], [ -57.4987185, 6.3311126 ], [ -57.496959, 6.3319337 ], [ -57.4949634, 6.3333306 ], [ -57.4935579, 6.3341837 ], [ -57.4927855, 6.3353566 ], [ -57.4912298, 6.3360498 ], [ -57.4903607, 6.3374147 ], [ -57.4894059, 6.3382144 ], [ -57.4885368, 6.3386836 ], [ -57.4875176, 6.3391954 ], [ -57.486155, 6.3397179 ], [ -57.4846745, 6.3397712 ], [ -57.4813485, 6.3396859 ], [ -57.4770248, 6.3393554 ], [ -57.471081, 6.3379478 ], [ -57.4698579, 6.3376706 ], [ -57.4685705, 6.3374466 ], [ -57.467106, 6.3370201 ], [ -57.4666822, 6.3369241 ], [ -57.4652231, 6.3366789 ], [ -57.4637425, 6.3364176 ], [ -57.4619561, 6.3360284 ], [ -57.4606526, 6.3356979 ], [ -57.4600142, 6.3356979 ], [ -57.4595207, 6.3355272 ], [ -57.4590379, 6.335154 ], [ -57.457493, 6.3345835 ], [ -57.4555832, 6.3339544 ], [ -57.4547625, 6.3337251 ], [ -57.4533248, 6.333208 ], [ -57.4526113, 6.3328881 ], [ -57.4519193, 6.3325308 ], [ -57.4511308, 6.3321416 ], [ -57.4499077, 6.3316938 ], [ -57.4480408, 6.3308727 ], [ -57.4453908, 6.3301636 ], [ -57.4438781, 6.3295558 ], [ -57.4420911, 6.3287078 ], [ -57.4395812, 6.3275297 ], [ -57.437194, 6.3261008 ], [ -57.4348551, 6.3248105 ], [ -57.4337876, 6.3244479 ], [ -57.4329132, 6.3239787 ], [ -57.4299467, 6.3222672 ], [ -57.4291366, 6.3218194 ], [ -57.4286163, 6.3216061 ], [ -57.4276185, 6.3212542 ], [ -57.4259985, 6.3203158 ], [ -57.4252904, 6.3197453 ], [ -57.4226779, 6.318359 ], [ -57.4189657, 6.3164182 ], [ -57.4172813, 6.3156345 ], [ -57.4152106, 6.3146161 ], [ -57.4140519, 6.3139496 ], [ -57.413215, 6.3133204 ], [ -57.4119812, 6.3128192 ], [ -57.4115199, 6.3126486 ], [ -57.4112302, 6.312446 ], [ -57.4108172, 6.312286 ], [ -57.4104631, 6.3123713 ], [ -57.4097657, 6.3119448 ], [ -57.4082021, 6.3111875 ], [ -57.4079418, 6.3109104 ], [ -57.4078935, 6.3106171 ], [ -57.4076994, 6.3105452 ], [ -57.40762, 6.3105158 ], [ -57.4070889, 6.3104359 ], [ -57.4065632, 6.3102439 ], [ -57.4047207, 6.309087 ], [ -57.4030763, 6.3079618 ], [ -57.4019069, 6.3075193 ], [ -57.39872, 6.3059099 ], [ -57.3968406, 6.3049155 ], [ -57.3952603, 6.3036963 ], [ -57.3940104, 6.3029711 ], [ -57.3923367, 6.3021873 ], [ -57.3888069, 6.2997826 ], [ -57.3866397, 6.2984336 ], [ -57.3847246, 6.2972339 ], [ -57.3839629, 6.2967327 ], [ -57.3828524, 6.2961941 ], [ -57.3813772, 6.295421 ], [ -57.380417, 6.2948025 ], [ -57.3797016, 6.2945474 ], [ -57.3791456, 6.2943492 ], [ -57.3786859, 6.293948 ], [ -57.3775739, 6.2927443 ], [ -57.3767799, 6.2921204 ], [ -57.3755997, 6.2910806 ], [ -57.3749989, 6.2903715 ], [ -57.374602, 6.2901049 ], [ -57.3741782, 6.2900089 ], [ -57.3737329, 6.2899129 ], [ -57.3728639, 6.2893051 ], [ -57.3723114, 6.2885639 ], [ -57.3716408, 6.28818 ], [ -57.3711687, 6.28794 ], [ -57.3711634, 6.2877641 ], [ -57.371158, 6.2874815 ], [ -57.3709273, 6.2873482 ], [ -57.3704714, 6.2874121 ], [ -57.3699725, 6.2875401 ], [ -57.3696023, 6.2876947 ], [ -57.3691003, 6.2877617 ], [ -57.3671906, 6.28673 ], [ -57.3654337, 6.2853373 ], [ -57.363645, 6.2829533 ], [ -57.3616844, 6.2815254 ], [ -57.3607671, 6.2811202 ], [ -57.3591095, 6.280267 ], [ -57.3576075, 6.2793179 ], [ -57.3560304, 6.2781981 ], [ -57.3554134, 6.2774676 ], [ -57.3550969, 6.2771956 ], [ -57.3545229, 6.2768704 ], [ -57.3539329, 6.2766144 ], [ -57.3522065, 6.275247 ], [ -57.35192, 6.27502 ], [ -57.3494413, 6.2729769 ], [ -57.3492027, 6.2728313 ], [ -57.3488216, 6.2726537 ], [ -57.34837, 6.2727485 ], [ -57.347678, 6.2724552 ], [ -57.3475009, 6.2724926 ], [ -57.3472756, 6.2725086 ], [ -57.3471093, 6.2726045 ], [ -57.3465836, 6.2726685 ], [ -57.3461705, 6.272034 ], [ -57.3457897, 6.2719593 ], [ -57.3447061, 6.2709491 ], [ -57.343941, 6.2702439 ], [ -57.3433864, 6.2695705 ], [ -57.343322, 6.2693998 ], [ -57.3433703, 6.2689199 ], [ -57.3429573, 6.2689146 ], [ -57.3427266, 6.2688613 ], [ -57.342217, 6.2687706 ], [ -57.3418296, 6.2688449 ], [ -57.3409288, 6.2683268 ], [ -57.33839, 6.2664946 ], [ -57.3371261, 6.2652672 ], [ -57.3367882, 6.2649953 ], [ -57.3362786, 6.264622 ], [ -57.33582, 6.2643299 ], [ -57.3349965, 6.2636089 ], [ -57.3340309, 6.262841 ], [ -57.3337627, 6.2624837 ], [ -57.3334462, 6.2620571 ], [ -57.3331189, 6.2618598 ], [ -57.3326039, 6.2616785 ], [ -57.3314452, 6.260948 ], [ -57.3306406, 6.2602708 ], [ -57.3298842, 6.2596682 ], [ -57.32835, 6.2586337 ], [ -57.328189, 6.2585164 ], [ -57.3280817, 6.2582978 ], [ -57.3276687, 6.2580152 ], [ -57.3272932, 6.2578819 ], [ -57.3265904, 6.2573913 ], [ -57.3256463, 6.2569167 ], [ -57.325024, 6.2564741 ], [ -57.3244661, 6.2564368 ], [ -57.3242301, 6.2564101 ], [ -57.3221165, 6.2544691 ], [ -57.3210324, 6.2533122 ], [ -57.319901, 6.2524214 ], [ -57.3181146, 6.250555 ], [ -57.3178518, 6.250427 ], [ -57.3173904, 6.2503417 ], [ -57.3169345, 6.250331 ], [ -57.3167038, 6.2503577 ], [ -57.3159313, 6.2501604 ], [ -57.3146224, 6.2494458 ], [ -57.3136729, 6.2487313 ], [ -57.3129863, 6.2481394 ], [ -57.3121172, 6.2472702 ], [ -57.3106458, 6.2461527 ], [ -57.3102815, 6.2455883 ], [ -57.3100302, 6.2455257 ], [ -57.3097193, 6.2454944 ], [ -57.3077, 6.24411 ], [ -57.30714, 6.2436156 ], [ -57.3068563, 6.243365 ], [ -57.3060125, 6.2426201 ], [ -57.3049986, 6.2416389 ], [ -57.3037434, 6.2406257 ], [ -57.3021902, 6.2398134 ], [ -57.30204, 6.2397301 ], [ -57.3013347, 6.2392126 ], [ -57.3007554, 6.2387807 ], [ -57.3004872, 6.2384714 ], [ -57.2957343, 6.2348345 ], [ -57.2949994, 6.2344772 ], [ -57.2927034, 6.2324134 ], [ -57.2917002, 6.2314002 ], [ -57.2899836, 6.2298111 ], [ -57.2895598, 6.2295818 ], [ -57.287693, 6.2278859 ], [ -57.28728, 6.2277153 ], [ -57.28706, 6.2277206 ], [ -57.2864646, 6.2274167 ], [ -57.2853434, 6.2263128 ], [ -57.2844958, 6.2253155 ], [ -57.283439, 6.224345 ], [ -57.282334, 6.2233424 ], [ -57.2812718, 6.2222119 ], [ -57.2809768, 6.2218492 ], [ -57.2804564, 6.2212893 ], [ -57.27992, 6.2213479 ], [ -57.2772324, 6.2198867 ], [ -57.2752208, 6.2185215 ], [ -57.2740245, 6.2177643 ], [ -57.272898, 6.216767 ], [ -57.2712189, 6.2151778 ], [ -57.2698301, 6.2137101 ], [ -57.2670454, 6.2109702 ], [ -57.2662461, 6.2101009 ], [ -57.2657955, 6.2095249 ], [ -57.2653274, 6.2088886 ], [ -57.2650599, 6.20855 ], [ -57.2648481, 6.2084309 ], [ -57.2642022, 6.208181 ], [ -57.26364, 6.20777 ], [ -57.2620136, 6.2064851 ], [ -57.2613174, 6.2058268 ], [ -57.2600985, 6.2046079 ], [ -57.259, 6.20366 ], [ -57.2576052, 6.2023 ], [ -57.2564721, 6.2011361 ], [ -57.2553401, 6.1998792 ], [ -57.2552329, 6.1997602 ], [ -57.2541869, 6.1986269 ], [ -57.2534573, 6.1979416 ], [ -57.2530067, 6.197411 ], [ -57.2528645, 6.197155 ], [ -57.252578, 6.1971223 ], [ -57.2513545, 6.1962297 ], [ -57.2489995, 6.1938192 ], [ -57.2469932, 6.1920166 ], [ -57.2456494, 6.190966 ], [ -57.24534, 6.19077 ], [ -57.24378, 6.18923 ], [ -57.2426098, 6.1882 ], [ -57.2414438, 6.1870704 ], [ -57.2358819, 6.1820713 ], [ -57.2330082, 6.1789449 ], [ -57.2293145, 6.1756259 ], [ -57.2288625, 6.175171 ], [ -57.226603, 6.172897 ], [ -57.225498, 6.1716703 ], [ -57.2244036, 6.1706037 ], [ -57.2236097, 6.1700383 ], [ -57.2208626, 6.167446 ], [ -57.2181058, 6.1637876 ], [ -57.2163034, 6.1621023 ], [ -57.2141599, 6.1597199 ], [ -57.2123501, 6.15753 ], [ -57.2115799, 6.1570101 ], [ -57.2107673, 6.1559155 ], [ -57.2085089, 6.1542634 ], [ -57.2064704, 6.1517781 ], [ -57.20565, 6.1505701 ], [ -57.20449, 6.14877 ], [ -57.2033721, 6.1472422 ], [ -57.2028044, 6.1463422 ], [ -57.2017165, 6.1449703 ], [ -57.2011168, 6.1440958 ], [ -57.2007064, 6.1434964 ], [ -57.2004997, 6.1428262 ], [ -57.2002153, 6.1421503 ], [ -57.2000791, 6.1414598 ], [ -57.199927, 6.1412019 ], [ -57.1992294, 6.1404547 ], [ -57.1986445, 6.1396396 ], [ -57.1967319, 6.1372359 ], [ -57.1949252, 6.1344632 ], [ -57.1932056, 6.1315718 ], [ -57.1897515, 6.1264304 ], [ -57.1885532, 6.1243563 ], [ -57.1882045, 6.1238496 ], [ -57.1877477, 6.1236374 ], [ -57.1865791, 6.1214653 ], [ -57.1860963, 6.1206173 ], [ -57.1856189, 6.1200092 ], [ -57.184825, 6.1190331 ], [ -57.184487, 6.1185851 ], [ -57.1843422, 6.118329 ], [ -57.1840096, 6.117897 ], [ -57.183618, 6.117881 ], [ -57.1834838, 6.1177263 ], [ -57.1825351, 6.1169881 ], [ -57.1820513, 6.1161196 ], [ -57.1801686, 6.1130325 ], [ -57.1784198, 6.1092881 ], [ -57.1774542, 6.1067811 ], [ -57.1765494, 6.1046626 ], [ -57.1752119, 6.1022045 ], [ -57.1748471, 6.1007644 ], [ -57.1737962, 6.0977281 ], [ -57.1730661, 6.0966571 ], [ -57.1723035, 6.0940609 ], [ -57.1722829, 6.0932647 ], [ -57.1718538, 6.0926566 ], [ -57.1709498, 6.0902866 ], [ -57.1703088, 6.088784 ], [ -57.1701586, 6.0883359 ], [ -57.1699762, 6.0877171 ], [ -57.1697188, 6.086629 ], [ -57.1694183, 6.0859995 ], [ -57.1691394, 6.0842606 ], [ -57.1688497, 6.0829697 ], [ -57.1681309, 6.0812414 ], [ -57.1675408, 6.0795558 ], [ -57.1671653, 6.0764193 ], [ -57.167294, 6.0758432 ], [ -57.1673323, 6.0748274 ], [ -57.1665405, 6.0716036 ], [ -57.1648479, 6.0658466 ], [ -57.1652556, 6.0648224 ], [ -57.1653307, 6.0643637 ], [ -57.1653736, 6.0632008 ], [ -57.165674, 6.0628487 ], [ -57.1655667, 6.0623686 ], [ -57.1645183, 6.057702 ], [ -57.1634366, 6.054364 ], [ -57.1625728, 6.0513599 ], [ -57.162348, 6.050398 ], [ -57.1614575, 6.0468986 ], [ -57.1613288, 6.0462051 ], [ -57.1613288, 6.0452555 ], [ -57.1610606, 6.0437298 ], [ -57.1609426, 6.0410518 ], [ -57.1601486, 6.0376697 ], [ -57.1595907, 6.0336687 ], [ -57.1582389, 6.0273844 ], [ -57.1571338, 6.0238954 ], [ -57.1548271, 6.0162879 ], [ -57.1519089, 6.0090805 ], [ -57.1508622, 6.0065781 ], [ -57.1498436, 6.004231 ], [ -57.1483147, 6.0005178 ], [ -57.1470809, 5.997829 ], [ -57.1470679, 5.9977989 ], [ -57.1450853, 5.9932195 ], [ -57.1434511, 5.9889399 ], [ -57.1429503, 5.9865399 ], [ -57.1429503, 5.9855689 ], [ -57.1433473, 5.9835415 ], [ -57.1437335, 5.9829226 ], [ -57.1437121, 5.9823571 ], [ -57.143991, 5.9813221 ], [ -57.1443129, 5.9801056 ], [ -57.1443558, 5.978281 ], [ -57.1441519, 5.9759975 ], [ -57.1438837, 5.9737673 ], [ -57.1438032, 5.9725349 ], [ -57.143535, 5.9714785 ], [ -57.1436101, 5.9704061 ], [ -57.1440767, 5.9683572 ], [ -57.1443131, 5.9673174 ], [ -57.1445681, 5.9669991 ], [ -57.1446516, 5.9664829 ], [ -57.1453508, 5.9650916 ], [ -57.1452271, 5.9636891 ], [ -57.1443151, 5.9616762 ], [ -57.1417809, 5.955339 ], [ -57.141424, 5.9524181 ], [ -57.1413571, 5.9518069 ], [ -57.1413624, 5.9508251 ], [ -57.1415073, 5.9499181 ], [ -57.1417272, 5.948803 ], [ -57.1417326, 5.9478852 ], [ -57.1417862, 5.9469569 ], [ -57.1421242, 5.9443638 ], [ -57.1423173, 5.9421282 ], [ -57.1423656, 5.9408636 ], [ -57.1422583, 5.9395457 ], [ -57.1421886, 5.9391402 ], [ -57.1421564, 5.938628 ], [ -57.1422958, 5.9363657 ], [ -57.1423012, 5.9361123 ], [ -57.1422878, 5.9358508 ], [ -57.1421698, 5.9346183 ], [ -57.1422288, 5.9342741 ], [ -57.1422341, 5.933938 ], [ -57.1422449, 5.9335725 ], [ -57.1422797, 5.9312461 ], [ -57.1422958, 5.9302617 ], [ -57.1423361, 5.9299629 ], [ -57.1423951, 5.9295867 ], [ -57.1425024, 5.9287143 ], [ -57.1426016, 5.9281994 ], [ -57.1427679, 5.927311 ], [ -57.1429771, 5.9267694 ], [ -57.1430227, 5.9266867 ], [ -57.1431112, 5.926516 ], [ -57.1431863, 5.9263346 ], [ -57.1431702, 5.9257156 ], [ -57.1430737, 5.9254702 ], [ -57.1421617, 5.9233039 ], [ -57.1412551, 5.9211749 ], [ -57.1406382, 5.9195208 ], [ -57.113307, 5.919381 ], [ -57.0830029, 5.9192166 ], [ -57.0828152, 5.9202305 ], [ -57.08215, 5.9213723 ], [ -57.0814848, 5.9224075 ], [ -57.081002, 5.9227916 ], [ -57.0802724, 5.9232612 ], [ -57.0790815, 5.9239228 ], [ -57.077086, 5.9253635 ], [ -57.0762277, 5.92642 ], [ -57.075305, 5.927199 ], [ -57.0748758, 5.9275405 ], [ -57.0742321, 5.9279246 ], [ -57.0737815, 5.9281381 ], [ -57.0733416, 5.928693 ], [ -57.0726121, 5.9298775 ], [ -57.072336, 5.9304959 ], [ -57.0720549, 5.9307955 ], [ -57.0714286, 5.9319424 ], [ -57.0714643, 5.9325884 ], [ -57.0715777, 5.93308 ], [ -57.071639, 5.9339066 ], [ -57.0716528, 5.934043 ], [ -57.0716434, 5.9342314 ], [ -57.0716554, 5.9343464 ], [ -57.0719244, 5.9345196 ], [ -57.0719532, 5.9346508 ], [ -57.0718966, 5.9347671 ], [ -57.0712574, 5.9350434 ], [ -57.0711683, 5.9351737 ], [ -57.0706889, 5.9372192 ], [ -57.0696719, 5.9393463 ], [ -57.0678155, 5.9437408 ], [ -57.0649693, 5.9465687 ], [ -57.0619994, 5.9493024 ], [ -57.0440034, 5.9558722 ], [ -57.025928, 5.9622486 ], [ -57.0235167, 5.9615721 ], [ -57.0225514, 5.9618901 ], [ -57.0220837, 5.961749 ], [ -57.0215418, 5.9617725 ], [ -57.0210419, 5.9618781 ], [ -57.0206406, 5.9620743 ], [ -57.0203059, 5.96232 ], [ -57.0200438, 5.9626789 ], [ -57.01985, 5.9630466 ], [ -57.0187978, 5.9656865 ], [ -57.0172373, 5.968101 ], [ -57.017026, 5.967947 ], [ -57.0154965, 5.9675176 ], [ -57.0136348, 5.9665183 ], [ -57.0130356, 5.9684911 ], [ -57.0130483, 5.9699712 ], [ -57.0127693, 5.9708238 ], [ -57.0123109, 5.970887 ], [ -57.0107591, 5.9720645 ], [ -57.0086902, 5.9723206 ], [ -57.0080236, 5.9730769 ], [ -57.0060968, 5.9745805 ], [ -57.00117, 5.9779161 ], [ -56.9974545, 5.9801231 ], [ -56.9909427, 5.9874991 ], [ -56.9868874, 5.9898048 ], [ -56.9844743, 5.9918012 ], [ -56.983321, 5.9929961 ], [ -56.9829031, 5.9941995 ], [ -56.9811431, 5.9956435 ], [ -56.9801972, 5.9959279 ], [ -56.9790092, 5.9971531 ], [ -56.9778213, 5.9978751 ], [ -56.9771173, 5.9974594 ], [ -56.9767433, 5.9981595 ], [ -56.9756434, 5.9989471 ], [ -56.9746754, 5.9989471 ], [ -56.9744994, 5.9993847 ], [ -56.9732455, 5.9999317 ], [ -56.9726295, 5.9997785 ], [ -56.9719696, 6.0000411 ], [ -56.9713536, 6.0009381 ], [ -56.9703416, 6.0014194 ], [ -56.9699896, 6.0020539 ], [ -56.9692637, 6.0024039 ], [ -56.9691317, 6.0029946 ], [ -56.9688017, 6.0031478 ], [ -56.9683397, 6.0041542 ], [ -56.9679437, 6.0043511 ], [ -56.9678337, 6.0052262 ], [ -56.9670198, 6.0055544 ], [ -56.9669758, 6.0057732 ], [ -56.9665578, 6.0059482 ], [ -56.9663818, 6.0067358 ], [ -56.9665358, 6.0073922 ], [ -56.9658758, 6.008136 ], [ -56.9651059, 6.0085955 ], [ -56.9647759, 6.0093831 ], [ -56.9640719, 6.0101269 ], [ -56.9636271, 6.0104178 ], [ -56.9624816, 6.0101478 ], [ -56.962048, 6.0098207 ], [ -56.961388, 6.009405 ], [ -56.9609921, 6.0095362 ], [ -56.9607501, 6.0099082 ], [ -56.9603981, 6.0097988 ], [ -56.9599361, 6.0091206 ], [ -56.9595181, 6.0091424 ], [ -56.9588802, 6.0092956 ], [ -56.9581762, 6.0090768 ], [ -56.9576262, 6.0093393 ], [ -56.9565263, 6.0091206 ], [ -56.9545464, 6.009033 ], [ -56.9536224, 6.0088799 ], [ -56.9534024, 6.0081579 ], [ -56.9526104, 6.0081798 ], [ -56.9524345, 6.007611 ], [ -56.9517745, 6.0074797 ], [ -56.9515765, 6.0080704 ], [ -56.9509165, 6.0079829 ], [ -56.9506525, 6.0075016 ], [ -56.9499926, 6.0074578 ], [ -56.9492006, 6.0078954 ], [ -56.9478807, 6.0079173 ], [ -56.9471547, 6.007064 ], [ -56.9461427, 6.0071953 ], [ -56.9456148, 6.0068233 ], [ -56.9452628, 6.005992 ], [ -56.9447348, 6.0057513 ], [ -56.9442288, 6.0058388 ], [ -56.9437009, 6.0060576 ], [ -56.9437668, 6.0051387 ], [ -56.9435689, 6.0048324 ], [ -56.9431729, 6.0047449 ], [ -56.9426229, 6.0048324 ], [ -56.9422929, 6.0052919 ], [ -56.9421169, 6.0058607 ], [ -56.941061, 6.0060357 ], [ -56.9390591, 6.0056419 ], [ -56.9390151, 6.0048981 ], [ -56.9385311, 6.0046136 ], [ -56.9380251, 6.0048762 ], [ -56.9378491, 6.0050731 ], [ -56.9374751, 6.0047449 ], [ -56.9369472, 6.0045918 ], [ -56.9366612, 6.0051606 ], [ -56.9362872, 6.0051168 ], [ -56.9360012, 6.0042855 ], [ -56.9351872, 6.0040229 ], [ -56.9345713, 6.0042855 ], [ -56.9342413, 6.0034979 ], [ -56.9334053, 6.0032572 ], [ -56.9329433, 6.003651 ], [ -56.9319094, 6.0035197 ], [ -56.9314694, 6.0038479 ], [ -56.9311834, 6.003826 ], [ -56.9310074, 6.0028415 ], [ -56.9299075, 6.0027759 ], [ -56.9294675, 6.0033009 ], [ -56.9287415, 6.0025571 ], [ -56.9285215, 6.0019882 ], [ -56.9282136, 6.0017038 ], [ -56.9271356, 6.001485 ], [ -56.9267176, 6.0015944 ], [ -56.9259257, 6.0020101 ], [ -56.9253097, 6.0020976 ], [ -56.9245617, 6.0017476 ], [ -56.9240338, 6.0016382 ], [ -56.9237038, 6.0008506 ], [ -56.9224278, 6.0007412 ], [ -56.9218779, 5.9995379 ], [ -56.9213499, 5.9992972 ], [ -56.9207339, 5.999516 ], [ -56.9204039, 5.9983783 ], [ -56.919678, 5.9983345 ], [ -56.918754, 5.9990565 ], [ -56.918072, 5.9992097 ], [ -56.917918, 5.9988596 ], [ -56.9163561, 5.9993191 ], [ -56.9149482, 5.9988815 ], [ -56.9147062, 5.999691 ], [ -56.9142002, 5.9993628 ], [ -56.9139362, 5.9981376 ], [ -56.9131223, 5.998072 ], [ -56.9123303, 5.9987721 ], [ -56.9113843, 5.9989034 ], [ -56.9106364, 5.9979626 ], [ -56.9105044, 5.9967155 ], [ -56.9093384, 5.9968249 ], [ -56.9086125, 5.9970875 ], [ -56.9080845, 5.9977001 ], [ -56.9076225, 5.9957529 ], [ -56.9061706, 5.9957529 ], [ -56.9060386, 5.9966718 ], [ -56.9057086, 5.9962998 ], [ -56.9052686, 5.9955778 ], [ -56.9042127, 5.9956216 ], [ -56.9040807, 5.9966936 ], [ -56.9033327, 5.9960154 ], [ -56.9029587, 5.9963217 ], [ -56.9024967, 5.9959717 ], [ -56.9018148, 5.9960373 ], [ -56.9018368, 5.9950746 ], [ -56.9012428, 5.9941995 ], [ -56.9005388, 5.9939588 ], [ -56.8999229, 5.9941557 ], [ -56.8994829, 5.9939588 ], [ -56.8990209, 5.9947027 ], [ -56.8988229, 5.995359 ], [ -56.8980089, 5.9952934 ], [ -56.897723, 5.9940901 ], [ -56.896865, 5.9935869 ], [ -56.896205, 5.99374 ], [ -56.8955011, 5.9941557 ], [ -56.8952151, 5.9934118 ], [ -56.8946211, 5.9932149 ], [ -56.8942127, 5.9928664 ], [ -56.8942347, 5.9926257 ], [ -56.8943887, 5.9920569 ], [ -56.8943887, 5.9916631 ], [ -56.8943007, 5.9912911 ], [ -56.8939928, 5.9908754 ], [ -56.8937728, 5.9906785 ], [ -56.8932888, 5.9904378 ], [ -56.8928048, 5.9902409 ], [ -56.8924088, 5.9901753 ], [ -56.8920348, 5.9902409 ], [ -56.8916169, 5.9903722 ], [ -56.8911109, 5.9902628 ], [ -56.8908029, 5.9902191 ], [ -56.8903629, 5.9903285 ], [ -56.8899449, 5.9903285 ], [ -56.889615, 5.9900878 ], [ -56.889417, 5.9899346 ], [ -56.888977, 5.9899565 ], [ -56.888493, 5.9901534 ], [ -56.888207, 5.9901097 ], [ -56.888031, 5.989869 ], [ -56.888009, 5.9893001 ], [ -56.887987, 5.9888626 ], [ -56.887855, 5.9885344 ], [ -56.887503, 5.9883156 ], [ -56.8869091, 5.9884031 ], [ -56.8864251, 5.98825 ], [ -56.8861391, 5.9879436 ], [ -56.8855451, 5.9875498 ], [ -56.8842692, 5.9874623 ], [ -56.8837192, 5.9874623 ], [ -56.8831912, 5.9876592 ], [ -56.8827733, 5.9878561 ], [ -56.8826193, 5.9874186 ], [ -56.8822013, 5.9869153 ], [ -56.8815853, 5.986609 ], [ -56.8806394, 5.9865872 ], [ -56.8799574, 5.9866747 ], [ -56.8793854, 5.9868059 ], [ -56.8788794, 5.9870904 ], [ -56.8785495, 5.9872654 ], [ -56.8780655, 5.9872216 ], [ -56.8777355, 5.9874186 ], [ -56.8773615, 5.9876811 ], [ -56.8766355, 5.9877249 ], [ -56.8758436, 5.987156 ], [ -56.8753816, 5.9867403 ], [ -56.8756679, 5.9850858 ], [ -56.8752803, 5.9849228 ], [ -56.8748209, 5.9847791 ], [ -56.8743442, 5.9845742 ], [ -56.8739513, 5.9844362 ], [ -56.87319, 5.9841301 ], [ -56.8723735, 5.9841693 ], [ -56.8711709, 5.98414 ], [ -56.8706247, 5.9844278 ], [ -56.8703423, 5.9844184 ], [ -56.8701344, 5.9843547 ], [ -56.8693485, 5.9840155 ], [ -56.8686836, 5.9834642 ], [ -56.8682206, 5.9833638 ], [ -56.8673822, 5.9830929 ], [ -56.8656888, 5.9828285 ], [ -56.8626137, 5.9837655 ], [ -56.8593906, 5.9829107 ], [ -56.8560601, 5.9825902 ], [ -56.8502047, 5.9827504 ], [ -56.8461759, 5.9842464 ], [ -56.8439734, 5.9853683 ], [ -56.84118, 5.9858491 ], [ -56.8297917, 5.9853683 ], [ -56.826676, 5.9857957 ], [ -56.8218951, 5.9845135 ], [ -56.817329, 5.9846738 ], [ -56.8128166, 5.9864903 ], [ -56.8078208, 5.985582 ], [ -56.8029324, 5.9859026 ], [ -56.8001928, 5.9851546 ], [ -56.7955193, 5.9851546 ], [ -56.7913829, 5.9853683 ], [ -56.7862797, 5.9857423 ], [ -56.7801558, 5.9865971 ], [ -56.7738707, 5.9871314 ], [ -56.7712228, 5.9862864 ], [ -56.7698186, 5.9864831 ], [ -56.7679617, 5.9864368 ], [ -56.7660241, 5.9867088 ], [ -56.761032, 5.9847806 ], [ -56.7591667, 5.9839578 ], [ -56.7559383, 5.9829123 ], [ -56.7530526, 5.9823828 ], [ -56.7495831, 5.9814454 ], [ -56.7469265, 5.9804726 ], [ -56.7452048, 5.9793951 ], [ -56.7404645, 5.9779766 ], [ -56.7340902, 5.975078 ], [ -56.7310772, 5.9739174 ], [ -56.7279528, 5.9732228 ], [ -56.7249785, 5.9735002 ], [ -56.7219721, 5.9738643 ], [ -56.7190498, 5.9717713 ], [ -56.715332, 5.970275 ], [ -56.7123908, 5.9700389 ], [ -56.7073827, 5.9682133 ], [ -56.7015303, 5.9668804 ], [ -56.7003322, 5.9670447 ], [ -56.6983043, 5.9673229 ], [ -56.6970946, 5.9674888 ], [ -56.6949771, 5.9667951 ], [ -56.6929883, 5.9661435 ], [ -56.6854998, 5.9678809 ], [ -56.6848574, 5.9678118 ], [ -56.6816849, 5.9674437 ], [ -56.6789752, 5.9680727 ], [ -56.6753972, 5.9675301 ], [ -56.669032, 5.9684927 ], [ -56.6641625, 5.9674662 ], [ -56.6580748, 5.9646665 ], [ -56.6500245, 5.9628709 ], [ -56.6464069, 5.962761 ], [ -56.644558, 5.9622022 ], [ -56.6416683, 5.9617191 ], [ -56.6392499, 5.9619287 ], [ -56.6373437, 5.9617543 ], [ -56.6335324, 5.9604426 ], [ -56.6300258, 5.9585039 ], [ -56.6270137, 5.955935 ], [ -56.6235058, 5.9540542 ], [ -56.6221285, 5.9542978 ], [ -56.6162245, 5.9513625 ], [ -56.612656, 5.950143 ], [ -56.6115258, 5.9494259 ], [ -56.6036291, 5.9463833 ], [ -56.6023597, 5.9463704 ], [ -56.6001244, 5.9450012 ], [ -56.5969313, 5.9438354 ], [ -56.5929693, 5.9435161 ], [ -56.5902308, 5.9431621 ], [ -56.5879967, 5.9424451 ], [ -56.5800498, 5.9408242 ], [ -56.5742832, 5.9391012 ], [ -56.5691058, 5.9379584 ], [ -56.5657648, 5.9378729 ], [ -56.5627568, 5.9380311 ], [ -56.5613601, 5.9375502 ], [ -56.5598023, 5.9373365 ], [ -56.5580833, 5.9370694 ], [ -56.5567404, 5.9374968 ], [ -56.5557828, 5.9372481 ], [ -56.5545216, 5.9370065 ], [ -56.5530128, 5.9372738 ], [ -56.5508057, 5.9369647 ], [ -56.5490118, 5.9366767 ], [ -56.547092, 5.9370647 ], [ -56.5448148, 5.9368022 ], [ -56.5433751, 5.9363739 ], [ -56.5406892, 5.9365876 ], [ -56.5388303, 5.9364609 ], [ -56.5367571, 5.9357336 ], [ -56.5344363, 5.9353911 ], [ -56.5313315, 5.9352527 ], [ -56.5278827, 5.9352096 ], [ -56.5238109, 5.9342375 ], [ -56.5199969, 5.9340772 ], [ -56.5162903, 5.9333826 ], [ -56.5120626, 5.9322039 ], [ -56.5092302, 5.9313288 ], [ -56.5065672, 5.9312454 ], [ -56.5036512, 5.9301763 ], [ -56.5012491, 5.9296425 ], [ -56.4985013, 5.9290452 ], [ -56.4967203, 5.9282555 ], [ -56.4932442, 5.9268682 ], [ -56.4904762, 5.9259504 ], [ -56.4870644, 5.9242857 ], [ -56.4826226, 5.9222367 ], [ -56.4820218, 5.9224075 ], [ -56.4814854, 5.9225355 ], [ -56.478653, 5.9213403 ], [ -56.4758635, 5.9202091 ], [ -56.4736104, 5.9187364 ], [ -56.4707351, 5.9173918 ], [ -56.4701343, 5.9171997 ], [ -56.4680743, 5.9164527 ], [ -56.4648772, 5.9153428 ], [ -56.4630532, 5.9146599 ], [ -56.4604783, 5.9139982 ], [ -56.4588905, 5.9147025 ], [ -56.4578605, 5.9147879 ], [ -56.4567232, 5.9142757 ], [ -56.4559722, 5.9137634 ], [ -56.4537192, 5.9138061 ], [ -56.4514232, 5.9132725 ], [ -56.4488912, 5.9129951 ], [ -56.4459515, 5.9132085 ], [ -56.4437628, 5.9137421 ], [ -56.4416385, 5.9139769 ], [ -56.4365173, 5.912633 ], [ -56.4335853, 5.9113684 ], [ -56.4299244, 5.9097103 ], [ -56.4292057, 5.9092756 ], [ -56.4256883, 5.9076924 ], [ -56.4236833, 5.9079316 ], [ -56.422502, 5.908021 ], [ -56.4213024, 5.9077255 ], [ -56.4198495, 5.9085024 ], [ -56.4185603, 5.9077482 ], [ -56.4169671, 5.9073897 ], [ -56.4158868, 5.9071345 ], [ -56.4147956, 5.9070909 ], [ -56.4142317, 5.9073016 ], [ -56.4137918, 5.907451 ], [ -56.4130247, 5.9075204 ], [ -56.4124453, 5.9074884 ], [ -56.4119518, 5.9073497 ], [ -56.4114744, 5.907403 ], [ -56.4111686, 5.907419 ], [ -56.4099991, 5.9074937 ], [ -56.4094251, 5.907451 ], [ -56.4088297, 5.9072376 ], [ -56.4083952, 5.9072696 ], [ -56.4081913, 5.9073283 ], [ -56.4078748, 5.9077499 ], [ -56.4067698, 5.9077872 ], [ -56.4051122, 5.9075471 ], [ -56.403417, 5.9070135 ], [ -56.4028537, 5.9068428 ], [ -56.4027997, 5.9068153 ], [ -56.4021188, 5.90664 ], [ -56.4019525, 5.9067467 ], [ -56.399914, 5.9066933 ], [ -56.3992167, 5.9066667 ], [ -56.3977575, 5.9061064 ], [ -56.3963521, 5.9055568 ], [ -56.3946408, 5.9049965 ], [ -56.3925541, 5.9046497 ], [ -56.3917333, 5.9044683 ], [ -56.3913149, 5.9044416 ], [ -56.3910145, 5.9044042 ], [ -56.3903654, 5.9041694 ], [ -56.3886219, 5.9036625 ], [ -56.3870072, 5.9029155 ], [ -56.3863957, 5.9026807 ], [ -56.3852209, 5.9023872 ], [ -56.3841105, 5.9022485 ], [ -56.38322, 5.9023552 ], [ -56.382587, 5.9023339 ], [ -56.3823402, 5.9022698 ], [ -56.3818145, 5.9025153 ], [ -56.379261, 5.9013627 ], [ -56.376493, 5.9004983 ], [ -56.373446, 5.8995378 ], [ -56.3715792, 5.8991429 ], [ -56.3695729, 5.8986307 ], [ -56.3675773, 5.8984066 ], [ -56.3663838, 5.8980513 ], [ -56.3661075, 5.897969 ], [ -56.3652706, 5.8975848 ], [ -56.3639939, 5.8974461 ], [ -56.3605821, 5.8967951 ], [ -56.3572776, 5.8964429 ], [ -56.3546062, 5.8964429 ], [ -56.3520098, 5.8961868 ], [ -56.3483942, 5.8954718 ], [ -56.3473213, 5.8952476 ], [ -56.3464737, 5.8951089 ], [ -56.3450897, 5.8951089 ], [ -56.3437593, 5.8948314 ], [ -56.3426006, 5.8941271 ], [ -56.3413882, 5.8936788 ], [ -56.3393498, 5.8929638 ], [ -56.3379336, 5.8928678 ], [ -56.336925, 5.8932413 ], [ -56.3353418, 5.8924365 ], [ -56.3340118, 5.8926152 ], [ -56.332773, 5.892078 ], [ -56.3319147, 5.8918326 ], [ -56.3306809, 5.8915978 ], [ -56.3276889, 5.8910561 ], [ -56.3249374, 5.890308 ], [ -56.3238216, 5.8898559 ], [ -56.3219226, 5.8899482 ], [ -56.3210428, 5.8896897 ], [ -56.3199881, 5.8892215 ], [ -56.3184569, 5.8887677 ], [ -56.3172464, 5.8884757 ], [ -56.3167851, 5.8883865 ], [ -56.3163237, 5.8882972 ], [ -56.315495, 5.8879965 ], [ -56.3139499, 5.8876 ], [ -56.3132286, 5.8872672 ], [ -56.31266, 5.88695 ], [ -56.3106967, 5.8865172 ], [ -56.3101113, 5.8862204 ], [ -56.3092316, 5.8858498 ], [ -56.308706, 5.8857772 ], [ -56.307936, 5.8853871 ], [ -56.3072601, 5.88514 ], [ -56.30545, 5.88462 ], [ -56.3042691, 5.8842486 ], [ -56.3035642, 5.8841129 ], [ -56.3030814, 5.8838165 ], [ -56.3013697, 5.883076 ], [ -56.3012651, 5.8828172 ], [ -56.30119, 5.8826251 ], [ -56.301088, 5.8825851 ], [ -56.3010103, 5.8827078 ], [ -56.3009378, 5.8829586 ], [ -56.3008493, 5.8831267 ], [ -56.3007581, 5.883188 ], [ -56.3005112, 5.8831515 ], [ -56.2998246, 5.8831112 ], [ -56.2977647, 5.8827111 ], [ -56.2962758, 5.8822755 ], [ -56.2953961, 5.8820964 ], [ -56.2943899, 5.88203 ], [ -56.29412, 5.88203 ], [ -56.2936694, 5.8820126 ], [ -56.2932048, 5.8819806 ], [ -56.29284, 5.8818615 ], [ -56.2925018, 5.8817235 ], [ -56.2923061, 5.8815885 ], [ -56.2920644, 5.8817165 ], [ -56.2918874, 5.8815115 ], [ -56.2912813, 5.8814795 ], [ -56.2910023, 5.8810809 ], [ -56.2905035, 5.881035 ], [ -56.29001, 5.8810914 ], [ -56.2893015, 5.8811985 ], [ -56.2881725, 5.8811064 ], [ -56.2874644, 5.8812422 ], [ -56.286879, 5.8813062 ], [ -56.286469, 5.8812399 ], [ -56.2857209, 5.8812329 ], [ -56.2851373, 5.8812717 ], [ -56.2847978, 5.8815253 ], [ -56.2841544, 5.8814591 ], [ -56.2835655, 5.8815158 ], [ -56.2833478, 5.8815038 ], [ -56.2824861, 5.8815705 ], [ -56.2821022, 5.8814943 ], [ -56.281265, 5.8815424 ], [ -56.2807715, 5.8815507 ], [ -56.2801548, 5.881642 ], [ -56.2792961, 5.8816171 ], [ -56.2785773, 5.8815774 ], [ -56.2780433, 5.8815245 ], [ -56.2775158, 5.8815023 ], [ -56.2768058, 5.8813941 ], [ -56.2757795, 5.8813793 ], [ -56.2752859, 5.8815125 ], [ -56.2746442, 5.8814676 ], [ -56.2741267, 5.881569 ], [ -56.2737394, 5.8816408 ], [ -56.2734811, 5.8816273 ], [ -56.2731827, 5.8815822 ], [ -56.2728857, 5.8816502 ], [ -56.2725584, 5.8816884 ], [ -56.2716514, 5.8816644 ], [ -56.2708602, 5.8816254 ], [ -56.2703965, 5.8813984 ], [ -56.2698889, 5.8812261 ], [ -56.2688506, 5.8812564 ], [ -56.2682176, 5.8813738 ], [ -56.2676382, 5.8813417 ], [ -56.2668872, 5.8812243 ], [ -56.2660503, 5.8812457 ], [ -56.2652886, 5.881267 ], [ -56.2646556, 5.881267 ], [ -56.2638295, 5.881139 ], [ -56.2630677, 5.8809895 ], [ -56.262424, 5.8809362 ], [ -56.2612009, 5.8808935 ], [ -56.2609112, 5.8809469 ], [ -56.2609434, 5.8812137 ], [ -56.2616515, 5.8813417 ], [ -56.2622845, 5.8816406 ], [ -56.2627995, 5.8818113 ], [ -56.2637436, 5.8820781 ], [ -56.264205, 5.8821635 ], [ -56.2652886, 5.8823663 ], [ -56.2657821, 5.8823876 ], [ -56.2667906, 5.8826758 ], [ -56.2675953, 5.8830707 ], [ -56.267885, 5.8832841 ], [ -56.2684536, 5.8840312 ], [ -56.2685931, 5.8845007 ], [ -56.2684429, 5.8851838 ], [ -56.2679386, 5.8860269 ], [ -56.2672627, 5.8865605 ], [ -56.2667585, 5.8870728 ], [ -56.2662649, 5.8874463 ], [ -56.2657285, 5.8877344 ], [ -56.2647951, 5.8884281 ], [ -56.2647307, 5.8888657 ], [ -56.2644732, 5.8890578 ], [ -56.2637758, 5.8890578 ], [ -56.2627995, 5.8889084 ], [ -56.2619948, 5.8887163 ], [ -56.260922, 5.8883961 ], [ -56.2599993, 5.8882147 ], [ -56.2587977, 5.8876704 ], [ -56.2563944, 5.8871048 ], [ -56.2551606, 5.886838 ], [ -56.2543345, 5.8866245 ], [ -56.2532401, 5.886251 ], [ -56.252414, 5.8860482 ], [ -56.2515342, 5.8858668 ], [ -56.2517703, 5.8861229 ], [ -56.2526393, 5.8864431 ], [ -56.2539053, 5.88687 ], [ -56.2547636, 5.8872649 ], [ -56.2556648, 5.8877024 ], [ -56.256212, 5.8879586 ], [ -56.2571561, 5.8885989 ], [ -56.2586796, 5.8892712 ], [ -56.2594307, 5.8901143 ], [ -56.2594628, 5.8904452 ], [ -56.2590015, 5.890808 ], [ -56.2581647, 5.8907547 ], [ -56.2574673, 5.8907867 ], [ -56.2568343, 5.8909574 ], [ -56.2558472, 5.8912883 ], [ -56.2556005, 5.8910535 ], [ -56.2553215, 5.8908507 ], [ -56.2550855, 5.8908934 ], [ -56.2548387, 5.8909681 ], [ -56.2546778, 5.8906906 ], [ -56.2543237, 5.8904025 ], [ -56.254077, 5.8905412 ], [ -56.2538838, 5.8907013 ], [ -56.2535191, 5.8907227 ], [ -56.2527573, 5.8904665 ], [ -56.2523604, 5.8902317 ], [ -56.2521136, 5.8900503 ], [ -56.2517381, 5.8898049 ], [ -56.2511909, 5.889538 ], [ -56.2508261, 5.8893673 ], [ -56.2503111, 5.8891965 ], [ -56.25, 5.8890471 ], [ -56.2498283, 5.888823 ], [ -56.249646, 5.8885669 ], [ -56.249249, 5.8883001 ], [ -56.2490773, 5.8880333 ], [ -56.2489271, 5.8877344 ], [ -56.2486589, 5.8875317 ], [ -56.2483049, 5.8875637 ], [ -56.2478972, 5.8876277 ], [ -56.2474787, 5.887521 ], [ -56.2463522, 5.8868166 ], [ -56.2457621, 5.8866139 ], [ -56.2452471, 5.8864965 ], [ -56.2448073, 5.8863791 ], [ -56.2445819, 5.8862723 ], [ -56.2442601, 5.8860376 ], [ -56.2439597, 5.8858134 ], [ -56.2437344, 5.8855573 ], [ -56.243552, 5.8852051 ], [ -56.2432945, 5.8848423 ], [ -56.2430048, 5.8846715 ], [ -56.2430048, 5.8845328 ], [ -56.2425006, 5.8842446 ], [ -56.242404, 5.8839458 ], [ -56.2423611, 5.8837217 ], [ -56.2421894, 5.8836043 ], [ -56.2417495, 5.8835082 ], [ -56.2414384, 5.8835296 ], [ -56.2410092, 5.8834549 ], [ -56.240902, 5.8832734 ], [ -56.2405694, 5.8828359 ], [ -56.2402797, 5.8828465 ], [ -56.23999, 5.8827505 ], [ -56.2393677, 5.8821742 ], [ -56.2390673, 5.8821208 ], [ -56.2386382, 5.881918 ], [ -56.2382519, 5.8817686 ], [ -56.2378013, 5.8816833 ], [ -56.2373829, 5.8816512 ], [ -56.237061, 5.8816619 ], [ -56.2368465, 5.8815979 ], [ -56.2365568, 5.8814485 ], [ -56.2360847, 5.8814271 ], [ -56.235795, 5.8813417 ], [ -56.2356985, 5.881171 ], [ -56.2356556, 5.8807334 ], [ -56.2355054, 5.8806694 ], [ -56.2351406, 5.8805627 ], [ -56.2347865, 5.8804986 ], [ -56.2346256, 5.8803279 ], [ -56.2346256, 5.8800717 ], [ -56.2347436, 5.8797942 ], [ -56.2345612, 5.8794634 ], [ -56.2342823, 5.8793033 ], [ -56.2339282, 5.8790578 ], [ -56.2334776, 5.8789618 ], [ -56.2331343, 5.8786736 ], [ -56.2327051, 5.8786736 ], [ -56.2323403, 5.8790258 ], [ -56.2320185, 5.8790472 ], [ -56.2317503, 5.8788017 ], [ -56.2315679, 5.8785669 ], [ -56.2312943, 5.8785776 ], [ -56.2310529, 5.8786416 ], [ -56.230849, 5.8785989 ], [ -56.2305647, 5.8783855 ], [ -56.230098, 5.878092 ], [ -56.2299317, 5.8780013 ], [ -56.2299532, 5.8777771 ], [ -56.2296689, 5.8774997 ], [ -56.2292987, 5.8773396 ], [ -56.2290037, 5.8773769 ], [ -56.2287462, 5.8773609 ], [ -56.2285262, 5.8771902 ], [ -56.2282258, 5.8770247 ], [ -56.2280971, 5.8769927 ], [ -56.2280756, 5.876806 ], [ -56.2277377, 5.8765605 ], [ -56.2276572, 5.8762296 ], [ -56.2276787, 5.8758828 ], [ -56.2275821, 5.875616 ], [ -56.227389, 5.8753865 ], [ -56.2271422, 5.8752211 ], [ -56.2267077, 5.875109 ], [ -56.2263215, 5.8750663 ], [ -56.2259352, 5.8750397 ], [ -56.2258187, 5.8754638 ], [ -56.2255865, 5.8755946 ], [ -56.2254578, 5.8757867 ], [ -56.2253398, 5.8759895 ], [ -56.2252164, 5.8761709 ], [ -56.2250876, 5.876267 ], [ -56.224916, 5.8762617 ], [ -56.2247765, 5.8760909 ], [ -56.2246531, 5.8757494 ], [ -56.2245244, 5.8753278 ], [ -56.2241328, 5.8747195 ], [ -56.2239075, 5.874522 ], [ -56.223709, 5.8742766 ], [ -56.2234408, 5.8740311 ], [ -56.2230814, 5.8738337 ], [ -56.2227541, 5.8739137 ], [ -56.2226147, 5.8740738 ], [ -56.2223089, 5.8741805 ], [ -56.2221158, 5.8743246 ], [ -56.2220085, 5.8745007 ], [ -56.2218475, 5.8746074 ], [ -56.2217027, 5.8744047 ], [ -56.2215793, 5.8741218 ], [ -56.2214774, 5.8738337 ], [ -56.2212199, 5.8735829 ], [ -56.2209839, 5.8735509 ], [ -56.2207317, 5.8736736 ], [ -56.2204635, 5.8738017 ], [ -56.2200934, 5.8739724 ], [ -56.2198144, 5.8740044 ], [ -56.2196964, 5.8740044 ], [ -56.2195998, 5.8736202 ], [ -56.2196159, 5.8732627 ], [ -56.2195945, 5.8730226 ], [ -56.2194872, 5.8727131 ], [ -56.2194657, 5.8724836 ], [ -56.2192833, 5.8722435 ], [ -56.2189776, 5.8721207 ], [ -56.218763, 5.8720941 ], [ -56.2185216, 5.8722008 ], [ -56.2182748, 5.8723182 ], [ -56.2180227, 5.8723875 ], [ -56.2178189, 5.8723822 ], [ -56.217733, 5.8721314 ], [ -56.2177599, 5.8718753 ], [ -56.2176418, 5.8717205 ], [ -56.2173468, 5.8716405 ], [ -56.2170517, 5.8715391 ], [ -56.216805, 5.8715444 ], [ -56.2160862, 5.8715818 ], [ -56.2157804, 5.8714537 ], [ -56.2154102, 5.8712936 ], [ -56.2152171, 5.8709948 ], [ -56.2149757, 5.8707546 ], [ -56.2146485, 5.8705892 ], [ -56.2145734, 5.8703331 ], [ -56.21445, 5.8700449 ], [ -56.2144446, 5.8697408 ], [ -56.2143105, 5.8693459 ], [ -56.2141872, 5.868983 ], [ -56.2138706, 5.8687002 ], [ -56.213581, 5.8685081 ], [ -56.2133128, 5.868396 ], [ -56.2127066, 5.8682573 ], [ -56.2123793, 5.8682519 ], [ -56.2122184, 5.868428 ], [ -56.2119985, 5.8686041 ], [ -56.2118214, 5.8687162 ], [ -56.2116069, 5.8687482 ], [ -56.2113386, 5.8686095 ], [ -56.2112099, 5.8685241 ], [ -56.2107432, 5.8683853 ], [ -56.210416, 5.868316 ], [ -56.210357, 5.8684974 ], [ -56.2102336, 5.8687269 ], [ -56.2100512, 5.8687002 ], [ -56.2098527, 5.8684707 ], [ -56.2095362, 5.8683533 ], [ -56.2092197, 5.8683213 ], [ -56.2090105, 5.8682199 ], [ -56.2088066, 5.8680598 ], [ -56.2085009, 5.8679904 ], [ -56.2082863, 5.8680331 ], [ -56.2081146, 5.8682039 ], [ -56.2078303, 5.8682413 ], [ -56.2076211, 5.8680972 ], [ -56.2076318, 5.8678464 ], [ -56.207428, 5.8676756 ], [ -56.206677, 5.8674888 ], [ -56.2065053, 5.8677396 ], [ -56.2062961, 5.8679371 ], [ -56.2059367, 5.8680545 ], [ -56.2056685, 5.8681185 ], [ -56.2053788, 5.8682626 ], [ -56.2051696, 5.8684173 ], [ -56.2048799, 5.8684067 ], [ -56.2046117, 5.868316 ], [ -56.204499, 5.8681399 ], [ -56.2046224, 5.8677663 ], [ -56.2046707, 5.8674195 ], [ -56.2047726, 5.867238 ], [ -56.2047887, 5.8668698 ], [ -56.2049925, 5.866667 ], [ -56.2050945, 5.8663949 ], [ -56.2051964, 5.865952 ], [ -56.2052608, 5.8656585 ], [ -56.2051266, 5.8653009 ], [ -56.2050891, 5.8651408 ], [ -56.2048692, 5.864858 ], [ -56.2047439, 5.8645969 ], [ -56.2046278, 5.8644791 ], [ -56.2043971, 5.8642977 ], [ -56.2042415, 5.8642337 ], [ -56.2039572, 5.8640896 ], [ -56.2038714, 5.8640309 ], [ -56.2037587, 5.8639722 ], [ -56.2034959, 5.8638068 ], [ -56.2032974, 5.8636787 ], [ -56.2030613, 5.8635399 ], [ -56.2027985, 5.8634012 ], [ -56.2025303, 5.8633212 ], [ -56.2022942, 5.8631717 ], [ -56.2021923, 5.8631397 ], [ -56.2021226, 5.863065 ], [ -56.2014574, 5.8628622 ], [ -56.2013018, 5.8628089 ], [ -56.2011731, 5.8627822 ], [ -56.2010551, 5.8627342 ], [ -56.2009531, 5.8627075 ], [ -56.2008405, 5.8626968 ], [ -56.2007439, 5.8626755 ], [ -56.2006259, 5.8626381 ], [ -56.2001324, 5.8624407 ], [ -56.1993599, 5.8622059 ], [ -56.1992472, 5.8621792 ], [ -56.1987805, 5.8620031 ], [ -56.1981368, 5.8617896 ], [ -56.1978203, 5.8616562 ], [ -56.1977023, 5.8616135 ], [ -56.1974126, 5.8615281 ], [ -56.1973107, 5.8615015 ], [ -56.1972034, 5.8614908 ], [ -56.1971068, 5.8614694 ], [ -56.1969942, 5.8614641 ], [ -56.1968601, 5.8614748 ], [ -56.1967528, 5.8614748 ], [ -56.1965329, 5.8614854 ], [ -56.1964148, 5.8614961 ], [ -56.1963236, 5.8615441 ], [ -56.1962217, 5.8615868 ], [ -56.1961091, 5.8615602 ], [ -56.1959964, 5.8615655 ], [ -56.1958998, 5.8615762 ], [ -56.1957765, 5.8616135 ], [ -56.1955619, 5.8616882 ], [ -56.19546, 5.8617309 ], [ -56.1953098, 5.8617683 ], [ -56.1950684, 5.861859 ], [ -56.1948431, 5.8620885 ], [ -56.1947626, 5.8621472 ], [ -56.1946553, 5.8621205 ], [ -56.1945641, 5.8620831 ], [ -56.1944515, 5.8621098 ], [ -56.1943495, 5.8621525 ], [ -56.1939579, 5.8628889 ], [ -56.1939204, 5.8629903 ], [ -56.1938667, 5.8630864 ], [ -56.1938399, 5.8631824 ], [ -56.1937434, 5.8633959 ], [ -56.1936361, 5.8634652 ], [ -56.1935395, 5.8635026 ], [ -56.1934215, 5.8634973 ], [ -56.1933196, 5.8634652 ], [ -56.1930889, 5.8632625 ], [ -56.1930245, 5.8631824 ], [ -56.1929333, 5.863097 ], [ -56.1928421, 5.8630437 ], [ -56.1927402, 5.862985 ], [ -56.1926168, 5.862969 ], [ -56.1925042, 5.863017 ], [ -56.1928207, 5.8633158 ], [ -56.1930192, 5.8634172 ], [ -56.1930353, 5.863572 ], [ -56.1929601, 5.8635026 ], [ -56.1928904, 5.8634172 ], [ -56.1927402, 5.8632998 ], [ -56.192649, 5.8632411 ], [ -56.1924613, 5.8631344 ], [ -56.1923701, 5.863097 ], [ -56.1922199, 5.8630223 ], [ -56.1921126, 5.8629956 ], [ -56.1920106, 5.8629583 ], [ -56.191898, 5.8629049 ], [ -56.1917853, 5.8628409 ], [ -56.1916888, 5.8627608 ], [ -56.1916834, 5.8626541 ], [ -56.19178, 5.8626434 ], [ -56.1918873, 5.8626541 ], [ -56.1919946, 5.8626541 ], [ -56.192075, 5.8625794 ], [ -56.1919999, 5.86251 ], [ -56.1918712, 5.8624887 ], [ -56.1917585, 5.8624513 ], [ -56.1916459, 5.8624513 ], [ -56.1915386, 5.862462 ], [ -56.1913347, 5.8624994 ], [ -56.1912328, 5.8624833 ], [ -56.1911416, 5.862414 ], [ -56.1911362, 5.8623072 ], [ -56.191147, 5.8622059 ], [ -56.1911577, 5.8620671 ], [ -56.1910558, 5.8619017 ], [ -56.1909807, 5.861827 ], [ -56.1908948, 5.8617469 ], [ -56.1905676, 5.8616082 ], [ -56.1903799, 5.8614854 ], [ -56.190294, 5.8614001 ], [ -56.1902028, 5.8613307 ], [ -56.1901063, 5.8612827 ], [ -56.1899936, 5.8612293 ], [ -56.189881, 5.8611813 ], [ -56.189763, 5.8611546 ], [ -56.1896342, 5.8611386 ], [ -56.1895269, 5.8611279 ], [ -56.1890173, 5.8609838 ], [ -56.1888939, 5.8609732 ], [ -56.1881858, 5.8608184 ], [ -56.1878318, 5.8607917 ], [ -56.1875904, 5.8608131 ], [ -56.1872739, 5.8608611 ], [ -56.1870861, 5.8608504 ], [ -56.1869842, 5.8608184 ], [ -56.1868715, 5.8607757 ], [ -56.1864746, 5.8605783 ], [ -56.1859059, 5.8603701 ], [ -56.1851442, 5.860653 ], [ -56.1850745, 5.8605676 ], [ -56.1849833, 5.8603968 ], [ -56.1849243, 5.8602421 ], [ -56.1848384, 5.860178 ], [ -56.1847258, 5.860178 ], [ -56.184597, 5.8601834 ], [ -56.1844897, 5.860194 ], [ -56.1841518, 5.8602047 ], [ -56.1838943, 5.8602261 ], [ -56.183787, 5.8602474 ], [ -56.1835402, 5.8603061 ], [ -56.1834383, 5.8602848 ], [ -56.1833471, 5.8602314 ], [ -56.1832666, 5.860162 ], [ -56.1831701, 5.860098 ], [ -56.1830682, 5.8600126 ], [ -56.1829823, 5.8599432 ], [ -56.1827087, 5.8596337 ], [ -56.1820221, 5.8591908 ], [ -56.1817968, 5.8591695 ], [ -56.1816788, 5.8591428 ], [ -56.181432, 5.8591108 ], [ -56.1811799, 5.8591001 ], [ -56.1810726, 5.8591054 ], [ -56.1806005, 5.8591054 ], [ -56.1803269, 5.8591001 ], [ -56.180225, 5.8590787 ], [ -56.1800909, 5.8590627 ], [ -56.179989, 5.859036 ], [ -56.1798817, 5.858988 ], [ -56.1797583, 5.8589613 ], [ -56.1796564, 5.8589507 ], [ -56.1795491, 5.858924 ], [ -56.1791951, 5.858892 ], [ -56.1790556, 5.858892 ], [ -56.1789751, 5.858908 ], [ -56.178723, 5.8588706 ], [ -56.1786211, 5.8588493 ], [ -56.1785406, 5.8587586 ], [ -56.1785084, 5.8586625 ], [ -56.1784816, 5.8585558 ], [ -56.1783797, 5.8584384 ], [ -56.1782777, 5.858353 ], [ -56.1780095, 5.8582783 ], [ -56.1777788, 5.8582409 ], [ -56.1776501, 5.8582409 ], [ -56.1774409, 5.8582142 ], [ -56.1772049, 5.8581715 ], [ -56.1771029, 5.8581342 ], [ -56.1769313, 5.8580968 ], [ -56.176604, 5.8579848 ], [ -56.1764914, 5.8579421 ], [ -56.1761749, 5.8577927 ], [ -56.1760837, 5.8577393 ], [ -56.1759657, 5.8576539 ], [ -56.1757457, 5.8574084 ], [ -56.1756814, 5.8573231 ], [ -56.175617, 5.8572003 ], [ -56.1755687, 5.8570883 ], [ -56.1755419, 5.8569869 ], [ -56.1755419, 5.8568801 ], [ -56.1755526, 5.8567734 ], [ -56.1755955, 5.8565546 ], [ -56.1756223, 5.8564426 ], [ -56.1756384, 5.8563358 ], [ -56.1756492, 5.8562184 ], [ -56.1756599, 5.855989 ], [ -56.1756975, 5.8557862 ], [ -56.1757028, 5.8556741 ], [ -56.1757028, 5.8550337 ], [ -56.1756116, 5.8549804 ], [ -56.1755043, 5.8549697 ], [ -56.175499, 5.8551725 ], [ -56.1755097, 5.8553646 ], [ -56.1754829, 5.8554767 ], [ -56.1754131, 5.8562131 ], [ -56.1753756, 5.8563358 ], [ -56.1753166, 5.8564212 ], [ -56.1752039, 5.8564906 ], [ -56.175102, 5.8565279 ], [ -56.1749947, 5.8565279 ], [ -56.1748874, 5.8565226 ], [ -56.1746353, 5.8564586 ], [ -56.1742169, 5.8564052 ], [ -56.1741203, 5.8563625 ], [ -56.1738896, 5.8562718 ], [ -56.1736697, 5.8562344 ], [ -56.173541, 5.8562184 ], [ -56.1733049, 5.856149 ], [ -56.1731923, 5.856101 ], [ -56.173085, 5.8560637 ], [ -56.1729831, 5.8560156 ], [ -56.1728758, 5.8559729 ], [ -56.1727846, 5.8559303 ], [ -56.1726719, 5.8558876 ], [ -56.1725539, 5.8558609 ], [ -56.1724573, 5.8558289 ], [ -56.1723393, 5.8558129 ], [ -56.1721355, 5.8557702 ], [ -56.1720282, 5.8557275 ], [ -56.1719263, 5.8557061 ], [ -56.171819, 5.8556688 ], [ -56.1715561, 5.8555941 ], [ -56.1713255, 5.8555994 ], [ -56.1712289, 5.8555727 ], [ -56.1711323, 5.8555194 ], [ -56.1710358, 5.8554873 ], [ -56.1708051, 5.85545 ], [ -56.1707193, 5.8553859 ], [ -56.1706388, 5.8553112 ], [ -56.1704457, 5.8552098 ], [ -56.1703545, 5.8551351 ], [ -56.1700863, 5.8551245 ], [ -56.1697966, 5.8551351 ], [ -56.1695606, 5.8551351 ], [ -56.1694533, 5.8551458 ], [ -56.1692172, 5.8551458 ], [ -56.1691207, 5.8551298 ], [ -56.169008, 5.8551191 ], [ -56.1688954, 5.8551138 ], [ -56.1685306, 5.8550658 ], [ -56.1684179, 5.8550604 ], [ -56.1680156, 5.854975 ], [ -56.167919, 5.8549377 ], [ -56.1678386, 5.8548897 ], [ -56.167624, 5.8548576 ], [ -56.1675006, 5.854831 ], [ -56.167388, 5.8547989 ], [ -56.1672914, 5.8547776 ], [ -56.1670768, 5.8547509 ], [ -56.1669534, 5.8547296 ], [ -56.1667121, 5.8547189 ], [ -56.1663795, 5.8546495 ], [ -56.1661327, 5.8546122 ], [ -56.1660254, 5.8545801 ], [ -56.1659181, 5.8545321 ], [ -56.1658055, 5.8545001 ], [ -56.1656606, 5.8544467 ], [ -56.1652261, 5.8544467 ], [ -56.1651027, 5.8544627 ], [ -56.1650008, 5.8544948 ], [ -56.1648935, 5.8545535 ], [ -56.1647809, 5.8546015 ], [ -56.1646789, 5.8546282 ], [ -56.1644965, 5.8547242 ], [ -56.1643839, 5.8547616 ], [ -56.1642766, 5.8547562 ], [ -56.1641961, 5.8546922 ], [ -56.1640513, 5.8545481 ], [ -56.1639494, 5.8544147 ], [ -56.1638635, 5.85434 ], [ -56.1637187, 5.8541906 ], [ -56.1635524, 5.8540572 ], [ -56.1632842, 5.8538277 ], [ -56.1631876, 5.8537797 ], [ -56.1630911, 5.8537156 ], [ -56.1627853, 5.8535822 ], [ -56.1626887, 5.8535449 ], [ -56.1625922, 5.8535182 ], [ -56.162501, 5.8534808 ], [ -56.162281, 5.8534275 ], [ -56.1621577, 5.8533901 ], [ -56.1614066, 5.8532033 ], [ -56.1612886, 5.8531606 ], [ -56.1610848, 5.8530699 ], [ -56.1608595, 5.8530006 ], [ -56.1607039, 5.8529525 ], [ -56.1605859, 5.8529045 ], [ -56.1603391, 5.8528191 ], [ -56.1602265, 5.8528031 ], [ -56.1600924, 5.8527764 ], [ -56.1596847, 5.8525736 ], [ -56.159454, 5.8524936 ], [ -56.1593199, 5.8524562 ], [ -56.1590999, 5.8524029 ], [ -56.1589819, 5.8523922 ], [ -56.1588746, 5.8523708 ], [ -56.1587781, 5.8523548 ], [ -56.1586762, 5.8523282 ], [ -56.1584669, 5.8523121 ], [ -56.1582524, 5.8522801 ], [ -56.1581504, 5.8522588 ], [ -56.1580432, 5.8522268 ], [ -56.1579359, 5.8521787 ], [ -56.1578339, 5.8521521 ], [ -56.1577159, 5.8521094 ], [ -56.1576301, 5.852088 ], [ -56.1571795, 5.8520827 ], [ -56.1570722, 5.8520186 ], [ -56.1570615, 5.8519173 ], [ -56.1570561, 5.8518052 ], [ -56.1569917, 5.8517251 ], [ -56.1569059, 5.8516451 ], [ -56.1568201, 5.8515811 ], [ -56.1566323, 5.851517 ], [ -56.156466, 5.8514743 ], [ -56.1563695, 5.851437 ], [ -56.1561817, 5.8513516 ], [ -56.1557418, 5.8512395 ], [ -56.1555272, 5.8511701 ], [ -56.1554253, 5.8511488 ], [ -56.1553127, 5.8511381 ], [ -56.1551893, 5.8511168 ], [ -56.1550874, 5.8511061 ], [ -56.1549813, 5.8511125 ], [ -56.1548494, 5.8510866 ], [ -56.1546398, 5.8510621 ], [ -56.1543317, 5.8509947 ], [ -56.15419, 5.8509579 ], [ -56.1530747, 5.8506391 ], [ -56.1529268, 5.8506207 ], [ -56.1523784, 5.8506207 ], [ -56.1522736, 5.8506514 ], [ -56.1518238, 5.8506759 ], [ -56.1517128, 5.8506882 ], [ -56.1515958, 5.850682 ], [ -56.1514787, 5.8506636 ], [ -56.151263, 5.8505594 ], [ -56.1511583, 5.8505288 ], [ -56.1510473, 5.8505043 ], [ -56.1507331, 5.8504491 ], [ -56.1506037, 5.8504368 ], [ -56.1504928, 5.8504184 ], [ -56.1503757, 5.8504062 ], [ -56.1502339, 5.8503939 ], [ -56.1501045, 5.8503939 ], [ -56.1499751, 5.8503817 ], [ -56.1498581, 5.8503878 ], [ -56.1495992, 5.8503878 ], [ -56.1494698, 5.8504123 ], [ -56.1491309, 5.8504062 ], [ -56.14902, 5.850443 ], [ -56.1489091, 5.8505043 ], [ -56.1487982, 5.850541 ], [ -56.1485086, 5.8506575 ], [ -56.1483915, 5.8506943 ], [ -56.1478615, 5.8506391 ], [ -56.1473932, 5.8507433 ], [ -56.1472638, 5.8507433 ], [ -56.1471529, 5.8507617 ], [ -56.1470112, 5.8508108 ], [ -56.1469002, 5.850823 ], [ -56.1466723, 5.8508905 ], [ -56.1462101, 5.850964 ], [ -56.1460869, 5.8510069 ], [ -56.1459698, 5.8510131 ], [ -56.1458096, 5.851017 ], [ -56.145674, 5.8510744 ], [ -56.1455569, 5.8511111 ], [ -56.1454398, 5.851154 ], [ -56.1453289, 5.8511908 ], [ -56.1452242, 5.8512337 ], [ -56.1451194, 5.8512521 ], [ -56.1448976, 5.8513196 ], [ -56.1444847, 5.8515035 ], [ -56.1442505, 5.851577 ], [ -56.1437576, 5.8516628 ], [ -56.1436159, 5.8517057 ], [ -56.143357, 5.8517303 ], [ -56.1432338, 5.8517425 ], [ -56.1421185, 5.8518835 ], [ -56.1420075, 5.8519142 ], [ -56.1418227, 5.8519571 ], [ -56.1417056, 5.8519939 ], [ -56.1415639, 5.8520245 ], [ -56.1414714, 5.8520858 ], [ -56.1413667, 5.8521165 ], [ -56.1412558, 5.852141 ], [ -56.140997, 5.8521471 ], [ -56.1408737, 5.8521226 ], [ -56.1406457, 5.8520245 ], [ -56.1405595, 5.8519326 ], [ -56.1404362, 5.8518713 ], [ -56.1403315, 5.8517977 ], [ -56.140276, 5.8517057 ], [ -56.1400665, 5.8513992 ], [ -56.1399371, 5.8512644 ], [ -56.1397461, 5.8510866 ], [ -56.1396536, 5.8510131 ], [ -56.1395797, 5.8509334 ], [ -56.1394256, 5.8507433 ], [ -56.1392654, 5.8505717 ], [ -56.1390128, 5.8503878 ], [ -56.1387478, 5.8502529 ], [ -56.1386246, 5.8501855 ], [ -56.1384951, 5.8501365 ], [ -56.1383904, 5.8501181 ], [ -56.1379775, 5.8500874 ], [ -56.1377372, 5.8501181 ], [ -56.1370655, 5.8500936 ], [ -56.135981, 5.8498913 ], [ -56.1358886, 5.8498238 ], [ -56.1357715, 5.8497993 ], [ -56.1356421, 5.8497625 ], [ -56.135525, 5.8497503 ], [ -56.1354018, 5.8497196 ], [ -56.1352847, 5.8497196 ], [ -56.1349335, 5.8496767 ], [ -56.1346808, 5.8496767 ], [ -56.1345576, 5.8496951 ], [ -56.1343172, 5.8497748 ], [ -56.1341201, 5.8498177 ], [ -56.1339845, 5.8498116 ], [ -56.1338674, 5.8497625 ], [ -56.1336949, 5.8496645 ], [ -56.1336086, 5.849597 ], [ -56.1325302, 5.8494806 ], [ -56.1322653, 5.8494928 ], [ -56.1320496, 5.8494867 ], [ -56.1317969, 5.8494499 ], [ -56.131686, 5.8494254 ], [ -56.1314519, 5.8494193 ], [ -56.1313101, 5.8494867 ], [ -56.1312177, 5.8495725 ], [ -56.131113, 5.8496215 ], [ -56.1309836, 5.8496522 ], [ -56.1300592, 5.8495419 ], [ -56.1298744, 5.849689 ], [ -56.1297696, 5.8497564 ], [ -56.1295355, 5.849879 ], [ -56.1294061, 5.8498974 ], [ -56.129061, 5.8498974 ], [ -56.1289501, 5.8498545 ], [ -56.1288453, 5.8497993 ], [ -56.1280689, 5.8496461 ], [ -56.1273787, 5.8496522 ], [ -56.1270028, 5.849548 ], [ -56.1266146, 5.8495235 ], [ -56.1264975, 5.8494989 ], [ -56.1263558, 5.8494928 ], [ -56.1262511, 5.8494744 ], [ -56.1260107, 5.8494683 ], [ -56.1258074, 5.849456 ], [ -56.1245503, 5.8493641 ], [ -56.1244332, 5.8493273 ], [ -56.12431, 5.849315 ], [ -56.1239218, 5.8492905 ], [ -56.1237924, 5.8492905 ], [ -56.1236753, 5.8492844 ], [ -56.1232871, 5.849217 ], [ -56.1231392, 5.8491618 ], [ -56.1229605, 5.8491557 ], [ -56.12256, 5.8491189 ], [ -56.1224367, 5.8491128 ], [ -56.1217466, 5.8491128 ], [ -56.1213337, 5.8491802 ], [ -56.1212228, 5.8491802 ], [ -56.121118, 5.849217 ], [ -56.1210318, 5.8492905 ], [ -56.1209085, 5.8493763 ], [ -56.1207298, 5.8494499 ], [ -56.1204156, 5.8496093 ], [ -56.1201876, 5.8497564 ], [ -56.120089, 5.8498116 ], [ -56.1199411, 5.8498545 ], [ -56.1198363, 5.8499219 ], [ -56.1197624, 5.85002 ], [ -56.1196946, 5.8501365 ], [ -56.119559, 5.8502407 ], [ -56.1190044, 5.8500936 ], [ -56.1187764, 5.8500384 ], [ -56.1186655, 5.8499955 ], [ -56.1185546, 5.849928 ], [ -56.1184375, 5.849879 ], [ -56.1183328, 5.8498545 ], [ -56.1182095, 5.8498054 ], [ -56.1180616, 5.8497319 ], [ -56.1178398, 5.8496522 ], [ -56.117735, 5.8496093 ], [ -56.117618, 5.8495725 ], [ -56.1174886, 5.8495541 ], [ -56.1173776, 5.849548 ], [ -56.1172667, 5.8495235 ], [ -56.117162, 5.8494806 ], [ -56.1169401, 5.8494254 ], [ -56.1168785, 5.8493886 ], [ -56.1165026, 5.8493334 ], [ -56.1164102, 5.8493886 ], [ -56.1163116, 5.8494622 ], [ -56.1161884, 5.849456 ], [ -56.1160774, 5.8494376 ], [ -56.1158802, 5.8493273 ], [ -56.1157693, 5.8493028 ], [ -56.1156584, 5.8492967 ], [ -56.115566, 5.8493763 ], [ -56.115492, 5.8494622 ], [ -56.1153873, 5.8495173 ], [ -56.1152147, 5.8495357 ], [ -56.1150977, 5.8495357 ], [ -56.1149867, 5.8495419 ], [ -56.114882, 5.8494989 ], [ -56.1147649, 5.8494683 ], [ -56.114654, 5.8494867 ], [ -56.1143644, 5.8495051 ], [ -56.1142165, 5.8495357 ], [ -56.1141056, 5.8495664 ], [ -56.1138714, 5.8496093 ], [ -56.1137851, 5.8496828 ], [ -56.1136742, 5.8497135 ], [ -56.113551, 5.8497319 ], [ -56.113286, 5.8497503 ], [ -56.1128054, 5.8497503 ], [ -56.112448, 5.849738 ], [ -56.1123124, 5.8497135 ], [ -56.112183, 5.8496645 ], [ -56.1118502, 5.8496032 ], [ -56.1117332, 5.8495725 ], [ -56.1115976, 5.8495112 ], [ -56.1114743, 5.8494622 ], [ -56.1113449, 5.8494315 ], [ -56.1112402, 5.8493886 ], [ -56.1111478, 5.8493212 ], [ -56.1110368, 5.849266 ], [ -56.1108705, 5.8491128 ], [ -56.11055, 5.848935 ], [ -56.1103467, 5.8488492 ], [ -56.1102234, 5.8487143 ], [ -56.1101988, 5.848604 ], [ -56.1101988, 5.8480094 ], [ -56.110205, 5.8478929 ], [ -56.1101988, 5.8477703 ], [ -56.1101618, 5.8475251 ], [ -56.1100817, 5.8474515 ], [ -56.1100509, 5.8475619 ], [ -56.1100263, 5.8476722 ], [ -56.1100324, 5.8478071 ], [ -56.1100632, 5.8480461 ], [ -56.1101187, 5.8482852 ], [ -56.110131, 5.8484078 ], [ -56.1101125, 5.8485181 ], [ -56.1100447, 5.8486162 ], [ -56.1099708, 5.848702 ], [ -56.1098784, 5.8487633 ], [ -56.1097736, 5.8488124 ], [ -56.109675, 5.8488676 ], [ -56.1095703, 5.848935 ], [ -56.1094655, 5.8490024 ], [ -56.109256, 5.849076 ], [ -56.1091143, 5.8490944 ], [ -56.1088493, 5.8491128 ], [ -56.1087384, 5.8491434 ], [ -56.1086213, 5.8491373 ], [ -56.1084796, 5.8491557 ], [ -56.1082146, 5.8491557 ], [ -56.1080975, 5.8491495 ], [ -56.1073334, 5.8491495 ], [ -56.1075491, 5.8490331 ], [ -56.1074875, 5.848935 ], [ -56.1073704, 5.8488982 ], [ -56.1072471, 5.8488676 ], [ -56.1070068, 5.8487756 ], [ -56.1068897, 5.8487204 ], [ -56.1066556, 5.848653 ], [ -56.1065262, 5.8486285 ], [ -56.1063968, 5.8486224 ], [ -56.1062735, 5.848604 ], [ -56.1061503, 5.8485978 ], [ -56.1060394, 5.8486162 ], [ -56.1059223, 5.8485917 ], [ -56.1058175, 5.8485365 ], [ -56.1057436, 5.8484507 ], [ -56.105645, 5.848371 ], [ -56.1055218, 5.8483281 ], [ -56.1052321, 5.8482546 ], [ -56.1051212, 5.8482423 ], [ -56.1049857, 5.8482178 ], [ -56.104733, 5.8481749 ], [ -56.1045543, 5.8481381 ], [ -56.1043202, 5.8480952 ], [ -56.1039566, 5.8480461 ], [ -56.1035191, 5.8480155 ], [ -56.1034082, 5.8479971 ], [ -56.1031986, 5.8479726 ], [ -56.1030508, 5.8479726 ], [ -56.1029337, 5.8479542 ], [ -56.1026687, 5.8479542 ], [ -56.1023051, 5.8479419 ], [ -56.1021819, 5.8479542 ], [ -56.1020525, 5.8479787 ], [ -56.1017074, 5.8480277 ], [ -56.1014794, 5.8480829 ], [ -56.101085, 5.847991 ], [ -56.100968, 5.8479542 ], [ -56.1008694, 5.8478806 ], [ -56.1007708, 5.8478316 ], [ -56.1006229, 5.8477274 ], [ -56.1005428, 5.8476232 ], [ -56.1004688, 5.8475373 ], [ -56.1003579, 5.8474576 ], [ -56.1002717, 5.8474025 ], [ -56.1001669, 5.8473473 ], [ -56.100056, 5.8473105 ], [ -56.0998218, 5.8472921 ], [ -56.0996924, 5.8472921 ], [ -56.0995753, 5.8472983 ], [ -56.0994767, 5.8473534 ], [ -56.0993597, 5.8473657 ], [ -56.0992426, 5.8473289 ], [ -56.099144, 5.8473657 ], [ -56.0990824, 5.8472737 ], [ -56.0990023, 5.8471757 ], [ -56.098725, 5.8471144 ], [ -56.098614, 5.8471082 ], [ -56.0981026, 5.8468324 ], [ -56.0980163, 5.846765 ], [ -56.0979054, 5.846722 ], [ -56.0976836, 5.8465933 ], [ -56.0973323, 5.846342 ], [ -56.0972153, 5.846201 ], [ -56.0970057, 5.8460661 ], [ -56.096901, 5.8460355 ], [ -56.0967901, 5.8459864 ], [ -56.0966114, 5.8459129 ], [ -56.0964881, 5.8458516 ], [ -56.0963834, 5.8458087 ], [ -56.0962663, 5.8457412 ], [ -56.0960383, 5.8456493 ], [ -56.0959397, 5.8456002 ], [ -56.0958473, 5.8455451 ], [ -56.095724, 5.8455573 ], [ -56.0953358, 5.8455451 ], [ -56.0951941, 5.8455022 ], [ -56.095077, 5.8454593 ], [ -56.0948983, 5.8452937 ], [ -56.0948305, 5.8452079 ], [ -56.0947812, 5.8451037 ], [ -56.0946826, 5.8450301 ], [ -56.0943807, 5.8449259 ], [ -56.0938076, 5.8448646 ], [ -56.093555, 5.8448646 ], [ -56.0933516, 5.8448769 ], [ -56.0931175, 5.8448892 ], [ -56.0930004, 5.8449075 ], [ -56.0927662, 5.8449075 ], [ -56.0924951, 5.8449505 ], [ -56.0923965, 5.8449934 ], [ -56.0923349, 5.8449872 ], [ -56.0921254, 5.8449811 ], [ -56.0920144, 5.8449688 ], [ -56.0917803, 5.8449566 ], [ -56.0916755, 5.8448769 ], [ -56.0913181, 5.8446501 ], [ -56.0912134, 5.8446133 ], [ -56.0910408, 5.8446072 ], [ -56.0909114, 5.8445949 ], [ -56.0907697, 5.844601 ], [ -56.0905355, 5.8446807 ], [ -56.0903137, 5.8447543 ], [ -56.0902089, 5.8448033 ], [ -56.090098, 5.844834 ], [ -56.0899748, 5.8448524 ], [ -56.0896359, 5.8449566 ], [ -56.0895311, 5.8450118 ], [ -56.0894202, 5.8450363 ], [ -56.0891737, 5.8450669 ], [ -56.088958, 5.8449811 ], [ -56.0888841, 5.8448953 ], [ -56.0888225, 5.8447911 ], [ -56.0887978, 5.8447175 ], [ -56.0883542, 5.8444907 ], [ -56.0880337, 5.8444233 ], [ -56.0876455, 5.8444049 ], [ -56.0872819, 5.8444049 ], [ -56.0871525, 5.844411 ], [ -56.0869677, 5.8444601 ], [ -56.0867705, 5.8445336 ], [ -56.0867027, 5.8446194 ], [ -56.0866226, 5.8446991 ], [ -56.086524, 5.8447666 ], [ -56.0864439, 5.8448524 ], [ -56.0863083, 5.8449259 ], [ -56.0861913, 5.8449688 ], [ -56.0859879, 5.8450792 ], [ -56.08584, 5.8450792 ], [ -56.0857229, 5.8450731 ], [ -56.085612, 5.8451098 ], [ -56.0854148, 5.8452018 ], [ -56.0853039, 5.8452202 ], [ -56.0851868, 5.8452202 ], [ -56.0850698, 5.8452079 ], [ -56.0848356, 5.8451711 ], [ -56.0847, 5.8451344 ], [ -56.084583, 5.8451037 ], [ -56.0844782, 5.8450853 ], [ -56.0842564, 5.8450301 ], [ -56.0839359, 5.8449259 ], [ -56.0838312, 5.844883 ], [ -56.0837141, 5.8448524 ], [ -56.0836093, 5.8448033 ], [ -56.0834799, 5.8447604 ], [ -56.0832458, 5.8447114 ], [ -56.0831287, 5.8447053 ], [ -56.0827713, 5.8446562 ], [ -56.0826604, 5.8446501 ], [ -56.082531, 5.844601 ], [ -56.0824201, 5.8445397 ], [ -56.082303, 5.8445152 ], [ -56.0821859, 5.844503 ], [ -56.0820627, 5.844503 ], [ -56.0818038, 5.8444662 ], [ -56.0816868, 5.8444233 ], [ -56.0814649, 5.8442945 ], [ -56.0813848, 5.844221 ], [ -56.0812801, 5.8441965 ], [ -56.081163, 5.8442026 ], [ -56.0810582, 5.8442455 ], [ -56.0809412, 5.8442271 ], [ -56.0808364, 5.8441842 ], [ -56.0807255, 5.8441045 ], [ -56.0805529, 5.8439513 ], [ -56.0805036, 5.8438409 ], [ -56.0804482, 5.8437428 ], [ -56.0803804, 5.8436509 ], [ -56.0802448, 5.8435405 ], [ -56.0801031, 5.8433382 ], [ -56.0800476, 5.8432402 ], [ -56.0799182, 5.843044 ], [ -56.0798628, 5.8429337 ], [ -56.0798196, 5.8428233 ], [ -56.0797457, 5.8426701 ], [ -56.0796594, 5.8425229 ], [ -56.0795855, 5.8424555 ], [ -56.0794746, 5.8422961 ], [ -56.0794622, 5.8421735 ], [ -56.0794068, 5.8420693 ], [ -56.0793637, 5.841959 ], [ -56.0793575, 5.8418425 ], [ -56.0793267, 5.8417322 ], [ -56.0792527, 5.8416463 ], [ -56.0791665, 5.8415667 ], [ -56.0790925, 5.841487 ], [ -56.0790063, 5.8414195 ], [ -56.0788953, 5.8413766 ], [ -56.0787844, 5.841346 ], [ -56.0786612, 5.8413153 ], [ -56.0785503, 5.8412724 ], [ -56.0783161, 5.841254 ], [ -56.0780881, 5.8412295 ], [ -56.0776383, 5.8413031 ], [ -56.0775458, 5.8413705 ], [ -56.0774719, 5.8414502 ], [ -56.0773733, 5.8415115 ], [ -56.0772562, 5.841536 ], [ -56.0771453, 5.8415544 ], [ -56.0770159, 5.8415667 ], [ -56.0764367, 5.8415667 ], [ -56.076221, 5.8416402 ], [ -56.0760238, 5.8416402 ], [ -56.0759067, 5.8415973 ], [ -56.0758081, 5.8415483 ], [ -56.0757034, 5.8414747 ], [ -56.0756109, 5.8414134 ], [ -56.075537, 5.8413398 ], [ -56.0754877, 5.8412356 ], [ -56.0752104, 5.840874 ], [ -56.0751426, 5.8407636 ], [ -56.075044, 5.8404939 ], [ -56.0749578, 5.8402487 ], [ -56.0749516, 5.8401261 ], [ -56.0749331, 5.8400096 ], [ -56.0749331, 5.8398809 ], [ -56.0749947, 5.8395928 ], [ -56.075235, 5.8392556 ], [ -56.0753645, 5.8389981 ], [ -56.075574, 5.8386794 ], [ -56.0759499, 5.8381583 ], [ -56.0760546, 5.8379376 ], [ -56.0761286, 5.837815 ], [ -56.0762025, 5.8376618 ], [ -56.0761532, 5.8375576 ], [ -56.0756417, 5.8381093 ], [ -56.075574, 5.8382012 ], [ -56.0754446, 5.838379 ], [ -56.0753829, 5.8384709 ], [ -56.0752289, 5.8385813 ], [ -56.0750872, 5.8387713 ], [ -56.0750132, 5.8388817 ], [ -56.0748715, 5.8392066 ], [ -56.074816, 5.8393046 ], [ -56.0747606, 5.8395376 ], [ -56.0747298, 5.8396541 ], [ -56.0747113, 5.8397828 ], [ -56.0746743, 5.8400096 ], [ -56.0746558, 5.8401567 ], [ -56.074662, 5.8405491 ], [ -56.0746928, 5.8406655 ], [ -56.0747298, 5.8408004 ], [ -56.0747914, 5.8410333 ], [ -56.0748776, 5.8411192 ], [ -56.0750502, 5.8413337 ], [ -56.0751549, 5.8414195 ], [ -56.0752289, 5.8415054 ], [ -56.0752905, 5.8416096 ], [ -56.0753645, 5.8417138 ], [ -56.0754692, 5.841818 ], [ -56.0755616, 5.8418977 ], [ -56.0756356, 5.8419958 ], [ -56.0756849, 5.8421 ], [ -56.0757588, 5.842149 ], [ -56.0757588, 5.8422655 ], [ -56.0757465, 5.8423881 ], [ -56.0757095, 5.8425046 ], [ -56.0756417, 5.8425904 ], [ -56.0755555, 5.8426578 ], [ -56.0754446, 5.8426946 ], [ -56.0752166, 5.8427314 ], [ -56.0750995, 5.8427191 ], [ -56.0749701, 5.8426885 ], [ -56.0747544, 5.8426272 ], [ -56.074588, 5.84248 ], [ -56.0744833, 5.8424249 ], [ -56.0743662, 5.8424003 ], [ -56.0742491, 5.8423942 ], [ -56.074132, 5.8424065 ], [ -56.0738855, 5.8424678 ], [ -56.0736884, 5.8425842 ], [ -56.0735774, 5.842621 ], [ -56.0734234, 5.8426394 ], [ -56.0730968, 5.8427559 ], [ -56.0729797, 5.8428233 ], [ -56.072801, 5.8429153 ], [ -56.0727086, 5.8429888 ], [ -56.0725176, 5.8430992 ], [ -56.0724128, 5.8431543 ], [ -56.0722957, 5.8431911 ], [ -56.0721786, 5.8431727 ], [ -56.0720492, 5.8431298 ], [ -56.0719568, 5.8430624 ], [ -56.0719383, 5.8429521 ], [ -56.0719322, 5.8428356 ], [ -56.0718705, 5.8427191 ], [ -56.0717843, 5.8426517 ], [ -56.0716795, 5.8426026 ], [ -56.0714638, 5.8425475 ], [ -56.0710695, 5.8425352 ], [ -56.0709647, 5.8425046 ], [ -56.0706504, 5.8422961 ], [ -56.0702253, 5.8421184 ], [ -56.0700897, 5.8420816 ], [ -56.069683, 5.8420264 ], [ -56.0690853, 5.8421613 ], [ -56.0689744, 5.8421061 ], [ -56.068845, 5.8420571 ], [ -56.0687402, 5.8420387 ], [ -56.0683951, 5.8420571 ], [ -56.0677912, 5.8418915 ], [ -56.067631, 5.8418793 ], [ -56.0674831, 5.8418854 ], [ -56.0672243, 5.8419467 ], [ -56.0671134, 5.8419651 ], [ -56.0669902, 5.8419712 ], [ -56.0668546, 5.8419896 ], [ -56.0665896, 5.8420325 ], [ -56.0664725, 5.8420632 ], [ -56.066374, 5.8421184 ], [ -56.0662815, 5.8421919 ], [ -56.0661891, 5.8422777 ], [ -56.0661028, 5.8423513 ], [ -56.0659303, 5.8425168 ], [ -56.0658317, 5.842572 ], [ -56.0656468, 5.8427436 ], [ -56.0655421, 5.8428111 ], [ -56.0654558, 5.842903 ], [ -56.0649998, 5.8431727 ], [ -56.0644822, 5.843136 ], [ -56.0643774, 5.8430501 ], [ -56.0643035, 5.8429582 ], [ -56.0641556, 5.8428111 ], [ -56.0640015, 5.8426762 ], [ -56.0639276, 5.8425904 ], [ -56.0638352, 5.8425168 ], [ -56.0637489, 5.8424065 ], [ -56.0636565, 5.8423268 ], [ -56.0635332, 5.8423268 ], [ -56.0634161, 5.8423452 ], [ -56.0632929, 5.8423636 ], [ -56.0631635, 5.8423881 ], [ -56.0630218, 5.8423942 ], [ -56.0626767, 5.8424678 ], [ -56.0625658, 5.8424494 ], [ -56.0624487, 5.8424065 ], [ -56.0623316, 5.8423513 ], [ -56.0622269, 5.8423084 ], [ -56.0618695, 5.84229 ], [ -56.0617339, 5.8422655 ], [ -56.0615922, 5.8422532 ], [ -56.0614812, 5.8422348 ], [ -56.0613395, 5.8422348 ], [ -56.0603844, 5.8421306 ], [ -56.0601502, 5.8419712 ], [ -56.0600332, 5.8419467 ], [ -56.0598545, 5.8418977 ], [ -56.0597374, 5.8418609 ], [ -56.0595956, 5.8417996 ], [ -56.0594169, 5.8417873 ], [ -56.0590287, 5.8417873 ], [ -56.0586097, 5.8417383 ], [ -56.0584865, 5.8417322 ], [ -56.0577162, 5.8417322 ], [ -56.057519, 5.8417383 ], [ -56.0573095, 5.8417015 ], [ -56.0572109, 5.8417567 ], [ -56.0570753, 5.8417567 ], [ -56.0560956, 5.8421429 ], [ -56.0559538, 5.842241 ], [ -56.0557074, 5.8423329 ], [ -56.0555718, 5.8423697 ], [ -56.0552883, 5.8423574 ], [ -56.0551404, 5.8423513 ], [ -56.0549063, 5.8423881 ], [ -56.0547892, 5.8423942 ], [ -56.054666, 5.8423881 ], [ -56.0545489, 5.8423574 ], [ -56.0544688, 5.842241 ], [ -56.0546475, 5.8420938 ], [ -56.0547646, 5.8420387 ], [ -56.0551035, 5.8419345 ], [ -56.0554609, 5.8418609 ], [ -56.055578, 5.8418302 ], [ -56.0556827, 5.8417935 ], [ -56.0557936, 5.8417383 ], [ -56.0558861, 5.8416586 ], [ -56.0559538, 5.8415544 ], [ -56.0560216, 5.8414624 ], [ -56.0560709, 5.8413521 ], [ -56.0561264, 5.8412479 ], [ -56.0562435, 5.8410395 ], [ -56.0562989, 5.8409169 ], [ -56.0563482, 5.8408188 ], [ -56.0564406, 5.8405858 ], [ -56.0565084, 5.8403406 ], [ -56.0565516, 5.840218 ], [ -56.0565516, 5.8399667 ], [ -56.0565392, 5.8398441 ], [ -56.0564961, 5.8397276 ], [ -56.056416, 5.8398073 ], [ -56.0563852, 5.8399238 ], [ -56.0563482, 5.8400525 ], [ -56.0563359, 5.8401812 ], [ -56.0561141, 5.8409107 ], [ -56.0560216, 5.8410824 ], [ -56.0558861, 5.8412234 ], [ -56.0557936, 5.8412908 ], [ -56.0557012, 5.8413766 ], [ -56.0556026, 5.8414563 ], [ -56.0555163, 5.8415483 ], [ -56.0553808, 5.8416218 ], [ -56.0552144, 5.841677 ], [ -56.0549186, 5.841677 ], [ -56.0548015, 5.8416525 ], [ -56.0542038, 5.841113 ], [ -56.0541237, 5.8409782 ], [ -56.0540867, 5.8408617 ], [ -56.0540374, 5.8407575 ], [ -56.0539204, 5.8405613 ], [ -56.0538279, 5.8404816 ], [ -56.0537293, 5.8404142 ], [ -56.0536184, 5.840359 ], [ -56.0534767, 5.8403284 ], [ -56.0533288, 5.8402793 ], [ -56.0531686, 5.840218 ], [ -56.052805, 5.8401383 ], [ -56.0526879, 5.8401016 ], [ -56.0525709, 5.8400525 ], [ -56.0524599, 5.8399851 ], [ -56.0522073, 5.8399054 ], [ -56.052084, 5.8398931 ], [ -56.0519731, 5.8398564 ], [ -56.0518684, 5.8398012 ], [ -56.0517143, 5.8397399 ], [ -56.0515911, 5.8397399 ], [ -56.0511967, 5.8396847 ], [ -56.0509317, 5.8396663 ], [ -56.0505374, 5.8394702 ], [ -56.0500629, 5.8392985 ], [ -56.0499396, 5.8392863 ], [ -56.0497856, 5.8392801 ], [ -56.0494343, 5.8392924 ], [ -56.0493173, 5.8393046 ], [ -56.049194, 5.8392985 ], [ -56.0490585, 5.8392801 ], [ -56.0489352, 5.8392679 ], [ -56.0486086, 5.8391882 ], [ -56.0484792, 5.8391391 ], [ -56.0482635, 5.8390962 ], [ -56.0479986, 5.8390165 ], [ -56.047709, 5.8387529 ], [ -56.0476288, 5.8386487 ], [ -56.0474871, 5.838428 ], [ -56.0473885, 5.8383545 ], [ -56.0472591, 5.8383422 ], [ -56.0471297, 5.8383422 ], [ -56.0470126, 5.8383606 ], [ -56.0469079, 5.8384096 ], [ -56.0467846, 5.8384342 ], [ -56.0466614, 5.8384526 ], [ -56.046532, 5.838428 ], [ -56.0455461, 5.837956 ], [ -56.0454413, 5.8378579 ], [ -56.0453365, 5.8377966 ], [ -56.0452195, 5.8377476 ], [ -56.0449791, 5.8376556 ], [ -56.0448251, 5.8375698 ], [ -56.0447142, 5.8375269 ], [ -56.0445971, 5.8374963 ], [ -56.0444739, 5.837484 ], [ -56.0443136, 5.8374472 ], [ -56.0441842, 5.8374104 ], [ -56.044061, 5.8373614 ], [ -56.0437282, 5.8372388 ], [ -56.0436112, 5.8371775 ], [ -56.0432106, 5.8370978 ], [ -56.0424096, 5.8368894 ], [ -56.0421692, 5.83692 ], [ -56.042046, 5.8369016 ], [ -56.0417625, 5.8368894 ], [ -56.0416085, 5.8368894 ], [ -56.0414791, 5.8368832 ], [ -56.0412018, 5.8368587 ], [ -56.0410847, 5.8368587 ], [ -56.0409738, 5.8368403 ], [ -56.0407026, 5.8368403 ], [ -56.0405609, 5.8368526 ], [ -56.0404254, 5.8368771 ], [ -56.0398893, 5.8368832 ], [ -56.0397722, 5.83692 ], [ -56.0395996, 5.8369384 ], [ -56.0393532, 5.8369384 ], [ -56.039082, 5.8369691 ], [ -56.0389649, 5.8369936 ], [ -56.0388479, 5.8369997 ], [ -56.0387061, 5.8369629 ], [ -56.0385891, 5.8369139 ], [ -56.0384966, 5.8368465 ], [ -56.0371533, 5.8362764 ], [ -56.0368267, 5.836166 ], [ -56.0361242, 5.8359821 ], [ -56.0360379, 5.8358902 ], [ -56.0359024, 5.8357982 ], [ -56.0355696, 5.8356572 ], [ -56.0354341, 5.8356204 ], [ -56.035317, 5.8355775 ], [ -56.0351876, 5.8355407 ], [ -56.0350582, 5.8354794 ], [ -56.0349719, 5.8354059 ], [ -56.0348425, 5.83532 ], [ -56.0347562, 5.8352465 ], [ -56.03467, 5.8351607 ], [ -56.0345837, 5.8350748 ], [ -56.0344974, 5.8348909 ], [ -56.034442, 5.8347806 ], [ -56.0343927, 5.834658 ], [ -56.0336286, 5.8342534 ], [ -56.0332835, 5.8341185 ], [ -56.0330185, 5.8340327 ], [ -56.0329322, 5.8339591 ], [ -56.0328213, 5.8338672 ], [ -56.0326118, 5.8337201 ], [ -56.0325071, 5.8336404 ], [ -56.0324146, 5.8335729 ], [ -56.0323037, 5.833481 ], [ -56.0321497, 5.8333829 ], [ -56.0320326, 5.8332664 ], [ -56.0318908, 5.8331745 ], [ -56.0317676, 5.8331071 ], [ -56.0316752, 5.8330274 ], [ -56.0316012, 5.8329415 ], [ -56.0315088, 5.8328741 ], [ -56.0314102, 5.8327944 ], [ -56.0313239, 5.8327025 ], [ -56.0312069, 5.8326412 ], [ -56.0310775, 5.832586 ], [ -56.0308926, 5.8324756 ], [ -56.030757, 5.8324143 ], [ -56.0305167, 5.8322917 ], [ -56.0302887, 5.8321446 ], [ -56.0301901, 5.8320894 ], [ -56.0300854, 5.832022 ], [ -56.0299806, 5.8319362 ], [ -56.0298635, 5.8318565 ], [ -56.0297341, 5.8317891 ], [ -56.0296109, 5.8317032 ], [ -56.0295246, 5.8316297 ], [ -56.0294137, 5.8315684 ], [ -56.0293213, 5.8314948 ], [ -56.0292227, 5.8314029 ], [ -56.0291549, 5.8313048 ], [ -56.0290563, 5.8312189 ], [ -56.0286989, 5.8309799 ], [ -56.0283292, 5.830704 ], [ -56.0280395, 5.8305385 ], [ -56.0278239, 5.8303791 ], [ -56.0277314, 5.8302933 ], [ -56.0276267, 5.830232 ], [ -56.0274973, 5.83014 ], [ -56.0273925, 5.8300971 ], [ -56.0272878, 5.8300358 ], [ -56.0269735, 5.8298335 ], [ -56.0268811, 5.82976 ], [ -56.0267825, 5.8296803 ], [ -56.0266531, 5.8295883 ], [ -56.0264436, 5.829386 ], [ -56.0263634, 5.8292941 ], [ -56.0262649, 5.8292021 ], [ -56.0261663, 5.8290795 ], [ -56.0261847, 5.8289508 ], [ -56.0262957, 5.8289753 ], [ -56.0264251, 5.8290121 ], [ -56.0265298, 5.8290918 ], [ -56.0266407, 5.8290979 ], [ -56.0267578, 5.8290979 ], [ -56.0268872, 5.8290918 ], [ -56.0270166, 5.8290489 ], [ -56.0273186, 5.8291285 ], [ -56.0274233, 5.8291469 ], [ -56.0275342, 5.8291837 ], [ -56.0276513, 5.829196 ], [ -56.0278916, 5.8292573 ], [ -56.0280026, 5.8292757 ], [ -56.0281135, 5.8292818 ], [ -56.0282552, 5.8292695 ], [ -56.0284093, 5.8292695 ], [ -56.0285202, 5.8292818 ], [ -56.0286434, 5.8293125 ], [ -56.0289762, 5.8293738 ], [ -56.0290994, 5.8294167 ], [ -56.0292227, 5.8294412 ], [ -56.0293397, 5.8294841 ], [ -56.0294383, 5.8295331 ], [ -56.0304736, 5.8300419 ], [ -56.0306153, 5.830091 ], [ -56.0312746, 5.8303301 ], [ -56.0314102, 5.8303975 ], [ -56.0316875, 5.8305017 ], [ -56.0317861, 5.830563 ], [ -56.031897, 5.8306182 ], [ -56.0320079, 5.8306795 ], [ -56.0329322, 5.8311025 ], [ -56.0330124, 5.831176 ], [ -56.0331171, 5.8312189 ], [ -56.0332095, 5.8312864 ], [ -56.0334314, 5.8313722 ], [ -56.0336409, 5.8314642 ], [ -56.0337395, 5.8315255 ], [ -56.0338319, 5.831599 ], [ -56.0339243, 5.8316542 ], [ -56.0341092, 5.8317952 ], [ -56.0342078, 5.8318381 ], [ -56.0343187, 5.8318688 ], [ -56.0344296, 5.8318933 ], [ -56.0345529, 5.8319423 ], [ -56.03467, 5.8319791 ], [ -56.034898, 5.8320404 ], [ -56.0351075, 5.8321324 ], [ -56.0353293, 5.8321998 ], [ -56.0355635, 5.8322182 ], [ -56.0356867, 5.8322366 ], [ -56.0357976, 5.8322488 ], [ -56.0359085, 5.8322672 ], [ -56.036155, 5.8323285 ], [ -56.0362598, 5.8322611 ], [ -56.0362166, 5.8321569 ], [ -56.0360996, 5.8321507 ], [ -56.0358469, 5.8321017 ], [ -56.0357175, 5.8321017 ], [ -56.0354772, 5.8320527 ], [ -56.0353663, 5.832022 ], [ -56.0352245, 5.8320036 ], [ -56.0349904, 5.8319055 ], [ -56.0347624, 5.8317707 ], [ -56.0346453, 5.8317032 ], [ -56.0342201, 5.8315255 ], [ -56.0341154, 5.8314703 ], [ -56.0338627, 5.8313661 ], [ -56.0328891, 5.8309063 ], [ -56.0326426, 5.8307592 ], [ -56.0325502, 5.8306856 ], [ -56.0322113, 5.8305017 ], [ -56.0321065, 5.8304465 ], [ -56.0319894, 5.8303914 ], [ -56.0318847, 5.8303178 ], [ -56.0313732, 5.8299929 ], [ -56.0312623, 5.82995 ], [ -56.0310466, 5.8298029 ], [ -56.0309296, 5.8297354 ], [ -56.0305906, 5.8294718 ], [ -56.0304674, 5.8293983 ], [ -56.030375, 5.8293308 ], [ -56.0302456, 5.8292634 ], [ -56.0300176, 5.8291653 ], [ -56.0298943, 5.8291347 ], [ -56.0296047, 5.8289692 ], [ -56.0290193, 5.8288343 ], [ -56.0287543, 5.8288098 ], [ -56.0285756, 5.8288098 ], [ -56.0281813, 5.8288588 ], [ -56.0279286, 5.8288711 ], [ -56.0278054, 5.8288649 ], [ -56.0276821, 5.8288282 ], [ -56.0273247, 5.828681 ], [ -56.0271953, 5.8286443 ], [ -56.0270844, 5.8285891 ], [ -56.0269488, 5.8285033 ], [ -56.0268564, 5.8284297 ], [ -56.0267701, 5.8283316 ], [ -56.0266839, 5.8282519 ], [ -56.0265483, 5.8280987 ], [ -56.0263326, 5.8271669 ], [ -56.0262094, 5.8269646 ], [ -56.0261354, 5.8268604 ], [ -56.0259752, 5.8266764 ], [ -56.0257472, 5.8263515 ], [ -56.0256486, 5.8262596 ], [ -56.0254884, 5.8261615 ], [ -56.0245888, 5.8255117 ], [ -56.0244778, 5.8254565 ], [ -56.0243546, 5.8254443 ], [ -56.0240465, 5.8254627 ], [ -56.0239294, 5.825481 ], [ -56.0238062, 5.8254994 ], [ -56.0236891, 5.825481 ], [ -56.0235597, 5.825432 ], [ -56.0234673, 5.8253646 ], [ -56.023381, 5.8252726 ], [ -56.023307, 5.8251745 ], [ -56.0232331, 5.8250703 ], [ -56.0231838, 5.82496 ], [ -56.0230914, 5.8248864 ], [ -56.0228079, 5.8247577 ], [ -56.0224998, 5.8245431 ], [ -56.0224074, 5.824445 ], [ -56.0221979, 5.8243224 ], [ -56.0220808, 5.8242366 ], [ -56.0209839, 5.8237339 ], [ -56.0208669, 5.823691 ], [ -56.0207498, 5.8236358 ], [ -56.0204971, 5.82355 ], [ -56.0203739, 5.8234887 ], [ -56.0202691, 5.8234213 ], [ -56.0201767, 5.8233416 ], [ -56.0200719, 5.8232803 ], [ -56.0198563, 5.8231454 ], [ -56.0196468, 5.8229983 ], [ -56.019542, 5.8229247 ], [ -56.0194249, 5.8228511 ], [ -56.0192339, 5.8226795 ], [ -56.0190059, 5.8225692 ], [ -56.018895, 5.8225324 ], [ -56.0187964, 5.8224527 ], [ -56.0186239, 5.8223914 ], [ -56.0183959, 5.8222933 ], [ -56.0181679, 5.8221829 ], [ -56.0180446, 5.8221094 ], [ -56.0178906, 5.8220419 ], [ -56.0177796, 5.8220113 ], [ -56.0176502, 5.8219623 ], [ -56.017527, 5.8219316 ], [ -56.017299, 5.8218458 ], [ -56.0170464, 5.8217845 ], [ -56.0167629, 5.8217293 ], [ -56.0166643, 5.8216435 ], [ -56.0165904, 5.821527 ], [ -56.0164486, 5.8213002 ], [ -56.0163377, 5.8210856 ], [ -56.0162699, 5.8209875 ], [ -56.0161713, 5.8207668 ], [ -56.0161529, 5.8206442 ], [ -56.0161467, 5.8202519 ], [ -56.0161713, 5.8200925 ], [ -56.016159, 5.819976 ], [ -56.0161405, 5.8198596 ], [ -56.0161282, 5.8197431 ], [ -56.0161036, 5.8194979 ], [ -56.0161344, 5.8187622 ], [ -56.0162021, 5.8186764 ], [ -56.0163069, 5.8184373 ], [ -56.0163932, 5.8183515 ], [ -56.0164733, 5.8182595 ], [ -56.0166705, 5.8181001 ], [ -56.0168615, 5.817953 ], [ -56.0169478, 5.8178733 ], [ -56.0170032, 5.8177752 ], [ -56.017071, 5.817671 ], [ -56.0171049, 5.8175587 ], [ -56.0168923, 5.8176771 ], [ -56.0167875, 5.8177262 ], [ -56.0166335, 5.8179162 ], [ -56.0165534, 5.8180082 ], [ -56.0164794, 5.8181063 ], [ -56.0162021, 5.818376 ], [ -56.0160789, 5.8185293 ], [ -56.0160111, 5.8186274 ], [ -56.0159249, 5.8187316 ], [ -56.0158694, 5.8188358 ], [ -56.0158263, 5.8189584 ], [ -56.0159618, 5.8194243 ], [ -56.0160111, 5.8195653 ], [ -56.0160296, 5.8196879 ], [ -56.0160296, 5.8199331 ], [ -56.0160173, 5.8200496 ], [ -56.0159865, 5.8201293 ], [ -56.0159495, 5.8202519 ], [ -56.015894, 5.8204726 ], [ -56.015894, 5.8205952 ], [ -56.0159249, 5.8208465 ], [ -56.0159988, 5.8210611 ], [ -56.0160358, 5.8211898 ], [ -56.0161898, 5.8214473 ], [ -56.0162823, 5.8215454 ], [ -56.0165595, 5.8217783 ], [ -56.0166581, 5.8218458 ], [ -56.0168861, 5.8220665 ], [ -56.0169847, 5.8221155 ], [ -56.0171141, 5.8221584 ], [ -56.0173545, 5.8222994 ], [ -56.0174469, 5.8223607 ], [ -56.0177735, 5.8225079 ], [ -56.0178844, 5.8225385 ], [ -56.0180323, 5.8226059 ], [ -56.0182356, 5.8227592 ], [ -56.0183281, 5.8228634 ], [ -56.0183835, 5.8229615 ], [ -56.0184575, 5.8230412 ], [ -56.0187533, 5.8232128 ], [ -56.0188765, 5.8233722 ], [ -56.0189443, 5.8236236 ], [ -56.0189443, 5.8237462 ], [ -56.0185869, 5.8240159 ], [ -56.0184636, 5.8240159 ], [ -56.0183404, 5.8239914 ], [ -56.0180877, 5.8239301 ], [ -56.0179645, 5.8238872 ], [ -56.0177303, 5.8238381 ], [ -56.0175886, 5.8238075 ], [ -56.0174777, 5.8238443 ], [ -56.017299, 5.8240098 ], [ -56.0171141, 5.8240343 ], [ -56.016843, 5.8240159 ], [ -56.0167198, 5.8239975 ], [ -56.016578, 5.8239853 ], [ -56.0164301, 5.8239485 ], [ -56.0163007, 5.8239239 ], [ -56.0161837, 5.8238749 ], [ -56.0159495, 5.8237523 ], [ -56.0158386, 5.8236787 ], [ -56.0155736, 5.8234151 ], [ -56.0154627, 5.8233232 ], [ -56.0149574, 5.8228511 ], [ -56.0146801, 5.822796 ], [ -56.0145692, 5.8227592 ], [ -56.0144459, 5.822704 ], [ -56.0143412, 5.8226182 ], [ -56.0141009, 5.8225201 ], [ -56.01399, 5.8224649 ], [ -56.0133244, 5.8221462 ], [ -56.013195, 5.8220481 ], [ -56.0130718, 5.8219377 ], [ -56.0130163, 5.8218151 ], [ -56.0129424, 5.8216619 ], [ -56.0128561, 5.8214473 ], [ -56.0127514, 5.8212205 ], [ -56.0127575, 5.8209753 ], [ -56.012739, 5.8208588 ], [ -56.0126898, 5.8207546 ], [ -56.0125295, 5.82054 ], [ -56.0124433, 5.8204481 ], [ -56.01232, 5.8204113 ], [ -56.0121721, 5.8203071 ], [ -56.0114943, 5.8196511 ], [ -56.0113957, 5.8195714 ], [ -56.0110876, 5.819363 ], [ -56.0107795, 5.8191362 ], [ -56.0106809, 5.8190687 ], [ -56.01057, 5.8190136 ], [ -56.0101818, 5.818848 ], [ -56.0099353, 5.8187745 ], [ -56.0096334, 5.8187438 ], [ -56.0095101, 5.8187316 ], [ -56.0093561, 5.8187132 ], [ -56.0092205, 5.8186948 ], [ -56.0090603, 5.8186764 ], [ -56.0089555, 5.8186212 ], [ -56.0088446, 5.8185415 ], [ -56.0087583, 5.8184557 ], [ -56.0085611, 5.8182841 ], [ -56.0084749, 5.8181982 ], [ -56.0083763, 5.8181308 ], [ -56.0082592, 5.8180879 ], [ -56.0081544, 5.8180021 ], [ -56.0080805, 5.8179162 ], [ -56.0079634, 5.8178304 ], [ -56.007871, 5.8177507 ], [ -56.0077724, 5.8176771 ], [ -56.0074212, 5.8174565 ], [ -56.0073164, 5.8173952 ], [ -56.0071993, 5.8173338 ], [ -56.0071007, 5.8172787 ], [ -56.0069836, 5.8172051 ], [ -56.0068727, 5.8171561 ], [ -56.0067433, 5.8171622 ], [ -56.0064845, 5.8171499 ], [ -56.0059546, 5.8168863 ], [ -56.0057512, 5.8166227 ], [ -56.0056218, 5.8165246 ], [ -56.0053938, 5.8163652 ], [ -56.0050426, 5.8161997 ], [ -56.0049502, 5.8161997 ], [ -56.0047838, 5.8160587 ], [ -56.0045989, 5.8159484 ], [ -56.0044695, 5.8159055 ], [ -56.0043401, 5.8158442 ], [ -56.0040813, 5.8157461 ], [ -56.0039765, 5.8156664 ], [ -56.0038656, 5.8156357 ], [ -56.0035329, 5.8154763 ], [ -56.003385, 5.8154212 ], [ -56.0032679, 5.8153415 ], [ -56.0031262, 5.8152679 ], [ -56.0029598, 5.815084 ], [ -56.0027195, 5.8147346 ], [ -56.0025901, 5.8143545 ], [ -56.0026024, 5.8142319 ], [ -56.0026702, 5.8140112 ], [ -56.002892, 5.814048 ], [ -56.0032617, 5.8141522 ], [ -56.0034035, 5.8142135 ], [ -56.0036438, 5.8143238 ], [ -56.0037609, 5.8143851 ], [ -56.0038718, 5.8144219 ], [ -56.0040012, 5.8144648 ], [ -56.0041244, 5.8145139 ], [ -56.0042169, 5.8145874 ], [ -56.0043216, 5.8146365 ], [ -56.0039642, 5.8142993 ], [ -56.0036623, 5.814146 ], [ -56.0035452, 5.8140664 ], [ -56.003422, 5.8140173 ], [ -56.0033049, 5.8139928 ], [ -56.0026887, 5.8134594 ], [ -56.0026147, 5.8133062 ], [ -56.0025161, 5.8130855 ], [ -56.0024483, 5.8129751 ], [ -56.0023682, 5.8128341 ], [ -56.0022881, 5.8127422 ], [ -56.0021957, 5.8126686 ], [ -56.0020909, 5.8125951 ], [ -56.00198, 5.8125583 ], [ -56.0018568, 5.8125951 ], [ -56.0017397, 5.812638 ], [ -56.0016288, 5.8126809 ], [ -56.001524, 5.8127422 ], [ -56.0014008, 5.812779 ], [ -56.0010372, 5.8128035 ], [ -56.0009201, 5.8127912 ], [ -56.0007907, 5.8127483 ], [ -56.0006737, 5.812687 ], [ -56.0005812, 5.8126073 ], [ -55.9998603, 5.8122885 ], [ -55.9992749, 5.8123131 ], [ -55.9991208, 5.8123131 ], [ -55.9989051, 5.8123376 ], [ -55.9981041, 5.8119759 ], [ -55.997568, 5.8116571 ], [ -55.9973338, 5.8115284 ], [ -55.997229, 5.8114793 ], [ -55.9971243, 5.811418 ], [ -55.997001, 5.8113935 ], [ -55.996884, 5.8113444 ], [ -55.9966929, 5.811277 ], [ -55.9965759, 5.8112218 ], [ -55.9964465, 5.8111973 ], [ -55.9961199, 5.8111054 ], [ -55.9956762, 5.8110379 ], [ -55.9954359, 5.8109215 ], [ -55.9953188, 5.810854 ], [ -55.9951956, 5.8108172 ], [ -55.9950723, 5.8107621 ], [ -55.9942466, 5.8102287 ], [ -55.9940802, 5.8100448 ], [ -55.9939077, 5.8099038 ], [ -55.9938152, 5.809818 ], [ -55.9937105, 5.8097628 ], [ -55.9935195, 5.8096218 ], [ -55.9931805, 5.8095053 ], [ -55.9928971, 5.8093888 ], [ -55.9926444, 5.8092969 ], [ -55.9925027, 5.8092417 ], [ -55.9923795, 5.8091988 ], [ -55.9920899, 5.8091681 ], [ -55.9919728, 5.8091498 ], [ -55.9918372, 5.8091375 ], [ -55.9916955, 5.8091007 ], [ -55.9914182, 5.8090639 ], [ -55.9913011, 5.8090088 ], [ -55.9910669, 5.8089229 ], [ -55.990956, 5.8088923 ], [ -55.9908451, 5.8087942 ], [ -55.9906911, 5.8087084 ], [ -55.9899639, 5.8083528 ], [ -55.9897914, 5.8082854 ], [ -55.9894586, 5.8081137 ], [ -55.9893354, 5.8080401 ], [ -55.9892245, 5.8079666 ], [ -55.9889903, 5.8078624 ], [ -55.9888363, 5.8077949 ], [ -55.9886699, 5.8077459 ], [ -55.9882632, 5.8076539 ], [ -55.9881461, 5.8076539 ], [ -55.9879551, 5.8076233 ], [ -55.9877024, 5.8075926 ], [ -55.9875792, 5.8075742 ], [ -55.987456, 5.8075742 ], [ -55.9861619, 5.8072922 ], [ -55.9860448, 5.8072309 ], [ -55.9856998, 5.8071022 ], [ -55.9855827, 5.8070409 ], [ -55.9854656, 5.806998 ], [ -55.9853485, 5.8069673 ], [ -55.9852068, 5.8069734 ], [ -55.9850343, 5.8070286 ], [ -55.9849295, 5.8070777 ], [ -55.9848124, 5.8071819 ], [ -55.9847077, 5.8073413 ], [ -55.9842393, 5.8076355 ], [ -55.9840976, 5.807703 ], [ -55.9837957, 5.8078133 ], [ -55.9836478, 5.8078378 ], [ -55.9834814, 5.8078378 ], [ -55.982514, 5.8082486 ], [ -55.9826002, 5.8084141 ], [ -55.9827235, 5.808549 ], [ -55.9828036, 5.80869 ], [ -55.9828282, 5.8088003 ], [ -55.9828282, 5.8089168 ], [ -55.9827974, 5.809021 ], [ -55.982631, 5.8090639 ], [ -55.982514, 5.8091068 ], [ -55.9823969, 5.8091252 ], [ -55.9822736, 5.8090884 ], [ -55.9821689, 5.8089965 ], [ -55.9820949, 5.8089045 ], [ -55.9818608, 5.8086961 ], [ -55.9817683, 5.8086225 ], [ -55.9816636, 5.8085796 ], [ -55.9815219, 5.8085919 ], [ -55.9813616, 5.8086593 ], [ -55.9812877, 5.8087451 ], [ -55.9811891, 5.8090394 ], [ -55.9811398, 5.8091436 ], [ -55.9810412, 5.8090884 ], [ -55.9809673, 5.8089965 ], [ -55.9808995, 5.8088984 ], [ -55.9808194, 5.8088064 ], [ -55.9806838, 5.8085735 ], [ -55.9806345, 5.8084693 ], [ -55.9806037, 5.808316 ], [ -55.9805975, 5.8080585 ], [ -55.9805914, 5.8079114 ], [ -55.9805914, 5.8077581 ], [ -55.9805791, 5.8076417 ], [ -55.9805051, 5.807519 ], [ -55.980425, 5.807421 ], [ -55.9803141, 5.8073719 ], [ -55.980197, 5.8074087 ], [ -55.9801354, 5.8075129 ], [ -55.9801231, 5.8076233 ], [ -55.9801539, 5.8078562 ], [ -55.9801847, 5.8079788 ], [ -55.9802278, 5.8081076 ], [ -55.9802278, 5.8082302 ], [ -55.9802093, 5.8083651 ], [ -55.9801477, 5.8084754 ], [ -55.9800306, 5.8085061 ], [ -55.9796609, 5.8085122 ], [ -55.9793158, 5.8084815 ], [ -55.9790016, 5.8084386 ], [ -55.9789153, 5.8083589 ], [ -55.9787674, 5.8081444 ], [ -55.9786873, 5.8080524 ], [ -55.9785764, 5.8079911 ], [ -55.9784655, 5.8079543 ], [ -55.9783484, 5.8078869 ], [ -55.9782313, 5.8078501 ], [ -55.9780957, 5.8078378 ], [ -55.977991, 5.8079114 ], [ -55.9779047, 5.8079911 ], [ -55.9777938, 5.808034 ], [ -55.9776767, 5.8080217 ], [ -55.9775658, 5.8079727 ], [ -55.9773994, 5.8078807 ], [ -55.9772947, 5.8078317 ], [ -55.9772146, 5.8077397 ], [ -55.9771468, 5.8076417 ], [ -55.9770851, 5.807519 ], [ -55.9769989, 5.8072984 ], [ -55.9769989, 5.8071635 ], [ -55.977079, 5.8070715 ], [ -55.9771837, 5.8069918 ], [ -55.9772823, 5.806906 ], [ -55.9773378, 5.8068079 ], [ -55.9773686, 5.8066853 ], [ -55.9773748, 5.8065688 ], [ -55.9773686, 5.8063236 ], [ -55.9773501, 5.8062071 ], [ -55.977344, 5.8060906 ], [ -55.9772515, 5.8058699 ], [ -55.9767154, 5.8053856 ], [ -55.9765922, 5.8053856 ], [ -55.9764751, 5.8054163 ], [ -55.9762841, 5.8055266 ], [ -55.9761793, 5.8056002 ], [ -55.9760622, 5.8057473 ], [ -55.9759945, 5.8058516 ], [ -55.9759267, 5.8059619 ], [ -55.9758589, 5.8061887 ], [ -55.9758651, 5.8064217 ], [ -55.9759328, 5.8065443 ], [ -55.9759513, 5.8066485 ], [ -55.9760314, 5.8068753 ], [ -55.9760561, 5.8069857 ], [ -55.9760746, 5.8071022 ], [ -55.9760746, 5.8073413 ], [ -55.9760068, 5.8074394 ], [ -55.9758959, 5.8074823 ], [ -55.975711, 5.8074945 ], [ -55.9754275, 5.8077459 ], [ -55.97528, 5.8077522 ], [ -55.9751668, 5.807724 ], [ -55.9750394, 5.8076254 ], [ -55.9749615, 5.8075057 ], [ -55.9747562, 5.8073085 ], [ -55.9745297, 5.8072099 ], [ -55.9743881, 5.8071677 ], [ -55.974289, 5.8072522 ], [ -55.9742183, 5.807379 ], [ -55.974105, 5.8074846 ], [ -55.9739705, 5.8075691 ], [ -55.9738431, 5.8076184 ], [ -55.9737015, 5.8076043 ], [ -55.9735529, 5.8075268 ], [ -55.973468, 5.8074142 ], [ -55.9734538, 5.8072804 ], [ -55.9734255, 5.8071254 ], [ -55.9733476, 5.8069987 ], [ -55.973199, 5.8069916 ], [ -55.9730716, 5.8070761 ], [ -55.9729937, 5.8072029 ], [ -55.9728167, 5.8074071 ], [ -55.9726539, 5.8074564 ], [ -55.9725265, 5.8073297 ], [ -55.9724699, 5.8070198 ], [ -55.9722575, 5.8067452 ], [ -55.9721089, 5.8066818 ], [ -55.9719461, 5.8066325 ], [ -55.9717975, 5.8066255 ], [ -55.9716134, 5.8066255 ], [ -55.9714718, 5.8066395 ], [ -55.9713657, 5.806724 ], [ -55.9712383, 5.8067804 ], [ -55.9710825, 5.8067733 ], [ -55.9709693, 5.8066818 ], [ -55.9708631, 5.8064776 ], [ -55.9706932, 5.8064142 ], [ -55.9702331, 5.8063297 ], [ -55.9699288, 5.8063226 ], [ -55.9696244, 5.8064142 ], [ -55.969412, 5.8064987 ], [ -55.9691926, 5.8065973 ], [ -55.968867, 5.8066748 ], [ -55.9686759, 5.8066888 ], [ -55.9684918, 5.8067311 ], [ -55.9679539, 5.8065269 ], [ -55.9677769, 5.8064424 ], [ -55.9676212, 5.8063508 ], [ -55.9672531, 5.8061677 ], [ -55.9670195, 5.8060973 ], [ -55.9667364, 5.8059565 ], [ -55.9665878, 5.8059072 ], [ -55.9664391, 5.805872 ], [ -55.9655402, 5.805886 ], [ -55.9648323, 5.8059565 ], [ -55.9646766, 5.806055 ], [ -55.9644501, 5.8062522 ], [ -55.9643227, 5.8062734 ], [ -55.9641599, 5.8062804 ], [ -55.96399, 5.8063015 ], [ -55.9638059, 5.8062311 ], [ -55.9636219, 5.8061959 ], [ -55.9634237, 5.8061818 ], [ -55.9633034, 5.8062522 ], [ -55.9631901, 5.8063297 ], [ -55.9628787, 5.8065128 ], [ -55.9627371, 5.806541 ], [ -55.9623832, 5.806541 ], [ -55.9621921, 5.8064917 ], [ -55.9619585, 5.8064424 ], [ -55.9618169, 5.8064776 ], [ -55.9617107, 5.8065902 ], [ -55.9616329, 5.8067029 ], [ -55.9614559, 5.8068156 ], [ -55.9612577, 5.8068508 ], [ -55.9611162, 5.8068438 ], [ -55.9609958, 5.8067804 ], [ -55.960925, 5.8066536 ], [ -55.9607764, 5.8066536 ], [ -55.960649, 5.806724 ], [ -55.9605994, 5.8068508 ], [ -55.9605499, 5.8069776 ], [ -55.9604225, 5.8070409 ], [ -55.9602809, 5.8070409 ], [ -55.9601181, 5.8070198 ], [ -55.9600049, 5.8069494 ], [ -55.9598987, 5.8068508 ], [ -55.9597642, 5.8067733 ], [ -55.9596368, 5.806717 ], [ -55.9594457, 5.8066536 ], [ -55.9593112, 5.8065691 ], [ -55.9591838, 5.8064987 ], [ -55.9590493, 5.8064635 ], [ -55.9589289, 5.8064072 ], [ -55.9587237, 5.8064424 ], [ -55.9585184, 5.806555 ], [ -55.9583697, 5.8065621 ], [ -55.958214, 5.8065621 ], [ -55.9579734, 5.8064917 ], [ -55.9578106, 5.8064283 ], [ -55.957584, 5.8063931 ], [ -55.9574566, 5.8064353 ], [ -55.9572938, 5.806555 ], [ -55.9570461, 5.8066466 ], [ -55.9567629, 5.8066043 ], [ -55.9566709, 5.8065057 ], [ -55.9565294, 5.806386 ], [ -55.9564161, 5.8062522 ], [ -55.9562958, 5.8061607 ], [ -55.9561401, 5.8060832 ], [ -55.9560126, 5.8061466 ], [ -55.9558569, 5.8062452 ], [ -55.9557437, 5.8063297 ], [ -55.9556162, 5.8062663 ], [ -55.9554959, 5.8061748 ], [ -55.9553968, 5.8060832 ], [ -55.9552553, 5.806041 ], [ -55.9551278, 5.8061184 ], [ -55.9550217, 5.80621 ], [ -55.9548093, 5.8061184 ], [ -55.9543421, 5.805886 ], [ -55.9542218, 5.8058086 ], [ -55.953967, 5.8056677 ], [ -55.9538396, 5.8056255 ], [ -55.9534007, 5.8054917 ], [ -55.9532308, 5.8054776 ], [ -55.9530539, 5.8054776 ], [ -55.9529052, 5.8055058 ], [ -55.9527637, 5.805548 ], [ -55.9525513, 5.8055199 ], [ -55.9523177, 5.8057452 ], [ -55.9521549, 5.8058438 ], [ -55.951985, 5.8058227 ], [ -55.9517868, 5.8056959 ], [ -55.9517514, 5.8055691 ], [ -55.9516665, 5.8054072 ], [ -55.9515179, 5.8053861 ], [ -55.9513904, 5.8054494 ], [ -55.9511993, 5.8055832 ], [ -55.9510507, 5.8057382 ], [ -55.9509374, 5.8058297 ], [ -55.9504773, 5.8059424 ], [ -55.949904, 5.805879 ], [ -55.9494439, 5.805879 ], [ -55.9493023, 5.8059072 ], [ -55.9492174, 5.8059424 ], [ -55.9491395, 5.806048 ], [ -55.9490546, 5.8061818 ], [ -55.9489555, 5.8062874 ], [ -55.948821, 5.8062734 ], [ -55.9487148, 5.8061677 ], [ -55.9486511, 5.806041 ], [ -55.9486157, 5.805886 ], [ -55.9485662, 5.8057593 ], [ -55.9484742, 5.8056677 ], [ -55.9483326, 5.8056607 ], [ -55.9482052, 5.80571 ], [ -55.9481698, 5.8060058 ], [ -55.9481344, 5.8061114 ], [ -55.9479857, 5.8060691 ], [ -55.9476247, 5.8060058 ], [ -55.9473062, 5.8060058 ], [ -55.9471505, 5.8060198 ], [ -55.9468107, 5.8060339 ], [ -55.9460463, 5.8060339 ], [ -55.9458905, 5.806055 ], [ -55.9456286, 5.806048 ], [ -55.9453738, 5.8060339 ], [ -55.945211, 5.8060339 ], [ -55.9448288, 5.8060832 ], [ -55.9446731, 5.8060762 ], [ -55.9445386, 5.806048 ], [ -55.9442413, 5.806041 ], [ -55.9440502, 5.8060198 ], [ -55.9439015, 5.8060058 ], [ -55.9437599, 5.8059776 ], [ -55.9436255, 5.8059353 ], [ -55.9434485, 5.8059072 ], [ -55.9432715, 5.8059283 ], [ -55.943137, 5.8058931 ], [ -55.9430026, 5.805872 ], [ -55.942408, 5.8057593 ], [ -55.9422381, 5.8057382 ], [ -55.9420116, 5.8057311 ], [ -55.94187, 5.805717 ], [ -55.9415019, 5.805717 ], [ -55.9413391, 5.8056959 ], [ -55.9411339, 5.8056536 ], [ -55.9409144, 5.8056325 ], [ -55.9407092, 5.8056255 ], [ -55.9403198, 5.8056536 ], [ -55.9399872, 5.8056466 ], [ -55.9396828, 5.8056677 ], [ -55.9395341, 5.8056677 ], [ -55.9393926, 5.8056607 ], [ -55.939251, 5.8056466 ], [ -55.9391165, 5.8056114 ], [ -55.9388852, 5.8054134 ], [ -55.9386706, 5.8053707 ], [ -55.9384614, 5.8053867 ], [ -55.9381503, 5.8053387 ], [ -55.9377694, 5.8052906 ], [ -55.9375656, 5.805264 ], [ -55.937292, 5.8052426 ], [ -55.9370935, 5.8051946 ], [ -55.9368306, 5.8051786 ], [ -55.9366053, 5.8051199 ], [ -55.9363532, 5.8050718 ], [ -55.9360689, 5.8050398 ], [ -55.9358007, 5.8049864 ], [ -55.9356054, 5.804907 ], [ -55.935457, 5.8048156 ], [ -55.9350037, 5.8045988 ], [ -55.9347775, 5.8044354 ], [ -55.9307845, 5.8198562 ], [ -55.9186789, 5.83182 ], [ -55.9249001, 5.8393107 ], [ -55.9310804, 5.8468051 ], [ -55.9317396, 5.847034 ], [ -55.9326997, 5.8473413 ], [ -55.9335445, 5.8477637 ], [ -55.9339405, 5.848135 ], [ -55.9344278, 5.8479941 ], [ -55.9353879, 5.8476485 ], [ -55.9363863, 5.8481093 ], [ -55.937692, 5.8489158 ], [ -55.9389593, 5.8499911 ], [ -55.9409947, 5.8517192 ], [ -55.9423004, 5.8529865 ], [ -55.9437981, 5.8542922 ], [ -55.9449886, 5.8555979 ], [ -55.9466783, 5.856942 ], [ -55.9471775, 5.857518 ], [ -55.9476, 5.8585549 ], [ -55.9477152, 5.8596302 ], [ -55.9483296, 5.8610127 ], [ -55.9487136, 5.8615119 ], [ -55.9497121, 5.8628944 ], [ -55.9499425, 5.8635856 ], [ -55.950365, 5.8646225 ], [ -55.951133, 5.8652754 ], [ -55.9523619, 5.8662738 ], [ -55.9532452, 5.8674259 ], [ -55.9538596, 5.8689236 ], [ -55.9547813, 5.8697301 ], [ -55.9560486, 5.8706902 ], [ -55.9561254, 5.871151 ], [ -55.9558566, 5.8720727 ], [ -55.9559334, 5.8728023 ], [ -55.956087, 5.8733016 ], [ -55.9560486, 5.8739544 ], [ -55.9560486, 5.8746841 ], [ -55.9564326, 5.8753753 ], [ -55.9566246, 5.8759897 ], [ -55.955895, 5.8767578 ], [ -55.9552805, 5.8778715 ], [ -55.9552805, 5.8786395 ], [ -55.9554725, 5.879638 ], [ -55.9557798, 5.8804829 ], [ -55.9561254, 5.8809821 ], [ -55.956279, 5.8815966 ], [ -55.955703, 5.882211 ], [ -55.9557414, 5.8830559 ], [ -55.9559334, 5.8834783 ], [ -55.9554341, 5.8839775 ], [ -55.9552805, 5.8845536 ], [ -55.9552421, 5.885168 ], [ -55.9549733, 5.8861281 ], [ -55.9545509, 5.8873954 ], [ -55.9546277, 5.8886243 ], [ -55.9537828, 5.8892771 ], [ -55.9532452, 5.8902372 ], [ -55.9525155, 5.8912741 ], [ -55.9519395, 5.8921957 ], [ -55.9506338, 5.892887 ], [ -55.9494433, 5.8938086 ], [ -55.9486368, 5.8953832 ], [ -55.947792, 5.8962664 ], [ -55.9467551, 5.8976489 ], [ -55.9456798, 5.8985706 ], [ -55.9422779, 5.9029101 ], [ -55.9407418, 5.9057519 ], [ -55.9385912, 5.9093618 ], [ -55.9367479, 5.9110515 ], [ -55.9357494, 5.9125108 ], [ -55.9356726, 5.9147382 ], [ -55.9343669, 5.9159671 ], [ -55.933522, 5.9168887 ], [ -55.9326772, 5.9181944 ], [ -55.9309875, 5.9191929 ], [ -55.9305266, 5.9202682 ], [ -55.9291441, 5.9209594 ], [ -55.9278384, 5.9220347 ], [ -55.9261487, 5.9241085 ], [ -55.925227, 5.926259 ], [ -55.9238445, 5.9280255 ], [ -55.9237677, 5.9293312 ], [ -55.9237677, 5.9312514 ], [ -55.9229997, 5.9323267 ], [ -55.9220734, 5.9326789 ], [ -55.9217746, 5.933222 ], [ -55.9210958, 5.9334392 ], [ -55.9201725, 5.9333849 ], [ -55.9196837, 5.9340095 ], [ -55.9195751, 5.934987 ], [ -55.9190863, 5.9359646 ], [ -55.9188419, 5.9363719 ], [ -55.917973, 5.9367521 ], [ -55.91762, 5.9379469 ], [ -55.9175928, 5.9385172 ], [ -55.9166967, 5.9388159 ], [ -55.9165338, 5.9393861 ], [ -55.9163437, 5.9397663 ], [ -55.916045, 5.9404723 ], [ -55.9159363, 5.941124 ], [ -55.9156105, 5.9417758 ], [ -55.9147687, 5.9428348 ], [ -55.9143071, 5.9432693 ], [ -55.9132752, 5.9444369 ], [ -55.9124334, 5.9445999 ], [ -55.9116187, 5.944627 ], [ -55.9108041, 5.9448986 ], [ -55.9105597, 5.9456589 ], [ -55.910261, 5.9467451 ], [ -55.9097722, 5.9473154 ], [ -55.909392, 5.9473154 ], [ -55.9092019, 5.9477498 ], [ -55.9089304, 5.9479399 ], [ -55.9085231, 5.9482929 ], [ -55.9080071, 5.9485102 ], [ -55.9076813, 5.9480485 ], [ -55.9073011, 5.9478313 ], [ -55.9065408, 5.9480214 ], [ -55.9056175, 5.9482929 ], [ -55.9050201, 5.9487817 ], [ -55.9036623, 5.9496778 ], [ -55.902902, 5.9505196 ], [ -55.9031192, 5.9513886 ], [ -55.9029563, 5.9520675 ], [ -55.9022231, 5.9524205 ], [ -55.9017343, 5.9530722 ], [ -55.9012999, 5.9548916 ], [ -55.9008382, 5.9557877 ], [ -55.9001594, 5.956901 ], [ -55.8996163, 5.9576885 ], [ -55.8991003, 5.9593178 ], [ -55.8992089, 5.9607027 ], [ -55.8985844, 5.9621419 ], [ -55.8981499, 5.9628751 ], [ -55.8970909, 5.9641242 ], [ -55.8963577, 5.965319 ], [ -55.8951629, 5.9664596 ], [ -55.8942124, 5.9674914 ], [ -55.8940767, 5.9692837 ], [ -55.8932077, 5.970044 ], [ -55.8918228, 5.9705056 ], [ -55.8878854, 5.9715104 ], [ -55.8854957, 5.9718091 ], [ -55.8832962, 5.9721078 ], [ -55.8809065, 5.9720263 ], [ -55.8787885, 5.9713203 ], [ -55.8764803, 5.9699082 ], [ -55.8729697, 5.9705118 ], [ -55.8662877, 5.9728159 ], [ -55.862217, 5.974352 ], [ -55.8575318, 5.9756577 ], [ -55.852309, 5.9772706 ], [ -55.8467022, 5.9791908 ], [ -55.8427851, 5.9796516 ], [ -55.8402506, 5.9793444 ], [ -55.8371783, 5.9806501 ], [ -55.8339525, 5.9808037 ], [ -55.8249662, 5.9825702 ], [ -55.8196666, 5.9832615 ], [ -55.8173625, 5.9819558 ], [ -55.8109876, 5.981879 ], [ -55.8035375, 5.9811877 ], [ -55.7701179, 5.9963569 ], [ -55.7243417, 6.0009652 ], [ -55.707669, 5.9915124 ], [ -55.6899971, 5.9924443 ], [ -55.6674948, 5.9970238 ], [ -55.6464568, 5.997151 ], [ -55.6336012, 5.9981185 ], [ -55.6208862, 5.9999631 ], [ -55.6042466, 6.000414 ], [ -55.5919156, 5.9992044 ], [ -55.5803629, 5.9972649 ], [ -55.5715816, 5.9971018 ], [ -55.5612196, 5.9960941 ], [ -55.5506945, 5.9974982 ], [ -55.548538, 5.9978716 ], [ -55.5470574, 5.9982558 ], [ -55.5461562, 5.9984905 ], [ -55.5451477, 5.9983091 ], [ -55.5439246, 5.9973168 ], [ -55.5436027, 5.9963351 ], [ -55.5430448, 5.9958657 ], [ -55.5421329, 5.9952361 ], [ -55.541296, 5.9951934 ], [ -55.5392146, 5.995012 ], [ -55.537616, 5.9949053 ], [ -55.5371761, 5.9945639 ], [ -55.5362749, 5.9939023 ], [ -55.5347514, 5.9936569 ], [ -55.5337751, 5.9937316 ], [ -55.5335176, 5.993753 ], [ -55.531565, 5.9938703 ], [ -55.5310714, 5.993977 ], [ -55.5307818, 5.9936676 ], [ -55.530417, 5.9931341 ], [ -55.5292153, 5.99291 ], [ -55.5284, 5.9931021 ], [ -55.5279386, 5.9931554 ], [ -55.5270803, 5.9930594 ], [ -55.5266512, 5.9931874 ], [ -55.5260825, 5.9932408 ], [ -55.5256426, 5.9930594 ], [ -55.5250526, 5.992846 ], [ -55.5246019, 5.9928247 ], [ -55.5235183, 5.992782 ], [ -55.5216408, 5.9923658 ], [ -55.5209649, 5.9924832 ], [ -55.5203855, 5.9925686 ], [ -55.5199134, 5.9926326 ], [ -55.5192697, 5.9920777 ], [ -55.5180466, 5.9918643 ], [ -55.5173814, 5.9919284 ], [ -55.5161154, 5.9912668 ], [ -55.5153108, 5.9911174 ], [ -55.5150104, 5.990968 ], [ -55.5141413, 5.9908293 ], [ -55.5130363, 5.9905839 ], [ -55.5121994, 5.9905732 ], [ -55.5115879, 5.9905412 ], [ -55.5112875, 5.9902105 ], [ -55.510751, 5.9897836 ], [ -55.5100107, 5.9900504 ], [ -55.5090451, 5.989997 ], [ -55.5086911, 5.9901464 ], [ -55.5077684, 5.9895702 ], [ -55.5071032, 5.9896983 ], [ -55.5068672, 5.9893462 ], [ -55.5070603, 5.9889193 ], [ -55.5065346, 5.9890047 ], [ -55.5063629, 5.9889407 ], [ -55.5061162, 5.9883111 ], [ -55.5055904, 5.9879484 ], [ -55.5052042, 5.9875215 ], [ -55.5044103, 5.9869987 ], [ -55.5032194, 5.9868173 ], [ -55.5019641, 5.9870094 ], [ -55.5004192, 5.9873615 ], [ -55.4994643, 5.987863 ], [ -55.4992712, 5.988023 ], [ -55.4978442, 5.9881297 ], [ -55.4968572, 5.9881831 ], [ -55.4962242, 5.9881191 ], [ -55.4955268, 5.9879057 ], [ -55.4951084, 5.9880124 ], [ -55.4943144, 5.9880871 ], [ -55.4927588, 5.9880657 ], [ -55.491643, 5.9877563 ], [ -55.4908383, 5.9875429 ], [ -55.4885316, 5.9873615 ], [ -55.4858923, 5.9871908 ], [ -55.4838967, 5.9873615 ], [ -55.4824054, 5.9876603 ], [ -55.481354, 5.9876603 ], [ -55.4806781, 5.9872441 ], [ -55.4797983, 5.9870414 ], [ -55.4786718, 5.9866786 ], [ -55.4773843, 5.9860704 ], [ -55.4768157, 5.9861237 ], [ -55.4762471, 5.9859423 ], [ -55.4757857, 5.9860277 ], [ -55.4754853, 5.986081 ], [ -55.4743803, 5.9856862 ], [ -55.4728568, 5.9855262 ], [ -55.4714728, 5.9854302 ], [ -55.4707754, 5.9853341 ], [ -55.4700887, 5.9850994 ], [ -55.4692412, 5.9850567 ], [ -55.4686296, 5.9850674 ], [ -55.4680395, 5.9847899 ], [ -55.4674709, 5.9847686 ], [ -55.4671919, 5.9847473 ], [ -55.4661191, 5.9842031 ], [ -55.465765, 5.9842457 ], [ -55.4652608, 5.9842564 ], [ -55.4648531, 5.9840217 ], [ -55.4643166, 5.9836482 ], [ -55.4640269, 5.9832641 ], [ -55.4637158, 5.9828906 ], [ -55.4633081, 5.9827626 ], [ -55.4630077, 5.9827626 ], [ -55.4627609, 5.9829973 ], [ -55.4622567, 5.9827412 ], [ -55.4617524, 5.9823357 ], [ -55.4613876, 5.9819196 ], [ -55.4607976, 5.9816742 ], [ -55.4601753, 5.9819196 ], [ -55.4587376, 5.9813221 ], [ -55.4579866, 5.981034 ], [ -55.457418, 5.9810019 ], [ -55.4552829, 5.9811513 ], [ -55.4546392, 5.9811833 ], [ -55.4507339, 5.9815461 ], [ -55.4497254, 5.9818449 ], [ -55.4493392, 5.9818769 ], [ -55.4480877, 5.9816769 ], [ -55.4479444, 5.98113 ], [ -55.4477513, 5.9806605 ], [ -55.4471183, 5.9805218 ], [ -55.4466033, 5.9808739 ], [ -55.4463351, 5.9809806 ], [ -55.4459596, 5.9808846 ], [ -55.4451978, 5.9811193 ], [ -55.4448867, 5.9809379 ], [ -55.4444361, 5.980287 ], [ -55.4434061, 5.980319 ], [ -55.4431594, 5.9806178 ], [ -55.4416466, 5.9805431 ], [ -55.4405093, 5.9806071 ], [ -55.4401231, 5.9807138 ], [ -55.4380417, 5.9807245 ], [ -55.4372156, 5.9797428 ], [ -55.4364109, 5.9791239 ], [ -55.435102, 5.9786224 ], [ -55.434351, 5.9785691 ], [ -55.4299414, 5.9780462 ], [ -55.429405, 5.9778221 ], [ -55.4287827, 5.9777901 ], [ -55.4283106, 5.9778968 ], [ -55.4277849, 5.9780676 ], [ -55.4275167, 5.9780462 ], [ -55.426471, 5.9778547 ], [ -55.4250705, 5.9773206 ], [ -55.4246895, 5.976927 ], [ -55.4243687, 5.97676 ], [ -55.4232701, 5.9761879 ], [ -55.4225278, 5.9757094 ], [ -55.4218197, 5.9757947 ], [ -55.4215515, 5.9758374 ], [ -55.4206932, 5.9753146 ], [ -55.4200709, 5.9748878 ], [ -55.419867, 5.9748451 ], [ -55.4193199, 5.9754853 ], [ -55.4189336, 5.9755387 ], [ -55.4188049, 5.9754106 ], [ -55.4187942, 5.9750265 ], [ -55.4187191, 5.9746743 ], [ -55.4181719, 5.9745143 ], [ -55.4175067, 5.974781 ], [ -55.4169917, 5.9748237 ], [ -55.4164982, 5.9748024 ], [ -55.4161549, 5.974781 ], [ -55.4157631, 5.9744858 ], [ -55.4154866, 5.9742936 ], [ -55.4151464, 5.9742208 ], [ -55.4146743, 5.9742635 ], [ -55.4143846, 5.9744236 ], [ -55.4139715, 5.9743062 ], [ -55.4136175, 5.9743222 ], [ -55.4130596, 5.9742475 ], [ -55.412727, 5.9742262 ], [ -55.4124534, 5.9742902 ], [ -55.4121316, 5.9744929 ], [ -55.4119062, 5.974573 ], [ -55.411756, 5.9744182 ], [ -55.4114878, 5.9743542 ], [ -55.4111821, 5.9743702 ], [ -55.4107422, 5.9744769 ], [ -55.4100341, 5.974765 ], [ -55.4100394, 5.9749784 ], [ -55.4099751, 5.9751385 ], [ -55.4097498, 5.9750638 ], [ -55.4093742, 5.9748291 ], [ -55.4088432, 5.9747437 ], [ -55.4083818, 5.974685 ], [ -55.40806, 5.9745996 ], [ -55.4074484, 5.974637 ], [ -55.4068637, 5.974749 ], [ -55.4059035, 5.9751438 ], [ -55.4054046, 5.9751759 ], [ -55.4047769, 5.9752292 ], [ -55.4044122, 5.9752452 ], [ -55.4040957, 5.9753626 ], [ -55.4038757, 5.975608 ], [ -55.4036933, 5.9756934 ], [ -55.4034412, 5.9757414 ], [ -55.4031837, 5.9755333 ], [ -55.4028028, 5.9755066 ], [ -55.4023683, 5.9755386 ], [ -55.4018909, 5.9754906 ], [ -55.4015529, 5.9754533 ], [ -55.4010809, 5.9754586 ], [ -55.4002279, 5.9758854 ], [ -55.3984523, 5.97556 ], [ -55.3974867, 5.9751598 ], [ -55.3969235, 5.9748931 ], [ -55.3964689, 5.974819 ], [ -55.395931, 5.974557 ], [ -55.3953087, 5.9742956 ], [ -55.3949117, 5.9740821 ], [ -55.3945899, 5.9738047 ], [ -55.393973, 5.9737673 ], [ -55.3934634, 5.9734899 ], [ -55.3926426, 5.9732125 ], [ -55.3922135, 5.972759 ], [ -55.391677, 5.9725349 ], [ -55.3912103, 5.9722521 ], [ -55.3907812, 5.9721828 ], [ -55.3904647, 5.9719747 ], [ -55.3900248, 5.9717453 ], [ -55.3894132, 5.9713451 ], [ -55.3891289, 5.9713078 ], [ -55.3888553, 5.9713665 ], [ -55.388453, 5.9709876 ], [ -55.3882974, 5.9708223 ], [ -55.3881472, 5.9706942 ], [ -55.3877556, 5.9707155 ], [ -55.3869349, 5.9706569 ], [ -55.386436, 5.9705928 ], [ -55.3858084, 5.9705875 ], [ -55.3850466, 5.9704488 ], [ -55.3843761, 5.9704541 ], [ -55.3835003, 5.9702515 ], [ -55.3825736, 5.9703047 ], [ -55.3823215, 5.9703261 ], [ -55.3817582, 5.9702034 ], [ -55.3813666, 5.9700326 ], [ -55.3805029, 5.9698992 ], [ -55.3801021, 5.9697624 ], [ -55.3795373, 5.9698352 ], [ -55.3789258, 5.9697979 ], [ -55.3781211, 5.9699419 ], [ -55.3769012, 5.9699769 ], [ -55.3759401, 5.96967 ], [ -55.3752619, 5.9698886 ], [ -55.3746826, 5.9697979 ], [ -55.3739912, 5.969881 ], [ -55.3727728, 5.970182 ], [ -55.3721774, 5.9703101 ], [ -55.371877, 5.9700006 ], [ -55.3716265, 5.9695909 ], [ -55.370804, 5.9694967 ], [ -55.3703369, 5.9695105 ], [ -55.3698638, 5.9695638 ], [ -55.3688827, 5.9692432 ], [ -55.3683175, 5.9689374 ], [ -55.3674727, 5.9688151 ], [ -55.3664106, 5.9681493 ], [ -55.3650577, 5.9677187 ], [ -55.3642694, 5.9677455 ], [ -55.3634497, 5.9673922 ], [ -55.3630686, 5.9671569 ], [ -55.3629086, 5.9667206 ], [ -55.362972, 5.9663299 ], [ -55.3625591, 5.9664128 ], [ -55.361761, 5.9670708 ], [ -55.3613358, 5.9667033 ], [ -55.3606575, 5.966686 ], [ -55.3596945, 5.9666109 ], [ -55.3592466, 5.9663595 ], [ -55.3584713, 5.9661165 ], [ -55.3580446, 5.9664022 ], [ -55.3577882, 5.9667271 ], [ -55.3574503, 5.9668657 ], [ -55.3572262, 5.9669035 ], [ -55.3571141, 5.9668317 ], [ -55.3576475, 5.966175 ], [ -55.357788, 5.9658465 ], [ -55.3572301, 5.9658724 ], [ -55.356972, 5.9655418 ], [ -55.3568512, 5.9652682 ], [ -55.3565601, 5.9652147 ], [ -55.356068, 5.9652415 ], [ -55.3556266, 5.9653044 ], [ -55.3553063, 5.9654496 ], [ -55.3548828, 5.9650728 ], [ -55.35433, 5.96484 ], [ -55.3540134, 5.9645372 ], [ -55.3541583, 5.9643825 ], [ -55.3541905, 5.9641744 ], [ -55.3540939, 5.964041 ], [ -55.3538257, 5.9640997 ], [ -55.3537077, 5.9643451 ], [ -55.3534272, 5.9644644 ], [ -55.3533322, 5.9643131 ], [ -55.353182, 5.9641531 ], [ -55.35279, 5.96433 ], [ -55.3523229, 5.9640911 ], [ -55.3522378, 5.9637582 ], [ -55.351873, 5.9637102 ], [ -55.3514761, 5.9637903 ], [ -55.3512401, 5.9638001 ], [ -55.35074, 5.96354 ], [ -55.3503227, 5.9634701 ], [ -55.3495824, 5.9634168 ], [ -55.3491372, 5.9635182 ], [ -55.3491265, 5.9632621 ], [ -55.3489977, 5.9631447 ], [ -55.3487885, 5.9631233 ], [ -55.3485525, 5.9632194 ], [ -55.3476673, 5.9629846 ], [ -55.3471577, 5.9627232 ], [ -55.3466374, 5.9625845 ], [ -55.3465247, 5.9625098 ], [ -55.3464067, 5.9623764 ], [ -55.3460795, 5.962147 ], [ -55.3453392, 5.9623124 ], [ -55.3448993, 5.9623337 ], [ -55.3445184, 5.9625471 ], [ -55.3443521, 5.9626165 ], [ -55.3441912, 5.9625418 ], [ -55.3439605, 5.9622963 ], [ -55.3437245, 5.9620509 ], [ -55.3432699, 5.9624899 ], [ -55.3430969, 5.9627979 ], [ -55.3428662, 5.9627819 ], [ -55.3424102, 5.9626858 ], [ -55.342024, 5.9623817 ], [ -55.341568, 5.962355 ], [ -55.3411174, 5.962131 ], [ -55.3403932, 5.9619122 ], [ -55.3402215, 5.9618588 ], [ -55.3398782, 5.9620029 ], [ -55.3392398, 5.9619976 ], [ -55.3387034, 5.962227 ], [ -55.3382124, 5.9620396 ], [ -55.336894, 5.9615222 ], [ -55.3359999, 5.9607535 ], [ -55.3352664, 5.9595468 ], [ -55.3351521, 5.9589239 ], [ -55.3336716, 5.9575905 ], [ -55.3332746, 5.957121 ], [ -55.333001, 5.9564807 ], [ -55.3329045, 5.9560806 ], [ -55.3327382, 5.9559312 ], [ -55.3323197, 5.9557124 ], [ -55.3317214, 5.955217 ], [ -55.3313023, 5.9546486 ], [ -55.3307372, 5.954608 ], [ -55.3303886, 5.95464 ], [ -55.3301722, 5.9544231 ], [ -55.3306446, 5.9543499 ], [ -55.3316243, 5.9540827 ], [ -55.3318897, 5.9538341 ], [ -55.3307646, 5.9537087 ], [ -55.3303142, 5.9534908 ], [ -55.3300989, 5.9531567 ], [ -55.3301472, 5.9529487 ], [ -55.3301525, 5.9527619 ], [ -55.3300613, 5.9525538 ], [ -55.3299379, 5.9524151 ], [ -55.3296107, 5.9525325 ], [ -55.3295142, 5.9525965 ], [ -55.3292728, 5.9528153 ], [ -55.3290232, 5.9528833 ], [ -55.328806, 5.9524791 ], [ -55.3280389, 5.9519989 ], [ -55.3273791, 5.952159 ], [ -55.3267407, 5.9522924 ], [ -55.3254157, 5.9522284 ], [ -55.3246433, 5.9519562 ], [ -55.3244877, 5.9518816 ], [ -55.3238922, 5.9518549 ], [ -55.3237528, 5.9515721 ], [ -55.3236187, 5.951348 ], [ -55.323447, 5.951268 ], [ -55.3231949, 5.9512413 ], [ -55.3227764, 5.9509638 ], [ -55.3225672, 5.950521 ], [ -55.3221917, 5.9502436 ], [ -55.3212369, 5.94979 ], [ -55.3201103, 5.9492778 ], [ -55.3191554, 5.9488327 ], [ -55.3190321, 5.9487443 ], [ -55.3190643, 5.9483494 ], [ -55.3186619, 5.948072 ], [ -55.3182918, 5.9480346 ], [ -55.3180128, 5.9482054 ], [ -55.3177661, 5.9483014 ], [ -55.3173369, 5.9484135 ], [ -55.3162522, 5.9480928 ], [ -55.3160495, 5.9477092 ], [ -55.3157812, 5.9475171 ], [ -55.3156042, 5.9474637 ], [ -55.3153071, 5.9474977 ], [ -55.31488, 5.947325 ], [ -55.3144884, 5.9470689 ], [ -55.3143007, 5.9466847 ], [ -55.3141601, 5.9462254 ], [ -55.3136677, 5.9459644 ], [ -55.3128737, 5.9458471 ], [ -55.3125519, 5.9459591 ], [ -55.3122836, 5.9461032 ], [ -55.3119564, 5.9460498 ], [ -55.3120637, 5.9455483 ], [ -55.3120369, 5.9452495 ], [ -55.3122085, 5.9446359 ], [ -55.3120959, 5.9443211 ], [ -55.3120369, 5.944145 ], [ -55.3119992, 5.9437886 ], [ -55.3116024, 5.9436381 ], [ -55.3112966, 5.9433073 ], [ -55.3111303, 5.943238 ], [ -55.3109586, 5.9429712 ], [ -55.3107816, 5.9427631 ], [ -55.3105027, 5.9426137 ], [ -55.3104168, 5.9423576 ], [ -55.3099018, 5.9422722 ], [ -55.30855, 5.9426671 ], [ -55.3083354, 5.942491 ], [ -55.3081974, 5.9421565 ], [ -55.3080887, 5.9419734 ], [ -55.3079438, 5.9418507 ], [ -55.3077132, 5.9417067 ], [ -55.3074825, 5.9416426 ], [ -55.307166, 5.9415573 ], [ -55.3064042, 5.9414772 ], [ -55.3062755, 5.9415466 ], [ -55.3058946, 5.9414826 ], [ -55.3057659, 5.9413652 ], [ -55.3055352, 5.9412318 ], [ -55.3052133, 5.9411037 ], [ -55.3048968, 5.940917 ], [ -55.304457, 5.9405969 ], [ -55.3040868, 5.9403407 ], [ -55.3035021, 5.9402821 ], [ -55.3026921, 5.9402074 ], [ -55.3020537, 5.9398926 ], [ -55.3016943, 5.9396364 ], [ -55.3012222, 5.9394444 ], [ -55.300836, 5.9392203 ], [ -55.3006965, 5.9389215 ], [ -55.3005838, 5.9384626 ], [ -55.3002942, 5.9380251 ], [ -55.2992159, 5.9372514 ], [ -55.2989584, 5.9370166 ], [ -55.298422, 5.9367232 ], [ -55.2971453, 5.9361469 ], [ -55.2966464, 5.9358055 ], [ -55.2962869, 5.9358321 ], [ -55.2960885, 5.9358962 ], [ -55.295772, 5.9357894 ], [ -55.2955252, 5.9357628 ], [ -55.2951336, 5.93564 ], [ -55.2946347, 5.9350905 ], [ -55.2938086, 5.9346796 ], [ -55.2929261, 5.9340921 ], [ -55.2920726, 5.9334745 ], [ -55.2914093, 5.933012 ], [ -55.2896298, 5.9318286 ], [ -55.2875072, 5.9309324 ], [ -55.286064, 5.930593 ], [ -55.2852949, 5.9300425 ], [ -55.2844349, 5.9291816 ], [ -55.282559, 5.9282837 ], [ -55.2812236, 5.9277046 ], [ -55.2807248, 5.9270176 ], [ -55.280242, 5.9267401 ], [ -55.2795017, 5.92642 ], [ -55.2790618, 5.9258117 ], [ -55.2783966, 5.9253315 ], [ -55.2778709, 5.9251287 ], [ -55.2773074, 5.9248101 ], [ -55.2766208, 5.9243261 ], [ -55.2751953, 5.9237446 ], [ -55.2742168, 5.9232435 ], [ -55.2731719, 5.9227621 ], [ -55.2726334, 5.922422 ], [ -55.2720361, 5.9223938 ], [ -55.2714052, 5.9224295 ], [ -55.270805, 5.9221867 ], [ -55.270221, 5.9219089 ], [ -55.2692853, 5.9215708 ], [ -55.2671925, 5.920662 ], [ -55.2651064, 5.9197242 ], [ -55.2635538, 5.9191738 ], [ -55.2617424, 5.9184064 ], [ -55.260431, 5.9177903 ], [ -55.2593609, 5.9173876 ], [ -55.2582723, 5.9170357 ], [ -55.256231, 5.9159592 ], [ -55.2552359, 5.9155862 ], [ -55.2541555, 5.9151812 ], [ -55.2516167, 5.914024 ], [ -55.2512962, 5.9138779 ], [ -55.2498079, 5.9132782 ], [ -55.247283, 5.9118959 ], [ -55.2464873, 5.9114562 ], [ -55.2463174, 5.9113623 ], [ -55.244987, 5.9107647 ], [ -55.2442038, 5.9103485 ], [ -55.2435708, 5.9100817 ], [ -55.2429706, 5.9101885 ], [ -55.2424342, 5.9101706 ], [ -55.242006, 5.9101565 ], [ -55.2417082, 5.9102233 ], [ -55.2415169, 5.9104889 ], [ -55.2413852, 5.9104006 ], [ -55.2413766, 5.9102696 ], [ -55.2411483, 5.9104119 ], [ -55.2410216, 5.9101329 ], [ -55.2412392, 5.9097997 ], [ -55.2408135, 5.9092599 ], [ -55.2402234, 5.9088651 ], [ -55.2399445, 5.9083635 ], [ -55.2391076, 5.9078512 ], [ -55.2379382, 5.9072643 ], [ -55.2368975, 5.9067627 ], [ -55.2350628, 5.905973 ], [ -55.2342045, 5.9056955 ], [ -55.2334649, 5.9054511 ], [ -55.2324496, 5.9048954 ], [ -55.231726, 5.9045218 ], [ -55.2311813, 5.9042406 ], [ -55.2309174, 5.9039348 ], [ -55.2302075, 5.9035977 ], [ -55.2291156, 5.9032081 ], [ -55.2279163, 5.9027242 ], [ -55.2275586, 5.9028934 ], [ -55.2278508, 5.9031798 ], [ -55.2279822, 5.9037556 ], [ -55.2271799, 5.9034313 ], [ -55.2269758, 5.9042007 ], [ -55.2267341, 5.9042007 ], [ -55.2266804, 5.9044252 ], [ -55.226487, 5.9044733 ], [ -55.226151, 5.9046103 ], [ -55.2260499, 5.9047697 ], [ -55.2260014, 5.9049094 ], [ -55.2259196, 5.9049582 ], [ -55.2258121, 5.904899 ], [ -55.2256971, 5.9007535 ], [ -55.2256321, 5.9006005 ], [ -55.2252913, 5.9005087 ], [ -55.2251223, 5.9005426 ], [ -55.2233174, 5.9000186 ], [ -55.2228847, 5.8998361 ], [ -55.2223272, 5.8996944 ], [ -55.2221842, 5.8997134 ], [ -55.2217906, 5.899573 ], [ -55.220549, 5.8992103 ], [ -55.2191773, 5.8988489 ], [ -55.2189343, 5.8991138 ], [ -55.2189094, 5.8992442 ], [ -55.2187393, 5.8992872 ], [ -55.2188077, 5.8991071 ], [ -55.218629, 5.8986819 ], [ -55.2173692, 5.8982414 ], [ -55.2152689, 5.8976672 ], [ -55.2119743, 5.8967475 ], [ -55.2092678, 5.8960203 ], [ -55.2080617, 5.8956881 ], [ -55.2069138, 5.8953681 ], [ -55.2046637, 5.8947248 ], [ -55.2041019, 5.8954716 ], [ -55.2030435, 5.896112 ], [ -55.201324, 5.8952967 ], [ -55.1992222, 5.8950158 ], [ -55.1970099, 5.894497 ], [ -55.1942001, 5.8940115 ], [ -55.1919581, 5.8936517 ], [ -55.1898723, 5.8936505 ], [ -55.1894956, 5.8940119 ], [ -55.1894632, 5.8940429 ], [ -55.1894403, 5.8940649 ], [ -55.1892075, 5.8942882 ], [ -55.1885861, 5.8948843 ], [ -55.1871403, 5.8930345 ], [ -55.1856357, 5.8937035 ], [ -55.1836951, 5.8946693 ], [ -55.1830801, 5.8945454 ], [ -55.1818211, 5.8942917 ], [ -55.1807621, 5.8947874 ], [ -55.1799391, 5.8955925 ], [ -55.1796329, 5.8998296 ], [ -55.1795052, 5.9003378 ], [ -55.1791954, 5.8999696 ], [ -55.1790763, 5.8980919 ], [ -55.178491, 5.8980642 ], [ -55.1783185, 5.8980561 ], [ -55.1780466, 5.8980432 ], [ -55.1778226, 5.8978292 ], [ -55.1770197, 5.8977783 ], [ -55.1764884, 5.8978467 ], [ -55.1761682, 5.8983511 ], [ -55.1758679, 5.8991054 ], [ -55.1753477, 5.8998962 ], [ -55.1750264, 5.9001912 ], [ -55.1747235, 5.9008534 ], [ -55.1743126, 5.9013689 ], [ -55.1738247, 5.9012733 ], [ -55.1737683, 5.9017209 ], [ -55.1731259, 5.9019925 ], [ -55.1723283, 5.9021829 ], [ -55.1714217, 5.9022521 ], [ -55.1702183, 5.9030273 ], [ -55.1690053, 5.9035022 ], [ -55.1681659, 5.9039985 ], [ -55.1670186, 5.9043659 ], [ -55.1664191, 5.9046703 ], [ -55.1661263, 5.9048189 ], [ -55.1653273, 5.9051179 ], [ -55.1647304, 5.9054368 ], [ -55.1640221, 5.9057948 ], [ -55.1630042, 5.9060555 ], [ -55.1614908, 5.9064032 ], [ -55.1600838, 5.907097 ], [ -55.1589344, 5.9073931 ], [ -55.1585549, 5.9077125 ], [ -55.1582968, 5.9081899 ], [ -55.1580885, 5.9084621 ], [ -55.1572461, 5.9087125 ], [ -55.1569781, 5.908254 ], [ -55.1565233, 5.908588 ], [ -55.1562401, 5.9081963 ], [ -55.1552427, 5.9083357 ], [ -55.1549434, 5.907936 ], [ -55.1547728, 5.9080595 ], [ -55.1546223, 5.9078346 ], [ -55.1544361, 5.9078459 ], [ -55.1543967, 5.9081241 ], [ -55.1542473, 5.908106 ], [ -55.1542703, 5.9078872 ], [ -55.1538009, 5.9078019 ], [ -55.1535302, 5.9079346 ], [ -55.1531132, 5.9078883 ], [ -55.1528777, 5.907634 ], [ -55.1524472, 5.907375 ], [ -55.152266, 5.9075246 ], [ -55.1520602, 5.9074355 ], [ -55.1520549, 5.9075889 ], [ -55.1519073, 5.9077076 ], [ -55.1517818, 5.9076057 ], [ -55.151909, 5.9074231 ], [ -55.151582, 5.9074425 ], [ -55.1512303, 5.907685 ], [ -55.1507191, 5.907526 ], [ -55.1504995, 5.9072843 ], [ -55.1501303, 5.9076614 ], [ -55.1493882, 5.9074193 ], [ -55.1490572, 5.9076118 ], [ -55.1486863, 5.907578 ], [ -55.1476139, 5.9072902 ], [ -55.1466309, 5.9069858 ], [ -55.146304, 5.9070469 ], [ -55.1462109, 5.9067919 ], [ -55.1455816, 5.9065061 ], [ -55.1449346, 5.906223 ], [ -55.1440151, 5.9060963 ], [ -55.1432451, 5.9058158 ], [ -55.1425706, 5.9054411 ], [ -55.1417872, 5.90522 ], [ -55.1408641, 5.9049696 ], [ -55.1399511, 5.9045692 ], [ -55.139491, 5.9045383 ], [ -55.1387068, 5.9042003 ], [ -55.1366867, 5.9029528 ], [ -55.1360976, 5.9025958 ], [ -55.1358812, 5.9025278 ], [ -55.1357916, 5.9024997 ], [ -55.1346537, 5.9018005 ], [ -55.134116, 5.9012071 ], [ -55.132366, 5.9002772 ], [ -55.1306711, 5.8989412 ], [ -55.1307081, 5.898604 ], [ -55.13046, 5.8986333 ], [ -55.1301278, 5.8982861 ], [ -55.1298802, 5.8975756 ], [ -55.1297282, 5.8979723 ], [ -55.1289729, 5.8977611 ], [ -55.1266091, 5.8960808 ], [ -55.1244972, 5.8944001 ], [ -55.122518, 5.8928784 ], [ -55.1215936, 5.892027 ], [ -55.1208348, 5.8913449 ], [ -55.119926, 5.8904241 ], [ -55.1191081, 5.8895038 ], [ -55.1185052, 5.8886594 ], [ -55.1177582, 5.8876576 ], [ -55.1171258, 5.8870105 ], [ -55.1169069, 5.8868264 ], [ -55.1164341, 5.8865818 ], [ -55.1031588, 5.8893876 ], [ -55.0985384, 5.8900717 ], [ -55.0994976, 5.8967829 ], [ -55.1002375, 5.9033931 ], [ -55.1026124, 5.904297 ], [ -55.1040241, 5.9052955 ], [ -55.10641, 5.9075896 ], [ -55.1074429, 5.9084289 ], [ -55.1083301, 5.9099196 ], [ -55.1091732, 5.9107174 ], [ -55.10974, 5.9113396 ], [ -55.1107029, 5.9123141 ], [ -55.1152499, 5.9166397 ], [ -55.1173878, 5.9182216 ], [ -55.1208522, 5.9213911 ], [ -55.1224401, 5.9231095 ], [ -55.12308, 5.9238795 ], [ -55.12641, 5.9268597 ], [ -55.1276899, 5.9282796 ], [ -55.1293599, 5.9298296 ], [ -55.13077, 5.9311195 ], [ -55.1312332, 5.9313457 ], [ -55.1317682, 5.931775 ], [ -55.1325701, 5.9321596 ], [ -55.1340335, 5.932753 ], [ -55.1342517, 5.9336396 ], [ -55.1342587, 5.9336679 ], [ -55.1342694, 5.9337113 ], [ -55.1346394, 5.9336926 ], [ -55.1351736, 5.9339773 ], [ -55.1366494, 5.934113 ], [ -55.1376999, 5.9347497 ], [ -55.1387535, 5.935324 ], [ -55.1397936, 5.9358778 ], [ -55.1414518, 5.9366136 ], [ -55.1427278, 5.9377156 ], [ -55.1437049, 5.9382606 ], [ -55.1442257, 5.9386438 ], [ -55.1455796, 5.9399626 ], [ -55.1460425, 5.9403852 ], [ -55.1471458, 5.9412242 ], [ -55.1475957, 5.9414005 ], [ -55.1480546, 5.9412345 ], [ -55.1484672, 5.9413334 ], [ -55.1490301, 5.9416986 ], [ -55.1494812, 5.9418498 ], [ -55.1499077, 5.9422481 ], [ -55.1512485, 5.943313 ], [ -55.151639, 5.9432782 ], [ -55.1520891, 5.9435459 ], [ -55.1526743, 5.9438941 ], [ -55.1530535, 5.9443269 ], [ -55.1534039, 5.9446113 ], [ -55.1544935, 5.9475114 ], [ -55.1555968, 5.9484031 ], [ -55.1557874, 5.9490875 ], [ -55.1582668, 5.9494759 ], [ -55.1602675, 5.9497865 ], [ -55.1606303, 5.949683 ], [ -55.1612808, 5.9487149 ], [ -55.1614732, 5.9485074 ], [ -55.1613331, 5.9483369 ], [ -55.1611356, 5.9482416 ], [ -55.1610046, 5.9480671 ], [ -55.1610017, 5.9479099 ], [ -55.1611408, 5.9478018 ], [ -55.1612098, 5.9477482 ], [ -55.1611586, 5.9476276 ], [ -55.1613303, 5.9475095 ], [ -55.1615438, 5.9473293 ], [ -55.1617507, 5.9470927 ], [ -55.1619084, 5.946715 ], [ -55.1619912, 5.9466645 ], [ -55.1621528, 5.9467113 ], [ -55.1623168, 5.9468384 ], [ -55.1623216, 5.9462941 ], [ -55.1624074, 5.9456261 ], [ -55.1622969, 5.94524 ], [ -55.1621244, 5.9450209 ], [ -55.1619822, 5.9449416 ], [ -55.1620335, 5.9448581 ], [ -55.1621756, 5.9448081 ], [ -55.1623744, 5.9448555 ], [ -55.1625125, 5.9449458 ], [ -55.1626409, 5.9452012 ], [ -55.1627065, 5.9457549 ], [ -55.1626614, 5.9460216 ], [ -55.1626271, 5.9462472 ], [ -55.1626083, 5.9464393 ], [ -55.1626206, 5.9467089 ], [ -55.1626205, 5.9468572 ], [ -55.1626315, 5.9469409 ], [ -55.1626324, 5.9469893 ], [ -55.1626647, 5.9471169 ], [ -55.1626673, 5.9476612 ], [ -55.1626382, 5.9479727 ], [ -55.1625723, 5.9481305 ], [ -55.1623394, 5.9483056 ], [ -55.1621491, 5.9483746 ], [ -55.1621112, 5.9485547 ], [ -55.1620063, 5.9488162 ], [ -55.1618031, 5.9489967 ], [ -55.1617064, 5.949257 ], [ -55.1615456, 5.9495917 ], [ -55.1614567, 5.949682 ], [ -55.1612699, 5.95 ], [ -55.1611607, 5.9502341 ], [ -55.1611339, 5.9503587 ], [ -55.1610107, 5.9504701 ], [ -55.160981, 5.9507258 ], [ -55.1609555, 5.9511046 ], [ -55.160904, 5.9514031 ], [ -55.160955, 5.9517801 ], [ -55.1609056, 5.9519149 ], [ -55.160494, 5.9519868 ], [ -55.1603387, 5.9521109 ], [ -55.1602414, 5.9522125 ], [ -55.1599822, 5.9523415 ], [ -55.1599361, 5.9525433 ], [ -55.159682, 5.9529343 ], [ -55.1594675, 5.9535622 ], [ -55.1591724, 5.9541385 ], [ -55.1591912, 5.9543065 ], [ -55.1590973, 5.9546 ], [ -55.159049, 5.9549254 ], [ -55.1591027, 5.9551362 ], [ -55.1590008, 5.9552616 ], [ -55.1588854, 5.9553416 ], [ -55.1588532, 5.9554643 ], [ -55.1588157, 5.9558165 ], [ -55.1588184, 5.9560326 ], [ -55.1588237, 5.9562193 ], [ -55.1587352, 5.9563607 ], [ -55.1587433, 5.9566141 ], [ -55.1587808, 5.9568115 ], [ -55.1589283, 5.9571663 ], [ -55.1591375, 5.9571743 ], [ -55.1592582, 5.9571103 ], [ -55.1595318, 5.9570703 ], [ -55.1596123, 5.9569716 ], [ -55.1596069, 5.9568489 ], [ -55.1595855, 5.9567102 ], [ -55.1595882, 5.9565181 ], [ -55.1596338, 5.9563527 ], [ -55.1597598, 5.9561393 ], [ -55.1598054, 5.9559685 ], [ -55.1597598, 5.9558458 ], [ -55.159674, 5.9557258 ], [ -55.1596096, 5.955563 ], [ -55.1595533, 5.9554136 ], [ -55.1595104, 5.9553123 ], [ -55.1594996, 5.9550828 ], [ -55.1594755, 5.9548988 ], [ -55.1594675, 5.9547654 ], [ -55.159387, 5.954616 ], [ -55.1592743, 5.9544453 ], [ -55.1592824, 5.9543812 ], [ -55.1593682, 5.9543279 ], [ -55.1594514, 5.9543732 ], [ -55.1595533, 5.9545706 ], [ -55.1597142, 5.9550455 ], [ -55.1597732, 5.9551522 ], [ -55.1599771, 5.9552642 ], [ -55.1601595, 5.9553603 ], [ -55.1604545, 5.9553389 ], [ -55.1606154, 5.9553016 ], [ -55.1607227, 5.9550681 ], [ -55.1607107, 5.9546951 ], [ -55.1606022, 5.9543036 ], [ -55.1604156, 5.9540148 ], [ -55.1604657, 5.9539018 ], [ -55.1606612, 5.9541531 ], [ -55.1608224, 5.9542514 ], [ -55.1609158, 5.9541172 ], [ -55.1609498, 5.9538893 ], [ -55.1609424, 5.9533483 ], [ -55.1608176, 5.9531014 ], [ -55.1609174, 5.9530148 ], [ -55.161021, 5.9529712 ], [ -55.1608095, 5.9527499 ], [ -55.1606363, 5.9526037 ], [ -55.1606464, 5.9524358 ], [ -55.1607571, 5.9523898 ], [ -55.1609813, 5.9525346 ], [ -55.1611972, 5.9528342 ], [ -55.1613525, 5.9532353 ], [ -55.161389, 5.9536743 ], [ -55.1613327, 5.9540361 ], [ -55.161333, 5.9543274 ], [ -55.1615162, 5.9546019 ], [ -55.1614838, 5.954763 ], [ -55.1617288, 5.9547743 ], [ -55.1624116, 5.954116 ], [ -55.1625933, 5.953944 ], [ -55.1628585, 5.9539248 ], [ -55.1631177, 5.9539338 ], [ -55.1633637, 5.9539661 ], [ -55.1635131, 5.9538666 ], [ -55.1636193, 5.953804 ], [ -55.1637321, 5.9538672 ], [ -55.164006, 5.9536734 ], [ -55.1640252, 5.9536052 ], [ -55.1639956, 5.9534212 ], [ -55.1639324, 5.9533368 ], [ -55.1639158, 5.9531749 ], [ -55.1639153, 5.953013 ], [ -55.1640202, 5.9528972 ], [ -55.1641301, 5.9528231 ], [ -55.1641973, 5.9526752 ], [ -55.164021, 5.9522678 ], [ -55.1640738, 5.9521277 ], [ -55.164183, 5.9520955 ], [ -55.1643107, 5.9521564 ], [ -55.1647133, 5.9522737 ], [ -55.165172, 5.9522352 ], [ -55.1653887, 5.952159 ], [ -55.1654755, 5.9522163 ], [ -55.1656281, 5.9520194 ], [ -55.1658433, 5.9519967 ], [ -55.1659751, 5.9520894 ], [ -55.166173, 5.9518808 ], [ -55.1664901, 5.9517536 ], [ -55.1664923, 5.9516294 ], [ -55.1666027, 5.951482 ], [ -55.1666482, 5.9512497 ], [ -55.1667544, 5.9511293 ], [ -55.1668273, 5.9508556 ], [ -55.1669213, 5.9507234 ], [ -55.1668773, 5.9506083 ], [ -55.1669257, 5.9504791 ], [ -55.1671586, 5.9504918 ], [ -55.167445, 5.9506283 ], [ -55.1676404, 5.9508729 ], [ -55.1677203, 5.9511314 ], [ -55.167599, 5.9514777 ], [ -55.1672544, 5.9520179 ], [ -55.1668866, 5.9525511 ], [ -55.1664904, 5.9529492 ], [ -55.165805, 5.953515 ], [ -55.1652489, 5.9540216 ], [ -55.1648212, 5.9543538 ], [ -55.1642331, 5.9547693 ], [ -55.1635876, 5.9553048 ], [ -55.1632358, 5.9557586 ], [ -55.1629791, 5.9562832 ], [ -55.1627041, 5.9566604 ], [ -55.1624198, 5.9569681 ], [ -55.1617087, 5.9575989 ], [ -55.1613043, 5.9578871 ], [ -55.1607324, 5.9583046 ], [ -55.1600942, 5.9587879 ], [ -55.1595812, 5.9591262 ], [ -55.1589027, 5.9595353 ], [ -55.1583831, 5.9598331 ], [ -55.1579279, 5.9602529 ], [ -55.1574826, 5.9605037 ], [ -55.157091, 5.9607064 ], [ -55.1560114, 5.9610873 ], [ -55.1542904, 5.9618814 ], [ -55.152742, 5.9631312 ], [ -55.1516242, 5.9641146 ], [ -55.1509113, 5.9645912 ], [ -55.1495532, 5.9651065 ], [ -55.1461733, 5.9666679 ], [ -55.143358, 5.9681218 ], [ -55.1401002, 5.9699174 ], [ -55.1382331, 5.9707941 ], [ -55.1354734, 5.9717212 ], [ -55.133237, 5.9731833 ], [ -55.1322386, 5.9737732 ], [ -55.1294407, 5.9747351 ], [ -55.1277327, 5.9752841 ], [ -55.1279715, 5.9756009 ], [ -55.1250517, 5.9766444 ], [ -55.1227743, 5.9775224 ], [ -55.1218838, 5.9776377 ], [ -55.1197475, 5.9783161 ], [ -55.1180105, 5.9790293 ], [ -55.1147365, 5.9801631 ], [ -55.1137802, 5.9800276 ], [ -55.1112342, 5.9808446 ], [ -55.10848, 5.9815332 ], [ -55.1045677, 5.9824924 ], [ -55.1045459, 5.9831106 ], [ -55.1035434, 5.9834441 ], [ -55.101976, 5.9836485 ], [ -55.1011174, 5.9840088 ], [ -55.1005662, 5.9841093 ], [ -55.0996786, 5.9840752 ], [ -55.0983532, 5.9844265 ], [ -55.0975755, 5.9844811 ], [ -55.0967778, 5.98466 ], [ -55.0963036, 5.9848108 ], [ -55.095972, 5.9848488 ], [ -55.09505, 5.9850897 ], [ -55.0932688, 5.985311 ], [ -55.0815729, 5.9869636 ], [ -55.0798885, 5.986951 ], [ -55.0764016, 5.9877362 ], [ -55.0763675, 5.9879837 ], [ -55.0734033, 5.9887567 ], [ -55.0728052, 5.9886576 ], [ -55.0704766, 5.9891248 ], [ -55.0695845, 5.9891536 ], [ -55.0687329, 5.9892336 ], [ -55.068417, 5.9889557 ], [ -55.0677579, 5.9889145 ], [ -55.0666062, 5.9892528 ], [ -55.0656963, 5.9892887 ], [ -55.0646287, 5.9894427 ], [ -55.0640801, 5.9894084 ], [ -55.0632531, 5.9897684 ], [ -55.062471, 5.9901318 ], [ -55.0621562, 5.9900673 ], [ -55.061593, 5.9902621 ], [ -55.0612142, 5.9903653 ], [ -55.0606639, 5.9907532 ], [ -55.0583018, 5.9909399 ], [ -55.0559074, 5.9911067 ], [ -55.053547, 5.9914215 ], [ -55.0511277, 5.9918643 ], [ -55.0481129, 5.9919849 ], [ -55.043199, 5.992686 ], [ -55.0413564, 5.9926833 ], [ -55.0412191, 5.9928816 ], [ -55.0408092, 5.9927153 ], [ -55.0396666, 5.9928006 ], [ -55.0370111, 5.9929544 ], [ -55.0335875, 5.993302 ], [ -55.0297022, 5.9935182 ], [ -55.0251953, 5.9938812 ], [ -55.0212204, 5.9941875 ], [ -55.0184486, 5.9942452 ], [ -55.011034, 5.9942971 ], [ -55.0057949, 5.9943165 ], [ -55.0013419, 5.9944046 ], [ -55.0, 5.994422025166203 ], [ -55.0, 5.0 ], [ -60.0, 5.0 ], [ -60.0, 8.557831394061537 ], [ -59.9991274, 8.5574479 ] ] ] ] } }
]
}
