{
"type": "FeatureCollection",
"name": "140_-5",
"crs": { "type": "name", "properties": { "name": "urn:ogc:def:crs:OGC:1.3:CRS84" } },
"xy_coordinate_resolution": 1e-15,
"features": [
{ "type": "Feature", "properties": { "FID": 65099, "id": 2323, "left": 140.0, "top": 0.0, "right": 145.0, "bottom": -5.0, "row_index": 18, "col_index": 64, "min_lon": 140.0, "min_lat": -5.0, "tile_id": "140_-5" }, "geometry": { "type": "MultiPolygon", "coordinates": [ [ [ [ 140.00027080000001, -2.3635059 ], [ 140.000691100000012, -2.3636506 ], [ 140.0013188, -2.3631798 ], [ 140.0011667, -2.3625382 ], [ 140.0011536, -2.3623059 ], [ 140.0010768, -2.3620603 ], [ 140.0009219, -2.361591 ], [ 140.0006431, -2.3611138 ], [ 140.0004671, -2.3607555 ], [ 140.0004401, -2.3605333 ], [ 140.0007987, -2.3602647 ], [ 140.0011352, -2.3603025 ], [ 140.0015081, -2.36032 ], [ 140.0018363, -2.3602923 ], [ 140.0023438, -2.3602885 ], [ 140.0028445, -2.3602278 ], [ 140.0034559, -2.3602642 ], [ 140.0040031, -2.3603009 ], [ 140.0045877, -2.3602944 ], [ 140.0054792, -2.3604812 ], [ 140.0062991, -2.3604426 ], [ 140.007004099999989, -2.3603675 ], [ 140.007876399999986, -2.3604495 ], [ 140.0085322, -2.3605318 ], [ 140.00925, -2.36075 ], [ 140.0115063, -2.3605713 ], [ 140.0136578, -2.3604284 ], [ 140.014765899999986, -2.3606741 ], [ 140.01525, -2.3605713 ], [ 140.016254300000014, -2.3602578 ], [ 140.0195721, -2.3599244 ], [ 140.0215121, -2.3595998 ], [ 140.0227966, -2.3593848 ], [ 140.024265899999989, -2.3591585 ], [ 140.0254725, -2.3587855 ], [ 140.0273623, -2.358591 ], [ 140.028727800000013, -2.3585038 ], [ 140.031, -2.3584085 ], [ 140.032466, -2.3585789 ], [ 140.0340002, -2.3594007 ], [ 140.03519940000001, -2.3605406 ], [ 140.0357434, -2.3603358 ], [ 140.036261599999989, -2.3595118 ], [ 140.037158299999987, -2.3592233 ], [ 140.042056300000013, -2.3595657 ], [ 140.0561782, -2.3597722 ], [ 140.0585, -2.35975 ], [ 140.06175, -2.35875 ], [ 140.06725, -2.35725 ], [ 140.069, -2.3565 ], [ 140.0719542, -2.3552273 ], [ 140.07675, -2.353 ], [ 140.08025, -2.3495 ], [ 140.08025, -2.3465 ], [ 140.0815, -2.34575 ], [ 140.08, -2.3455 ], [ 140.07975, -2.34475 ], [ 140.07925, -2.34275 ], [ 140.07975, -2.342 ], [ 140.07975, -2.33875 ], [ 140.081, -2.334 ], [ 140.08175, -2.33325 ], [ 140.08175, -2.33225 ], [ 140.083, -2.33025 ], [ 140.085263200000014, -2.3290719 ], [ 140.08795, -2.3276572 ], [ 140.08925, -2.32675 ], [ 140.0917517, -2.3264764 ], [ 140.09475, -2.32575 ], [ 140.0955089, -2.3256521 ], [ 140.096924800000011, -2.3248389 ], [ 140.0976717, -2.3249057 ], [ 140.098976099999987, -2.3244824 ], [ 140.101, -2.3225 ], [ 140.104, -2.321 ], [ 140.105788, -2.3207284 ], [ 140.1066353, -2.3204053 ], [ 140.111, -2.31925 ], [ 140.11284520000001, -2.3193916 ], [ 140.11475, -2.32 ], [ 140.1161898, -2.3206949 ], [ 140.116279, -2.3211405 ], [ 140.115755, -2.3232236 ], [ 140.1145, -2.32475 ], [ 140.1135, -2.32525 ], [ 140.11195330000001, -2.3255741 ], [ 140.11168570000001, -2.3257412 ], [ 140.1112397, -2.3272339 ], [ 140.1113512, -2.3293727 ], [ 140.111986699999989, -2.3308654 ], [ 140.1137371, -2.3326031 ], [ 140.114695899999987, -2.3348756 ], [ 140.11563240000001, -2.3361789 ], [ 140.11675, -2.33575 ], [ 140.11875, -2.33575 ], [ 140.1192223, -2.3362792 ], [ 140.119501, -2.3360007 ], [ 140.12025, -2.336 ], [ 140.1212306, -2.3366904 ], [ 140.121362800000014, -2.3379946 ], [ 140.122176700000011, -2.3390752 ], [ 140.1232915, -2.340022 ], [ 140.12425, -2.34025 ], [ 140.12475, -2.341 ], [ 140.12575, -2.34075 ], [ 140.1259226, -2.3414813 ], [ 140.126167900000013, -2.3419046 ], [ 140.1269483, -2.3418489 ], [ 140.12775, -2.34225 ], [ 140.128174699999988, -2.342896 ], [ 140.1287767, -2.3429517 ], [ 140.1295, -2.34325 ], [ 140.1305, -2.34425 ], [ 140.1305, -2.345 ], [ 140.132021, -2.3451684 ], [ 140.13275, -2.346 ], [ 140.1330801, -2.34665 ], [ 140.1335038, -2.3474409 ], [ 140.13434, -2.3476859 ], [ 140.13475, -2.34725 ], [ 140.1352319, -2.34753 ], [ 140.1355456, -2.3477581 ], [ 140.13775, -2.34825 ], [ 140.1379882, -2.3486548 ], [ 140.13825, -2.34875 ], [ 140.13875, -2.3475 ], [ 140.139392500000014, -2.3472583 ], [ 140.14, -2.34725 ], [ 140.140889499999986, -2.3473774 ], [ 140.142, -2.34825 ], [ 140.1424594, -2.348357 ], [ 140.14149230000001, -2.3493299 ], [ 140.1412737, -2.3492107 ], [ 140.1408696, -2.3495218 ], [ 140.14125, -2.35 ], [ 140.1420818, -2.3496608 ], [ 140.1425786, -2.3486085 ], [ 140.1428965, -2.3485357 ], [ 140.143519199999986, -2.3487077 ], [ 140.143857, -2.3492306 ], [ 140.14442, -2.347523 ], [ 140.14424120000001, -2.3467156 ], [ 140.14425, -2.34575 ], [ 140.144122, -2.3453853 ], [ 140.1430158, -2.3449353 ], [ 140.143, -2.3445 ], [ 140.1434861, -2.3442139 ], [ 140.1442346, -2.3441146 ], [ 140.145202899999987, -2.3436178 ], [ 140.1452295, -2.3433 ], [ 140.1451692, -2.3431337 ], [ 140.145181799999989, -2.3428364 ], [ 140.1450293, -2.3425987 ], [ 140.1447843, -2.3424269 ], [ 140.14391, -2.3420695 ], [ 140.14375, -2.34175 ], [ 140.144208099999986, -2.3413746 ], [ 140.1448307, -2.3412489 ], [ 140.1450096, -2.3409576 ], [ 140.1457713, -2.340865 ], [ 140.1465264, -2.3411959 ], [ 140.146929199999988, -2.341101 ], [ 140.1471027, -2.340812 ], [ 140.147, -2.3405 ], [ 140.14625, -2.3395 ], [ 140.1461754, -2.3392964 ], [ 140.1471623, -2.3391111 ], [ 140.1480499, -2.338264 ], [ 140.148169200000012, -2.3374168 ], [ 140.1477916, -2.3370859 ], [ 140.1479704, -2.3366491 ], [ 140.147679, -2.3360667 ], [ 140.1475, -2.3355 ], [ 140.147076199999987, -2.3353188 ], [ 140.146711900000014, -2.334518 ], [ 140.1462946, -2.3347298 ], [ 140.14575, -2.3345 ], [ 140.14525, -2.334 ], [ 140.1450029, -2.3333531 ], [ 140.144479600000011, -2.3330354 ], [ 140.143837100000013, -2.3312683 ], [ 140.1428568, -2.3300903 ], [ 140.1423931, -2.3302888 ], [ 140.1408961, -2.329991 ], [ 140.140194, -2.3294747 ], [ 140.139915800000011, -2.328846 ], [ 140.140041599999989, -2.3281974 ], [ 140.1397436, -2.3279326 ], [ 140.1393263, -2.3272377 ], [ 140.1394985, -2.3266751 ], [ 140.1398694, -2.3257287 ], [ 140.139876, -2.3248352 ], [ 140.140081400000014, -2.324094 ], [ 140.1405186, -2.3237829 ], [ 140.1411081, -2.3237763 ], [ 140.1410286, -2.3232203 ], [ 140.14125, -2.323 ], [ 140.1417639, -2.3228762 ], [ 140.1421944, -2.3230681 ], [ 140.142432899999989, -2.3227041 ], [ 140.1428833, -2.3223996 ], [ 140.1432675, -2.3226776 ], [ 140.14330720000001, -2.3236108 ], [ 140.1433801, -2.3244514 ], [ 140.143227700000011, -2.3248948 ], [ 140.14343310000001, -2.3252389 ], [ 140.1435788, -2.3257419 ], [ 140.144858699999986, -2.3255282 ], [ 140.146751, -2.3249947 ], [ 140.1478095, -2.3244191 ], [ 140.14975, -2.3235 ], [ 140.15075, -2.3235 ], [ 140.1518657, -2.3240166 ], [ 140.152591699999988, -2.3249713 ], [ 140.153753200000011, -2.3268199 ], [ 140.153964, -2.3268386 ], [ 140.1544324, -2.3268526 ], [ 140.1545401, -2.3265718 ], [ 140.15469, -2.3265437 ], [ 140.154797699999989, -2.3271053 ], [ 140.1547603, -2.3288697 ], [ 140.1541982, -2.3298805 ], [ 140.1542591, -2.3319023 ], [ 140.1550647, -2.3326089 ], [ 140.1552895, -2.3336619 ], [ 140.1553083, -2.3350284 ], [ 140.15506, -2.3355245 ], [ 140.15516310000001, -2.336292 ], [ 140.1549429, -2.3368396 ], [ 140.155, -2.338 ], [ 140.1553645, -2.3392123 ], [ 140.155, -2.3405 ], [ 140.154858600000011, -2.3419687 ], [ 140.1541326, -2.343368 ], [ 140.1533317, -2.3445052 ], [ 140.15175, -2.34575 ], [ 140.1514535, -2.345956 ], [ 140.1510366, -2.3458577 ], [ 140.150765, -2.3462929 ], [ 140.1508025, -2.3481462 ], [ 140.151224, -2.3486282 ], [ 140.1513598, -2.348778 ], [ 140.1508821, -2.3490026 ], [ 140.1508212, -2.3492085 ], [ 140.15009520000001, -2.3495876 ], [ 140.1500811, -2.3498777 ], [ 140.15044180000001, -2.3507388 ], [ 140.1498001, -2.3520398 ], [ 140.149252100000012, -2.3531583 ], [ 140.148704400000014, -2.354033 ], [ 140.1487249, -2.3543431 ], [ 140.1487463, -2.3547541 ], [ 140.1485917, -2.354815 ], [ 140.1482264, -2.3544499 ], [ 140.1480015, -2.3544078 ], [ 140.1467041, -2.3547073 ], [ 140.1461842, -2.3548618 ], [ 140.146115, -2.3551363 ], [ 140.1461174, -2.3560606 ], [ 140.1461702, -2.3565933 ], [ 140.1467275, -2.3577211 ], [ 140.146933499999989, -2.3575999 ], [ 140.147936, -2.3570238 ], [ 140.1481233, -2.3562142 ], [ 140.1484371, -2.3561066 ], [ 140.148636, -2.3564078 ], [ 140.1483481, -2.3576556 ], [ 140.1479266, -2.3579177 ], [ 140.1478985, -2.3582312 ], [ 140.148217, -2.3583389 ], [ 140.148732200000012, -2.3579364 ], [ 140.1489992, -2.3580628 ], [ 140.1497814, -2.3577118 ], [ 140.1502155, -2.3569953 ], [ 140.150619799999987, -2.3571408 ], [ 140.1503148, -2.3582125 ], [ 140.150308, -2.3588162 ], [ 140.150419699999986, -2.3588974 ], [ 140.1506517, -2.3587198 ], [ 140.1507885, -2.3583182 ], [ 140.1509829, -2.3575932 ], [ 140.151735, -2.3569125 ], [ 140.1515703, -2.3566356 ], [ 140.151553, -2.3563385 ], [ 140.1520749, -2.3558648 ], [ 140.1517201, -2.3554933 ], [ 140.1515121, -2.355674 ], [ 140.151416500000011, -2.3555445 ], [ 140.151955500000014, -2.3550571 ], [ 140.152064599999989, -2.3551594 ], [ 140.1518702, -2.355357 ], [ 140.152416, -2.3559637 ], [ 140.153814399999987, -2.3556297 ], [ 140.154496599999987, -2.3553707 ], [ 140.1550322, -2.3554184 ], [ 140.1551993, -2.3553332 ], [ 140.1553953, -2.3551332 ], [ 140.15625, -2.3535 ], [ 140.15675, -2.357 ], [ 140.1575, -2.35875 ], [ 140.157, -2.36 ], [ 140.156, -2.36 ], [ 140.155, -2.361 ], [ 140.155, -2.363 ], [ 140.156, -2.3635 ], [ 140.156, -2.364 ], [ 140.15525, -2.3645 ], [ 140.154, -2.3645 ], [ 140.15325, -2.3655 ], [ 140.151768, -2.3662827 ], [ 140.1520343, -2.369348 ], [ 140.15325, -2.371 ], [ 140.15575, -2.3715 ], [ 140.156821900000011, -2.3720625 ], [ 140.1587451, -2.3724838 ], [ 140.1590656, -2.3723461 ], [ 140.1593216, -2.3716081 ], [ 140.1595965, -2.3711419 ], [ 140.159367, -2.3706972 ], [ 140.1597879, -2.3693146 ], [ 140.15975, -2.36775 ], [ 140.1605, -2.3685 ], [ 140.161, -2.3675 ], [ 140.1615, -2.36775 ], [ 140.162, -2.367 ], [ 140.1623251, -2.3680639 ], [ 140.1624007, -2.3689604 ], [ 140.161864799999989, -2.3704142 ], [ 140.1619646, -2.3711394 ], [ 140.1631744, -2.3723838 ], [ 140.1653283, -2.3738534 ], [ 140.1658713, -2.3738964 ], [ 140.166736, -2.3732642 ], [ 140.1663251, -2.3747963 ], [ 140.1667103, -2.375407 ], [ 140.1678724, -2.3757714 ], [ 140.1682281, -2.3755892 ], [ 140.1686205, -2.3757339 ], [ 140.169331699999987, -2.3757848 ], [ 140.169665900000012, -2.3756173 ], [ 140.17, -2.37575 ], [ 140.1704533, -2.3758714 ], [ 140.1707444, -2.3757498 ], [ 140.1711427, -2.3759927 ], [ 140.171917900000011, -2.3761572 ], [ 140.1725, -2.376 ], [ 140.17325, -2.37525 ], [ 140.17425, -2.376 ], [ 140.17525, -2.376 ], [ 140.17575, -2.37525 ], [ 140.17775, -2.375 ], [ 140.17925, -2.3755 ], [ 140.18025, -2.37775 ], [ 140.185, -2.3795 ], [ 140.18725, -2.37975 ], [ 140.18825, -2.38075 ], [ 140.18975, -2.381 ], [ 140.1905, -2.38275 ], [ 140.1902575, -2.3830356 ], [ 140.1902682, -2.3835854 ], [ 140.19027890000001, -2.3851214 ], [ 140.191, -2.3865 ], [ 140.191, -2.38725 ], [ 140.1955, -2.38975 ], [ 140.196235, -2.3900494 ], [ 140.19725, -2.391 ], [ 140.1983433, -2.393057 ], [ 140.199, -2.3935 ], [ 140.19925, -2.394 ], [ 140.19975, -2.397 ], [ 140.20125, -2.39825 ], [ 140.20125, -2.39875 ], [ 140.2025, -2.39925 ], [ 140.20325, -2.4025 ], [ 140.20475, -2.4045 ], [ 140.206, -2.40525 ], [ 140.207, -2.407 ], [ 140.20875, -2.4085 ], [ 140.209767, -2.4088297 ], [ 140.211, -2.409 ], [ 140.2132662, -2.4102654 ], [ 140.21625, -2.411 ], [ 140.2168642, -2.4112737 ], [ 140.2198746, -2.4118522 ], [ 140.220166299999988, -2.4117607 ], [ 140.2205183, -2.4118392 ], [ 140.220628799999986, -2.4121214 ], [ 140.223244099999988, -2.41251 ], [ 140.224004799999989, -2.4125545 ], [ 140.2248265, -2.4124335 ], [ 140.2256481, -2.4121516 ], [ 140.2269249, -2.4115126 ], [ 140.227343600000012, -2.4111245 ], [ 140.227542199999988, -2.410968 ], [ 140.2277086, -2.4109669 ], [ 140.2279197, -2.4110486 ], [ 140.2280987, -2.4112856 ], [ 140.228138, -2.4115503 ], [ 140.227565700000014, -2.4123724 ], [ 140.227354600000012, -2.4126767 ], [ 140.2271062, -2.412825 ], [ 140.2241919, -2.4135781 ], [ 140.224073, -2.4138181 ], [ 140.223837800000013, -2.4139686 ], [ 140.2240425, -2.4143227 ], [ 140.2243125, -2.4145915 ], [ 140.22493750000001, -2.4158767 ], [ 140.2250033, -2.4165781 ], [ 140.2260235, -2.4175973 ], [ 140.227, -2.4185 ], [ 140.22925, -2.41825 ], [ 140.23, -2.41875 ], [ 140.2304222, -2.4190878 ], [ 140.231146099999989, -2.4187152 ], [ 140.2321114, -2.4183864 ], [ 140.2325, -2.41725 ], [ 140.231892, -2.4168301 ], [ 140.23125, -2.416 ], [ 140.229610400000013, -2.4165123 ], [ 140.229, -2.4165 ], [ 140.2280089, -2.4163041 ], [ 140.2275, -2.4155 ], [ 140.2275549, -2.4150486 ], [ 140.2280121, -2.4145544 ], [ 140.228341699999987, -2.4143238 ], [ 140.2287785, -2.4141146 ], [ 140.2285805, -2.4136072 ], [ 140.2290126, -2.4134328 ], [ 140.2290765, -2.4133693 ], [ 140.2289366, -2.4130592 ], [ 140.229, -2.41275 ], [ 140.2294681, -2.412432 ], [ 140.2296834, -2.4126187 ], [ 140.2299952, -2.4126232 ], [ 140.2300597, -2.4125816 ], [ 140.2301142, -2.4125465 ], [ 140.2299327, -2.4122232 ], [ 140.2297888, -2.4121786 ], [ 140.229644799999988, -2.4118874 ], [ 140.229669, -2.4113419 ], [ 140.2295, -2.411 ], [ 140.2285, -2.41075 ], [ 140.227, -2.40875 ], [ 140.229, -2.40675 ], [ 140.22875, -2.406 ], [ 140.22925, -2.4055 ], [ 140.23, -2.40575 ], [ 140.23025, -2.405 ], [ 140.2315, -2.405 ], [ 140.2325, -2.404 ], [ 140.232, -2.40325 ], [ 140.23225, -2.40275 ], [ 140.23375, -2.4045 ], [ 140.235, -2.40375 ], [ 140.23625, -2.40425 ], [ 140.23675, -2.4035 ], [ 140.23825, -2.40475 ], [ 140.23925, -2.404 ], [ 140.241647199999989, -2.4044963 ], [ 140.242781400000013, -2.4052056 ], [ 140.24325, -2.40525 ], [ 140.2441212, -2.4049571 ], [ 140.2446304, -2.4045947 ], [ 140.245118100000013, -2.4041465 ], [ 140.2454931, -2.4036875 ], [ 140.2457446, -2.4029979 ], [ 140.2457197, -2.4027177 ], [ 140.2455, -2.40025 ], [ 140.2475, -2.40025 ], [ 140.24775, -2.39975 ], [ 140.2485, -2.40025 ], [ 140.24975, -2.3995 ], [ 140.2505, -2.4 ], [ 140.25175, -2.4015 ], [ 140.25325, -2.401 ], [ 140.2525, -2.40225 ], [ 140.253, -2.405 ], [ 140.255, -2.407 ], [ 140.255, -2.408 ], [ 140.25625, -2.409 ], [ 140.256, -2.41 ], [ 140.257, -2.411 ], [ 140.25775, -2.411 ], [ 140.25825, -2.41275 ], [ 140.25775, -2.41325 ], [ 140.25875, -2.414 ], [ 140.259, -2.4155 ], [ 140.2605, -2.4165 ], [ 140.2614328, -2.4185146 ], [ 140.2613863, -2.4200645 ], [ 140.26225, -2.42025 ], [ 140.2625, -2.421 ], [ 140.2644113, -2.4223738 ], [ 140.2656213, -2.4227613 ], [ 140.2663349, -2.4225133 ], [ 140.2695, -2.42 ], [ 140.26975, -2.419 ], [ 140.2686773, -2.4184371 ], [ 140.26825, -2.418 ], [ 140.2687084, -2.4166547 ], [ 140.2692979, -2.4159262 ], [ 140.2696391, -2.4158177 ], [ 140.269623599999989, -2.4170421 ], [ 140.27016660000001, -2.4176621 ], [ 140.2699959, -2.4183286 ], [ 140.2704923, -2.4190725 ], [ 140.27016660000001, -2.4200025 ], [ 140.2705, -2.42125 ], [ 140.2703187, -2.4220861 ], [ 140.2706225, -2.4226133 ], [ 140.2726902, -2.4238199 ], [ 140.2737871, -2.4239734 ], [ 140.275, -2.4225 ], [ 140.27625, -2.42225 ], [ 140.27725, -2.4235 ], [ 140.27750420000001, -2.4239237 ], [ 140.278078099999988, -2.4241717 ], [ 140.27875, -2.42425 ], [ 140.27925, -2.42375 ], [ 140.27975, -2.424 ], [ 140.2802189, -2.4258766 ], [ 140.280994600000014, -2.426605 ], [ 140.2823907, -2.4268375 ], [ 140.283973, -2.4266515 ], [ 140.285, -2.426 ], [ 140.2855553, -2.426543 ], [ 140.285601899999989, -2.4282789 ], [ 140.2865016, -2.4283099 ], [ 140.28875, -2.42675 ], [ 140.28925, -2.4255 ], [ 140.289961, -2.4259231 ], [ 140.29075, -2.4275 ], [ 140.2915433, -2.42707 ], [ 140.2922879, -2.4280154 ], [ 140.2924586, -2.4286974 ], [ 140.2930326, -2.4290849 ], [ 140.294, -2.428 ], [ 140.29525, -2.4275 ], [ 140.295, -2.427 ], [ 140.2955, -2.42625 ], [ 140.296321299999988, -2.4275815 ], [ 140.296178700000013, -2.4279168 ], [ 140.2959287, -2.4280805 ], [ 140.295933100000013, -2.4283544 ], [ 140.2959955, -2.4286664 ], [ 140.2959463, -2.4294154 ], [ 140.296476399999989, -2.4295963 ], [ 140.296110700000014, -2.4300572 ], [ 140.29565740000001, -2.4301979 ], [ 140.2954671, -2.4305905 ], [ 140.295204399999989, -2.4306038 ], [ 140.2951423, -2.4309084 ], [ 140.2950803, -2.4312129 ], [ 140.2952888, -2.4312753 ], [ 140.295340900000014, -2.4315396 ], [ 140.295520399999987, -2.4316928 ], [ 140.2956647, -2.43201 ], [ 140.2959807, -2.4323112 ], [ 140.296125, -2.4326123 ], [ 140.296362, -2.4325485 ], [ 140.29624, -2.4328493 ], [ 140.296, -2.433 ], [ 140.295824399999987, -2.4337141 ], [ 140.2957989, -2.4341817 ], [ 140.2955882, -2.4342701 ], [ 140.295527600000014, -2.4344336 ], [ 140.2950847, -2.4347606 ], [ 140.2947566, -2.4348143 ], [ 140.294427, -2.4350447 ], [ 140.2943333, -2.4356663 ], [ 140.2943606, -2.4365022 ], [ 140.2941107, -2.4383205 ], [ 140.2941094, -2.4383286 ], [ 140.294108, -2.4383379 ], [ 140.2940183, -2.4389887 ], [ 140.2942707, -2.4400654 ], [ 140.29477, -2.4403061 ], [ 140.2956232, -2.4402441 ], [ 140.2960204, -2.4406702 ], [ 140.296439, -2.4407532 ], [ 140.296815, -2.4411016 ], [ 140.297253399999988, -2.4410145 ], [ 140.2976435, -2.4412008 ], [ 140.297887300000014, -2.4408446 ], [ 140.2981781, -2.4409104 ], [ 140.2982887, -2.4411497 ], [ 140.299, -2.442 ], [ 140.2992705, -2.4421553 ], [ 140.2994338, -2.4425786 ], [ 140.2993701, -2.4427924 ], [ 140.2995261, -2.4429369 ], [ 140.299682, -2.4429098 ], [ 140.300060699999989, -2.4434149 ], [ 140.3, -2.44375 ], [ 140.300443800000011, -2.4439883 ], [ 140.300742500000013, -2.4439104 ], [ 140.3011271, -2.4439719 ], [ 140.3021206, -2.4443159 ], [ 140.3026648, -2.4443452 ], [ 140.303315, -2.4444975 ], [ 140.304, -2.4451554 ], [ 140.3045429, -2.4454124 ], [ 140.3049202, -2.4457313 ], [ 140.305263599999989, -2.4457849 ], [ 140.305302399999988, -2.4455764 ], [ 140.3054163, -2.4454966 ], [ 140.305569, -2.44568 ], [ 140.3059389, -2.445575 ], [ 140.3060089, -2.4452753 ], [ 140.3064116, -2.444922 ], [ 140.3064652, -2.444445 ], [ 140.3062962, -2.4442735 ], [ 140.306416899999988, -2.4435661 ], [ 140.306732, -2.4431385 ], [ 140.306441, -2.4425555 ], [ 140.3066231, -2.4422041 ], [ 140.306799899999987, -2.4421045 ], [ 140.307089100000013, -2.4418626 ], [ 140.307084800000013, -2.4416752 ], [ 140.3071019, -2.4414504 ], [ 140.307565399999987, -2.4412258 ], [ 140.307838, -2.4410124 ], [ 140.3076642, -2.4404786 ], [ 140.3078203, -2.4402275 ], [ 140.3082554, -2.4402765 ], [ 140.308218399999987, -2.4407221 ], [ 140.3084603, -2.4408676 ], [ 140.3085058, -2.4412764 ], [ 140.3082801, -2.4415303 ], [ 140.3087769, -2.4416767 ], [ 140.309468, -2.4417419 ], [ 140.3099871, -2.4413206 ], [ 140.3105381, -2.4410783 ], [ 140.310902199999987, -2.4410692 ], [ 140.3113229, -2.4411841 ], [ 140.3116077, -2.4409273 ], [ 140.3121697, -2.4406838 ], [ 140.3124684, -2.4407029 ], [ 140.31275, -2.4405 ], [ 140.3138514, -2.4408206 ], [ 140.3142746, -2.4406588 ], [ 140.3145691, -2.4406883 ], [ 140.314874300000014, -2.4407071 ], [ 140.3148491, -2.4405273 ], [ 140.3149583, -2.4404119 ], [ 140.3150833, -2.4404118 ], [ 140.3151009, -2.4406036 ], [ 140.3150057, -2.4407953 ], [ 140.3152167, -2.4408368 ], [ 140.3154223, -2.4407011 ], [ 140.315621599999986, -2.4410483 ], [ 140.316, -2.441 ], [ 140.316214699999989, -2.4408933 ], [ 140.316439300000013, -2.4410012 ], [ 140.316173, -2.4413122 ], [ 140.3161529, -2.4417269 ], [ 140.3159784, -2.4419927 ], [ 140.316038600000013, -2.4425019 ], [ 140.31575, -2.44275 ], [ 140.315427, -2.443562 ], [ 140.3151073, -2.444025 ], [ 140.31497730000001, -2.4447546 ], [ 140.3149946, -2.4451257 ], [ 140.3151717, -2.4457742 ], [ 140.3155035, -2.4464582 ], [ 140.3163018, -2.4473288 ], [ 140.3166253, -2.4476364 ], [ 140.317063600000012, -2.4479126 ], [ 140.3181854, -2.4483766 ], [ 140.3188116, -2.4485851 ], [ 140.3194377, -2.4486737 ], [ 140.3200012, -2.4480795 ], [ 140.3200117, -2.4478853 ], [ 140.320157599999987, -2.447743 ], [ 140.320423799999986, -2.4475113 ], [ 140.3205452, -2.4473989 ], [ 140.3207227, -2.4473417 ], [ 140.3208778, -2.4470369 ], [ 140.3209235, -2.4470711 ], [ 140.320937500000014, -2.4471516 ], [ 140.321055199999989, -2.4471099 ], [ 140.3210604, -2.446844 ], [ 140.3211178, -2.4467085 ], [ 140.3212169, -2.4467971 ], [ 140.3212326, -2.447089 ], [ 140.3214361, -2.4472141 ], [ 140.3217009, -2.4469507 ], [ 140.3219561, -2.4470872 ], [ 140.3221866, -2.4473931 ], [ 140.3228329, -2.4476644 ], [ 140.3234314, -2.4477879 ], [ 140.3237475, -2.4476892 ], [ 140.324016199999988, -2.4475329 ], [ 140.324282899999986, -2.4473091 ], [ 140.3244569, -2.4471149 ], [ 140.3245286, -2.4470065 ], [ 140.3245, -2.44675 ], [ 140.3247782, -2.4463996 ], [ 140.3249791, -2.4466661 ], [ 140.3251773, -2.4467467 ], [ 140.3251503, -2.4463305 ], [ 140.3249856, -2.4459883 ], [ 140.3249791, -2.4455409 ], [ 140.3250778, -2.4455113 ], [ 140.32517, -2.4456988 ], [ 140.3253248, -2.4459159 ], [ 140.3253182, -2.4457087 ], [ 140.32525, -2.4455 ], [ 140.3251876, -2.4451361 ], [ 140.325424700000013, -2.4451493 ], [ 140.3254741, -2.4452184 ], [ 140.325596, -2.4452776 ], [ 140.325731, -2.4450243 ], [ 140.325731, -2.4448664 ], [ 140.3256618, -2.444692 ], [ 140.3256355, -2.4444749 ], [ 140.3259055, -2.4445604 ], [ 140.3260405, -2.444817 ], [ 140.326085400000011, -2.4444638 ], [ 140.326024, -2.4442643 ], [ 140.3258923, -2.4440636 ], [ 140.326057, -2.4441294 ], [ 140.3262249, -2.4442676 ], [ 140.326264400000014, -2.444159 ], [ 140.326098800000011, -2.4437796 ], [ 140.3260208, -2.4432806 ], [ 140.3262102, -2.4428453 ], [ 140.326402699999988, -2.4428562 ], [ 140.3264488, -2.4429352 ], [ 140.326541, -2.4430108 ], [ 140.3266925, -2.4432378 ], [ 140.326788, -2.443251 ], [ 140.326751800000011, -2.4433958 ], [ 140.326893399999989, -2.4434846 ], [ 140.3269625, -2.4436688 ], [ 140.3271404, -2.4436754 ], [ 140.3271173, -2.4437708 ], [ 140.32683080000001, -2.4440077 ], [ 140.327114, -2.444159 ], [ 140.3272194, -2.4441919 ], [ 140.3273289, -2.4443274 ], [ 140.32690980000001, -2.4447368 ], [ 140.3268407, -2.4453204 ], [ 140.3267419, -2.4455375 ], [ 140.3268637, -2.4457448 ], [ 140.326826, -2.4459349 ], [ 140.3269494, -2.4461461 ], [ 140.327245, -2.446114 ], [ 140.3269, -2.4463403 ], [ 140.326723500000014, -2.4465606 ], [ 140.3270401, -2.4466816 ], [ 140.3274313, -2.4466816 ], [ 140.32752450000001, -2.4468863 ], [ 140.328036700000013, -2.4470817 ], [ 140.3282298, -2.4474109 ], [ 140.328058199999987, -2.4476398 ], [ 140.3277095, -2.4477845 ], [ 140.3273393, -2.4478327 ], [ 140.327, -2.44775 ], [ 140.3272106, -2.448985 ], [ 140.3272849, -2.4490911 ], [ 140.3273715, -2.4492798 ], [ 140.327537799999988, -2.4496442 ], [ 140.327618300000012, -2.4499658 ], [ 140.327827500000012, -2.4504857 ], [ 140.32844750000001, -2.4514503 ], [ 140.32925, -2.45175 ], [ 140.3296403, -2.4518655 ], [ 140.3302238, -2.451788 ], [ 140.3304463, -2.4509898 ], [ 140.3307993, -2.450693 ], [ 140.3312746, -2.4508112 ], [ 140.3326085, -2.4496857 ], [ 140.3332317, -2.4495429 ], [ 140.333900199999988, -2.449813 ], [ 140.3343649, -2.4483891 ], [ 140.3344324, -2.4479945 ], [ 140.334607299999988, -2.447943 ], [ 140.334868, -2.4487286 ], [ 140.3353535, -2.449018 ], [ 140.336, -2.44875 ], [ 140.33625, -2.44875 ], [ 140.336882800000012, -2.4488879 ], [ 140.337279599999988, -2.4493474 ], [ 140.3376868, -2.4503737 ], [ 140.338801600000011, -2.4512897 ], [ 140.3391009, -2.4518841 ], [ 140.33925, -2.4523499 ], [ 140.3391824, -2.4541321 ], [ 140.3396395, -2.4550068 ], [ 140.339719, -2.4559929 ], [ 140.338371200000012, -2.4562286 ], [ 140.3375, -2.457 ], [ 140.337184, -2.4573755 ], [ 140.336632, -2.4574722 ], [ 140.336411, -2.4577753 ], [ 140.336011899999988, -2.4582193 ], [ 140.3353275, -2.4583441 ], [ 140.334234900000013, -2.4586252 ], [ 140.334007500000013, -2.458825 ], [ 140.3340373, -2.4591194 ], [ 140.334146, -2.4594012 ], [ 140.3342546, -2.4598332 ], [ 140.334404799999987, -2.4602047 ], [ 140.334028100000012, -2.460346 ], [ 140.3339187, -2.4605308 ], [ 140.3339416, -2.4608971 ], [ 140.334103699999986, -2.461402 ], [ 140.3337488, -2.4618356 ], [ 140.3331034, -2.4616923 ], [ 140.3330958, -2.4618205 ], [ 140.3333246, -2.4622096 ], [ 140.3336242, -2.4628425 ], [ 140.3340923, -2.4634949 ], [ 140.334586800000011, -2.4640992 ], [ 140.335, -2.4641056 ], [ 140.335371900000013, -2.4640266 ], [ 140.3355719, -2.4642793 ], [ 140.3357455, -2.4647544 ], [ 140.335730399999989, -2.4649354 ], [ 140.335821, -2.4650825 ], [ 140.335960699999987, -2.4651277 ], [ 140.336138799999986, -2.4652945 ], [ 140.3364698, -2.46527 ], [ 140.3368439, -2.4651994 ], [ 140.33696470000001, -2.4649166 ], [ 140.337130800000011, -2.4648072 ], [ 140.3375045, -2.4646978 ], [ 140.3378593, -2.4644339 ], [ 140.3383877, -2.4642227 ], [ 140.3387462, -2.4641633 ], [ 140.34, -2.46275 ], [ 140.34057820000001, -2.4628464 ], [ 140.3415, -2.463 ], [ 140.3421234, -2.4629096 ], [ 140.3424253, -2.4626325 ], [ 140.342682700000012, -2.4623645 ], [ 140.342901, -2.4621112 ], [ 140.343075199999987, -2.4622955 ], [ 140.3430765, -2.4622958 ], [ 140.3433579, -2.4623668 ], [ 140.3442373, -2.4625406 ], [ 140.344858, -2.4627397 ], [ 140.3448841, -2.4628406 ], [ 140.3451139, -2.4629195 ], [ 140.3455621, -2.4629126 ], [ 140.3458515, -2.4627627 ], [ 140.346213, -2.4626359 ], [ 140.346534600000012, -2.4626078 ], [ 140.3467038, -2.4626794 ], [ 140.347083199999986, -2.4627028 ], [ 140.3474627, -2.4626833 ], [ 140.347655, -2.4626093 ], [ 140.3479107, -2.4624677 ], [ 140.348149400000011, -2.4622185 ], [ 140.348305, -2.4619827 ], [ 140.348380100000014, -2.4618755 ], [ 140.3487073, -2.4614708 ], [ 140.3498952, -2.4602102 ], [ 140.3500623, -2.459887 ], [ 140.3505969, -2.4588534 ], [ 140.3508866, -2.4583228 ], [ 140.351782500000013, -2.4580066 ], [ 140.3516645, -2.4574063 ], [ 140.3514865, -2.4570866 ], [ 140.352147300000013, -2.4562701 ], [ 140.351970200000011, -2.4559164 ], [ 140.3520614, -2.4557663 ], [ 140.352538900000013, -2.4555466 ], [ 140.352930500000014, -2.4553697 ], [ 140.3531558, -2.4550106 ], [ 140.3528895, -2.4547488 ], [ 140.352699800000011, -2.4544747 ], [ 140.3531021, -2.4543085 ], [ 140.3526837, -2.4538208 ], [ 140.3529412, -2.4536011 ], [ 140.3529144, -2.4534457 ], [ 140.35314360000001, -2.4531243 ], [ 140.3533811, -2.4530115 ], [ 140.3534723, -2.4527596 ], [ 140.3534991, -2.4524702 ], [ 140.3533434, -2.4522 ], [ 140.353145, -2.4519718 ], [ 140.352823199999989, -2.4516502 ], [ 140.352458399999989, -2.4514626 ], [ 140.352227699999986, -2.4514841 ], [ 140.3520781, -2.4512186 ], [ 140.352227699999986, -2.4510339 ], [ 140.3525979, -2.4510982 ], [ 140.3531504, -2.4512751 ], [ 140.3533985, -2.4511648 ], [ 140.3532899, -2.4509588 ], [ 140.3530538, -2.4508195 ], [ 140.353010899999987, -2.4506051 ], [ 140.3530107, -2.4502134 ], [ 140.35326, -2.4501701 ], [ 140.3534797, -2.4503416 ], [ 140.3536353, -2.4501427 ], [ 140.3536445, -2.4499049 ], [ 140.3535163, -2.449498 ], [ 140.3531227, -2.4491002 ], [ 140.353141, -2.4487367 ], [ 140.3532097, -2.4485195 ], [ 140.3534477, -2.4483686 ], [ 140.353704, -2.4484006 ], [ 140.353951099999989, -2.4482818 ], [ 140.3543309, -2.4478405 ], [ 140.3544087, -2.4472942 ], [ 140.3543355, -2.4469421 ], [ 140.3544499, -2.4466335 ], [ 140.3545964, -2.4463568 ], [ 140.354811500000011, -2.4460871 ], [ 140.3553976, -2.4459202 ], [ 140.355786200000011, -2.4460322 ], [ 140.3559052, -2.4465877 ], [ 140.3555757, -2.4473467 ], [ 140.3556261, -2.4476645 ], [ 140.3557588, -2.4479869 ], [ 140.3562576, -2.4484829 ], [ 140.3567473, -2.4487184 ], [ 140.357388, -2.4491779 ], [ 140.3580379, -2.4494477 ], [ 140.3592186, -2.4498158 ], [ 140.3593323, -2.4507315 ], [ 140.358833299999986, -2.4511708 ], [ 140.3590254, -2.4512952 ], [ 140.360093, -2.4500089 ], [ 140.3607206, -2.4505824 ], [ 140.35959410000001, -2.4518418 ], [ 140.3596638, -2.4521795 ], [ 140.3602754, -2.4534282 ], [ 140.3599159, -2.4550146 ], [ 140.3601788, -2.4552022 ], [ 140.360243200000014, -2.4550468 ], [ 140.3608654, -2.4553577 ], [ 140.3610371, -2.4555184 ], [ 140.3614059, -2.4555626 ], [ 140.3617533, -2.455714 ], [ 140.3618471, -2.4559847 ], [ 140.3626035, -2.4562688 ], [ 140.3626035, -2.4565153 ], [ 140.3625016, -2.4567404 ], [ 140.36224150000001, -2.4565849 ], [ 140.361918300000013, -2.4564911 ], [ 140.361379199999988, -2.4566435 ], [ 140.3611706, -2.4567777 ], [ 140.3607767, -2.4566626 ], [ 140.3606724, -2.4567404 ], [ 140.3607635, -2.4567351 ], [ 140.3611551, -2.4569012 ], [ 140.3615628, -2.4570405 ], [ 140.36231380000001, -2.457137 ], [ 140.3627376, -2.4570084 ], [ 140.3628235, -2.4567136 ], [ 140.362828799999988, -2.4562795 ], [ 140.3628167, -2.4562152 ], [ 140.3628852, -2.4559418 ], [ 140.362984399999988, -2.4559512 ], [ 140.363306200000011, -2.4558855 ], [ 140.363435, -2.4557795 ], [ 140.3636496, -2.4555583 ], [ 140.3638051, -2.4552337 ], [ 140.36382660000001, -2.454949 ], [ 140.3639339, -2.4547333 ], [ 140.3640251, -2.4546556 ], [ 140.3641538, -2.4546662 ], [ 140.364259800000013, -2.4547004 ], [ 140.3642423, -2.4545523 ], [ 140.364294, -2.4545252 ], [ 140.3643456, -2.454482 ], [ 140.3644113, -2.4544974 ], [ 140.364373699999987, -2.4546514 ], [ 140.364306699999986, -2.4547231 ], [ 140.364346899999987, -2.454768 ], [ 140.3644649, -2.4547571 ], [ 140.3644809, -2.4548425 ], [ 140.3645075, -2.4549491 ], [ 140.364571500000011, -2.455012 ], [ 140.364425899999986, -2.455331 ], [ 140.3644588, -2.4557458 ], [ 140.3643796, -2.4558436 ], [ 140.364438, -2.4559878 ], [ 140.3644281, -2.45609 ], [ 140.3645608, -2.4562248 ], [ 140.3646377, -2.4563337 ], [ 140.364716, -2.4564038 ], [ 140.3647578, -2.4566118 ], [ 140.3648705, -2.4568344 ], [ 140.3649833, -2.4568801 ], [ 140.3655089, -2.4574313 ], [ 140.3656321, -2.4574572 ], [ 140.3656375, -2.4575296 ], [ 140.365557, -2.4575751 ], [ 140.365406799999988, -2.4578002 ], [ 140.3654577, -2.4585291 ], [ 140.365385300000014, -2.458706 ], [ 140.3654497, -2.4589472 ], [ 140.365683, -2.4596064 ], [ 140.365959299999986, -2.4600244 ], [ 140.366114900000014, -2.4602978 ], [ 140.3662069, -2.4606663 ], [ 140.366191500000014, -2.4608257 ], [ 140.3663057, -2.4610696 ], [ 140.3662704, -2.4615358 ], [ 140.3663401, -2.4617421 ], [ 140.366662, -2.4619163 ], [ 140.3671046, -2.4617207 ], [ 140.3675673, -2.4615941 ], [ 140.3675552, -2.4614327 ], [ 140.36761150000001, -2.4613885 ], [ 140.3681426, -2.461375 ], [ 140.3689956, -2.4611928 ], [ 140.36910420000001, -2.4611305 ], [ 140.3691431, -2.4610146 ], [ 140.369296, -2.4609382 ], [ 140.369408600000014, -2.4608967 ], [ 140.36967150000001, -2.4609409 ], [ 140.369773400000014, -2.4606086 ], [ 140.3695213, -2.4603835 ], [ 140.3692101, -2.4602763 ], [ 140.369199400000014, -2.4602374 ], [ 140.369135, -2.4600968 ], [ 140.369160599999987, -2.4599319 ], [ 140.3691378, -2.4596947 ], [ 140.3690224, -2.4596921 ], [ 140.3689688, -2.4595421 ], [ 140.36893950000001, -2.4593901 ], [ 140.368996, -2.4593507 ], [ 140.3689856, -2.4593202 ], [ 140.3691277, -2.4592207 ], [ 140.369283200000012, -2.459148 ], [ 140.3692615, -2.4590905 ], [ 140.3693207, -2.4590878 ], [ 140.369517300000012, -2.4589303 ], [ 140.3698656, -2.4589626 ], [ 140.36989410000001, -2.4588232 ], [ 140.3699717, -2.4587774 ], [ 140.370192300000014, -2.4587821 ], [ 140.3702144, -2.4586207 ], [ 140.3703027, -2.458572 ], [ 140.3703926, -2.4586838 ], [ 140.3705655, -2.4586451 ], [ 140.370714600000014, -2.4583169 ], [ 140.3710568, -2.4579619 ], [ 140.37134420000001, -2.4578097 ], [ 140.3713572, -2.4572788 ], [ 140.371456200000011, -2.4568981 ], [ 140.371602599999989, -2.4566786 ], [ 140.3714836, -2.4562305 ], [ 140.371675900000014, -2.4559196 ], [ 140.3716576, -2.4556178 ], [ 140.371328, -2.4554898 ], [ 140.370989400000013, -2.455499 ], [ 140.370614100000012, -2.4552338 ], [ 140.3701227, -2.4545616 ], [ 140.369948, -2.4541413 ], [ 140.369643599999989, -2.4537149 ], [ 140.3699182, -2.4531571 ], [ 140.369954400000012, -2.4527996 ], [ 140.3699091, -2.4525261 ], [ 140.3700283, -2.4522161 ], [ 140.371251, -2.4524327 ], [ 140.3718671, -2.4523176 ], [ 140.372179, -2.4512733 ], [ 140.372455300000013, -2.4501 ], [ 140.3723281, -2.4497507 ], [ 140.3721515, -2.4493072 ], [ 140.371794599999987, -2.4488683 ], [ 140.3713003, -2.4483745 ], [ 140.3704674, -2.4480453 ], [ 140.3692867, -2.4470302 ], [ 140.3687466, -2.4466004 ], [ 140.368576499999989, -2.4465457 ], [ 140.3683622, -2.4465913 ], [ 140.3681334, -2.4469662 ], [ 140.36773070000001, -2.4469296 ], [ 140.3676107, -2.4464955 ], [ 140.3677418, -2.4453603 ], [ 140.367601900000011, -2.4445044 ], [ 140.3674883, -2.4438844 ], [ 140.36759, -2.4431188 ], [ 140.3673222, -2.442819 ], [ 140.36736590000001, -2.4422776 ], [ 140.3680128, -2.4418322 ], [ 140.368381199999988, -2.4419774 ], [ 140.369098, -2.4417766 ], [ 140.3701216, -2.4409729 ], [ 140.3703472, -2.4406109 ], [ 140.372499, -2.4371582 ], [ 140.3736211, -2.433916 ], [ 140.373872, -2.4330818 ], [ 140.3740355, -2.4330571 ], [ 140.374142799999987, -2.43325 ], [ 140.374250100000012, -2.4334912 ], [ 140.374432500000012, -2.4337806 ], [ 140.374534399999987, -2.4339092 ], [ 140.3747919, -2.4340647 ], [ 140.375081599999987, -2.4340808 ], [ 140.3754142, -2.4340647 ], [ 140.3757039, -2.4339414 ], [ 140.375838, -2.4338771 ], [ 140.375972100000013, -2.4337431 ], [ 140.3758755, -2.4337163 ], [ 140.37574140000001, -2.4338128 ], [ 140.3755429, -2.4338932 ], [ 140.3752801, -2.4339307 ], [ 140.3750226, -2.4338878 ], [ 140.3747919, -2.4338556 ], [ 140.3745827, -2.4337431 ], [ 140.374480799999986, -2.4335126 ], [ 140.3744003, -2.4333733 ], [ 140.3742287, -2.4331214 ], [ 140.3741911, -2.4328373 ], [ 140.3742823, -2.4326712 ], [ 140.3744218, -2.4325318 ], [ 140.3745505, -2.4324086 ], [ 140.374749, -2.4323067 ], [ 140.3748563, -2.4321995 ], [ 140.3748134, -2.4320227 ], [ 140.374797300000012, -2.4317225 ], [ 140.374808, -2.4314653 ], [ 140.3747007, -2.4312455 ], [ 140.374561300000011, -2.4312027 ], [ 140.374395, -2.4312991 ], [ 140.374116, -2.4313259 ], [ 140.373885300000012, -2.4313849 ], [ 140.3736922, -2.4313849 ], [ 140.3735259, -2.4312616 ], [ 140.3733972, -2.4310901 ], [ 140.373311300000012, -2.4307632 ], [ 140.3732631, -2.4304791 ], [ 140.3731129, -2.4301897 ], [ 140.3726622, -2.4292732 ], [ 140.3721902, -2.4282388 ], [ 140.3721204, -2.4281155 ], [ 140.3717878, -2.4279976 ], [ 140.3715408, -2.4279763 ], [ 140.3713933, -2.4278911 ], [ 140.371334100000013, -2.4276823 ], [ 140.371471500000013, -2.4272092 ], [ 140.3718298, -2.4268333 ], [ 140.3720339, -2.4262756 ], [ 140.3724274, -2.4260375 ], [ 140.372591199999988, -2.425464 ], [ 140.372805699999986, -2.4248859 ], [ 140.372798, -2.4246322 ], [ 140.372560600000014, -2.4242548 ], [ 140.3722128, -2.4241379 ], [ 140.3717766, -2.4243918 ], [ 140.371400599999987, -2.424623 ], [ 140.371149300000013, -2.4246408 ], [ 140.371000900000013, -2.4244544 ], [ 140.371015199999988, -2.4242333 ], [ 140.3710987, -2.4240898 ], [ 140.3711875, -2.4239372 ], [ 140.371289, -2.423592 ], [ 140.371331, -2.4234489 ], [ 140.3715071, -2.4231005 ], [ 140.3716657, -2.422939 ], [ 140.3714192, -2.4227615 ], [ 140.3713478, -2.4227493 ], [ 140.371194300000013, -2.4227233 ], [ 140.371130599999987, -2.4224968 ], [ 140.371085, -2.4223119 ], [ 140.370997499999987, -2.4222295 ], [ 140.370760499999989, -2.4220145 ], [ 140.370327300000014, -2.4226228 ], [ 140.370105, -2.4224001 ], [ 140.370165899999989, -2.4221939 ], [ 140.370063499999986, -2.422057 ], [ 140.3700246, -2.422005 ], [ 140.3697847, -2.4219623 ], [ 140.3696678, -2.4221304 ], [ 140.369524, -2.422245 ], [ 140.3693791, -2.4222343 ], [ 140.368821200000014, -2.4221378 ], [ 140.3682848, -2.422529 ], [ 140.3680692, -2.4225598 ], [ 140.3678428, -2.4225263 ], [ 140.3677022, -2.4226911 ], [ 140.3674115, -2.4227379 ], [ 140.36722, -2.422628 ], [ 140.367071399999986, -2.4224109 ], [ 140.3670941, -2.4222339 ], [ 140.3671175, -2.4220518 ], [ 140.3669255, -2.421182 ], [ 140.3667357, -2.4207123 ], [ 140.3665818, -2.4204962 ], [ 140.3663795, -2.4203123 ], [ 140.366071799999986, -2.4201309 ], [ 140.3657423, -2.4199087 ], [ 140.3652387, -2.4196025 ], [ 140.3650653, -2.4195863 ], [ 140.364772499999987, -2.4195589 ], [ 140.3643473, -2.4191453 ], [ 140.3641542, -2.418998 ], [ 140.3638899, -2.418914 ], [ 140.3633156, -2.4189174 ], [ 140.3627175, -2.4187944 ], [ 140.362594, -2.4186442 ], [ 140.362628699999988, -2.4183835 ], [ 140.3626901, -2.4179014 ], [ 140.3629554, -2.4170164 ], [ 140.3631217, -2.4161787 ], [ 140.363187, -2.4159199 ], [ 140.3630705, -2.415748 ], [ 140.3628531, -2.4153648 ], [ 140.3624244, -2.4150111 ], [ 140.3621111, -2.4149291 ], [ 140.3618849, -2.4150525 ], [ 140.3614431, -2.4152312 ], [ 140.3612149, -2.4152203 ], [ 140.360963, -2.4151699 ], [ 140.3604105, -2.4152222 ], [ 140.360173, -2.4147477 ], [ 140.3602765, -2.4143597 ], [ 140.3605225, -2.4140493 ], [ 140.3605484, -2.4134415 ], [ 140.360354199999989, -2.4126914 ], [ 140.360406, -2.4122516 ], [ 140.3602765, -2.4117085 ], [ 140.360476, -2.4115561 ], [ 140.3606796, -2.4114437 ], [ 140.360847799999988, -2.411277 ], [ 140.3609816, -2.4111664 ], [ 140.3609691, -2.410981 ], [ 140.3609367, -2.410648 ], [ 140.3609351, -2.4099992 ], [ 140.3606014, -2.4092635 ], [ 140.3600759, -2.4089182 ], [ 140.3598041, -2.4087566 ], [ 140.3595128, -2.4088988 ], [ 140.3592475, -2.408873 ], [ 140.3590145, -2.4090928 ], [ 140.3586779, -2.4092351 ], [ 140.3584126, -2.4094808 ], [ 140.3583396, -2.409909 ], [ 140.3580959, -2.4101063 ], [ 140.357831299999987, -2.4101818 ], [ 140.3576128, -2.4101734 ], [ 140.357491, -2.4100098 ], [ 140.357377, -2.4098661 ], [ 140.3575792, -2.4096404 ], [ 140.3577262, -2.4093382 ], [ 140.3578775, -2.4088346 ], [ 140.357885900000014, -2.4084904 ], [ 140.3579416, -2.4082618 ], [ 140.3578817, -2.4079742 ], [ 140.3579914, -2.4077131 ], [ 140.358184099999988, -2.40763 ], [ 140.3583186, -2.4075125 ], [ 140.358327, -2.4073517 ], [ 140.3582174, -2.4069492 ], [ 140.357997399999988, -2.4067616 ], [ 140.3579456, -2.4064383 ], [ 140.357751400000012, -2.4061409 ], [ 140.3574667, -2.4060245 ], [ 140.3571107, -2.4060374 ], [ 140.35706350000001, -2.4053975 ], [ 140.3568975, -2.4050696 ], [ 140.3563598, -2.4049393 ], [ 140.356273, -2.4042322 ], [ 140.3558066, -2.4039123 ], [ 140.3558351, -2.4036055 ], [ 140.3563071, -2.403584 ], [ 140.3560175, -2.4031338 ], [ 140.3556527, -2.4028605 ], [ 140.3550071, -2.4026638 ], [ 140.354424200000011, -2.4023781 ], [ 140.3536035, -2.402421 ], [ 140.3535659, -2.4026568 ], [ 140.353737599999988, -2.4030266 ], [ 140.3535498, -2.4031606 ], [ 140.3532601, -2.4030588 ], [ 140.3530456, -2.403032 ], [ 140.352954399999987, -2.4032571 ], [ 140.353088500000013, -2.404045 ], [ 140.353034799999989, -2.4043558 ], [ 140.352305300000012, -2.4042969 ], [ 140.352224799999988, -2.4046238 ], [ 140.3521336, -2.4048704 ], [ 140.3521175, -2.4053635 ], [ 140.3516562, -2.405192 ], [ 140.3511608, -2.4051925 ], [ 140.3509695, -2.4050848 ], [ 140.3507496, -2.4051705 ], [ 140.350604800000013, -2.4053849 ], [ 140.3502829, -2.4052884 ], [ 140.3500469, -2.4054653 ], [ 140.349896699999988, -2.4056314 ], [ 140.3499932, -2.4058566 ], [ 140.3502078, -2.4061299 ], [ 140.3501541, -2.4066873 ], [ 140.350476, -2.4071375 ], [ 140.3505189, -2.4075181 ], [ 140.3502024, -2.4080111 ], [ 140.3502483, -2.408397 ], [ 140.34998250000001, -2.4086329 ], [ 140.3499718, -2.4090402 ], [ 140.3495265, -2.4091688 ], [ 140.3490405, -2.4095146 ], [ 140.34876220000001, -2.4093658 ], [ 140.3484839, -2.4090102 ], [ 140.348128, -2.4087063 ], [ 140.3474808, -2.4083506 ], [ 140.3469869, -2.4079894 ], [ 140.346766, -2.4077179 ], [ 140.3464553, -2.4072783 ], [ 140.3462984, -2.4068667 ], [ 140.3460848, -2.4066168 ], [ 140.3460193, -2.4062267 ], [ 140.3458736, -2.4058129 ], [ 140.345720300000011, -2.4056024 ], [ 140.345516, -2.4054961 ], [ 140.3453769, -2.4049702 ], [ 140.3447904, -2.4043388 ], [ 140.3439352, -2.4031513 ], [ 140.3438629, -2.4027895 ], [ 140.3436989, -2.4025261 ], [ 140.34334530000001, -2.4020521 ], [ 140.3432933, -2.4014639 ], [ 140.3431056, -2.4008625 ], [ 140.3432221, -2.4005974 ], [ 140.3430404, -2.4002094 ], [ 140.3431445, -2.4001626 ], [ 140.3433516, -2.4002547 ], [ 140.343477799999988, -2.4002725 ], [ 140.343610399999989, -2.40019 ], [ 140.3436137, -2.4000171 ], [ 140.343549, -2.3998877 ], [ 140.3434584, -2.3995159 ], [ 140.3435225, -2.3989889 ], [ 140.3436331, -2.3988822 ], [ 140.343720499999989, -2.3987399 ], [ 140.3437944, -2.3984056 ], [ 140.343886700000013, -2.3980618 ], [ 140.3440052, -2.3979995 ], [ 140.3440797, -2.3978476 ], [ 140.3440732, -2.3976989 ], [ 140.3439955, -2.397576 ], [ 140.3439918, -2.3974497 ], [ 140.3441379, -2.3974046 ], [ 140.344231799999989, -2.3972494 ], [ 140.3443483, -2.3969585 ], [ 140.344687599999986, -2.3968581 ], [ 140.3448822, -2.3969617 ], [ 140.345076400000011, -2.396994 ], [ 140.3454032, -2.3969326 ], [ 140.345924599999989, -2.3971641 ], [ 140.3462505, -2.3971784 ], [ 140.3467693, -2.3971728 ], [ 140.347010399999988, -2.3968991 ], [ 140.3469689, -2.3965706 ], [ 140.3470581, -2.3962504 ], [ 140.347577300000012, -2.3961826 ], [ 140.3477909, -2.3958593 ], [ 140.348088600000011, -2.3957429 ], [ 140.3480562, -2.3954584 ], [ 140.348211099999986, -2.3953646 ], [ 140.3484769, -2.3955812 ], [ 140.3486387, -2.3959175 ], [ 140.3489688, -2.396105 ], [ 140.3497223, -2.3966016 ], [ 140.350175799999988, -2.3969537 ], [ 140.350381199999987, -2.3970267 ], [ 140.350619099999989, -2.3969901 ], [ 140.3507885, -2.3969078 ], [ 140.3508663, -2.3968255 ], [ 140.3508388, -2.3966609 ], [ 140.3508617, -2.3964917 ], [ 140.3512773, -2.3963411 ], [ 140.3513422, -2.3964414 ], [ 140.351200299999988, -2.3965603 ], [ 140.35115, -2.3968072 ], [ 140.351085899999987, -2.397077 ], [ 140.3510402, -2.397333 ], [ 140.3510219, -2.3976074 ], [ 140.351053900000011, -2.3977491 ], [ 140.35114, -2.397867 ], [ 140.3514017, -2.3981149 ], [ 140.3517693, -2.3982267 ], [ 140.3519349, -2.3982458 ], [ 140.35205830000001, -2.3982833 ], [ 140.3521173, -2.3985242 ], [ 140.352128, -2.3987011 ], [ 140.352404799999988, -2.3989082 ], [ 140.352854400000012, -2.3991762 ], [ 140.3527482, -2.3987796 ], [ 140.3529359, -2.3986831 ], [ 140.3531022, -2.3990039 ], [ 140.35305120000001, -2.3992668 ], [ 140.3531827, -2.399412 ], [ 140.3533458, -2.3992461 ], [ 140.353397199999989, -2.3995407 ], [ 140.353467, -2.3997818 ], [ 140.3533007, -2.3999802 ], [ 140.353424100000012, -2.4002106 ], [ 140.353600699999987, -2.4003806 ], [ 140.3539868, -2.4005177 ], [ 140.3567693, -2.4027267 ], [ 140.3580193, -2.4029767 ], [ 140.360769299999987, -2.4022267 ], [ 140.3615193, -2.4029767 ], [ 140.3625193, -2.4024767 ], [ 140.363269300000013, -2.4032267 ], [ 140.365769300000011, -2.4029767 ], [ 140.3672693, -2.4042267 ], [ 140.3685193, -2.4042267 ], [ 140.3691341, -2.4038858 ], [ 140.369597199999987, -2.4034202 ], [ 140.3700174, -2.4029116 ], [ 140.3702693, -2.4024767 ], [ 140.3701974, -2.4010625 ], [ 140.36995490000001, -2.4006268 ], [ 140.3703798, -2.4004375 ], [ 140.370954899999987, -2.4003982 ], [ 140.3712908, -2.3998197 ], [ 140.371519299999989, -2.3987267 ], [ 140.371843399999989, -2.3985373 ], [ 140.372191, -2.398823 ], [ 140.3725193, -2.3994767 ], [ 140.3734624, -2.3994267 ], [ 140.3742231, -2.3995268 ], [ 140.3751953, -2.3994767 ], [ 140.3760998, -2.3997089 ], [ 140.3765091, -2.3997071 ], [ 140.3770142, -2.3998134 ], [ 140.3778734, -2.4000054 ], [ 140.3786738, -2.4001517 ], [ 140.3789899, -2.4001368 ], [ 140.379831700000011, -2.4001863 ], [ 140.3802708, -2.399985 ], [ 140.3813629, -2.3999031 ], [ 140.3820699, -2.4000015 ], [ 140.382992, -2.4002222 ], [ 140.3834316, -2.4002897 ], [ 140.384, -2.40025 ], [ 140.3844072, -2.4001001 ], [ 140.3847824, -2.3997786 ], [ 140.3850933, -2.3995643 ], [ 140.3856193, -2.3999754 ], [ 140.3861664, -2.3999803 ], [ 140.386450700000012, -2.4000256 ], [ 140.386539199999987, -2.4002626 ], [ 140.3870341, -2.4007777 ], [ 140.387807900000013, -2.4011321 ], [ 140.3883391, -2.4011374 ], [ 140.3886905, -2.4013224 ], [ 140.3895421, -2.4014577 ], [ 140.3901362, -2.4014858 ], [ 140.390760699999987, -2.4017142 ], [ 140.39175, -2.4025 ], [ 140.392868, -2.4038178 ], [ 140.3927962, -2.4048141 ], [ 140.3931011, -2.4053329 ], [ 140.3934324, -2.4057462 ], [ 140.393438, -2.4059903 ], [ 140.3937339, -2.4064981 ], [ 140.393958700000013, -2.4067126 ], [ 140.394209600000011, -2.4070307 ], [ 140.3945133, -2.4070778 ], [ 140.394684899999987, -2.4073555 ], [ 140.3949882, -2.4073725 ], [ 140.395412599999986, -2.407427 ], [ 140.3955757, -2.4074142 ], [ 140.395660600000014, -2.4073384 ], [ 140.395959800000014, -2.4073366 ], [ 140.3960902, -2.4074249 ], [ 140.3963402, -2.407469 ], [ 140.3963992, -2.4076098 ], [ 140.3966268, -2.4075804 ], [ 140.396846, -2.4077314 ], [ 140.3969754, -2.4075432 ], [ 140.3971972, -2.4075 ], [ 140.3972943, -2.4073557 ], [ 140.3975606, -2.4074484 ], [ 140.3975882, -2.40733 ], [ 140.3977406, -2.4073301 ], [ 140.397750800000011, -2.4074224 ], [ 140.3978219, -2.4073895 ], [ 140.3978244, -2.4072939 ], [ 140.3980302, -2.4072065 ], [ 140.398087, -2.4072683 ], [ 140.3982275, -2.4071278 ], [ 140.398192200000011, -2.4070048 ], [ 140.398440599999986, -2.4068687 ], [ 140.3986004, -2.4069272 ], [ 140.398640699999987, -2.4070158 ], [ 140.3987467, -2.4069481 ], [ 140.399070200000011, -2.4069603 ], [ 140.3995223, -2.4072302 ], [ 140.39975, -2.4075 ], [ 140.3998911, -2.4075367 ], [ 140.400111399999986, -2.4072041 ], [ 140.40075, -2.4068225 ], [ 140.4012093, -2.4069764 ], [ 140.4017623, -2.4074753 ], [ 140.4021179, -2.4077972 ], [ 140.4025, -2.40775 ], [ 140.404, -2.40775 ], [ 140.40525, -2.40725 ], [ 140.4075, -2.40875 ], [ 140.408, -2.40975 ], [ 140.4095, -2.41075 ], [ 140.4105, -2.41025 ], [ 140.412, -2.41125 ], [ 140.412, -2.41225 ], [ 140.4125, -2.414 ], [ 140.413, -2.4145 ], [ 140.4146747, -2.414582 ], [ 140.415662700000013, -2.4149992 ], [ 140.4162857, -2.4149283 ], [ 140.4167905, -2.4145888 ], [ 140.4174411, -2.4142715 ], [ 140.4198442, -2.414086 ], [ 140.4207846, -2.4144124 ], [ 140.420975, -2.4146294 ], [ 140.4215958, -2.4148034 ], [ 140.4224007, -2.4146825 ], [ 140.42275, -2.41475 ], [ 140.423185499999988, -2.4149329 ], [ 140.423801200000014, -2.4154543 ], [ 140.4243094, -2.4157393 ], [ 140.426134499999989, -2.4159409 ], [ 140.4262029, -2.4161244 ], [ 140.4261961, -2.4163186 ], [ 140.4267755, -2.4165827 ], [ 140.4271621, -2.4166341 ], [ 140.428032699999989, -2.4162986 ], [ 140.4283048, -2.4160911 ], [ 140.4284893, -2.4156381 ], [ 140.43075, -2.41425 ], [ 140.43125, -2.41325 ], [ 140.4325, -2.413 ], [ 140.43275, -2.41225 ], [ 140.4335, -2.41225 ], [ 140.434, -2.41425 ], [ 140.43525, -2.41525 ], [ 140.43475, -2.417 ], [ 140.43625, -2.4185 ], [ 140.43775, -2.419 ], [ 140.439, -2.41875 ], [ 140.4395, -2.41925 ], [ 140.44125, -2.41925 ], [ 140.4415, -2.418 ], [ 140.443, -2.4205 ], [ 140.444650200000012, -2.4209395 ], [ 140.4448887, -2.4212305 ], [ 140.444987700000013, -2.4217252 ], [ 140.4454632, -2.4220607 ], [ 140.445699100000013, -2.4218238 ], [ 140.4460316, -2.4224342 ], [ 140.4467075, -2.4230554 ], [ 140.44925, -2.4245 ], [ 140.4524979, -2.4277719 ], [ 140.4537365, -2.4276411 ], [ 140.4541104, -2.4285147 ], [ 140.45525, -2.42875 ], [ 140.455525099999988, -2.4290637 ], [ 140.4558002, -2.4293774 ], [ 140.4559027, -2.4297978 ], [ 140.456652, -2.4304705 ], [ 140.4574335, -2.4310023 ], [ 140.458354500000013, -2.4310892 ], [ 140.460239300000012, -2.4318312 ], [ 140.4612318, -2.4320536 ], [ 140.4620066, -2.4321382 ], [ 140.462786200000011, -2.432223 ], [ 140.463089599999989, -2.4324419 ], [ 140.464841299999989, -2.4327733 ], [ 140.4659586, -2.4324549 ], [ 140.467161800000014, -2.4319541 ], [ 140.46775, -2.4315 ], [ 140.467787, -2.4306901 ], [ 140.467738200000014, -2.4303411 ], [ 140.467431299999987, -2.4299678 ], [ 140.4674839, -2.42975 ], [ 140.467895199999987, -2.4296508 ], [ 140.46799, -2.429884 ], [ 140.468308400000012, -2.4299751 ], [ 140.468709, -2.4299964 ], [ 140.4691446, -2.4295378 ], [ 140.469308399999989, -2.4295991 ], [ 140.4695932, -2.4294947 ], [ 140.469822, -2.4295858 ], [ 140.4704267, -2.4297583 ], [ 140.470833, -2.429813 ], [ 140.471098399999988, -2.4297401 ], [ 140.471376600000013, -2.4298071 ], [ 140.4718195, -2.4298889 ], [ 140.47186, -2.4296598 ], [ 140.4720054, -2.4294161 ], [ 140.4721714, -2.4295072 ], [ 140.4724716, -2.4295928 ], [ 140.47275, -2.43 ], [ 140.4730064, -2.430079 ], [ 140.4734882, -2.4300401 ], [ 140.4738616, -2.4302839 ], [ 140.4749732, -2.4306642 ], [ 140.47549810000001, -2.4306769 ], [ 140.475792399999989, -2.4304429 ], [ 140.4763165, -2.4298786 ], [ 140.47675, -2.43025 ], [ 140.477835, -2.4302948 ], [ 140.478115300000013, -2.4295142 ], [ 140.4782468, -2.4294322 ], [ 140.4783636, -2.4292257 ], [ 140.478502, -2.4291371 ], [ 140.4786714, -2.4291743 ], [ 140.478817, -2.4293559 ], [ 140.4792478, -2.4293438 ], [ 140.4795193, -2.4293733 ], [ 140.479871300000013, -2.4295255 ], [ 140.4804862, -2.4299297 ], [ 140.480718, -2.4299769 ], [ 140.4811604, -2.4301893 ], [ 140.481691, -2.4307963 ], [ 140.4818923, -2.4309485 ], [ 140.482453099999987, -2.4309077 ], [ 140.48277, -2.4307403 ], [ 140.483123400000011, -2.4307428 ], [ 140.4832286, -2.4308558 ], [ 140.4835675, -2.4308228 ], [ 140.483714600000013, -2.4306876 ], [ 140.484271299999989, -2.4310477 ], [ 140.484588, -2.4310938 ], [ 140.484839099999988, -2.4314196 ], [ 140.4851507, -2.4313623 ], [ 140.4853013, -2.4312246 ], [ 140.4855704, -2.4308313 ], [ 140.4860067, -2.4308486 ], [ 140.48606, -2.4306031 ], [ 140.486284500000011, -2.4304059 ], [ 140.4865776, -2.4302102 ], [ 140.4865756, -2.4300317 ], [ 140.48675, -2.42975 ], [ 140.4868643, -2.4290999 ], [ 140.487214599999987, -2.4286535 ], [ 140.4876717, -2.4285035 ], [ 140.4877314, -2.4290491 ], [ 140.487999, -2.4293886 ], [ 140.488111800000013, -2.4300448 ], [ 140.4879569, -2.4303433 ], [ 140.487967700000013, -2.4306343 ], [ 140.4878487, -2.4307036 ], [ 140.4879746, -2.4308785 ], [ 140.487930299999988, -2.430982 ], [ 140.488077800000013, -2.4310755 ], [ 140.4880537, -2.4312074 ], [ 140.4881717, -2.4312358 ], [ 140.488069700000011, -2.4314035 ], [ 140.4880413, -2.4317517 ], [ 140.487727400000011, -2.4320363 ], [ 140.48753640000001, -2.432006 ], [ 140.4875214, -2.431932 ], [ 140.4874089, -2.4318946 ], [ 140.4872517, -2.4320942 ], [ 140.4868981, -2.4322875 ], [ 140.4864785, -2.4320341 ], [ 140.4862714, -2.4322024 ], [ 140.485987599999987, -2.4327387 ], [ 140.48570380000001, -2.4340896 ], [ 140.4861395, -2.4346338 ], [ 140.4865752, -2.4350922 ], [ 140.4865, -2.4356803 ], [ 140.4866798, -2.4357547 ], [ 140.486822100000012, -2.4361671 ], [ 140.4866597, -2.4363646 ], [ 140.4868314, -2.4365326 ], [ 140.48677090000001, -2.4365887 ], [ 140.4865005, -2.4365553 ], [ 140.4862819, -2.4369781 ], [ 140.4859968, -2.4380555 ], [ 140.48675, -2.43975 ], [ 140.4875, -2.4395 ], [ 140.4885, -2.44 ], [ 140.48925, -2.4395 ], [ 140.49025, -2.44 ], [ 140.491, -2.43975 ], [ 140.492, -2.441 ], [ 140.4945, -2.4415 ], [ 140.4952907, -2.4430037 ], [ 140.4955429, -2.4430037 ], [ 140.4965, -2.4435 ], [ 140.4974891, -2.4439143 ], [ 140.499461599999989, -2.4439148 ], [ 140.5, -2.44375 ], [ 140.501407199999989, -2.4429876 ], [ 140.5016537, -2.4417451 ], [ 140.502, -2.44 ], [ 140.50375, -2.43825 ], [ 140.505, -2.43825 ], [ 140.50625, -2.4365 ], [ 140.50675, -2.43675 ], [ 140.507, -2.43525 ], [ 140.508, -2.433 ], [ 140.509, -2.432 ], [ 140.5095, -2.4325 ], [ 140.5105, -2.4325 ], [ 140.51225, -2.43 ], [ 140.51875, -2.43175 ], [ 140.52025, -2.42975 ], [ 140.5215, -2.42925 ], [ 140.522160899999989, -2.4283178 ], [ 140.5230848, -2.4285678 ], [ 140.5249184, -2.4279409 ], [ 140.5252715, -2.4278714 ], [ 140.52675, -2.42825 ], [ 140.5269968, -2.4287286 ], [ 140.5285, -2.4305 ], [ 140.5282575, -2.4309893 ], [ 140.5286218, -2.4316196 ], [ 140.5288146, -2.4319777 ], [ 140.52875, -2.43225 ], [ 140.5288004, -2.4327178 ], [ 140.5295, -2.434 ], [ 140.5297225, -2.4346973 ], [ 140.5294863, -2.4362236 ], [ 140.5297222, -2.4369868 ], [ 140.529486100000014, -2.4373684 ], [ 140.529464600000011, -2.4379001 ], [ 140.529900199999986, -2.4381677 ], [ 140.5315, -2.4385 ], [ 140.5324464, -2.4389177 ], [ 140.5328134, -2.4394319 ], [ 140.533685100000014, -2.439616 ], [ 140.53475, -2.4395 ], [ 140.5353208, -2.4392284 ], [ 140.535842300000013, -2.4394142 ], [ 140.5361781, -2.4396464 ], [ 140.536932400000012, -2.4395463 ], [ 140.53708, -2.439191 ], [ 140.5375185, -2.439142 ], [ 140.5378236, -2.4389996 ], [ 140.538, -2.43875 ], [ 140.5385359, -2.4386499 ], [ 140.53875, -2.439 ], [ 140.5389519, -2.4392285 ], [ 140.5387241, -2.4396267 ], [ 140.538240800000011, -2.4397238 ], [ 140.5380313, -2.4401368 ], [ 140.5380553, -2.4407506 ], [ 140.5377575, -2.4411501 ], [ 140.538002799999987, -2.441884 ], [ 140.537936300000013, -2.4423221 ], [ 140.538020100000011, -2.4425512 ], [ 140.5375665, -2.4443351 ], [ 140.5379533, -2.445295 ], [ 140.538769300000013, -2.4463406 ], [ 140.53975, -2.447 ], [ 140.540496, -2.447348 ], [ 140.5408597, -2.4475278 ], [ 140.541359699999987, -2.4477017 ], [ 140.5419981, -2.4478086 ], [ 140.5422529, -2.4478751 ], [ 140.542668600000013, -2.4479573 ], [ 140.5438327, -2.4481607 ], [ 140.5446068, -2.4481312 ], [ 140.5449485, -2.4479 ], [ 140.54508580000001, -2.4471929 ], [ 140.545596, -2.4469465 ], [ 140.5456448, -2.4465714 ], [ 140.5461502, -2.44625 ], [ 140.5462349, -2.4455483 ], [ 140.5466715, -2.4451553 ], [ 140.54675, -2.4445 ], [ 140.5474147, -2.4448714 ], [ 140.5474573, -2.4451857 ], [ 140.5480043, -2.4454893 ], [ 140.54875, -2.4455 ], [ 140.549475300000012, -2.4459606 ], [ 140.5515, -2.44575 ], [ 140.55375, -2.443 ], [ 140.55375, -2.4405 ], [ 140.5545, -2.43975 ], [ 140.5565, -2.43925 ], [ 140.557, -2.43975 ], [ 140.55875, -2.4395 ], [ 140.56, -2.443 ], [ 140.5595, -2.44475 ], [ 140.56, -2.4455 ], [ 140.5595, -2.44625 ], [ 140.5605, -2.4475 ], [ 140.55925, -2.44975 ], [ 140.5605, -2.4505 ], [ 140.5625, -2.451 ], [ 140.5655, -2.45125 ], [ 140.5665, -2.45075 ], [ 140.56775, -2.45125 ], [ 140.56825, -2.4505 ], [ 140.569, -2.45125 ], [ 140.57, -2.45125 ], [ 140.57275, -2.45025 ], [ 140.575, -2.44825 ], [ 140.57625, -2.448 ], [ 140.57725, -2.447 ], [ 140.578909900000014, -2.4461342 ], [ 140.57925, -2.44625 ], [ 140.5797737, -2.446604 ], [ 140.5826845, -2.4497154 ], [ 140.5829267, -2.45125 ], [ 140.5835593, -2.4521653 ], [ 140.5833039, -2.4526198 ], [ 140.5845931, -2.4531762 ], [ 140.5852995, -2.4535557 ], [ 140.5871991, -2.4536741 ], [ 140.5880376, -2.4534239 ], [ 140.58975, -2.4535 ], [ 140.59375, -2.4555 ], [ 140.597, -2.45575 ], [ 140.59825, -2.455 ], [ 140.599, -2.45575 ], [ 140.60075, -2.45225 ], [ 140.6, -2.451 ], [ 140.601, -2.45125 ], [ 140.60125, -2.4495 ], [ 140.603, -2.44875 ], [ 140.60325, -2.44775 ], [ 140.605, -2.447 ], [ 140.6045, -2.44625 ], [ 140.605, -2.4455 ], [ 140.6045, -2.44475 ], [ 140.6060247, -2.4437335 ], [ 140.60675, -2.44325 ], [ 140.60775, -2.44325 ], [ 140.607, -2.4425 ], [ 140.60825, -2.44175 ], [ 140.608, -2.441 ], [ 140.6085, -2.4405 ], [ 140.611, -2.4405 ], [ 140.613, -2.43975 ], [ 140.6115, -2.4415 ], [ 140.6118917, -2.4426751 ], [ 140.6119498, -2.4428493 ], [ 140.612, -2.443 ], [ 140.612371200000013, -2.4432285 ], [ 140.613516800000014, -2.4441924 ], [ 140.614164100000011, -2.4440971 ], [ 140.6147468, -2.4445295 ], [ 140.615016700000012, -2.4444926 ], [ 140.6152947, -2.4446913 ], [ 140.6156344, -2.4455968 ], [ 140.6160687, -2.4462544 ], [ 140.6164058, -2.4462447 ], [ 140.617, -2.44775 ], [ 140.6172257, -2.4483137 ], [ 140.617070399999989, -2.4489839 ], [ 140.6174877, -2.449606 ], [ 140.617985299999987, -2.4495431 ], [ 140.6186844, -2.4497505 ], [ 140.6194763, -2.4500518 ], [ 140.6199195, -2.4504614 ], [ 140.6204387, -2.4510021 ], [ 140.6207856, -2.45096 ], [ 140.6210021, -2.4507066 ], [ 140.622, -2.451 ], [ 140.623, -2.45325 ], [ 140.6245, -2.45375 ], [ 140.626, -2.45575 ], [ 140.62725, -2.4555 ], [ 140.6275, -2.45475 ], [ 140.62875, -2.45425 ], [ 140.62975, -2.453 ], [ 140.632, -2.45475 ], [ 140.63275, -2.45475 ], [ 140.633, -2.4575 ], [ 140.632, -2.459 ], [ 140.6325, -2.45975 ], [ 140.63175, -2.46025 ], [ 140.63175, -2.46125 ], [ 140.631189400000011, -2.4623499 ], [ 140.630952, -2.463886 ], [ 140.631336800000014, -2.464629 ], [ 140.6314721, -2.4654001 ], [ 140.6319179, -2.46595 ], [ 140.6324627, -2.4661607 ], [ 140.63275, -2.4665 ], [ 140.6335412, -2.4675364 ], [ 140.6338849, -2.4680789 ], [ 140.634721899999988, -2.4685859 ], [ 140.6349688, -2.468482 ], [ 140.6352698, -2.4684981 ], [ 140.63555980000001, -2.4683882 ], [ 140.6360966, -2.4684392 ], [ 140.6364233, -2.4679338 ], [ 140.636878700000011, -2.467675 ], [ 140.6375284, -2.4675303 ], [ 140.638014199999986, -2.4676401 ], [ 140.6386287, -2.4675463 ], [ 140.63875, -2.46675 ], [ 140.639, -2.466625 ], [ 140.6391856, -2.4668001 ], [ 140.6396642, -2.4665678 ], [ 140.6405504, -2.4666999 ], [ 140.6410756, -2.4664106 ], [ 140.641708099999988, -2.4661428 ], [ 140.6423541, -2.4658427 ], [ 140.642397100000011, -2.4653181 ], [ 140.643180300000012, -2.4646163 ], [ 140.643754300000012, -2.4637188 ], [ 140.64405210000001, -2.4636023 ], [ 140.6443385, -2.4633365 ], [ 140.6445, -2.46325 ], [ 140.644891699999988, -2.4634995 ], [ 140.6463214, -2.4648141 ], [ 140.6468002, -2.465407 ], [ 140.6473111, -2.4655605 ], [ 140.6477682, -2.4654571 ], [ 140.6490134, -2.4662858 ], [ 140.6499152, -2.4670073 ], [ 140.6499833, -2.4674713 ], [ 140.6492771, -2.4689039 ], [ 140.6484743, -2.4692323 ], [ 140.6481502, -2.4697037 ], [ 140.6482967, -2.4706018 ], [ 140.6490439, -2.4715429 ], [ 140.6500896, -2.4730965 ], [ 140.6510308, -2.473959 ], [ 140.652133, -2.4754004 ], [ 140.652515, -2.476 ], [ 140.6534034, -2.4764294 ], [ 140.6535365, -2.4764769 ], [ 140.6557914, -2.477005 ], [ 140.6567929, -2.4770069 ], [ 140.6584329, -2.4762568 ], [ 140.6591502, -2.4759675 ], [ 140.660119, -2.4757998 ], [ 140.660793899999987, -2.4758605 ], [ 140.661898, -2.4753424 ], [ 140.6621132, -2.474546 ], [ 140.6623927, -2.4744786 ], [ 140.66239920000001, -2.4742071 ], [ 140.663132, -2.4738785 ], [ 140.663736, -2.4737106 ], [ 140.665814399999988, -2.4739765 ], [ 140.6663493, -2.4745811 ], [ 140.6683219, -2.4745962 ], [ 140.6685, -2.4743212 ], [ 140.66874150000001, -2.4742426 ], [ 140.6688408, -2.4745355 ], [ 140.6695015, -2.4746777 ], [ 140.6699932, -2.4746459 ], [ 140.670695099999989, -2.4747586 ], [ 140.6710966, -2.4748928 ], [ 140.6718342, -2.475332 ], [ 140.6722245, -2.4759481 ], [ 140.6725611, -2.4766608 ], [ 140.6724587, -2.4774478 ], [ 140.6729868, -2.4790204 ], [ 140.673079300000012, -2.4797424 ], [ 140.673429199999987, -2.4802929 ], [ 140.6738513, -2.4803861 ], [ 140.674396699999988, -2.4801822 ], [ 140.675356099999988, -2.4804875 ], [ 140.6756073, -2.4807286 ], [ 140.6757854, -2.4810999 ], [ 140.6767146, -2.4813641 ], [ 140.677881, -2.481468 ], [ 140.6789324, -2.4810471 ], [ 140.6794573, -2.4806691 ], [ 140.6801754, -2.4802805 ], [ 140.681021500000014, -2.4800337 ], [ 140.6810477, -2.4799065 ], [ 140.6813655, -2.4798261 ], [ 140.6817757, -2.4795045 ], [ 140.682017699999989, -2.4793806 ], [ 140.6822414, -2.4791422 ], [ 140.682752099999988, -2.47881 ], [ 140.683515, -2.4780227 ], [ 140.6846421, -2.477538 ], [ 140.6851684, -2.4775517 ], [ 140.6854727, -2.4773863 ], [ 140.6859681, -2.4774645 ], [ 140.686248, -2.477734 ], [ 140.686629399999987, -2.4777776 ], [ 140.687002400000011, -2.4780031 ], [ 140.6871395, -2.4782768 ], [ 140.6873342, -2.4784541 ], [ 140.6874101, -2.4788804 ], [ 140.687378700000011, -2.4795265 ], [ 140.687689400000011, -2.4801382 ], [ 140.688262900000012, -2.480407 ], [ 140.6890903, -2.4804682 ], [ 140.6905612, -2.4802768 ], [ 140.6912366, -2.4795943 ], [ 140.6913059, -2.4790779 ], [ 140.691589099999987, -2.4792267 ], [ 140.6916492, -2.4789133 ], [ 140.6921513, -2.4787191 ], [ 140.6924507, -2.4785631 ], [ 140.692919499999988, -2.4785011 ], [ 140.693088, -2.4787393 ], [ 140.693765500000012, -2.4782659 ], [ 140.6943197, -2.4783017 ], [ 140.6944337, -2.4779736 ], [ 140.6947107, -2.4780292 ], [ 140.6947097, -2.4782714 ], [ 140.694494099999986, -2.4784493 ], [ 140.6948079, -2.4789721 ], [ 140.6946819, -2.4792537 ], [ 140.6947101, -2.4798554 ], [ 140.694855600000011, -2.4800278 ], [ 140.69521, -2.4800656 ], [ 140.6952906, -2.4802989 ], [ 140.695832599999989, -2.4806501 ], [ 140.6961341, -2.4811624 ], [ 140.6971067, -2.4815188 ], [ 140.6974946, -2.4814732 ], [ 140.698141600000014, -2.4814719 ], [ 140.6988031, -2.48257 ], [ 140.6990534, -2.4826527 ], [ 140.699448499999988, -2.4832125 ], [ 140.6994742, -2.4837312 ], [ 140.700218799999988, -2.48425 ], [ 140.7007867, -2.4836583 ], [ 140.7009792, -2.4841386 ], [ 140.701338, -2.4841454 ], [ 140.70171830000001, -2.4839807 ], [ 140.70214150000001, -2.4839982 ], [ 140.702393, -2.4841229 ], [ 140.702863900000011, -2.4838792 ], [ 140.7039148, -2.4838324 ], [ 140.7040644, -2.484 ], [ 140.7042247, -2.4840804 ], [ 140.7043142, -2.4843008 ], [ 140.70472620000001, -2.4844464 ], [ 140.705007599999988, -2.4845106 ], [ 140.7051502, -2.4843039 ], [ 140.705312, -2.4843596 ], [ 140.705313600000011, -2.4846129 ], [ 140.7054865, -2.4846494 ], [ 140.705671200000012, -2.4845189 ], [ 140.7061371, -2.4846915 ], [ 140.706177200000013, -2.484771 ], [ 140.7064624, -2.4848379 ], [ 140.7065093, -2.4846763 ], [ 140.7067791, -2.4848056 ], [ 140.707214599999986, -2.4850142 ], [ 140.7076655, -2.4854494 ], [ 140.7078036, -2.4860393 ], [ 140.7084791, -2.4865464 ], [ 140.709369, -2.4867535 ], [ 140.7107211, -2.4869499 ], [ 140.7110783, -2.48695 ], [ 140.7115, -2.4865 ], [ 140.712014, -2.4864713 ], [ 140.7125126, -2.4867253 ], [ 140.712775099999988, -2.4871294 ], [ 140.7124848, -2.4876588 ], [ 140.712011499999988, -2.4876244 ], [ 140.7119126, -2.4878342 ], [ 140.7121062, -2.4884038 ], [ 140.7123937, -2.4887894 ], [ 140.713, -2.489 ], [ 140.713301, -2.4894736 ], [ 140.7137453, -2.4899472 ], [ 140.71397, -2.4902328 ], [ 140.7139594, -2.4905298 ], [ 140.714053799999988, -2.4908103 ], [ 140.7151949, -2.4918612 ], [ 140.716287200000011, -2.4924551 ], [ 140.717009100000013, -2.4926672 ], [ 140.7173013, -2.4924886 ], [ 140.7175, -2.4924064 ], [ 140.717696499999988, -2.4920496 ], [ 140.7178639, -2.4919074 ], [ 140.7178994, -2.4920887 ], [ 140.717705599999988, -2.4923478 ], [ 140.7179222, -2.4923938 ], [ 140.7185648, -2.4924968 ], [ 140.7189878, -2.4922606 ], [ 140.7192842, -2.4918923 ], [ 140.719689499999987, -2.4916512 ], [ 140.7198182, -2.4913656 ], [ 140.7201729, -2.4910353 ], [ 140.720422899999988, -2.4909748 ], [ 140.7204872, -2.4910739 ], [ 140.7205516, -2.4913932 ], [ 140.7207465, -2.4914814 ], [ 140.7208057, -2.4917459 ], [ 140.7201417, -2.4922087 ], [ 140.7200255, -2.4925197 ], [ 140.7197978, -2.4928585 ], [ 140.7200219, -2.4936322 ], [ 140.720370800000012, -2.4938805 ], [ 140.7201983, -2.4944873 ], [ 140.7204003, -2.495087 ], [ 140.720407599999987, -2.4953208 ], [ 140.7210651, -2.4959729 ], [ 140.721369900000013, -2.4958844 ], [ 140.7220441, -2.4960679 ], [ 140.72207370000001, -2.4964331 ], [ 140.72325, -2.49675 ], [ 140.7237225, -2.4970487 ], [ 140.7241012, -2.4970022 ], [ 140.724243, -2.4972529 ], [ 140.724515599999989, -2.497347 ], [ 140.724824, -2.4972853 ], [ 140.725, -2.4975 ], [ 140.7252576, -2.4976776 ], [ 140.7257937, -2.4978873 ], [ 140.726473, -2.4978988 ], [ 140.7269043, -2.4979064 ], [ 140.7269545, -2.4982493 ], [ 140.7271591, -2.4984985 ], [ 140.7275627, -2.4989904 ], [ 140.7277707, -2.4994681 ], [ 140.728188100000011, -2.4997255 ], [ 140.7296508, -2.5006257 ], [ 140.7299898, -2.5008181 ], [ 140.730119300000013, -2.5013188 ], [ 140.7297614, -2.5015385 ], [ 140.7297728, -2.5017687 ], [ 140.7310061, -2.5039268 ], [ 140.7315, -2.5045 ], [ 140.732009, -2.5051769 ], [ 140.732141, -2.5052149 ], [ 140.732117100000011, -2.505431 ], [ 140.7325, -2.50625 ], [ 140.7323719, -2.5068357 ], [ 140.7321383, -2.5075 ], [ 140.732290400000011, -2.5082115 ], [ 140.7325596, -2.5087625 ], [ 140.732733, -2.5090819 ], [ 140.73294150000001, -2.5093703 ], [ 140.733375099999989, -2.5097195 ], [ 140.7345207, -2.5105342 ], [ 140.7349802, -2.5108058 ], [ 140.7356015, -2.5110903 ], [ 140.7366424, -2.5117435 ], [ 140.7370448, -2.5120666 ], [ 140.737400400000013, -2.5124992 ], [ 140.7380134, -2.5133614 ], [ 140.7385433, -2.5141416 ], [ 140.739109, -2.5153152 ], [ 140.739383299999986, -2.5160117 ], [ 140.7395754, -2.5167996 ], [ 140.7399215, -2.517552 ], [ 140.740475, -2.5185066 ], [ 140.7406303, -2.5190691 ], [ 140.7409345, -2.5196898 ], [ 140.7411869, -2.5200519 ], [ 140.741478199999989, -2.5203623 ], [ 140.7417824, -2.5209959 ], [ 140.742093, -2.5217072 ], [ 140.742368199999987, -2.5224802 ], [ 140.7423584, -2.5230715 ], [ 140.7422022, -2.5235659 ], [ 140.7420865, -2.5241836 ], [ 140.742106, -2.5249207 ], [ 140.742054200000013, -2.5255867 ], [ 140.741905300000013, -2.526091 ], [ 140.742054200000013, -2.5270027 ], [ 140.741989499999988, -2.5274359 ], [ 140.7420225, -2.5278458 ], [ 140.7422225, -2.5284769 ], [ 140.742559, -2.529117 ], [ 140.7425849, -2.5294532 ], [ 140.7428191, -2.5298386 ], [ 140.7431027, -2.5300933 ], [ 140.743413299999986, -2.5301256 ], [ 140.7438664, -2.5303261 ], [ 140.74425, -2.53075 ], [ 140.74625, -2.5325 ], [ 140.7468629, -2.5333003 ], [ 140.746804700000013, -2.5336301 ], [ 140.746983, -2.5339741 ], [ 140.7473419, -2.5339922 ], [ 140.74775, -2.53425 ], [ 140.7480344, -2.5346323 ], [ 140.7478471, -2.5348599 ], [ 140.7473807, -2.5347163 ], [ 140.7472383, -2.534781 ], [ 140.7470183, -2.5354146 ], [ 140.7469506, -2.5361013 ], [ 140.7470183, -2.5363069 ], [ 140.7472124, -2.5364621 ], [ 140.747593, -2.5367629 ], [ 140.747303, -2.5369664 ], [ 140.7471089, -2.5369987 ], [ 140.746652899999987, -2.5369375 ], [ 140.746258899999987, -2.5375129 ], [ 140.746170400000011, -2.5377617 ], [ 140.746306299999986, -2.5381755 ], [ 140.746, -2.53825 ], [ 140.745659100000012, -2.5379815 ], [ 140.7452255, -2.5375936 ], [ 140.745134900000011, -2.5373544 ], [ 140.7448307, -2.5371862 ], [ 140.74419, -2.5370246 ], [ 140.7432629, -2.536722 ], [ 140.7429214, -2.536572 ], [ 140.742604300000011, -2.5366043 ], [ 140.742584099999988, -2.5368211 ], [ 140.7423843, -2.5370311 ], [ 140.7421836, -2.5369987 ], [ 140.7420024, -2.5368759 ], [ 140.7419636, -2.5364685 ], [ 140.7418082, -2.5362867 ], [ 140.7415753, -2.536294 ], [ 140.74156880000001, -2.5365138 ], [ 140.7413536, -2.5366422 ], [ 140.7408245, -2.5365009 ], [ 140.740616499999987, -2.5366552 ], [ 140.739996100000013, -2.5369147 ], [ 140.7395042, -2.5366948 ], [ 140.7394071, -2.5363651 ], [ 140.7393212, -2.53625 ], [ 140.7390188, -2.5359771 ], [ 140.7384135, -2.5357802 ], [ 140.7382227, -2.5354534 ], [ 140.738055800000012, -2.535416 ], [ 140.7375, -2.53475 ], [ 140.7372454, -2.5345676 ], [ 140.7372195, -2.5342379 ], [ 140.7375237, -2.5342573 ], [ 140.7377244, -2.5340827 ], [ 140.73775, -2.53325 ], [ 140.7378943, -2.5326643 ], [ 140.73840340000001, -2.531907 ], [ 140.73825, -2.53075 ], [ 140.73817360000001, -2.5306803 ], [ 140.7375302, -2.5300933 ], [ 140.736915399999987, -2.5298993 ], [ 140.7363147, -2.5294547 ], [ 140.73596280000001, -2.5288211 ], [ 140.7358307, -2.5284666 ], [ 140.73575, -2.52825 ], [ 140.7352799, -2.5268599 ], [ 140.734, -2.526 ], [ 140.7337492, -2.5256616 ], [ 140.73354, -2.5253329 ], [ 140.7334463, -2.5251825 ], [ 140.7331529, -2.5244095 ], [ 140.73275, -2.52375 ], [ 140.73294580000001, -2.5224052 ], [ 140.73275, -2.522 ], [ 140.7326764, -2.5212371 ], [ 140.73225, -2.51975 ], [ 140.7322122, -2.5192891 ], [ 140.7317395, -2.5184677 ], [ 140.7314529, -2.5182771 ], [ 140.731254400000012, -2.5182152 ], [ 140.731188300000014, -2.5181946 ], [ 140.731097299999988, -2.5181662 ], [ 140.7306115, -2.5182771 ], [ 140.730398, -2.5184387 ], [ 140.73025, -2.51925 ], [ 140.73029360000001, -2.5195141 ], [ 140.730354299999988, -2.520358 ], [ 140.7298501, -2.5208205 ], [ 140.7293628, -2.5209503 ], [ 140.7286016, -2.521737 ], [ 140.7284474, -2.5225882 ], [ 140.7285197, -2.5230731 ], [ 140.7280154, -2.5232665 ], [ 140.727756199999988, -2.5235774 ], [ 140.7273643, -2.5246422 ], [ 140.7273995, -2.5249037 ], [ 140.7271596, -2.5251612 ], [ 140.727178, -2.5254946 ], [ 140.7268063, -2.5256721 ], [ 140.726713600000011, -2.5263211 ], [ 140.7262259, -2.5264858 ], [ 140.725864, -2.5264073 ], [ 140.7255021, -2.5264736 ], [ 140.7251201, -2.5264718 ], [ 140.7246877, -2.5264698 ], [ 140.7240942, -2.5267408 ], [ 140.7235154, -2.5274504 ], [ 140.723615200000012, -2.5278206 ], [ 140.7250458, -2.5288329 ], [ 140.72514480000001, -2.5290697 ], [ 140.725097299999987, -2.5299834 ], [ 140.7246443, -2.5309209 ], [ 140.72429120000001, -2.532 ], [ 140.724353, -2.5324856 ], [ 140.7247155, -2.5329318 ], [ 140.725402300000013, -2.5344215 ], [ 140.7253351, -2.5349632 ], [ 140.72520750000001, -2.5352207 ], [ 140.7247285, -2.5353679 ], [ 140.7242422, -2.5352778 ], [ 140.723667799999987, -2.5353872 ], [ 140.722701699999988, -2.5352929 ], [ 140.722, -2.535 ], [ 140.7216496, -2.5347924 ], [ 140.72125, -2.53475 ], [ 140.720634600000011, -2.5343004 ], [ 140.720333900000014, -2.5341538 ], [ 140.720061, -2.5341765 ], [ 140.7198679, -2.5341926 ], [ 140.719312300000013, -2.5345367 ], [ 140.7189488, -2.5347293 ], [ 140.718552, -2.5347661 ], [ 140.718353400000012, -2.5346143 ], [ 140.718291, -2.5346876 ], [ 140.7181266, -2.5348806 ], [ 140.7177709, -2.5352982 ], [ 140.7174532, -2.5355087 ], [ 140.7172888, -2.5355763 ], [ 140.7169166, -2.5355569 ], [ 140.7167742, -2.5356959 ], [ 140.7156553, -2.5370776 ], [ 140.7150332, -2.5377067 ], [ 140.71473850000001, -2.5377568 ], [ 140.7132978, -2.5381998 ], [ 140.7129474, -2.5383007 ], [ 140.7128217, -2.5382699 ], [ 140.712321800000012, -2.5384861 ], [ 140.7120019, -2.5387549 ], [ 140.7116969, -2.5390031 ], [ 140.7115806, -2.5393246 ], [ 140.7112574, -2.5391722 ], [ 140.7108361, -2.5389999 ], [ 140.7103313, -2.5386669 ], [ 140.7096905, -2.5380559 ], [ 140.7092374, -2.5377641 ], [ 140.7087168, -2.5375588 ], [ 140.7083691, -2.5376156 ], [ 140.7079463, -2.5378619 ], [ 140.707828400000011, -2.5378664 ], [ 140.7077871, -2.5378914 ], [ 140.7074215, -2.5381127 ], [ 140.707320399999986, -2.5381527 ], [ 140.7071664, -2.5383371 ], [ 140.7070661, -2.5384285 ], [ 140.706960400000014, -2.5385735 ], [ 140.707049899999987, -2.5387542 ], [ 140.7068363, -2.5388964 ], [ 140.706736, -2.5388285 ], [ 140.706556299999988, -2.5389598 ], [ 140.7064528, -2.5389177 ], [ 140.7063992, -2.5396548 ], [ 140.706452500000012, -2.5397031 ], [ 140.7065643, -2.5397138 ], [ 140.7065743, -2.5395645 ], [ 140.7066963, -2.539523 ], [ 140.7068708, -2.5398576 ], [ 140.7069036, -2.539866 ], [ 140.7069442, -2.5402134 ], [ 140.7069514, -2.541007 ], [ 140.7072413, -2.5409382 ], [ 140.7073205, -2.5412071 ], [ 140.707401299999987, -2.5411923 ], [ 140.7074687, -2.5414503 ], [ 140.7073998, -2.5414759 ], [ 140.7074801, -2.5417483 ], [ 140.70701360000001, -2.5418871 ], [ 140.7062368, -2.5421348 ], [ 140.7062531, -2.5421786 ], [ 140.706296400000014, -2.5422949 ], [ 140.7063327, -2.5424006 ], [ 140.706424700000014, -2.5424272 ], [ 140.7071554, -2.5422298 ], [ 140.707233800000012, -2.5422401 ], [ 140.7072595, -2.5423516 ], [ 140.707256699999988, -2.5424265 ], [ 140.7072399, -2.5426265 ], [ 140.7071622, -2.5428981 ], [ 140.7070663, -2.5429513 ], [ 140.7074811, -2.543928 ], [ 140.707349099999988, -2.5439917 ], [ 140.70746170000001, -2.5440534 ], [ 140.7075245, -2.5439086 ], [ 140.7078816, -2.5440419 ], [ 140.707867099999987, -2.5441109 ], [ 140.7079601, -2.5441374 ], [ 140.7079889, -2.5441158 ], [ 140.7081589, -2.5441799 ], [ 140.7081564, -2.5442719 ], [ 140.7088704, -2.5445241 ], [ 140.7091058, -2.5445563 ], [ 140.7093399, -2.5445459 ], [ 140.7097384, -2.5444473 ], [ 140.70999230000001, -2.5444755 ], [ 140.7102586, -2.544444 ], [ 140.7104103, -2.544383 ], [ 140.710431699999987, -2.5443207 ], [ 140.7105033, -2.544353 ], [ 140.710649600000011, -2.544419 ], [ 140.7107789, -2.5444772 ], [ 140.7109546, -2.5445551 ], [ 140.7110686, -2.5446622 ], [ 140.7110922, -2.5446368 ], [ 140.710980400000011, -2.5445367 ], [ 140.7110707, -2.5444361 ], [ 140.711466300000012, -2.5447905 ], [ 140.7118495, -2.5451339 ], [ 140.711914799999988, -2.5451923 ], [ 140.7118681, -2.5452443 ], [ 140.7118245, -2.5452929 ], [ 140.7120145, -2.5454332 ], [ 140.7120861, -2.5454373 ], [ 140.7121717, -2.5454161 ], [ 140.712269, -2.5453859 ], [ 140.71239, -2.5453023 ], [ 140.7123981, -2.5452798 ], [ 140.712482, -2.5452062 ], [ 140.712469700000014, -2.5451866 ], [ 140.712478, -2.5451733 ], [ 140.7123053, -2.5449748 ], [ 140.7133536, -2.5441126 ], [ 140.7135366, -2.5443051 ], [ 140.7137089, -2.5441628 ], [ 140.7139015, -2.544123 ], [ 140.7143467, -2.5459379 ], [ 140.7141541, -2.54599 ], [ 140.7141556, -2.5460285 ], [ 140.714113200000014, -2.5460836 ], [ 140.714110799999986, -2.5461619 ], [ 140.714089300000012, -2.546171 ], [ 140.7140942, -2.5464009 ], [ 140.7141795, -2.546556 ], [ 140.7141432, -2.5466003 ], [ 140.714183100000014, -2.546654 ], [ 140.714304, -2.5467837 ], [ 140.714391, -2.5468242 ], [ 140.714614, -2.547017 ], [ 140.7147354, -2.5471149 ], [ 140.71482610000001, -2.5470671 ], [ 140.7149789, -2.5473117 ], [ 140.715025200000014, -2.5473239 ], [ 140.715044299999988, -2.5474294 ], [ 140.7151697, -2.5474329 ], [ 140.7151553, -2.5475987 ], [ 140.7151714, -2.5476102 ], [ 140.7151767, -2.547614 ], [ 140.7151823, -2.547618 ], [ 140.715275, -2.5476763 ], [ 140.715631, -2.5477054 ], [ 140.7163785, -2.5474758 ], [ 140.7167603, -2.5474176 ], [ 140.716961700000013, -2.5474424 ], [ 140.7170615, -2.5474547 ], [ 140.7170988, -2.5474655 ], [ 140.7172457, -2.5475082 ], [ 140.7174464, -2.5474661 ], [ 140.7178088, -2.547298 ], [ 140.71799, -2.5474823 ], [ 140.7181618, -2.5475726 ], [ 140.7181693, -2.5475765 ], [ 140.7181797, -2.547582 ], [ 140.7183762, -2.5476853 ], [ 140.718394499999988, -2.5486396 ], [ 140.71825, -2.5495 ], [ 140.7180865, -2.5499246 ], [ 140.717601699999989, -2.5502431 ], [ 140.7172037, -2.5504112 ], [ 140.7170872, -2.5508832 ], [ 140.7170121, -2.5513642 ], [ 140.7169634, -2.5514038 ], [ 140.7169563, -2.5514195 ], [ 140.716953, -2.5514266 ], [ 140.7165574, -2.5517823 ], [ 140.716469100000012, -2.5520891 ], [ 140.7165, -2.55225 ], [ 140.716239300000012, -2.5524221 ], [ 140.716093699999988, -2.5523218 ], [ 140.7158607, -2.5523121 ], [ 140.7158154, -2.5522022 ], [ 140.7156683, -2.552083 ], [ 140.7154821, -2.552393 ], [ 140.7154239, -2.5525158 ], [ 140.7152944, -2.5524964 ], [ 140.7152621, -2.5526196 ], [ 140.715385, -2.5526419 ], [ 140.715407699999986, -2.553088 ], [ 140.71625, -2.554 ], [ 140.7166665, -2.5538186 ], [ 140.717, -2.5535 ], [ 140.7176284, -2.5537095 ], [ 140.71775, -2.55375 ], [ 140.7179318, -2.554462 ], [ 140.7180515, -2.5548047 ], [ 140.7182362, -2.555111 ], [ 140.718401, -2.5554027 ], [ 140.7185938, -2.5554914 ], [ 140.7188023, -2.5554448 ], [ 140.7192621, -2.5552953 ], [ 140.71975, -2.55675 ], [ 140.7192968, -2.5579561 ], [ 140.7189119, -2.5582195 ], [ 140.718390699999986, -2.5582716 ], [ 140.718164800000011, -2.558378 ], [ 140.718006300000013, -2.5585459 ], [ 140.7179285, -2.5588385 ], [ 140.71787040000001, -2.5593263 ], [ 140.7178615, -2.5594015 ], [ 140.7178278, -2.5596843 ], [ 140.7178873, -2.5601415 ], [ 140.717390099999989, -2.5614233 ], [ 140.7173415, -2.5615486 ], [ 140.7169662, -2.5622631 ], [ 140.7168187, -2.5624507 ], [ 140.716882, -2.5625827 ], [ 140.7167523, -2.5628389 ], [ 140.7165784, -2.5630584 ], [ 140.7169481, -2.5634181 ], [ 140.71635710000001, -2.5638733 ], [ 140.7161539, -2.5636597 ], [ 140.715967799999987, -2.5634639 ], [ 140.7155921, -2.5636686 ], [ 140.7151749, -2.5632729 ], [ 140.71468440000001, -2.5638728 ], [ 140.714046200000013, -2.564943 ], [ 140.7140478, -2.5653455 ], [ 140.713256199999989, -2.5658384 ], [ 140.7128961, -2.5664932 ], [ 140.712951299999986, -2.5671 ], [ 140.7129435, -2.5673533 ], [ 140.7128674, -2.5674621 ], [ 140.7128456, -2.5674932 ], [ 140.712464, -2.5678444 ], [ 140.7119654, -2.5679877 ], [ 140.7113233, -2.5682811 ], [ 140.711123, -2.5683615 ], [ 140.7109356, -2.5685885 ], [ 140.7105205, -2.569065 ], [ 140.7098344, -2.5699733 ], [ 140.7094097, -2.5710101 ], [ 140.7092309, -2.5714811 ], [ 140.7089738, -2.5737397 ], [ 140.709035300000011, -2.5755205 ], [ 140.708965, -2.5782093 ], [ 140.7097761, -2.5804015 ], [ 140.710129200000011, -2.5814432 ], [ 140.710532199999989, -2.582569 ], [ 140.710771200000011, -2.5830876 ], [ 140.710968, -2.5832735 ], [ 140.7111052, -2.5833821 ], [ 140.7111783, -2.5835872 ], [ 140.7111059, -2.5837289 ], [ 140.7116785, -2.5849569 ], [ 140.71333820000001, -2.587693 ], [ 140.7138641, -2.5887028 ], [ 140.714280800000012, -2.5884981 ], [ 140.7145813, -2.5889212 ], [ 140.7147412, -2.5892596 ], [ 140.7149397, -2.5893272 ], [ 140.7149934, -2.5894183 ], [ 140.715004099999987, -2.5895415 ], [ 140.7150685, -2.589638 ], [ 140.715111400000012, -2.5897827 ], [ 140.7152508, -2.5898202 ], [ 140.7153313, -2.5899435 ], [ 140.7153581, -2.5900506 ], [ 140.71548150000001, -2.5900453 ], [ 140.715562, -2.5899702 ], [ 140.71568, -2.589997 ], [ 140.7158517, -2.5900774 ], [ 140.71602870000001, -2.5901632 ], [ 140.7160501, -2.5902703 ], [ 140.716136, -2.5903079 ], [ 140.7162969, -2.5903882 ], [ 140.7163452, -2.5904901 ], [ 140.716447100000011, -2.5906669 ], [ 140.7165812, -2.5906991 ], [ 140.7166617, -2.590892 ], [ 140.7167743, -2.5910849 ], [ 140.716940599999987, -2.5913207 ], [ 140.7170855, -2.5913904 ], [ 140.717149799999987, -2.5914922 ], [ 140.717042600000013, -2.591669 ], [ 140.7170992, -2.5919129 ], [ 140.7170133, -2.5918914 ], [ 140.7168709, -2.5918405 ], [ 140.71681190000001, -2.5918459 ], [ 140.716651, -2.5919263 ], [ 140.7164608, -2.5919718 ], [ 140.716313, -2.5920174 ], [ 140.7161735, -2.5921031 ], [ 140.71602870000001, -2.5922317 ], [ 140.7159804, -2.5924246 ], [ 140.716023299999989, -2.5925586 ], [ 140.7160662, -2.5926926 ], [ 140.7160931, -2.5927837 ], [ 140.716082300000011, -2.5929391 ], [ 140.7160716, -2.5931963 ], [ 140.7160877, -2.5934107 ], [ 140.716074600000013, -2.5935366 ], [ 140.7160072, -2.5935393 ], [ 140.7158653, -2.5935098 ], [ 140.715763399999986, -2.5934616 ], [ 140.71569070000001, -2.5934696 ], [ 140.7156156, -2.5935554 ], [ 140.715583400000014, -2.5936733 ], [ 140.71568, -2.5938072 ], [ 140.7158034, -2.5939359 ], [ 140.7158195, -2.5939948 ], [ 140.7157336, -2.5940859 ], [ 140.7155435, -2.5940939 ], [ 140.715374200000014, -2.594027 ], [ 140.7152508, -2.5939412 ], [ 140.715168, -2.5937938 ], [ 140.715055299999989, -2.5937188 ], [ 140.714800200000013, -2.5936304 ], [ 140.714746600000012, -2.5935071 ], [ 140.7145993, -2.5933758 ], [ 140.7144623, -2.5932553 ], [ 140.7144384, -2.5931133 ], [ 140.7143604, -2.5929712 ], [ 140.714194099999986, -2.5928212 ], [ 140.7140278, -2.5927837 ], [ 140.71390310000001, -2.5927952 ], [ 140.7138349, -2.5928373 ], [ 140.713713899999988, -2.5928964 ], [ 140.713609600000012, -2.5929686 ], [ 140.7134809, -2.5930838 ], [ 140.71334920000001, -2.5931402 ], [ 140.7130836, -2.593108 ], [ 140.7129871, -2.5930759 ], [ 140.712931, -2.5930275 ], [ 140.7128959, -2.5929446 ], [ 140.7128908, -2.5928748 ], [ 140.7128664, -2.5927999 ], [ 140.7128717, -2.5926632 ], [ 140.7127323, -2.5924114 ], [ 140.712617, -2.5923016 ], [ 140.712617, -2.5921703 ], [ 140.712734899999987, -2.5920441 ], [ 140.713089, -2.5919343 ], [ 140.7133572, -2.5918003 ], [ 140.713604, -2.5916074 ], [ 140.7137219, -2.5915404 ], [ 140.7139044, -2.5914654 ], [ 140.713909699999988, -2.5913475 ], [ 140.7138, -2.5912323 ], [ 140.713695199999989, -2.591176 ], [ 140.7135479, -2.5911465 ], [ 140.7133762, -2.5911305 ], [ 140.7131641, -2.5910956 ], [ 140.7130353, -2.5910742 ], [ 140.712912, -2.5910903 ], [ 140.712734899999987, -2.5911599 ], [ 140.712633, -2.5912403 ], [ 140.7125072, -2.5912376 ], [ 140.7123111, -2.5911867 ], [ 140.7122521, -2.5911546 ], [ 140.712083400000012, -2.5911465 ], [ 140.711817599999989, -2.5911599 ], [ 140.711581599999988, -2.5911706 ], [ 140.7114367, -2.5912296 ], [ 140.711308, -2.5912617 ], [ 140.7112007, -2.5912725 ], [ 140.711270399999989, -2.5911492 ], [ 140.7113455, -2.5910528 ], [ 140.7115226, -2.5909616 ], [ 140.711608399999989, -2.5908866 ], [ 140.711603, -2.5907205 ], [ 140.7116781, -2.5907151 ], [ 140.7117318, -2.5907151 ], [ 140.7118283, -2.5906615 ], [ 140.7118391, -2.5905651 ], [ 140.7118444, -2.5904793 ], [ 140.711903400000011, -2.5903882 ], [ 140.71200540000001, -2.5903614 ], [ 140.712155599999988, -2.5903882 ], [ 140.7122092, -2.5903454 ], [ 140.712338, -2.5902811 ], [ 140.7125096, -2.590206 ], [ 140.7126706, -2.5901471 ], [ 140.7129334, -2.5901417 ], [ 140.7131909, -2.5900935 ], [ 140.7133197, -2.5900774 ], [ 140.7133304, -2.589997 ], [ 140.7133304, -2.5899435 ], [ 140.7134108, -2.5899167 ], [ 140.7135342, -2.589997 ], [ 140.713700499999987, -2.5900185 ], [ 140.7138132, -2.5900131 ], [ 140.713829299999986, -2.5899435 ], [ 140.713829299999986, -2.5897934 ], [ 140.713727299999988, -2.5896594 ], [ 140.7127151, -2.5878003 ], [ 140.711117300000012, -2.5847651 ], [ 140.7099778, -2.5827121 ], [ 140.709692100000012, -2.5820023 ], [ 140.7093707, -2.580918 ], [ 140.7087788, -2.5790526 ], [ 140.7082021, -2.5776315 ], [ 140.7079285, -2.5776583 ], [ 140.7075423, -2.5777708 ], [ 140.707220400000011, -2.5778565 ], [ 140.7069549, -2.577953 ], [ 140.706533799999988, -2.5782183 ], [ 140.70624140000001, -2.5782719 ], [ 140.7060081, -2.5781995 ], [ 140.704980799999987, -2.5778753 ], [ 140.7041198, -2.5776502 ], [ 140.7043236, -2.5769321 ], [ 140.7052103, -2.5757624 ], [ 140.704118099999988, -2.5753888 ], [ 140.704146, -2.5745443 ], [ 140.7031724, -2.574368 ], [ 140.7030047, -2.5729815 ], [ 140.702891, -2.5729308 ], [ 140.702745, -2.5728958 ], [ 140.702056, -2.5749355 ], [ 140.7013828, -2.5753026 ], [ 140.7008619, -2.5752302 ], [ 140.699886099999986, -2.5750496 ], [ 140.6993492, -2.5748947 ], [ 140.698725200000013, -2.5751662 ], [ 140.698134900000014, -2.5750424 ], [ 140.697262, -2.5748743 ], [ 140.6969541, -2.5746828 ], [ 140.697416299999986, -2.5736777 ], [ 140.697102300000012, -2.5733038 ], [ 140.696758499999987, -2.5731604 ], [ 140.6959575, -2.5735178 ], [ 140.6952176, -2.5734711 ], [ 140.6950029, -2.5737535 ], [ 140.6944538, -2.5740302 ], [ 140.694042700000011, -2.5742356 ], [ 140.693473899999987, -2.5741902 ], [ 140.6932639, -2.5745062 ], [ 140.693829, -2.574822 ], [ 140.6940309, -2.574846 ], [ 140.6942728, -2.5747578 ], [ 140.6949606, -2.5751016 ], [ 140.695414, -2.5750939 ], [ 140.695767499999988, -2.5759927 ], [ 140.696087299999988, -2.5761928 ], [ 140.6962562, -2.5761674 ], [ 140.6964755, -2.57641 ], [ 140.696559400000012, -2.5767518 ], [ 140.697031399999986, -2.5770672 ], [ 140.6970935, -2.5768643 ], [ 140.6974396, -2.576817 ], [ 140.697879300000011, -2.5770006 ], [ 140.698973099999989, -2.5775119 ], [ 140.699204900000012, -2.5774846 ], [ 140.6996227, -2.5778047 ], [ 140.7000156, -2.5780656 ], [ 140.7002443, -2.5785514 ], [ 140.7000735, -2.5786565 ], [ 140.6997134, -2.579376 ], [ 140.6998264, -2.5800375 ], [ 140.700337100000013, -2.5806028 ], [ 140.7004078, -2.5810589 ], [ 140.699904299999986, -2.5814743 ], [ 140.7006151, -2.5818741 ], [ 140.7004867, -2.5823341 ], [ 140.700661700000012, -2.5827146 ], [ 140.700801, -2.5830374 ], [ 140.701057600000013, -2.5831527 ], [ 140.701319, -2.5834089 ], [ 140.7011815, -2.5837302 ], [ 140.7010357, -2.5841608 ], [ 140.7001812, -2.5846252 ], [ 140.6998845, -2.5845854 ], [ 140.6995, -2.58475 ], [ 140.699030099999987, -2.5846252 ], [ 140.6984602, -2.5846636 ], [ 140.6984271, -2.5850775 ], [ 140.6987201, -2.5853992 ], [ 140.69875110000001, -2.5856424 ], [ 140.6990079, -2.5856867 ], [ 140.699263300000013, -2.5858917 ], [ 140.6997384, -2.5859034 ], [ 140.70025, -2.586 ], [ 140.7005708, -2.5859874 ], [ 140.7007567, -2.5863147 ], [ 140.7008763, -2.5869935 ], [ 140.7004203, -2.5875354 ], [ 140.6997163, -2.5875797 ], [ 140.7000129, -2.5880662 ], [ 140.6995, -2.58825 ], [ 140.6989902, -2.588106 ], [ 140.6985917, -2.5881679 ], [ 140.6980797, -2.5876371 ], [ 140.6967435, -2.5880286 ], [ 140.6962098, -2.5883183 ], [ 140.6963116, -2.5887296 ], [ 140.696537400000011, -2.5888269 ], [ 140.6970289, -2.589424 ], [ 140.696958099999989, -2.5895752 ], [ 140.6962585, -2.5894152 ], [ 140.6957169, -2.5896504 ], [ 140.6953775, -2.5901272 ], [ 140.6950675, -2.590167 ], [ 140.694677899999988, -2.5904855 ], [ 140.693617499999988, -2.5908585 ], [ 140.6933099, -2.5913966 ], [ 140.6931505, -2.5919469 ], [ 140.6932921, -2.5921308 ], [ 140.6934515, -2.5921883 ], [ 140.693739099999988, -2.5924935 ], [ 140.693624199999988, -2.5926881 ], [ 140.6933276, -2.5927677 ], [ 140.6925262, -2.5927987 ], [ 140.692079, -2.5924758 ], [ 140.6916948, -2.5924844 ], [ 140.6912254, -2.5926558 ], [ 140.6908985, -2.5929956 ], [ 140.6905472, -2.5935019 ], [ 140.6903504, -2.5941658 ], [ 140.6902196, -2.5943694 ], [ 140.69008310000001, -2.5943617 ], [ 140.6899735, -2.5944828 ], [ 140.689838900000012, -2.5946672 ], [ 140.6897735, -2.5948439 ], [ 140.6896677, -2.5948862 ], [ 140.6895927, -2.5949707 ], [ 140.6895466, -2.5951914 ], [ 140.68962350000001, -2.5954414 ], [ 140.6897635, -2.5956337 ], [ 140.690046599999988, -2.5957737 ], [ 140.690186899999986, -2.5958506 ], [ 140.690343500000012, -2.5958416 ], [ 140.6906648, -2.5957894 ], [ 140.6907862, -2.5957266 ], [ 140.69089360000001, -2.5957252 ], [ 140.691009799999989, -2.5956988 ], [ 140.691050100000012, -2.5957159 ], [ 140.6910863, -2.5957078 ], [ 140.6911493, -2.5957614 ], [ 140.6910464, -2.5959716 ], [ 140.690996399999989, -2.5960907 ], [ 140.6909983, -2.5961656 ], [ 140.691031, -2.5962232 ], [ 140.6911848, -2.5963942 ], [ 140.6913041, -2.5965959 ], [ 140.6913041, -2.5968899 ], [ 140.6911964, -2.5971031 ], [ 140.6909406, -2.5973029 ], [ 140.6906271, -2.5973721 ], [ 140.690573300000011, -2.5974988 ], [ 140.6905444, -2.5977159 ], [ 140.6904964, -2.59791 ], [ 140.690546399999988, -2.5980348 ], [ 140.6905925, -2.5980771 ], [ 140.690667499999989, -2.5980963 ], [ 140.6908483, -2.5989032 ], [ 140.6909233, -2.599103 ], [ 140.691142500000012, -2.5991087 ], [ 140.691352099999989, -2.5992048 ], [ 140.6914329, -2.5992528 ], [ 140.6915118, -2.5992509 ], [ 140.6915541, -2.5992259 ], [ 140.6915964, -2.5993008 ], [ 140.6917502, -2.5994123 ], [ 140.6921079, -2.5996851 ], [ 140.692206, -2.5997811 ], [ 140.6923214, -2.5998445 ], [ 140.6924214, -2.5997984 ], [ 140.6925406, -2.5998042 ], [ 140.6930945, -2.6000578 ], [ 140.69328680000001, -2.6000213 ], [ 140.693538, -2.6000798 ], [ 140.6935887, -2.6001961 ], [ 140.6936861, -2.600268 ], [ 140.693844399999989, -2.600344 ], [ 140.6938983, -2.6005338 ], [ 140.6940028, -2.6006731 ], [ 140.694034499999987, -2.6007933 ], [ 140.6941105, -2.600923 ], [ 140.694226500000013, -2.6010333 ], [ 140.6942872, -2.6011021 ], [ 140.6943176, -2.6011733 ], [ 140.6942195, -2.6013576 ], [ 140.694130800000011, -2.6013774 ], [ 140.6940993, -2.6014357 ], [ 140.694050299999986, -2.6015717 ], [ 140.6939553, -2.6017331 ], [ 140.6939205, -2.6019705 ], [ 140.6939363, -2.6022584 ], [ 140.693987, -2.6022901 ], [ 140.6940218, -2.6023913 ], [ 140.694018699999987, -2.602597 ], [ 140.6939711, -2.6026951 ], [ 140.69404080000001, -2.6028312 ], [ 140.6941074, -2.6030622 ], [ 140.694158, -2.6031191 ], [ 140.6941929, -2.6032679 ], [ 140.69412, -2.6033881 ], [ 140.694082, -2.6035337 ], [ 140.6940693, -2.6036634 ], [ 140.694101, -2.6038469 ], [ 140.694006, -2.604002 ], [ 140.6939711, -2.6041539 ], [ 140.693993299999988, -2.6043184 ], [ 140.6936612, -2.6044663 ], [ 140.6935987, -2.6048133 ], [ 140.693558700000011, -2.6048752 ], [ 140.6934388, -2.6048684 ], [ 140.6933267, -2.6047986 ], [ 140.6928378, -2.6049014 ], [ 140.6919446, -2.605096 ], [ 140.6911543, -2.6052539 ], [ 140.6904963, -2.6053935 ], [ 140.6903934, -2.6054997 ], [ 140.69008310000001, -2.6056167 ], [ 140.6900004, -2.6055561 ], [ 140.6899085, -2.6055414 ], [ 140.6898589, -2.6056662 ], [ 140.6898516, -2.6058113 ], [ 140.689765200000011, -2.6058994 ], [ 140.6896604, -2.6059453 ], [ 140.6895312, -2.6061983 ], [ 140.6893737, -2.6062703 ], [ 140.689206500000012, -2.606307 ], [ 140.6891458, -2.6066008 ], [ 140.689144, -2.6067458 ], [ 140.6892157, -2.6068615 ], [ 140.689355299999988, -2.6073168 ], [ 140.6895208, -2.6074839 ], [ 140.689629200000013, -2.6074986 ], [ 140.6896984, -2.6075496 ], [ 140.6897045, -2.6078162 ], [ 140.6897854, -2.6080071 ], [ 140.6897957, -2.608229 ], [ 140.6898295, -2.6083817 ], [ 140.6899233, -2.608624 ], [ 140.689985299999989, -2.609022 ], [ 140.6896604, -2.6091279 ], [ 140.6892991, -2.6090734 ], [ 140.689150899999987, -2.6092707 ], [ 140.68902030000001, -2.6095026 ], [ 140.6889172, -2.609943 ], [ 140.688861800000012, -2.6104514 ], [ 140.688693699999988, -2.6106908 ], [ 140.6885663, -2.6109635 ], [ 140.688597499999986, -2.6112569 ], [ 140.6885586, -2.6114386 ], [ 140.6884546, -2.611597 ], [ 140.6882492, -2.6116671 ], [ 140.688142699999986, -2.6117891 ], [ 140.6880777, -2.6120488 ], [ 140.6879189, -2.6122604 ], [ 140.687628600000011, -2.6125015 ], [ 140.6873268, -2.6126403 ], [ 140.6872179, -2.6126236 ], [ 140.6870695, -2.6124384 ], [ 140.6868159, -2.6124641 ], [ 140.6866321, -2.6125742 ], [ 140.6865331, -2.6127277 ], [ 140.6864704, -2.6129194 ], [ 140.68645140000001, -2.6131641 ], [ 140.6864424, -2.6132237 ], [ 140.686440299999987, -2.6132376 ], [ 140.686457499999989, -2.6133192 ], [ 140.6869027, -2.613295 ], [ 140.6871226, -2.6133995 ], [ 140.686975100000012, -2.6134585 ], [ 140.6867866, -2.6135422 ], [ 140.6866072, -2.6136747 ], [ 140.6865175, -2.6137076 ], [ 140.6865157, -2.6138141 ], [ 140.6866072, -2.6138409 ], [ 140.6868601, -2.6140522 ], [ 140.686939200000012, -2.6142808 ], [ 140.6870341, -2.6143483 ], [ 140.687099100000012, -2.6144451 ], [ 140.6870185, -2.6145145 ], [ 140.6869288, -2.6145366 ], [ 140.686882, -2.6146768 ], [ 140.6868548, -2.6147534 ], [ 140.6869366, -2.6148741 ], [ 140.687069799999989, -2.6149614 ], [ 140.6873362, -2.6152071 ], [ 140.687508900000012, -2.6153172 ], [ 140.6876862, -2.6153404 ], [ 140.6878213, -2.6155624 ], [ 140.687920100000014, -2.6157818 ], [ 140.68827970000001, -2.6157155 ], [ 140.6884856, -2.6158624 ], [ 140.6886161, -2.6159542 ], [ 140.6886436, -2.6160754 ], [ 140.6886528, -2.6161892 ], [ 140.6887539, -2.616281 ], [ 140.6888973, -2.6163545 ], [ 140.6891527, -2.6164187 ], [ 140.6891858, -2.616494 ], [ 140.6892171, -2.6166152 ], [ 140.6893714, -2.616707 ], [ 140.68959, -2.61675 ], [ 140.6898089, -2.6168777 ], [ 140.689989, -2.6169108 ], [ 140.6900882, -2.6168116 ], [ 140.690136, -2.6167106 ], [ 140.690257300000013, -2.6166978 ], [ 140.6903988, -2.6167198 ], [ 140.69054220000001, -2.616874 ], [ 140.6907756, -2.6169879 ], [ 140.690955699999989, -2.617177 ], [ 140.6911763, -2.6173147 ], [ 140.6916431, -2.617311 ], [ 140.6919155, -2.6173241 ], [ 140.6931964, -2.6176143 ], [ 140.6947549, -2.6177097 ], [ 140.6953724, -2.6177024 ], [ 140.6957988, -2.6177905 ], [ 140.6964752, -2.6178346 ], [ 140.6973169, -2.6179007 ], [ 140.6975448, -2.6180659 ], [ 140.697933799999987, -2.6182463 ], [ 140.6985814, -2.6186975 ], [ 140.698621800000012, -2.6188774 ], [ 140.6990845, -2.6190407 ], [ 140.69922840000001, -2.6189545 ], [ 140.6992945, -2.6189802 ], [ 140.6994085, -2.6190794 ], [ 140.699581200000011, -2.6190096 ], [ 140.7001948, -2.618761 ], [ 140.7003384, -2.6188884 ], [ 140.7005149, -2.6189251 ], [ 140.7006509, -2.6189178 ], [ 140.700805300000013, -2.6188113 ], [ 140.7011838, -2.6185848 ], [ 140.7015551, -2.6184221 ], [ 140.7018051, -2.6181577 ], [ 140.702095500000013, -2.6178309 ], [ 140.702125, -2.6176065 ], [ 140.7029152, -2.6171296 ], [ 140.703485300000011, -2.6167573 ], [ 140.703834199999989, -2.6168046 ], [ 140.7042293, -2.616789 ], [ 140.70469460000001, -2.6168462 ], [ 140.7047959, -2.6167994 ], [ 140.7048969, -2.6167293 ], [ 140.7050221, -2.6167475 ], [ 140.7052196, -2.6168981 ], [ 140.7053781, -2.6170097 ], [ 140.705565299999989, -2.6170669 ], [ 140.70569, -2.6170435 ], [ 140.7059344, -2.6171629 ], [ 140.706150799999989, -2.617237 ], [ 140.7062463, -2.6173551 ], [ 140.7063164, -2.6176121 ], [ 140.7065634, -2.6179341 ], [ 140.7068337, -2.6179678 ], [ 140.707044200000013, -2.6180509 ], [ 140.7072028, -2.6181496 ], [ 140.7073743, -2.6181885 ], [ 140.7075251, -2.6183028 ], [ 140.707491299999987, -2.6183521 ], [ 140.707353500000011, -2.6184248 ], [ 140.7069974, -2.6185364 ], [ 140.706862300000012, -2.6185027 ], [ 140.706776499999989, -2.6185365 ], [ 140.7066777, -2.6184897 ], [ 140.7065634, -2.6185027 ], [ 140.7063736, -2.6185676 ], [ 140.706280099999987, -2.6186819 ], [ 140.706056499999988, -2.6187182 ], [ 140.705674499999986, -2.6188428 ], [ 140.7054015, -2.6189597 ], [ 140.7051798, -2.6191298 ], [ 140.7048207, -2.6190147 ], [ 140.704460399999988, -2.6190147 ], [ 140.703695900000014, -2.6192351 ], [ 140.7023749, -2.6192644 ], [ 140.70163740000001, -2.619896 ], [ 140.7012353, -2.6205147 ], [ 140.7004915, -2.6206647 ], [ 140.6999576, -2.6206809 ], [ 140.69875, -2.621 ], [ 140.6984823, -2.6209331 ], [ 140.69775, -2.62075 ], [ 140.6974875, -2.6216246 ], [ 140.697402899999986, -2.6218559 ], [ 140.6971199, -2.6219367 ], [ 140.6970881, -2.62225 ], [ 140.6973331, -2.6227299 ], [ 140.6976392, -2.6231242 ], [ 140.698224900000014, -2.6244106 ], [ 140.6988644, -2.6249607 ], [ 140.6990188, -2.6249632 ], [ 140.6994942, -2.6253107 ], [ 140.6996221, -2.6258795 ], [ 140.6998175, -2.6259174 ], [ 140.6999592, -2.6260839 ], [ 140.7002975, -2.6260817 ], [ 140.7010166, -2.625908 ], [ 140.7012368, -2.6259995 ], [ 140.701392700000014, -2.6258017 ], [ 140.7017715, -2.6258936 ], [ 140.7019689, -2.6260495 ], [ 140.701957599999986, -2.6261006 ], [ 140.7026947, -2.6264652 ], [ 140.703, -2.6265 ], [ 140.703562799999986, -2.6268999 ], [ 140.7040289, -2.6273749 ], [ 140.70425, -2.6275 ], [ 140.705, -2.628 ], [ 140.705308, -2.6282756 ], [ 140.7055417, -2.6284574 ], [ 140.7059322, -2.6282616 ], [ 140.7056146, -2.6286391 ], [ 140.706125, -2.6288312 ], [ 140.707236599999987, -2.6283523 ], [ 140.707627800000012, -2.6280757 ], [ 140.7077734, -2.6277522 ], [ 140.7084018, -2.6276269 ], [ 140.709004599999986, -2.6276732 ], [ 140.7096315, -2.6279795 ], [ 140.71025, -2.628 ], [ 140.710701300000011, -2.6282732 ], [ 140.7111442, -2.6289618 ], [ 140.7115147, -2.6292805 ], [ 140.712339500000013, -2.6295646 ], [ 140.7127049, -2.6299156 ], [ 140.713394599999987, -2.6301474 ], [ 140.7143659, -2.6301514 ], [ 140.7145424, -2.6298481 ], [ 140.715145400000011, -2.6293089 ], [ 140.7154472, -2.6293402 ], [ 140.7157483, -2.6291093 ], [ 140.7159766, -2.6291466 ], [ 140.716171300000013, -2.629275 ], [ 140.71656440000001, -2.6293392 ], [ 140.7186921, -2.6288572 ], [ 140.7193263, -2.6293815 ], [ 140.720325699999989, -2.6298886 ], [ 140.7206086, -2.6300533 ], [ 140.7208689, -2.6301445 ], [ 140.7211103, -2.6302892 ], [ 140.7212913, -2.6304106 ], [ 140.721305300000012, -2.6304186 ], [ 140.7213135, -2.6304255 ], [ 140.7214428, -2.6305196 ], [ 140.721585, -2.6307312 ], [ 140.7217386, -2.6310099 ], [ 140.7223213, -2.6315525 ], [ 140.723072300000013, -2.632233 ], [ 140.7232184, -2.6324295 ], [ 140.72394220000001, -2.6327607 ], [ 140.725877, -2.6340487 ], [ 140.7273706, -2.6341052 ], [ 140.728817600000013, -2.633988 ], [ 140.7292108, -2.6337529 ], [ 140.7302325, -2.6335505 ], [ 140.731998299999987, -2.6337825 ], [ 140.7335816, -2.6334893 ], [ 140.734670599999987, -2.632175 ], [ 140.7356996, -2.629425 ], [ 140.7373498, -2.6276822 ], [ 140.7359571, -2.625709 ], [ 140.734113799999989, -2.6236822 ], [ 140.7334658, -2.6227874 ], [ 140.7335977, -2.6210544 ], [ 140.732989300000014, -2.6196107 ], [ 140.733, -2.61875 ], [ 140.73, -2.616 ], [ 140.729952200000014, -2.6154562 ], [ 140.7293176, -2.614943 ], [ 140.728532300000012, -2.6143755 ], [ 140.7278949, -2.613693 ], [ 140.7245, -2.61325 ], [ 140.72325, -2.612 ], [ 140.72275, -2.60925 ], [ 140.7214736, -2.6078459 ], [ 140.7212396, -2.6080412 ], [ 140.721487599999989, -2.6083973 ], [ 140.720886299999989, -2.608815 ], [ 140.7198268, -2.6072931 ], [ 140.7204281, -2.6068754 ], [ 140.7210403, -2.6077549 ], [ 140.721218, -2.6075648 ], [ 140.720728, -2.6070198 ], [ 140.7207951, -2.6069502 ], [ 140.7206926, -2.6068349 ], [ 140.7205832, -2.6068189 ], [ 140.7198214, -2.6064705 ], [ 140.7194835, -2.6062401 ], [ 140.719386899999989, -2.6062026 ], [ 140.7191831, -2.6061865 ], [ 140.7189739, -2.606208 ], [ 140.7188773, -2.6061865 ], [ 140.7185876, -2.6060579 ], [ 140.71796, -2.6059239 ], [ 140.7174504, -2.6057578 ], [ 140.717010499999986, -2.6054524 ], [ 140.716828099999987, -2.6053613 ], [ 140.7165116, -2.605104 ], [ 140.71612, -2.6049325 ], [ 140.7159859, -2.6047825 ], [ 140.7158035, -2.604686 ], [ 140.7155621, -2.6043484 ], [ 140.7153583, -2.6043056 ], [ 140.7149559, -2.6043913 ], [ 140.714741299999986, -2.6043806 ], [ 140.7141298, -2.604193 ], [ 140.713850900000011, -2.6040751 ], [ 140.713330500000012, -2.6040591 ], [ 140.713223199999987, -2.6040323 ], [ 140.713132, -2.6040055 ], [ 140.7130784, -2.6037054 ], [ 140.7129979, -2.6036196 ], [ 140.712804799999986, -2.6035553 ], [ 140.7127887, -2.6039626 ], [ 140.7127351, -2.6040537 ], [ 140.7125258, -2.6040269 ], [ 140.712021600000014, -2.6038072 ], [ 140.7119411, -2.6037429 ], [ 140.711817700000012, -2.603566 ], [ 140.7116407, -2.6034374 ], [ 140.711292, -2.602923 ], [ 140.7110989, -2.6022477 ], [ 140.711115, -2.6021513 ], [ 140.7113832, -2.6018565 ], [ 140.7115602, -2.6017976 ], [ 140.71191970000001, -2.6018887 ], [ 140.711860699999988, -2.6014921 ], [ 140.7117963, -2.6014118 ], [ 140.711689, -2.6013957 ], [ 140.7113779, -2.6014332 ], [ 140.7111794, -2.6013796 ], [ 140.7110935, -2.601326 ], [ 140.71082530000001, -2.6010313 ], [ 140.7107449, -2.6007365 ], [ 140.7107073, -2.6004311 ], [ 140.7108146, -2.6001524 ], [ 140.711029200000013, -2.5999327 ], [ 140.7110667, -2.5998309 ], [ 140.7110774, -2.5994183 ], [ 140.711109599999986, -2.5992146 ], [ 140.711211600000013, -2.5990485 ], [ 140.7112277, -2.5989467 ], [ 140.7112062, -2.5988502 ], [ 140.711265200000014, -2.5987698 ], [ 140.7118338, -2.5986144 ], [ 140.7119411, -2.5984429 ], [ 140.712026900000012, -2.5983947 ], [ 140.712043, -2.5981964 ], [ 140.711925, -2.5980249 ], [ 140.711914299999989, -2.5979178 ], [ 140.7118553, -2.5978374 ], [ 140.7117587, -2.5977838 ], [ 140.711715700000013, -2.5976824 ], [ 140.7115035, -2.5973148 ], [ 140.7114977, -2.5973028 ], [ 140.7114939, -2.597295 ], [ 140.711397, -2.5970263 ], [ 140.711339, -2.5964859 ], [ 140.7109312, -2.5957772 ], [ 140.7105952, -2.5955017 ], [ 140.7101992, -2.5948455 ], [ 140.7102185, -2.5944017 ], [ 140.710914, -2.5952508 ], [ 140.7114549, -2.5957912 ], [ 140.7118509, -2.5961964 ], [ 140.7122201, -2.5965271 ], [ 140.7126841, -2.596771 ], [ 140.7131535, -2.5972104 ], [ 140.7133078, -2.5979525 ], [ 140.715, -2.6 ], [ 140.7154142, -2.600418 ], [ 140.716839099999987, -2.60175 ], [ 140.717943100000014, -2.6030571 ], [ 140.71925, -2.60425 ], [ 140.72125, -2.607 ], [ 140.725, -2.61075 ], [ 140.73525, -2.61825 ], [ 140.73975, -2.6205 ], [ 140.74, -2.621 ], [ 140.744, -2.623 ], [ 140.74475, -2.623 ], [ 140.7455, -2.62375 ], [ 140.74675, -2.62375 ], [ 140.74725, -2.6245 ], [ 140.74825, -2.6245 ], [ 140.749, -2.62525 ], [ 140.75, -2.62525 ], [ 140.75775, -2.628 ], [ 140.75925, -2.628 ], [ 140.7595, -2.6285 ], [ 140.76275, -2.629 ], [ 140.76775, -2.628 ], [ 140.7685, -2.62875 ], [ 140.772, -2.629 ], [ 140.776050199999986, -2.6281246 ], [ 140.779075299999988, -2.6263578 ], [ 140.782, -2.6265 ], [ 140.78275, -2.625 ], [ 140.7865338, -2.6212978 ], [ 140.78775, -2.61825 ], [ 140.7879481, -2.6177672 ], [ 140.78825, -2.61625 ], [ 140.7885772, -2.6136085 ], [ 140.7885569, -2.6128322 ], [ 140.788475299999988, -2.6120973 ], [ 140.7875, -2.61075 ], [ 140.787, -2.611 ], [ 140.78725, -2.61 ], [ 140.7855, -2.608 ], [ 140.78375, -2.608 ], [ 140.78275, -2.60925 ], [ 140.78075, -2.61 ], [ 140.7801478, -2.6088103 ], [ 140.78, -2.6085 ], [ 140.77925, -2.60875 ], [ 140.77975, -2.60725 ], [ 140.781, -2.607 ], [ 140.78225, -2.606 ], [ 140.782691, -2.6063687 ], [ 140.78375, -2.60575 ], [ 140.78225, -2.6045 ], [ 140.7835, -2.60275 ], [ 140.78325, -2.602 ], [ 140.785, -2.60225 ], [ 140.787, -2.6015 ], [ 140.78875, -2.5985 ], [ 140.7885, -2.59675 ], [ 140.78775, -2.59625 ], [ 140.78925, -2.59575 ], [ 140.79175, -2.59625 ], [ 140.7925, -2.59725 ], [ 140.7935, -2.597 ], [ 140.79575, -2.5985 ], [ 140.7965, -2.5985 ], [ 140.79725, -2.60025 ], [ 140.79825, -2.60125 ], [ 140.79975, -2.601 ], [ 140.80175, -2.6025 ], [ 140.8021857, -2.6029789 ], [ 140.8030741, -2.6036799 ], [ 140.804, -2.60425 ], [ 140.8095, -2.60625 ], [ 140.81375, -2.607 ], [ 140.814416599999987, -2.6070731 ], [ 140.8154863, -2.6070302 ], [ 140.81625, -2.607 ], [ 140.82, -2.6075 ], [ 140.820762699999989, -2.6076401 ], [ 140.82175, -2.60775 ], [ 140.825662599999987, -2.6081395 ], [ 140.8285, -2.6085 ], [ 140.829903699999988, -2.6084996 ], [ 140.8313403, -2.6084975 ], [ 140.832, -2.6085 ], [ 140.832735, -2.6087215 ], [ 140.83425, -2.609 ], [ 140.836, -2.60925 ], [ 140.83775, -2.6095 ], [ 140.839462, -2.6095382 ], [ 140.84125, -2.60975 ], [ 140.8426527, -2.609834 ], [ 140.84425, -2.61 ], [ 140.8455291, -2.6101812 ], [ 140.84675, -2.6105 ], [ 140.84875, -2.61075 ], [ 140.8515, -2.61125 ], [ 140.8632208, -2.6128372 ], [ 140.865781700000014, -2.6130946 ], [ 140.86712, -2.6134693 ], [ 140.868588, -2.6135183 ], [ 140.8703683, -2.6138077 ], [ 140.8723147, -2.6140657 ], [ 140.8734126, -2.6140369 ], [ 140.8746328, -2.6141183 ], [ 140.878353, -2.6146158 ], [ 140.8796386, -2.6147217 ], [ 140.8801456, -2.6148851 ], [ 140.880388, -2.6148619 ], [ 140.8812038, -2.6150719 ], [ 140.8826737, -2.6151267 ], [ 140.8831322, -2.6153122 ], [ 140.8835756, -2.6153338 ], [ 140.884308, -2.6154237 ], [ 140.8867737, -2.6155518 ], [ 140.8872311, -2.615603 ], [ 140.8878753, -2.6156201 ], [ 140.8882422, -2.6156533 ], [ 140.8885146, -2.6157718 ], [ 140.8888076, -2.6157284 ], [ 140.888995, -2.6158303 ], [ 140.889712800000012, -2.6159098 ], [ 140.890087200000011, -2.6160253 ], [ 140.8905455, -2.6160764 ], [ 140.8908128, -2.6162295 ], [ 140.891299, -2.6163801 ], [ 140.8921564, -2.6165264 ], [ 140.892636, -2.6165623 ], [ 140.8930854, -2.6166402 ], [ 140.893460299999987, -2.6167393 ], [ 140.893788, -2.6168842 ], [ 140.8943609, -2.6169345 ], [ 140.8947766, -2.616934 ], [ 140.8953329, -2.6170852 ], [ 140.896458700000011, -2.6172876 ], [ 140.8969218, -2.6175421 ], [ 140.8983555, -2.6180638 ], [ 140.8985429, -2.6180637 ], [ 140.8994001, -2.618312 ], [ 140.8996031, -2.6183432 ], [ 140.899720800000011, -2.6184518 ], [ 140.8998521, -2.6184521 ], [ 140.9004208, -2.6185827 ], [ 140.9008115, -2.6187079 ], [ 140.90113070000001, -2.6187403 ], [ 140.901427899999987, -2.6188185 ], [ 140.902995299999986, -2.6190925 ], [ 140.9033487, -2.6191811 ], [ 140.9040084, -2.6192279 ], [ 140.9048828, -2.6194262 ], [ 140.905421, -2.6196476 ], [ 140.905785, -2.6197611 ], [ 140.906206200000014, -2.619791 ], [ 140.9067787, -2.6199188 ], [ 140.907307300000014, -2.6199787 ], [ 140.9076859, -2.6200618 ], [ 140.9080869, -2.6202508 ], [ 140.9086289, -2.6204015 ], [ 140.9093988, -2.6208063 ], [ 140.9100675, -2.621264 ], [ 140.911494800000014, -2.6220406 ], [ 140.9116074, -2.6221505 ], [ 140.9116665, -2.6223595 ], [ 140.911677200000014, -2.6225176 ], [ 140.911628900000011, -2.6226917 ], [ 140.9121332, -2.6230722 ], [ 140.912932500000011, -2.6237849 ], [ 140.913506399999989, -2.6237689 ], [ 140.914185, -2.623726 ], [ 140.9149897, -2.6235759 ], [ 140.9159955, -2.6234125 ], [ 140.9174539, -2.6233098 ], [ 140.918077399999987, -2.6231821 ], [ 140.918657599999989, -2.6229996 ], [ 140.9188556, -2.6228343 ], [ 140.9196666, -2.6225438 ], [ 140.9212252, -2.6223264 ], [ 140.9217842, -2.6221221 ], [ 140.9223172, -2.6217745 ], [ 140.922354500000012, -2.6216251 ], [ 140.922278299999988, -2.621322 ], [ 140.9223035, -2.6206851 ], [ 140.9222069, -2.6205314 ], [ 140.9221755, -2.6199812 ], [ 140.922207899999989, -2.6194365 ], [ 140.9222796, -2.6192872 ], [ 140.9222763, -2.6182211 ], [ 140.9221925, -2.6171556 ], [ 140.922071100000011, -2.6169257 ], [ 140.9221288, -2.6167239 ], [ 140.922113599999989, -2.6165162 ], [ 140.9219425, -2.6163544 ], [ 140.9218926, -2.6160683 ], [ 140.9218999, -2.6158271 ], [ 140.922057, -2.6155666 ], [ 140.92215680000001, -2.6153375 ], [ 140.922362099999987, -2.6151636 ], [ 140.9225229, -2.6151532 ], [ 140.9225971, -2.6149046 ], [ 140.922559, -2.614729 ], [ 140.92260730000001, -2.6145594 ], [ 140.922792500000014, -2.6143122 ], [ 140.922959, -2.6141829 ], [ 140.9231685, -2.6141395 ], [ 140.923383800000011, -2.6139688 ], [ 140.9238699, -2.6133228 ], [ 140.924257399999988, -2.613154 ], [ 140.9243466, -2.6129892 ], [ 140.924512600000014, -2.6128449 ], [ 140.9247383, -2.6127195 ], [ 140.9249474, -2.6125177 ], [ 140.9249867, -2.6123427 ], [ 140.9251394, -2.6121686 ], [ 140.92578850000001, -2.6118927 ], [ 140.9258848, -2.6117201 ], [ 140.925810399999989, -2.6113383 ], [ 140.925725199999988, -2.61117 ], [ 140.9257758, -2.6110319 ], [ 140.92591250000001, -2.6108506 ], [ 140.9261573, -2.6107078 ], [ 140.9266461, -2.6107973 ], [ 140.9268976, -2.6108742 ], [ 140.9269806, -2.6109752 ], [ 140.927513, -2.6110321 ], [ 140.9276879, -2.6111429 ], [ 140.9277349, -2.6112649 ], [ 140.9283709, -2.6116806 ], [ 140.928490900000014, -2.6116908 ], [ 140.928712, -2.6117949 ], [ 140.928828900000013, -2.611762 ], [ 140.9290565, -2.6118228 ], [ 140.9292188, -2.6119781 ], [ 140.9294609, -2.6121207 ], [ 140.9297812, -2.6121502 ], [ 140.9301135, -2.6120995 ], [ 140.930250199999989, -2.6121886 ], [ 140.9303035, -2.6122936 ], [ 140.9302446, -2.6124818 ], [ 140.930748200000011, -2.6129329 ], [ 140.9311912, -2.6129444 ], [ 140.9312717, -2.6130006 ], [ 140.9314099, -2.6129601 ], [ 140.9317318, -2.6131124 ], [ 140.9318745, -2.6131621 ], [ 140.933, -2.61375 ], [ 140.934183600000011, -2.614407 ], [ 140.93472, -2.6148143 ], [ 140.9349571, -2.6151 ], [ 140.9356105, -2.6147071 ], [ 140.9365, -2.61475 ], [ 140.9376652, -2.6148106 ], [ 140.93975, -2.614 ], [ 140.9445, -2.61425 ], [ 140.946900199999988, -2.6133642 ], [ 140.94875, -2.61275 ], [ 140.9509668, -2.6125785 ], [ 140.95275, -2.612 ], [ 140.9540429, -2.6117856 ], [ 140.95475, -2.61075 ], [ 140.9565, -2.61 ], [ 140.958, -2.61025 ], [ 140.9585, -2.60975 ], [ 140.9588927, -2.6088031 ], [ 140.95987980000001, -2.6079355 ], [ 140.96175, -2.60675 ], [ 140.9632403, -2.6071321 ], [ 140.96575, -2.607 ], [ 140.967387300000013, -2.6072642 ], [ 140.96925, -2.6075 ], [ 140.972, -2.608 ], [ 140.9755, -2.608 ], [ 140.97925, -2.60725 ], [ 140.9800089, -2.6071461 ], [ 140.9810042, -2.6069475 ], [ 140.9819058, -2.606518 ], [ 140.98525, -2.60625 ], [ 140.9861004, -2.6061597 ], [ 140.98675, -2.606 ], [ 140.98725, -2.6055 ], [ 140.9878385, -2.6054256 ], [ 140.9887022, -2.6053934 ], [ 140.98925, -2.60525 ], [ 140.9897643, -2.6052166 ], [ 140.990284699999989, -2.6050397 ], [ 140.991, -2.60475 ], [ 140.991754500000013, -2.604879 ], [ 140.9932244, -2.6050236 ], [ 140.994882, -2.6049326 ], [ 140.9957618, -2.6045199 ], [ 140.99645910000001, -2.6043752 ], [ 140.9976715, -2.6044073 ], [ 140.9985244, -2.6045092 ], [ 140.999243299999989, -2.6045199 ], [ 141.0, -2.6044444 ], [ 141.0006995, -2.6044654 ], [ 141.0012542, -2.6045895 ], [ 141.0022849, -2.6050076 ], [ 141.002880299999987, -2.605163 ], [ 141.0031486, -2.6051737 ], [ 141.0033899, -2.6052273 ], [ 141.0040176, -2.6054684 ], [ 141.0044146, -2.6054256 ], [ 141.0054714, -2.6057707 ], [ 141.0068133, -2.606454 ], [ 141.0078433, -2.6069668 ], [ 141.011, -2.6085 ], [ 141.0120159, -2.6091393 ], [ 141.0122681, -2.6094876 ], [ 141.0125524, -2.6098305 ], [ 141.012729400000012, -2.6099377 ], [ 141.01325, -2.61025 ], [ 141.0133088, -2.6107201 ], [ 141.013174600000013, -2.6112721 ], [ 141.0134107, -2.6119366 ], [ 141.0136091, -2.6121829 ], [ 141.01365340000001, -2.6125414 ], [ 141.0137033, -2.6127632 ], [ 141.0139954, -2.612976 ], [ 141.014314500000012, -2.6129706 ], [ 141.0146, -2.6127757 ], [ 141.0146442, -2.6127455 ], [ 141.0148001, -2.6127136 ], [ 141.014928200000014, -2.6126142 ], [ 141.014999499999988, -2.612618 ], [ 141.0150844, -2.6126225 ], [ 141.0153901, -2.6121346 ], [ 141.0159239, -2.6107697 ], [ 141.016581, -2.6106073 ], [ 141.017197900000014, -2.6103822 ], [ 141.0185605, -2.6096749 ], [ 141.0191077, -2.6093107 ], [ 141.0196173, -2.6093268 ], [ 141.0198533, -2.60915 ], [ 141.0198694, -2.6089517 ], [ 141.020405899999986, -2.608732 ], [ 141.0212856, -2.6082443 ], [ 141.0220367, -2.6082926 ], [ 141.0229272, -2.6082175 ], [ 141.0235602, -2.6077138 ], [ 141.024225300000012, -2.6065456 ], [ 141.0248798, -2.6058757 ], [ 141.025239199999987, -2.6056922 ], [ 141.0264786, -2.6049559 ], [ 141.0283613, -2.6033195 ], [ 141.029187400000012, -2.602939 ], [ 141.0300779, -2.6028158 ], [ 141.0309255, -2.6028158 ], [ 141.031687299999987, -2.6030301 ], [ 141.0327011, -2.6032445 ], [ 141.0334843, -2.6036089 ], [ 141.035115100000013, -2.6040912 ], [ 141.035635500000012, -2.6041823 ], [ 141.0367459, -2.6046539 ], [ 141.0381299, -2.6050451 ], [ 141.039213499999988, -2.6050719 ], [ 141.0404849, -2.6050076 ], [ 141.041434400000014, -2.6049593 ], [ 141.042135800000011, -2.6048916 ], [ 141.0425985, -2.6050933 ], [ 141.0429954, -2.6049754 ], [ 141.043489, -2.6048254 ], [ 141.044492100000014, -2.6047075 ], [ 141.0448998, -2.6048254 ], [ 141.0452592, -2.6048897 ], [ 141.046477, -2.6049593 ], [ 141.047008, -2.6049325 ], [ 141.047260200000011, -2.6049111 ], [ 141.0479683, -2.6049111 ], [ 141.049049700000012, -2.6045845 ], [ 141.0500322, -2.6045052 ], [ 141.051327500000014, -2.6043922 ], [ 141.05208, -2.6043808 ], [ 141.0525848, -2.6043302 ], [ 141.0529802, -2.6042542 ], [ 141.0534211, -2.6042597 ], [ 141.0537985, -2.6040661 ], [ 141.0539048, -2.6039851 ], [ 141.055253099999987, -2.6038983 ], [ 141.056191899999988, -2.6033678 ], [ 141.056739099999987, -2.6031534 ], [ 141.05712, -2.6030141 ], [ 141.057731499999989, -2.6032874 ], [ 141.057989, -2.6037268 ], [ 141.0582465, -2.6039412 ], [ 141.0588688, -2.6042252 ], [ 141.0593355, -2.604402 ], [ 141.059743200000014, -2.6044449 ], [ 141.0598451, -2.6044502 ], [ 141.0604083, -2.604745 ], [ 141.061180799999988, -2.6055059 ], [ 141.06199620000001, -2.6062937 ], [ 141.062591700000013, -2.6067224 ], [ 141.0631871, -2.6073708 ], [ 141.0639811, -2.6079228 ], [ 141.0643834, -2.6082926 ], [ 141.0646087, -2.6083086 ], [ 141.0649306, -2.6085551 ], [ 141.0653919, -2.6089839 ], [ 141.0661912, -2.6093911 ], [ 141.0679883, -2.610211 ], [ 141.0690933, -2.6106612 ], [ 141.0703862, -2.6110256 ], [ 141.0719579, -2.6112506 ], [ 141.0734818, -2.6117001 ], [ 141.0746294, -2.6119174 ], [ 141.075311199999987, -2.6119444 ], [ 141.076044200000013, -2.6119165 ], [ 141.0765007, -2.6118646 ], [ 141.0769415, -2.6118667 ], [ 141.07730620000001, -2.6118935 ], [ 141.077772900000014, -2.6118506 ], [ 141.0783309, -2.6121989 ], [ 141.0788598, -2.6124715 ], [ 141.0794278, -2.6122209 ], [ 141.0797524, -2.6120223 ], [ 141.0800093, -2.61223 ], [ 141.080919200000011, -2.6124891 ], [ 141.0819948, -2.6124778 ], [ 141.082681400000013, -2.6126439 ], [ 141.0828531, -2.6128261 ], [ 141.0832125, -2.6129708 ], [ 141.0835344, -2.6130191 ], [ 141.0838669, -2.6132924 ], [ 141.084634099999988, -2.6137747 ], [ 141.0855889, -2.6139086 ], [ 141.0865, -2.6145 ], [ 141.0869839, -2.6144735 ], [ 141.0876223, -2.6146452 ], [ 141.088, -2.6145 ], [ 141.0884911, -2.6144606 ], [ 141.0889685, -2.6144606 ], [ 141.0893279, -2.6143802 ], [ 141.089859, -2.6143695 ], [ 141.090465200000011, -2.6145303 ], [ 141.0908246, -2.6147339 ], [ 141.0911304, -2.6151787 ], [ 141.0912698, -2.6153877 ], [ 141.0915917, -2.6154681 ], [ 141.091902800000014, -2.6158003 ], [ 141.0921764, -2.6162344 ], [ 141.0924929, -2.6165398 ], [ 141.0927772, -2.6175634 ], [ 141.0929853, -2.6180905 ], [ 141.0930875, -2.6183986 ], [ 141.0931152, -2.6185601 ], [ 141.0931688, -2.6188066 ], [ 141.093233199999986, -2.6191764 ], [ 141.0939898, -2.6203371 ], [ 141.094327600000014, -2.6208965 ], [ 141.0943866, -2.6211645 ], [ 141.0944188, -2.6214967 ], [ 141.094526, -2.6218343 ], [ 141.0946763, -2.6220648 ], [ 141.094955199999987, -2.6223488 ], [ 141.09525, -2.62275 ], [ 141.0965065, -2.6230967 ], [ 141.0982736, -2.6241666 ], [ 141.0988337, -2.6244601 ], [ 141.0990483, -2.6244655 ], [ 141.0991716, -2.6244655 ], [ 141.099268200000012, -2.624369 ], [ 141.0993594, -2.624294 ], [ 141.0994559, -2.6243047 ], [ 141.0993808, -2.6245512 ], [ 141.0993916, -2.6248728 ], [ 141.0995418, -2.6251032 ], [ 141.099928, -2.6253229 ], [ 141.10025, -2.625 ], [ 141.1006093, -2.6251782 ], [ 141.1006951, -2.6254086 ], [ 141.1008936, -2.6255265 ], [ 141.1010867, -2.6255158 ], [ 141.10136030000001, -2.6254729 ], [ 141.1018431, -2.6255748 ], [ 141.101945, -2.6258266 ], [ 141.1019719, -2.6261696 ], [ 141.10190750000001, -2.6265072 ], [ 141.101751900000011, -2.6266251 ], [ 141.1017573, -2.6267108 ], [ 141.101848499999988, -2.6269841 ], [ 141.1027068, -2.6270806 ], [ 141.1033344, -2.6268823 ], [ 141.1034042, -2.6267323 ], [ 141.1037636, -2.6265983 ], [ 141.1040533, -2.6263625 ], [ 141.1045762, -2.6260951 ], [ 141.1049652, -2.6260571 ], [ 141.105067100000014, -2.6261696 ], [ 141.1053085, -2.6261749 ], [ 141.1054909, -2.626116 ], [ 141.105963, -2.6262178 ], [ 141.1061937, -2.6261374 ], [ 141.1063868, -2.6260195 ], [ 141.1068052, -2.6258749 ], [ 141.1081141, -2.625832 ], [ 141.109058299999987, -2.6258749 ], [ 141.110415499999988, -2.6260517 ], [ 141.1108178, -2.6261321 ], [ 141.111225499999989, -2.626191 ], [ 141.111595599999987, -2.6261857 ], [ 141.1117619, -2.6261482 ], [ 141.1118638, -2.6259713 ], [ 141.1121482, -2.6258909 ], [ 141.1123378, -2.6259497 ], [ 141.1125, -2.626 ], [ 141.1127865, -2.6261374 ], [ 141.1136287, -2.6260892 ], [ 141.1146158, -2.6259284 ], [ 141.1158603, -2.6257355 ], [ 141.1168688, -2.6256444 ], [ 141.1181402, -2.6253122 ], [ 141.1187035, -2.6252961 ], [ 141.119315, -2.6250871 ], [ 141.1215788, -2.6253979 ], [ 141.1238694, -2.6255373 ], [ 141.1269057, -2.625907 ], [ 141.127485, -2.625982 ], [ 141.1292231, -2.6265715 ], [ 141.1305267, -2.6269895 ], [ 141.1315995, -2.6274075 ], [ 141.1325544, -2.6276915 ], [ 141.1329943, -2.6277236 ], [ 141.133343, -2.6277022 ], [ 141.133756, -2.6277879 ], [ 141.134491, -2.6279755 ], [ 141.1353815, -2.6279755 ], [ 141.136363100000011, -2.6278255 ], [ 141.1370552, -2.6276968 ], [ 141.137275100000011, -2.6276165 ], [ 141.137505800000014, -2.6274503 ], [ 141.1377579, -2.6271663 ], [ 141.1379617, -2.626893 ], [ 141.1383533, -2.6270752 ], [ 141.1385679, -2.6272467 ], [ 141.139045399999986, -2.6276593 ], [ 141.1393672, -2.6281148 ], [ 141.139607500000011, -2.6290015 ], [ 141.1396569, -2.6294329 ], [ 141.1398714, -2.6294918 ], [ 141.1398927, -2.6295664 ], [ 141.1399087, -2.6296223 ], [ 141.139938300000011, -2.6297256 ], [ 141.1399573, -2.6297919 ], [ 141.1396408, -2.6299848 ], [ 141.1398178, -2.6302958 ], [ 141.13975, -2.63075 ], [ 141.139437, -2.63118 ], [ 141.1396569, -2.6317588 ], [ 141.1397531, -2.6319126 ], [ 141.139791, -2.6319731 ], [ 141.1398232, -2.6320568 ], [ 141.1398983, -2.6322518 ], [ 141.139976, -2.6322792 ], [ 141.140171900000013, -2.6323483 ], [ 141.1404777, -2.6324018 ], [ 141.14125, -2.6325 ], [ 141.14204620000001, -2.6322251 ], [ 141.1421566, -2.631722 ], [ 141.1423615, -2.6310454 ], [ 141.1426674, -2.6307849 ], [ 141.1428842, -2.630901 ], [ 141.143307, -2.6307707 ], [ 141.14371890000001, -2.6308525 ], [ 141.144168400000012, -2.6308593 ], [ 141.1445118, -2.6309842 ], [ 141.1450902, -2.631593 ], [ 141.14575, -2.63225 ], [ 141.145997599999987, -2.6324286 ], [ 141.1465, -2.63275 ], [ 141.14725, -2.6325 ], [ 141.1476821, -2.6322089 ], [ 141.1477894, -2.631941 ], [ 141.1479127, -2.6315444 ], [ 141.1482882, -2.6316248 ], [ 141.1484814, -2.6315712 ], [ 141.1486423, -2.6316034 ], [ 141.148819300000014, -2.6317266 ], [ 141.14892660000001, -2.6320535 ], [ 141.1490607, -2.6328895 ], [ 141.1491144, -2.6332539 ], [ 141.14925, -2.634 ], [ 141.1493987, -2.634481 ], [ 141.149806399999989, -2.6350791 ], [ 141.149913700000013, -2.6352366 ], [ 141.1510616, -2.6360779 ], [ 141.151762, -2.6363496 ], [ 141.1521667, -2.6365066 ], [ 141.15241180000001, -2.6365784 ], [ 141.1528802, -2.6367156 ], [ 141.153545400000013, -2.6370907 ], [ 141.1549879, -2.6372934 ], [ 141.155299500000012, -2.6373372 ], [ 141.1561149, -2.6374551 ], [ 141.1569518, -2.6375302 ], [ 141.1572146, -2.6372837 ], [ 141.1573434, -2.6371015 ], [ 141.15754720000001, -2.637005 ], [ 141.1578584, -2.6369621 ], [ 141.1584109, -2.6369246 ], [ 141.1592209, -2.6372033 ], [ 141.159816400000011, -2.6375623 ], [ 141.1608893, -2.6377659 ], [ 141.161329099999989, -2.6379267 ], [ 141.161640299999988, -2.6381464 ], [ 141.161828, -2.6383125 ], [ 141.1621016, -2.638334 ], [ 141.162353700000011, -2.6382589 ], [ 141.1628044, -2.6382804 ], [ 141.1635071, -2.6385215 ], [ 141.1638772, -2.6386716 ], [ 141.1641746, -2.6389336 ], [ 141.16425, -2.639 ], [ 141.1657816, -2.6389663 ], [ 141.1662698, -2.6388698 ], [ 141.1671603, -2.6387198 ], [ 141.1676311, -2.6386302 ], [ 141.1679488, -2.6385698 ], [ 141.1689359, -2.6383072 ], [ 141.169295299999987, -2.6378946 ], [ 141.1698317, -2.6370318 ], [ 141.170395, -2.6364531 ], [ 141.1708188, -2.6357189 ], [ 141.1711192, -2.6355367 ], [ 141.1713231, -2.635451 ], [ 141.1715269, -2.6348883 ], [ 141.1718112, -2.6347436 ], [ 141.1723155, -2.6343899 ], [ 141.1736727, -2.6339398 ], [ 141.174826, -2.6334736 ], [ 141.1760813, -2.6332217 ], [ 141.1769718, -2.6331842 ], [ 141.1781627, -2.6331467 ], [ 141.1800939, -2.6329002 ], [ 141.1809039, -2.6327341 ], [ 141.1816978, -2.6326537 ], [ 141.1823094, -2.632568 ], [ 141.1831248, -2.6322786 ], [ 141.1839402, -2.6322196 ], [ 141.1845839, -2.6323643 ], [ 141.1853242, -2.6327234 ], [ 141.1856568, -2.6328573 ], [ 141.1863649, -2.6331521 ], [ 141.187191, -2.6335218 ], [ 141.1874163, -2.6336665 ], [ 141.187706, -2.63357 ], [ 141.1880332, -2.633554 ], [ 141.188805699999989, -2.63357 ], [ 141.1891651, -2.6335379 ], [ 141.1894065, -2.6334254 ], [ 141.1904472, -2.6329699 ], [ 141.1916435, -2.6327448 ], [ 141.1927432, -2.6324929 ], [ 141.1936551, -2.6323804 ], [ 141.1950713, -2.6324822 ], [ 141.196594800000014, -2.6323483 ], [ 141.1982363, -2.6321607 ], [ 141.200071, -2.6321339 ], [ 141.2015998, -2.6321661 ], [ 141.2031287, -2.6322839 ], [ 141.204351800000012, -2.6327716 ], [ 141.2054622, -2.6331949 ], [ 141.2062669, -2.6336183 ], [ 141.2069964, -2.6342452 ], [ 141.2076026, -2.6349258 ], [ 141.2078601, -2.6351777 ], [ 141.2080157, -2.6354778 ], [ 141.2081981, -2.6357671 ], [ 141.2086755, -2.6363995 ], [ 141.2090886, -2.6367531 ], [ 141.2095928, -2.6370318 ], [ 141.2101668, -2.6374659 ], [ 141.2108749, -2.6383072 ], [ 141.2109929, -2.6384197 ], [ 141.2111807, -2.6385912 ], [ 141.2112826, -2.6387734 ], [ 141.2113631, -2.6389288 ], [ 141.211711799999989, -2.639395 ], [ 141.21225, -2.64025 ], [ 141.2128758, -2.6410294 ], [ 141.213573200000013, -2.6419886 ], [ 141.214377899999988, -2.6433069 ], [ 141.2144154, -2.643832 ], [ 141.214335, -2.6441803 ], [ 141.214351099999988, -2.644534 ], [ 141.2144154, -2.6449091 ], [ 141.2144422, -2.6452896 ], [ 141.214560299999988, -2.6458308 ], [ 141.2145442, -2.6459755 ], [ 141.2144744, -2.6462595 ], [ 141.2144422, -2.6465971 ], [ 141.214453, -2.6469347 ], [ 141.2145, -2.64725 ], [ 141.2150806, -2.6476474 ], [ 141.21544, -2.6477867 ], [ 141.2156975, -2.647851 ], [ 141.2158102, -2.6476956 ], [ 141.2158102, -2.6475402 ], [ 141.215869199999986, -2.6473366 ], [ 141.2164861, -2.6472937 ], [ 141.2165934, -2.6473527 ], [ 141.2167543, -2.6474974 ], [ 141.2170279, -2.6475456 ], [ 141.2173015, -2.6475027 ], [ 141.2175858, -2.6474545 ], [ 141.2178218, -2.6473205 ], [ 141.2180042, -2.647208 ], [ 141.2184441, -2.6469669 ], [ 141.218905400000011, -2.646506 ], [ 141.219474100000014, -2.6459326 ], [ 141.220606, -2.6451985 ], [ 141.2217808, -2.6445501 ], [ 141.222268899999989, -2.6445769 ], [ 141.2233472, -2.6447323 ], [ 141.2243128, -2.645027 ], [ 141.224881399999987, -2.6453753 ], [ 141.225535900000011, -2.6455843 ], [ 141.2259597, -2.6454503 ], [ 141.2264049, -2.6457236 ], [ 141.2266999, -2.6461523 ], [ 141.2267053, -2.6464203 ], [ 141.226791100000014, -2.6467096 ], [ 141.2268287, -2.6469615 ], [ 141.227107600000011, -2.6472562 ], [ 141.2275904, -2.6476796 ], [ 141.2287009, -2.6486227 ], [ 141.229881, -2.6499945 ], [ 141.230889600000012, -2.6513771 ], [ 141.2315065, -2.6525881 ], [ 141.231619099999989, -2.6530597 ], [ 141.231747899999988, -2.653692 ], [ 141.2315, -2.65425 ], [ 141.231882, -2.655455 ], [ 141.232461300000011, -2.6561838 ], [ 141.233137199999987, -2.6566339 ], [ 141.23375, -2.657 ], [ 141.2350309, -2.6572555 ], [ 141.236, -2.6575 ], [ 141.2377667, -2.6576038 ], [ 141.2395, -2.658 ], [ 141.24042750000001, -2.6578771 ], [ 141.2411141, -2.6581558 ], [ 141.24194030000001, -2.6587184 ], [ 141.242149500000011, -2.6587452 ], [ 141.242412300000012, -2.6588417 ], [ 141.2424767, -2.6589756 ], [ 141.2425733, -2.6593722 ], [ 141.2432492, -2.6599027 ], [ 141.244182599999988, -2.6600902 ], [ 141.245260800000011, -2.6602563 ], [ 141.24575, -2.65925 ], [ 141.2465, -2.6585 ], [ 141.2487745, -2.6574377 ], [ 141.25, -2.65675 ], [ 141.2508023, -2.6566982 ], [ 141.251628399999987, -2.6566017 ], [ 141.252647599999989, -2.656591 ], [ 141.2535, -2.6565 ], [ 141.254493, -2.6567625 ], [ 141.25675, -2.657 ], [ 141.2571752, -2.6572769 ], [ 141.257851100000011, -2.657652 ], [ 141.2583017, -2.6578664 ], [ 141.25876310000001, -2.6579093 ], [ 141.2592888, -2.6579414 ], [ 141.2605, -2.6585 ], [ 141.2605977, -2.6587452 ], [ 141.2608981, -2.6590667 ], [ 141.26127360000001, -2.6592918 ], [ 141.262443100000013, -2.6598384 ], [ 141.26325, -2.6605 ], [ 141.263805600000012, -2.6611244 ], [ 141.264849199999986, -2.6627604 ], [ 141.264852100000013, -2.6629372 ], [ 141.264818, -2.6631378 ], [ 141.264802800000012, -2.6632399 ], [ 141.264981799999987, -2.6634878 ], [ 141.2651702, -2.6637488 ], [ 141.2652668, -2.6637658 ], [ 141.2653539, -2.6638528 ], [ 141.2655433, -2.6641063 ], [ 141.265706099999989, -2.6643276 ], [ 141.265967499999988, -2.6644922 ], [ 141.266331, -2.6646775 ], [ 141.2666965, -2.6648478 ], [ 141.2677538, -2.6648219 ], [ 141.269052, -2.6643932 ], [ 141.2696957, -2.6642432 ], [ 141.2706613, -2.663718 ], [ 141.271251400000011, -2.6630321 ], [ 141.2719488, -2.6617996 ], [ 141.2725, -2.6615 ], [ 141.2749929, -2.6612438 ], [ 141.2768457, -2.6611055 ], [ 141.2775, -2.66125 ], [ 141.277732500000013, -2.6613886 ], [ 141.27784, -2.6618261 ], [ 141.2781248, -2.6624234 ], [ 141.278236099999987, -2.6635782 ], [ 141.2779208, -2.6644322 ], [ 141.2775, -2.665 ], [ 141.2773341, -2.6657213 ], [ 141.277143099999989, -2.6663745 ], [ 141.2771123, -2.6666279 ], [ 141.2766671, -2.6668073 ], [ 141.2762107, -2.6666258 ], [ 141.2760127, -2.6671753 ], [ 141.276025800000014, -2.6675441 ], [ 141.2755, -2.66825 ], [ 141.2744272, -2.6685944 ], [ 141.2739766, -2.6687551 ], [ 141.2736547, -2.6691516 ], [ 141.273483, -2.6696661 ], [ 141.2726998, -2.670427 ], [ 141.2710047, -2.6718524 ], [ 141.27, -2.67275 ], [ 141.2696636, -2.674328 ], [ 141.26875, -2.67575 ], [ 141.27, -2.67825 ], [ 141.270908100000014, -2.6793008 ], [ 141.271584, -2.6794508 ], [ 141.2715, -2.68025 ], [ 141.272, -2.681 ], [ 141.2755, -2.6835 ], [ 141.2766839, -2.6840776 ], [ 141.277121599999987, -2.6843026 ], [ 141.2771711, -2.684328 ], [ 141.277215399999989, -2.6843507 ], [ 141.277854100000013, -2.6846791 ], [ 141.2786326, -2.6851359 ], [ 141.2796258, -2.6855456 ], [ 141.2819518, -2.6863881 ], [ 141.284167200000013, -2.687166 ], [ 141.2857247, -2.6876215 ], [ 141.28875, -2.68825 ], [ 141.289788, -2.6885023 ], [ 141.2906706, -2.6885786 ], [ 141.2918338, -2.6884716 ], [ 141.2926822, -2.6883038 ], [ 141.2934808, -2.6880805 ], [ 141.293831, -2.6879823 ], [ 141.2942425, -2.687867 ], [ 141.2947883, -2.6876623 ], [ 141.2958715, -2.6873884 ], [ 141.2962866, -2.6872817 ], [ 141.297272099999986, -2.6868558 ], [ 141.2978962, -2.6864802 ], [ 141.2986038, -2.6858666 ], [ 141.29885440000001, -2.6856457 ], [ 141.2992132, -2.6851401 ], [ 141.299449, -2.6846959 ], [ 141.2995424, -2.6843597 ], [ 141.2996038, -2.6835497 ], [ 141.2993606, -2.6832871 ], [ 141.299065399999989, -2.6829898 ], [ 141.298992, -2.6829754 ], [ 141.298478499999987, -2.6833313 ], [ 141.298215199999987, -2.6829931 ], [ 141.298332499999987, -2.6828977 ], [ 141.298230600000011, -2.6827381 ], [ 141.2980235, -2.6825249 ], [ 141.2976765, -2.682111 ], [ 141.297575, -2.6820414 ], [ 141.297456899999986, -2.6820293 ], [ 141.2973491, -2.6820622 ], [ 141.2973241, -2.6820584 ], [ 141.2973063, -2.6820167 ], [ 141.2973074, -2.6819815 ], [ 141.2973168, -2.6819641 ], [ 141.2973231, -2.6819312 ], [ 141.2973366, -2.6818228 ], [ 141.2971724, -2.6814865 ], [ 141.297010199999988, -2.6807748 ], [ 141.2969435, -2.6804295 ], [ 141.296732600000013, -2.6800777 ], [ 141.2965778, -2.679955 ], [ 141.296437700000013, -2.6797047 ], [ 141.2963225, -2.6795526 ], [ 141.296235599999989, -2.6794563 ], [ 141.296212700000012, -2.6794459 ], [ 141.296071399999988, -2.6793816 ], [ 141.2960019, -2.6793122 ], [ 141.2959411, -2.6792818 ], [ 141.2958985, -2.6792315 ], [ 141.2958525, -2.6792133 ], [ 141.2957979, -2.6792353 ], [ 141.2955767, -2.6792983 ], [ 141.2954134, -2.6793695 ], [ 141.295357, -2.6794042 ], [ 141.295317, -2.6794727 ], [ 141.2953109, -2.6795352 ], [ 141.2952684, -2.6795491 ], [ 141.2951444, -2.6794395 ], [ 141.2951014, -2.6793984 ], [ 141.2950305, -2.6792722 ], [ 141.2949334, -2.6792219 ], [ 141.2948241, -2.6791777 ], [ 141.2947504, -2.679174 ], [ 141.2945796, -2.6792293 ], [ 141.294408800000014, -2.6786083 ], [ 141.2945391, -2.6785715 ], [ 141.2945833, -2.6783432 ], [ 141.2945956, -2.6782046 ], [ 141.2945633, -2.6780866 ], [ 141.2950341, -2.6778836 ], [ 141.2951749, -2.6779169 ], [ 141.2952999, -2.6779325 ], [ 141.2953729, -2.6778735 ], [ 141.295425099999989, -2.6776534 ], [ 141.295447700000011, -2.6771796 ], [ 141.2955068, -2.6767944 ], [ 141.295654500000012, -2.676423 ], [ 141.2958456, -2.6760307 ], [ 141.29604710000001, -2.675786 ], [ 141.296215600000011, -2.6755101 ], [ 141.2962956, -2.6753487 ], [ 141.2963911, -2.6752567 ], [ 141.2964106, -2.6749068 ], [ 141.296652, -2.674312 ], [ 141.29725, -2.673 ], [ 141.2974834, -2.6723239 ], [ 141.29775, -2.67125 ], [ 141.299, -2.67 ], [ 141.299795499999988, -2.6692374 ], [ 141.3009113, -2.6685086 ], [ 141.301699899999988, -2.6681817 ], [ 141.3025743, -2.6679085 ], [ 141.303169700000012, -2.667737 ], [ 141.3034594, -2.6679567 ], [ 141.3042051, -2.668171 ], [ 141.3047254, -2.6681871 ], [ 141.3056642, -2.6683211 ], [ 141.3063508, -2.6687176 ], [ 141.307632899999987, -2.6693606 ], [ 141.308164, -2.6697036 ], [ 141.308392, -2.6698081 ], [ 141.30875, -2.67025 ], [ 141.309717, -2.6711852 ], [ 141.3101462, -2.6716702 ], [ 141.3109052, -2.6731117 ], [ 141.3111386, -2.6736689 ], [ 141.3114014, -2.6748398 ], [ 141.311331599999988, -2.6762785 ], [ 141.3111037, -2.6770716 ], [ 141.3109938, -2.677921 ], [ 141.3110179, -2.678272 ], [ 141.3109374, -2.6787837 ], [ 141.3107336, -2.6794508 ], [ 141.31054850000001, -2.6801662 ], [ 141.3105565, -2.6810155 ], [ 141.3104573, -2.6816452 ], [ 141.3103688, -2.6818944 ], [ 141.310084499999988, -2.682398 ], [ 141.309709, -2.6829687 ], [ 141.3091939, -2.6836064 ], [ 141.308585099999988, -2.6843512 ], [ 141.308153299999987, -2.6847719 ], [ 141.3074183, -2.6851067 ], [ 141.3068953, -2.6853801 ], [ 141.3059351, -2.6857873 ], [ 141.3052994, -2.6859615 ], [ 141.304966799999988, -2.6860097 ], [ 141.3045, -2.686 ], [ 141.304223799999988, -2.6862749 ], [ 141.304121900000013, -2.6864089 ], [ 141.3040119, -2.6865804 ], [ 141.30389120000001, -2.686859 ], [ 141.3038161, -2.6875771 ], [ 141.3038171, -2.6879598 ], [ 141.3038671, -2.688413 ], [ 141.3042158, -2.6895758 ], [ 141.304398099999986, -2.6900876 ], [ 141.304859599999986, -2.6911083 ], [ 141.3052073, -2.691847 ], [ 141.305463, -2.6922283 ], [ 141.3056508, -2.6924881 ], [ 141.3058892, -2.6928775 ], [ 141.3064263, -2.693412 ], [ 141.3064052, -2.6938052 ], [ 141.306582100000014, -2.6939967 ], [ 141.3067983, -2.6943697 ], [ 141.3069998, -2.6945268 ], [ 141.3070133, -2.6947092 ], [ 141.3070697, -2.6950629 ], [ 141.30725, -2.69525 ], [ 141.3077144, -2.6955656 ], [ 141.308206399999989, -2.6962451 ], [ 141.3086629, -2.6965391 ], [ 141.309280699999988, -2.6967987 ], [ 141.3095266, -2.6968955 ], [ 141.3096218, -2.6968861 ], [ 141.3096768, -2.696858 ], [ 141.3098216, -2.6967374 ], [ 141.3099343, -2.6968392 ], [ 141.3098967, -2.6969142 ], [ 141.309832300000011, -2.6970321 ], [ 141.3098109, -2.6971929 ], [ 141.3098431, -2.6972947 ], [ 141.310041500000011, -2.6974554 ], [ 141.310454600000014, -2.6977448 ], [ 141.310824700000012, -2.6981038 ], [ 141.3113236, -2.6983771 ], [ 141.311624, -2.698436 ], [ 141.312047799999988, -2.6987415 ], [ 141.3129222, -2.6991112 ], [ 141.3141502, -2.699709 ], [ 141.3144618, -2.6999632 ], [ 141.314660300000014, -2.7001079 ], [ 141.3149661, -2.7002151 ], [ 141.3151753, -2.7002151 ], [ 141.315470299999987, -2.7002847 ], [ 141.3171879, -2.7011985 ], [ 141.3185388, -2.7014689 ], [ 141.3199228, -2.7016029 ], [ 141.3219774, -2.7018065 ], [ 141.3240266, -2.7017958 ], [ 141.325, -2.70175 ], [ 141.325357, -2.7022138 ], [ 141.3254374, -2.702755 ], [ 141.326, -2.704 ], [ 141.327551, -2.7060611 ], [ 141.32975, -2.708 ], [ 141.334143899999987, -2.7109802 ], [ 141.3360482, -2.711875 ], [ 141.336751, -2.7123358 ], [ 141.3374054, -2.7125073 ], [ 141.3385963, -2.7129467 ], [ 141.3396907, -2.7135093 ], [ 141.3403486, -2.7135781 ], [ 141.3407153, -2.7136165 ], [ 141.34125, -2.714 ], [ 141.3419008, -2.7139701 ], [ 141.3421529, -2.7138844 ], [ 141.34275, -2.714 ], [ 141.3434136, -2.7139112 ], [ 141.3436067, -2.7140023 ], [ 141.344046600000013, -2.7140184 ], [ 141.3450551, -2.7138148 ], [ 141.3452589, -2.7137612 ], [ 141.345495, -2.7137826 ], [ 141.345822199999986, -2.7138415 ], [ 141.34601, -2.7137451 ], [ 141.3462031, -2.7139058 ], [ 141.3463372, -2.7140237 ], [ 141.3466108, -2.714222 ], [ 141.3470453, -2.7145006 ], [ 141.3476086, -2.7145703 ], [ 141.34785, -2.7146721 ], [ 141.347962599999988, -2.7147685 ], [ 141.348118199999988, -2.7149561 ], [ 141.3486493, -2.7151544 ], [ 141.3487887, -2.715358 ], [ 141.3489926, -2.7154973 ], [ 141.3493466, -2.7155509 ], [ 141.349636299999986, -2.7155348 ], [ 141.3501191, -2.7155026 ], [ 141.3511974, -2.7159367 ], [ 141.3515782, -2.7162314 ], [ 141.3517177, -2.7163814 ], [ 141.3517928, -2.7166226 ], [ 141.3517713, -2.7168208 ], [ 141.35186250000001, -2.7169976 ], [ 141.352066400000012, -2.7170941 ], [ 141.352849600000013, -2.717212 ], [ 141.3541424, -2.7174451 ], [ 141.3543919, -2.7174611 ], [ 141.3546708, -2.7174504 ], [ 141.3549122, -2.71722 ], [ 141.3549927, -2.7171638 ], [ 141.355145599999986, -2.7172897 ], [ 141.3555318, -2.7174826 ], [ 141.355792, -2.7176273 ], [ 141.3563392, -2.7178818 ], [ 141.356974799999989, -2.7182033 ], [ 141.357704399999989, -2.7185462 ], [ 141.3593352, -2.7194571 ], [ 141.3607299, -2.7200894 ], [ 141.36272550000001, -2.7208289 ], [ 141.3640773, -2.7211932 ], [ 141.3660085, -2.721579 ], [ 141.36825, -2.72175 ], [ 141.3696349, -2.7221577 ], [ 141.370847199999986, -2.7225757 ], [ 141.3716626, -2.7228436 ], [ 141.374259, -2.7235616 ], [ 141.3785934, -2.7247619 ], [ 141.3832497, -2.7261336 ], [ 141.3911462, -2.7273553 ], [ 141.3981628, -2.7284699 ], [ 141.402240799999987, -2.7291352 ], [ 141.4075398, -2.7299997 ], [ 141.408264, -2.7300935 ], [ 141.4088434, -2.7301819 ], [ 141.409227, -2.7302596 ], [ 141.409658799999988, -2.7303453 ], [ 141.4104728, -2.7305476 ], [ 141.4109114, -2.7306159 ], [ 141.4113687, -2.7307177 ], [ 141.4116074, -2.7307887 ], [ 141.411737499999987, -2.7308302 ], [ 141.4119092, -2.7308611 ], [ 141.4123826, -2.7309481 ], [ 141.416536, -2.7315831 ], [ 141.420033600000011, -2.7320707 ], [ 141.4235955, -2.7324511 ], [ 141.4260578, -2.7325931 ], [ 141.4274633, -2.7327057 ], [ 141.4284477, -2.7327726 ], [ 141.4295769, -2.7328557 ], [ 141.4305881, -2.7329253 ], [ 141.4311969, -2.7329146 ], [ 141.4319131, -2.7329227 ], [ 141.432240299999989, -2.7329173 ], [ 141.432699, -2.7329334 ], [ 141.4336592, -2.7330245 ], [ 141.4345497, -2.7331048 ], [ 141.435257799999988, -2.7331209 ], [ 141.436196599999988, -2.7331799 ], [ 141.4370817, -2.7332013 ], [ 141.438058, -2.7333031 ], [ 141.439125499999989, -2.7335174 ], [ 141.439544, -2.7336139 ], [ 141.4399865, -2.7337211 ], [ 141.440394199999986, -2.7338604 ], [ 141.4409628, -2.7340211 ], [ 141.441628, -2.7341899 ], [ 141.442143, -2.7342944 ], [ 141.4423817, -2.7343024 ], [ 141.4425722, -2.7342756 ], [ 141.442663399999986, -2.734273 ], [ 141.4427143, -2.7342917 ], [ 141.4427626, -2.7343614 ], [ 141.4428069, -2.7345395 ], [ 141.442827, -2.7346119 ], [ 141.44289, -2.7347083 ], [ 141.443020100000012, -2.73479 ], [ 141.443175700000012, -2.734849 ], [ 141.443354, -2.7348959 ], [ 141.4435378, -2.7349401 ], [ 141.4436679, -2.7349642 ], [ 141.4437711, -2.7349803 ], [ 141.4438905, -2.735003 ], [ 141.444034, -2.7350245 ], [ 141.4441788, -2.7350499 ], [ 141.4443518, -2.7350606 ], [ 141.444459099999989, -2.7350486 ], [ 141.444544900000011, -2.7350513 ], [ 141.444612, -2.7350687 ], [ 141.4446965, -2.7351142 ], [ 141.4447743, -2.7351691 ], [ 141.4448816, -2.7352776 ], [ 141.4449808, -2.7354036 ], [ 141.4454475, -2.7358617 ], [ 141.44611, -2.7364538 ], [ 141.446496200000013, -2.7367592 ], [ 141.4468798, -2.7371209 ], [ 141.44703, -2.7372549 ], [ 141.4471963, -2.7374611 ], [ 141.447300899999988, -2.7376755 ], [ 141.4474055, -2.7379702 ], [ 141.4474753, -2.7381952 ], [ 141.4475021, -2.7384069 ], [ 141.447483299999988, -2.7389293 ], [ 141.4473921, -2.7397116 ], [ 141.4473841, -2.740068 ], [ 141.4474645, -2.7405314 ], [ 141.447781, -2.7414718 ], [ 141.448017099999987, -2.7420291 ], [ 141.4481887, -2.7424095 ], [ 141.4483684, -2.7427953 ], [ 141.4485991, -2.7431784 ], [ 141.448805599999986, -2.7434785 ], [ 141.449103400000013, -2.7438911 ], [ 141.4493287, -2.7441724 ], [ 141.44962910000001, -2.7445796 ], [ 141.449845, -2.7448422 ], [ 141.4499, -2.7449373 ], [ 141.4499429, -2.7450378 ], [ 141.450018, -2.7451824 ], [ 141.4500783, -2.7453017 ], [ 141.450136, -2.7454075 ], [ 141.4503345, -2.7458335 ], [ 141.4505115, -2.7462059 ], [ 141.4506027, -2.7463854 ], [ 141.4507422, -2.7465649 ], [ 141.4509514, -2.7468622 ], [ 141.4511257, -2.7471007 ], [ 141.451310799999987, -2.7473338 ], [ 141.4515911, -2.7476111 ], [ 141.4519666, -2.7479044 ], [ 141.4523153, -2.7481161 ], [ 141.4527458, -2.7483679 ], [ 141.4532259, -2.748668 ], [ 141.4536604, -2.7489546 ], [ 141.454159299999986, -2.7493217 ], [ 141.454449, -2.7495789 ], [ 141.4549331, -2.750037 ], [ 141.455293899999987, -2.7503773 ], [ 141.455603700000012, -2.7506398 ], [ 141.4561415, -2.7510845 ], [ 141.4566873, -2.751461 ], [ 141.4570668, -2.7516873 ], [ 141.457568400000014, -2.7519633 ], [ 141.4581987, -2.7522312 ], [ 141.4586131, -2.7523879 ], [ 141.4591523, -2.7525648 ], [ 141.459816100000012, -2.7528032 ], [ 141.460262699999987, -2.7529827 ], [ 141.4608246, -2.7532131 ], [ 141.461395900000014, -2.7534542 ], [ 141.462003399999986, -2.7537141 ], [ 141.4624339, -2.7538856 ], [ 141.4630052, -2.7540945 ], [ 141.4633445, -2.7542178 ], [ 141.4636597, -2.7543249 ], [ 141.4641251, -2.7544642 ], [ 141.4645059, -2.7545969 ], [ 141.4649029, -2.7547214 ], [ 141.4652865, -2.7548487 ], [ 141.465507699999989, -2.7549251 ], [ 141.4657894, -2.7550416 ], [ 141.4659168, -2.7551287 ], [ 141.466006599999986, -2.7551876 ], [ 141.4661032, -2.7552372 ], [ 141.466210499999988, -2.755272 ], [ 141.466362, -2.7553323 ], [ 141.4666383, -2.755481 ], [ 141.46700580000001, -2.7556497 ], [ 141.4675033, -2.7558668 ], [ 141.4679405, -2.7560342 ], [ 141.4685574, -2.7562539 ], [ 141.468843099999987, -2.756345 ], [ 141.469112599999988, -2.7564187 ], [ 141.469402300000013, -2.756503 ], [ 141.4699602, -2.7566303 ], [ 141.470571799999988, -2.7567602 ], [ 141.4712369, -2.7569451 ], [ 141.4714582, -2.7570081 ], [ 141.4716929, -2.7570831 ], [ 141.4720725, -2.7572036 ], [ 141.472730899999988, -2.7573604 ], [ 141.4731467, -2.7574541 ], [ 141.4738601, -2.7576015 ], [ 141.4748204, -2.7577649 ], [ 141.4752696, -2.757848 ], [ 141.4757162, -2.7579323 ], [ 141.476154799999989, -2.758006 ], [ 141.4764673, -2.7580784 ], [ 141.4767556, -2.7581427 ], [ 141.4770426, -2.7582177 ], [ 141.4775321, -2.7583074 ], [ 141.4780726, -2.7583677 ], [ 141.4784802, -2.7584333 ], [ 141.4788222, -2.7585097 ], [ 141.4792031, -2.7586088 ], [ 141.47965640000001, -2.7587039 ], [ 141.4801607, -2.7588285 ], [ 141.4806233, -2.7589209 ], [ 141.481080600000013, -2.7590375 ], [ 141.4815795, -2.7591219 ], [ 141.4819363, -2.7592116 ], [ 141.4823815, -2.7593295 ], [ 141.4831178, -2.7594996 ], [ 141.483977399999986, -2.7597314 ], [ 141.484698900000012, -2.7599216 ], [ 141.485167, -2.7600435 ], [ 141.4859395, -2.7601975 ], [ 141.486420900000013, -2.7603194 ], [ 141.4867562, -2.7604252 ], [ 141.4871626, -2.7605552 ], [ 141.487737900000013, -2.7607374 ], [ 141.4887142, -2.7610374 ], [ 141.48902, -2.7611178 ], [ 141.489282800000012, -2.7611794 ], [ 141.4895457, -2.7612491 ], [ 141.489717399999989, -2.7613 ], [ 141.4898756, -2.7613616 ], [ 141.4899829, -2.7614018 ], [ 141.4901358, -2.7614312 ], [ 141.4904228, -2.7614955 ], [ 141.4909002, -2.7616161 ], [ 141.491133600000012, -2.7616992 ], [ 141.4913186, -2.7617581 ], [ 141.4914554, -2.7618063 ], [ 141.491552, -2.7618411 ], [ 141.4916566, -2.761884 ], [ 141.4917585, -2.7619081 ], [ 141.4918604, -2.7619162 ], [ 141.491991899999988, -2.761951 ], [ 141.4920884, -2.7619724 ], [ 141.492227899999989, -2.7620126 ], [ 141.492375399999986, -2.7620582 ], [ 141.4925632, -2.7621358 ], [ 141.4927241, -2.7621921 ], [ 141.4928126, -2.7622323 ], [ 141.4929655, -2.7622859 ], [ 141.493282, -2.7623689 ], [ 141.4935717, -2.7624681 ], [ 141.493839900000012, -2.7625565 ], [ 141.4942905, -2.762677 ], [ 141.4945239, -2.7627413 ], [ 141.4951381, -2.7629449 ], [ 141.4955941, -2.7630842 ], [ 141.496015199999988, -2.7632155 ], [ 141.496447, -2.7633441 ], [ 141.4968896, -2.7634995 ], [ 141.4971793, -2.7636201 ], [ 141.4974824, -2.7637326 ], [ 141.497680800000012, -2.7637942 ], [ 141.4980429, -2.763896 ], [ 141.4983353, -2.7639617 ], [ 141.4985767, -2.7640487 ], [ 141.4987108, -2.7641184 ], [ 141.498870399999987, -2.7641961 ], [ 141.4991105, -2.7642979 ], [ 141.499437699999987, -2.7643916 ], [ 141.4997837, -2.7644881 ], [ 141.500241, -2.7645966 ], [ 141.500605799999988, -2.7647131 ], [ 141.5017444, -2.7651096 ], [ 141.5026282, -2.765403 ], [ 141.50356690000001, -2.7657553 ], [ 141.504208, -2.7660125 ], [ 141.5045929, -2.766184 ], [ 141.5052608, -2.7664545 ], [ 141.5057248, -2.7666421 ], [ 141.5070015, -2.767127 ], [ 141.5075889, -2.7673494 ], [ 141.5094236, -2.7680781 ], [ 141.5104844, -2.7685375 ], [ 141.5114835, -2.7690506 ], [ 141.5122989, -2.7694337 ], [ 141.5129399, -2.7697337 ], [ 141.513534, -2.7700016 ], [ 141.514006099999989, -2.770224 ], [ 141.514511700000014, -2.7704745 ], [ 141.5149757, -2.7707009 ], [ 141.515375400000011, -2.7708844 ], [ 141.515733399999988, -2.7710398 ], [ 141.5163892, -2.7713345 ], [ 141.5169565, -2.7715944 ], [ 141.517324, -2.7717779 ], [ 141.5176526, -2.7719587 ], [ 141.5179731, -2.7721208 ], [ 141.518561799999986, -2.7724021 ], [ 141.5190017, -2.7726285 ], [ 141.5194108, -2.7728629 ], [ 141.5196589, -2.7730062 ], [ 141.519913699999989, -2.7731455 ], [ 141.5203053, -2.7733371 ], [ 141.5207478, -2.7735568 ], [ 141.5210885, -2.7737014 ], [ 141.5214372, -2.7738783 ], [ 141.52189580000001, -2.77411 ], [ 141.5223303, -2.7743243 ], [ 141.5225959, -2.7744489 ], [ 141.5230277, -2.7746405 ], [ 141.523483700000014, -2.7748775 ], [ 141.5239343, -2.7751146 ], [ 141.5243031, -2.7753183 ], [ 141.5245941, -2.7754937 ], [ 141.5248623, -2.7756438 ], [ 141.5252084, -2.7758286 ], [ 141.5258521, -2.7761394 ], [ 141.5263818, -2.7763765 ], [ 141.52701350000001, -2.77671 ], [ 141.52757410000001, -2.7769806 ], [ 141.528258, -2.777286 ], [ 141.528765, -2.7775405 ], [ 141.5293014, -2.7777843 ], [ 141.52973320000001, -2.7779906 ], [ 141.5301141, -2.7782023 ], [ 141.5304387, -2.7783603 ], [ 141.530664, -2.7784621 ], [ 141.5308008, -2.778505 ], [ 141.5309268, -2.7785452 ], [ 141.531098500000013, -2.7786229 ], [ 141.5313989, -2.7787622 ], [ 141.532029200000011, -2.7790488 ], [ 141.5325469, -2.7792873 ], [ 141.5328553, -2.7794427 ], [ 141.5332013, -2.7796088 ], [ 141.5337619, -2.7798981 ], [ 141.5343145, -2.7801392 ], [ 141.5348482, -2.7803857 ], [ 141.5352586, -2.7805866 ], [ 141.5355644, -2.7807259 ], [ 141.5360686, -2.7809912 ], [ 141.536696299999988, -2.7812671 ], [ 141.5371925, -2.7814895 ], [ 141.537484799999987, -2.7816502 ], [ 141.5377182, -2.7817681 ], [ 141.538383399999987, -2.7820547 ], [ 141.5387911, -2.7822557 ], [ 141.53918, -2.7824459 ], [ 141.5397647, -2.7827379 ], [ 141.5403387, -2.7830112 ], [ 141.540893899999986, -2.7832791 ], [ 141.541315, -2.7834693 ], [ 141.5415671, -2.7835872 ], [ 141.54172, -2.7836648 ], [ 141.5420794, -2.7838229 ], [ 141.5421519, -2.7838658 ], [ 141.5422364, -2.7839207 ], [ 141.5423691, -2.783993 ], [ 141.5427111, -2.7841377 ], [ 141.5431711, -2.7843493 ], [ 141.5434004, -2.7844712 ], [ 141.5435654, -2.7845543 ], [ 141.543843, -2.7846963 ], [ 141.544281500000011, -2.784924 ], [ 141.5449199, -2.7852562 ], [ 141.5454483, -2.785492 ], [ 141.546051799999987, -2.7857893 ], [ 141.5465158, -2.7860144 ], [ 141.5468404, -2.7861697 ], [ 141.5472642, -2.7863519 ], [ 141.547631599999988, -2.7865502 ], [ 141.5480581, -2.7867431 ], [ 141.548731299999986, -2.7870994 ], [ 141.5489835, -2.7872226 ], [ 141.5494153, -2.7874289 ], [ 141.5497801, -2.7875896 ], [ 141.5500241, -2.7877182 ], [ 141.550279, -2.7878415 ], [ 141.550743, -2.7880638 ], [ 141.5511292, -2.7882648 ], [ 141.551459099999988, -2.7884148 ], [ 141.5518883, -2.7886425 ], [ 141.552186, -2.7888032 ], [ 141.552591, -2.7890149 ], [ 141.552950399999986, -2.789189 ], [ 141.5533662, -2.789339 ], [ 141.5537712, -2.7895346 ], [ 141.554219100000012, -2.7897516 ], [ 141.5544927, -2.7898963 ], [ 141.5550613, -2.7901963 ], [ 141.5554529, -2.7904321 ], [ 141.555562900000012, -2.7904803 ], [ 141.555785500000013, -2.7906089 ], [ 141.556386300000014, -2.7908902 ], [ 141.556732399999987, -2.7910536 ], [ 141.55722320000001, -2.7912894 ], [ 141.557588, -2.7914608 ], [ 141.557757, -2.7915466 ], [ 141.5579554, -2.7916564 ], [ 141.5582961, -2.7918413 ], [ 141.558854, -2.792077 ], [ 141.559350200000011, -2.7923154 ], [ 141.5598518, -2.792578 ], [ 141.560289, -2.7928057 ], [ 141.5607798, -2.7930656 ], [ 141.5613672, -2.7933737 ], [ 141.5617293, -2.7935692 ], [ 141.5620753, -2.7937326 ], [ 141.562475, -2.7939309 ], [ 141.5631482, -2.7942711 ], [ 141.5636954, -2.794539 ], [ 141.5639582, -2.794673 ], [ 141.564258599999988, -2.7948337 ], [ 141.5649372, -2.7951954 ], [ 141.565318100000013, -2.795391 ], [ 141.5656587, -2.7955705 ], [ 141.5660235, -2.7957875 ], [ 141.5665492, -2.7960768 ], [ 141.5668604, -2.7962697 ], [ 141.567270799999989, -2.796551 ], [ 141.5675846, -2.796768 ], [ 141.5678206, -2.79691 ], [ 141.568113, -2.7970305 ], [ 141.5684536, -2.7971337 ], [ 141.5686561, -2.7971792 ], [ 141.5689042, -2.797218 ], [ 141.5690276, -2.7972207 ], [ 141.569153699999987, -2.797202 ], [ 141.5692636, -2.7971832 ], [ 141.5693951, -2.7972073 ], [ 141.5694782, -2.7972448 ], [ 141.5696016, -2.7973734 ], [ 141.5697384, -2.7975476 ], [ 141.570012, -2.7978048 ], [ 141.57040090000001, -2.798212 ], [ 141.5707952, -2.7985602 ], [ 141.5713048, -2.7989192 ], [ 141.571704399999987, -2.7992086 ], [ 141.5722302, -2.7995274 ], [ 141.5727183, -2.7997953 ], [ 141.572949, -2.7998917 ], [ 141.5732226, -2.8000096 ], [ 141.573354, -2.8000524 ], [ 141.573472, -2.8001007 ], [ 141.573560500000013, -2.8001435 ], [ 141.5736973, -2.8002802 ], [ 141.573791199999988, -2.80039 ], [ 141.573946799999987, -2.80054 ], [ 141.574263300000013, -2.8007972 ], [ 141.5744618, -2.800966 ], [ 141.574756799999989, -2.8012178 ], [ 141.5750787, -2.8015018 ], [ 141.5753549, -2.8017322 ], [ 141.5758324, -2.8021528 ], [ 141.576269599999989, -2.8024984 ], [ 141.576457299999987, -2.8026457 ], [ 141.576795299999986, -2.8029083 ], [ 141.577280800000011, -2.8032994 ], [ 141.5776616, -2.8035887 ], [ 141.5781015, -2.8039343 ], [ 141.5783697, -2.8041379 ], [ 141.578646, -2.8043522 ], [ 141.5791208, -2.8046898 ], [ 141.579496299999988, -2.804955 ], [ 141.580000500000011, -2.8053381 ], [ 141.5804109, -2.8056516 ], [ 141.5809071, -2.8060186 ], [ 141.5813684, -2.8063722 ], [ 141.581811, -2.8067098 ], [ 141.582350100000014, -2.8070848 ], [ 141.582741700000014, -2.8073661 ], [ 141.5832433, -2.8077197 ], [ 141.5836081, -2.8079716 ], [ 141.5839675, -2.8082287 ], [ 141.584544200000011, -2.8086547 ], [ 141.5850994, -2.8090432 ], [ 141.585780699999987, -2.8094664 ], [ 141.5862581, -2.8097959 ], [ 141.5867007, -2.8101094 ], [ 141.587081500000011, -2.8103639 ], [ 141.5873498, -2.8105648 ], [ 141.5879104, -2.8109506 ], [ 141.58833150000001, -2.8112319 ], [ 141.5887338, -2.8114891 ], [ 141.5893078, -2.8118373 ], [ 141.589844199999987, -2.8122204 ], [ 141.5902546, -2.8124883 ], [ 141.5908527, -2.8128527 ], [ 141.591086100000012, -2.8130188 ], [ 141.59123360000001, -2.8131741 ], [ 141.5914884, -2.813367 ], [ 141.5917593, -2.813568 ], [ 141.5918881, -2.813643 ], [ 141.5920892, -2.8137046 ], [ 141.592287700000014, -2.8137983 ], [ 141.592679299999986, -2.8140234 ], [ 141.5931541, -2.8143127 ], [ 141.5936771, -2.8146449 ], [ 141.5944174, -2.8150843 ], [ 141.594744600000013, -2.8152798 ], [ 141.5954769, -2.8157004 ], [ 141.5959597, -2.8159897 ], [ 141.5962788, -2.816196 ], [ 141.5967402, -2.8164586 ], [ 141.5971827, -2.8167265 ], [ 141.597539500000011, -2.8169167 ], [ 141.597931100000011, -2.8171363 ], [ 141.5984166, -2.8174123 ], [ 141.5989074, -2.8176962 ], [ 141.5993714, -2.8179615 ], [ 141.599910599999987, -2.8182481 ], [ 141.6002887, -2.8184651 ], [ 141.6007689, -2.8187089 ], [ 141.6013777, -2.8190304 ], [ 141.6020268, -2.8194161 ], [ 141.6023312, -2.8195662 ], [ 141.6028972, -2.8198635 ], [ 141.6034645, -2.8201582 ], [ 141.6040237, -2.8204877 ], [ 141.604660700000011, -2.8208253 ], [ 141.605073800000014, -2.8210543 ], [ 141.6053675, -2.8212017 ], [ 141.605612900000011, -2.8213343 ], [ 141.606288799999987, -2.821712 ], [ 141.606889700000011, -2.8220362 ], [ 141.607179300000013, -2.8221835 ], [ 141.6078392, -2.8225077 ], [ 141.608064500000012, -2.8226054 ], [ 141.6085258, -2.8228613 ], [ 141.6090381, -2.8231613 ], [ 141.6094539, -2.8233837 ], [ 141.6097838, -2.8235578 ], [ 141.6104355, -2.8238954 ], [ 141.6107494, -2.8240266 ], [ 141.6112295, -2.8242597 ], [ 141.6116881, -2.8244767 ], [ 141.6121066, -2.8246776 ], [ 141.612533, -2.8248919 ], [ 141.6129085, -2.8250875 ], [ 141.613141899999988, -2.8252107 ], [ 141.613533499999988, -2.8254197 ], [ 141.614045800000014, -2.8256822 ], [ 141.61434890000001, -2.8258135 ], [ 141.6147593, -2.826009 ], [ 141.6152394, -2.8262394 ], [ 141.615639, -2.8264082 ], [ 141.6160762, -2.8266413 ], [ 141.6164786, -2.8268234 ], [ 141.6169238, -2.8270485 ], [ 141.617538, -2.8273324 ], [ 141.618053, -2.8275736 ], [ 141.6183776, -2.8277289 ], [ 141.619056199999989, -2.828037 ], [ 141.6195658, -2.8282647 ], [ 141.620121, -2.8285407 ], [ 141.6205448, -2.8287309 ], [ 141.6208479, -2.8288782 ], [ 141.6210759, -2.8289693 ], [ 141.6215774, -2.829197 ], [ 141.6224062, -2.8295828 ], [ 141.6229454, -2.8298265 ], [ 141.6235274, -2.8300944 ], [ 141.6239995, -2.8303034 ], [ 141.624557399999986, -2.8305552 ], [ 141.625812599999989, -2.8311017 ], [ 141.6263947, -2.8313482 ], [ 141.6267326, -2.8314928 ], [ 141.6277277, -2.8319188 ], [ 141.6286558, -2.8323099 ], [ 141.6294953, -2.8326769 ], [ 141.6299996, -2.8328912 ], [ 141.6304046, -2.8330627 ], [ 141.63111, -2.8333601 ], [ 141.631477499999988, -2.8335128 ], [ 141.631842299999988, -2.8336601 ], [ 141.632427, -2.8339012 ], [ 141.6327703, -2.8340539 ], [ 141.633178, -2.8342254 ], [ 141.6337574, -2.8344665 ], [ 141.6341329, -2.8346111 ], [ 141.634503, -2.8347558 ], [ 141.6350368, -2.8349728 ], [ 141.63535060000001, -2.835104 ], [ 141.635661700000014, -2.8352299 ], [ 141.6359273, -2.8353451 ], [ 141.6360587, -2.8354094 ], [ 141.636222299999986, -2.8354684 ], [ 141.636461, -2.8355487 ], [ 141.6366783, -2.8356345 ], [ 141.6368821, -2.8357148 ], [ 141.6371906, -2.8358461 ], [ 141.6375554, -2.8359747 ], [ 141.6378906, -2.8361033 ], [ 141.6382232, -2.8362212 ], [ 141.6386148, -2.8364114 ], [ 141.6389689, -2.8365614 ], [ 141.6396072, -2.8368025 ], [ 141.640267099999988, -2.8370838 ], [ 141.6407499, -2.8372633 ], [ 141.6410181, -2.8373704 ], [ 141.6412729, -2.8374802 ], [ 141.641500900000011, -2.8375847 ], [ 141.6416538, -2.8376624 ], [ 141.641838799999988, -2.8377374 ], [ 141.6420642, -2.8378339 ], [ 141.642243900000011, -2.8378874 ], [ 141.6426328, -2.8380482 ], [ 141.6430083, -2.8381687 ], [ 141.643485700000014, -2.8383429 ], [ 141.64388, -2.8385063 ], [ 141.6442877, -2.8386724 ], [ 141.644802700000014, -2.8388706 ], [ 141.645138, -2.8390099 ], [ 141.6454115, -2.8391197 ], [ 141.645669, -2.8392162 ], [ 141.6458273, -2.8392698 ], [ 141.6461626, -2.8393823 ], [ 141.6465045, -2.8394881 ], [ 141.6468801, -2.8396274 ], [ 141.6470933, -2.8397131 ], [ 141.6471697, -2.83976 ], [ 141.64723810000001, -2.8398377 ], [ 141.647286400000013, -2.8399154 ], [ 141.6473629, -2.8399797 ], [ 141.6474567, -2.8400373 ], [ 141.647619, -2.8400909 ], [ 141.647840300000013, -2.8401632 ], [ 141.64798110000001, -2.8402261 ], [ 141.648083, -2.8402757 ], [ 141.6481742, -2.8403132 ], [ 141.648258700000014, -2.840348 ], [ 141.648374, -2.8404003 ], [ 141.648441100000014, -2.840419 ], [ 141.6485859, -2.8404498 ], [ 141.6487496, -2.8404913 ], [ 141.6489574, -2.840557 ], [ 141.649257799999987, -2.8406722 ], [ 141.6495314, -2.8407753 ], [ 141.6496803, -2.8408409 ], [ 141.649885500000011, -2.840928 ], [ 141.650151, -2.8410499 ], [ 141.6503951, -2.8411611 ], [ 141.6506164, -2.8412615 ], [ 141.6508336, -2.8413566 ], [ 141.65102, -2.8414183 ], [ 141.6512132, -2.8414812 ], [ 141.6514599, -2.8415776 ], [ 141.6516785, -2.8416714 ], [ 141.651918599999988, -2.8417853 ], [ 141.6521828, -2.8418938 ], [ 141.652485899999988, -2.8420183 ], [ 141.6527621, -2.8421255 ], [ 141.653051799999986, -2.8422581 ], [ 141.653348200000011, -2.8423827 ], [ 141.6537639, -2.8425541 ], [ 141.6542508, -2.8427296 ], [ 141.654557899999986, -2.8428247 ], [ 141.654755, -2.842905 ], [ 141.655314299999986, -2.8431461 ], [ 141.6556723, -2.8433216 ], [ 141.6560706, -2.8434957 ], [ 141.6564529, -2.8436511 ], [ 141.656852500000014, -2.8438092 ], [ 141.6571717, -2.8439337 ], [ 141.657553900000011, -2.8440583 ], [ 141.657789900000012, -2.8441534 ], [ 141.658038, -2.8442579 ], [ 141.6582285, -2.8443637 ], [ 141.658351900000014, -2.8444186 ], [ 141.6584538, -2.8444575 ], [ 141.6585718, -2.8444963 ], [ 141.6587649, -2.8445646 ], [ 141.6590828, -2.8446771 ], [ 141.659289300000012, -2.8447682 ], [ 141.6594771, -2.8448754 ], [ 141.6596568, -2.8449732 ], [ 141.65984850000001, -2.8450495 ], [ 141.6599545, -2.8450857 ], [ 141.660039, -2.8451232 ], [ 141.6601516, -2.8451835 ], [ 141.660254900000012, -2.8452263 ], [ 141.660334, -2.8452464 ], [ 141.6604413, -2.8452531 ], [ 141.660579399999989, -2.8452772 ], [ 141.660672, -2.845304 ], [ 141.660761799999989, -2.8453402 ], [ 141.6608866, -2.8454125 ], [ 141.6610636, -2.8455103 ], [ 141.661260700000014, -2.8456014 ], [ 141.661416300000013, -2.8456536 ], [ 141.6617247, -2.84573 ], [ 141.6619581, -2.845821 ], [ 141.6622585, -2.8459751 ], [ 141.6624945, -2.8460755 ], [ 141.6628499, -2.8462162 ], [ 141.6632013, -2.8463796 ], [ 141.663528500000012, -2.846543 ], [ 141.663853100000011, -2.8467011 ], [ 141.6640382, -2.8467613 ], [ 141.664286299999986, -2.8468216 ], [ 141.66443910000001, -2.8468671 ], [ 141.6645451, -2.8469221 ], [ 141.6646155, -2.846981 ], [ 141.664676500000013, -2.8470373 ], [ 141.6647691, -2.8471082 ], [ 141.6648643, -2.8471605 ], [ 141.6649568, -2.8471926 ], [ 141.6651124, -2.8472261 ], [ 141.66528, -2.8472757 ], [ 141.6654584, -2.847336 ], [ 141.6656046, -2.8474123 ], [ 141.665824500000014, -2.8475516 ], [ 141.6660082, -2.8476346 ], [ 141.6661772, -2.8476976 ], [ 141.666358300000013, -2.8477632 ], [ 141.6665205, -2.8478342 ], [ 141.6666238, -2.8478945 ], [ 141.666715, -2.8479561 ], [ 141.666833, -2.8480204 ], [ 141.6669939, -2.8480887 ], [ 141.6671763, -2.8481423 ], [ 141.6672903, -2.8481758 ], [ 141.66743790000001, -2.848232 ], [ 141.6676953, -2.848303 ], [ 141.667859, -2.8483566 ], [ 141.6680132, -2.8484209 ], [ 141.6682506, -2.8485535 ], [ 141.6684115, -2.8486473 ], [ 141.668646200000012, -2.848741 ], [ 141.6689399, -2.8488535 ], [ 141.669166499999989, -2.848954 ], [ 141.6694589, -2.8490839 ], [ 141.6697969, -2.8492165 ], [ 141.6699873, -2.8492929 ], [ 141.670163, -2.8493746 ], [ 141.670368200000013, -2.8494965 ], [ 141.6704822, -2.8495688 ], [ 141.670631, -2.8496398 ], [ 141.6708443, -2.8497255 ], [ 141.6710347, -2.8498046 ], [ 141.671226499999989, -2.8498876 ], [ 141.6713713, -2.8499666 ], [ 141.6715671, -2.8500537 ], [ 141.671792399999987, -2.8501381 ], [ 141.672021699999988, -2.8502251 ], [ 141.6721894, -2.8502894 ], [ 141.6724093, -2.8503792 ], [ 141.672697699999986, -2.8505064 ], [ 141.6728841, -2.8505921 ], [ 141.6733374, -2.8507649 ], [ 141.6737424, -2.8509163 ], [ 141.674048199999987, -2.8510516 ], [ 141.6742614, -2.8511828 ], [ 141.6744277, -2.8513128 ], [ 141.674493399999989, -2.8513637 ], [ 141.674580600000013, -2.8513958 ], [ 141.674809900000014, -2.8514588 ], [ 141.6749963, -2.8515365 ], [ 141.6752377, -2.8516516 ], [ 141.67586, -2.8519369 ], [ 141.6760692, -2.8520401 ], [ 141.676321300000012, -2.8521941 ], [ 141.6765949, -2.8523696 ], [ 141.6767585, -2.8524754 ], [ 141.6769423, -2.8525826 ], [ 141.6773231, -2.8527795 ], [ 141.6775632, -2.8529027 ], [ 141.6779682, -2.8530969 ], [ 141.678286, -2.853255 ], [ 141.6787621, -2.8534974 ], [ 141.6789579, -2.8536555 ], [ 141.6792342, -2.8538135 ], [ 141.679481, -2.8539876 ], [ 141.6796419, -2.8541162 ], [ 141.67985920000001, -2.8542957 ], [ 141.6799933, -2.8544002 ], [ 141.6801381, -2.8544752 ], [ 141.680331200000012, -2.8545529 ], [ 141.680527, -2.8546118 ], [ 141.680682600000011, -2.85466 ], [ 141.6807738, -2.8547083 ], [ 141.6808569, -2.8547993 ], [ 141.6810125, -2.8549252 ], [ 141.6811922, -2.8550619 ], [ 141.681465800000012, -2.855228 ], [ 141.6816361, -2.8553056 ], [ 141.6820438, -2.855532 ], [ 141.6824287, -2.8557798 ], [ 141.682675499999988, -2.8559191 ], [ 141.6828994, -2.8560423 ], [ 141.683120699999989, -2.8561656 ], [ 141.683346, -2.8563156 ], [ 141.6834801, -2.8564241 ], [ 141.6835955, -2.8565219 ], [ 141.6836853, -2.8565795 ], [ 141.683802, -2.8566357 ], [ 141.6838838, -2.8566786 ], [ 141.6839401, -2.8567188 ], [ 141.6840474, -2.8567978 ], [ 141.684152, -2.8568634 ], [ 141.6843317, -2.8569639 ], [ 141.6845222, -2.857055 ], [ 141.6847529, -2.8571835 ], [ 141.685064, -2.8573818 ], [ 141.6854408, -2.8576135 ], [ 141.685686299999986, -2.8577809 ], [ 141.685882099999986, -2.8579363 ], [ 141.6860068, -2.8580314 ], [ 141.6862334, -2.8581787 ], [ 141.686494900000014, -2.8583408 ], [ 141.6868074, -2.8585216 ], [ 141.687082299999986, -2.8586663 ], [ 141.6873305, -2.858819 ], [ 141.6874927, -2.8589261 ], [ 141.6877341, -2.8591043 ], [ 141.6881941, -2.8594325 ], [ 141.688343, -2.8595369 ], [ 141.68866220000001, -2.8597057 ], [ 141.6888405, -2.8598021 ], [ 141.6890109, -2.8599106 ], [ 141.689195899999987, -2.8600446 ], [ 141.689438700000011, -2.8602093 ], [ 141.6897887, -2.8604062 ], [ 141.6899671, -2.8605187 ], [ 141.6904083, -2.8608107 ], [ 141.6907342, -2.8610264 ], [ 141.6910775, -2.8612568 ], [ 141.691470399999986, -2.8614979 ], [ 141.691781600000013, -2.8616506 ], [ 141.691968, -2.8617416 ], [ 141.6920806, -2.8618166 ], [ 141.6921893, -2.8619171 ], [ 141.6923301, -2.8620189 ], [ 141.6925406, -2.8621595 ], [ 141.6927767, -2.8622854 ], [ 141.692947, -2.8624006 ], [ 141.6930677, -2.8625024 ], [ 141.6931844, -2.8626015 ], [ 141.6933252, -2.8626913 ], [ 141.6936055, -2.8628694 ], [ 141.6940212, -2.8630931 ], [ 141.6944262, -2.8633155 ], [ 141.694787, -2.8635057 ], [ 141.69520270000001, -2.8637602 ], [ 141.6956547, -2.8640267 ], [ 141.695980600000013, -2.8642424 ], [ 141.6963802, -2.8644741 ], [ 141.696722200000011, -2.8646844 ], [ 141.6969033, -2.8648036 ], [ 141.697120500000011, -2.8649536 ], [ 141.697282800000011, -2.8650326 ], [ 141.6974907, -2.8651157 ], [ 141.6976851, -2.8651947 ], [ 141.6978756, -2.8652898 ], [ 141.6979761, -2.8653581 ], [ 141.6981451, -2.865488 ], [ 141.6982672, -2.8656005 ], [ 141.698408, -2.8657251 ], [ 141.698559499999988, -2.8658296 ], [ 141.6987526, -2.8659541 ], [ 141.6989149, -2.8660626 ], [ 141.6990504, -2.8661765 ], [ 141.6991711, -2.8662595 ], [ 141.6993575, -2.8663627 ], [ 141.6995037, -2.8664176 ], [ 141.6996753, -2.8664926 ], [ 141.6998188, -2.8665649 ], [ 141.7000213, -2.8666975 ], [ 141.700172900000013, -2.8668141 ], [ 141.7003512, -2.8669212 ], [ 141.7004961, -2.8670109 ], [ 141.700612799999988, -2.867094 ], [ 141.7008018, -2.8671971 ], [ 141.700976200000014, -2.8673029 ], [ 141.7012028, -2.8674141 ], [ 141.7013638, -2.867461 ], [ 141.701570299999986, -2.8675454 ], [ 141.701751300000012, -2.8676552 ], [ 141.7019257, -2.8677784 ], [ 141.7021899, -2.8679593 ], [ 141.702380299999987, -2.8680798 ], [ 141.7027357, -2.8683155 ], [ 141.702899300000013, -2.8684173 ], [ 141.702987799999988, -2.8684615 ], [ 141.703089799999987, -2.8685004 ], [ 141.7032601, -2.868566 ], [ 141.7033754, -2.8686129 ], [ 141.7034706, -2.8686571 ], [ 141.703663799999987, -2.8687736 ], [ 141.703852899999987, -2.8688955 ], [ 141.7039883, -2.8689893 ], [ 141.7042056, -2.8691085 ], [ 141.7044778, -2.8692692 ], [ 141.7046911, -2.8693911 ], [ 141.7048681, -2.8694942 ], [ 141.7049888, -2.8695492 ], [ 141.7050907, -2.869592 ], [ 141.705167100000011, -2.8696282 ], [ 141.705236899999989, -2.8696818 ], [ 141.70530930000001, -2.8697728 ], [ 141.7053857, -2.8698465 ], [ 141.7054488, -2.8698894 ], [ 141.7055976, -2.8699604 ], [ 141.705721, -2.8699858 ], [ 141.7058082, -2.8699885 ], [ 141.7058873, -2.8700059 ], [ 141.705953, -2.8700474 ], [ 141.7060348, -2.8701238 ], [ 141.7060818, -2.8701907 ], [ 141.706127400000014, -2.8702122 ], [ 141.706202499999989, -2.8702296 ], [ 141.7063272, -2.8702363 ], [ 141.7064278, -2.8702791 ], [ 141.7065082, -2.8703434 ], [ 141.7065847, -2.8704144 ], [ 141.7066638, -2.8704801 ], [ 141.7067671, -2.8705671 ], [ 141.7068636, -2.8706394 ], [ 141.7069602, -2.8706944 ], [ 141.7070393, -2.8707265 ], [ 141.7071091, -2.8707399 ], [ 141.707180099999988, -2.8707479 ], [ 141.707260600000012, -2.8707412 ], [ 141.7073196, -2.87076 ], [ 141.70738, -2.8708096 ], [ 141.707416200000011, -2.8708645 ], [ 141.7074658, -2.8709569 ], [ 141.7075221, -2.8710064 ], [ 141.707585200000011, -2.8710373 ], [ 141.7076965, -2.8710734 ], [ 141.7077568, -2.8710882 ], [ 141.707821200000012, -2.8710962 ], [ 141.7079258, -2.871127 ], [ 141.708057200000013, -2.8711766 ], [ 141.7081484, -2.8712368 ], [ 141.7082222, -2.8713025 ], [ 141.7082959, -2.8713654 ], [ 141.708348199999989, -2.8714243 ], [ 141.7084113, -2.871486 ], [ 141.7084877, -2.8715261 ], [ 141.708604400000013, -2.8715744 ], [ 141.7087224, -2.8716413 ], [ 141.708820300000014, -2.8716936 ], [ 141.7090456, -2.8717887 ], [ 141.7092361, -2.8718623 ], [ 141.7093085, -2.8718918 ], [ 141.7093648, -2.8719306 ], [ 141.7094707, -2.872015 ], [ 141.709543200000013, -2.872078 ], [ 141.7095861, -2.8721061 ], [ 141.7096572, -2.8721342 ], [ 141.7097899, -2.8722026 ], [ 141.7099924, -2.8723298 ], [ 141.7101654, -2.8724343 ], [ 141.7103425, -2.8725347 ], [ 141.710495400000013, -2.8726204 ], [ 141.710718, -2.8727222 ], [ 141.7109352, -2.8728254 ], [ 141.711230300000011, -2.87297 ], [ 141.71165, -2.8731817 ], [ 141.711797600000011, -2.8732741 ], [ 141.711912899999987, -2.8733478 ], [ 141.712039, -2.8734495 ], [ 141.7121302, -2.8735085 ], [ 141.7122938, -2.8735888 ], [ 141.7124172, -2.8736264 ], [ 141.7125566, -2.8736706 ], [ 141.7127484, -2.8737389 ], [ 141.7129241, -2.8738206 ], [ 141.713066199999986, -2.8739009 ], [ 141.713203, -2.8739853 ], [ 141.7133345, -2.8740684 ], [ 141.7134874, -2.874146 ], [ 141.713640199999986, -2.8742492 ], [ 141.713782400000014, -2.8743336 ], [ 141.7139487, -2.8744153 ], [ 141.7141069, -2.8744715 ], [ 141.71425450000001, -2.8745465 ], [ 141.714389899999986, -2.8746416 ], [ 141.7144999, -2.8747032 ], [ 141.7146219, -2.8747595 ], [ 141.7148137, -2.8748372 ], [ 141.7150672, -2.8749497 ], [ 141.7152764, -2.8750448 ], [ 141.7155486, -2.875164 ], [ 141.715849, -2.875306 ], [ 141.716030100000012, -2.8753997 ], [ 141.716172199999988, -2.8754801 ], [ 141.716232600000012, -2.875535 ], [ 141.716309, -2.8755926 ], [ 141.7164646, -2.8756797 ], [ 141.7165759, -2.8757292 ], [ 141.7167637, -2.875815 ], [ 141.7169005, -2.8758685 ], [ 141.717070799999988, -2.8759248 ], [ 141.7171754, -2.8759703 ], [ 141.7172827, -2.8760279 ], [ 141.7174047, -2.8760989 ], [ 141.717596500000013, -2.8762021 ], [ 141.7177346, -2.8762824 ], [ 141.717862, -2.8763695 ], [ 141.717972, -2.8764311 ], [ 141.7181464, -2.8765101 ], [ 141.71828450000001, -2.8765624 ], [ 141.718365, -2.8765972 ], [ 141.7184494, -2.8766494 ], [ 141.718583599999988, -2.8767244 ], [ 141.7187338, -2.8767981 ], [ 141.7190033, -2.8768999 ], [ 141.7193064, -2.8770137 ], [ 141.7196055, -2.8771785 ], [ 141.7198817, -2.8773231 ], [ 141.720168699999988, -2.8775053 ], [ 141.7203471, -2.877587 ], [ 141.7205362, -2.8776821 ], [ 141.7208379, -2.877816 ], [ 141.7211907, -2.8779888 ], [ 141.7215112, -2.8781254 ], [ 141.721815600000014, -2.8782714 ], [ 141.7220758, -2.8783893 ], [ 141.7225827, -2.8786331 ], [ 141.72321980000001, -2.8789157 ], [ 141.723543, -2.8790684 ], [ 141.723875600000014, -2.8792653 ], [ 141.7240378, -2.8793497 ], [ 141.7243838, -2.8794903 ], [ 141.7249726, -2.8797622 ], [ 141.7253575, -2.8799457 ], [ 141.7256807, -2.8800984 ], [ 141.725900599999989, -2.8802297 ], [ 141.7260133, -2.8802899 ], [ 141.7261139, -2.8803221 ], [ 141.7262547, -2.8803355 ], [ 141.7263915, -2.8803449 ], [ 141.726474599999989, -2.8803703 ], [ 141.726535, -2.8804011 ], [ 141.726643599999989, -2.8804935 ], [ 141.7267616, -2.8805859 ], [ 141.7269748, -2.8807065 ], [ 141.7272001, -2.8808123 ], [ 141.7274496, -2.8809288 ], [ 141.7278479, -2.8810762 ], [ 141.7281604, -2.8812195 ], [ 141.7284259, -2.8813789 ], [ 141.7286566, -2.8815034 ], [ 141.7291045, -2.8817392 ], [ 141.7293875, -2.881853 ], [ 141.7295712, -2.8819213 ], [ 141.7297764, -2.8820004 ], [ 141.7299682, -2.8820754 ], [ 141.7302042, -2.8821798 ], [ 141.730444299999988, -2.882279 ], [ 141.7307353, -2.8824129 ], [ 141.7309459, -2.8825308 ], [ 141.731187299999988, -2.8826527 ], [ 141.7313321, -2.8827089 ], [ 141.7316821, -2.8828053 ], [ 141.7318256, -2.8828536 ], [ 141.731977199999989, -2.8829219 ], [ 141.732236, -2.8830799 ], [ 141.7325109, -2.8832728 ], [ 141.7327335, -2.8834054 ], [ 141.732988400000011, -2.8835286 ], [ 141.7332901, -2.8836652 ], [ 141.7337233, -2.8838608 ], [ 141.7341524, -2.884059 ], [ 141.7347653, -2.8843336 ], [ 141.73530980000001, -2.8845827 ], [ 141.7356102, -2.8847475 ], [ 141.735992399999986, -2.8849457 ], [ 141.7364766, -2.8851948 ], [ 141.7368065, -2.8853502 ], [ 141.7372128, -2.8855498 ], [ 141.7374207, -2.885661 ], [ 141.7376487, -2.8857721 ], [ 141.7377922, -2.8858458 ], [ 141.7380953, -2.8859972 ], [ 141.738402400000012, -2.8861351 ], [ 141.738713499999989, -2.8862583 ], [ 141.738902599999989, -2.8863427 ], [ 141.7392433, -2.8865142 ], [ 141.739555700000011, -2.8866695 ], [ 141.7396952, -2.8867338 ], [ 141.7398334, -2.8867807 ], [ 141.7399809, -2.8868276 ], [ 141.7402008, -2.8869066 ], [ 141.740368499999988, -2.886987 ], [ 141.7404985, -2.8870606 ], [ 141.7405991, -2.887137 ], [ 141.7406709, -2.8871952 ], [ 141.7407708, -2.8872468 ], [ 141.7409974, -2.8873446 ], [ 141.7411624, -2.8873941 ], [ 141.7413166, -2.8874504 ], [ 141.7414172, -2.887516 ], [ 141.7415205, -2.8875843 ], [ 141.7416438, -2.8876299 ], [ 141.7418101, -2.8876928 ], [ 141.7420797, -2.8877759 ], [ 141.742238, -2.8878495 ], [ 141.7423935, -2.8879299 ], [ 141.7426644, -2.8880665 ], [ 141.74294470000001, -2.8881965 ], [ 141.7433202, -2.8883585 ], [ 141.7437816, -2.8885661 ], [ 141.7442, -2.8887402 ], [ 141.7444561, -2.88883 ], [ 141.744597, -2.8888849 ], [ 141.7446814, -2.8889318 ], [ 141.7448531, -2.8890403 ], [ 141.7449939, -2.8891072 ], [ 141.7451414, -2.8891648 ], [ 141.745268900000013, -2.8892023 ], [ 141.7454942, -2.889276 ], [ 141.7457584, -2.8893818 ], [ 141.745938099999989, -2.8894823 ], [ 141.7461419, -2.8896028 ], [ 141.7463095, -2.8896885 ], [ 141.7464665, -2.8897435 ], [ 141.7466502, -2.8897944 ], [ 141.7468111, -2.8898653 ], [ 141.7469251, -2.8899444 ], [ 141.747043100000013, -2.8900113 ], [ 141.7472094, -2.8900783 ], [ 141.74752190000001, -2.8901935 ], [ 141.7479739, -2.890381 ], [ 141.7484647, -2.8905645 ], [ 141.7489046, -2.8907185 ], [ 141.7492224, -2.8908739 ], [ 141.749492, -2.8909985 ], [ 141.749728, -2.8911217 ], [ 141.7500713, -2.8912757 ], [ 141.750257800000014, -2.8913869 ], [ 141.750331499999987, -2.8914217 ], [ 141.7504308, -2.8914579 ], [ 141.750695, -2.8915476 ], [ 141.7509444, -2.8916226 ], [ 141.7511992, -2.8916963 ], [ 141.7514352, -2.891786 ], [ 141.7516378, -2.8918597 ], [ 141.7517209, -2.8919039 ], [ 141.751822800000014, -2.8919521 ], [ 141.7519408, -2.8920057 ], [ 141.7520548, -2.8920687 ], [ 141.752207700000014, -2.8921396 ], [ 141.7523512, -2.8922039 ], [ 141.7524827, -2.8922495 ], [ 141.7526235, -2.8922883 ], [ 141.752741500000013, -2.8923459 ], [ 141.7528273, -2.8923981 ], [ 141.752923900000013, -2.8924423 ], [ 141.753012399999989, -2.8924665 ], [ 141.753099600000013, -2.8924932 ], [ 141.753201499999989, -2.8925388 ], [ 141.753280600000011, -2.8925696 ], [ 141.7533262, -2.8925816 ], [ 141.753410699999989, -2.8926084 ], [ 141.753463, -2.8926245 ], [ 141.753522, -2.8926499 ], [ 141.7536025, -2.8926714 ], [ 141.7537285, -2.8927116 ], [ 141.7538734, -2.8927825 ], [ 141.7540075, -2.8928468 ], [ 141.7541376, -2.8928991 ], [ 141.754239500000011, -2.8929285 ], [ 141.7543106, -2.8929272 ], [ 141.7543642, -2.8929352 ], [ 141.7544071, -2.892966 ], [ 141.7544433, -2.8929995 ], [ 141.7544916, -2.8930317 ], [ 141.754564, -2.8930692 ], [ 141.7546941, -2.8931268 ], [ 141.7548014, -2.893179 ], [ 141.7549248, -2.8932353 ], [ 141.755124599999988, -2.8933237 ], [ 141.755280199999987, -2.8933772 ], [ 141.7555605, -2.8934817 ], [ 141.7557402, -2.89355 ], [ 141.7559065, -2.8936116 ], [ 141.756035200000014, -2.8936773 ], [ 141.7562082, -2.8937643 ], [ 141.7563759, -2.8938661 ], [ 141.7564899, -2.8939117 ], [ 141.7566387, -2.8939532 ], [ 141.756764800000013, -2.8940041 ], [ 141.7568882, -2.894071 ], [ 141.7570478, -2.8941487 ], [ 141.75721, -2.8942425 ], [ 141.7574112, -2.8943537 ], [ 141.757568099999986, -2.89443 ], [ 141.757805499999989, -2.8945666 ], [ 141.758053600000011, -2.8947006 ], [ 141.758354, -2.894868 ], [ 141.758607500000011, -2.8950434 ], [ 141.7588462, -2.8952176 ], [ 141.75896560000001, -2.8953113 ], [ 141.7591989, -2.8954814 ], [ 141.759310199999987, -2.8955792 ], [ 141.7594215, -2.8956622 ], [ 141.7595878, -2.895756 ], [ 141.7597474, -2.8958578 ], [ 141.7598467, -2.8959315 ], [ 141.7599942, -2.8960667 ], [ 141.7602047, -2.8962328 ], [ 141.7605695, -2.8965047 ], [ 141.7607519, -2.8966588 ], [ 141.760937, -2.8968128 ], [ 141.761199800000014, -2.897074 ], [ 141.761751, -2.8976459 ], [ 141.7621909, -2.8981321 ], [ 141.7624229, -2.8983812 ], [ 141.762767599999989, -2.8986919 ], [ 141.763279899999986, -2.8991299 ], [ 141.76375, -2.8995 ], [ 141.764096599999988, -2.8997152 ], [ 141.764237400000013, -2.8997902 ], [ 141.7643487, -2.8998492 ], [ 141.7646384, -2.8999644 ], [ 141.764861, -2.900042 ], [ 141.765102399999989, -2.9001251 ], [ 141.7653412, -2.900184 ], [ 141.765722, -2.9002751 ], [ 141.7659071, -2.9003126 ], [ 141.7664462, -2.9003742 ], [ 141.7670068, -2.9004465 ], [ 141.7672777, -2.9005108 ], [ 141.7675406, -2.9005992 ], [ 141.7680904, -2.9007653 ], [ 141.7686376, -2.90091 ], [ 141.7690963, -2.9009555 ], [ 141.769624599999986, -2.9009635 ], [ 141.7700887, -2.9009823 ], [ 141.77043470000001, -2.9010305 ], [ 141.7712903, -2.9012502 ], [ 141.7722613, -2.9014618 ], [ 141.7732483, -2.9016306 ], [ 141.773945700000013, -2.9017752 ], [ 141.774688700000013, -2.9019333 ], [ 141.7753217, -2.9021127 ], [ 141.7761371, -2.9023378 ], [ 141.776754, -2.902461 ], [ 141.777537200000012, -2.9026378 ], [ 141.7783928, -2.9028306 ], [ 141.7787629, -2.9029405 ], [ 141.7797098, -2.9031923 ], [ 141.7805332, -2.9034414 ], [ 141.7812011, -2.9036584 ], [ 141.7820755, -2.9039477 ], [ 141.7827326, -2.9041968 ], [ 141.7832395, -2.9044379 ], [ 141.783518500000014, -2.9045665 ], [ 141.7837304, -2.9046388 ], [ 141.7841139, -2.9047594 ], [ 141.784435800000011, -2.9048478 ], [ 141.7852914, -2.9051451 ], [ 141.786232899999987, -2.9054907 ], [ 141.787177, -2.9057987 ], [ 141.7878503, -2.906013 ], [ 141.78884, -2.906305 ], [ 141.7894676, -2.9064738 ], [ 141.7901194, -2.9066104 ], [ 141.7917529, -2.906897 ], [ 141.7926434, -2.9070551 ], [ 141.793381, -2.9071676 ], [ 141.7942876, -2.9072961 ], [ 141.795062699999988, -2.907406 ], [ 141.7956153, -2.9074944 ], [ 141.7961329, -2.9075747 ], [ 141.79679010000001, -2.9076524 ], [ 141.7978039, -2.9078319 ], [ 141.7989627, -2.9080596 ], [ 141.799947, -2.9082498 ], [ 141.8010655, -2.9084775 ], [ 141.8017575, -2.9086382 ], [ 141.803053, -2.9088927 ], [ 141.80391130000001, -2.9090963 ], [ 141.8048125, -2.9093534 ], [ 141.8058988, -2.9096106 ], [ 141.8070495, -2.9098731 ], [ 141.80794, -2.9100606 ], [ 141.8090478, -2.9103231 ], [ 141.8101528, -2.9105642 ], [ 141.8109843, -2.9107705 ], [ 141.811622699999987, -2.9109366 ], [ 141.812405899999987, -2.9111991 ], [ 141.81286990000001, -2.9113839 ], [ 141.8131569, -2.9115071 ], [ 141.8134358, -2.9116036 ], [ 141.8136477, -2.9116518 ], [ 141.8137376, -2.9116478 ], [ 141.8138127, -2.911625 ], [ 141.813916, -2.9115888 ], [ 141.81399780000001, -2.9115701 ], [ 141.8141426, -2.9115755 ], [ 141.8142512, -2.9115929 ], [ 141.81456510000001, -2.9116357 ], [ 141.8147126, -2.9116786 ], [ 141.814889599999987, -2.9117964 ], [ 141.815125599999988, -2.9120161 ], [ 141.8152866, -2.9122599 ], [ 141.8155146, -2.9126188 ], [ 141.8156755, -2.9128063 ], [ 141.815855199999987, -2.9129671 ], [ 141.8161663, -2.9131519 ], [ 141.8167162, -2.913393 ], [ 141.8174162, -2.9136662 ], [ 141.8179581, -2.9138323 ], [ 141.8189049, -2.9141162 ], [ 141.8194815, -2.9142314 ], [ 141.8202943, -2.9144323 ], [ 141.820718, -2.9145422 ], [ 141.821222299999988, -2.914727 ], [ 141.8216917, -2.9148984 ], [ 141.821951899999988, -2.9150029 ], [ 141.822263, -2.9151449 ], [ 141.822517800000014, -2.9152735 ], [ 141.8226331, -2.915319 ], [ 141.8227109, -2.9153297 ], [ 141.822944299999989, -2.9152788 ], [ 141.8233198, -2.9152065 ], [ 141.823644300000012, -2.9151851 ], [ 141.8240145, -2.9152333 ], [ 141.824221, -2.9152815 ], [ 141.8243189, -2.9153177 ], [ 141.824388699999986, -2.9153712 ], [ 141.824435599999987, -2.9154235 ], [ 141.824482499999988, -2.9154516 ], [ 141.824542900000012, -2.915473 ], [ 141.824622, -2.9154985 ], [ 141.8246797, -2.9155186 ], [ 141.824691699999988, -2.9155373 ], [ 141.8246837, -2.9155601 ], [ 141.8246435, -2.9155735 ], [ 141.824567, -2.9155815 ], [ 141.824509400000011, -2.9155882 ], [ 141.8244664, -2.9156029 ], [ 141.824434200000013, -2.9156244 ], [ 141.824420800000013, -2.9156565 ], [ 141.8244235, -2.9157154 ], [ 141.8244463, -2.9157771 ], [ 141.8244906, -2.9158467 ], [ 141.8245657, -2.9159244 ], [ 141.824678299999988, -2.9160168 ], [ 141.8247896, -2.9161025 ], [ 141.8248929, -2.9161655 ], [ 141.8249841, -2.9161976 ], [ 141.8250673, -2.9162043 ], [ 141.825141, -2.9162191 ], [ 141.825198699999987, -2.9162445 ], [ 141.8252671, -2.9163195 ], [ 141.8253033, -2.9163731 ], [ 141.825318, -2.9163972 ], [ 141.825319400000012, -2.9164119 ], [ 141.825312700000012, -2.9164307 ], [ 141.8252952, -2.916432 ], [ 141.825251, -2.9164012 ], [ 141.8251745, -2.9163516 ], [ 141.82512890000001, -2.9163476 ], [ 141.8251021, -2.9163637 ], [ 141.8250981, -2.9164079 ], [ 141.8251249, -2.9164749 ], [ 141.8251517, -2.91657 ], [ 141.825171899999987, -2.9166597 ], [ 141.8251826, -2.9167548 ], [ 141.8252094, -2.916866 ], [ 141.8252537, -2.916949 ], [ 141.8253301, -2.9170173 ], [ 141.8255098, -2.9171405 ], [ 141.8256412, -2.9172544 ], [ 141.8257338, -2.9173535 ], [ 141.8257955, -2.9173977 ], [ 141.82585850000001, -2.9174191 ], [ 141.8259148, -2.9174164 ], [ 141.825968499999988, -2.9174191 ], [ 141.826008699999988, -2.9174164 ], [ 141.8260396, -2.9174298 ], [ 141.8260463, -2.9174432 ], [ 141.8260463, -2.917462 ], [ 141.825998, -2.9175142 ], [ 141.82588, -2.917608 ], [ 141.8257472, -2.9176723 ], [ 141.825657299999989, -2.9176991 ], [ 141.8255447, -2.9177071 ], [ 141.82542, -2.9177178 ], [ 141.8253341, -2.9177406 ], [ 141.825225499999988, -2.9177767 ], [ 141.825133, -2.9178116 ], [ 141.8250847, -2.9178531 ], [ 141.8250673, -2.9179334 ], [ 141.8250619, -2.9180955 ], [ 141.8250713, -2.9183647 ], [ 141.8250605, -2.9184558 ], [ 141.825031, -2.9185107 ], [ 141.82496, -2.9185522 ], [ 141.8248795, -2.9185603 ], [ 141.824793699999987, -2.9185482 ], [ 141.8247293, -2.9185187 ], [ 141.8246461, -2.9184652 ], [ 141.8245938, -2.9184089 ], [ 141.824556300000012, -2.9183607 ], [ 141.8245053, -2.9183205 ], [ 141.8244182, -2.9183058 ], [ 141.8243591, -2.9183152 ], [ 141.824253199999987, -2.9183928 ], [ 141.8241405, -2.9185442 ], [ 141.8240547, -2.9187786 ], [ 141.824022500000012, -2.9189889 ], [ 141.824030599999986, -2.9193264 ], [ 141.824064099999987, -2.9195648 ], [ 141.8241218, -2.919755 ], [ 141.8242921, -2.9201139 ], [ 141.8245992, -2.9205961 ], [ 141.824907700000011, -2.9209604 ], [ 141.8252242, -2.9212952 ], [ 141.825432, -2.9215752 ], [ 141.825704300000012, -2.9220265 ], [ 141.8261173, -2.9226721 ], [ 141.826460700000013, -2.9232668 ], [ 141.826569299999989, -2.9234717 ], [ 141.826750299999986, -2.923753 ], [ 141.8268818, -2.923919 ], [ 141.8269716, -2.9240195 ], [ 141.8270695, -2.9241441 ], [ 141.827123199999988, -2.9241963 ], [ 141.8271781, -2.9242351 ], [ 141.827277400000014, -2.9243182 ], [ 141.8273619, -2.9243918 ], [ 141.827404800000011, -2.9244575 ], [ 141.827445, -2.9245258 ], [ 141.8275577, -2.9247548 ], [ 141.8276261, -2.9248981 ], [ 141.8276449, -2.9249852 ], [ 141.8276502, -2.9250963 ], [ 141.8276569, -2.9252102 ], [ 141.8276744, -2.9253254 ], [ 141.827730699999989, -2.925604 ], [ 141.8277884, -2.9258531 ], [ 141.8277937, -2.9259442 ], [ 141.827787, -2.9260098 ], [ 141.82775620000001, -2.9261223 ], [ 141.82772, -2.926279 ], [ 141.827689099999986, -2.9264263 ], [ 141.827648900000014, -2.9266004 ], [ 141.8276127, -2.9267612 ], [ 141.8275885, -2.9269339 ], [ 141.8275791, -2.9271281 ], [ 141.8275832, -2.9273451 ], [ 141.8276194, -2.9275768 ], [ 141.827675699999986, -2.9277764 ], [ 141.8277575, -2.9279706 ], [ 141.8278661, -2.9281635 ], [ 141.8279882, -2.9283175 ], [ 141.8281893, -2.9284996 ], [ 141.8284348, -2.9286845 ], [ 141.8287231, -2.9288948 ], [ 141.8291925, -2.9292135 ], [ 141.829714200000012, -2.9296019 ], [ 141.8302318, -2.9299515 ], [ 141.8305671, -2.9301604 ], [ 141.8308005, -2.9302904 ], [ 141.830929200000014, -2.9303573 ], [ 141.8310352, -2.9303922 ], [ 141.8310928, -2.9304069 ], [ 141.8311679, -2.9304082 ], [ 141.8312216, -2.9304002 ], [ 141.8312618, -2.9304109 ], [ 141.831298, -2.9304484 ], [ 141.8313503, -2.9305154 ], [ 141.8313986, -2.9305596 ], [ 141.831550099999987, -2.930652 ], [ 141.8316494, -2.9307243 ], [ 141.8317433, -2.9308007 ], [ 141.831874699999986, -2.9309078 ], [ 141.831943099999989, -2.9309587 ], [ 141.8320276, -2.9309962 ], [ 141.8321429, -2.9310498 ], [ 141.8322757, -2.931102 ], [ 141.8323588, -2.9311342 ], [ 141.8324876, -2.9311984 ], [ 141.8325841, -2.9312467 ], [ 141.8326539, -2.9312761 ], [ 141.8327625, -2.9312895 ], [ 141.8328644, -2.9312895 ], [ 141.832969, -2.9313056 ], [ 141.8330643, -2.931323 ], [ 141.833116600000011, -2.9313592 ], [ 141.8331555, -2.9314074 ], [ 141.833205099999986, -2.9314449 ], [ 141.8332668, -2.931481 ], [ 141.8333365, -2.9315105 ], [ 141.8334424, -2.9315574 ], [ 141.8335497, -2.9315989 ], [ 141.8337321, -2.9316592 ], [ 141.833879599999989, -2.9317181 ], [ 141.8339977, -2.9317958 ], [ 141.834082200000012, -2.9318855 ], [ 141.834168, -2.9319766 ], [ 141.8342873, -2.9320851 ], [ 141.834386599999988, -2.9321654 ], [ 141.8344831, -2.9322458 ], [ 141.8345663, -2.9323141 ], [ 141.8346065, -2.9323476 ], [ 141.8346454, -2.932361 ], [ 141.8347259, -2.9323583 ], [ 141.8347943, -2.9323717 ], [ 141.83483720000001, -2.9323838 ], [ 141.8349069, -2.9324172 ], [ 141.8349512, -2.932444 ], [ 141.8350102, -2.9324574 ], [ 141.835121500000014, -2.9324454 ], [ 141.835203299999989, -2.9324172 ], [ 141.835257, -2.9323597 ], [ 141.8352999, -2.9323409 ], [ 141.835345499999988, -2.9323396 ], [ 141.835387, -2.9323717 ], [ 141.83541120000001, -2.9324186 ], [ 141.8354367, -2.9325713 ], [ 141.8354622, -2.9327588 ], [ 141.8354876, -2.9328405 ], [ 141.8355373, -2.9328807 ], [ 141.835667300000011, -2.9329704 ], [ 141.8358015, -2.9330628 ], [ 141.835939599999989, -2.9331485 ], [ 141.836075, -2.9332168 ], [ 141.8361957, -2.9332784 ], [ 141.836309699999987, -2.9333535 ], [ 141.8366624, -2.9336521 ], [ 141.8368059, -2.9337807 ], [ 141.8369548, -2.9338852 ], [ 141.837025899999986, -2.9339548 ], [ 141.8370688, -2.9340419 ], [ 141.837079499999987, -2.9341236 ], [ 141.837066099999987, -2.9342856 ], [ 141.8370473, -2.9343754 ], [ 141.8370004, -2.9344477 ], [ 141.8369333, -2.9344919 ], [ 141.8367925, -2.9345669 ], [ 141.8367308, -2.9346232 ], [ 141.836687899999987, -2.934733 ], [ 141.836689299999989, -2.934891 ], [ 141.8367174, -2.9350343 ], [ 141.836768400000011, -2.9351736 ], [ 141.8368743, -2.9353531 ], [ 141.836932, -2.9354442 ], [ 141.8369615, -2.935471 ], [ 141.8370004, -2.9354669 ], [ 141.83705, -2.9354227 ], [ 141.8371077, -2.9354107 ], [ 141.8371506, -2.9354187 ], [ 141.8371694, -2.9354428 ], [ 141.8371788, -2.9354857 ], [ 141.8371774, -2.9355299 ], [ 141.8371546, -2.9355661 ], [ 141.8371184, -2.9355821 ], [ 141.837092899999988, -2.9356009 ], [ 141.8370956, -2.9356344 ], [ 141.8371184, -2.9356571 ], [ 141.8371573, -2.9356879 ], [ 141.837194899999986, -2.9357201 ], [ 141.8372029, -2.9357495 ], [ 141.8371975, -2.9358031 ], [ 141.8371989, -2.9358487 ], [ 141.837220300000013, -2.9358888 ], [ 141.8372673, -2.9359692 ], [ 141.837337, -2.9360482 ], [ 141.837402700000013, -2.936154 ], [ 141.8374564, -2.9362813 ], [ 141.8375006, -2.9363697 ], [ 141.8375301, -2.9364259 ], [ 141.8375422, -2.9364661 ], [ 141.8375342, -2.936525 ], [ 141.8375087, -2.9366094 ], [ 141.8374966, -2.9366804 ], [ 141.8375154, -2.9367808 ], [ 141.837565, -2.9368558 ], [ 141.8377018, -2.9370005 ], [ 141.838125600000012, -2.9374639 ], [ 141.8384354, -2.9377639 ], [ 141.8389142, -2.9381764 ], [ 141.8391542, -2.9383479 ], [ 141.839502900000014, -2.9385849 ], [ 141.839881100000014, -2.9388166 ], [ 141.8401802, -2.9390175 ], [ 141.840428300000013, -2.939205 ], [ 141.8408145, -2.9395211 ], [ 141.8411136, -2.9397595 ], [ 141.841359, -2.9399417 ], [ 141.8416956, -2.9401935 ], [ 141.842155600000012, -2.9405069 ], [ 141.842519, -2.9407426 ], [ 141.8429227, -2.9410078 ], [ 141.8431909, -2.941202 ], [ 141.843302200000011, -2.9412703 ], [ 141.8434028, -2.9413333 ], [ 141.8434484, -2.9413701 ], [ 141.8435007, -2.941423 ], [ 141.8435624, -2.9414752 ], [ 141.8436308, -2.9415208 ], [ 141.843714, -2.9415743 ], [ 141.84395, -2.9417176 ], [ 141.844282600000014, -2.941936 ], [ 141.8445538, -2.9420942 ], [ 141.844695699999988, -2.942177 ], [ 141.844876699999986, -2.9422735 ], [ 141.8450269, -2.9423431 ], [ 141.845437299999986, -2.9425279 ], [ 141.845559, -2.9425869 ], [ 141.8457913, -2.9426994 ], [ 141.8459147, -2.9427503 ], [ 141.846018, -2.9427851 ], [ 141.8461347, -2.9428186 ], [ 141.8462614, -2.9428581 ], [ 141.8463801, -2.9429043 ], [ 141.846543700000012, -2.9429699 ], [ 141.846618799999987, -2.9430047 ], [ 141.84671130000001, -2.9430543 ], [ 141.846814599999988, -2.9431092 ], [ 141.846935300000013, -2.9431722 ], [ 141.8473873, -2.9433677 ], [ 141.847731900000014, -2.9435137 ], [ 141.8481745, -2.9436945 ], [ 141.8485393, -2.9438418 ], [ 141.8487699, -2.9439222 ], [ 141.8490301, -2.9440106 ], [ 141.8491977, -2.9440454 ], [ 141.8493158, -2.9440642 ], [ 141.8493962, -2.9440936 ], [ 141.8495062, -2.9441445 ], [ 141.849584, -2.9441726 ], [ 141.849684599999989, -2.9441887 ], [ 141.8498294, -2.9442128 ], [ 141.8502358, -2.9442597 ], [ 141.850608599999987, -2.9443106 ], [ 141.850938500000012, -2.9443776 ], [ 141.851161100000013, -2.9444579 ], [ 141.8514132, -2.944557 ], [ 141.8518397, -2.9447178 ], [ 141.8522072, -2.9448517 ], [ 141.8525586, -2.9449776 ], [ 141.852869700000014, -2.945066 ], [ 141.8530762, -2.9451142 ], [ 141.8532036, -2.9451236 ], [ 141.8532935, -2.9451115 ], [ 141.8533726, -2.9450861 ], [ 141.853435600000012, -2.9450606 ], [ 141.853496, -2.9450633 ], [ 141.8535228, -2.945078 ], [ 141.853559, -2.9451008 ], [ 141.8535791, -2.9451008 ], [ 141.8535992, -2.9450821 ], [ 141.8536489, -2.945003 ], [ 141.85372670000001, -2.9449441 ], [ 141.853807100000012, -2.9448919 ], [ 141.8538983, -2.9448356 ], [ 141.8539707, -2.9447512 ], [ 141.8540271, -2.9447245 ], [ 141.8540753, -2.9447044 ], [ 141.854098099999987, -2.9447124 ], [ 141.85411160000001, -2.9447392 ], [ 141.854086099999989, -2.9447887 ], [ 141.853990900000014, -2.9449133 ], [ 141.8538031, -2.9450821 ], [ 141.8535805, -2.9452347 ], [ 141.8534625, -2.9453151 ], [ 141.853415500000011, -2.9453807 ], [ 141.853410200000013, -2.9454611 ], [ 141.8534625, -2.9455642 ], [ 141.8535724, -2.9456995 ], [ 141.8537039, -2.9458307 ], [ 141.8539587, -2.9460236 ], [ 141.8541598, -2.9461535 ], [ 141.8545648, -2.9463276 ], [ 141.8549108, -2.946487 ], [ 141.855293100000011, -2.9466678 ], [ 141.855435199999988, -2.9467361 ], [ 141.8555117, -2.9467817 ], [ 141.855589400000014, -2.946846 ], [ 141.856022599999989, -2.9470817 ], [ 141.8564357, -2.9472598 ], [ 141.856703900000014, -2.9473469 ], [ 141.8569534, -2.9474071 ], [ 141.8570928, -2.9474152 ], [ 141.857231, -2.9474205 ], [ 141.8573691, -2.9474379 ], [ 141.8574657, -2.947454 ], [ 141.857520599999987, -2.9474594 ], [ 141.8575796, -2.9474647 ], [ 141.8575917, -2.9474795 ], [ 141.857585, -2.9475036 ], [ 141.85755420000001, -2.9475277 ], [ 141.8574817, -2.9475317 ], [ 141.8574375, -2.9475357 ], [ 141.8573865, -2.9475545 ], [ 141.8573342, -2.9475786 ], [ 141.857312799999988, -2.947604 ], [ 141.8573074, -2.9476576 ], [ 141.8573168, -2.9477232 ], [ 141.857353, -2.9478049 ], [ 141.8574657, -2.9479482 ], [ 141.858032900000012, -2.9484625 ], [ 141.8582989, -2.9486958 ], [ 141.8587196, -2.9491161 ], [ 141.8588269, -2.9495072 ], [ 141.858789300000012, -2.9497108 ], [ 141.8589234, -2.949984 ], [ 141.8591648, -2.9501876 ], [ 141.8592614, -2.9504769 ], [ 141.8592507, -2.9506804 ], [ 141.859282799999988, -2.9509376 ], [ 141.859476, -2.9512269 ], [ 141.8596047, -2.9515537 ], [ 141.8598622, -2.951918 ], [ 141.8602109, -2.9524805 ], [ 141.860355700000014, -2.9533752 ], [ 141.860430799999989, -2.9541038 ], [ 141.860286, -2.9542859 ], [ 141.8604791, -2.9550145 ], [ 141.860924399999988, -2.9559199 ], [ 141.8616915, -2.9568735 ], [ 141.8622642, -2.9577672 ], [ 141.862549800000011, -2.9582128 ], [ 141.8636548, -2.9601307 ], [ 141.8644917, -2.9612879 ], [ 141.864738499999987, -2.9616575 ], [ 141.865114, -2.9619736 ], [ 141.8656021, -2.9625575 ], [ 141.86615470000001, -2.9631254 ], [ 141.8665838, -2.9634093 ], [ 141.8668252, -2.963554 ], [ 141.8673617, -2.9638754 ], [ 141.867912, -2.9642962 ], [ 141.868456, -2.9648022 ], [ 141.869024599999989, -2.9651397 ], [ 141.8695664, -2.965354 ], [ 141.8697649, -2.9653647 ], [ 141.870001, -2.9654504 ], [ 141.870279900000014, -2.9657022 ], [ 141.8709505, -2.9662487 ], [ 141.8716532, -2.9666558 ], [ 141.872109200000011, -2.9668219 ], [ 141.8728944, -2.966992 ], [ 141.8733054, -2.9676683 ], [ 141.874925499999989, -2.9714237 ], [ 141.876207599999987, -2.9719541 ], [ 141.8788093, -2.9727095 ], [ 141.881722200000013, -2.9731434 ], [ 141.8839645, -2.9733309 ], [ 141.8865073, -2.9733684 ], [ 141.8865395, -2.973197 ], [ 141.886630599999989, -2.9730523 ], [ 141.8867487, -2.9730684 ], [ 141.8867755, -2.9732452 ], [ 141.8867809, -2.9733523 ], [ 141.8869311, -2.9734381 ], [ 141.8888676, -2.9734916 ], [ 141.8910885, -2.9734756 ], [ 141.8935937, -2.9732077 ], [ 141.8951064, -2.9730845 ], [ 141.8961632, -2.9729077 ], [ 141.8961847, -2.9726613 ], [ 141.8962008, -2.9725809 ], [ 141.8963349, -2.9725648 ], [ 141.8964153, -2.9726934 ], [ 141.896474399999988, -2.9728166 ], [ 141.8966192, -2.972897 ], [ 141.9013613, -2.9722916 ], [ 141.9057633, -2.9716678 ], [ 141.9168216, -2.9697255 ], [ 141.924610699999988, -2.9683166 ], [ 141.9303775, -2.967454 ], [ 141.9441587, -2.965429 ], [ 141.945274500000011, -2.9652897 ], [ 141.9460255, -2.9653433 ], [ 141.946798, -2.9651772 ], [ 141.9471627, -2.9651772 ], [ 141.9476187, -2.965279 ], [ 141.9478226, -2.9650862 ], [ 141.948015700000013, -2.9648986 ], [ 141.949791299999987, -2.9648183 ], [ 141.9512182, -2.9646629 ], [ 141.9537717, -2.9643361 ], [ 141.958192, -2.9640361 ], [ 141.9637227, -2.9635915 ], [ 141.9699647, -2.9630962 ], [ 141.975798, -2.96267 ], [ 141.9770264, -2.9625059 ], [ 141.977922400000011, -2.9623702 ], [ 141.9783046, -2.9621921 ], [ 141.978814199999988, -2.9622048 ], [ 141.9790647, -2.9623108 ], [ 141.979761200000013, -2.962243 ], [ 141.980249500000014, -2.9621327 ], [ 141.9807549, -2.9621963 ], [ 141.9817486, -2.9621539 ], [ 141.9821732, -2.9620309 ], [ 141.9825342, -2.9619715 ], [ 141.9829334, -2.9619758 ], [ 141.9839058, -2.9618231 ], [ 141.9845555, -2.9617637 ], [ 141.9848231, -2.9616832 ], [ 141.9850736, -2.9615729 ], [ 141.9854006, -2.9615347 ], [ 141.985719100000011, -2.9615093 ], [ 141.985978100000011, -2.9615559 ], [ 141.9860928, -2.9616492 ], [ 141.9862015, -2.9619313 ], [ 141.9861718, -2.96219 ], [ 141.9862779, -2.962436 ], [ 141.9865285, -2.9627116 ], [ 141.9866601, -2.9628071 ], [ 141.98683170000001, -2.962956 ], [ 141.986998, -2.9625692 ], [ 141.9870828, -2.9623526 ], [ 141.987227600000011, -2.9622449 ], [ 141.9873766, -2.9621591 ], [ 141.9875369, -2.9622148 ], [ 141.9880139, -2.9623072 ], [ 141.9882098, -2.9623424 ], [ 141.9883657, -2.9624042 ], [ 141.988605400000012, -2.9625057 ], [ 141.9887788, -2.9625516 ], [ 141.9890451, -2.9626823 ], [ 141.989230099999986, -2.9627778 ], [ 141.9894842, -2.9629437 ], [ 141.9902888, -2.9635097 ], [ 141.9907904, -2.9638676 ], [ 141.99139310000001, -2.9642124 ], [ 141.9923508, -2.9645475 ], [ 141.993090200000012, -2.9649574 ], [ 141.9935274, -2.9648665 ], [ 141.99480410000001, -2.9653915 ], [ 141.9962847, -2.9660505 ], [ 141.997937, -2.9667737 ], [ 141.9994926, -2.9674755 ], [ 142.0010939, -2.9682175 ], [ 142.002435, -2.9688657 ], [ 142.0032129, -2.9692862 ], [ 142.0034784, -2.9694014 ], [ 142.003789500000011, -2.9695474 ], [ 142.0038673, -2.9696023 ], [ 142.0039174, -2.9696494 ], [ 142.0039639, -2.9697068 ], [ 142.004081899999989, -2.9699023 ], [ 142.0041838, -2.9700389 ], [ 142.0044842, -2.9702934 ], [ 142.0066434, -2.9715523 ], [ 142.0092881, -2.9729988 ], [ 142.0128393, -2.9747345 ], [ 142.0147705, -2.9756881 ], [ 142.01859, -2.9777988 ], [ 142.021417, -2.9793845 ], [ 142.0311642, -2.9852238 ], [ 142.0347744, -2.987431 ], [ 142.0368934, -2.9887649 ], [ 142.0409113, -2.9914113 ], [ 142.044006599999989, -2.9933291 ], [ 142.048029899999989, -2.9957077 ], [ 142.051613300000014, -2.9978345 ], [ 142.055030499999987, -2.999913 ], [ 142.058174, -3.0017987 ], [ 142.0617521, -3.0040272 ], [ 142.0655769, -3.0063147 ], [ 142.0685971, -3.0082164 ], [ 142.070914499999986, -3.0096521 ], [ 142.0729852, -3.010911 ], [ 142.074964599999987, -3.0120842 ], [ 142.0751175, -3.012202 ], [ 142.0755413, -3.0126306 ], [ 142.0757291, -3.012786 ], [ 142.075911499999989, -3.0128931 ], [ 142.076375500000012, -3.0130672 ], [ 142.0765659, -3.0131931 ], [ 142.076673199999988, -3.0133083 ], [ 142.0771077, -3.0139002 ], [ 142.077394700000013, -3.0141654 ], [ 142.07762, -3.0143234 ], [ 142.0784917, -3.014768 ], [ 142.0787358, -3.0149341 ], [ 142.0789155, -3.0151537 ], [ 142.079047, -3.0154752 ], [ 142.082222699999988, -3.0170849 ], [ 142.0823514, -3.0171519 ], [ 142.0824802, -3.0172912 ], [ 142.0828932, -3.0179554 ], [ 142.0833975, -3.0185554 ], [ 142.0849049, -3.0201839 ], [ 142.0864633, -3.0216196 ], [ 142.087123100000014, -3.0221794 ], [ 142.087831200000011, -3.0227098 ], [ 142.0893198, -3.0238186 ], [ 142.0912698, -3.0251016 ], [ 142.0914736, -3.0252543 ], [ 142.092085200000014, -3.0258154 ], [ 142.092490199999986, -3.0261328 ], [ 142.095075799999989, -3.0279944 ], [ 142.0983884, -3.0303729 ], [ 142.1015856, -3.0327272 ], [ 142.1046775, -3.0349216 ], [ 142.1092272, -3.0380841 ], [ 142.1118605, -3.0399857 ], [ 142.1152246, -3.0425223 ], [ 142.1177566, -3.0444079 ], [ 142.1206587, -3.0467917 ], [ 142.1232444, -3.0489558 ], [ 142.125069599999989, -3.0505213 ], [ 142.1278149, -3.0528663 ], [ 142.1312696, -3.0558608 ], [ 142.1349978, -3.0587802 ], [ 142.138146799999987, -3.0612068 ], [ 142.1413815, -3.063687 ], [ 142.145319, -3.0666975 ], [ 142.147663200000011, -3.0685188 ], [ 142.149723200000011, -3.0703079 ], [ 142.1522659, -3.0725417 ], [ 142.1550715, -3.0751611 ], [ 142.1574613, -3.077518 ], [ 142.1590412, -3.079192 ], [ 142.1592906, -3.0794197 ], [ 142.160747, -3.0806303 ], [ 142.162925, -3.0823283 ], [ 142.1653873, -3.0841175 ], [ 142.1670368, -3.0853897 ], [ 142.1689868, -3.0869029 ], [ 142.1702689, -3.087776 ], [ 142.171191599999986, -3.0882983 ], [ 142.1724308, -3.0888795 ], [ 142.1739435, -3.0895169 ], [ 142.174850099999986, -3.0899107 ], [ 142.175080799999989, -3.089999 ], [ 142.1753436, -3.0900794 ], [ 142.176376299999987, -3.090374 ], [ 142.1781814, -3.0909606 ], [ 142.1797585, -3.0914346 ], [ 142.1802279, -3.091598 ], [ 142.181778900000012, -3.0922441 ], [ 142.181877500000013, -3.092281 ], [ 142.1823858, -3.0923385 ], [ 142.18255880000001, -3.0923801 ], [ 142.183283, -3.0926867 ], [ 142.1839347, -3.092905 ], [ 142.184578499999986, -3.0931086 ], [ 142.1852973, -3.0932853 ], [ 142.1859799, -3.0934902 ], [ 142.1865378, -3.0936308 ], [ 142.1873224, -3.0937982 ], [ 142.1880037, -3.0939361 ], [ 142.1890175, -3.0941437 ], [ 142.1902259, -3.0943821 ], [ 142.1911807, -3.0946513 ], [ 142.192556700000011, -3.0949552 ], [ 142.1941701, -3.0953891 ], [ 142.194894299999987, -3.0955404 ], [ 142.1954629, -3.0956583 ], [ 142.1963024, -3.0958136 ], [ 142.1968321, -3.0959208 ], [ 142.197667700000011, -3.0960493 ], [ 142.198129, -3.0961538 ], [ 142.1987674, -3.0962341 ], [ 142.1995506, -3.096364 ], [ 142.2005658, -3.0965247 ], [ 142.2012497, -3.0966252 ], [ 142.2018492, -3.0966894 ], [ 142.2031125, -3.0968381 ], [ 142.203946699999989, -3.0969318 ], [ 142.2044952, -3.0970175 ], [ 142.2049686, -3.0971032 ], [ 142.2053133, -3.0971622 ], [ 142.205658, -3.0971956 ], [ 142.2061448, -3.0972398 ], [ 142.2065431, -3.0973095 ], [ 142.2070299, -3.097367 ], [ 142.207449700000012, -3.0973831 ], [ 142.208037100000013, -3.0974019 ], [ 142.2086003, -3.0974487 ], [ 142.2092025, -3.0975063 ], [ 142.2101198, -3.097584 ], [ 142.21126910000001, -3.0976791 ], [ 142.2127658, -3.0977969 ], [ 142.2138199, -3.0978532 ], [ 142.214969200000013, -3.0979215 ], [ 142.2158302, -3.097963 ], [ 142.216577199999989, -3.0979938 ], [ 142.217683599999987, -3.0980313 ], [ 142.218444, -3.098058 ], [ 142.2191401, -3.0980607 ], [ 142.2202438, -3.0980942 ], [ 142.220297499999987, -3.0980915 ], [ 142.221161099999989, -3.0980152 ], [ 142.221788800000013, -3.0979536 ], [ 142.224015, -3.0978545 ], [ 142.2253145, -3.0977487 ], [ 142.226622099999986, -3.0976831 ], [ 142.2287317, -3.0975853 ], [ 142.230126399999989, -3.0976255 ], [ 142.231497, -3.0977286 ], [ 142.2339419, -3.0979643 ], [ 142.236426099999989, -3.0980892 ], [ 142.237536, -3.0981786 ], [ 142.2379464, -3.0982268 ], [ 142.2382079, -3.0981987 ], [ 142.2383903, -3.0981129 ], [ 142.238531099999989, -3.0980447 ], [ 142.238792600000011, -3.0979362 ], [ 142.2389992, -3.0978893 ], [ 142.239280799999989, -3.0979054 ], [ 142.239583900000014, -3.0980045 ], [ 142.239826599999986, -3.098129 ], [ 142.2409116, -3.0986218 ], [ 142.242494099999988, -3.0992968 ], [ 142.2438419, -3.099882 ], [ 142.2456309, -3.1007203 ], [ 142.246691700000014, -3.1012305 ], [ 142.2483332, -3.1021424 ], [ 142.2512314, -3.103961 ], [ 142.253208199999989, -3.1052064 ], [ 142.2545493, -3.1059898 ], [ 142.256177400000013, -3.106958 ], [ 142.2568992, -3.1073786 ], [ 142.257784, -3.1079047 ], [ 142.2594604, -3.1088461 ], [ 142.261052299999989, -3.1096965 ], [ 142.2623706, -3.1103754 ], [ 142.2653183, -3.111744 ], [ 142.266418, -3.1121913 ], [ 142.2671181, -3.1124805 ], [ 142.267909300000014, -3.1127818 ], [ 142.269098899999989, -3.1132197 ], [ 142.2705942, -3.1137527 ], [ 142.2717261, -3.114133 ], [ 142.27276950000001, -3.1144437 ], [ 142.275363199999987, -3.1151869 ], [ 142.2759412, -3.1153516 ], [ 142.2765742, -3.115515 ], [ 142.2771402, -3.1156757 ], [ 142.2778228, -3.1158792 ], [ 142.278897, -3.1162046 ], [ 142.2798479, -3.1164484 ], [ 142.2807518, -3.1166318 ], [ 142.2814491, -3.1167979 ], [ 142.282558200000011, -3.1170523 ], [ 142.2831644, -3.1171983 ], [ 142.284104500000012, -3.1174487 ], [ 142.28448, -3.1175344 ], [ 142.285101, -3.1176228 ], [ 142.2854953, -3.1177031 ], [ 142.286057199999988, -3.1178571 ], [ 142.2865789, -3.1180245 ], [ 142.287042899999989, -3.118216 ], [ 142.2873969, -3.1183941 ], [ 142.287641, -3.1185561 ], [ 142.288101, -3.1188815 ], [ 142.289257, -3.1194975 ], [ 142.2902602, -3.11991 ], [ 142.2911225, -3.1202193 ], [ 142.292105600000014, -3.1205179 ], [ 142.2926903, -3.1207375 ], [ 142.2934091, -3.1209491 ], [ 142.294211100000012, -3.1211312 ], [ 142.2950935, -3.1213348 ], [ 142.2956327, -3.12145 ], [ 142.2963542, -3.121608 ], [ 142.2972581, -3.1217847 ], [ 142.298465, -3.1219856 ], [ 142.2991008, -3.1221168 ], [ 142.299867799999987, -3.122232 ], [ 142.3004606, -3.1223177 ], [ 142.3011929, -3.1224436 ], [ 142.301860799999986, -3.1225186 ], [ 142.303432500000014, -3.1227569 ], [ 142.304087, -3.1228051 ], [ 142.304926599999988, -3.1228989 ], [ 142.3056614, -3.123006 ], [ 142.3075229, -3.1231694 ], [ 142.3086548, -3.1232618 ], [ 142.310755, -3.1234211 ], [ 142.311331599999988, -3.1234693 ], [ 142.311662899999988, -3.1234881 ], [ 142.311823800000013, -3.1234868 ], [ 142.3118976, -3.1234653 ], [ 142.311999500000013, -3.1234265 ], [ 142.31215370000001, -3.1233997 ], [ 142.312297199999989, -3.1234211 ], [ 142.3126727, -3.1235712 ], [ 142.3130375, -3.1237104 ], [ 142.3132923, -3.1238363 ], [ 142.3136759, -3.1239461 ], [ 142.3145503, -3.12408 ], [ 142.3155159, -3.1241523 ], [ 142.3165914, -3.1242032 ], [ 142.3180425, -3.124238 ], [ 142.318668800000012, -3.1242634 ], [ 142.3195446, -3.1242835 ], [ 142.3202258, -3.1243237 ], [ 142.3211083, -3.1243344 ], [ 142.3220739, -3.1243558 ], [ 142.3234311, -3.1244 ], [ 142.324276, -3.1243612 ], [ 142.325831599999987, -3.1243853 ], [ 142.3272049, -3.1243612 ], [ 142.3279345, -3.1243665 ], [ 142.3291951, -3.1243424 ], [ 142.3306864, -3.1242996 ], [ 142.331901499999987, -3.124246 ], [ 142.334125, -3.1241764 ], [ 142.3358256, -3.1241148 ], [ 142.3365954, -3.1240505 ], [ 142.33736780000001, -3.1240211 ], [ 142.338719700000013, -3.1239541 ], [ 142.340101, -3.1238711 ], [ 142.3416942, -3.1237706 ], [ 142.342506899999989, -3.1237305 ], [ 142.3430514, -3.1237117 ], [ 142.3434967, -3.1236756 ], [ 142.3439258, -3.1235684 ], [ 142.3442785, -3.1234734 ], [ 142.3446447, -3.1234238 ], [ 142.344819, -3.1234225 ], [ 142.345030900000012, -3.1234747 ], [ 142.3455191, -3.12378 ], [ 142.3460126, -3.1240237 ], [ 142.3467475, -3.1247013 ], [ 142.3469299, -3.1248942 ], [ 142.34727860000001, -3.1254191 ], [ 142.3474181, -3.1257914 ], [ 142.3477507, -3.1271894 ], [ 142.347874, -3.1276367 ], [ 142.347994699999987, -3.1279152 ], [ 142.3482683, -3.1283758 ], [ 142.3485124, -3.1286945 ], [ 142.3488396, -3.1290106 ], [ 142.349319799999989, -3.1294364 ], [ 142.3500574, -3.1300015 ], [ 142.3506528, -3.1304863 ], [ 142.3514736, -3.1312469 ], [ 142.351916100000011, -3.1316513 ], [ 142.3524311, -3.1321521 ], [ 142.352895100000012, -3.1324735 ], [ 142.3533913, -3.1327895 ], [ 142.3543149, -3.1332429 ], [ 142.3544911, -3.1333305 ], [ 142.3548424, -3.1334243 ], [ 142.3549578, -3.1334631 ], [ 142.3552488, -3.1337001 ], [ 142.355299699999989, -3.1337912 ], [ 142.3552904, -3.1338809 ], [ 142.3552541, -3.1339746 ], [ 142.355117299999989, -3.1342023 ], [ 142.3549309, -3.1343911 ], [ 142.35476460000001, -3.1344339 ], [ 142.3546359, -3.1344205 ], [ 142.3545339, -3.1343375 ], [ 142.3544441, -3.1342063 ], [ 142.3544046, -3.1341815 ], [ 142.354352299999988, -3.1341695 ], [ 142.3539707, -3.1341608 ], [ 142.353753399999988, -3.1341688 ], [ 142.3534718, -3.1341929 ], [ 142.3533002, -3.1342384 ], [ 142.3531687, -3.1342866 ], [ 142.3530131, -3.1343509 ], [ 142.352828100000011, -3.1345169 ], [ 142.3526841, -3.1347097 ], [ 142.352592, -3.1349053 ], [ 142.3525196, -3.1351463 ], [ 142.3524687, -3.1352882 ], [ 142.3524391, -3.1354035 ], [ 142.3523882, -3.1356846 ], [ 142.352377499999989, -3.1357971 ], [ 142.352342599999986, -3.135998 ], [ 142.352342599999986, -3.1362203 ], [ 142.352348, -3.136377 ], [ 142.352348, -3.1365015 ], [ 142.3523346, -3.1366247 ], [ 142.352289, -3.1367599 ], [ 142.35224740000001, -3.1368791 ], [ 142.3522058, -3.1369983 ], [ 142.3521522, -3.1371322 ], [ 142.3520905, -3.1373076 ], [ 142.3520154, -3.137475 ], [ 142.3518061, -3.1379371 ], [ 142.351621099999988, -3.1383415 ], [ 142.3514682, -3.1386869 ], [ 142.3512268, -3.1390779 ], [ 142.3510257, -3.139327 ], [ 142.350918400000012, -3.1395948 ], [ 142.3508339, -3.1399363 ], [ 142.350837899999988, -3.1401934 ], [ 142.350864699999988, -3.1405295 ], [ 142.3509344, -3.1408388 ], [ 142.3510417, -3.1412245 ], [ 142.351335400000011, -3.142111 ], [ 142.351572800000014, -3.1426104 ], [ 142.351957700000014, -3.143359 ], [ 142.3520871, -3.1435625 ], [ 142.3521139, -3.1435913 ], [ 142.3521924, -3.1439361 ], [ 142.3523037, -3.1441718 ], [ 142.3524258, -3.1443271 ], [ 142.3526135, -3.1445735 ], [ 142.3530292, -3.1450503 ], [ 142.3534209, -3.1454573 ], [ 142.3545608, -3.146459 ], [ 142.3555264, -3.1470749 ], [ 142.3563713, -3.1475302 ], [ 142.3569775, -3.1478516 ], [ 142.3579404, -3.1482239 ], [ 142.358965, -3.1485319 ], [ 142.359952, -3.148789 ], [ 142.3610625, -3.1490246 ], [ 142.361853700000012, -3.1491719 ], [ 142.3626289, -3.14933 ], [ 142.3628032, -3.1493595 ], [ 142.3632136, -3.149405 ], [ 142.363758100000013, -3.1494397 ], [ 142.3643884, -3.1494853 ], [ 142.364541300000013, -3.1494987 ], [ 142.3646728, -3.1495175 ], [ 142.364785399999988, -3.1495281 ], [ 142.3648953, -3.1495254 ], [ 142.3650107, -3.1495309 ], [ 142.3651609, -3.1495549 ], [ 142.3653138, -3.1495709 ], [ 142.3655632, -3.1495897 ], [ 142.365716099999986, -3.1496112 ], [ 142.3658153, -3.1496192 ], [ 142.3659199, -3.1496192 ], [ 142.3661104, -3.1496219 ], [ 142.3664349, -3.1496433 ], [ 142.3667005, -3.1496674 ], [ 142.3669526, -3.1496808 ], [ 142.367242299999987, -3.1497022 ], [ 142.3676956, -3.1497317 ], [ 142.368321900000012, -3.1497451 ], [ 142.368956200000014, -3.1497129 ], [ 142.369739399999986, -3.1496888 ], [ 142.3703496, -3.1496701 ], [ 142.3708177, -3.1496862 ], [ 142.3710752, -3.1497263 ], [ 142.3714426, -3.1498254 ], [ 142.371847699999989, -3.150053 ], [ 142.3719361, -3.1501013 ], [ 142.3720085, -3.1501307 ], [ 142.372144, -3.1501709 ], [ 142.3723331, -3.150211 ], [ 142.3725557, -3.1502887 ], [ 142.3727489, -3.1503397 ], [ 142.3728615, -3.1503691 ], [ 142.3730332, -3.1504012 ], [ 142.3732786, -3.1504668 ], [ 142.37341, -3.1505017 ], [ 142.3735481, -3.1505298 ], [ 142.3737279, -3.1505593 ], [ 142.3738727, -3.1505833 ], [ 142.3740309, -3.1506048 ], [ 142.3741785, -3.1506369 ], [ 142.3742643, -3.1506556 ], [ 142.374444, -3.1506851 ], [ 142.3760466, -3.150973 ], [ 142.376968, -3.1511109 ], [ 142.3773166, -3.1511591 ], [ 142.37744, -3.1511833 ], [ 142.3776063, -3.1512047 ], [ 142.3777471, -3.1512167 ], [ 142.377834299999989, -3.1512261 ], [ 142.377960300000012, -3.1512261 ], [ 142.3782098, -3.1512315 ], [ 142.378671200000014, -3.1512502 ], [ 142.3795456, -3.1513493 ], [ 142.380554100000012, -3.1514484 ], [ 142.3811442, -3.1515394 ], [ 142.3816457, -3.1516332 ], [ 142.381981, -3.1516921 ], [ 142.3827159, -3.1518447 ], [ 142.383491099999986, -3.1520992 ], [ 142.384003400000012, -3.1522358 ], [ 142.3845988, -3.1523107 ], [ 142.384875099999988, -3.1522947 ], [ 142.3851058, -3.1522331 ], [ 142.385286799999989, -3.152205 ], [ 142.3854478, -3.1522197 ], [ 142.385584599999987, -3.1522692 ], [ 142.3860285, -3.1525384 ], [ 142.3865917, -3.1529348 ], [ 142.388195700000011, -3.1539444 ], [ 142.3891023, -3.1546032 ], [ 142.3898613, -3.1551764 ], [ 142.390497, -3.1556691 ], [ 142.3910683, -3.1561512 ], [ 142.3916423, -3.1566226 ], [ 142.3923638, -3.1572198 ], [ 142.3930263, -3.1578009 ], [ 142.3935708, -3.1582803 ], [ 142.394211899999988, -3.1588963 ], [ 142.394898500000011, -3.1594989 ], [ 142.395703200000014, -3.1601925 ], [ 142.396459599999986, -3.1608406 ], [ 142.398996899999986, -3.1628733 ], [ 142.3996165, -3.1633206 ], [ 142.4006867, -3.1640329 ], [ 142.4015182, -3.1645445 ], [ 142.4026072, -3.1652301 ], [ 142.4037337, -3.1658808 ], [ 142.4049434, -3.1665209 ], [ 142.40574, -3.1668851 ], [ 142.407226, -3.1675975 ], [ 142.4087012, -3.1682992 ], [ 142.41023, -3.1689955 ], [ 142.4118166, -3.1696664 ], [ 142.413855, -3.170522 ], [ 142.415004399999987, -3.1710201 ], [ 142.4153236, -3.1711353 ], [ 142.4156347, -3.1712679 ], [ 142.41570870000001, -3.1713028 ], [ 142.416380299999986, -3.17162 ], [ 142.4176812, -3.1722681 ], [ 142.4190491, -3.1729162 ], [ 142.4204493, -3.1735215 ], [ 142.4228539, -3.1746985 ], [ 142.4240541, -3.1753024 ], [ 142.425296, -3.1759344 ], [ 142.42637160000001, -3.176454 ], [ 142.4285093, -3.1775466 ], [ 142.4292657, -3.1779591 ], [ 142.43000330000001, -3.1783661 ], [ 142.4311432, -3.1789794 ], [ 142.4316877, -3.1793173 ], [ 142.4318553, -3.1794213 ], [ 142.4324293, -3.1799625 ], [ 142.4325624, -3.1800529 ], [ 142.43270960000001, -3.1802381 ], [ 142.432955099999987, -3.1804497 ], [ 142.4334177, -3.1810389 ], [ 142.433576, -3.1811835 ], [ 142.4348755, -3.1820016 ], [ 142.4363816, -3.1826966 ], [ 142.4382752, -3.1835268 ], [ 142.440839399999987, -3.184511 ], [ 142.4427062, -3.1851711 ], [ 142.4447554, -3.1858728 ], [ 142.44644790000001, -3.1863923 ], [ 142.448642, -3.1871636 ], [ 142.4502325, -3.1878331 ], [ 142.4514361, -3.1884178 ], [ 142.451912, -3.1886338 ], [ 142.452212, -3.1887383 ], [ 142.452448, -3.1887812 ], [ 142.452705400000013, -3.1888133 ], [ 142.4529281, -3.1888695 ], [ 142.4535933, -3.189049 ], [ 142.4541539, -3.18929 ], [ 142.4555004, -3.1900291 ], [ 142.456474, -3.1904389 ], [ 142.4575388, -3.190862 ], [ 142.4585152, -3.1912798 ], [ 142.4596497, -3.1917002 ], [ 142.4603739, -3.1920029 ], [ 142.4619511, -3.1926456 ], [ 142.463879600000013, -3.1934195 ], [ 142.464912199999986, -3.1939069 ], [ 142.466256, -3.1946889 ], [ 142.4668086, -3.1950398 ], [ 142.467613199999988, -3.1955325 ], [ 142.46825960000001, -3.1960253 ], [ 142.4691367, -3.1966707 ], [ 142.469928, -3.1972706 ], [ 142.470684299999988, -3.1978704 ], [ 142.471183200000013, -3.198323 ], [ 142.4725431, -3.1995281 ], [ 142.4744421, -3.2011885 ], [ 142.475625, -3.2020562 ], [ 142.4764323, -3.2026507 ], [ 142.4781275, -3.2037246 ], [ 142.4784386, -3.2040058 ], [ 142.47850840000001, -3.2040861 ], [ 142.4786049, -3.2041558 ], [ 142.4788141, -3.2041879 ], [ 142.4790904, -3.2041933 ], [ 142.4793076, -3.2042441 ], [ 142.4796054, -3.2043754 ], [ 142.480292, -3.204753 ], [ 142.4812523, -3.2053743 ], [ 142.482504799999987, -3.2060732 ], [ 142.4829662, -3.206333 ], [ 142.484111500000012, -3.2069114 ], [ 142.4854848, -3.2076184 ], [ 142.4865657, -3.2081567 ], [ 142.4875715, -3.2086387 ], [ 142.4884433, -3.2090538 ], [ 142.4898407, -3.2097046 ], [ 142.4915144, -3.2105535 ], [ 142.492718700000012, -3.2111239 ], [ 142.4941537, -3.2119166 ], [ 142.494623100000013, -3.212167 ], [ 142.4949047, -3.2123143 ], [ 142.4950576, -3.2123946 ], [ 142.4952078, -3.2124683 ], [ 142.495417, -3.212562 ], [ 142.4955457, -3.2126584 ], [ 142.49570270000001, -3.2127977 ], [ 142.495899799999989, -3.2129477 ], [ 142.4960285, -3.2130494 ], [ 142.4962806, -3.2131673 ], [ 142.4965187, -3.2132478 ], [ 142.4967393, -3.2132556 ], [ 142.4969312, -3.2132353 ], [ 142.4970959, -3.2132319 ], [ 142.497262400000011, -3.2132744 ], [ 142.4974769, -3.213344 ], [ 142.4976164, -3.2134083 ], [ 142.497755899999987, -3.2134832 ], [ 142.4979007, -3.2135556 ], [ 142.4979463, -3.2135823 ], [ 142.498, -3.2136225 ], [ 142.4980912, -3.2136948 ], [ 142.4981958, -3.2137939 ], [ 142.4984667, -3.2139814 ], [ 142.4989548, -3.2142331 ], [ 142.4992901, -3.2144018 ], [ 142.5002155, -3.2148463 ], [ 142.5009853, -3.215248 ], [ 142.5015861, -3.2155024 ], [ 142.5025248, -3.2159845 ], [ 142.5043514, -3.2170717 ], [ 142.5051212, -3.2175618 ], [ 142.5060493, -3.2181617 ], [ 142.5066957, -3.218641 ], [ 142.5071838, -3.2190079 ], [ 142.5077096, -3.2193641 ], [ 142.5084043, -3.2198595 ], [ 142.5089353, -3.2202398 ], [ 142.5109014, -3.2215359 ], [ 142.5118133, -3.2221358 ], [ 142.512411500000013, -3.2225054 ], [ 142.513167900000013, -3.2229713 ], [ 142.513661399999989, -3.2233007 ], [ 142.5141549, -3.2235685 ], [ 142.5147182, -3.2238979 ], [ 142.5155014, -3.2243344 ], [ 142.5161022, -3.2246745 ], [ 142.5168505, -3.2250789 ], [ 142.5176659, -3.2255074 ], [ 142.5182211, -3.2258234 ], [ 142.5190687, -3.2262545 ], [ 142.520088, -3.2268142 ], [ 142.520889899999986, -3.2272079 ], [ 142.5220057, -3.2277702 ], [ 142.5230384, -3.2282978 ], [ 142.523658, -3.228595 ], [ 142.5246477, -3.229053 ], [ 142.525565, -3.2294413 ], [ 142.5263, -3.229776 ], [ 142.527203899999989, -3.2301857 ], [ 142.528086300000012, -3.2305017 ], [ 142.529355, -3.2309677 ], [ 142.530186500000013, -3.2312489 ], [ 142.5310716, -3.2315836 ], [ 142.531739499999986, -3.2317872 ], [ 142.5324798, -3.2320442 ], [ 142.5332603, -3.2322585 ], [ 142.5339147, -3.2324325 ], [ 142.534883, -3.232711 ], [ 142.5358003, -3.2329306 ], [ 142.537133399999988, -3.2332386 ], [ 142.5403923, -3.2339991 ], [ 142.5419641, -3.2343205 ], [ 142.5430691, -3.2344999 ], [ 142.545746, -3.2349123 ], [ 142.5498283, -3.2354532 ], [ 142.55136250000001, -3.2355871 ], [ 142.552202, -3.2357023 ], [ 142.5537577, -3.2358523 ], [ 142.5545356, -3.2359219 ], [ 142.5550532, -3.2359647 ], [ 142.555309, -3.2359856 ], [ 142.5555119, -3.2360022 ], [ 142.555860599999988, -3.236021 ], [ 142.556413099999986, -3.2360183 ], [ 142.5570112, -3.2360317 ], [ 142.5575235, -3.236104 ], [ 142.558553499999988, -3.2362058 ], [ 142.559234800000013, -3.236254 ], [ 142.5604176, -3.2363637 ], [ 142.5612572, -3.2364414 ], [ 142.5620082, -3.2365057 ], [ 142.5634083, -3.2366262 ], [ 142.5641674, -3.2366958 ], [ 142.56510080000001, -3.2367949 ], [ 142.566235400000011, -3.2369556 ], [ 142.56704, -3.237068 ], [ 142.567699800000014, -3.2371377 ], [ 142.569808099999989, -3.2374965 ], [ 142.571286, -3.2377911 ], [ 142.5727987, -3.2380348 ], [ 142.5738153, -3.2382651 ], [ 142.5748479, -3.2384793 ], [ 142.5757384, -3.2386614 ], [ 142.57659670000001, -3.2388408 ], [ 142.577401400000014, -3.2390417 ], [ 142.578206099999989, -3.2392184 ], [ 142.579177, -3.2394835 ], [ 142.579911900000013, -3.2396255 ], [ 142.580587900000012, -3.2397299 ], [ 142.5811994, -3.2398102 ], [ 142.582052299999987, -3.2399682 ], [ 142.582803399999989, -3.2401262 ], [ 142.5837368, -3.240378 ], [ 142.5852174, -3.2406645 ], [ 142.5864324, -3.2408814 ], [ 142.5868615, -3.240951 ], [ 142.5870627, -3.2409832 ], [ 142.5872961, -3.241018 ], [ 142.5876099, -3.2410769 ], [ 142.5877681, -3.2411305 ], [ 142.5880444, -3.2412135 ], [ 142.5886103, -3.2413661 ], [ 142.589195100000012, -3.2415027 ], [ 142.589761, -3.2415911 ], [ 142.5905469, -3.241733 ], [ 142.5914401, -3.241883 ], [ 142.5920597, -3.2419874 ], [ 142.5929743, -3.2421722 ], [ 142.593481200000014, -3.2423168 ], [ 142.5940472, -3.2424346 ], [ 142.59470970000001, -3.2425739 ], [ 142.595128100000011, -3.2426595 ], [ 142.5957745, -3.2427452 ], [ 142.5963056, -3.2428416 ], [ 142.5973678, -3.2430237 ], [ 142.5983119, -3.2432433 ], [ 142.5998639, -3.243618 ], [ 142.6004577, -3.243795 ], [ 142.6009431, -3.2438941 ], [ 142.6015037, -3.2439664 ], [ 142.6019061, -3.2440039 ], [ 142.602453200000014, -3.2440092 ], [ 142.6030299, -3.2440735 ], [ 142.603770200000014, -3.244269 ], [ 142.6044622, -3.2443654 ], [ 142.605288300000012, -3.244443 ], [ 142.6059937, -3.2445716 ], [ 142.6067314, -3.2447269 ], [ 142.6071417, -3.2447858 ], [ 142.6087779, -3.2450349 ], [ 142.6095933, -3.2451313 ], [ 142.6113662, -3.2453455 ], [ 142.6119268, -3.2454205 ], [ 142.6124404, -3.245466 ], [ 142.6127918, -3.2455048 ], [ 142.613098900000011, -3.2455209 ], [ 142.613652800000011, -3.2455986 ], [ 142.614609, -3.2457097 ], [ 142.615577300000012, -3.2458249 ], [ 142.6164925, -3.2459606 ], [ 142.6170257, -3.246015 ], [ 142.6174034, -3.2461035 ], [ 142.617920199999986, -3.2461944 ], [ 142.6185398, -3.2462533 ], [ 142.6192854, -3.2462948 ], [ 142.61976150000001, -3.2463484 ], [ 142.620586300000014, -3.2464608 ], [ 142.6214352, -3.2465747 ], [ 142.6218335, -3.2466737 ], [ 142.622167499999989, -3.2467688 ], [ 142.622889, -3.246967 ], [ 142.623198800000011, -3.247058 ], [ 142.6240316, -3.24722 ], [ 142.624482199999989, -3.2473512 ], [ 142.6247746, -3.2474476 ], [ 142.6250374, -3.2475387 ], [ 142.625362, -3.2476512 ], [ 142.625689200000011, -3.2477717 ], [ 142.6260996, -3.2479136 ], [ 142.6267245, -3.2481519 ], [ 142.627357499999988, -3.2484117 ], [ 142.627918099999988, -3.2486581 ], [ 142.628492099999988, -3.2489017 ], [ 142.62912510000001, -3.2492579 ], [ 142.6304367, -3.2499836 ], [ 142.631158199999987, -3.2504094 ], [ 142.631901199999987, -3.2508646 ], [ 142.632622700000013, -3.2512958 ], [ 142.6333415, -3.2517403 ], [ 142.634183799999988, -3.2522786 ], [ 142.634905300000014, -3.2527445 ], [ 142.6357341, -3.2532533 ], [ 142.6365307, -3.253738 ], [ 142.6372603, -3.2541665 ], [ 142.637686699999989, -3.2544477 ], [ 142.6382902, -3.254852 ], [ 142.638866900000011, -3.2552001 ], [ 142.6393309, -3.2554492 ], [ 142.6400296, -3.2558013 ], [ 142.64101, -3.2563182 ], [ 142.641649699999988, -3.2566462 ], [ 142.6420976, -3.2568792 ], [ 142.6426032, -3.2571697 ], [ 142.642844599999989, -3.2572768 ], [ 142.643087400000013, -3.2573545 ], [ 142.64324830000001, -3.2574241 ], [ 142.6434079, -3.2575098 ], [ 142.64355, -3.2575835 ], [ 142.6439819, -3.257787 ], [ 142.6445693, -3.2580789 ], [ 142.645172800000012, -3.2583466 ], [ 142.6464924, -3.2589465 ], [ 142.6471885, -3.259233 ], [ 142.64779870000001, -3.2595115 ], [ 142.6483552, -3.2597298 ], [ 142.648879599999987, -3.2599346 ], [ 142.6495153, -3.2602051 ], [ 142.650081199999988, -3.260414 ], [ 142.6505359, -3.2605907 ], [ 142.651011899999986, -3.2607835 ], [ 142.6513821, -3.2609549 ], [ 142.6519802, -3.2611638 ], [ 142.6525193, -3.2613539 ], [ 142.6535131, -3.2617516 ], [ 142.654126, -3.2619939 ], [ 142.654576600000013, -3.2621653 ], [ 142.6551613, -3.2624411 ], [ 142.655797, -3.2627142 ], [ 142.6565239, -3.2630008 ], [ 142.658243199999987, -3.2635738 ], [ 142.659369700000013, -3.264005 ], [ 142.6600242, -3.2643076 ], [ 142.6610288, -3.2647556 ], [ 142.66138140000001, -3.2649128 ], [ 142.662465, -3.2652903 ], [ 142.6635861, -3.265767 ], [ 142.664750199999986, -3.2662008 ], [ 142.666086, -3.2667176 ], [ 142.667335900000012, -3.2671863 ], [ 142.668105700000012, -3.2674648 ], [ 142.6696399, -3.2680351 ], [ 142.670753, -3.2683806 ], [ 142.6728129, -3.2690367 ], [ 142.6738, -3.2693553 ], [ 142.675119599999988, -3.269757 ], [ 142.6757446, -3.2699311 ], [ 142.676557300000013, -3.270156 ], [ 142.6776007, -3.2704372 ], [ 142.6789525, -3.2707639 ], [ 142.6803285, -3.2711093 ], [ 142.6811787, -3.2712887 ], [ 142.681945899999988, -3.2715271 ], [ 142.6827317, -3.2718886 ], [ 142.6832172, -3.2721563 ], [ 142.683574, -3.2722608 ], [ 142.6839414, -3.2723465 ], [ 142.6853389, -3.2727696 ], [ 142.6861462, -3.2729918 ], [ 142.687785, -3.2735542 ], [ 142.6895365, -3.2742022 ], [ 142.69095, -3.2746923 ], [ 142.692092699999989, -3.2751261 ], [ 142.6928732, -3.2754126 ], [ 142.6939595, -3.275841 ], [ 142.6951182, -3.2762347 ], [ 142.6956734, -3.2763793 ], [ 142.696810699999986, -3.2767569 ], [ 142.6978487, -3.2771157 ], [ 142.698822299999989, -3.2774504 ], [ 142.6998496, -3.277828 ], [ 142.7009761, -3.2782243 ], [ 142.7019578, -3.2785242 ], [ 142.7026793, -3.2788295 ], [ 142.7034357, -3.2791026 ], [ 142.7042028, -3.2793784 ], [ 142.7051657, -3.2797185 ], [ 142.7059865, -3.2799274 ], [ 142.7066222, -3.2800774 ], [ 142.7073088, -3.2802862 ], [ 142.7083254, -3.2806236 ], [ 142.709637, -3.2810521 ], [ 142.710607900000014, -3.2813841 ], [ 142.71130260000001, -3.2816385 ], [ 142.7120912, -3.2818661 ], [ 142.7131319, -3.2822169 ], [ 142.7139714, -3.2825329 ], [ 142.7150604, -3.2829024 ], [ 142.7161762, -3.2833041 ], [ 142.7171847, -3.283671 ], [ 142.7177131, -3.2838477 ], [ 142.7185151, -3.2841771 ], [ 142.7194083, -3.2844449 ], [ 142.720411399999989, -3.2847421 ], [ 142.7216291, -3.2851705 ], [ 142.7227449, -3.2855883 ], [ 142.723563, -3.2859257 ], [ 142.72463590000001, -3.2863488 ], [ 142.72577050000001, -3.2867986 ], [ 142.7267253, -3.2871066 ], [ 142.727790199999987, -3.2874413 ], [ 142.728914, -3.2878028 ], [ 142.7296087, -3.2880519 ], [ 142.7304375, -3.2883919 ], [ 142.7316257, -3.2887721 ], [ 142.7323312, -3.2890854 ], [ 142.7326919, -3.2892649 ], [ 142.7329856, -3.2893841 ], [ 142.733472400000011, -3.2895648 ], [ 142.73381710000001, -3.2896411 ], [ 142.734122899999988, -3.2896773 ], [ 142.7343214, -3.2897148 ], [ 142.7353942, -3.2901325 ], [ 142.7362311, -3.2904458 ], [ 142.737180599999988, -3.2908046 ], [ 142.7382374, -3.291126 ], [ 142.7394256, -3.291533 ], [ 142.7411181, -3.2919962 ], [ 142.7420166, -3.2922694 ], [ 142.7430975, -3.2925853 ], [ 142.7439424, -3.2928665 ], [ 142.7448249, -3.2930888 ], [ 142.7460748, -3.2934396 ], [ 142.7467561, -3.2935734 ], [ 142.7473515, -3.2937207 ], [ 142.7487543, -3.2941304 ], [ 142.749508, -3.2942911 ], [ 142.75117370000001, -3.2946285 ], [ 142.7521017, -3.2948588 ], [ 142.7527642, -3.2950409 ], [ 142.7532685, -3.2951239 ], [ 142.7537754, -3.295164 ], [ 142.7542046, -3.2952471 ], [ 142.7549261, -3.2954559 ], [ 142.755889, -3.29563 ], [ 142.75686, -3.2958014 ], [ 142.7576512, -3.2959219 ], [ 142.7587509, -3.2961495 ], [ 142.759775499999989, -3.2963369 ], [ 142.7605534, -3.2964306 ], [ 142.7612641, -3.2965699 ], [ 142.7616477, -3.2966355 ], [ 142.7619736, -3.2966288 ], [ 142.762286100000011, -3.2966127 ], [ 142.762684400000012, -3.2966341 ], [ 142.7631605, -3.2967386 ], [ 142.7636915, -3.2968644 ], [ 142.764413100000013, -3.2969662 ], [ 142.7652955, -3.2971041 ], [ 142.7662584, -3.2972634 ], [ 142.767524400000013, -3.2974321 ], [ 142.768551699999989, -3.2975526 ], [ 142.769125699999989, -3.2976276 ], [ 142.7696756, -3.2977294 ], [ 142.7702817, -3.29789 ], [ 142.7712795, -3.2980132 ], [ 142.7726099, -3.298206 ], [ 142.7734575, -3.298372 ], [ 142.7744687, -3.2984979 ], [ 142.7750628, -3.2985648 ], [ 142.776111500000013, -3.2987603 ], [ 142.7766694, -3.2988366 ], [ 142.777266200000014, -3.2989089 ], [ 142.777771800000011, -3.2989571 ], [ 142.7780467, -3.299 ], [ 142.7787521, -3.2991392 ], [ 142.7793637, -3.2992463 ], [ 142.7797942, -3.29934 ], [ 142.7806941, -3.2995248 ], [ 142.782024400000012, -3.2997283 ], [ 142.783004799999986, -3.2998368 ], [ 142.783699500000012, -3.2999251 ], [ 142.7842426, -3.3000135 ], [ 142.784773699999988, -3.3000885 ], [ 142.7854523, -3.300209 ], [ 142.7864863, -3.3003683 ], [ 142.7872051, -3.30047 ], [ 142.7880259, -3.3006454 ], [ 142.7886334, -3.3007552 ], [ 142.7893683, -3.3008436 ], [ 142.790051, -3.3009092 ], [ 142.790574, -3.3009601 ], [ 142.7918601, -3.3011194 ], [ 142.793051, -3.3012693 ], [ 142.7941668, -3.3014621 ], [ 142.7959907, -3.3017406 ], [ 142.797524900000013, -3.3019441 ], [ 142.7990891, -3.3021823 ], [ 142.801044, -3.3025868 ], [ 142.802224099999989, -3.3029188 ], [ 142.803608200000014, -3.303433 ], [ 142.805153100000013, -3.3040007 ], [ 142.8055876, -3.3041774 ], [ 142.8060812, -3.3044345 ], [ 142.8070468, -3.3049754 ], [ 142.8083503, -3.3056823 ], [ 142.8094768, -3.3062285 ], [ 142.810351200000014, -3.3066784 ], [ 142.811890799999986, -3.307471 ], [ 142.8134894, -3.3083172 ], [ 142.814605199999988, -3.3089384 ], [ 142.815882, -3.3096346 ], [ 142.817266, -3.3104326 ], [ 142.818161800000013, -3.3109681 ], [ 142.8195512, -3.3117554 ], [ 142.8212517, -3.312698 ], [ 142.823279500000012, -3.3137851 ], [ 142.8248405, -3.3146259 ], [ 142.8261387, -3.3152793 ], [ 142.827909, -3.3162058 ], [ 142.8287244, -3.3166074 ], [ 142.830151300000011, -3.3172715 ], [ 142.8318411, -3.3181177 ], [ 142.8333405, -3.3188246 ], [ 142.8339574, -3.319087 ], [ 142.834453599999989, -3.3192905 ], [ 142.834944400000012, -3.3194887 ], [ 142.835454, -3.3196707 ], [ 142.8357571, -3.3197939 ], [ 142.835985099999988, -3.3198983 ], [ 142.8362319, -3.3200081 ], [ 142.8364626, -3.3200992 ], [ 142.8369856, -3.320292 ], [ 142.8382087, -3.3208061 ], [ 142.8393567, -3.3212666 ], [ 142.8402525, -3.321604 ], [ 142.8421622, -3.3222788 ], [ 142.844707699999987, -3.3231625 ], [ 142.844801499999988, -3.3231946 ], [ 142.8449732, -3.3232642 ], [ 142.845152899999988, -3.3233419 ], [ 142.8453997, -3.3234543 ], [ 142.8455204, -3.3234999 ], [ 142.845743, -3.3235748 ], [ 142.8469151, -3.3239256 ], [ 142.8479075, -3.3242068 ], [ 142.848811399999988, -3.3244852 ], [ 142.8492942, -3.3246432 ], [ 142.8495839, -3.3247423 ], [ 142.8498387, -3.3248307 ], [ 142.8500453, -3.3248869 ], [ 142.8503725, -3.3249646 ], [ 142.8515822, -3.3252671 ], [ 142.8525558, -3.3255697 ], [ 142.8531432, -3.3257089 ], [ 142.8541893, -3.325974 ], [ 142.8550583, -3.3261883 ], [ 142.856608599999987, -3.3265953 ], [ 142.8571719, -3.3267399 ], [ 142.8582179, -3.3269541 ], [ 142.85951080000001, -3.3272486 ], [ 142.860969899999986, -3.3275967 ], [ 142.862096400000013, -3.3278163 ], [ 142.8627402, -3.3279341 ], [ 142.8633892, -3.3280787 ], [ 142.8639016, -3.3282046 ], [ 142.8643817, -3.3283304 ], [ 142.8649154, -3.3284402 ], [ 142.8656718, -3.3285901 ], [ 142.866329, -3.3287213 ], [ 142.8674072, -3.3289516 ], [ 142.868346, -3.3291444 ], [ 142.8691614, -3.3293265 ], [ 142.86944840000001, -3.329356 ], [ 142.869732699999986, -3.3293881 ], [ 142.8699633, -3.3293934 ], [ 142.870137699999987, -3.3293934 ], [ 142.8702503, -3.3294122 ], [ 142.8703952, -3.3294711 ], [ 142.8705481, -3.3295354 ], [ 142.870703600000013, -3.3295916 ], [ 142.8708887, -3.3296532 ], [ 142.871183800000011, -3.3297174 ], [ 142.871446600000013, -3.3297523 ], [ 142.8718489, -3.3297978 ], [ 142.872683099999989, -3.3299236 ], [ 142.873721100000012, -3.3300548 ], [ 142.874187799999987, -3.330103 ], [ 142.8745472, -3.3301673 ], [ 142.8753063, -3.3303172 ], [ 142.8761002, -3.3304538 ], [ 142.8765133, -3.330502 ], [ 142.8767949, -3.3305154 ], [ 142.877022899999986, -3.3305368 ], [ 142.877216, -3.3305556 ], [ 142.8774065, -3.3306038 ], [ 142.877546, -3.3306466 ], [ 142.8777739, -3.3306761 ], [ 142.877961699999986, -3.3307002 ], [ 142.8780904, -3.3307028 ], [ 142.8782353, -3.3306975 ], [ 142.8784284, -3.3306948 ], [ 142.878525, -3.3306894 ], [ 142.8786644, -3.3307082 ], [ 142.8788307, -3.3307403 ], [ 142.8793967, -3.3308876 ], [ 142.8796408, -3.3309358 ], [ 142.8797802, -3.3309572 ], [ 142.8799117, -3.3309679 ], [ 142.8801182, -3.3309626 ], [ 142.880925499999989, -3.3309974 ], [ 142.8813064, -3.3310242 ], [ 142.8816014, -3.3310563 ], [ 142.8823391, -3.3311634 ], [ 142.882787, -3.3312491 ], [ 142.883092799999986, -3.3313187 ], [ 142.8833878, -3.3313856 ], [ 142.8836077, -3.3314231 ], [ 142.8839001, -3.3314606 ], [ 142.8847289, -3.3315758 ], [ 142.885839299999986, -3.3316989 ], [ 142.8865367, -3.3317739 ], [ 142.887405699999988, -3.3318542 ], [ 142.888135299999988, -3.3319506 ], [ 142.8884143, -3.3319935 ], [ 142.8888327, -3.3320738 ], [ 142.8890365, -3.3321113 ], [ 142.8892994, -3.3321381 ], [ 142.88972050000001, -3.3321675 ], [ 142.890173800000014, -3.3321782 ], [ 142.8906164, -3.3322184 ], [ 142.8915203, -3.3323094 ], [ 142.8923303, -3.3324112 ], [ 142.8936553, -3.3325183 ], [ 142.8946906, -3.33262 ], [ 142.8956133, -3.3327004 ], [ 142.896713, -3.3327807 ], [ 142.8980541, -3.332861 ], [ 142.8993577, -3.3329574 ], [ 142.9003662, -3.3330163 ], [ 142.9015839, -3.3331181 ], [ 142.9027078, -3.3332091 ], [ 142.9032791, -3.333268 ], [ 142.9035419, -3.3332841 ], [ 142.903721600000011, -3.3333002 ], [ 142.904161499999987, -3.3333082 ], [ 142.9049635, -3.3333377 ], [ 142.9058325, -3.3334073 ], [ 142.906631800000014, -3.3335037 ], [ 142.90793, -3.3336322 ], [ 142.9089761, -3.3337286 ], [ 142.909689500000013, -3.3338036 ], [ 142.91055320000001, -3.3338946 ], [ 142.9112935, -3.3339642 ], [ 142.91150540000001, -3.3339857 ], [ 142.9118085, -3.3340339 ], [ 142.912176, -3.3341249 ], [ 142.9124522, -3.3341785 ], [ 142.912758, -3.3342213 ], [ 142.913289099999986, -3.3342507 ], [ 142.913592200000011, -3.3342802 ], [ 142.9138094, -3.334323 ], [ 142.9142278, -3.3344141 ], [ 142.9148769, -3.334564 ], [ 142.915467, -3.33473 ], [ 142.9162019, -3.3349121 ], [ 142.9174036, -3.3351531 ], [ 142.917886399999986, -3.3352656 ], [ 142.9185221, -3.335453 ], [ 142.9191658, -3.3356672 ], [ 142.9202923, -3.33601 ], [ 142.9208529, -3.3361787 ], [ 142.9214618, -3.3364036 ], [ 142.921949899999987, -3.3365964 ], [ 142.92225, -3.33675 ], [ 142.9232776, -3.3373649 ], [ 142.9241145, -3.3379218 ], [ 142.92523030000001, -3.3386501 ], [ 142.9272365, -3.3401496 ], [ 142.9278803, -3.3405995 ], [ 142.9283255, -3.3408083 ], [ 142.9286957, -3.3409315 ], [ 142.929747099999986, -3.3412314 ], [ 142.9312277, -3.3415099 ], [ 142.9323971, -3.3416491 ], [ 142.933867, -3.3418205 ], [ 142.9369247, -3.3420829 ], [ 142.938941699999987, -3.3422489 ], [ 142.9399905, -3.3423929 ], [ 142.941325400000011, -3.3423397 ], [ 142.9419399, -3.3422265 ], [ 142.9420771, -3.3421558 ], [ 142.9424572, -3.3422218 ], [ 142.9426191, -3.3423511 ], [ 142.943304, -3.3434128 ], [ 142.94348, -3.3436306 ], [ 142.944864, -3.3445196 ], [ 142.9457545, -3.3450872 ], [ 142.946924, -3.3457298 ], [ 142.948447499999986, -3.3463832 ], [ 142.94955250000001, -3.3467688 ], [ 142.9503947, -3.3469401 ], [ 142.951194, -3.3470526 ], [ 142.9519075, -3.3471115 ], [ 142.9545736, -3.3472829 ], [ 142.9566336, -3.3474649 ], [ 142.958639799999986, -3.3475613 ], [ 142.962030199999987, -3.3476149 ], [ 142.9647338, -3.347647 ], [ 142.9659998, -3.3476256 ], [ 142.9670834, -3.3475292 ], [ 142.9686069, -3.3473257 ], [ 142.9695886, -3.3471651 ], [ 142.9701143, -3.3470687 ], [ 142.9703987, -3.3470071 ], [ 142.9704925, -3.346983 ], [ 142.9705569, -3.3469535 ], [ 142.9705985, -3.346908 ], [ 142.970664199999987, -3.3468116 ], [ 142.9706937, -3.3467955 ], [ 142.970744700000012, -3.3468009 ], [ 142.9707822, -3.346833 ], [ 142.9709163, -3.3470098 ], [ 142.9709861, -3.3470767 ], [ 142.9710504, -3.3471222 ], [ 142.971136300000012, -3.3471463 ], [ 142.971546600000011, -3.3472213 ], [ 142.972034799999989, -3.3472695 ], [ 142.9726464, -3.3472668 ], [ 142.9731774, -3.3472454 ], [ 142.973907, -3.3471945 ], [ 142.9751247, -3.3470312 ], [ 142.976685800000013, -3.3466938 ], [ 142.9777425, -3.3464582 ], [ 142.978971, -3.3462386 ], [ 142.980183399999987, -3.3460779 ], [ 142.9813528, -3.3459655 ], [ 142.982409600000011, -3.3458744 ], [ 142.983477099999988, -3.3457834 ], [ 142.9843247, -3.3456977 ], [ 142.985102500000011, -3.3456388 ], [ 142.9856604, -3.3456335 ], [ 142.9861003, -3.3456495 ], [ 142.9872, -3.345687 ], [ 142.9883051, -3.3456602 ], [ 142.989538900000014, -3.345612 ], [ 142.99037580000001, -3.3456388 ], [ 142.990939, -3.3456816 ], [ 142.9914004, -3.345762 ], [ 142.991969, -3.3458851 ], [ 142.99254830000001, -3.3460137 ], [ 142.9935944, -3.3462118 ], [ 142.994291800000013, -3.3463296 ], [ 142.9949838, -3.346426 ], [ 142.9957509, -3.3465224 ], [ 142.9966736, -3.3466456 ], [ 142.9986477, -3.3470044 ], [ 143.0009115, -3.3473686 ], [ 143.001785899999987, -3.347465 ], [ 143.002021899999988, -3.3475078 ], [ 143.002182800000014, -3.3475721 ], [ 143.002499300000011, -3.3477006 ], [ 143.0030572, -3.3479844 ], [ 143.0034006, -3.3481183 ], [ 143.0040282, -3.3483111 ], [ 143.0047202, -3.3484825 ], [ 143.0055356, -3.3486699 ], [ 143.0064797, -3.348868 ], [ 143.0070484, -3.3490019 ], [ 143.0075955, -3.3491304 ], [ 143.0080944, -3.3492322 ], [ 143.0086523, -3.3493179 ], [ 143.0091646, -3.3493607 ], [ 143.009419400000013, -3.34935 ], [ 143.009575, -3.3493607 ], [ 143.0097118, -3.3493821 ], [ 143.009792299999987, -3.3494357 ], [ 143.009859299999988, -3.3495107 ], [ 143.0099022, -3.3496794 ], [ 143.0098969, -3.3498588 ], [ 143.0098647, -3.3500087 ], [ 143.0097547, -3.3501908 ], [ 143.0096072, -3.3504746 ], [ 143.0094865, -3.3506567 ], [ 143.0093497, -3.3508843 ], [ 143.009288, -3.3511039 ], [ 143.009288, -3.3512538 ], [ 143.0093229, -3.3513904 ], [ 143.0094838, -3.3516902 ], [ 143.009601800000013, -3.3519794 ], [ 143.009676899999988, -3.3521936 ], [ 143.0097198, -3.3524079 ], [ 143.0097413, -3.3526649 ], [ 143.009757400000012, -3.352863 ], [ 143.009805699999987, -3.3531147 ], [ 143.0099344, -3.3535914 ], [ 143.0100578, -3.3539555 ], [ 143.0102348, -3.3542715 ], [ 143.010406499999988, -3.3545178 ], [ 143.010562099999987, -3.3547588 ], [ 143.010798099999988, -3.3550962 ], [ 143.0110824, -3.3553693 ], [ 143.0114955, -3.3556371 ], [ 143.011897800000014, -3.3558727 ], [ 143.012445, -3.3561512 ], [ 143.012836600000014, -3.3562957 ], [ 143.0132925, -3.3564243 ], [ 143.0149662, -3.3569116 ], [ 143.0155885, -3.3570669 ], [ 143.0161142, -3.3572222 ], [ 143.0168438, -3.35749 ], [ 143.017385600000011, -3.3577202 ], [ 143.0179113, -3.3579612 ], [ 143.0185014, -3.3582611 ], [ 143.0189413, -3.3584432 ], [ 143.019391899999988, -3.3586253 ], [ 143.0197996, -3.3587645 ], [ 143.0202448, -3.3589305 ], [ 143.0206364, -3.3590912 ], [ 143.0209583, -3.3592518 ], [ 143.021435700000012, -3.3595196 ], [ 143.021870299999989, -3.359707 ], [ 143.022186799999986, -3.3598088 ], [ 143.022685599999988, -3.3599266 ], [ 143.024193, -3.3602747 ], [ 143.025046, -3.3604728 ], [ 143.0260491, -3.3607459 ], [ 143.0274171, -3.3610672 ], [ 143.0278437, -3.3611648 ], [ 143.0286348, -3.3613457 ], [ 143.0299813, -3.3616724 ], [ 143.0302548, -3.3617366 ], [ 143.0305284, -3.3618009 ], [ 143.030853, -3.3618437 ], [ 143.03114260000001, -3.3618705 ], [ 143.0314028, -3.3619026 ], [ 143.0317408, -3.3619615 ], [ 143.0319661, -3.3620097 ], [ 143.032271900000012, -3.3621061 ], [ 143.0328083, -3.3622668 ], [ 143.033269600000011, -3.3623632 ], [ 143.0339026, -3.3624756 ], [ 143.0351525, -3.3627113 ], [ 143.037630900000011, -3.363145 ], [ 143.0389935, -3.3634128 ], [ 143.039637199999987, -3.3635146 ], [ 143.0410387, -3.3637247 ], [ 143.0419707, -3.363868 ], [ 143.0425903, -3.3639617 ], [ 143.0429685, -3.3640099 ], [ 143.0434433, -3.364042 ], [ 143.0438322, -3.3640447 ], [ 143.0445832, -3.3640179 ], [ 143.044942600000013, -3.3640287 ], [ 143.0455086, -3.3640795 ], [ 143.0459779, -3.3640983 ], [ 143.046361499999989, -3.3641545 ], [ 143.0466592, -3.3641947 ], [ 143.046957, -3.3642509 ], [ 143.0473164, -3.3643018 ], [ 143.0476812, -3.3643339 ], [ 143.0481049, -3.3643419 ], [ 143.0484429, -3.3643526 ], [ 143.0487192, -3.3643633 ], [ 143.0490303, -3.3643982 ], [ 143.0492154, -3.3643982 ], [ 143.04943, -3.3643848 ], [ 143.0497116, -3.3643607 ], [ 143.0499825, -3.3643553 ], [ 143.0502641, -3.3643794 ], [ 143.050704, -3.3644169 ], [ 143.051114399999989, -3.364441 ], [ 143.0516079, -3.3644678 ], [ 143.0520076, -3.3644544 ], [ 143.0521551, -3.3644678 ], [ 143.0522972, -3.3644972 ], [ 143.0525279, -3.3645829 ], [ 143.052774699999986, -3.3646552 ], [ 143.05310990000001, -3.3647329 ], [ 143.0536008, -3.3648453 ], [ 143.0541533, -3.3649765 ], [ 143.054555599999986, -3.3650461 ], [ 143.0548561, -3.365089 ], [ 143.055135, -3.3650997 ], [ 143.0555427, -3.3650997 ], [ 143.0563366, -3.3650783 ], [ 143.0570769, -3.3650622 ], [ 143.057586500000014, -3.365089 ], [ 143.0580157, -3.3651024 ], [ 143.058195399999988, -3.3651184 ], [ 143.0584127, -3.3651586 ], [ 143.058672800000011, -3.3652362 ], [ 143.0588177, -3.3652737 ], [ 143.0589464, -3.3652764 ], [ 143.0591905, -3.3652737 ], [ 143.059356799999989, -3.3652362 ], [ 143.059558, -3.3651613 ], [ 143.0597752, -3.3651345 ], [ 143.0599067, -3.3651425 ], [ 143.0600274, -3.365188 ], [ 143.0601668, -3.3652871 ], [ 143.060274099999987, -3.3654023 ], [ 143.0603599, -3.3655549 ], [ 143.060486, -3.3657878 ], [ 143.0605316, -3.3658708 ], [ 143.060577200000012, -3.3659297 ], [ 143.060638899999987, -3.3659753 ], [ 143.060714, -3.3660181 ], [ 143.061373800000013, -3.3662832 ], [ 143.061765400000013, -3.3664224 ], [ 143.0623555, -3.3666098 ], [ 143.0628973, -3.3666902 ], [ 143.0633748, -3.3667116 ], [ 143.063803900000011, -3.3666795 ], [ 143.0655205, -3.3664063 ], [ 143.0668527, -3.3661163 ], [ 143.0681169, -3.3658762 ], [ 143.0689537, -3.3656727 ], [ 143.0707616, -3.365255 ], [ 143.072236800000013, -3.3648908 ], [ 143.0744469, -3.364291 ], [ 143.0777943, -3.3633485 ], [ 143.0789691, -3.3629951 ], [ 143.0800956, -3.3626149 ], [ 143.0810612, -3.3622882 ], [ 143.081849799999986, -3.3620419 ], [ 143.083303699999988, -3.3615794 ], [ 143.0850524, -3.3609815 ], [ 143.0863881, -3.360596 ], [ 143.0873537, -3.360264 ], [ 143.088169099999988, -3.3600069 ], [ 143.088845, -3.359782 ], [ 143.089537, -3.3595517 ], [ 143.090395300000012, -3.3592732 ], [ 143.0910498, -3.3590751 ], [ 143.0919027, -3.3588448 ], [ 143.0931473, -3.3584967 ], [ 143.0942255, -3.3582129 ], [ 143.0949819, -3.3580201 ], [ 143.0957919, -3.3578488 ], [ 143.0972135, -3.3575114 ], [ 143.0990481, -3.3571044 ], [ 143.0994765, -3.3570222 ], [ 143.0995077, -3.3570162 ], [ 143.101129500000013, -3.3566974 ], [ 143.1038815, -3.3562315 ], [ 143.104965099999987, -3.3560012 ], [ 143.1070518, -3.355621 ], [ 143.108339300000011, -3.3554121 ], [ 143.110072, -3.3552033 ], [ 143.1124163, -3.3549248 ], [ 143.113848600000011, -3.3547802 ], [ 143.115602700000011, -3.3545981 ], [ 143.118703399999987, -3.3542768 ], [ 143.1202805, -3.3541376 ], [ 143.122319, -3.3539127 ], [ 143.1240248, -3.3537627 ], [ 143.1252479, -3.3537413 ], [ 143.1262994, -3.3537841 ], [ 143.1279409, -3.353902 ], [ 143.1295824, -3.3539448 ], [ 143.133232600000014, -3.3541509 ], [ 143.1334233, -3.3541617 ], [ 143.134792, -3.3543436 ], [ 143.1361431, -3.3545232 ], [ 143.139367099999987, -3.3551015 ], [ 143.1424302, -3.355696 ], [ 143.1443667, -3.3559691 ], [ 143.1467968, -3.3561404 ], [ 143.149243, -3.3562368 ], [ 143.151024, -3.3563279 ], [ 143.1529874, -3.356526 ], [ 143.1550741, -3.3568527 ], [ 143.1574023, -3.3572061 ], [ 143.158539499999989, -3.3574685 ], [ 143.159086699999989, -3.3576827 ], [ 143.1596285, -3.3580415 ], [ 143.160293700000011, -3.3587217 ], [ 143.1609857, -3.3593536 ], [ 143.1615758, -3.3597659 ], [ 143.1624019, -3.3601354 ], [ 143.1646657, -3.3608691 ], [ 143.1666774, -3.3613511 ], [ 143.1703144, -3.361908 ], [ 143.17599, -3.3628023 ], [ 143.181080799999989, -3.3637234 ], [ 143.1869441, -3.3648319 ], [ 143.1913644, -3.3658333 ], [ 143.1966376, -3.3670436 ], [ 143.2012269, -3.3681843 ], [ 143.2027718, -3.3686207 ], [ 143.2057303, -3.369681 ], [ 143.208088, -3.3705245 ], [ 143.2107675, -3.3715955 ], [ 143.2119262, -3.3721471 ], [ 143.213476500000013, -3.3729557 ], [ 143.2174408, -3.3750576 ], [ 143.2190824, -3.375909 ], [ 143.220841900000011, -3.377047 ], [ 143.2230037, -3.3785411 ], [ 143.2247901, -3.3799013 ], [ 143.2258469, -3.3807259 ], [ 143.2269868, -3.3817407 ], [ 143.2273462, -3.3821611 ], [ 143.2280409, -3.3831946 ], [ 143.228464699999989, -3.3838479 ], [ 143.2286444, -3.3842335 ], [ 143.2287866, -3.3846753 ], [ 143.22904410000001, -3.3857329 ], [ 143.229124500000012, -3.3859846 ], [ 143.229929199999987, -3.3880865 ], [ 143.2300526, -3.3883864 ], [ 143.230235, -3.3886729 ], [ 143.230927, -3.3893262 ], [ 143.2314581, -3.3897626 ], [ 143.231758500000012, -3.3899634 ], [ 143.2323432, -3.3902178 ], [ 143.2332525, -3.3905578 ], [ 143.2345158, -3.3910398 ], [ 143.2359052, -3.3915913 ], [ 143.236221699999987, -3.3916824 ], [ 143.2379597, -3.3920786 ], [ 143.2399017, -3.3925767 ], [ 143.2405982, -3.3927443 ], [ 143.242439, -3.3931871 ], [ 143.244032299999986, -3.3935352 ], [ 143.245185600000013, -3.3937548 ], [ 143.246773499999989, -3.3940225 ], [ 143.2493538, -3.3943278 ], [ 143.250222799999989, -3.3944723 ], [ 143.2514083, -3.3948043 ], [ 143.2518268, -3.394874 ], [ 143.2545304, -3.3951631 ], [ 143.2567352, -3.3953131 ], [ 143.257566700000012, -3.3953827 ], [ 143.2588702, -3.3956022 ], [ 143.259396, -3.3956344 ], [ 143.2623786, -3.3957415 ], [ 143.26438490000001, -3.3957897 ], [ 143.26733, -3.3959235 ], [ 143.2695669, -3.3959075 ], [ 143.2725924, -3.3959342 ], [ 143.276213399999989, -3.3957201 ], [ 143.2802743, -3.3954523 ], [ 143.2819426, -3.3953827 ], [ 143.2826346, -3.3953773 ], [ 143.283922100000012, -3.3954309 ], [ 143.2853302, -3.3954282 ], [ 143.2867062, -3.39538 ], [ 143.2874143, -3.3954014 ], [ 143.2887393, -3.3955353 ], [ 143.289855100000011, -3.3956558 ], [ 143.2907054, -3.3957816 ], [ 143.292022300000014, -3.3959637 ], [ 143.2938409, -3.3962341 ], [ 143.295996, -3.3966304 ], [ 143.2989129, -3.3972971 ], [ 143.3013296, -3.3978594 ], [ 143.303019400000011, -3.3983092 ], [ 143.304363200000012, -3.3987751 ], [ 143.306578699999989, -3.3993481 ], [ 143.3094835, -3.4001781 ], [ 143.3110285, -3.4006065 ], [ 143.313818, -3.4013107 ], [ 143.3161998, -3.4019211 ], [ 143.3193273, -3.4025584 ], [ 143.3221704, -3.403035 ], [ 143.3251744, -3.4037981 ], [ 143.3269688, -3.4043041 ], [ 143.3289349, -3.4048824 ], [ 143.3295655, -3.4051024 ], [ 143.3302706, -3.4053483 ], [ 143.3333498, -3.4066067 ], [ 143.335168399999986, -3.4073243 ], [ 143.3351955, -3.4073345 ], [ 143.3373785, -3.4081543 ], [ 143.339014600000013, -3.4086603 ], [ 143.3401546, -3.4090646 ], [ 143.3416378, -3.4094207 ], [ 143.3436388, -3.4097501 ], [ 143.3447358, -3.4099375 ], [ 143.348735, -3.410224 ], [ 143.349979499999989, -3.4103391 ], [ 143.3532277, -3.4105051 ], [ 143.356905, -3.41073 ], [ 143.3597374, -3.4107728 ], [ 143.3622292, -3.4107755 ], [ 143.3638975, -3.4107514 ], [ 143.3647612, -3.4107327 ], [ 143.3654264, -3.4107273 ], [ 143.3659011, -3.4107434 ], [ 143.366797, -3.4107648 ], [ 143.3681944, -3.4107702 ], [ 143.369374599999986, -3.4107836 ], [ 143.3710322, -3.4108344 ], [ 143.3724564, -3.4108773 ], [ 143.3738673, -3.4109522 ], [ 143.3756912, -3.4110567 ], [ 143.3782554, -3.4111852 ], [ 143.3828178, -3.411394 ], [ 143.3834329, -3.4114148 ], [ 143.3845559, -3.4114529 ], [ 143.386002, -3.4115002 ], [ 143.386028399999987, -3.4115011 ], [ 143.3873078, -3.4115199 ], [ 143.3893383, -3.4114984 ], [ 143.390387, -3.4115065 ], [ 143.3917308, -3.4114663 ], [ 143.3923078, -3.4114548 ], [ 143.393206, -3.4114369 ], [ 143.393610200000012, -3.4114253 ], [ 143.394426399999986, -3.411402 ], [ 143.3966178, -3.4113324 ], [ 143.3983558, -3.4112762 ], [ 143.4002548, -3.4111932 ], [ 143.4014109, -3.411137 ], [ 143.4036827, -3.4109522 ], [ 143.4068423, -3.4105801 ], [ 143.4089103, -3.4103123 ], [ 143.41092470000001, -3.4100232 ], [ 143.412112900000011, -3.4098464 ], [ 143.4133252, -3.4096858 ], [ 143.4147012, -3.4095251 ], [ 143.415245700000014, -3.4094502 ], [ 143.4155381, -3.4094314 ], [ 143.4157902, -3.4094127 ], [ 143.4160665, -3.40941 ], [ 143.4163508, -3.4094475 ], [ 143.416568, -3.409477 ], [ 143.4168041, -3.4094984 ], [ 143.4170723, -3.409485 ], [ 143.4175122, -3.4094555 ], [ 143.4177402, -3.4094261 ], [ 143.4182015, -3.4093913 ], [ 143.4186172, -3.4093484 ], [ 143.419041, -3.4093163 ], [ 143.4193388, -3.4093243 ], [ 143.4195238, -3.4093565 ], [ 143.4195909, -3.4093993 ], [ 143.4196177, -3.4094903 ], [ 143.419633800000014, -3.4096911 ], [ 143.4195963, -3.4101303 ], [ 143.41955870000001, -3.4104489 ], [ 143.4195533, -3.4106336 ], [ 143.4195372, -3.4107675 ], [ 143.4195104, -3.4109549 ], [ 143.419489, -3.4110406 ], [ 143.4194219, -3.4111423 ], [ 143.4192449, -3.4112923 ], [ 143.419092, -3.4114101 ], [ 143.4189472, -3.4115413 ], [ 143.418754, -3.4117448 ], [ 143.4186789, -3.4118974 ], [ 143.418641400000013, -3.4120848 ], [ 143.4186602, -3.4122936 ], [ 143.4187245, -3.4125453 ], [ 143.418885499999988, -3.4128854 ], [ 143.4191966, -3.4133111 ], [ 143.419607, -3.4137823 ], [ 143.4201032, -3.4141545 ], [ 143.420535, -3.4144302 ], [ 143.4211412, -3.4147756 ], [ 143.4220853, -3.4151157 ], [ 143.422713, -3.4153058 ], [ 143.424359900000013, -3.4158091 ], [ 143.426135499999987, -3.4163071 ], [ 143.427924499999989, -3.4167623 ], [ 143.428764, -3.4169497 ], [ 143.4290564, -3.4170059 ], [ 143.4292576, -3.4170622 ], [ 143.4293997, -3.4171425 ], [ 143.4296545, -3.4172549 ], [ 143.429922800000014, -3.4173246 ], [ 143.4302017, -3.4173781 ], [ 143.4308696, -3.4174932 ], [ 143.4315133, -3.4175575 ], [ 143.4317359, -3.4175869 ], [ 143.43187, -3.4176432 ], [ 143.4320363, -3.4177663 ], [ 143.4322134, -3.4179163 ], [ 143.432824900000014, -3.4184759 ], [ 143.4330797, -3.4186686 ], [ 143.4332621, -3.4188186 ], [ 143.4334874, -3.4189364 ], [ 143.4336939, -3.4190087 ], [ 143.4340453, -3.4190917 ], [ 143.434402, -3.41918 ], [ 143.4347722, -3.4192952 ], [ 143.4352107, -3.4194464 ], [ 143.435484300000013, -3.4195415 ], [ 143.435711, -3.4196312 ], [ 143.4358598, -3.4197088 ], [ 143.435984600000012, -3.4198039 ], [ 143.4361012, -3.4199056 ], [ 143.4362286, -3.4200047 ], [ 143.4363386, -3.4200663 ], [ 143.436462, -3.4201118 ], [ 143.4369595, -3.4201814 ], [ 143.4375952, -3.420255 ], [ 143.438096800000011, -3.420342 ], [ 143.438314, -3.4203795 ], [ 143.4386185, -3.4204652 ], [ 143.439224700000011, -3.4206098 ], [ 143.4397088, -3.420741 ], [ 143.4399301, -3.4207865 ], [ 143.4401393, -3.4208092 ], [ 143.4406811, -3.4208079 ], [ 143.440919799999989, -3.4208052 ], [ 143.441117, -3.4208133 ], [ 143.441351700000013, -3.420832 ], [ 143.44153, -3.4208802 ], [ 143.4417191, -3.4209605 ], [ 143.4420088, -3.421085 ], [ 143.4421831, -3.4211533 ], [ 143.4423213, -3.4211787 ], [ 143.442454, -3.4211868 ], [ 143.4426096, -3.421176 ], [ 143.4432828, -3.4211319 ], [ 143.443701299999987, -3.4210649 ], [ 143.4438327, -3.4210515 ], [ 143.4440553, -3.4210408 ], [ 143.4442565, -3.4210355 ], [ 143.4444255, -3.4210355 ], [ 143.4445676, -3.4210623 ], [ 143.444814400000013, -3.4211185 ], [ 143.444978, -3.421172 ], [ 143.4451202, -3.4212309 ], [ 143.445219400000013, -3.4212577 ], [ 143.44534010000001, -3.4212684 ], [ 143.4454715, -3.4212684 ], [ 143.4455734, -3.4212524 ], [ 143.4456888, -3.4212524 ], [ 143.445847, -3.4212925 ], [ 143.446075, -3.4213675 ], [ 143.4465525, -3.4215817 ], [ 143.4467187, -3.4216165 ], [ 143.4469494, -3.4216326 ], [ 143.4470916, -3.4216245 ], [ 143.4473008, -3.4215951 ], [ 143.4476052, -3.4215442 ], [ 143.4478681, -3.4215402 ], [ 143.4481001, -3.4215696 ], [ 143.4482744, -3.4216433 ], [ 143.4487385, -3.4219431 ], [ 143.4489356, -3.4221131 ], [ 143.4492172, -3.4224385 ], [ 143.4494278, -3.4227182 ], [ 143.4496437, -3.4230342 ], [ 143.4498958, -3.4233622 ], [ 143.4501359, -3.4237772 ], [ 143.4504738, -3.4243957 ], [ 143.4505624, -3.424559 ], [ 143.4506589, -3.4247919 ], [ 143.4507099, -3.4249204 ], [ 143.4507635, -3.4250704 ], [ 143.4507877, -3.4251935 ], [ 143.4508145, -3.42548 ], [ 143.45084940000001, -3.4256996 ], [ 143.4508735, -3.4260048 ], [ 143.4509124, -3.4263783 ], [ 143.4509392, -3.4267558 ], [ 143.4509687, -3.4271587 ], [ 143.4510076, -3.4274533 ], [ 143.4510545, -3.4277638 ], [ 143.451085400000011, -3.428049 ], [ 143.4511176, -3.4283154 ], [ 143.4511498, -3.4285778 ], [ 143.4511927, -3.428729 ], [ 143.451267800000011, -3.4289419 ], [ 143.4513241, -3.4290544 ], [ 143.4514528, -3.4292685 ], [ 143.4515226, -3.4293971 ], [ 143.451726400000013, -3.429705 ], [ 143.4519196, -3.4299325 ], [ 143.4521234, -3.4302163 ], [ 143.4522763, -3.4303984 ], [ 143.4524319, -3.4306099 ], [ 143.4525606, -3.4307706 ], [ 143.452698700000013, -3.4309446 ], [ 143.4529147, -3.4312338 ], [ 143.453089, -3.4314479 ], [ 143.453644200000014, -3.4320343 ], [ 143.45396070000001, -3.4323368 ], [ 143.4545293, -3.4328295 ], [ 143.4551583, -3.4332632 ], [ 143.4556612, -3.4336555 ], [ 143.4564579, -3.4342806 ], [ 143.4569353, -3.4346341 ], [ 143.457662199999987, -3.4351401 ], [ 143.4582469, -3.4355444 ], [ 143.4590757, -3.4360477 ], [ 143.459767699999986, -3.4364654 ], [ 143.4604597, -3.4368723 ], [ 143.4609908, -3.4371401 ], [ 143.4614789, -3.4373918 ], [ 143.462055600000014, -3.4376756 ], [ 143.463107, -3.4381414 ], [ 143.4638822, -3.438444 ], [ 143.464711, -3.4387358 ], [ 143.4658483, -3.4390732 ], [ 143.4665939, -3.439274 ], [ 143.4675823, -3.4394908 ], [ 143.4684815, -3.4396903 ], [ 143.4690173, -3.4398041 ], [ 143.469563099999988, -3.4399085 ], [ 143.470319499999988, -3.4400143 ], [ 143.471265, -3.4401414 ], [ 143.471792, -3.4401722 ], [ 143.4722279, -3.4401695 ], [ 143.4726892, -3.4401642 ], [ 143.4733799, -3.4401508 ], [ 143.474066599999986, -3.4401508 ], [ 143.4750469, -3.4401039 ], [ 143.4758985, -3.440041 ], [ 143.4765208, -3.4399861 ], [ 143.47742070000001, -3.439863 ], [ 143.4782454, -3.4397452 ], [ 143.479498, -3.4395122 ], [ 143.4807023, -3.4392579 ], [ 143.4815901, -3.4390624 ], [ 143.482765, -3.4387545 ], [ 143.483685, -3.4385002 ], [ 143.484352800000011, -3.4383021 ], [ 143.485643, -3.4378978 ], [ 143.4865227, -3.437614 ], [ 143.4870082, -3.4374292 ], [ 143.4874132, -3.4372793 ], [ 143.4877217, -3.437199 ], [ 143.4881857, -3.4370946 ], [ 143.4884432, -3.4370624 ], [ 143.4887972, -3.437033 ], [ 143.489382, -3.4369875 ], [ 143.490800900000011, -3.4368268 ], [ 143.492273399999988, -3.436618 ], [ 143.4929976, -3.4365216 ], [ 143.493799599999988, -3.4364547 ], [ 143.4943199, -3.4364225 ], [ 143.4948805, -3.4364172 ], [ 143.496012400000012, -3.4363717 ], [ 143.4972247, -3.4363128 ], [ 143.497839, -3.4362994 ], [ 143.498402199999987, -3.4363021 ], [ 143.4989119, -3.4363262 ], [ 143.4994858, -3.436361 ], [ 143.5003093, -3.4363984 ], [ 143.50114880000001, -3.4364359 ], [ 143.501771100000013, -3.4364734 ], [ 143.50208760000001, -3.4365055 ], [ 143.502296800000011, -3.4365618 ], [ 143.50238, -3.4366153 ], [ 143.5024738, -3.4366876 ], [ 143.502548600000011, -3.436711 ], [ 143.5026535, -3.4367438 ], [ 143.5027876, -3.4367412 ], [ 143.502959299999986, -3.4366662 ], [ 143.5031229, -3.4365939 ], [ 143.503249, -3.4365296 ], [ 143.5033563, -3.4364868 ], [ 143.503498400000012, -3.4364788 ], [ 143.5037452, -3.4365189 ], [ 143.5041851, -3.4365912 ], [ 143.5045713, -3.4366474 ], [ 143.504850299999987, -3.4366823 ], [ 143.5050917, -3.4366956 ], [ 143.5052526, -3.4367304 ], [ 143.5053867, -3.4368054 ], [ 143.505558400000012, -3.4369179 ], [ 143.5057381, -3.4370089 ], [ 143.506328200000013, -3.4372606 ], [ 143.506706400000013, -3.4373703 ], [ 143.507178399999987, -3.4374855 ], [ 143.5073836, -3.437539 ], [ 143.507596799999988, -3.437614 ], [ 143.5079026, -3.4377773 ], [ 143.508164099999988, -3.4379701 ], [ 143.508777, -3.4384172 ], [ 143.509461, -3.4390089 ], [ 143.5102388, -3.4395685 ], [ 143.511188299999986, -3.4401923 ], [ 143.5118052, -3.4405832 ], [ 143.512100299999986, -3.4408108 ], [ 143.5125831, -3.4411401 ], [ 143.5133716, -3.4416488 ], [ 143.5142112, -3.4422325 ], [ 143.515099, -3.442875 ], [ 143.5154396, -3.4431026 ], [ 143.5159492, -3.4433971 ], [ 143.517116, -3.4439861 ], [ 143.5185054, -3.4446769 ], [ 143.5190311, -3.4449553 ], [ 143.5193597, -3.4451428 ], [ 143.5197043, -3.4453703 ], [ 143.5203347, -3.4458067 ], [ 143.5208067, -3.4461548 ], [ 143.5218528, -3.4469446 ], [ 143.5228667, -3.4477585 ], [ 143.5239369, -3.4486688 ], [ 143.524784399999987, -3.449389 ], [ 143.5257205, -3.4501949 ], [ 143.5262677, -3.450709 ], [ 143.526715599999989, -3.4511882 ], [ 143.5274157, -3.4520557 ], [ 143.528526199999988, -3.4533607 ], [ 143.529301299999986, -3.4541949 ], [ 143.5304815, -3.4555094 ], [ 143.5307041, -3.4557317 ], [ 143.5307785, -3.4558382 ], [ 143.530846200000013, -3.4559351 ], [ 143.530948200000012, -3.4561815 ], [ 143.531063499999988, -3.4565964 ], [ 143.5311386, -3.4568213 ], [ 143.5312298, -3.4570623 ], [ 143.5313237, -3.4572711 ], [ 143.53154090000001, -3.4576995 ], [ 143.5318843, -3.4583501 ], [ 143.5321578, -3.4589766 ], [ 143.5323027, -3.459421 ], [ 143.532581599999986, -3.4602215 ], [ 143.5331329, -3.4621492 ], [ 143.5332005, -3.4623604 ], [ 143.53329930000001, -3.4626235 ], [ 143.533555299999989, -3.463362 ], [ 143.533946899999989, -3.4643687 ], [ 143.5340837, -3.4646739 ], [ 143.534309, -3.4650139 ], [ 143.5346094, -3.4653754 ], [ 143.535011700000013, -3.4657823 ], [ 143.5356367, -3.4663178 ], [ 143.5359344, -3.4665534 ], [ 143.536267, -3.4667917 ], [ 143.536613, -3.4670085 ], [ 143.5369724, -3.4671879 ], [ 143.537557099999987, -3.4674342 ], [ 143.5382223, -3.4676832 ], [ 143.5388365, -3.4679001 ], [ 143.5396385, -3.468149 ], [ 143.540400299999988, -3.4683766 ], [ 143.541006399999986, -3.4685935 ], [ 143.5413417, -3.4687461 ], [ 143.5418111, -3.4689603 ], [ 143.542540699999989, -3.4693217 ], [ 143.5430288, -3.4696135 ], [ 143.54413120000001, -3.4702668 ], [ 143.5449117, -3.4707085 ], [ 143.5452551, -3.4708879 ], [ 143.5455528, -3.4710218 ], [ 143.546070500000013, -3.4712119 ], [ 143.546542499999987, -3.47141 ], [ 143.547642200000013, -3.4718812 ], [ 143.5486239, -3.472248 ], [ 143.5494313, -3.4724729 ], [ 143.550587299999989, -3.4727647 ], [ 143.5516575, -3.4729949 ], [ 143.5520276, -3.4730431 ], [ 143.5532775, -3.4730913 ], [ 143.5540178, -3.4731315 ], [ 143.554473800000011, -3.4732011 ], [ 143.554927099999986, -3.4733376 ], [ 143.555243600000011, -3.4734715 ], [ 143.555643300000014, -3.4737017 ], [ 143.5559678, -3.4739213 ], [ 143.5564747, -3.474272 ], [ 143.556796600000013, -3.4745371 ], [ 143.55715330000001, -3.4748664 ], [ 143.557325, -3.4750966 ], [ 143.5574269, -3.4752813 ], [ 143.557502, -3.475541 ], [ 143.557526200000012, -3.4758409 ], [ 143.55753150000001, -3.4762264 ], [ 143.5575101, -3.4771768 ], [ 143.557485899999989, -3.4779184 ], [ 143.557502, -3.4783656 ], [ 143.5575289, -3.4788314 ], [ 143.557614699999988, -3.4795087 ], [ 143.5577434, -3.4802155 ], [ 143.5579017, -3.4809973 ], [ 143.5580224, -3.4815729 ], [ 143.55824770000001, -3.4823948 ], [ 143.5583402, -3.4827255 ], [ 143.558418, -3.4830441 ], [ 143.558485100000013, -3.483281 ], [ 143.558545400000014, -3.4834751 ], [ 143.5586098, -3.4836197 ], [ 143.558646, -3.4837067 ], [ 143.5586447, -3.4837549 ], [ 143.558620499999989, -3.4837977 ], [ 143.5585843, -3.4838339 ], [ 143.5585092, -3.4838727 ], [ 143.5584488, -3.483882 ], [ 143.5583805, -3.4838754 ], [ 143.5583134, -3.4838472 ], [ 143.5582651, -3.4838057 ], [ 143.558249, -3.4837455 ], [ 143.558249, -3.483625 ], [ 143.5582638, -3.4834162 ], [ 143.5582445, -3.4833227 ], [ 143.5582262, -3.4832342 ], [ 143.558206, -3.4831094 ], [ 143.5581914, -3.4830186 ], [ 143.558174900000012, -3.4829642 ], [ 143.558134, -3.4828301 ], [ 143.558118900000011, -3.4827804 ], [ 143.5581082, -3.4827506 ], [ 143.5580262, -3.4825232 ], [ 143.557984800000014, -3.4824082 ], [ 143.5578796, -3.4821445 ], [ 143.5578103, -3.4819706 ], [ 143.5577595, -3.4818433 ], [ 143.557699, -3.4817004 ], [ 143.5576666, -3.4816237 ], [ 143.5575691, -3.4813935 ], [ 143.55752480000001, -3.4813245 ], [ 143.5574403, -3.4811927 ], [ 143.557371100000012, -3.4810441 ], [ 143.557323700000012, -3.4809422 ], [ 143.5572982, -3.4808875 ], [ 143.557089, -3.4806252 ], [ 143.5570547, -3.4805924 ], [ 143.556953600000014, -3.480496 ], [ 143.5568476, -3.4803949 ], [ 143.556769800000012, -3.4803325 ], [ 143.556574, -3.4801754 ], [ 143.5564238, -3.4799451 ], [ 143.5564009, -3.479838 ], [ 143.5563799, -3.4797395 ], [ 143.556354, -3.4796185 ], [ 143.5563368, -3.4795382 ], [ 143.556257499999987, -3.4791687 ], [ 143.556237399999986, -3.4790583 ], [ 143.5562286, -3.47901 ], [ 143.5561473, -3.4785639 ], [ 143.5561073, -3.4783441 ], [ 143.555986, -3.4776519 ], [ 143.555964499999988, -3.4775289 ], [ 143.5559484, -3.4774374 ], [ 143.5559356, -3.4773643 ], [ 143.5558938, -3.4772114 ], [ 143.555662, -3.476363 ], [ 143.5555831, -3.4762182 ], [ 143.5554818, -3.4760322 ], [ 143.555398, -3.4758783 ], [ 143.5553616, -3.4758114 ], [ 143.555201899999986, -3.4756555 ], [ 143.5549926, -3.4754511 ], [ 143.5548627, -3.4753242 ], [ 143.5547952, -3.4752739 ], [ 143.5547788, -3.4752616 ], [ 143.5546922, -3.4751971 ], [ 143.5544175, -3.4749922 ], [ 143.554272700000013, -3.474903 ], [ 143.5541869, -3.4748502 ], [ 143.5540318, -3.4747547 ], [ 143.553959600000013, -3.4747103 ], [ 143.5538435, -3.4746388 ], [ 143.553744599999987, -3.4746059 ], [ 143.5536146, -3.4745626 ], [ 143.5535181, -3.4745305 ], [ 143.5534341, -3.4745025 ], [ 143.5533285, -3.4744674 ], [ 143.5531665, -3.4744447 ], [ 143.553082499999988, -3.4744329 ], [ 143.55294760000001, -3.4744139 ], [ 143.552860399999986, -3.4744199 ], [ 143.5527764, -3.4744256 ], [ 143.552661199999989, -3.4744335 ], [ 143.552556, -3.4744407 ], [ 143.552434799999986, -3.4744495 ], [ 143.552261, -3.4744621 ], [ 143.552133199999986, -3.4744472 ], [ 143.5520124, -3.4744331 ], [ 143.551927799999987, -3.4744232 ], [ 143.551847900000013, -3.4744139 ], [ 143.5517241, -3.4743873 ], [ 143.5515825, -3.4743569 ], [ 143.551492599999989, -3.4743376 ], [ 143.5513866, -3.4743149 ], [ 143.5511722, -3.4742689 ], [ 143.551063, -3.4742454 ], [ 143.5508501, -3.4741997 ], [ 143.550756799999988, -3.4741745 ], [ 143.5505959, -3.4741312 ], [ 143.550384400000013, -3.4740742 ], [ 143.5502923, -3.4740493 ], [ 143.550205, -3.4740258 ], [ 143.5501152, -3.4740016 ], [ 143.5499863, -3.4739623 ], [ 143.5497987, -3.4739052 ], [ 143.5497083, -3.4738974 ], [ 143.549552, -3.4738838 ], [ 143.5493749, -3.4738999 ], [ 143.549230099999988, -3.473932 ], [ 143.5491121, -3.4740605 ], [ 143.5490853, -3.4742104 ], [ 143.549128200000013, -3.4743764 ], [ 143.5493481, -3.4748155 ], [ 143.5493832, -3.4748904 ], [ 143.549523099999988, -3.4751893 ], [ 143.5498829, -3.4759579 ], [ 143.549959699999988, -3.476122 ], [ 143.550308300000012, -3.4764593 ], [ 143.5504492, -3.4765241 ], [ 143.5507858, -3.4766789 ], [ 143.550952099999989, -3.4767967 ], [ 143.5511019, -3.4769495 ], [ 143.5511988, -3.4770483 ], [ 143.55151, -3.4775088 ], [ 143.5519112, -3.4780917 ], [ 143.552051799999987, -3.4782959 ], [ 143.5521745, -3.4785779 ], [ 143.5522824, -3.478826 ], [ 143.5524648, -3.47949 ], [ 143.5525078, -3.4796225 ], [ 143.5525882, -3.4798702 ], [ 143.5526452, -3.4800051 ], [ 143.552717, -3.4801754 ], [ 143.5528251, -3.480291 ], [ 143.552942300000012, -3.4804163 ], [ 143.5532373, -3.4806198 ], [ 143.5534479, -3.4808137 ], [ 143.553516300000013, -3.4808768 ], [ 143.5537469, -3.4812195 ], [ 143.5538479, -3.4814491 ], [ 143.5539401, -3.4816586 ], [ 143.5541761, -3.4822476 ], [ 143.554232, -3.4823804 ], [ 143.5544175, -3.4828205 ], [ 143.5546138, -3.4830789 ], [ 143.5547876, -3.4833078 ], [ 143.5551953, -3.4837094 ], [ 143.555299100000013, -3.4837972 ], [ 143.5554823, -3.4839524 ], [ 143.5556191, -3.4840681 ], [ 143.5558873, -3.4842234 ], [ 143.556128699999988, -3.4842395 ], [ 143.5562541, -3.4841639 ], [ 143.556413, -3.4840681 ], [ 143.556487299999986, -3.483937 ], [ 143.5565525, -3.4838218 ], [ 143.556600800000012, -3.4836719 ], [ 143.5566598, -3.4835434 ], [ 143.5567778, -3.4834952 ], [ 143.556911899999989, -3.4834791 ], [ 143.5570729, -3.4835809 ], [ 143.5571912, -3.4837813 ], [ 143.557303499999989, -3.4839717 ], [ 143.557539600000013, -3.4846464 ], [ 143.557556299999987, -3.4847653 ], [ 143.5575959, -3.485048 ], [ 143.5577166, -3.4852059 ], [ 143.5578765, -3.485305 ], [ 143.5580277, -3.4853987 ], [ 143.558127, -3.4854362 ], [ 143.558167200000014, -3.485463 ], [ 143.558228899999989, -3.4855232 ], [ 143.5582517, -3.485566 ], [ 143.5582906, -3.485653 ], [ 143.558356300000014, -3.4857079 ], [ 143.558431399999989, -3.4857039 ], [ 143.558481, -3.4856705 ], [ 143.5585065, -3.4856356 ], [ 143.5585427, -3.4855808 ], [ 143.5585441, -3.4855366 ], [ 143.5585266, -3.4854991 ], [ 143.5584582, -3.4854616 ], [ 143.5584462, -3.4854322 ], [ 143.5584542, -3.4854041 ], [ 143.5584958, -3.4853746 ], [ 143.558592299999987, -3.4853411 ], [ 143.5586581, -3.4853398 ], [ 143.5586768, -3.4853278 ], [ 143.558701, -3.4853037 ], [ 143.5587399, -3.4851979 ], [ 143.5587399, -3.4851631 ], [ 143.558714400000014, -3.4851243 ], [ 143.5586447, -3.4850574 ], [ 143.558585599999986, -3.4850359 ], [ 143.558532, -3.4850467 ], [ 143.5584582, -3.4850547 ], [ 143.558424699999989, -3.4850493 ], [ 143.5583952, -3.4850292 ], [ 143.5583791, -3.4850092 ], [ 143.5583509, -3.4849436 ], [ 143.5583469, -3.4849034 ], [ 143.5583657, -3.4848686 ], [ 143.558411299999989, -3.4848258 ], [ 143.5584945, -3.4847605 ], [ 143.55861920000001, -3.4846625 ], [ 143.5586554, -3.4846357 ], [ 143.5586701, -3.4846049 ], [ 143.5586567, -3.4845714 ], [ 143.558627199999989, -3.484538 ], [ 143.558580299999988, -3.4845018 ], [ 143.5585575, -3.4844951 ], [ 143.5584944, -3.4845139 ], [ 143.558384499999988, -3.4845634 ], [ 143.5583523, -3.4845594 ], [ 143.5583335, -3.484534 ], [ 143.5583313, -3.4845143 ], [ 143.5583282, -3.4844871 ], [ 143.5583605, -3.4844302 ], [ 143.5584193, -3.4843265 ], [ 143.5584354, -3.4842836 ], [ 143.5584086, -3.4842395 ], [ 143.558314700000011, -3.4842033 ], [ 143.558282600000013, -3.48421 ], [ 143.5582624, -3.4842502 ], [ 143.5582343, -3.4842569 ], [ 143.5581847, -3.4842502 ], [ 143.558133700000013, -3.4841926 ], [ 143.5580827, -3.4841136 ], [ 143.5580626, -3.4840695 ], [ 143.558053199999989, -3.484028 ], [ 143.558059899999989, -3.4839972 ], [ 143.55807870000001, -3.4839824 ], [ 143.558106900000013, -3.4839865 ], [ 143.5581511, -3.4840119 ], [ 143.5581731, -3.4840262 ], [ 143.558255699999989, -3.4840802 ], [ 143.5583617, -3.4841431 ], [ 143.5584716, -3.4842047 ], [ 143.558591, -3.4842689 ], [ 143.55865270000001, -3.4843077 ], [ 143.5587385, -3.4843345 ], [ 143.558776099999989, -3.4843439 ], [ 143.55880160000001, -3.484368 ], [ 143.5588297, -3.4844242 ], [ 143.5588337, -3.4844791 ], [ 143.5588337, -3.4846049 ], [ 143.5588391, -3.4849088 ], [ 143.5588525, -3.4849985 ], [ 143.55887, -3.4851002 ], [ 143.558996, -3.4859368 ], [ 143.5591623, -3.486914 ], [ 143.5594064, -3.4877654 ], [ 143.559760399999988, -3.4888256 ], [ 143.560423, -3.4905551 ], [ 143.5609192, -3.4918 ], [ 143.561752, -3.4938989 ], [ 143.5627055, -3.4961853 ], [ 143.5633144, -3.4974222 ], [ 143.5641432, -3.4990954 ], [ 143.564904899999988, -3.500525 ], [ 143.565411899999987, -3.5014433 ], [ 143.5658947, -3.5022893 ], [ 143.5664418, -3.5031701 ], [ 143.5671768, -3.50434 ], [ 143.5680485, -3.5057054 ], [ 143.5688022, -3.5067977 ], [ 143.5696605, -3.507965 ], [ 143.5698912, -3.5083023 ], [ 143.570205, -3.5087628 ], [ 143.5705027, -3.5092018 ], [ 143.5708031, -3.509582 ], [ 143.571296600000011, -3.5102004 ], [ 143.5717687, -3.5108081 ], [ 143.5719779, -3.5110839 ], [ 143.5722434, -3.5114292 ], [ 143.5724258, -3.5116568 ], [ 143.572710199999989, -3.5119566 ], [ 143.57315, -3.512385 ], [ 143.5739869, -3.5131587 ], [ 143.575078499999989, -3.5142403 ], [ 143.5758644, -3.5148908 ], [ 143.5769185, -3.5157475 ], [ 143.5775381, -3.5161919 ], [ 143.5784715, -3.5169522 ], [ 143.5792547, -3.517568 ], [ 143.580209599999989, -3.5181998 ], [ 143.581214100000011, -3.5188222 ], [ 143.581754600000011, -3.5191287 ], [ 143.582173, -3.5193483 ], [ 143.5824466, -3.5195035 ], [ 143.582726900000011, -3.5196481 ], [ 143.5829039, -3.5197472 ], [ 143.583058099999988, -3.5198114 ], [ 143.5832418, -3.5198717 ], [ 143.583494, -3.5199439 ], [ 143.583799699999986, -3.5200069 ], [ 143.5840197, -3.5200376 ], [ 143.5843214, -3.5200524 ], [ 143.584663400000011, -3.520043 ], [ 143.584914199999986, -3.5200309 ], [ 143.5850993, -3.5200135 ], [ 143.5853809, -3.5199734 ], [ 143.5856786, -3.5199105 ], [ 143.586026, -3.5198208 ], [ 143.5862768, -3.5197472 ], [ 143.5864712, -3.5196856 ], [ 143.586805199999986, -3.519545 ], [ 143.587021099999987, -3.5194621 ], [ 143.5872866, -3.5193791 ], [ 143.5874851, -3.5192894 ], [ 143.587742600000013, -3.5191354 ], [ 143.587938400000013, -3.5189976 ], [ 143.5880846, -3.5188597 ], [ 143.588262899999989, -3.5186362 ], [ 143.588364899999988, -3.5184474 ], [ 143.5884131, -3.5182506 ], [ 143.5884467, -3.5180914 ], [ 143.5884829, -3.5179428 ], [ 143.5885446, -3.5178036 ], [ 143.588768499999986, -3.5173391 ], [ 143.5888745, -3.5171543 ], [ 143.5889831, -3.5170084 ], [ 143.589121299999988, -3.5168906 ], [ 143.5892192, -3.5168197 ], [ 143.589330499999988, -3.5167421 ], [ 143.5894123, -3.5166992 ], [ 143.589537, -3.5166644 ], [ 143.589836100000014, -3.5166162 ], [ 143.5900614, -3.5165921 ], [ 143.5902236, -3.5165895 ], [ 143.5903175, -3.5165855 ], [ 143.5904114, -3.51656 ], [ 143.5904811, -3.5165225 ], [ 143.590567, -3.5164503 ], [ 143.590681, -3.5163806 ], [ 143.590840500000013, -3.5163097 ], [ 143.5910417, -3.516212 ], [ 143.5911195, -3.5161705 ], [ 143.5912295, -3.5161357 ], [ 143.5913099, -3.5161263 ], [ 143.5914333, -3.5161103 ], [ 143.5915755, -3.5160862 ], [ 143.591779300000013, -3.5160433 ], [ 143.5919429, -3.5159978 ], [ 143.59211590000001, -3.5159403 ], [ 143.5922138, -3.5158733 ], [ 143.592305, -3.515789 ], [ 143.5923707, -3.5157662 ], [ 143.5924566, -3.5157676 ], [ 143.5927288, -3.5158118 ], [ 143.5929836, -3.5158586 ], [ 143.5932451, -3.5159215 ], [ 143.5935992, -3.5160299 ], [ 143.5938567, -3.5161544 ], [ 143.594247, -3.516382 ], [ 143.5947794, -3.5166698 ], [ 143.595014099999986, -3.516821 ], [ 143.5951737, -3.5169643 ], [ 143.5953547, -3.5171543 ], [ 143.5959421, -3.5178076 ], [ 143.596319, -3.5182118 ], [ 143.5965832, -3.5184193 ], [ 143.5970204, -3.5187044 ], [ 143.5971652, -3.5188088 ], [ 143.5973194, -3.5189628 ], [ 143.59742940000001, -3.5191127 ], [ 143.5974938, -3.5192305 ], [ 143.5975742, -3.5194942 ], [ 143.597678800000011, -3.5199533 ], [ 143.5978773, -3.5210135 ], [ 143.5979068, -3.5213133 ], [ 143.5978934, -3.5216078 ], [ 143.5978183, -3.521838 ], [ 143.597700300000014, -3.5220308 ], [ 143.5975689, -3.5222182 ], [ 143.597483, -3.5223226 ], [ 143.5973597, -3.5224243 ], [ 143.5971907, -3.5225046 ], [ 143.5970217, -3.5225582 ], [ 143.59685540000001, -3.5225742 ], [ 143.5966381, -3.5226385 ], [ 143.5964611, -3.5227429 ], [ 143.5963404, -3.5229035 ], [ 143.5962117, -3.5231819 ], [ 143.5960923, -3.5235661 ], [ 143.596036, -3.5237227 ], [ 143.5960038, -3.5237749 ], [ 143.5959569, -3.5238151 ], [ 143.595884399999989, -3.5238338 ], [ 143.5958268, -3.5238138 ], [ 143.5957195, -3.5237241 ], [ 143.595581399999986, -3.523633 ], [ 143.595431100000013, -3.5235822 ], [ 143.5952863, -3.5235648 ], [ 143.5951442, -3.5235728 ], [ 143.5950664, -3.5235969 ], [ 143.595014099999986, -3.5236317 ], [ 143.5949484, -3.5236906 ], [ 143.5947177, -3.5239516 ], [ 143.5943167, -3.5245459 ], [ 143.5941477, -3.5248525 ], [ 143.5940458, -3.5250091 ], [ 143.593947899999989, -3.5251363 ], [ 143.5938191, -3.5252848 ], [ 143.593626, -3.5255017 ], [ 143.5934933, -3.5256717 ], [ 143.5934047, -3.5258096 ], [ 143.593331, -3.5259568 ], [ 143.59328, -3.5261268 ], [ 143.5932384, -3.5263396 ], [ 143.5931928, -3.5265819 ], [ 143.593163299999986, -3.5267787 ], [ 143.5931338, -3.5268951 ], [ 143.5930601, -3.5270625 ], [ 143.592871, -3.5273891 ], [ 143.5923707, -3.528239 ], [ 143.5921454, -3.5285496 ], [ 143.5919255, -3.5287798 ], [ 143.591772600000013, -3.5289967 ], [ 143.5916358, -3.5292296 ], [ 143.59155, -3.5294197 ], [ 143.59135950000001, -3.5299364 ], [ 143.591153, -3.5306298 ], [ 143.5909599, -3.5313713 ], [ 143.5908928, -3.5317247 ], [ 143.5908768, -3.5320808 ], [ 143.5909009, -3.5327099 ], [ 143.5909974, -3.5333764 ], [ 143.5911289, -3.5341314 ], [ 143.5912951, -3.5349104 ], [ 143.5914749, -3.535561 ], [ 143.5916868, -3.5361392 ], [ 143.5920811, -3.5371886 ], [ 143.5922903, -3.5376679 ], [ 143.59264970000001, -3.5383023 ], [ 143.5928776, -3.5386878 ], [ 143.5932961, -3.5392567 ], [ 143.5937628, -3.5399072 ], [ 143.5942, -3.5404547 ], [ 143.594833, -3.5412203 ], [ 143.5952058, -3.5416032 ], [ 143.5953212, -3.5417638 ], [ 143.5954633, -3.5419458 ], [ 143.5955679, -3.5420877 ], [ 143.595755700000012, -3.5423608 ], [ 143.595871, -3.5424946 ], [ 143.5962841, -3.5429551 ], [ 143.597247, -3.5440768 ], [ 143.598915299999987, -3.5456964 ], [ 143.5997093, -3.5464273 ], [ 143.600508600000012, -3.5471019 ], [ 143.601729, -3.5481647 ], [ 143.602708, -3.5490401 ], [ 143.603472399999987, -3.5496772 ], [ 143.6038399, -3.5499717 ], [ 143.6042395, -3.5503037 ], [ 143.6045399, -3.5505446 ], [ 143.6047572, -3.5507052 ], [ 143.6055833, -3.5514146 ], [ 143.6066481, -3.5521241 ], [ 143.6080724, -3.5530503 ], [ 143.6092499, -3.5537892 ], [ 143.6101404, -3.554421 ], [ 143.6111301, -3.5552214 ], [ 143.611891899999989, -3.5557327 ], [ 143.613013, -3.5564662 ], [ 143.613997399999988, -3.5569106 ], [ 143.614544599999988, -3.5570712 ], [ 143.6152366, -3.5572479 ], [ 143.6157569, -3.5572908 ], [ 143.616392600000012, -3.5573068 ], [ 143.616988099999986, -3.5573175 ], [ 143.6177471, -3.5572908 ], [ 143.6185276, -3.557173 ], [ 143.6193886, -3.5569963 ], [ 143.61985, -3.5568598 ], [ 143.6199291, -3.5568169 ], [ 143.6199653, -3.5567835 ], [ 143.6199854, -3.5567446 ], [ 143.619984100000011, -3.5567112 ], [ 143.619945199999989, -3.5566583 ], [ 143.6198688, -3.5565813 ], [ 143.6198594, -3.5565492 ], [ 143.6198714, -3.5565358 ], [ 143.619890199999986, -3.5565332 ], [ 143.6199264, -3.5565626 ], [ 143.620039100000014, -3.5566791 ], [ 143.6201316, -3.5567754 ], [ 143.6203542, -3.5570164 ], [ 143.6204253, -3.5571141 ], [ 143.620497699999987, -3.5572212 ], [ 143.6205272, -3.55728 ], [ 143.6205219, -3.5573403 ], [ 143.620499099999989, -3.5573831 ], [ 143.6204454, -3.55745 ], [ 143.620377, -3.5574996 ], [ 143.6202858, -3.5575451 ], [ 143.6201682, -3.5575504 ], [ 143.62006070000001, -3.5574771 ], [ 143.618717800000013, -3.5577474 ], [ 143.6183092, -3.5580133 ], [ 143.6178447, -3.5581659 ], [ 143.6175366, -3.5581769 ], [ 143.6175366, -3.5581943 ], [ 143.6174605, -3.5581929 ], [ 143.6174561, -3.5581698 ], [ 143.617360600000012, -3.5581746 ], [ 143.6172333, -3.5582052 ], [ 143.617164800000012, -3.5581482 ], [ 143.6170563, -3.5581515 ], [ 143.616987599999987, -3.5580386 ], [ 143.6169052, -3.5580393 ], [ 143.6168393, -3.5580251 ], [ 143.616478, -3.5580929 ], [ 143.6165034, -3.558311 ], [ 143.6168192, -3.55817 ], [ 143.6171635, -3.5582665 ], [ 143.617546800000014, -3.5582952 ], [ 143.6182782, -3.5582403 ], [ 143.6184845, -3.5582248 ], [ 143.6186816, -3.5582828 ], [ 143.6188232, -3.5582103 ], [ 143.6189599, -3.5582048 ], [ 143.619457, -3.5582471 ], [ 143.6200489, -3.5580594 ], [ 143.6208154, -3.5585784 ], [ 143.620954, -3.5584115 ], [ 143.6212989, -3.5581966 ], [ 143.621433, -3.5580022 ], [ 143.621273300000013, -3.5578794 ], [ 143.6216751, -3.5573247 ], [ 143.621666, -3.5572447 ], [ 143.6212577, -3.5570694 ], [ 143.6209081, -3.5568461 ], [ 143.6209215, -3.5567278 ], [ 143.6214129, -3.5564495 ], [ 143.6218953, -3.5561278 ], [ 143.622399699999988, -3.5557211 ], [ 143.622989100000012, -3.5551251 ], [ 143.623262, -3.5546747 ], [ 143.623685200000011, -3.5543577 ], [ 143.6244639, -3.5535227 ], [ 143.624477, -3.5523343 ], [ 143.6247462, -3.5519171 ], [ 143.624614900000012, -3.5515596 ], [ 143.6247363, -3.5514843 ], [ 143.6254419, -3.5511075 ], [ 143.625593, -3.5509266 ], [ 143.6256079, -3.5499594 ], [ 143.6257425, -3.5495294 ], [ 143.6256046, -3.5493202 ], [ 143.6253455, -3.5474593 ], [ 143.6258507, -3.5469133 ], [ 143.6262638, -3.5467687 ], [ 143.627600699999988, -3.5468378 ], [ 143.628853099999986, -3.5474514 ], [ 143.629353400000014, -3.547673 ], [ 143.62998970000001, -3.5477983 ], [ 143.6305537, -3.5479605 ], [ 143.6316459, -3.5482373 ], [ 143.632395300000013, -3.5485124 ], [ 143.632781599999987, -3.5486458 ], [ 143.633658200000013, -3.5493576 ], [ 143.634065099999987, -3.550117 ], [ 143.633942499999989, -3.5507579 ], [ 143.6335942, -3.5512527 ], [ 143.6332702, -3.5518789 ], [ 143.6329223, -3.5520766 ], [ 143.632066900000012, -3.5521418 ], [ 143.6317592, -3.5529877 ], [ 143.6313724, -3.5533671 ], [ 143.630651199999988, -3.5537958 ], [ 143.6304592, -3.5539397 ], [ 143.629586100000012, -3.5542381 ], [ 143.6290061, -3.5541034 ], [ 143.62886, -3.5540393 ], [ 143.6286941, -3.5541108 ], [ 143.628534300000013, -3.5543717 ], [ 143.6284186, -3.554702 ], [ 143.6284597, -3.55517 ], [ 143.628538, -3.5564662 ], [ 143.6284728, -3.5573061 ], [ 143.62829450000001, -3.5580179 ], [ 143.6280271, -3.5586407 ], [ 143.6279529, -3.559071 ], [ 143.6278805, -3.5596037 ], [ 143.6278376, -3.5599062 ], [ 143.6277974, -3.5602382 ], [ 143.6277652, -3.5605032 ], [ 143.6277518, -3.5607067 ], [ 143.6277705, -3.5609315 ], [ 143.6278108, -3.5611564 ], [ 143.62797710000001, -3.5616624 ], [ 143.6281487, -3.5620211 ], [ 143.6285001, -3.5626502 ], [ 143.628822, -3.5631535 ], [ 143.6291867, -3.5636567 ], [ 143.6294174, -3.5639833 ], [ 143.629725900000011, -3.564326 ], [ 143.6300477, -3.5646231 ], [ 143.630468799999989, -3.5649658 ], [ 143.630820199999988, -3.5652094 ], [ 143.6310589, -3.5654102 ], [ 143.6314157, -3.5657555 ], [ 143.6316544, -3.5659402 ], [ 143.631995, -3.5661624 ], [ 143.63236520000001, -3.5664007 ], [ 143.633194, -3.5669147 ], [ 143.6338055, -3.5673135 ], [ 143.6342132, -3.5675679 ], [ 143.6350876, -3.5681006 ], [ 143.6358976, -3.5685289 ], [ 143.6367586, -3.5689626 ], [ 143.6380756, -3.5696666 ], [ 143.6386254, -3.569945 ], [ 143.639035799999988, -3.5701217 ], [ 143.639406, -3.570277 ], [ 143.6398539, -3.5704055 ], [ 143.640331300000014, -3.570542 ], [ 143.6409107, -3.5706464 ], [ 143.6412111, -3.5706839 ], [ 143.6416309, -3.5706317 ], [ 143.641696599999989, -3.5706036 ], [ 143.6417475, -3.5705621 ], [ 143.641836, -3.5704389 ], [ 143.6419286, -3.5703546 ], [ 143.641991600000011, -3.5703158 ], [ 143.642061399999989, -3.5702984 ], [ 143.6421499, -3.5702984 ], [ 143.642235699999986, -3.5703212 ], [ 143.6423819, -3.5703801 ], [ 143.642701100000011, -3.5704831 ], [ 143.6432254, -3.5706089 ], [ 143.643672, -3.5706852 ], [ 143.643977799999988, -3.570712 ], [ 143.644233899999989, -3.5707214 ], [ 143.64447, -3.5707147 ], [ 143.6447422, -3.5706678 ], [ 143.644908500000014, -3.5706116 ], [ 143.6449917, -3.5705688 ], [ 143.6451285, -3.5707227 ], [ 143.6449327, -3.570874 ], [ 143.6448294, -3.570969 ], [ 143.6445732, -3.571143 ], [ 143.644518299999987, -3.5713157 ], [ 143.6445343, -3.571562 ], [ 143.644596, -3.5718029 ], [ 143.644679200000013, -3.5720625 ], [ 143.644765, -3.5722473 ], [ 143.6449528, -3.5726033 ], [ 143.64521830000001, -3.5730316 ], [ 143.64540070000001, -3.5732913 ], [ 143.6456681, -3.5736032 ], [ 143.645960699999989, -3.5738551 ], [ 143.649, -3.576 ], [ 143.650747, -3.5762747 ], [ 143.6519398, -3.5763612 ], [ 143.652590300000014, -3.5764556 ], [ 143.6533566, -3.5764659 ], [ 143.654061, -3.5763698 ], [ 143.654918, -3.5761202 ], [ 143.6556232, -3.575799 ], [ 143.655797799999988, -3.5756338 ], [ 143.6557225, -3.5754956 ], [ 143.6559753, -3.5753574 ], [ 143.6563085, -3.5751492 ], [ 143.6567248, -3.5747265 ], [ 143.6569657, -3.574393 ], [ 143.6571884, -3.5738102 ], [ 143.657224500000012, -3.5732424 ], [ 143.6575077, -3.5727791 ], [ 143.6577513, -3.5723922 ], [ 143.6580624, -3.5717652 ], [ 143.659008699999987, -3.5709033 ], [ 143.65944970000001, -3.5706099 ], [ 143.659789600000011, -3.5702065 ], [ 143.6600836, -3.5695463 ], [ 143.6601387, -3.5690603 ], [ 143.6598539, -3.5688311 ], [ 143.659808, -3.5682534 ], [ 143.659927399999987, -3.5677033 ], [ 143.6600652, -3.5672448 ], [ 143.660129500000011, -3.5668689 ], [ 143.660469400000011, -3.566603 ], [ 143.6606715, -3.5666122 ], [ 143.6609563, -3.5668689 ], [ 143.6612687, -3.567144 ], [ 143.6617924, -3.5674741 ], [ 143.66196690000001, -3.5677216 ], [ 143.6620955, -3.5681067 ], [ 143.662316, -3.5684277 ], [ 143.6624538, -3.5686661 ], [ 143.662444599999986, -3.5690237 ], [ 143.662215, -3.5692804 ], [ 143.6619393, -3.5692712 ], [ 143.6617372, -3.5691704 ], [ 143.661525899999987, -3.5693171 ], [ 143.6608277, -3.5706099 ], [ 143.660699099999988, -3.5710867 ], [ 143.6607267, -3.5712793 ], [ 143.6611676, -3.5722237 ], [ 143.6613606, -3.5727097 ], [ 143.6615443, -3.5733699 ], [ 143.661819900000012, -3.5741401 ], [ 143.661964399999988, -3.5744096 ], [ 143.6622817, -3.5747763 ], [ 143.662859200000014, -3.5755132 ], [ 143.6632615, -3.5758987 ], [ 143.6638865, -3.5764796 ], [ 143.664390700000013, -3.5767901 ], [ 143.6653483, -3.5772559 ], [ 143.6660564, -3.5775343 ], [ 143.6673707, -3.5780081 ], [ 143.6685938, -3.5783615 ], [ 143.6704713, -3.5788621 ], [ 143.6727029, -3.5793252 ], [ 143.6748433, -3.579609 ], [ 143.675814300000013, -3.5796786 ], [ 143.6776811, -3.5796732 ], [ 143.6788827, -3.5796572 ], [ 143.6801326, -3.5795715 ], [ 143.6813343, -3.5794055 ], [ 143.681539, -3.5793739 ], [ 143.6823052, -3.5792556 ], [ 143.6828926, -3.5791325 ], [ 143.6847085, -3.5785435 ], [ 143.6858565, -3.578067 ], [ 143.6881953, -3.5767607 ], [ 143.689262899999989, -3.5760486 ], [ 143.6897684, -3.5755715 ], [ 143.6901265, -3.5749885 ], [ 143.6902419, -3.5744076 ], [ 143.690233799999987, -3.5736634 ], [ 143.6903036, -3.5729567 ], [ 143.6902714, -3.5719608 ], [ 143.6901775, -3.5712354 ], [ 143.6903304, -3.5707187 ], [ 143.6903304, -3.5694257 ], [ 143.6905074, -3.5685048 ], [ 143.6908185, -3.5675572 ], [ 143.6909178, -3.5666416 ], [ 143.690958, -3.5660527 ], [ 143.6907434, -3.56537 ], [ 143.690494, -3.564939 ], [ 143.6902767, -3.5647516 ], [ 143.690089, -3.5648159 ], [ 143.689979, -3.5649952 ], [ 143.6897349, -3.5649283 ], [ 143.689850299999989, -3.5643795 ], [ 143.6901399, -3.5637745 ], [ 143.690469900000011, -3.562942 ], [ 143.6907005, -3.562511 ], [ 143.6907622, -3.5622272 ], [ 143.6906898, -3.5620104 ], [ 143.6904538, -3.5618203 ], [ 143.6902553, -3.5617721 ], [ 143.6901641, -3.5616945 ], [ 143.690148, -3.5615633 ], [ 143.690247199999988, -3.561234 ], [ 143.6904108, -3.5609155 ], [ 143.690443, -3.5606826 ], [ 143.690577100000013, -3.5604336 ], [ 143.690936599999986, -3.5599464 ], [ 143.6913738, -3.5592664 ], [ 143.6915562, -3.5587417 ], [ 143.691819, -3.5582946 ], [ 143.69183240000001, -3.5579975 ], [ 143.6919531, -3.557446 ], [ 143.692055, -3.5571837 ], [ 143.69225, -3.557 ], [ 143.692414500000012, -3.5567607 ], [ 143.6927068, -3.5564689 ], [ 143.693130599999989, -3.5561262 ], [ 143.6940318, -3.5556337 ], [ 143.6946326, -3.5552723 ], [ 143.6947533, -3.5552669 ], [ 143.6947614, -3.5555078 ], [ 143.6945897, -3.5559629 ], [ 143.6945763, -3.5560754 ], [ 143.6944073, -3.5561878 ], [ 143.694343, -3.5561075 ], [ 143.694292, -3.5561557 ], [ 143.6942357, -3.5564207 ], [ 143.6942223, -3.5566161 ], [ 143.694297400000011, -3.5567232 ], [ 143.6944771, -3.5567928 ], [ 143.6946997, -3.5567848 ], [ 143.694815, -3.5566884 ], [ 143.6948016, -3.5565626 ], [ 143.6950296, -3.5562387 ], [ 143.6951181, -3.5559469 ], [ 143.6952201, -3.5553258 ], [ 143.6952549, -3.5549858 ], [ 143.6951396, -3.5547931 ], [ 143.6956975, -3.5540515 ], [ 143.6957779, -3.5538293 ], [ 143.6958048, -3.5536446 ], [ 143.6959764, -3.553393 ], [ 143.69647, -3.5529486 ], [ 143.6967382, -3.5526006 ], [ 143.696993, -3.5523757 ], [ 143.6976233, -3.5517332 ], [ 143.6981329, -3.5513825 ], [ 143.6983421, -3.5511576 ], [ 143.698881300000011, -3.5508899 ], [ 143.699128, -3.550831 ], [ 143.6994982, -3.5508873 ], [ 143.7000373, -3.5507427 ], [ 143.7005603, -3.5506624 ], [ 143.70120940000001, -3.5506276 ], [ 143.702336, -3.5507828 ], [ 143.702926, -3.5510184 ], [ 143.703336400000012, -3.551337 ], [ 143.7038863, -3.5519875 ], [ 143.7044737, -3.5529298 ], [ 143.7047526, -3.5534947 ], [ 143.704795499999989, -3.5542871 ], [ 143.7047124, -3.5551786 ], [ 143.704412, -3.5557354 ], [ 143.704323499999987, -3.5559576 ], [ 143.7042806, -3.556311 ], [ 143.7045166, -3.5572131 ], [ 143.7047312, -3.5576281 ], [ 143.704733800000014, -3.558383 ], [ 143.7048197, -3.559925 ], [ 143.7047258, -3.5608566 ], [ 143.70453, -3.5615205 ], [ 143.7042913, -3.5620693 ], [ 143.7040821, -3.5630651 ], [ 143.7044334, -3.5632016 ], [ 143.7045273, -3.5637986 ], [ 143.704430800000011, -3.5640262 ], [ 143.7042591, -3.564168 ], [ 143.7040767, -3.5642136 ], [ 143.7040096, -3.5645294 ], [ 143.7040418, -3.5647998 ], [ 143.7039882, -3.5649872 ], [ 143.7036636, -3.565354 ], [ 143.7031513, -3.5656297 ], [ 143.7029287, -3.5657662 ], [ 143.7027061, -3.5658465 ], [ 143.7026525, -3.5660821 ], [ 143.7025157, -3.566133 ], [ 143.70233060000001, -3.5660473 ], [ 143.7020785, -3.565975 ], [ 143.7016413, -3.5659991 ], [ 143.701413300000013, -3.56605 ], [ 143.701137, -3.5665693 ], [ 143.700954599999989, -3.5674956 ], [ 143.7003913, -3.5685664 ], [ 143.700198199999988, -3.568901 ], [ 143.700184799999988, -3.5691312 ], [ 143.7000641, -3.5692731 ], [ 143.6998898, -3.5691982 ], [ 143.6995143, -3.5689545 ], [ 143.6989054, -3.5692678 ], [ 143.698226799999986, -3.569937 ], [ 143.6978164, -3.5703171 ], [ 143.6976099, -3.5704135 ], [ 143.6973765, -3.5703493 ], [ 143.6971191, -3.5700816 ], [ 143.697, -3.57 ], [ 143.696834700000011, -3.5699959 ], [ 143.696451200000013, -3.5702984 ], [ 143.696242, -3.5706036 ], [ 143.6960757, -3.5713719 ], [ 143.695609, -3.5730637 ], [ 143.6954266, -3.574073 ], [ 143.695614299999988, -3.5749724 ], [ 143.695783299999988, -3.5753619 ], [ 143.695794, -3.5756939 ], [ 143.6956465, -3.576754 ], [ 143.695668, -3.5777967 ], [ 143.6956304, -3.5788032 ], [ 143.695681400000012, -3.5798472 ], [ 143.6957645, -3.5804255 ], [ 143.695694800000012, -3.5825108 ], [ 143.695735, -3.5832764 ], [ 143.6955419, -3.583852 ], [ 143.6955151, -3.5843392 ], [ 143.695303200000012, -3.5849522 ], [ 143.695212, -3.5853939 ], [ 143.6952308, -3.5857687 ], [ 143.695472200000012, -3.5869037 ], [ 143.69585570000001, -3.5878058 ], [ 143.696397499999989, -3.5885955 ], [ 143.696934, -3.5890774 ], [ 143.6979532, -3.5901589 ], [ 143.69948740000001, -3.5919257 ], [ 143.700758799999988, -3.5934676 ], [ 143.7020597, -3.5952022 ], [ 143.7034464, -3.5963935 ], [ 143.7076789, -3.5997824 ], [ 143.710283299999986, -3.6013832 ], [ 143.711544, -3.602197 ], [ 143.7126222, -3.6027592 ], [ 143.712846, -3.6030499 ], [ 143.7132901, -3.6031875 ], [ 143.715076399999987, -3.6040575 ], [ 143.7167475, -3.6049087 ], [ 143.7200573, -3.6064399 ], [ 143.721827600000012, -3.6071279 ], [ 143.722908499999988, -3.6075937 ], [ 143.7247941, -3.6083619 ], [ 143.726685, -3.609082 ], [ 143.728699400000011, -3.6098182 ], [ 143.730968499999989, -3.6105677 ], [ 143.73275, -3.61125 ], [ 143.739396, -3.6131776 ], [ 143.740452800000014, -3.6134721 ], [ 143.7441775, -3.6144358 ], [ 143.7456865, -3.6148001 ], [ 143.74675, -3.615 ], [ 143.7493911, -3.6156398 ], [ 143.75, -3.61575 ], [ 143.7515879, -3.6161168 ], [ 143.753527600000012, -3.6165232 ], [ 143.755051400000013, -3.6167751 ], [ 143.7570912, -3.6170813 ], [ 143.760427600000014, -3.6176376 ], [ 143.7618972, -3.6176646 ], [ 143.762460299999987, -3.6175731 ], [ 143.762848600000012, -3.6174668 ], [ 143.7632409, -3.6172063 ], [ 143.7633448, -3.617008 ], [ 143.7634233, -3.6167834 ], [ 143.7634689, -3.6164863 ], [ 143.763611, -3.6164568 ], [ 143.7635788, -3.6169654 ], [ 143.7636861, -3.6171153 ], [ 143.7638811, -3.6171635 ], [ 143.7640429, -3.6170671 ], [ 143.764134, -3.6169172 ], [ 143.7643674, -3.6168771 ], [ 143.7645927, -3.6167968 ], [ 143.764702699999987, -3.6164235 ], [ 143.765161299999988, -3.6160285 ], [ 143.7654873, -3.6160764 ], [ 143.766, -3.61625 ], [ 143.766368300000011, -3.6162748 ], [ 143.7667277, -3.6164782 ], [ 143.76724, -3.6166576 ], [ 143.7678462, -3.6168182 ], [ 143.7681547, -3.6167539 ], [ 143.7683758, -3.6168072 ], [ 143.7697368, -3.6175075 ], [ 143.7704104, -3.6176507 ], [ 143.7710434, -3.617731 ], [ 143.7716925, -3.6179532 ], [ 143.7721795, -3.6180444 ], [ 143.772695700000014, -3.6180201 ], [ 143.7730309, -3.6179211 ], [ 143.7732053, -3.6179666 ], [ 143.7733528, -3.6183761 ], [ 143.7736425, -3.6185689 ], [ 143.7756005, -3.6193853 ], [ 143.777993, -3.6202794 ], [ 143.778744, -3.6205337 ], [ 143.7794548, -3.6206648 ], [ 143.7798732, -3.6206434 ], [ 143.7802675, -3.6202954 ], [ 143.780594799999989, -3.620092 ], [ 143.780924700000014, -3.6199448 ], [ 143.781327, -3.619926 ], [ 143.78202970000001, -3.6198484 ], [ 143.7824535, -3.6200438 ], [ 143.78275, -3.62025 ], [ 143.7829015, -3.6204453 ], [ 143.7832448, -3.6215268 ], [ 143.7833655, -3.6218507 ], [ 143.7833015, -3.6221979 ], [ 143.78333330000001, -3.6223727 ], [ 143.7835667, -3.6225841 ], [ 143.7841673, -3.6229811 ], [ 143.784631499999989, -3.623165 ], [ 143.7852484, -3.6232641 ], [ 143.7857607, -3.6232426 ], [ 143.785967199999988, -3.6232159 ], [ 143.7861711, -3.6232533 ], [ 143.786318599999987, -3.6234568 ], [ 143.7864447, -3.623596 ], [ 143.7866029, -3.6237031 ], [ 143.7868072, -3.6237852 ], [ 143.7869972, -3.6237352 ], [ 143.7873459, -3.6238075 ], [ 143.7877133, -3.6239172 ], [ 143.7878462, -3.6240031 ], [ 143.787850100000014, -3.624126 ], [ 143.7879299, -3.6242269 ], [ 143.7881318, -3.6243669 ], [ 143.7883061, -3.6244579 ], [ 143.788445599999989, -3.6244847 ], [ 143.788601199999988, -3.6244874 ], [ 143.7886796, -3.6245369 ], [ 143.788815699999986, -3.6247122 ], [ 143.7889203, -3.6248809 ], [ 143.7889623, -3.6250797 ], [ 143.7889203, -3.6251619 ], [ 143.7886494, -3.6253707 ], [ 143.7886521, -3.6255287 ], [ 143.7885636, -3.6255983 ], [ 143.788539500000013, -3.6256759 ], [ 143.7885502, -3.6257696 ], [ 143.7887031, -3.6258686 ], [ 143.788909600000011, -3.6259302 ], [ 143.789011499999987, -3.6260051 ], [ 143.7890303, -3.626139 ], [ 143.7892395, -3.6263933 ], [ 143.789397799999989, -3.6264682 ], [ 143.789497, -3.6265378 ], [ 143.789470200000011, -3.6267038 ], [ 143.7894782, -3.6267921 ], [ 143.7895667, -3.6268617 ], [ 143.789776, -3.6270009 ], [ 143.7899852, -3.6270438 ], [ 143.790181, -3.6270571 ], [ 143.7903446, -3.627025 ], [ 143.7905592, -3.6270464 ], [ 143.7909454, -3.6269313 ], [ 143.7912485, -3.6269153 ], [ 143.7913853, -3.6269447 ], [ 143.791597200000012, -3.6270571 ], [ 143.7915945, -3.6271883 ], [ 143.791616, -3.6272472 ], [ 143.7917072, -3.6273355 ], [ 143.791911, -3.6274132 ], [ 143.792353600000013, -3.627721 ], [ 143.7926003, -3.6280958 ], [ 143.7927747, -3.6284544 ], [ 143.7929222, -3.6288426 ], [ 143.793056299999989, -3.628939 ], [ 143.7932092, -3.6289523 ], [ 143.7933648, -3.6289282 ], [ 143.793616899999989, -3.6288346 ], [ 143.7937269, -3.6287435 ], [ 143.793799299999989, -3.6287221 ], [ 143.793898500000012, -3.628765 ], [ 143.79402730000001, -3.628864 ], [ 143.7940729, -3.6289791 ], [ 143.794, -3.629 ], [ 143.7936544, -3.6292147 ], [ 143.793523, -3.6293217 ], [ 143.7935257, -3.6294208 ], [ 143.7934855, -3.6295252 ], [ 143.793351300000012, -3.6295546 ], [ 143.7931395, -3.6295412 ], [ 143.7930268, -3.6296162 ], [ 143.792954400000013, -3.6299963 ], [ 143.7930456, -3.6304621 ], [ 143.793354, -3.6310403 ], [ 143.7937403, -3.6315382 ], [ 143.794094300000012, -3.6318942 ], [ 143.7947193, -3.6323814 ], [ 143.7955642, -3.6329221 ], [ 143.801, -3.63575 ], [ 143.8025164, -3.6365817 ], [ 143.8030958, -3.6368034 ], [ 143.8035035, -3.6369052 ], [ 143.8039488, -3.6370015 ], [ 143.80425, -3.637 ], [ 143.8046783, -3.6370551 ], [ 143.805, -3.637 ], [ 143.8055324, -3.637326 ], [ 143.8057997, -3.6372603 ], [ 143.8063165, -3.6374303 ], [ 143.806449500000014, -3.6378431 ], [ 143.80691680000001, -3.6381526 ], [ 143.8081062, -3.6387789 ], [ 143.8085031, -3.6387147 ], [ 143.809098799999987, -3.6383205 ], [ 143.8093395, -3.6383981 ], [ 143.80945, -3.6385548 ], [ 143.8098513, -3.6385026 ], [ 143.81025, -3.63875 ], [ 143.8105201, -3.6391584 ], [ 143.810491, -3.6398143 ], [ 143.810723599999989, -3.6400058 ], [ 143.8109767, -3.6400178 ], [ 143.8111074, -3.6396866 ], [ 143.8116657, -3.6394254 ], [ 143.812343, -3.6395178 ], [ 143.812131, -3.6398897 ], [ 143.8124799, -3.6401451 ], [ 143.8127998, -3.6397794 ], [ 143.8130847, -3.6399129 ], [ 143.8131371, -3.6400348 ], [ 143.8128463, -3.6405281 ], [ 143.813282500000014, -3.6412072 ], [ 143.8139105, -3.6415728 ], [ 143.8141627, -3.6418491 ], [ 143.815279, -3.6418844 ], [ 143.815643599999987, -3.641596 ], [ 143.816120500000011, -3.6413117 ], [ 143.816683899999987, -3.6415467 ], [ 143.817128, -3.6420107 ], [ 143.816859, -3.6424898 ], [ 143.817, -3.643 ], [ 143.817872099999988, -3.643692 ], [ 143.8187599, -3.6440629 ], [ 143.8191213, -3.6439988 ], [ 143.8195, -3.64425 ], [ 143.8198133, -3.6451189 ], [ 143.820686, -3.6458728 ], [ 143.8223605, -3.6464132 ], [ 143.8227676, -3.6468136 ], [ 143.823448, -3.6468601 ], [ 143.8236981, -3.6470806 ], [ 143.8237039, -3.6472721 ], [ 143.824018, -3.6472779 ], [ 143.8245, -3.6475 ], [ 143.824232099999989, -3.6479294 ], [ 143.8243785, -3.6480905 ], [ 143.8247584, -3.6478883 ], [ 143.8250956, -3.6481592 ], [ 143.8249476, -3.6484465 ], [ 143.824339, -3.6485614 ], [ 143.8245, -3.6495 ], [ 143.82487, -3.6500643 ], [ 143.8254011, -3.6499893 ], [ 143.8255459, -3.6498715 ], [ 143.8256907, -3.649818 ], [ 143.8258892, -3.6498073 ], [ 143.8259965, -3.6498555 ], [ 143.826168200000012, -3.6501017 ], [ 143.826216499999987, -3.650257 ], [ 143.826372, -3.6502891 ], [ 143.8265, -3.6505 ], [ 143.826248600000014, -3.650621 ], [ 143.8259214, -3.6506157 ], [ 143.8254815, -3.6505728 ], [ 143.8251114, -3.6505782 ], [ 143.8248324, -3.6506103 ], [ 143.824655400000012, -3.6507709 ], [ 143.823944899999987, -3.6506285 ], [ 143.8231051, -3.6505086 ], [ 143.8208091, -3.6503748 ], [ 143.8202244, -3.6504551 ], [ 143.8196772, -3.6503694 ], [ 143.8189477, -3.650166 ], [ 143.81775, -3.6505 ], [ 143.817116, -3.6512925 ], [ 143.817075100000011, -3.6513436 ], [ 143.8170356, -3.651393 ], [ 143.81675, -3.65175 ], [ 143.8161474, -3.6534798 ], [ 143.816, -3.656 ], [ 143.8163245, -3.6585978 ], [ 143.8164961, -3.6593151 ], [ 143.81675, -3.661 ], [ 143.8174134, -3.6628109 ], [ 143.818384400000014, -3.6647757 ], [ 143.81925, -3.66625 ], [ 143.8212222, -3.6687479 ], [ 143.82275, -3.67075 ], [ 143.8255459, -3.6733358 ], [ 143.8273269, -3.6747598 ], [ 143.83025, -3.67675 ], [ 143.8313609, -3.6775757 ], [ 143.8326269, -3.6782769 ], [ 143.8339841, -3.6789622 ], [ 143.835513, -3.6796902 ], [ 143.8372242, -3.6804504 ], [ 143.8395578, -3.68158 ], [ 143.843200200000013, -3.6832502 ], [ 143.845206499999989, -3.6841228 ], [ 143.846321499999988, -3.6845401 ], [ 143.8469231, -3.6847652 ], [ 143.8473415, -3.6847759 ], [ 143.847561500000012, -3.684899 ], [ 143.8480228, -3.6852363 ], [ 143.8502169, -3.6862534 ], [ 143.8526684, -3.6872813 ], [ 143.8532907, -3.6873348 ], [ 143.8538486, -3.6874044 ], [ 143.854170399999987, -3.6875489 ], [ 143.854503, -3.6878059 ], [ 143.8555, -3.68825 ], [ 143.8573247, -3.6886945 ], [ 143.8585, -3.68875 ], [ 143.8591486, -3.6892245 ], [ 143.8597655, -3.6894654 ], [ 143.86075, -3.6895 ], [ 143.861637699999989, -3.6901078 ], [ 143.8629305, -3.6902791 ], [ 143.863405300000011, -3.6903755 ], [ 143.8638881, -3.6907127 ], [ 143.864081199999987, -3.6907449 ], [ 143.8641912, -3.6908653 ], [ 143.8645291, -3.6910553 ], [ 143.8648671, -3.691307 ], [ 143.8652131, -3.6914622 ], [ 143.8655081, -3.6915371 ], [ 143.8656771, -3.6914809 ], [ 143.8658327, -3.691398 ], [ 143.8659614, -3.6912855 ], [ 143.866176, -3.6913337 ], [ 143.8664013, -3.6915157 ], [ 143.86661860000001, -3.6917325 ], [ 143.866720500000014, -3.6918958 ], [ 143.8670182, -3.6920243 ], [ 143.8688582, -3.6924258 ], [ 143.870392399999986, -3.6926694 ], [ 143.871264200000013, -3.6927095 ], [ 143.871865, -3.692664 ], [ 143.8719562, -3.6926399 ], [ 143.8721842, -3.6925436 ], [ 143.872363900000011, -3.6923963 ], [ 143.872532799999988, -3.6922143 ], [ 143.8726053, -3.692118 ], [ 143.8725945, -3.6920109 ], [ 143.872653500000013, -3.6919761 ], [ 143.872857399999987, -3.6923723 ], [ 143.872793, -3.6926024 ], [ 143.8727877, -3.6928487 ], [ 143.872991500000012, -3.6930709 ], [ 143.873316, -3.6932957 ], [ 143.8738659, -3.6936008 ], [ 143.874625, -3.6939943 ], [ 143.875475200000011, -3.6944145 ], [ 143.876658099999986, -3.6947116 ], [ 143.8772696, -3.6949472 ], [ 143.8780099, -3.6950489 ], [ 143.8783559, -3.6949847 ], [ 143.8787127, -3.694618 ], [ 143.8788736, -3.6945644 ], [ 143.8789916, -3.6946046 ], [ 143.87908010000001, -3.6946581 ], [ 143.879174, -3.6946742 ], [ 143.8793886, -3.6946046 ], [ 143.879485100000011, -3.6945189 ], [ 143.879581699999989, -3.6943878 ], [ 143.879742599999986, -3.6943155 ], [ 143.8798177, -3.6943663 ], [ 143.879804299999989, -3.6944681 ], [ 143.879769399999986, -3.6945698 ], [ 143.879884800000013, -3.6946046 ], [ 143.8799572, -3.6947919 ], [ 143.880134199999986, -3.6949445 ], [ 143.8804695, -3.6951238 ], [ 143.8806707, -3.6951399 ], [ 143.8808101, -3.6951292 ], [ 143.8809764, -3.6948535 ], [ 143.8810703, -3.6948642 ], [ 143.8811883, -3.6950087 ], [ 143.8812608, -3.6952015 ], [ 143.8814539, -3.6953701 ], [ 143.8820547, -3.6955494 ], [ 143.8830015, -3.6957876 ], [ 143.883886600000011, -3.6959402 ], [ 143.8846537, -3.6960098 ], [ 143.8851017, -3.695975 ], [ 143.8851929, -3.6958358 ], [ 143.885300199999989, -3.6957154 ], [ 143.8854557, -3.6956351 ], [ 143.8856649, -3.6957207 ], [ 143.8858607, -3.695884 ], [ 143.8864857, -3.6961008 ], [ 143.8871241, -3.6961543 ], [ 143.8877436, -3.6961062 ], [ 143.8885698, -3.6961035 ], [ 143.8886958, -3.6960446 ], [ 143.8887387, -3.6959161 ], [ 143.8888031, -3.6958358 ], [ 143.889007, -3.6958198 ], [ 143.8891304, -3.695884 ], [ 143.88925, -3.696 ], [ 143.8895944, -3.6959589 ], [ 143.889825, -3.6957395 ], [ 143.8900021, -3.6954718 ], [ 143.890085199999987, -3.6954557 ], [ 143.8901308, -3.6955762 ], [ 143.8901496, -3.6957582 ], [ 143.8900879, -3.6959188 ], [ 143.89025, -3.696 ], [ 143.8903803, -3.6959375 ], [ 143.8903803, -3.695785 ], [ 143.890442, -3.6956083 ], [ 143.8905385, -3.6955441 ], [ 143.8906297, -3.6956083 ], [ 143.8906404, -3.6957636 ], [ 143.8907102, -3.6959911 ], [ 143.890793300000013, -3.6960339 ], [ 143.8908765, -3.6959643 ], [ 143.890908700000011, -3.695884 ], [ 143.8910884, -3.695892 ], [ 143.891198300000013, -3.6958144 ], [ 143.8913915, -3.695876 ], [ 143.8912654, -3.6961169 ], [ 143.891211700000014, -3.6964193 ], [ 143.8914236, -3.6965746 ], [ 143.8915819, -3.6966415 ], [ 143.8917911, -3.6965799 ], [ 143.8919038, -3.6964247 ], [ 143.8920003, -3.6964648 ], [ 143.8920084, -3.6966388 ], [ 143.891949399999987, -3.6967967 ], [ 143.8920593, -3.6969225 ], [ 143.8926735, -3.6969787 ], [ 143.8938028, -3.6974632 ], [ 143.8949078, -3.6976827 ], [ 143.8955355, -3.697672 ], [ 143.8957474, -3.6976265 ], [ 143.8960022, -3.6972705 ], [ 143.896125500000011, -3.6972277 ], [ 143.89625430000001, -3.697217 ], [ 143.8964581, -3.6972491 ], [ 143.896667400000013, -3.6973428 ], [ 143.8969758, -3.697126 ], [ 143.8970751, -3.6971715 ], [ 143.8971046, -3.6973481 ], [ 143.8973325, -3.6973374 ], [ 143.8974184, -3.6971929 ], [ 143.89757130000001, -3.6972116 ], [ 143.897673200000014, -3.6973428 ], [ 143.8977563, -3.697399 ], [ 143.8978717, -3.6973321 ], [ 143.898024600000014, -3.697399 ], [ 143.8979012, -3.6975382 ], [ 143.8976008, -3.6980199 ], [ 143.897469300000012, -3.698491 ], [ 143.8976142, -3.6986891 ], [ 143.89776710000001, -3.6988042 ], [ 143.89796290000001, -3.6988096 ], [ 143.8981667, -3.6987614 ], [ 143.8983652, -3.6984295 ], [ 143.8984725, -3.6984669 ], [ 143.8985074, -3.6986945 ], [ 143.89875, -3.69875 ], [ 143.8988775, -3.6990317 ], [ 143.8988775, -3.6996072 ], [ 143.898958, -3.6997276 ], [ 143.8991833, -3.699816 ], [ 143.8993657, -3.6998615 ], [ 143.899489, -3.7001345 ], [ 143.8993227, -3.7003593 ], [ 143.8992852, -3.7006029 ], [ 143.8994461, -3.7008705 ], [ 143.8997412, -3.7011088 ], [ 143.9001355, -3.7017217 ], [ 143.9006853, -3.7022811 ], [ 143.9014631, -3.7030306 ], [ 143.9024287, -3.7034267 ], [ 143.902857899999987, -3.703507 ], [ 143.903566, -3.7033518 ], [ 143.9037001, -3.7029128 ], [ 143.903743, -3.7026933 ], [ 143.903877099999988, -3.7025755 ], [ 143.9040917, -3.7025541 ], [ 143.9045, -3.70275 ], [ 143.9047462, -3.7032286 ], [ 143.904789099999988, -3.7035391 ], [ 143.904719300000011, -3.70378 ], [ 143.904553099999987, -3.7040798 ], [ 143.9044672, -3.7042993 ], [ 143.9044994, -3.7044706 ], [ 143.9046454, -3.7045749 ], [ 143.9047837, -3.7046071 ], [ 143.9049661, -3.7045455 ], [ 143.9051002, -3.7045509 ], [ 143.9052236, -3.7047275 ], [ 143.9052021, -3.704931 ], [ 143.905261200000012, -3.7050701 ], [ 143.905368399999986, -3.7052093 ], [ 143.9053443, -3.7054395 ], [ 143.9052021, -3.7056215 ], [ 143.905153899999988, -3.7058062 ], [ 143.9051619, -3.7060391 ], [ 143.9052692, -3.7061354 ], [ 143.90542210000001, -3.7061916 ], [ 143.9056233, -3.7061274 ], [ 143.9056742, -3.706023 ], [ 143.9058566, -3.7058357 ], [ 143.9060873, -3.7058035 ], [ 143.906216, -3.7058999 ], [ 143.9062777, -3.7060498 ], [ 143.906293799999986, -3.7061702 ], [ 143.906157, -3.7066386 ], [ 143.9060149, -3.7067377 ], [ 143.905923699999988, -3.7068287 ], [ 143.9059076, -3.7070134 ], [ 143.906071200000014, -3.7074844 ], [ 143.906524499999989, -3.7081054 ], [ 143.9069697, -3.7085524 ], [ 143.9081472, -3.7092202 ], [ 143.9082062, -3.7092537 ], [ 143.90888480000001, -3.7095374 ], [ 143.9095232, -3.7097462 ], [ 143.9099282, -3.7097274 ], [ 143.9102206, -3.7095454 ], [ 143.9104941, -3.7092724 ], [ 143.910606800000011, -3.7092242 ], [ 143.910681899999986, -3.7091252 ], [ 143.9107811, -3.7092323 ], [ 143.910934, -3.709599 ], [ 143.9109474, -3.7097515 ], [ 143.9110413, -3.7098452 ], [ 143.9112049, -3.7099094 ], [ 143.911339, -3.7099335 ], [ 143.911478499999987, -3.7098211 ], [ 143.9115697, -3.7097114 ], [ 143.9116287, -3.7096097 ], [ 143.9117038, -3.7096257 ], [ 143.9120096, -3.7097917 ], [ 143.9121276, -3.7097997 ], [ 143.9122778, -3.7100486 ], [ 143.9123476, -3.7101236 ], [ 143.912251, -3.710327 ], [ 143.9122912, -3.7104769 ], [ 143.9123529, -3.7105839 ], [ 143.9130127, -3.7110336 ], [ 143.9137638, -3.7114244 ], [ 143.9140856, -3.7115154 ], [ 143.9160517, -3.7119356 ], [ 143.917108500000012, -3.7120855 ], [ 143.9175832, -3.7122247 ], [ 143.9187473, -3.71276 ], [ 143.9191496, -3.7129206 ], [ 143.9194876, -3.7129607 ], [ 143.9196378, -3.7129607 ], [ 143.9198792, -3.7128751 ], [ 143.9199811, -3.7127573 ], [ 143.9201555, -3.712503 ], [ 143.9203325, -3.7124067 ], [ 143.9204478, -3.712487 ], [ 143.9203727, -3.712586 ], [ 143.920335200000011, -3.7127466 ], [ 143.9203459, -3.7128992 ], [ 143.920472, -3.7130892 ], [ 143.9207858, -3.7134639 ], [ 143.9212123, -3.7136647 ], [ 143.9216951, -3.7139752 ], [ 143.92208930000001, -3.7143686 ], [ 143.9227143, -3.7147835 ], [ 143.9234435, -3.7151266 ], [ 143.9239761, -3.7152688 ], [ 143.9240634, -3.7151341 ], [ 143.92433170000001, -3.7151074 ], [ 143.9244229, -3.7151074 ], [ 143.92475, -3.71525 ], [ 143.9248842, -3.716087 ], [ 143.9249647, -3.7167133 ], [ 143.9249432, -3.7171201 ], [ 143.92525, -3.7175 ], [ 143.925715700000012, -3.717907 ], [ 143.9259303, -3.7183888 ], [ 143.9260215, -3.7187796 ], [ 143.9262789, -3.7190044 ], [ 143.926681300000013, -3.7194541 ], [ 143.926504200000011, -3.7196093 ], [ 143.926364799999988, -3.7197539 ], [ 143.9263862, -3.7200108 ], [ 143.9264828, -3.7204337 ], [ 143.9265, -3.721 ], [ 143.92725, -3.722 ], [ 143.927089, -3.7227141 ], [ 143.9269602, -3.7228908 ], [ 143.9268959, -3.7232869 ], [ 143.9275074, -3.7243308 ], [ 143.929030899999987, -3.7253934 ], [ 143.9299294, -3.7260598 ], [ 143.930050099999988, -3.7261936 ], [ 143.930232499999988, -3.7264452 ], [ 143.930522200000013, -3.7270207 ], [ 143.9307475, -3.7273713 ], [ 143.9310586, -3.7277112 ], [ 143.9315911, -3.7281047 ], [ 143.931705099999988, -3.7281502 ], [ 143.9318204, -3.7281609 ], [ 143.9320524, -3.7281408 ], [ 143.9321329, -3.7281515 ], [ 143.9322066, -3.7281877 ], [ 143.9327484, -3.72864 ], [ 143.932865099999987, -3.7286855 ], [ 143.9329684, -3.7286935 ], [ 143.933201700000012, -3.7286721 ], [ 143.9332983, -3.7287042 ], [ 143.9333546, -3.72881 ], [ 143.9333385, -3.7289143 ], [ 143.9332983, -3.7289719 ], [ 143.933032700000012, -3.7291405 ], [ 143.9329147, -3.7292636 ], [ 143.9328437, -3.7294229 ], [ 143.9328061, -3.7296049 ], [ 143.9328074, -3.7297922 ], [ 143.932845, -3.7299702 ], [ 143.9329147, -3.730171 ], [ 143.933089099999989, -3.7306327 ], [ 143.9331239, -3.7306983 ], [ 143.9331776, -3.7307612 ], [ 143.9333023, -3.7308475 ], [ 143.933309, -3.7308749 ], [ 143.9332963, -3.7309023 ], [ 143.933272100000011, -3.7309097 ], [ 143.933199, -3.730891 ], [ 143.9331561, -3.7309043 ], [ 143.9331253, -3.7309405 ], [ 143.933047499999986, -3.7311024 ], [ 143.9330314, -3.7311854 ], [ 143.9330395, -3.7312978 ], [ 143.9330783, -3.7316391 ], [ 143.9330904, -3.7316805 ], [ 143.9331172, -3.7317234 ], [ 143.9331917, -3.7317876 ], [ 143.933203099999986, -3.731817 ], [ 143.933201700000012, -3.7318692 ], [ 143.9331843, -3.7318987 ], [ 143.9329684, -3.7320271 ], [ 143.9327739, -3.7321449 ], [ 143.932710899999989, -3.7322265 ], [ 143.932670699999989, -3.7323189 ], [ 143.9326532, -3.7324929 ], [ 143.932689399999987, -3.7327552 ], [ 143.9327672, -3.7330429 ], [ 143.9328477, -3.7332463 ], [ 143.9328497, -3.7333038 ], [ 143.932830200000012, -3.7333654 ], [ 143.932794, -3.7334056 ], [ 143.9327189, -3.7334163 ], [ 143.9321865, -3.7333828 ], [ 143.93195990000001, -3.7334042 ], [ 143.931710399999986, -3.7334845 ], [ 143.931541399999986, -3.7336183 ], [ 143.9314717, -3.7337629 ], [ 143.93143950000001, -3.7339823 ], [ 143.9314502, -3.7342821 ], [ 143.9315173, -3.7346863 ], [ 143.9316675, -3.7352028 ], [ 143.9318901, -3.7356712 ], [ 143.9323997, -3.7364501 ], [ 143.932818200000014, -3.7371754 ], [ 143.9332312, -3.7377883 ], [ 143.9337113, -3.7383825 ], [ 143.9342344, -3.7388482 ], [ 143.934714500000013, -3.7393621 ], [ 143.935280400000011, -3.7400875 ], [ 143.935572799999989, -3.7403952 ], [ 143.935991199999989, -3.7407245 ], [ 143.936069, -3.7407807 ], [ 143.936111899999986, -3.7408436 ], [ 143.9361361, -3.7409145 ], [ 143.9361843, -3.7411995 ], [ 143.936274200000014, -3.7414592 ], [ 143.9364257, -3.7417134 ], [ 143.9366081, -3.7419316 ], [ 143.936923299999989, -3.7422032 ], [ 143.9369877, -3.7422835 ], [ 143.9372505, -3.7427091 ], [ 143.9374249, -3.7429754 ], [ 143.937529500000011, -3.7430932 ], [ 143.9377508, -3.7432912 ], [ 143.937787, -3.7433421 ], [ 143.937807099999986, -3.743409 ], [ 143.9378513, -3.7436619 ], [ 143.9378956, -3.7440674 ], [ 143.9379117, -3.7441356 ], [ 143.9379687, -3.7442507 ], [ 143.9379714, -3.7442835 ], [ 143.93796, -3.7443317 ], [ 143.9378393, -3.7444729 ], [ 143.937807099999986, -3.7445291 ], [ 143.937631399999987, -3.7450845 ], [ 143.937569700000012, -3.7452303 ], [ 143.9375067, -3.7453253 ], [ 143.937445, -3.745411 ], [ 143.9374316, -3.7454632 ], [ 143.937441, -3.7455395 ], [ 143.9375322, -3.7458245 ], [ 143.9376743, -3.7461564 ], [ 143.937860699999987, -3.746511 ], [ 143.9381531, -3.7470517 ], [ 143.9384159, -3.7474424 ], [ 143.93888, -3.7479804 ], [ 143.9389577, -3.7480179 ], [ 143.9390382, -3.7480232 ], [ 143.939157599999987, -3.7479777 ], [ 143.9391817, -3.747959 ], [ 143.939197799999988, -3.7479242 ], [ 143.9392072, -3.747864 ], [ 143.9392206, -3.7478439 ], [ 143.9392434, -3.7478332 ], [ 143.9392689, -3.7478372 ], [ 143.939291700000012, -3.7478519 ], [ 143.9393091, -3.7479871 ], [ 143.939298400000013, -3.74805 ], [ 143.939278300000012, -3.7481022 ], [ 143.9392273, -3.7481477 ], [ 143.938980500000014, -3.748244 ], [ 143.9389443, -3.7482775 ], [ 143.9389229, -3.7483283 ], [ 143.9389175, -3.7485197 ], [ 143.938943, -3.7486897 ], [ 143.9389926, -3.7488262 ], [ 143.9391214, -3.749059 ], [ 143.939447300000012, -3.7494859 ], [ 143.9397946, -3.7499396 ], [ 143.9399569, -3.7501002 ], [ 143.94037130000001, -3.750416 ], [ 143.94056040000001, -3.7505458 ], [ 143.9406462, -3.7506569 ], [ 143.940737399999989, -3.7508884 ], [ 143.9408393, -3.7511266 ], [ 143.94093190000001, -3.7512671 ], [ 143.941075399999988, -3.751429 ], [ 143.941284599999989, -3.7516284 ], [ 143.9413945, -3.7517382 ], [ 143.9415152, -3.7519081 ], [ 143.941586300000012, -3.7520567 ], [ 143.9417137, -3.7523952 ], [ 143.9417995, -3.7525612 ], [ 143.9419886, -3.7528275 ], [ 143.9420074, -3.7529051 ], [ 143.941999399999986, -3.7530764 ], [ 143.942019499999986, -3.7531768 ], [ 143.942168400000014, -3.7535086 ], [ 143.942208599999987, -3.7535809 ], [ 143.9423414, -3.7537482 ], [ 143.942384299999986, -3.7538285 ], [ 143.9424527, -3.7540868 ], [ 143.942545200000012, -3.7543584 ], [ 143.9426216, -3.754531 ], [ 143.942794600000013, -3.7548536 ], [ 143.9428818, -3.7550356 ], [ 143.9431152, -3.7555708 ], [ 143.9431769, -3.7556444 ], [ 143.943348500000013, -3.7557622 ], [ 143.9434196, -3.7558238 ], [ 143.943490700000012, -3.7559228 ], [ 143.9437897, -3.7563818 ], [ 143.9438394, -3.7564969 ], [ 143.94386750000001, -3.7566334 ], [ 143.943889, -3.7569077 ], [ 143.9439131, -3.7570924 ], [ 143.9439735, -3.7574002 ], [ 143.9440674, -3.7577281 ], [ 143.9442082, -3.7580653 ], [ 143.94442140000001, -3.7584453 ], [ 143.94460380000001, -3.7586795 ], [ 143.944841200000013, -3.7588977 ], [ 143.9453092, -3.7592416 ], [ 143.9454876, -3.7593995 ], [ 143.94573840000001, -3.7596671 ], [ 143.9458524, -3.7597488 ], [ 143.9465189, -3.7600699 ], [ 143.9466745, -3.7601449 ], [ 143.9473504, -3.760533 ], [ 143.9475864, -3.760632 ], [ 143.9479887, -3.7607832 ], [ 143.9481188, -3.7608488 ], [ 143.9483629, -3.760992 ], [ 143.948434, -3.7610094 ], [ 143.948615, -3.7610228 ], [ 143.948688800000014, -3.7610388 ], [ 143.948820899999987, -3.761079 ], [ 143.9488658, -3.7610723 ], [ 143.948898, -3.7610522 ], [ 143.948934900000012, -3.7610007 ], [ 143.9489543, -3.760994 ], [ 143.948981800000013, -3.7609973 ], [ 143.9490026, -3.7610147 ], [ 143.9490087, -3.7610375 ], [ 143.949002, -3.7611037 ], [ 143.9490006, -3.7611439 ], [ 143.9490127, -3.7611927 ], [ 143.9491703, -3.7614269 ], [ 143.9491756, -3.7614543 ], [ 143.949170900000013, -3.7614831 ], [ 143.949132, -3.7615527 ], [ 143.949128699999989, -3.7615875 ], [ 143.9491347, -3.7616243 ], [ 143.9492434, -3.761809 ], [ 143.9492688, -3.7618317 ], [ 143.9493104, -3.7618518 ], [ 143.949390200000011, -3.7618819 ], [ 143.9494278, -3.7619073 ], [ 143.9495511, -3.7620813 ], [ 143.9496222, -3.7621321 ], [ 143.949702699999989, -3.7621616 ], [ 143.94993070000001, -3.762191 ], [ 143.9500205, -3.7622191 ], [ 143.9501117, -3.762286 ], [ 143.9504899, -3.7627517 ], [ 143.950531500000011, -3.7628601 ], [ 143.950544900000011, -3.7629618 ], [ 143.9505476, -3.7635373 ], [ 143.9505261, -3.763647 ], [ 143.9504671, -3.7638156 ], [ 143.950452399999989, -3.7639026 ], [ 143.950443, -3.7642773 ], [ 143.950457699999987, -3.7643402 ], [ 143.9505261, -3.7644553 ], [ 143.9505462, -3.7645382 ], [ 143.9505409, -3.7646292 ], [ 143.9505167, -3.7647028 ], [ 143.950484499999988, -3.7648219 ], [ 143.9504872, -3.7648688 ], [ 143.9505087, -3.7649116 ], [ 143.950809099999987, -3.765214 ], [ 143.9510827, -3.7654295 ], [ 143.9513375, -3.7655968 ], [ 143.9515628, -3.7657306 ], [ 143.9520791, -3.7659969 ], [ 143.9522615, -3.7661147 ], [ 143.9525324, -3.7663341 ], [ 143.952624899999989, -3.7663957 ], [ 143.952942799999988, -3.7665763 ], [ 143.95300180000001, -3.7665924 ], [ 143.953060099999988, -3.7665924 ], [ 143.953239200000013, -3.766563 ], [ 143.953292800000014, -3.7665603 ], [ 143.953361199999989, -3.766575 ], [ 143.9538078, -3.7668239 ], [ 143.954153100000013, -3.767024 ], [ 143.954194699999988, -3.767028 ], [ 143.9542403, -3.7670193 ], [ 143.9543536, -3.766943 ], [ 143.9543955, -3.7669353 ], [ 143.9544368, -3.7669397 ], [ 143.9547358, -3.767113 ], [ 143.954770700000012, -3.7671518 ], [ 143.9547895, -3.7671986 ], [ 143.954802199999989, -3.7673244 ], [ 143.9548136, -3.7673585 ], [ 143.95483440000001, -3.7673819 ], [ 143.9552093, -3.7675746 ], [ 143.9554681, -3.7677218 ], [ 143.9557216, -3.7679012 ], [ 143.955965600000013, -3.7681072 ], [ 143.9561976, -3.7683214 ], [ 143.956755500000014, -3.7688178 ], [ 143.9568655, -3.768945 ], [ 143.9570989, -3.7692822 ], [ 143.957241, -3.7694401 ], [ 143.957450200000011, -3.7696114 ], [ 143.9576903, -3.7697372 ], [ 143.9579947, -3.7698349 ], [ 143.9585607, -3.7699379 ], [ 143.958626400000014, -3.7699526 ], [ 143.9586908, -3.7699901 ], [ 143.9588383, -3.7701895 ], [ 143.958870499999989, -3.7702698 ], [ 143.95891610000001, -3.7704451 ], [ 143.9589483, -3.7704919 ], [ 143.9590086, -3.7705281 ], [ 143.9594606, -3.7706324 ], [ 143.9599165, -3.7707422 ], [ 143.960381899999987, -3.7708947 ], [ 143.9604717, -3.7709402 ], [ 143.9605281, -3.7710125 ], [ 143.9605388, -3.7710968 ], [ 143.96052, -3.7711931 ], [ 143.9604342, -3.7713283 ], [ 143.9604262, -3.7713872 ], [ 143.9604409, -3.7714514 ], [ 143.9605106, -3.7715317 ], [ 143.960556200000013, -3.7715545 ], [ 143.960611199999988, -3.7715504 ], [ 143.960644800000011, -3.771529 ], [ 143.9606971, -3.7714046 ], [ 143.960725200000013, -3.7713778 ], [ 143.9607681, -3.7713738 ], [ 143.9607976, -3.7713925 ], [ 143.9608218, -3.7714447 ], [ 143.960827099999989, -3.7716053 ], [ 143.960803, -3.7717204 ], [ 143.96074, -3.7719104 ], [ 143.960738600000013, -3.771976 ], [ 143.9607748, -3.7721125 ], [ 143.9608231, -3.77215 ], [ 143.9608888, -3.772174 ], [ 143.9612026, -3.7722236 ], [ 143.9612536, -3.7722583 ], [ 143.9612751, -3.7723159 ], [ 143.9612617, -3.7724296 ], [ 143.9612348, -3.7725006 ], [ 143.9611644, -3.7726277 ], [ 143.961158399999988, -3.7726605 ], [ 143.9611678, -3.7726906 ], [ 143.9612617, -3.7727843 ], [ 143.9613046, -3.7728592 ], [ 143.961314, -3.7729475 ], [ 143.9612952, -3.7731416 ], [ 143.9613046, -3.773183 ], [ 143.961327399999988, -3.7732098 ], [ 143.9615808, -3.7733062 ], [ 143.9618276, -3.7734333 ], [ 143.9620945, -3.7736059 ], [ 143.962433800000014, -3.7738374 ], [ 143.962472, -3.7738455 ], [ 143.9625189, -3.7738388 ], [ 143.962614800000011, -3.7737478 ], [ 143.962634900000012, -3.7737397 ], [ 143.962656399999986, -3.7737518 ], [ 143.9626591, -3.7737785 ], [ 143.962621500000012, -3.7740181 ], [ 143.962628200000012, -3.774097 ], [ 143.9626551, -3.7741613 ], [ 143.962966200000011, -3.7744021 ], [ 143.963276, -3.7746029 ], [ 143.963636799999989, -3.7747795 ], [ 143.9639506, -3.7749281 ], [ 143.9640082, -3.7749321 ], [ 143.964067199999988, -3.7749107 ], [ 143.9641464, -3.7748183 ], [ 143.9641933, -3.7747982 ], [ 143.9642416, -3.7747996 ], [ 143.9642805, -3.774829 ], [ 143.9643891, -3.7751341 ], [ 143.964445399999988, -3.7752144 ], [ 143.9645205, -3.7752773 ], [ 143.964755200000013, -3.7753643 ], [ 143.964951, -3.7754566 ], [ 143.9649953, -3.7755128 ], [ 143.965012699999988, -3.7755851 ], [ 143.9650543, -3.7759089 ], [ 143.965116, -3.7761485 ], [ 143.9652072, -3.7763666 ], [ 143.965322500000013, -3.7765245 ], [ 143.965553199999988, -3.7766998 ], [ 143.96564570000001, -3.7767868 ], [ 143.965680600000013, -3.7768497 ], [ 143.9657383, -3.777013 ], [ 143.9657718, -3.7770437 ], [ 143.96583480000001, -3.7770571 ], [ 143.9658952, -3.7770437 ], [ 143.9660092, -3.7769487 ], [ 143.9660548, -3.776942 ], [ 143.966113799999988, -3.7769648 ], [ 143.966209, -3.7770759 ], [ 143.966211, -3.7770973 ], [ 143.9661936, -3.7771234 ], [ 143.9661647, -3.7771334 ], [ 143.9660742, -3.7771127 ], [ 143.9660494, -3.7771133 ], [ 143.9660259, -3.7771321 ], [ 143.96602390000001, -3.7771528 ], [ 143.966113799999988, -3.777381 ], [ 143.9661366, -3.7775001 ], [ 143.966127199999988, -3.7775951 ], [ 143.966093699999988, -3.777678 ], [ 143.9659991, -3.7777851 ], [ 143.9659891, -3.7778185 ], [ 143.96599040000001, -3.7778768 ], [ 143.9660346, -3.7779965 ], [ 143.966095, -3.7781036 ], [ 143.9661902, -3.7782039 ], [ 143.9663123, -3.7782896 ], [ 143.9663659, -3.7783418 ], [ 143.9664893, -3.7784823 ], [ 143.966517399999987, -3.7785465 ], [ 143.9665215, -3.7786389 ], [ 143.9665161, -3.778762 ], [ 143.9665268, -3.7788275 ], [ 143.9665805, -3.7788945 ], [ 143.9666435, -3.7789333 ], [ 143.9667843, -3.7790042 ], [ 143.966828600000014, -3.7790457 ], [ 143.9668608, -3.7791153 ], [ 143.9669533, -3.7793481 ], [ 143.9669614, -3.7794123 ], [ 143.9669506, -3.7795502 ], [ 143.9669647, -3.7795883 ], [ 143.9669929, -3.7796104 ], [ 143.967178600000011, -3.779696 ], [ 143.967233599999986, -3.7797536 ], [ 143.967261799999989, -3.7798165 ], [ 143.9672913, -3.7800587 ], [ 143.9673436, -3.7801778 ], [ 143.9674683, -3.7803397 ], [ 143.967489699999987, -3.7804387 ], [ 143.967475, -3.7805311 ], [ 143.9673972, -3.7807331 ], [ 143.9673932, -3.7808388 ], [ 143.967414600000012, -3.7809151 ], [ 143.967603700000012, -3.7811373 ], [ 143.9678156, -3.781342 ], [ 143.9681026, -3.7815936 ], [ 143.968386900000013, -3.7817889 ], [ 143.9686498, -3.7819254 ], [ 143.968724900000012, -3.7819388 ], [ 143.9688188, -3.7819228 ], [ 143.968928799999986, -3.7818813 ], [ 143.9690387, -3.7817823 ], [ 143.9691004, -3.7817582 ], [ 143.9691702, -3.7817836 ], [ 143.9692198, -3.7818465 ], [ 143.9692238, -3.7819174 ], [ 143.9691836, -3.7822653 ], [ 143.969201, -3.7823162 ], [ 143.9692412, -3.7823604 ], [ 143.9695027, -3.7824353 ], [ 143.9697509, -3.7825357 ], [ 143.9698032, -3.7825919 ], [ 143.969838, -3.7826721 ], [ 143.9698836, -3.7829237 ], [ 143.9699641, -3.7831111 ], [ 143.970066, -3.7832422 ], [ 143.9703342, -3.7834055 ], [ 143.9703745, -3.7834376 ], [ 143.97039190000001, -3.7834751 ], [ 143.9703892, -3.7835192 ], [ 143.9703007, -3.7836102 ], [ 143.9702792, -3.7836624 ], [ 143.9702886, -3.7837574 ], [ 143.9703436, -3.7838524 ], [ 143.970446900000013, -3.7839595 ], [ 143.9705448, -3.7840237 ], [ 143.9705582, -3.7840478 ], [ 143.9705542, -3.7840893 ], [ 143.9704549, -3.784191 ], [ 143.9704241, -3.7842632 ], [ 143.97040530000001, -3.7843355 ], [ 143.9703839, -3.7846031 ], [ 143.97039860000001, -3.7847075 ], [ 143.9704509, -3.7848079 ], [ 143.970634600000011, -3.7849778 ], [ 143.970731199999989, -3.7850956 ], [ 143.9708506, -3.7853659 ], [ 143.9709096, -3.7854435 ], [ 143.970999400000011, -3.7855064 ], [ 143.9711671, -3.7855599 ], [ 143.9713079, -3.7856536 ], [ 143.971480899999989, -3.7858664 ], [ 143.9715707, -3.7859306 ], [ 143.971683399999989, -3.7859667 ], [ 143.972040099999987, -3.7860176 ], [ 143.9722547, -3.7861086 ], [ 143.9724237, -3.7862638 ], [ 143.9724679, -3.7863816 ], [ 143.972458499999988, -3.78649 ], [ 143.972421, -3.7865957 ], [ 143.972230599999989, -3.7868312 ], [ 143.9721984, -3.7869222 ], [ 143.9722064, -3.7870186 ], [ 143.972396800000013, -3.7873451 ], [ 143.9725202, -3.7874896 ], [ 143.9728589, -3.7877949 ], [ 143.9731586, -3.788065 ], [ 143.973335600000013, -3.7882738 ], [ 143.97367890000001, -3.7887742 ], [ 143.9740759, -3.7893015 ], [ 143.9743575, -3.7896467 ], [ 143.9745024, -3.7897538 ], [ 143.974679400000014, -3.7898367 ], [ 143.9752105, -3.7900589 ], [ 143.976076799999987, -3.7903667 ], [ 143.976675, -3.790562 ], [ 143.9771014, -3.7907414 ], [ 143.9777264, -3.7910973 ], [ 143.977927599999987, -3.7912713 ], [ 143.9782548, -3.7917343 ], [ 143.9783809, -3.7918761 ], [ 143.9785257, -3.7919805 ], [ 143.979325, -3.7922401 ], [ 143.9803469, -3.7925211 ], [ 143.9814144, -3.7927406 ], [ 143.9827287, -3.7930189 ], [ 143.9845043, -3.7934284 ], [ 143.9861673, -3.793779 ], [ 143.987841, -3.7941027 ], [ 143.9890909, -3.7943089 ], [ 143.990051099999988, -3.7944722 ], [ 143.9915344, -3.7946916 ], [ 143.992805800000014, -3.794895 ], [ 143.9943802, -3.7951734 ], [ 143.996005700000012, -3.7954062 ], [ 143.9974487, -3.7955989 ], [ 143.998942699999986, -3.7957327 ], [ 144.0011448, -3.7959602 ], [ 144.0026495, -3.7960592 ], [ 144.00444920000001, -3.7961208 ], [ 144.006584299999986, -3.796185 ], [ 144.0083814, -3.7961877 ], [ 144.0106451, -3.7961716 ], [ 144.013922799999989, -3.7961235 ], [ 144.0151928, -3.796078 ], [ 144.0154383, -3.7960512 ], [ 144.0158701, -3.7959722 ], [ 144.016008199999987, -3.7959816 ], [ 144.0161249, -3.7960552 ], [ 144.0161732, -3.7961475 ], [ 144.0161692, -3.7964071 ], [ 144.016123599999986, -3.7965035 ], [ 144.016021599999988, -3.7965758 ], [ 144.0157829, -3.7965905 ], [ 144.0156394, -3.7965691 ], [ 144.0154181, -3.7964647 ], [ 144.0153243, -3.796454 ], [ 144.015211599999986, -3.7964767 ], [ 144.0150171, -3.7965651 ], [ 144.0149192, -3.7965878 ], [ 144.0142702, -3.7966306 ], [ 144.013462800000013, -3.7966293 ], [ 144.013220100000012, -3.7966467 ], [ 144.0122062, -3.7967952 ], [ 144.011876300000011, -3.7968086 ], [ 144.010857, -3.796731 ], [ 144.0085329, -3.7966788 ], [ 144.008317, -3.7966627 ], [ 144.0077564, -3.796561 ], [ 144.0076518, -3.7965704 ], [ 144.0073635, -3.7966387 ], [ 144.00722, -3.7966587 ], [ 144.00666480000001, -3.7966453 ], [ 144.0054256, -3.7966427 ], [ 144.003953, -3.7965945 ], [ 144.0030625, -3.7966213 ], [ 144.0021908, -3.7966989 ], [ 144.0018958, -3.7967096 ], [ 144.0007478, -3.7966721 ], [ 144.0004581, -3.7966721 ], [ 143.999036499999988, -3.7966962 ], [ 143.9981353, -3.7966587 ], [ 143.997277, -3.796561 ], [ 143.9972046, -3.7965811 ], [ 143.9971577, -3.796648 ], [ 143.9971496, -3.7967069 ], [ 143.9971831, -3.7967845 ], [ 143.9986905, -3.7981441 ], [ 143.9997017, -3.7990487 ], [ 144.0004367, -3.7998435 ], [ 144.001826, -3.8012941 ], [ 144.002121100000011, -3.8016955 ], [ 144.002330300000011, -3.802295 ], [ 144.0024805, -3.803569 ], [ 144.0025556, -3.8039972 ], [ 144.003033, -3.8056511 ], [ 144.0031779, -3.8064379 ], [ 144.003253, -3.8074335 ], [ 144.0033013, -3.8089804 ], [ 144.0031725, -3.8097244 ], [ 144.0028989, -3.8104042 ], [ 144.002046, -3.8122027 ], [ 144.001675799999987, -3.8125506 ], [ 144.0010643, -3.8128824 ], [ 144.0006137, -3.8132303 ], [ 143.9999699, -3.8139422 ], [ 143.9994872, -3.8146381 ], [ 143.9990151, -3.8155373 ], [ 143.9985752, -3.8172394 ], [ 143.9986932, -3.8182671 ], [ 143.999143800000013, -3.8191877 ], [ 144.0000665, -3.8199692 ], [ 144.0017939, -3.8206971 ], [ 144.0047336, -3.8215 ], [ 144.0071905, -3.8218961 ], [ 144.009851200000014, -3.8222814 ], [ 144.0120292, -3.8227418 ], [ 144.013719, -3.823004 ], [ 144.0147436, -3.8231164 ], [ 144.0156341, -3.823261 ], [ 144.016352899999987, -3.8234536 ], [ 144.0168089, -3.8234215 ], [ 144.0172005, -3.8231485 ], [ 144.017554499999989, -3.822624 ], [ 144.0176564, -3.8218747 ], [ 144.0175652, -3.8211735 ], [ 144.0173078, -3.8203867 ], [ 144.0159801, -3.8181761 ], [ 144.015974699999987, -3.8180637 ], [ 144.0160364, -3.8179647 ], [ 144.0161651, -3.8179085 ], [ 144.0162858, -3.817954 ], [ 144.017082499999987, -3.8188425 ], [ 144.01740430000001, -3.8190325 ], [ 144.017871, -3.8191021 ], [ 144.018284099999988, -3.8190164 ], [ 144.018791, -3.8185829 ], [ 144.018901, -3.8184143 ], [ 144.0189734, -3.8181975 ], [ 144.018984100000011, -3.8175391 ], [ 144.019019, -3.8174214 ], [ 144.0190941, -3.8173277 ], [ 144.0196091, -3.8170895 ], [ 144.0196976, -3.8171056 ], [ 144.019740500000012, -3.8171832 ], [ 144.0197378, -3.8172555 ], [ 144.019539400000014, -3.8175365 ], [ 144.0194938, -3.8177024 ], [ 144.0195286, -3.8178871 ], [ 144.0197298, -3.8181814 ], [ 144.019735200000014, -3.818251 ], [ 144.0197164, -3.8183112 ], [ 144.0196708, -3.8183554 ], [ 144.0195018, -3.8184143 ], [ 144.0193811, -3.8184999 ], [ 144.01929530000001, -3.8186391 ], [ 144.018791, -3.8194767 ], [ 144.0187454, -3.8196721 ], [ 144.018769600000013, -3.8199049 ], [ 144.018997500000012, -3.8203974 ], [ 144.0191826, -3.8206034 ], [ 144.0194267, -3.8206864 ], [ 144.01977, -3.8206516 ], [ 144.020011399999987, -3.8205151 ], [ 144.0201482, -3.8202823 ], [ 144.020201899999989, -3.8197765 ], [ 144.0202501, -3.8195945 ], [ 144.020625599999988, -3.8188559 ], [ 144.0207356, -3.8187889 ], [ 144.0209046, -3.8187756 ], [ 144.0212694, -3.8188692 ], [ 144.0213472, -3.8189388 ], [ 144.0213713, -3.8190566 ], [ 144.02124520000001, -3.8194821 ], [ 144.0211353, -3.8199371 ], [ 144.0211272, -3.8201351 ], [ 144.021226500000012, -3.8203572 ], [ 144.0218353, -3.8207506 ], [ 144.0225595, -3.8208898 ], [ 144.0232676, -3.8208363 ], [ 144.0253973, -3.8200869 ], [ 144.0258801, -3.8196748 ], [ 144.026277099999987, -3.8189843 ], [ 144.0264434, -3.8180851 ], [ 144.0263736, -3.8171538 ], [ 144.025837200000012, -3.8157942 ], [ 144.024775, -3.8143544 ], [ 144.0247321, -3.8139958 ], [ 144.0247804, -3.8137388 ], [ 144.0254831, -3.8126041 ], [ 144.0260678, -3.8114533 ], [ 144.0262985, -3.8106986 ], [ 144.026411200000013, -3.8100456 ], [ 144.0264273, -3.8092213 ], [ 144.026513099999988, -3.8090393 ], [ 144.026695499999988, -3.8089644 ], [ 144.0269154, -3.8089911 ], [ 144.027065599999986, -3.8091624 ], [ 144.0272641, -3.8097726 ], [ 144.0273929, -3.8098689 ], [ 144.0275967, -3.8098582 ], [ 144.0279239, -3.8094568 ], [ 144.0280902, -3.8091089 ], [ 144.0282297, -3.8085576 ], [ 144.0282056, -3.807926 ], [ 144.028219, -3.8078082 ], [ 144.028278, -3.8077012 ], [ 144.028787599999987, -3.8072515 ], [ 144.0294448, -3.806743 ], [ 144.0294877, -3.806628 ], [ 144.029493, -3.8065022 ], [ 144.0290719, -3.8045431 ], [ 144.0288573, -3.8033656 ], [ 144.028852, -3.8029962 ], [ 144.028943199999986, -3.8024931 ], [ 144.0291738, -3.8018026 ], [ 144.0297908, -3.8003681 ], [ 144.0304452, -3.7993297 ], [ 144.0306812, -3.7991638 ], [ 144.030928, -3.7991102 ], [ 144.03171660000001, -3.7990192 ], [ 144.032000900000014, -3.7989015 ], [ 144.032231599999989, -3.7986874 ], [ 144.032338900000013, -3.7983502 ], [ 144.032945, -3.796375 ], [ 144.033020099999987, -3.7958451 ], [ 144.032966499999986, -3.7955614 ], [ 144.0328592, -3.7953634 ], [ 144.0325373, -3.7951707 ], [ 144.0322208, -3.7951279 ], [ 144.0309809, -3.7952317 ], [ 144.0294242, -3.7952815 ], [ 144.0276303, -3.795347 ], [ 144.0270549, -3.7953955 ], [ 144.0256736, -3.7955588 ], [ 144.0253946, -3.7955775 ], [ 144.0250835, -3.7955748 ], [ 144.0245169, -3.7955239 ], [ 144.024225199999989, -3.7955293 ], [ 144.0229458, -3.7956417 ], [ 144.022454900000014, -3.7956712 ], [ 144.021422300000012, -3.7957006 ], [ 144.0203132, -3.7957019 ], [ 144.0201415, -3.7957247 ], [ 144.0199833, -3.7957702 ], [ 144.019424, -3.7959468 ], [ 144.0192094, -3.7959575 ], [ 144.0190378, -3.7959201 ], [ 144.0187199, -3.795801 ], [ 144.0186113, -3.7958036 ], [ 144.01851880000001, -3.7958358 ], [ 144.0183082, -3.796003 ], [ 144.0182304, -3.796102 ], [ 144.018195600000013, -3.7962011 ], [ 144.018175500000012, -3.7963737 ], [ 144.01814730000001, -3.7964165 ], [ 144.0180762, -3.7964687 ], [ 144.0180011, -3.7964915 ], [ 144.0176229, -3.7965169 ], [ 144.017525, -3.7965477 ], [ 144.017445900000013, -3.7965985 ], [ 144.017358699999988, -3.7967029 ], [ 144.0172957, -3.7967176 ], [ 144.01722860000001, -3.7966962 ], [ 144.0171844, -3.7966132 ], [ 144.017156199999988, -3.7964754 ], [ 144.0171589, -3.7963001 ], [ 144.017242, -3.796078 ], [ 144.017403, -3.7958679 ], [ 144.0176511, -3.7957033 ], [ 144.0178952, -3.7956123 ], [ 144.018627400000014, -3.7954972 ], [ 144.019821, -3.7954142 ], [ 144.0220874, -3.7952884 ], [ 144.026073200000013, -3.7951493 ], [ 144.0281895, -3.7950342 ], [ 144.030523, -3.7948522 ], [ 144.0320894, -3.7947077 ], [ 144.03357, -3.7946006 ], [ 144.0353054, -3.7945016 ], [ 144.0369442, -3.7944186 ], [ 144.0394789, -3.7942581 ], [ 144.0418473, -3.7941457 ], [ 144.0439314, -3.7939824 ], [ 144.0469891, -3.793696 ], [ 144.049419199999988, -3.7934846 ], [ 144.050532299999986, -3.7933936 ], [ 144.051618600000012, -3.793308 ], [ 144.052967700000011, -3.7932063 ], [ 144.0545717, -3.7931447 ], [ 144.0564707, -3.7930269 ], [ 144.056945399999989, -3.7929975 ], [ 144.0586245, -3.792944 ], [ 144.059260200000011, -3.7929038 ], [ 144.0608293, -3.7927807 ], [ 144.0619075, -3.7927138 ], [ 144.0632728, -3.7926362 ], [ 144.0638012, -3.7926068 ], [ 144.0645978, -3.79258 ], [ 144.065896, -3.7925345 ], [ 144.0672022, -3.7925104 ], [ 144.0692943, -3.7925104 ], [ 144.0714079, -3.7924676 ], [ 144.073451799999987, -3.7924248 ], [ 144.0755063, -3.7923552 ], [ 144.0780652, -3.7921892 ], [ 144.0805703, -3.7920019 ], [ 144.0833115, -3.7916968 ], [ 144.086830600000013, -3.7913275 ], [ 144.0901565, -3.7910759 ], [ 144.0934825, -3.7907761 ], [ 144.096754800000014, -3.7905085 ], [ 144.0989113, -3.7902944 ], [ 144.1024196, -3.7899786 ], [ 144.1053647, -3.7896628 ], [ 144.1058099, -3.7896146 ], [ 144.107151, -3.7893577 ], [ 144.108068300000014, -3.789256 ], [ 144.1100103, -3.7891971 ], [ 144.1120917, -3.7891061 ], [ 144.1136581, -3.7890419 ], [ 144.1154176, -3.7890098 ], [ 144.116683599999988, -3.7889669 ], [ 144.11828220000001, -3.7888652 ], [ 144.120422600000012, -3.7886672 ], [ 144.1237807, -3.7882925 ], [ 144.128678400000013, -3.7876181 ], [ 144.1355371, -3.7866259 ], [ 144.13951990000001, -3.7859159 ], [ 144.144583899999986, -3.7848775 ], [ 144.1520673, -3.7833734 ], [ 144.1544974, -3.7827738 ], [ 144.156965, -3.7821155 ], [ 144.1603231, -3.7810663 ], [ 144.1643679, -3.7797067 ], [ 144.1671359, -3.7788931 ], [ 144.1690457, -3.7785826 ], [ 144.1709983, -3.7785024 ], [ 144.173031400000013, -3.7785452 ], [ 144.1736752, -3.7786362 ], [ 144.1743122, -3.7788061 ], [ 144.174732, -3.7789426 ], [ 144.1751611, -3.7790992 ], [ 144.175306, -3.7791661 ], [ 144.1754293, -3.7792277 ], [ 144.1757566, -3.7794177 ], [ 144.1768616, -3.7801162 ], [ 144.177022599999987, -3.780234 ], [ 144.177218399999987, -3.7803946 ], [ 144.1774303, -3.7805899 ], [ 144.1775671, -3.7807291 ], [ 144.1776958, -3.7808629 ], [ 144.177980100000013, -3.7811868 ], [ 144.1780901, -3.7813085 ], [ 144.1781478, -3.7813915 ], [ 144.1781799, -3.7814919 ], [ 144.178188, -3.781627 ], [ 144.1781853, -3.7818518 ], [ 144.178175900000014, -3.7819576 ], [ 144.1781652, -3.7820486 ], [ 144.1781196, -3.7823644 ], [ 144.1780472, -3.7826895 ], [ 144.177973400000013, -3.7829558 ], [ 144.177926500000012, -3.7830763 ], [ 144.1778648, -3.7831633 ], [ 144.177792399999987, -3.7832208 ], [ 144.1776998, -3.7832529 ], [ 144.1773686, -3.7833051 ], [ 144.177034600000013, -3.7833412 ], [ 144.176576, -3.7834001 ], [ 144.1752161, -3.7836276 ], [ 144.174403399999989, -3.78374 ], [ 144.173883, -3.7837788 ], [ 144.172768600000012, -3.7838297 ], [ 144.1725379, -3.7838444 ], [ 144.1722187, -3.7838631 ], [ 144.171648800000014, -3.7838886 ], [ 144.1709715, -3.7838979 ], [ 144.1700207, -3.7839167 ], [ 144.168259799999987, -3.7839153 ], [ 144.1672043, -3.7839287 ], [ 144.1663823, -3.7839809 ], [ 144.1662548, -3.7839929 ], [ 144.1661234, -3.7840197 ], [ 144.165560199999987, -3.7841455 ], [ 144.164877499999989, -3.7844091 ], [ 144.1640286, -3.7847303 ], [ 144.1633929, -3.7849912 ], [ 144.163256100000012, -3.7850501 ], [ 144.1630992, -3.7851371 ], [ 144.1628672, -3.7852736 ], [ 144.1619982, -3.7857446 ], [ 144.1614497, -3.7860109 ], [ 144.1607349, -3.7863214 ], [ 144.1600321, -3.7865716 ], [ 144.1594809, -3.786783 ], [ 144.159361600000011, -3.7868473 ], [ 144.159234199999986, -3.7869209 ], [ 144.1590464, -3.7870453 ], [ 144.1587782, -3.7872126 ], [ 144.1582726, -3.7874615 ], [ 144.1579883, -3.7875966 ], [ 144.1576436, -3.7877693 ], [ 144.1574733, -3.787891 ], [ 144.1573794, -3.7879861 ], [ 144.1569543, -3.7884504 ], [ 144.1563722, -3.7891074 ], [ 144.155762, -3.7897551 ], [ 144.1556534, -3.7899023 ], [ 144.1555582, -3.7900509 ], [ 144.1553476, -3.7904603 ], [ 144.155202800000012, -3.7907842 ], [ 144.1551183, -3.7909903 ], [ 144.1550164, -3.7912847 ], [ 144.1549587, -3.7915295 ], [ 144.1548072, -3.7921531 ], [ 144.1547602, -3.7923619 ], [ 144.1547281, -3.7925399 ], [ 144.1546959, -3.7926482 ], [ 144.154650299999986, -3.7927098 ], [ 144.1545859, -3.7927687 ], [ 144.1544759, -3.7928302 ], [ 144.154378, -3.7928543 ], [ 144.154129899999987, -3.7928744 ], [ 144.153973, -3.7928677 ], [ 144.1539194, -3.7928731 ], [ 144.1538765, -3.7928878 ], [ 144.1536324, -3.7931246 ], [ 144.1536176, -3.7931688 ], [ 144.153664600000013, -3.7932665 ], [ 144.1537692, -3.7934592 ], [ 144.1537826, -3.7935114 ], [ 144.1537826, -3.7935809 ], [ 144.153759799999989, -3.7936706 ], [ 144.1537195, -3.7937562 ], [ 144.1536659, -3.7938499 ], [ 144.153475500000013, -3.7940761 ], [ 144.1534124, -3.7941323 ], [ 144.153326600000014, -3.7941871 ], [ 144.1528827, -3.794416 ], [ 144.1526373, -3.7945016 ], [ 144.1524871, -3.7945351 ], [ 144.1523369, -3.7945538 ], [ 144.1519734, -3.7945859 ], [ 144.151848699999988, -3.7945792 ], [ 144.1516475, -3.7945377 ], [ 144.1513927, -3.7944628 ], [ 144.151254599999987, -3.7944133 ], [ 144.1511339, -3.7943638 ], [ 144.1510051, -3.7942969 ], [ 144.1508804, -3.79423 ], [ 144.150754400000011, -3.794163 ], [ 144.1506283, -3.7940975 ], [ 144.1505022, -3.7940212 ], [ 144.1504607, -3.7940051 ], [ 144.1504258, -3.7940038 ], [ 144.150066399999986, -3.7942286 ], [ 144.150051600000012, -3.794254 ], [ 144.1500624, -3.7942821 ], [ 144.150180400000011, -3.7943785 ], [ 144.1504928, -3.794602 ], [ 144.150767800000011, -3.7948121 ], [ 144.150836199999986, -3.7948816 ], [ 144.150916599999988, -3.794978 ], [ 144.15098230000001, -3.7950837 ], [ 144.1510266, -3.7951734 ], [ 144.1511218, -3.7954182 ], [ 144.1511433, -3.7955333 ], [ 144.151154, -3.7956658 ], [ 144.1511285, -3.7963282 ], [ 144.151095, -3.7967404 ], [ 144.1510427, -3.7970026 ], [ 144.1509998, -3.7971431 ], [ 144.1509488, -3.7972542 ], [ 144.1508657, -3.7974094 ], [ 144.1507919, -3.7975125 ], [ 144.1506752, -3.7976302 ], [ 144.1505465, -3.7977199 ], [ 144.1504244, -3.7977814 ], [ 144.1501053, -3.7978885 ], [ 144.1494495, -3.7981227 ], [ 144.1489197, -3.7983114 ], [ 144.148108400000012, -3.7985696 ], [ 144.1478012, -3.7986379 ], [ 144.147588, -3.7986686 ], [ 144.1468477, -3.7987877 ], [ 144.1466962, -3.7988252 ], [ 144.1464561, -3.7989108 ], [ 144.1462979, -3.7989764 ], [ 144.145455700000014, -3.7993565 ], [ 144.1446617, -3.7997619 ], [ 144.1437283, -3.8002838 ], [ 144.1428687, -3.80089 ], [ 144.142761400000012, -3.8009529 ], [ 144.142255799999987, -3.8011509 ], [ 144.1420278, -3.8012299 ], [ 144.1416322, -3.8013463 ], [ 144.1411574, -3.8015029 ], [ 144.1408141, -3.8016233 ], [ 144.140269600000011, -3.8018427 ], [ 144.1398244, -3.8020047 ], [ 144.1391726, -3.8022054 ], [ 144.1390599, -3.8022536 ], [ 144.1388614, -3.8023767 ], [ 144.1387743, -3.8024222 ], [ 144.138671, -3.8024677 ], [ 144.1385597, -3.8025051 ], [ 144.1384538, -3.8025212 ], [ 144.1382901, -3.8025359 ], [ 144.137232, -3.8024958 ], [ 144.1363978, -3.8024797 ], [ 144.1355945, -3.8023874 ], [ 144.135506, -3.8023727 ], [ 144.1353799, -3.8023272 ], [ 144.1352968, -3.8022964 ], [ 144.1352271, -3.8022429 ], [ 144.1351922, -3.8021933 ], [ 144.1351721, -3.8021184 ], [ 144.1351761, -3.8020274 ], [ 144.135186800000014, -3.8019779 ], [ 144.1352096, -3.801919 ], [ 144.1352592, -3.8018227 ], [ 144.135320900000011, -3.8016862 ], [ 144.135370599999987, -3.8015724 ], [ 144.135384, -3.8015269 ], [ 144.135388, -3.8014868 ], [ 144.135322300000013, -3.8012606 ], [ 144.1352981, -3.8012165 ], [ 144.1352633, -3.8011978 ], [ 144.1351587, -3.8011844 ], [ 144.1350648, -3.801187 ], [ 144.134992399999987, -3.8011951 ], [ 144.1348743, -3.8012232 ], [ 144.134755, -3.8012339 ], [ 144.134641, -3.8012245 ], [ 144.1345404, -3.8012018 ], [ 144.1341716, -3.8010907 ], [ 144.133715599999988, -3.8009569 ], [ 144.1329163, -3.8006719 ], [ 144.131805899999989, -3.8002463 ], [ 144.1311689, -3.7999774 ], [ 144.131007899999986, -3.7999225 ], [ 144.1303709, -3.7997766 ], [ 144.130238100000014, -3.7997579 ], [ 144.1298586, -3.7997137 ], [ 144.1297017, -3.7996789 ], [ 144.129589, -3.7996335 ], [ 144.1295046, -3.7995839 ], [ 144.1294107, -3.7995157 ], [ 144.1293356, -3.7994408 ], [ 144.1291264, -3.7991597 ], [ 144.1290593, -3.7990433 ], [ 144.128944, -3.7988091 ], [ 144.1289118, -3.7987824 ], [ 144.1288716, -3.798777 ], [ 144.128429, -3.7989791 ], [ 144.1283847, -3.7990085 ], [ 144.1283391, -3.7990607 ], [ 144.127943499999986, -3.7994782 ], [ 144.127545199999986, -3.7998195 ], [ 144.1271147, -3.800154 ], [ 144.126559500000013, -3.8005166 ], [ 144.126196099999987, -3.8007267 ], [ 144.1260378, -3.8008097 ], [ 144.1259681, -3.8008646 ], [ 144.1258702, -3.8009663 ], [ 144.12576150000001, -3.8011282 ], [ 144.1256811, -3.8012767 ], [ 144.1256113, -3.8014119 ], [ 144.1252479, -3.802002 ], [ 144.1251943, -3.8020689 ], [ 144.1250427, -3.8022348 ], [ 144.1249341, -3.8023272 ], [ 144.1247866, -3.8024436 ], [ 144.1247128, -3.8024851 ], [ 144.124643099999986, -3.8025078 ], [ 144.1245505, -3.8025091 ], [ 144.124486100000013, -3.8024931 ], [ 144.124432500000012, -3.8024623 ], [ 144.1240047, -3.802093 ], [ 144.123407899999989, -3.8015591 ], [ 144.122651499999989, -3.8009689 ], [ 144.1220829, -3.8005648 ], [ 144.1218804, -3.800427 ], [ 144.121757, -3.800336 ], [ 144.121694, -3.8002664 ], [ 144.1216698, -3.8002102 ], [ 144.121665799999988, -3.800146 ], [ 144.1216484, -3.8000188 ], [ 144.121624200000014, -3.7999747 ], [ 144.1215652, -3.7999078 ], [ 144.121490099999988, -3.7998422 ], [ 144.1214392, -3.7998114 ], [ 144.1213574, -3.7997873 ], [ 144.121254099999987, -3.7997673 ], [ 144.120546, -3.7996589 ], [ 144.1198432, -3.7995063 ], [ 144.119686300000012, -3.7994648 ], [ 144.119560299999989, -3.799418 ], [ 144.119430200000011, -3.7993524 ], [ 144.1192599, -3.7992467 ], [ 144.119147199999986, -3.7991397 ], [ 144.119065400000011, -3.7990313 ], [ 144.1190158, -3.7989068 ], [ 144.1189823, -3.7987409 ], [ 144.1189541, -3.798571 ], [ 144.118917900000014, -3.7983729 ], [ 144.118883, -3.7983381 ], [ 144.1188535, -3.7983287 ], [ 144.118512900000013, -3.7982993 ], [ 144.1184753, -3.7983033 ], [ 144.118427, -3.7983301 ], [ 144.118364, -3.7984077 ], [ 144.1181655, -3.7986633 ], [ 144.11809310000001, -3.7987355 ], [ 144.1180314, -3.7987744 ], [ 144.1178423, -3.7988707 ], [ 144.1177377, -3.7989162 ], [ 144.117291099999989, -3.7991209 ], [ 144.1165294, -3.7994555 ], [ 144.114914700000014, -3.8001366 ], [ 144.114853, -3.8001727 ], [ 144.1148154, -3.8002142 ], [ 144.1147846, -3.8002691 ], [ 144.1146733, -3.8005849 ], [ 144.114563299999986, -3.8007869 ], [ 144.1144775, -3.8008927 ], [ 144.114342, -3.8010412 ], [ 144.113766700000014, -3.8015256 ], [ 144.1133188, -3.8020114 ], [ 144.1130143, -3.8024195 ], [ 144.1129044, -3.8025787 ], [ 144.1126496, -3.8029829 ], [ 144.112538199999989, -3.8031996 ], [ 144.1124417, -3.8034418 ], [ 144.11238130000001, -3.8036051 ], [ 144.1121373, -3.8042032 ], [ 144.1118476, -3.8048509 ], [ 144.1115767, -3.8054624 ], [ 144.1115203, -3.8056444 ], [ 144.1114613, -3.8058585 ], [ 144.111405, -3.8060459 ], [ 144.111269600000014, -3.8064634 ], [ 144.1110443, -3.8070187 ], [ 144.1107452, -3.8076851 ], [ 144.1104729, -3.8082257 ], [ 144.110391099999987, -3.808318 ], [ 144.1101779, -3.8084599 ], [ 144.110120200000011, -3.808492 ], [ 144.1096736, -3.8086887 ], [ 144.108906499999989, -3.808943 ], [ 144.108630299999987, -3.8090406 ], [ 144.108454599999988, -3.8090955 ], [ 144.1078819, -3.8092481 ], [ 144.1071792, -3.8093939 ], [ 144.1070236, -3.8094113 ], [ 144.106754099999989, -3.8094153 ], [ 144.1065811, -3.8093979 ], [ 144.1050884, -3.8092186 ], [ 144.1045198, -3.8090942 ], [ 144.1043374, -3.8090433 ], [ 144.104234100000014, -3.8090112 ], [ 144.1032363, -3.8086887 ], [ 144.103054, -3.8086486 ], [ 144.1028273, -3.8086111 ], [ 144.1026556, -3.808591 ], [ 144.1020696, -3.8085629 ], [ 144.101954299999989, -3.8085683 ], [ 144.1011871, -3.8087155 ], [ 144.1011241, -3.8087382 ], [ 144.100920300000013, -3.8088158 ], [ 144.1008277, -3.8088546 ], [ 144.1002578, -3.8090861 ], [ 144.100125, -3.8091102 ], [ 144.0999788, -3.8091129 ], [ 144.0998715, -3.8091156 ], [ 144.09975080000001, -3.8091423 ], [ 144.099658299999987, -3.8091731 ], [ 144.0995537, -3.8092186 ], [ 144.0989864, -3.8094822 ], [ 144.0988711, -3.8095411 ], [ 144.0984741, -3.8097552 ], [ 144.097487, -3.8103761 ], [ 144.09632160000001, -3.8110184 ], [ 144.0955009, -3.8115523 ], [ 144.0950234, -3.8118748 ], [ 144.0947686, -3.812018 ], [ 144.094222800000011, -3.8122682 ], [ 144.094137, -3.8122963 ], [ 144.0940632, -3.8123097 ], [ 144.0935174, -3.8123927 ], [ 144.0931928, -3.8124542 ], [ 144.0925947, -3.8125974 ], [ 144.092401599999988, -3.8126483 ], [ 144.0917203, -3.8128744 ], [ 144.0909666, -3.8131139 ], [ 144.090699699999988, -3.8132116 ], [ 144.0905736, -3.8132718 ], [ 144.0904462, -3.8133695 ], [ 144.0904127, -3.8134244 ], [ 144.0903939, -3.8134846 ], [ 144.090351, -3.8136264 ], [ 144.0903001, -3.8137014 ], [ 144.0902075, -3.8137937 ], [ 144.0901002, -3.8138686 ], [ 144.089801200000011, -3.8140172 ], [ 144.0896335, -3.8141149 ], [ 144.0892312, -3.8143624 ], [ 144.088775199999986, -3.8147438 ], [ 144.0886357, -3.8148094 ], [ 144.088537800000012, -3.8148415 ], [ 144.0883863, -3.8148709 ], [ 144.0882643, -3.8148856 ], [ 144.0882052, -3.814911 ], [ 144.0881382, -3.8149499 ], [ 144.0880698, -3.8150061 ], [ 144.0880162, -3.8150623 ], [ 144.08789010000001, -3.8152335 ], [ 144.0878069, -3.8154035 ], [ 144.0877935, -3.8154476 ], [ 144.087789500000014, -3.8154905 ], [ 144.087804299999988, -3.8156149 ], [ 144.087802900000014, -3.8157126 ], [ 144.0877815, -3.8157915 ], [ 144.0877318, -3.815932 ], [ 144.087668799999989, -3.8160471 ], [ 144.08734290000001, -3.8165596 ], [ 144.08732950000001, -3.8166065 ], [ 144.0873322, -3.816668 ], [ 144.087359, -3.8168527 ], [ 144.0874006, -3.8171899 ], [ 144.087412699999987, -3.817305 ], [ 144.0873992, -3.8174388 ], [ 144.08734960000001, -3.8176408 ], [ 144.087324099999989, -3.8176743 ], [ 144.0872732, -3.8177131 ], [ 144.0871565, -3.8177974 ], [ 144.0870962, -3.8178416 ], [ 144.087068, -3.8178884 ], [ 144.087059900000014, -3.8179325 ], [ 144.0871203, -3.8180757 ], [ 144.0872329, -3.8183848 ], [ 144.0872785, -3.8185079 ], [ 144.087304, -3.8186377 ], [ 144.087310699999989, -3.8187662 ], [ 144.087277199999988, -3.8193563 ], [ 144.087235600000014, -3.8198755 ], [ 144.0872316, -3.8199719 ], [ 144.0872397, -3.8200321 ], [ 144.0872665, -3.8201378 ], [ 144.0873536, -3.8203412 ], [ 144.0873992, -3.8204536 ], [ 144.0874287, -3.8205432 ], [ 144.087431400000014, -3.8206449 ], [ 144.0874153, -3.820847 ], [ 144.0873067, -3.8212136 ], [ 144.0872625, -3.8212979 ], [ 144.0872034, -3.8213849 ], [ 144.08694460000001, -3.8217743 ], [ 144.0869138, -3.8218613 ], [ 144.086870800000014, -3.8220366 ], [ 144.0868427, -3.822521 ], [ 144.0868413, -3.8227913 ], [ 144.0868199, -3.8231312 ], [ 144.0867998, -3.8232048 ], [ 144.0867273, -3.8233707 ], [ 144.0865825, -3.8236102 ], [ 144.086329, -3.8240264 ], [ 144.086152, -3.8242565 ], [ 144.0860836, -3.8242846 ], [ 144.0859978, -3.8243007 ], [ 144.0859348, -3.8242913 ], [ 144.085670599999986, -3.824211 ], [ 144.0856169, -3.8242097 ], [ 144.0855566, -3.8242217 ], [ 144.085501599999986, -3.8242659 ], [ 144.0854385, -3.8243315 ], [ 144.0854171, -3.824397 ], [ 144.085409, -3.8244613 ], [ 144.0854318, -3.8245054 ], [ 144.0855995, -3.8247088 ], [ 144.0857886, -3.8249055 ], [ 144.085861, -3.8249938 ], [ 144.0859213, -3.8250848 ], [ 144.0859509, -3.8252012 ], [ 144.0859844, -3.8254234 ], [ 144.0860032, -3.8255532 ], [ 144.0860246, -3.8256187 ], [ 144.086055499999986, -3.8256709 ], [ 144.0861601, -3.8257392 ], [ 144.0862352, -3.825786 ], [ 144.0862955, -3.8258382 ], [ 144.0863411, -3.8259051 ], [ 144.08638, -3.8259653 ], [ 144.0864363, -3.826079 ], [ 144.0865248, -3.8263306 ], [ 144.0865624, -3.8265019 ], [ 144.086587900000012, -3.8266464 ], [ 144.0866026, -3.8267842 ], [ 144.0866201, -3.8269461 ], [ 144.086649599999987, -3.8270371 ], [ 144.0867206, -3.8271415 ], [ 144.0868118, -3.8272994 ], [ 144.086872199999988, -3.8274359 ], [ 144.0869111, -3.827559 ], [ 144.0869218, -3.827666 ], [ 144.086939199999989, -3.8277771 ], [ 144.0869902, -3.8280126 ], [ 144.0870358, -3.8281799 ], [ 144.0870801, -3.8282909 ], [ 144.087131, -3.8283806 ], [ 144.0871914, -3.8284542 ], [ 144.087369700000011, -3.8286362 ], [ 144.087729200000012, -3.8289787 ], [ 144.0880805, -3.829344 ], [ 144.088484200000011, -3.8298017 ], [ 144.0887524, -3.8300894 ], [ 144.0887927, -3.8301282 ], [ 144.0889938, -3.8302901 ], [ 144.0890354, -3.8303101 ], [ 144.0891038, -3.8303235 ], [ 144.089484700000014, -3.8304038 ], [ 144.0903269, -3.8305403 ], [ 144.090524, -3.8305804 ], [ 144.091752500000013, -3.8308521 ], [ 144.092609399999986, -3.8309993 ], [ 144.0934409, -3.8311117 ], [ 144.093499900000012, -3.8311036 ], [ 144.0935777, -3.8310729 ], [ 144.0936582, -3.831022 ], [ 144.0937065, -3.8309645 ], [ 144.093772199999989, -3.8308855 ], [ 144.093854, -3.8308173 ], [ 144.0939639, -3.8307905 ], [ 144.0940565, -3.8307878 ], [ 144.094149, -3.8308079 ], [ 144.094229500000012, -3.8308454 ], [ 144.0943019, -3.8308815 ], [ 144.0943904, -3.8309029 ], [ 144.0944709, -3.8309016 ], [ 144.0945648, -3.8308842 ], [ 144.0949751, -3.8306915 ], [ 144.0952662, -3.8305818 ], [ 144.0956108, -3.8304426 ], [ 144.096031900000014, -3.8302754 ], [ 144.0969895, -3.8297789 ], [ 144.0970659, -3.829716 ], [ 144.0971987, -3.8295822 ], [ 144.097307300000011, -3.8294819 ], [ 144.097383799999989, -3.8294243 ], [ 144.0974736, -3.8293681 ], [ 144.0981133, -3.8290577 ], [ 144.0989073, -3.8287258 ], [ 144.0990132, -3.8286964 ], [ 144.0991594, -3.828675 ], [ 144.099253299999987, -3.8286723 ], [ 144.0994638, -3.828679 ], [ 144.0996127, -3.8286817 ], [ 144.099820599999987, -3.8286589 ], [ 144.0999198, -3.8286228 ], [ 144.1000311, -3.8285639 ], [ 144.100066, -3.8285144 ], [ 144.100076699999988, -3.8284502 ], [ 144.100096799999989, -3.8282374 ], [ 144.1001317, -3.8281625 ], [ 144.100177300000013, -3.8280875 ], [ 144.100265799999988, -3.8279885 ], [ 144.1005461, -3.8277396 ], [ 144.1016243, -3.8267494 ], [ 144.1024907, -3.8259064 ], [ 144.1031519, -3.8252293 ], [ 144.1035891, -3.8246994 ], [ 144.1036588, -3.8245897 ], [ 144.1037245, -3.8244706 ], [ 144.1037916, -3.8243274 ], [ 144.1038184, -3.8242472 ], [ 144.1038385, -3.8241267 ], [ 144.1038412, -3.8240009 ], [ 144.103857299999987, -3.823265 ], [ 144.103830499999987, -3.8231338 ], [ 144.103755400000011, -3.8229197 ], [ 144.1037205, -3.8228528 ], [ 144.103176, -3.8220781 ], [ 144.1030687, -3.8219202 ], [ 144.103005700000011, -3.8218144 ], [ 144.102958699999988, -3.8217007 ], [ 144.1029225, -3.8215562 ], [ 144.1029091, -3.8214398 ], [ 144.1029105, -3.8213354 ], [ 144.1029105, -3.8212257 ], [ 144.102933299999989, -3.82114 ], [ 144.1029708, -3.8210504 ], [ 144.103113, -3.8208577 ], [ 144.1035958, -3.8202355 ], [ 144.10398330000001, -3.8197818 ], [ 144.1042019, -3.8194741 ], [ 144.1043521, -3.8192252 ], [ 144.104620399999988, -3.818714 ], [ 144.105067, -3.8177613 ], [ 144.105138, -3.817586 ], [ 144.105366, -3.8169704 ], [ 144.1053861, -3.8169156 ], [ 144.1054331, -3.8168366 ], [ 144.105606099999989, -3.8166185 ], [ 144.1058837, -3.8163308 ], [ 144.106111700000014, -3.8161274 ], [ 144.1063048, -3.8159454 ], [ 144.1063598, -3.8159039 ], [ 144.1064322, -3.8158651 ], [ 144.1068158, -3.8157407 ], [ 144.107676700000013, -3.8154878 ], [ 144.108426400000013, -3.8152616 ], [ 144.10927, -3.8149592 ], [ 144.1098078, -3.8147986 ], [ 144.1102678, -3.814626 ], [ 144.110337500000014, -3.8145765 ], [ 144.1104086, -3.8145056 ], [ 144.110489, -3.8144307 ], [ 144.1105494, -3.8143905 ], [ 144.1106433, -3.8143544 ], [ 144.110886, -3.8143223 ], [ 144.110953099999989, -3.8143156 ], [ 144.1110282, -3.8143303 ], [ 144.1111998, -3.8143985 ], [ 144.1112669, -3.8144133 ], [ 144.111525699999987, -3.8144226 ], [ 144.1115552, -3.8144066 ], [ 144.111565899999988, -3.8143785 ], [ 144.1115753, -3.8142246 ], [ 144.1115673, -3.8140988 ], [ 144.111532399999987, -3.8138071 ], [ 144.1115364, -3.8136933 ], [ 144.1115485, -3.8136385 ], [ 144.1115767, -3.8135662 ], [ 144.1116424, -3.8134833 ], [ 144.1117309, -3.8133829 ], [ 144.112241899999987, -3.8129493 ], [ 144.1122982, -3.8128958 ], [ 144.1124994, -3.8126737 ], [ 144.112518099999988, -3.8126148 ], [ 144.1125195, -3.8125318 ], [ 144.1125235, -3.8124582 ], [ 144.11256370000001, -3.8123592 ], [ 144.1125973, -3.8123044 ], [ 144.1126549, -3.8122348 ], [ 144.1129996, -3.8118614 ], [ 144.1132826, -3.8115108 ], [ 144.113355, -3.8113918 ], [ 144.113537400000013, -3.8109876 ], [ 144.11367820000001, -3.8106531 ], [ 144.1137345, -3.8105032 ], [ 144.113942400000013, -3.8098904 ], [ 144.11404970000001, -3.8095224 ], [ 144.114151600000014, -3.8092119 ], [ 144.1142254, -3.8089978 ], [ 144.114307200000013, -3.808781 ], [ 144.1145539, -3.8081561 ], [ 144.114704100000012, -3.8077346 ], [ 144.1150059, -3.8070013 ], [ 144.115292899999986, -3.8063215 ], [ 144.11540020000001, -3.8059495 ], [ 144.1154498, -3.8057087 ], [ 144.1154967, -3.8054972 ], [ 144.115537, -3.8053714 ], [ 144.115596, -3.8052269 ], [ 144.115853499999986, -3.8046529 ], [ 144.116210200000012, -3.8039169 ], [ 144.1164891, -3.803391 ], [ 144.1165642, -3.8032679 ], [ 144.1166528, -3.8031341 ], [ 144.1170725, -3.8025921 ], [ 144.1172522, -3.8023981 ], [ 144.1174749, -3.8021693 ], [ 144.117547300000012, -3.8021131 ], [ 144.1176398, -3.8020568 ], [ 144.11771490000001, -3.8020247 ], [ 144.1177793, -3.8020087 ], [ 144.1178477, -3.802002 ], [ 144.1179469, -3.8020234 ], [ 144.1180502, -3.8020649 ], [ 144.118161500000014, -3.8021171 ], [ 144.1183466, -3.8022549 ], [ 144.118608099999989, -3.8024891 ], [ 144.1187462, -3.802663 ], [ 144.1188253, -3.8028049 ], [ 144.1189836, -3.8030618 ], [ 144.119140499999986, -3.8034298 ], [ 144.1194047, -3.8040293 ], [ 144.119639400000011, -3.8045739 ], [ 144.1198044, -3.8051132 ], [ 144.1200216, -3.8056926 ], [ 144.1202241, -3.8061944 ], [ 144.1205567, -3.8069331 ], [ 144.1207847, -3.8075553 ], [ 144.120814200000012, -3.8076583 ], [ 144.1208263, -3.8077814 ], [ 144.120837, -3.8079112 ], [ 144.1208518, -3.8080223 ], [ 144.1208853, -3.8080999 ], [ 144.1209349, -3.8081668 ], [ 144.1210341, -3.8082097 ], [ 144.1211227, -3.8082444 ], [ 144.1211803, -3.8082859 ], [ 144.121238, -3.8083542 ], [ 144.121443199999987, -3.8088225 ], [ 144.121647, -3.8093016 ], [ 144.121848199999988, -3.8097418 ], [ 144.1220413, -3.8103614 ], [ 144.1220668, -3.8104698 ], [ 144.122097599999989, -3.8107588 ], [ 144.1221003, -3.8109341 ], [ 144.1220883, -3.8110572 ], [ 144.121968900000013, -3.8116125 ], [ 144.1217691, -3.8122669 ], [ 144.1216417, -3.8130484 ], [ 144.121643, -3.8131166 ], [ 144.1216779, -3.8133428 ], [ 144.1216913, -3.8133642 ], [ 144.121706, -3.8133682 ], [ 144.1217905, -3.8133254 ], [ 144.121942100000012, -3.8132183 ], [ 144.1219836, -3.8132089 ], [ 144.1220199, -3.8132223 ], [ 144.1220453, -3.8132531 ], [ 144.1220762, -3.8133321 ], [ 144.1221553, -3.8138325 ], [ 144.122206299999988, -3.8143651 ], [ 144.122273299999989, -3.8149766 ], [ 144.1223297, -3.8154744 ], [ 144.122420799999986, -3.8161167 ], [ 144.122528100000011, -3.8166239 ], [ 144.1226596, -3.8170654 ], [ 144.122658199999989, -3.8171604 ], [ 144.1226475, -3.8172595 ], [ 144.122622, -3.8173679 ], [ 144.1225885, -3.8174896 ], [ 144.122508, -3.8177011 ], [ 144.1224986, -3.8177492 ], [ 144.1225107, -3.8178228 ], [ 144.122603199999986, -3.8179205 ], [ 144.1226824, -3.8179633 ], [ 144.122842, -3.8180142 ], [ 144.1229305, -3.8180557 ], [ 144.1230176, -3.8181025 ], [ 144.1230994, -3.8181801 ], [ 144.1231491, -3.8182591 ], [ 144.1235916, -3.8189977 ], [ 144.1240248, -3.8195129 ], [ 144.124112, -3.8196132 ], [ 144.1241388, -3.8196815 ], [ 144.1241576, -3.8197711 ], [ 144.124175, -3.819909 ], [ 144.1241857, -3.8200254 ], [ 144.124209900000011, -3.8204683 ], [ 144.1242179, -3.8205191 ], [ 144.1242474, -3.8205794 ], [ 144.124655100000012, -3.8211427 ], [ 144.1250427, -3.8217248 ], [ 144.1253203, -3.8221369 ], [ 144.1253941, -3.8222828 ], [ 144.1254343, -3.8224005 ], [ 144.125466499999987, -3.8225036 ], [ 144.1255563, -3.823075 ], [ 144.1256864, -3.8238778 ], [ 144.1257173, -3.8240063 ], [ 144.1257803, -3.8241602 ], [ 144.1258755, -3.824302 ], [ 144.1262712, -3.8247061 ], [ 144.126733800000011, -3.8250902 ], [ 144.126775400000014, -3.8251571 ], [ 144.1268076, -3.8252601 ], [ 144.126810299999988, -3.825335 ], [ 144.1267982, -3.825406 ], [ 144.126754, -3.8255518 ], [ 144.126581, -3.8257766 ], [ 144.1265541, -3.8258328 ], [ 144.1265474, -3.8258609 ], [ 144.126552800000013, -3.8258917 ], [ 144.1268049, -3.826261 ], [ 144.1268358, -3.8262757 ], [ 144.126872, -3.8262664 ], [ 144.1277973, -3.8255063 ], [ 144.1281071, -3.8252066 ], [ 144.1282251, -3.825046 ], [ 144.128253300000011, -3.8249952 ], [ 144.128280100000012, -3.8249336 ], [ 144.1282909, -3.8248413 ], [ 144.1282828, -3.8247677 ], [ 144.128254700000014, -3.824674 ], [ 144.128213100000011, -3.8245884 ], [ 144.1278134, -3.823819 ], [ 144.127679300000011, -3.8234991 ], [ 144.1275975, -3.8232784 ], [ 144.1274312, -3.8226361 ], [ 144.1274191, -3.8225531 ], [ 144.127417799999989, -3.8223644 ], [ 144.12743660000001, -3.8222774 ], [ 144.127565299999986, -3.821967 ], [ 144.1276096, -3.8218854 ], [ 144.1276538, -3.8218278 ], [ 144.1277289, -3.8217596 ], [ 144.128497399999986, -3.8212953 ], [ 144.1288568, -3.8211414 ], [ 144.1289386, -3.8211253 ], [ 144.1290043, -3.82112 ], [ 144.129253799999987, -3.821124 ], [ 144.129471, -3.821136 ], [ 144.129583700000012, -3.82114 ], [ 144.129975300000012, -3.8210999 ], [ 144.1301322, -3.8210383 ], [ 144.130299799999989, -3.8209768 ], [ 144.130408499999987, -3.8209407 ], [ 144.1307142, -3.8209005 ], [ 144.131400899999988, -3.8208697 ], [ 144.1317965, -3.8208456 ], [ 144.1319159, -3.8208202 ], [ 144.132554199999987, -3.8206075 ], [ 144.1327272, -3.820558 ], [ 144.1328345, -3.8205312 ], [ 144.1329297, -3.8205245 ], [ 144.132999500000011, -3.8205312 ], [ 144.133046400000012, -3.8205539 ], [ 144.133079900000013, -3.8205981 ], [ 144.133148299999988, -3.8208202 ], [ 144.1333482, -3.8214505 ], [ 144.133377700000011, -3.8215107 ], [ 144.1335171, -3.8217047 ], [ 144.1335614, -3.8217449 ], [ 144.1336392, -3.8217971 ], [ 144.1340281, -3.821955 ], [ 144.1341086, -3.8219603 ], [ 144.1343191, -3.8219483 ], [ 144.1344747, -3.8219269 ], [ 144.13459, -3.8219269 ], [ 144.134639600000014, -3.8219349 ], [ 144.134694599999989, -3.821955 ], [ 144.134801900000014, -3.8220152 ], [ 144.13527, -3.8223484 ], [ 144.1357166, -3.8225745 ], [ 144.135801, -3.822616 ], [ 144.1358802, -3.8226561 ], [ 144.1359352, -3.8226909 ], [ 144.1359955, -3.8227592 ], [ 144.136085400000013, -3.8228783 ], [ 144.136147099999988, -3.8229866 ], [ 144.136180599999989, -3.8230897 ], [ 144.1362409, -3.8232797 ], [ 144.1363187, -3.8235045 ], [ 144.1363925, -3.8236718 ], [ 144.1365252, -3.8238778 ], [ 144.13661780000001, -3.8239715 ], [ 144.1371019, -3.8242806 ], [ 144.1373728, -3.8244586 ], [ 144.1375861, -3.8246071 ], [ 144.138103699999988, -3.825046 ], [ 144.1388454, -3.825687 ], [ 144.139278499999989, -3.8260469 ], [ 144.1393067, -3.8261205 ], [ 144.139332200000013, -3.8263012 ], [ 144.13931740000001, -3.8269381 ], [ 144.139304, -3.8271683 ], [ 144.1393147, -3.8272673 ], [ 144.1393402, -3.8273462 ], [ 144.1394569, -3.8274707 ], [ 144.139804199999986, -3.8277517 ], [ 144.1399786, -3.8279136 ], [ 144.140120700000011, -3.8280916 ], [ 144.1406183, -3.8286803 ], [ 144.141066200000012, -3.8292182 ], [ 144.141283499999986, -3.8295555 ], [ 144.1413063, -3.8296545 ], [ 144.141323699999987, -3.8301469 ], [ 144.141325099999989, -3.8302834 ], [ 144.1413143, -3.8306059 ], [ 144.141321, -3.8306594 ], [ 144.1413532, -3.8307102 ], [ 144.1413867, -3.8307357 ], [ 144.1414283, -3.8307437 ], [ 144.141646900000012, -3.8306862 ], [ 144.141673700000013, -3.8306647 ], [ 144.1417059, -3.8305925 ], [ 144.141735399999988, -3.830539 ], [ 144.1417703, -3.8305109 ], [ 144.1418199, -3.8305082 ], [ 144.1419299, -3.8305497 ], [ 144.1423684, -3.8307557 ], [ 144.14330720000001, -3.8311973 ], [ 144.1440234, -3.8314797 ], [ 144.1440676, -3.8315051 ], [ 144.1441132, -3.8315372 ], [ 144.1443399, -3.8317526 ], [ 144.1443855, -3.8317981 ], [ 144.14446190000001, -3.8318557 ], [ 144.1448039, -3.8320256 ], [ 144.144881700000013, -3.8320363 ], [ 144.144956799999989, -3.8320296 ], [ 144.1453524, -3.8320002 ], [ 144.1459022, -3.8319212 ], [ 144.146421299999986, -3.8317834 ], [ 144.1465513, -3.8317446 ], [ 144.146649200000013, -3.8317178 ], [ 144.1467592, -3.8316857 ], [ 144.1468424, -3.831679 ], [ 144.1469282, -3.8316924 ], [ 144.147000600000013, -3.8317285 ], [ 144.1471937, -3.8318891 ], [ 144.147271499999988, -3.8319533 ], [ 144.14733050000001, -3.8319935 ], [ 144.147400299999987, -3.8320229 ], [ 144.147507499999989, -3.8320443 ], [ 144.148337700000013, -3.8319748 ], [ 144.148513400000013, -3.8319587 ], [ 144.1486301, -3.831944 ], [ 144.148709200000013, -3.8319346 ], [ 144.148762799999986, -3.8319346 ], [ 144.14882990000001, -3.8319547 ], [ 144.148871500000013, -3.8319921 ], [ 144.1488996, -3.8320564 ], [ 144.1488808, -3.8322477 ], [ 144.1488513, -3.8324899 ], [ 144.148787, -3.8327281 ], [ 144.1487803, -3.832803 ], [ 144.148787, -3.8328579 ], [ 144.148817799999989, -3.8329315 ], [ 144.1488728, -3.8329984 ], [ 144.1489492, -3.8330626 ], [ 144.1490337, -3.8331014 ], [ 144.149082, -3.8331054 ], [ 144.1491263, -3.8330881 ], [ 144.149192, -3.8329623 ], [ 144.149251, -3.8328124 ], [ 144.1492738, -3.8327522 ], [ 144.1493073, -3.8327294 ], [ 144.149350199999986, -3.8327228 ], [ 144.1494092, -3.8327335 ], [ 144.1495849, -3.8328137 ], [ 144.1497096, -3.832882 ], [ 144.14978210000001, -3.8329168 ], [ 144.1498947, -3.8329342 ], [ 144.1501079, -3.8328954 ], [ 144.1502917, -3.8328499 ], [ 144.150829499999986, -3.8326077 ], [ 144.1509153, -3.8325542 ], [ 144.1510414, -3.8324458 ], [ 144.1514383, -3.8320256 ], [ 144.151564400000012, -3.831865 ], [ 144.151638100000014, -3.8317914 ], [ 144.1517213, -3.8317326 ], [ 144.1517924, -3.8316964 ], [ 144.1520284, -3.8316309 ], [ 144.1522296, -3.831564 ], [ 144.152931, -3.8312749 ], [ 144.1530584, -3.8312334 ], [ 144.153164299999986, -3.8312174 ], [ 144.1532636, -3.831216 ], [ 144.153341399999988, -3.8312147 ], [ 144.1534835, -3.831216 ], [ 144.15361630000001, -3.8312428 ], [ 144.153669900000011, -3.8312669 ], [ 144.1537423, -3.8313044 ], [ 144.1538215, -3.8313887 ], [ 144.1539569, -3.8317299 ], [ 144.1539998, -3.8317807 ], [ 144.1541916, -3.8319145 ], [ 144.154272099999986, -3.8319333 ], [ 144.1543606, -3.831944 ], [ 144.1548166, -3.8319306 ], [ 144.1554683, -3.8319159 ], [ 144.1557352, -3.8318838 ], [ 144.1560423, -3.8317941 ], [ 144.1566606, -3.8314877 ], [ 144.157189, -3.8311933 ], [ 144.1573553, -3.8311384 ], [ 144.1574559, -3.8311184 ], [ 144.157657, -3.8310849 ], [ 144.158105, -3.8310314 ], [ 144.1583906, -3.8310113 ], [ 144.1585502, -3.8310006 ], [ 144.1586575, -3.8310086 ], [ 144.1587098, -3.83103 ], [ 144.1587433, -3.8310689 ], [ 144.1588224, -3.8315332 ], [ 144.158911, -3.832134 ], [ 144.158904299999989, -3.8322049 ], [ 144.1588801, -3.8322758 ], [ 144.158632, -3.8327268 ], [ 144.15818010000001, -3.8333905 ], [ 144.158051300000011, -3.8335082 ], [ 144.157882300000011, -3.8336394 ], [ 144.1576758, -3.8337892 ], [ 144.157517500000012, -3.8338722 ], [ 144.1574022, -3.8339337 ], [ 144.1573741, -3.8339832 ], [ 144.1574894, -3.8346055 ], [ 144.1575229, -3.8346215 ], [ 144.1575846, -3.8346282 ], [ 144.157694600000013, -3.8346135 ], [ 144.1580084, -3.8344034 ], [ 144.1585878, -3.8337865 ], [ 144.1588332, -3.833547 ], [ 144.158902899999987, -3.8335042 ], [ 144.1589713, -3.8334761 ], [ 144.159071899999986, -3.8334587 ], [ 144.1592033, -3.8334574 ], [ 144.159611, -3.8334186 ], [ 144.1597116, -3.8334038 ], [ 144.1597827, -3.8333945 ], [ 144.1598363, -3.8333998 ], [ 144.1599195, -3.8334226 ], [ 144.160029400000013, -3.8334146 ], [ 144.1601689, -3.8333824 ], [ 144.160260099999988, -3.8333356 ], [ 144.1603245, -3.8332914 ], [ 144.1603647, -3.833254 ], [ 144.1603701, -3.8332165 ], [ 144.16033920000001, -3.833155 ], [ 144.1602749, -3.833064 ], [ 144.1602708, -3.8330225 ], [ 144.1603044, -3.8329476 ], [ 144.160395599999987, -3.8328057 ], [ 144.1604881, -3.8327134 ], [ 144.1605726, -3.8326585 ], [ 144.160649, -3.8326251 ], [ 144.1607684, -3.8325501 ], [ 144.1610715, -3.8323441 ], [ 144.161610599999989, -3.8319078 ], [ 144.1618909, -3.8316737 ], [ 144.1620223, -3.8316081 ], [ 144.1621403, -3.8315559 ], [ 144.16223020000001, -3.8315292 ], [ 144.1623174, -3.8314997 ], [ 144.1623844, -3.8314783 ], [ 144.162486300000012, -3.8314716 ], [ 144.16257490000001, -3.831485 ], [ 144.162658, -3.8315412 ], [ 144.162710299999986, -3.8316202 ], [ 144.16278410000001, -3.831762 ], [ 144.1628256, -3.8318021 ], [ 144.1628967, -3.8318396 ], [ 144.1629504, -3.8318557 ], [ 144.162996, -3.8318557 ], [ 144.1631944, -3.8318276 ], [ 144.1635324, -3.8318021 ], [ 144.163620900000012, -3.8317954 ], [ 144.1637041, -3.8317995 ], [ 144.163816700000012, -3.8318088 ], [ 144.1641775, -3.831853 ], [ 144.1643263, -3.8318771 ], [ 144.164439, -3.8319119 ], [ 144.164549, -3.831964 ], [ 144.1646536, -3.832043 ], [ 144.1648145, -3.8321915 ], [ 144.1652852, -3.8326425 ], [ 144.1654073, -3.8327455 ], [ 144.165511900000013, -3.8328231 ], [ 144.165595, -3.8328726 ], [ 144.1657305, -3.8329101 ], [ 144.1659316, -3.8329435 ], [ 144.1660483, -3.8329649 ], [ 144.166152899999986, -3.8329984 ], [ 144.1662589, -3.8330533 ], [ 144.166334, -3.8331255 ], [ 144.166368799999987, -3.8331951 ], [ 144.166383599999989, -3.8332741 ], [ 144.1663595, -3.8333369 ], [ 144.1663139, -3.8334052 ], [ 144.166228, -3.8335082 ], [ 144.166147599999988, -3.8335952 ], [ 144.1658847, -3.8338842 ], [ 144.16585520000001, -3.8339404 ], [ 144.1657975, -3.8340716 ], [ 144.1657506, -3.834279 ], [ 144.1657399, -3.8343646 ], [ 144.1657385, -3.8344944 ], [ 144.1657399, -3.8346001 ], [ 144.1657466, -3.8347593 ], [ 144.1657519, -3.8350189 ], [ 144.1657788, -3.8352825 ], [ 144.1657908, -3.8354458 ], [ 144.165788099999986, -3.8358151 ], [ 144.165774699999986, -3.8359262 ], [ 144.165747900000014, -3.8360399 ], [ 144.1656956, -3.8362232 ], [ 144.1656487, -3.8364467 ], [ 144.165607099999988, -3.8366782 ], [ 144.1655964, -3.8367892 ], [ 144.1655897, -3.8369806 ], [ 144.1655534, -3.8372148 ], [ 144.1655226, -3.8373272 ], [ 144.1654797, -3.8374503 ], [ 144.165355, -3.8377808 ], [ 144.165262399999989, -3.8380471 ], [ 144.165187300000014, -3.8384003 ], [ 144.1651042, -3.8387562 ], [ 144.1650639, -3.8390426 ], [ 144.165059899999989, -3.839341 ], [ 144.165086699999989, -3.8395444 ], [ 144.1651216, -3.8397317 ], [ 144.1651618, -3.8398562 ], [ 144.1652115, -3.8399538 ], [ 144.1652544, -3.8399793 ], [ 144.1655964, -3.8400448 ], [ 144.1656245, -3.8400328 ], [ 144.16565, -3.8398388 ], [ 144.165721100000013, -3.8391885 ], [ 144.1657922, -3.8386987 ], [ 144.1658284, -3.8385823 ], [ 144.1658592, -3.838502 ], [ 144.165983899999986, -3.8382638 ], [ 144.166224, -3.8378102 ], [ 144.166287, -3.8376617 ], [ 144.1663045, -3.8375948 ], [ 144.166321900000014, -3.8374717 ], [ 144.1662978, -3.837101 ], [ 144.1663031, -3.8368829 ], [ 144.1663179, -3.8367611 ], [ 144.1663916, -3.8364574 ], [ 144.1664506, -3.8362888 ], [ 144.1665217, -3.8361269 ], [ 144.1665807, -3.8360292 ], [ 144.1669455, -3.8357321 ], [ 144.167126599999989, -3.8355582 ], [ 144.167207, -3.8354645 ], [ 144.167300899999987, -3.8353535 ], [ 144.1673626, -3.8352959 ], [ 144.167431, -3.8352585 ], [ 144.167536899999988, -3.8352304 ], [ 144.1677918, -3.8352103 ], [ 144.168043899999986, -3.8351942 ], [ 144.1681351, -3.8351982 ], [ 144.168326799999988, -3.8352237 ], [ 144.168482399999988, -3.8352558 ], [ 144.16855480000001, -3.8352852 ], [ 144.1686206, -3.8353254 ], [ 144.168664799999988, -3.8353695 ], [ 144.1686957, -3.8354391 ], [ 144.1687144, -3.8355007 ], [ 144.168756, -3.8356585 ], [ 144.1687815, -3.8357147 ], [ 144.1688311, -3.8357723 ], [ 144.169258899999988, -3.8361951 ], [ 144.1696492, -3.8364935 ], [ 144.1697256, -3.836523 ], [ 144.1698182, -3.8365216 ], [ 144.1699576, -3.8364079 ], [ 144.1702741, -3.8361831 ], [ 144.1704297, -3.8360533 ], [ 144.170500800000013, -3.8359476 ], [ 144.170547699999986, -3.835874 ], [ 144.1705947, -3.8358285 ], [ 144.1706859, -3.835779 ], [ 144.1707744, -3.8357656 ], [ 144.1710573, -3.8358071 ], [ 144.1711928, -3.8358445 ], [ 144.1714986, -3.8360051 ], [ 144.1715777, -3.8360693 ], [ 144.171635400000014, -3.8361496 ], [ 144.171655500000014, -3.8362072 ], [ 144.171660800000012, -3.8362848 ], [ 144.1716595, -3.8363945 ], [ 144.1716595, -3.8364681 ], [ 144.171685, -3.8365377 ], [ 144.1717185, -3.8365738 ], [ 144.1717748, -3.8366099 ], [ 144.1718875, -3.8366795 ], [ 144.1721155, -3.8367959 ], [ 144.1724548, -3.8370154 ], [ 144.1725406, -3.8370917 ], [ 144.1726372, -3.8372107 ], [ 144.1728826, -3.8376684 ], [ 144.1732326, -3.8382304 ], [ 144.1735075, -3.8387067 ], [ 144.1736484, -3.8390359 ], [ 144.173707400000012, -3.8392219 ], [ 144.17373280000001, -3.839353 ], [ 144.1737355, -3.8394199 ], [ 144.1737288, -3.8395096 ], [ 144.1736859, -3.8397719 ], [ 144.1736309, -3.8401198 ], [ 144.1735961, -3.8402964 ], [ 144.1734137, -3.8410136 ], [ 144.1732916, -3.841597 ], [ 144.173282199999989, -3.8416974 ], [ 144.173302400000011, -3.8417295 ], [ 144.1733386, -3.8417482 ], [ 144.1738187, -3.8417522 ], [ 144.1738522, -3.8417415 ], [ 144.1739514, -3.8416492 ], [ 144.1740064, -3.8416117 ], [ 144.1740869, -3.8415676 ], [ 144.1742036, -3.8415422 ], [ 144.174306800000011, -3.8415381 ], [ 144.1744678, -3.841581 ], [ 144.1748728, -3.8417001 ], [ 144.175318, -3.8417991 ], [ 144.175711, -3.8419422 ], [ 144.1758384, -3.8420038 ], [ 144.1759188, -3.8420667 ], [ 144.1759846, -3.8421376 ], [ 144.176008700000011, -3.8422058 ], [ 144.176035500000012, -3.8422835 ], [ 144.1761294, -3.8427237 ], [ 144.1762622, -3.8431546 ], [ 144.1763695, -3.8434195 ], [ 144.1764083, -3.8435091 ], [ 144.176455299999986, -3.843572 ], [ 144.176525, -3.8436376 ], [ 144.176584, -3.8436563 ], [ 144.176840199999987, -3.8436737 ], [ 144.1768683, -3.8436711 ], [ 144.1772157, -3.8435587 ], [ 144.1775134, -3.8434396 ], [ 144.1776448, -3.8433713 ], [ 144.1777334, -3.8433272 ], [ 144.1778098, -3.8433098 ], [ 144.1778715, -3.8433098 ], [ 144.177974799999987, -3.8433593 ], [ 144.1781397, -3.8434904 ], [ 144.1782269, -3.8436108 ], [ 144.178284600000012, -3.8437594 ], [ 144.1783757, -3.8441528 ], [ 144.178393199999988, -3.8443896 ], [ 144.178379799999988, -3.844506 ], [ 144.178344900000013, -3.8446265 ], [ 144.1782457, -3.8449289 ], [ 144.178244299999989, -3.8450051 ], [ 144.1782524, -3.8450975 ], [ 144.178277799999989, -3.8451804 ], [ 144.1784374, -3.845543 ], [ 144.178487100000012, -3.8456421 ], [ 144.1785796, -3.8457598 ], [ 144.178766, -3.8459699 ], [ 144.1788451, -3.8460221 ], [ 144.17905970000001, -3.8461037 ], [ 144.179141499999986, -3.8461184 ], [ 144.1792528, -3.8461211 ], [ 144.1794017, -3.8460983 ], [ 144.1794768, -3.846089 ], [ 144.179541199999989, -3.8460917 ], [ 144.1796042, -3.8461104 ], [ 144.17969, -3.8461519 ], [ 144.1801098, -3.8464101 ], [ 144.1801983, -3.8464489 ], [ 144.180319, -3.8464864 ], [ 144.1804075, -3.8464904 ], [ 144.180674399999987, -3.8464556 ], [ 144.181126400000011, -3.8464008 ], [ 144.1813114, -3.8463686 ], [ 144.1814201, -3.8463619 ], [ 144.1815166, -3.8463767 ], [ 144.1816212, -3.8464302 ], [ 144.1817312, -3.8465198 ], [ 144.181807600000013, -3.8466015 ], [ 144.1818707, -3.8466764 ], [ 144.1819203, -3.8467272 ], [ 144.1819793, -3.846762 ], [ 144.1820665, -3.8467995 ], [ 144.1821469, -3.8468129 ], [ 144.1822167, -3.8467848 ], [ 144.182387, -3.8464757 ], [ 144.18248220000001, -3.8462348 ], [ 144.1825519, -3.8460689 ], [ 144.182584100000014, -3.8460274 ], [ 144.182639099999989, -3.8460181 ], [ 144.182682, -3.8460221 ], [ 144.182739700000013, -3.8460194 ], [ 144.1828175, -3.8459766 ], [ 144.182861699999989, -3.8459297 ], [ 144.1828711, -3.8458642 ], [ 144.1828309, -3.8457946 ], [ 144.1828161, -3.8457264 ], [ 144.1828175, -3.8456661 ], [ 144.1828497, -3.8456153 ], [ 144.1829516, -3.8455417 ], [ 144.1830656, -3.8455029 ], [ 144.1831809, -3.8454815 ], [ 144.183313700000014, -3.8454694 ], [ 144.1834009, -3.8454694 ], [ 144.183496100000013, -3.8454735 ], [ 144.18360340000001, -3.8454547 ], [ 144.1836959, -3.8454173 ], [ 144.1838247, -3.8453477 ], [ 144.183907799999986, -3.8452848 ], [ 144.1839775, -3.8452085 ], [ 144.183991, -3.8451684 ], [ 144.183942699999989, -3.8450653 ], [ 144.183872900000011, -3.8449355 ], [ 144.1838045, -3.8448312 ], [ 144.1836222, -3.8446746 ], [ 144.183476, -3.844589 ], [ 144.1831554, -3.8444418 ], [ 144.1825412, -3.8441916 ], [ 144.1824688, -3.8441568 ], [ 144.182429899999988, -3.8441314 ], [ 144.1823857, -3.8440645 ], [ 144.1823226, -3.8439561 ], [ 144.18228640000001, -3.8438811 ], [ 144.1822663, -3.8438236 ], [ 144.1822422, -3.8437754 ], [ 144.182212600000014, -3.843746 ], [ 144.1820142, -3.8436871 ], [ 144.1819592, -3.8436844 ], [ 144.1818948, -3.8436898 ], [ 144.181817, -3.8437072 ], [ 144.181747300000012, -3.8437326 ], [ 144.1816896, -3.8437339 ], [ 144.1816507, -3.8437232 ], [ 144.181625200000013, -3.8436951 ], [ 144.1816145, -3.843647 ], [ 144.181632, -3.8435881 ], [ 144.1817352, -3.8433927 ], [ 144.1818465, -3.8431853 ], [ 144.1820195, -3.8428896 ], [ 144.182152300000013, -3.8426354 ], [ 144.1821966, -3.8425283 ], [ 144.1822113, -3.842436 ], [ 144.182205900000014, -3.842147 ], [ 144.182173799999987, -3.8416974 ], [ 144.1821617, -3.8410524 ], [ 144.1821067, -3.8406376 ], [ 144.1820544, -3.8403285 ], [ 144.1820075, -3.8400475 ], [ 144.1820075, -3.8399913 ], [ 144.1820276, -3.8398963 ], [ 144.1820531, -3.8398348 ], [ 144.1821778, -3.8395805 ], [ 144.182369599999987, -3.8391416 ], [ 144.182483600000012, -3.8388245 ], [ 144.1824916, -3.8387469 ], [ 144.1824943, -3.8386719 ], [ 144.1824661, -3.8384124 ], [ 144.1824393, -3.8382732 ], [ 144.1824178, -3.8381862 ], [ 144.1823669, -3.8380778 ], [ 144.18229310000001, -3.8379226 ], [ 144.182058399999988, -3.837465 ], [ 144.1820329, -3.8373793 ], [ 144.1820128, -3.8372536 ], [ 144.1819176, -3.8367826 ], [ 144.181849199999988, -3.8363356 ], [ 144.1818519, -3.8362058 ], [ 144.1818747, -3.8361055 ], [ 144.1819739, -3.8357696 ], [ 144.1819873, -3.8356947 ], [ 144.181996700000013, -3.835609 ], [ 144.1820008, -3.8354056 ], [ 144.182003400000013, -3.8353655 ], [ 144.1820195, -3.8353053 ], [ 144.182092, -3.8351461 ], [ 144.1821644, -3.8350029 ], [ 144.1821952, -3.8349279 ], [ 144.1821952, -3.8348945 ], [ 144.1821818, -3.8348811 ], [ 144.182152300000013, -3.8348784 ], [ 144.182105400000012, -3.8348985 ], [ 144.1819243, -3.8349574 ], [ 144.1818345, -3.8349908 ], [ 144.1817728, -3.8350056 ], [ 144.18174590000001, -3.8349949 ], [ 144.1817285, -3.8349534 ], [ 144.1817218, -3.8349159 ], [ 144.181727200000012, -3.8348771 ], [ 144.1818184, -3.8346924 ], [ 144.1818921, -3.8345747 ], [ 144.182287800000012, -3.8340997 ], [ 144.182726300000013, -3.8335443 ], [ 144.1832547, -3.832799 ], [ 144.1834867, -3.8323601 ], [ 144.1837482, -3.8317807 ], [ 144.1838998, -3.8314261 ], [ 144.1839534, -3.8313218 ], [ 144.1840111, -3.8312401 ], [ 144.1842069, -3.8310354 ], [ 144.1843021, -3.8309498 ], [ 144.1846012, -3.8306969 ], [ 144.1846333, -3.8306661 ], [ 144.1846682, -3.8306126 ], [ 144.184691, -3.830464 ], [ 144.1847031, -3.8302071 ], [ 144.184724499999987, -3.8301322 ], [ 144.1847701, -3.8300439 ], [ 144.1848345, -3.8299796 ], [ 144.1849686, -3.8298967 ], [ 144.1852824, -3.8296759 ], [ 144.1853374, -3.8296157 ], [ 144.1853937, -3.829526 ], [ 144.185454099999987, -3.8294551 ], [ 144.1855265, -3.8294016 ], [ 144.185609699999986, -3.8293681 ], [ 144.185730400000011, -3.8293427 ], [ 144.1860455, -3.8293106 ], [ 144.1861193, -3.8293146 ], [ 144.1861783, -3.8293373 ], [ 144.1862346, -3.8293802 ], [ 144.1862762, -3.829431 ], [ 144.186344600000012, -3.8295648 ], [ 144.1865391, -3.8299114 ], [ 144.1865914, -3.8299743 ], [ 144.1867858, -3.8301536 ], [ 144.1868475, -3.8302285 ], [ 144.1870755, -3.8305296 ], [ 144.1871117, -3.8305751 ], [ 144.187127800000013, -3.8306032 ], [ 144.1871385, -3.830654 ], [ 144.1871358, -3.830729 ], [ 144.1871157, -3.8307852 ], [ 144.1870125, -3.8308708 ], [ 144.186898500000012, -3.8309404 ], [ 144.1867349, -3.8310367 ], [ 144.186595399999987, -3.8311143 ], [ 144.1864841, -3.8311839 ], [ 144.1863969, -3.8312482 ], [ 144.186386199999987, -3.831291 ], [ 144.186468, -3.8315466 ], [ 144.1864948, -3.8315626 ], [ 144.1865417, -3.831576 ], [ 144.186637, -3.8315854 ], [ 144.186992299999986, -3.8314823 ], [ 144.18762670000001, -3.8312829 ], [ 144.1877407, -3.8312201 ], [ 144.1878064, -3.8311625 ], [ 144.1879874, -3.8309284 ], [ 144.1880827, -3.8307705 ], [ 144.1882168, -3.8305711 ], [ 144.1882999, -3.8304801 ], [ 144.1884354, -3.830377 ], [ 144.1889222, -3.8301268 ], [ 144.189449200000013, -3.8298699 ], [ 144.1895324, -3.8298324 ], [ 144.1896008, -3.8298017 ], [ 144.1896705, -3.8297896 ], [ 144.1897148, -3.8298003 ], [ 144.1897979, -3.8298686 ], [ 144.189863699999989, -3.8299288 ], [ 144.1899119, -3.8299448 ], [ 144.189983, -3.8299248 ], [ 144.190262, -3.829696 ], [ 144.190447, -3.8295086 ], [ 144.190625399999988, -3.8293159 ], [ 144.1907018, -3.8292303 ], [ 144.1907823, -3.8291781 ], [ 144.1908467, -3.8291473 ], [ 144.1909379, -3.8291406 ], [ 144.190995500000014, -3.8291647 ], [ 144.1912289, -3.8292771 ], [ 144.191363, -3.8293494 ], [ 144.1914435, -3.829419 ], [ 144.191494400000011, -3.8294859 ], [ 144.191529300000013, -3.8295795 ], [ 144.191564199999988, -3.8297227 ], [ 144.19164330000001, -3.8300345 ], [ 144.1916862, -3.8301924 ], [ 144.1917171, -3.8302165 ], [ 144.1922669, -3.8302339 ], [ 144.1923232, -3.8302125 ], [ 144.192393, -3.8301108 ], [ 144.1924922, -3.8299301 ], [ 144.192507, -3.8298472 ], [ 144.192452, -3.8295474 ], [ 144.1924225, -3.8295274 ], [ 144.192374199999989, -3.8295166 ], [ 144.1923045, -3.8295367 ], [ 144.192250800000011, -3.8295314 ], [ 144.1922025, -3.8295233 ], [ 144.192136799999986, -3.8294765 ], [ 144.1921154, -3.8294364 ], [ 144.192118, -3.8293761 ], [ 144.192232, -3.8291835 ], [ 144.1922817, -3.829043 ], [ 144.1922964, -3.828861 ], [ 144.192284300000011, -3.8287352 ], [ 144.1922683, -3.8286669 ], [ 144.1922428, -3.828592 ], [ 144.192169, -3.828501 ], [ 144.1919115, -3.8282441 ], [ 144.1915119, -3.827856 ], [ 144.1914515, -3.8278159 ], [ 144.1909124, -3.8275376 ], [ 144.190396099999987, -3.8272726 ], [ 144.1903518, -3.8272378 ], [ 144.1903263, -3.8271883 ], [ 144.1903196, -3.8271388 ], [ 144.1903196, -3.8270505 ], [ 144.190333, -3.8269047 ], [ 144.1903558, -3.8268257 ], [ 144.1904108, -3.8267213 ], [ 144.190496700000011, -3.826633 ], [ 144.1908091, -3.8263855 ], [ 144.1909647, -3.8262209 ], [ 144.1910116, -3.8261473 ], [ 144.191184600000014, -3.8257619 ], [ 144.1912007, -3.8257044 ], [ 144.1912115, -3.8256241 ], [ 144.1911873, -3.8253779 ], [ 144.1912074, -3.8252521 ], [ 144.191249, -3.8251169 ], [ 144.1912772, -3.8250366 ], [ 144.191304, -3.8249911 ], [ 144.1913711, -3.8249068 ], [ 144.1914649, -3.8248399 ], [ 144.1916822, -3.824678 ], [ 144.1917305, -3.8246272 ], [ 144.1918096, -3.8245041 ], [ 144.1919531, -3.8241629 ], [ 144.1921154, -3.8238016 ], [ 144.192173, -3.8236356 ], [ 144.1921945, -3.823562 ], [ 144.1922146, -3.8235299 ], [ 144.192245500000013, -3.8235032 ], [ 144.1922937, -3.8234884 ], [ 144.1923554, -3.8234858 ], [ 144.192670600000014, -3.8234898 ], [ 144.192765799999989, -3.8234804 ], [ 144.1928919, -3.8234483 ], [ 144.1931212, -3.8233386 ], [ 144.1934967, -3.8230509 ], [ 144.193663, -3.8229331 ], [ 144.1939379, -3.8227565 ], [ 144.1941766, -3.822624 ], [ 144.194258499999989, -3.8225973 ], [ 144.1943255, -3.8225959 ], [ 144.1944019, -3.822612 ], [ 144.1945307, -3.8226735 ], [ 144.1946729, -3.822798 ], [ 144.194807, -3.8229144 ], [ 144.1948834, -3.8229585 ], [ 144.1950256, -3.8230228 ], [ 144.1954105, -3.823166 ], [ 144.195525800000013, -3.8232021 ], [ 144.1956331, -3.8232048 ], [ 144.1957511, -3.8231807 ], [ 144.195924100000013, -3.8231205 ], [ 144.1960287, -3.8230964 ], [ 144.196119900000014, -3.8230937 ], [ 144.1961937, -3.823099 ], [ 144.196268800000013, -3.8231111 ], [ 144.1963519, -3.8231138 ], [ 144.196862900000013, -3.8230081 ], [ 144.1968951, -3.8229893 ], [ 144.196903099999986, -3.8229264 ], [ 144.1968951, -3.8228502 ], [ 144.196869600000014, -3.8228033 ], [ 144.1967717, -3.822703 ], [ 144.1967261, -3.8226682 ], [ 144.19659870000001, -3.8226053 ], [ 144.196526299999988, -3.8225571 ], [ 144.196427, -3.8224634 ], [ 144.19636, -3.8223912 ], [ 144.196309, -3.8223109 ], [ 144.1962862, -3.8222507 ], [ 144.1962714, -3.8221784 ], [ 144.1962714, -3.8221276 ], [ 144.1962969, -3.821979 ], [ 144.1964149, -3.8214706 ], [ 144.1965008, -3.8212498 ], [ 144.1965491, -3.8211614 ], [ 144.1966027, -3.8210718 ], [ 144.1968186, -3.8207921 ], [ 144.19719280000001, -3.8202783 ], [ 144.197266500000012, -3.820202 ], [ 144.1973497, -3.8201244 ], [ 144.1976434, -3.8198702 ], [ 144.1980538, -3.8195584 ], [ 144.1987619, -3.8189937 ], [ 144.1989791, -3.8188104 ], [ 144.1990596, -3.8187501 ], [ 144.1992152, -3.8186672 ], [ 144.1992769, -3.8186418 ], [ 144.19932510000001, -3.8186297 ], [ 144.199415, -3.818623 ], [ 144.1994807, -3.8186123 ], [ 144.1995732, -3.8185735 ], [ 144.1996336, -3.818512 ], [ 144.1997127, -3.8183246 ], [ 144.1998549, -3.8180744 ], [ 144.1999286, -3.8179794 ], [ 144.2000078, -3.8178964 ], [ 144.2001526, -3.8177934 ], [ 144.2002425, -3.8177506 ], [ 144.200449, -3.8176569 ], [ 144.200516, -3.8176127 ], [ 144.2005536, -3.8175659 ], [ 144.200650200000013, -3.817396 ], [ 144.2008218, -3.8170922 ], [ 144.2011249, -3.8166145 ], [ 144.2011665, -3.8165556 ], [ 144.2012349, -3.816474 ], [ 144.201508499999989, -3.8161689 ], [ 144.2018746, -3.8157956 ], [ 144.201972500000011, -3.8156403 ], [ 144.2019899, -3.8155373 ], [ 144.2019966, -3.8154128 ], [ 144.202014100000014, -3.8153098 ], [ 144.2020503, -3.8152282 ], [ 144.2021039, -3.8151546 ], [ 144.2023145, -3.814978 ], [ 144.202572, -3.8147839 ], [ 144.202857599999987, -3.8145538 ], [ 144.2030494, -3.8144039 ], [ 144.203133900000012, -3.8143236 ], [ 144.203194200000013, -3.8142821 ], [ 144.2032439, -3.8142687 ], [ 144.20332830000001, -3.8142687 ], [ 144.2034169, -3.8142968 ], [ 144.2039412, -3.8145404 ], [ 144.2047164, -3.8149097 ], [ 144.2056122, -3.8153004 ], [ 144.206154, -3.815552 ], [ 144.206679799999989, -3.8157969 ], [ 144.2073919, -3.8161114 ], [ 144.2083213, -3.81649 ], [ 144.2090575, -3.8168232 ], [ 144.2091326, -3.8168821 ], [ 144.2091916, -3.8169383 ], [ 144.2094089, -3.8171538 ], [ 144.2094827, -3.8172568 ], [ 144.2095081, -3.8173291 ], [ 144.2096034, -3.8176275 ], [ 144.2096315, -3.817677 ], [ 144.209689200000014, -3.8177532 ], [ 144.2097522, -3.8178228 ], [ 144.20980320000001, -3.8179031 ], [ 144.209834, -3.8179794 ], [ 144.2099212, -3.8182537 ], [ 144.2100486, -3.8186498 ], [ 144.210087499999986, -3.8188224 ], [ 144.210114299999987, -3.818987 ], [ 144.2102095, -3.8197136 ], [ 144.2102444, -3.8202622 ], [ 144.210235, -3.8203425 ], [ 144.2102095, -3.8204108 ], [ 144.2101693, -3.8205018 ], [ 144.21014790000001, -3.8206142 ], [ 144.2101572, -3.8207051 ], [ 144.2101774, -3.820756 ], [ 144.2102002, -3.8207868 ], [ 144.210269899999986, -3.820847 ], [ 144.2103007, -3.8208992 ], [ 144.210323499999987, -3.8209862 ], [ 144.210330199999987, -3.8210986 ], [ 144.210323499999987, -3.8212979 ], [ 144.210229700000014, -3.8219376 ], [ 144.2101867, -3.8224139 ], [ 144.2101733, -3.8227471 ], [ 144.2101572, -3.8228849 ], [ 144.210067400000014, -3.8234751 ], [ 144.2099628, -3.8239099 ], [ 144.2098273, -3.8243127 ], [ 144.20979650000001, -3.8244077 ], [ 144.209777699999989, -3.8245067 ], [ 144.209764299999989, -3.8247382 ], [ 144.2097589, -3.8248841 ], [ 144.2097254, -3.8250433 ], [ 144.209682500000014, -3.8252106 ], [ 144.2096315, -3.8253658 ], [ 144.2095859, -3.8254568 ], [ 144.209459900000013, -3.8256482 ], [ 144.209374, -3.8257365 ], [ 144.2091943, -3.8258609 ], [ 144.2090964, -3.8259238 ], [ 144.20903340000001, -3.8259947 ], [ 144.2090093, -3.8260536 ], [ 144.2089798, -3.8261633 ], [ 144.2089784, -3.8262436 ], [ 144.2089932, -3.8263721 ], [ 144.2090186, -3.8266839 ], [ 144.2090026, -3.8267976 ], [ 144.2089784, -3.8268993 ], [ 144.2089489, -3.8270077 ], [ 144.2088564, -3.8273302 ], [ 144.208805399999989, -3.8275148 ], [ 144.208785299999988, -3.8276192 ], [ 144.208737, -3.8279497 ], [ 144.208710200000013, -3.8281544 ], [ 144.208682, -3.8282561 ], [ 144.2086351, -3.8283846 ], [ 144.208454, -3.8288315 ], [ 144.208222, -3.8293695 ], [ 144.208015499999988, -3.8297334 ], [ 144.2079726, -3.8297896 ], [ 144.2079176, -3.8298191 ], [ 144.2078626, -3.8298217 ], [ 144.2077768, -3.8298204 ], [ 144.2076923, -3.8297923 ], [ 144.2075877, -3.8297348 ], [ 144.2075045, -3.8296759 ], [ 144.2074308, -3.8296505 ], [ 144.2073758, -3.8296505 ], [ 144.2070848, -3.8298284 ], [ 144.207066, -3.8298672 ], [ 144.207062, -3.8299074 ], [ 144.207163900000012, -3.8300225 ], [ 144.207421399999987, -3.8303449 ], [ 144.2074522, -3.8303864 ], [ 144.2074831, -3.8304734 ], [ 144.2074992, -3.8306567 ], [ 144.2075112, -3.8309431 ], [ 144.2075059, -3.8313351 ], [ 144.2075072, -3.8317205 ], [ 144.2075112, -3.8318249 ], [ 144.2075595, -3.8325796 ], [ 144.2075475, -3.8327254 ], [ 144.2074697, -3.8331416 ], [ 144.2073852, -3.8335885 ], [ 144.2073423, -3.8337558 ], [ 144.207272499999988, -3.8340194 ], [ 144.2072444, -3.8340997 ], [ 144.20718, -3.8341973 ], [ 144.2071022, -3.8342495 ], [ 144.2069319, -3.8343352 ], [ 144.2067951, -3.834382 ], [ 144.2062037, -3.8345533 ], [ 144.206111099999987, -3.8345988 ], [ 144.206030700000014, -3.8346563 ], [ 144.205851, -3.8347834 ], [ 144.205624300000011, -3.834944 ], [ 144.2054164, -3.8350591 ], [ 144.2051898, -3.8351648 ], [ 144.205167, -3.8352143 ], [ 144.2051496, -3.8352678 ], [ 144.2051496, -3.8353321 ], [ 144.20518580000001, -3.835518 ], [ 144.205218, -3.8355515 ], [ 144.205272900000011, -3.8355542 ], [ 144.2053923, -3.8355381 ], [ 144.2055988, -3.8355207 ], [ 144.2056753, -3.8355301 ], [ 144.20577320000001, -3.8355475 ], [ 144.2058724, -3.8355796 ], [ 144.205923399999989, -3.835605 ], [ 144.2059904, -3.8356412 ], [ 144.206084299999986, -3.8356652 ], [ 144.206184900000011, -3.8356626 ], [ 144.206268, -3.8356425 ], [ 144.206308299999989, -3.8356131 ], [ 144.206315, -3.8355354 ], [ 144.2062962, -3.8352839 ], [ 144.2063056, -3.8352143 ], [ 144.206320299999987, -3.8351742 ], [ 144.2063512, -3.8351327 ], [ 144.2064062, -3.8350939 ], [ 144.2065282, -3.8350511 ], [ 144.206956, -3.8349373 ], [ 144.2074496, -3.8348276 ], [ 144.2078894, -3.8347299 ], [ 144.207982, -3.8347312 ], [ 144.208109400000012, -3.8347393 ], [ 144.208214, -3.8347727 ], [ 144.2083333, -3.8348436 ], [ 144.2084259, -3.8349253 ], [ 144.2085372, -3.8350658 ], [ 144.2086418, -3.8352504 ], [ 144.2087089, -3.8354498 ], [ 144.2087625, -3.8356131 ], [ 144.2087974, -3.8357736 ], [ 144.208859100000012, -3.8361322 ], [ 144.2090052, -3.8367999 ], [ 144.2091608, -3.837465 ], [ 144.2092453, -3.8378276 ], [ 144.2094129, -3.8383909 ], [ 144.2095846, -3.8389262 ], [ 144.2096919, -3.8391911 ], [ 144.2099373, -3.8395819 ], [ 144.210059300000012, -3.8398053 ], [ 144.210377200000011, -3.8406269 ], [ 144.2104161, -3.8407513 ], [ 144.2104483, -3.8408932 ], [ 144.210520699999989, -3.8411862 ], [ 144.2105609, -3.8413093 ], [ 144.2105971, -3.8413923 ], [ 144.2106454, -3.8414953 ], [ 144.2106655, -3.8415716 ], [ 144.2106628, -3.8416265 ], [ 144.21064, -3.8416786 ], [ 144.210577, -3.841767 ], [ 144.2104429, -3.8419623 ], [ 144.2104362, -3.8420092 ], [ 144.210450900000012, -3.8420801 ], [ 144.2104912, -3.8421818 ], [ 144.2105623, -3.8424025 ], [ 144.2107715, -3.8430074 ], [ 144.210957900000011, -3.8436082 ], [ 144.211159, -3.8440604 ], [ 144.2112127, -3.8441969 ], [ 144.2114018, -3.8446385 ], [ 144.21143, -3.8447723 ], [ 144.21143, -3.8448539 ], [ 144.2114139, -3.8448954 ], [ 144.2113709, -3.8449489 ], [ 144.2112918, -3.8451108 ], [ 144.2112878, -3.845159 ], [ 144.2113012, -3.8451992 ], [ 144.2114219, -3.8454146 ], [ 144.2115399, -3.8456554 ], [ 144.211585500000012, -3.8457652 ], [ 144.211653899999988, -3.845998 ], [ 144.211781300000013, -3.8463673 ], [ 144.211923500000012, -3.8469092 ], [ 144.2119463, -3.8470082 ], [ 144.2119396, -3.8470899 ], [ 144.2119074, -3.8471594 ], [ 144.2118417, -3.8472317 ], [ 144.2118175, -3.8472892 ], [ 144.211808100000013, -3.8473655 ], [ 144.211809499999987, -3.847403 ], [ 144.2118846, -3.8475582 ], [ 144.211903400000011, -3.8476211 ], [ 144.211923500000012, -3.8476773 ], [ 144.2119382, -3.8477817 ], [ 144.2119409, -3.8478807 ], [ 144.211936900000012, -3.8484092 ], [ 144.211957, -3.8491518 ], [ 144.211943600000012, -3.8492937 ], [ 144.2119382, -3.8494114 ], [ 144.211957, -3.8494783 ], [ 144.2119959, -3.8495399 ], [ 144.2120536, -3.8495974 ], [ 144.2121474, -3.849667 ], [ 144.2122306, -3.8497526 ], [ 144.2123164, -3.8498771 ], [ 144.212413, -3.8501313 ], [ 144.212477400000012, -3.8503682 ], [ 144.2124948, -3.85051 ], [ 144.2125055, -3.8506518 ], [ 144.212497500000012, -3.8507375 ], [ 144.212470599999989, -3.8507897 ], [ 144.212421, -3.8508124 ], [ 144.212159500000013, -3.8508178 ], [ 144.2119557, -3.8508151 ], [ 144.211796099999987, -3.8508365 ], [ 144.211647199999987, -3.8508552 ], [ 144.211552, -3.8508847 ], [ 144.2115305, -3.8509168 ], [ 144.211580199999986, -3.8512259 ], [ 144.211603, -3.8512433 ], [ 144.2116593, -3.8512473 ], [ 144.211761200000012, -3.85125 ], [ 144.2118551, -3.8512566 ], [ 144.211949, -3.8512781 ], [ 144.2120241, -3.8513169 ], [ 144.2122494, -3.8514921 ], [ 144.2123499, -3.8515845 ], [ 144.2124599, -3.8517076 ], [ 144.2125122, -3.8517825 ], [ 144.212592699999988, -3.8519163 ], [ 144.212842099999989, -3.8523325 ], [ 144.2129132, -3.852382 ], [ 144.2131774, -3.852477 ], [ 144.2136066, -3.8526161 ], [ 144.2137715, -3.8526683 ], [ 144.2138721, -3.8527258 ], [ 144.2139901, -3.8528302 ], [ 144.214062500000011, -3.8529239 ], [ 144.2142087, -3.8531433 ], [ 144.2142838, -3.8532209 ], [ 144.214348199999989, -3.8532865 ], [ 144.214462200000014, -3.8533668 ], [ 144.2145775, -3.8534297 ], [ 144.214656600000012, -3.8534631 ], [ 144.2147626, -3.8535207 ], [ 144.2149986, -3.8537334 ], [ 144.215183700000011, -3.853898 ], [ 144.215273599999989, -3.8540184 ], [ 144.215339300000011, -3.8541174 ], [ 144.2153782, -3.8542151 ], [ 144.215413, -3.8543529 ], [ 144.2154519, -3.854464 ], [ 144.2154855, -3.8545322 ], [ 144.2155391, -3.8545965 ], [ 144.2158087, -3.8548587 ], [ 144.2161319, -3.8551357 ], [ 144.2165248, -3.8554716 ], [ 144.2169969, -3.8557914 ], [ 144.217655400000012, -3.8561031 ], [ 144.2177868, -3.8561513 ], [ 144.2179222, -3.8561727 ], [ 144.218175699999989, -3.8561634 ], [ 144.2185096, -3.856146 ], [ 144.2186156, -3.8561513 ], [ 144.2187135, -3.85617 ], [ 144.2190287, -3.856253 ], [ 144.2194203, -3.856356 ], [ 144.2199486, -3.8564564 ], [ 144.2203403, -3.8565086 ], [ 144.220565599999986, -3.8565527 ], [ 144.220679600000011, -3.8565608 ], [ 144.2208177, -3.8565634 ], [ 144.2210671, -3.8565313 ], [ 144.2212012, -3.8565072 ], [ 144.221320600000013, -3.8564765 ], [ 144.2214346, -3.8564564 ], [ 144.2215124, -3.8564551 ], [ 144.2216197, -3.8564818 ], [ 144.2216934, -3.8565286 ], [ 144.221745700000014, -3.8565955 ], [ 144.2218651, -3.8567896 ], [ 144.2220649, -3.8570866 ], [ 144.222118599999988, -3.857191 ], [ 144.222178899999989, -3.8573342 ], [ 144.222313, -3.8576459 ], [ 144.222347899999988, -3.8576995 ], [ 144.2224042, -3.8577436 ], [ 144.222502100000014, -3.8577838 ], [ 144.2227945, -3.8578948 ], [ 144.2229259, -3.8579149 ], [ 144.2233162, -3.8579497 ], [ 144.2236246, -3.857959 ], [ 144.223811, -3.857951 ], [ 144.224418500000013, -3.8578306 ], [ 144.2246881, -3.8577476 ], [ 144.224786, -3.8577048 ], [ 144.2248772, -3.8576633 ], [ 144.2249362, -3.8576473 ], [ 144.224999200000013, -3.8576419 ], [ 144.225047499999988, -3.8576566 ], [ 144.225094500000012, -3.8577088 ], [ 144.2251937, -3.8579109 ], [ 144.2253332, -3.8581905 ], [ 144.2254941, -3.858426 ], [ 144.22566710000001, -3.8586241 ], [ 144.225797199999988, -3.8587552 ], [ 144.2259032, -3.8588489 ], [ 144.226274600000011, -3.8590549 ], [ 144.2267333, -3.8593212 ], [ 144.2272443, -3.859542 ], [ 144.22737570000001, -3.8595834 ], [ 144.2275205, -3.8596129 ], [ 144.2275929, -3.8596169 ], [ 144.2277485, -3.8596089 ], [ 144.227834300000012, -3.8595955 ], [ 144.2278866, -3.8596075 ], [ 144.227983200000011, -3.8596718 ], [ 144.228061, -3.8597494 ], [ 144.2281347, -3.8598404 ], [ 144.2284137, -3.8601481 ], [ 144.228799900000013, -3.8605616 ], [ 144.2289206, -3.8607195 ], [ 144.229084300000011, -3.8609175 ], [ 144.2292519, -3.8610513 ], [ 144.2294718, -3.8611878 ], [ 144.2296609, -3.8612587 ], [ 144.2298353, -3.8612881 ], [ 144.229974700000014, -3.8612988 ], [ 144.23008870000001, -3.8613363 ], [ 144.23024430000001, -3.8614099 ], [ 144.230421299999989, -3.8615089 ], [ 144.2305997, -3.861624 ], [ 144.2306869, -3.8616802 ], [ 144.230737800000014, -3.8617136 ], [ 144.2307687, -3.8617645 ], [ 144.2307714, -3.861818 ], [ 144.230737800000014, -3.8619117 ], [ 144.2306654, -3.8620254 ], [ 144.230354299999988, -3.8623867 ], [ 144.2301933, -3.8625914 ], [ 144.2301692, -3.8626556 ], [ 144.2301907, -3.8626891 ], [ 144.230454900000012, -3.8628416 ], [ 144.2305072, -3.862839 ], [ 144.2305876, -3.8627948 ], [ 144.2306735, -3.8626985 ], [ 144.2307137, -3.862665 ], [ 144.2307606, -3.8626489 ], [ 144.2308103, -3.8626396 ], [ 144.2308894, -3.862661 ], [ 144.230948399999988, -3.8626998 ], [ 144.2313628, -3.8630557 ], [ 144.2319716, -3.8634906 ], [ 144.232466499999987, -3.863785 ], [ 144.2325845, -3.8638371 ], [ 144.2328072, -3.8639134 ], [ 144.233276499999988, -3.86409 ], [ 144.2334563, -3.8641275 ], [ 144.2337996, -3.8641529 ], [ 144.234106700000012, -3.8641302 ], [ 144.234329300000013, -3.8640954 ], [ 144.2351447, -3.8639268 ], [ 144.2355269, -3.8638345 ], [ 144.2356785, -3.8638184 ], [ 144.2357911, -3.8638211 ], [ 144.2362833, -3.8639 ], [ 144.236996799999986, -3.8639843 ], [ 144.2371148, -3.8639723 ], [ 144.2372717, -3.8639402 ], [ 144.2374299, -3.8638866 ], [ 144.238002599999987, -3.8636137 ], [ 144.2387161, -3.8632511 ], [ 144.2392807, -3.862958 ], [ 144.240122899999989, -3.8625098 ], [ 144.240655299999986, -3.8621726 ], [ 144.241390200000012, -3.8616708 ], [ 144.241759, -3.8614393 ], [ 144.242640099999988, -3.8608626 ], [ 144.2431095, -3.8605254 ], [ 144.243808199999989, -3.8599982 ], [ 144.244604900000013, -3.8594403 ], [ 144.2452955, -3.8590522 ], [ 144.2457153, -3.858885 ], [ 144.246353699999986, -3.8586696 ], [ 144.246521300000012, -3.8585946 ], [ 144.246683600000011, -3.8585076 ], [ 144.246947799999987, -3.8583605 ], [ 144.2472267, -3.8581705 ], [ 144.24728970000001, -3.8581357 ], [ 144.2473568, -3.8581156 ], [ 144.247681300000011, -3.8581089 ], [ 144.247771199999988, -3.8580942 ], [ 144.2479563, -3.858034 ], [ 144.2481802, -3.8579122 ], [ 144.2484337, -3.8577088 ], [ 144.248824, -3.8573582 ], [ 144.2492411, -3.8570264 ], [ 144.24934970000001, -3.8569595 ], [ 144.249675599999989, -3.8567762 ], [ 144.2501155, -3.8565394 ], [ 144.2505366, -3.8563333 ], [ 144.2508075, -3.8562142 ], [ 144.2509724, -3.85615 ], [ 144.2510529, -3.8561312 ], [ 144.251136, -3.8561192 ], [ 144.2513104, -3.8561312 ], [ 144.2514069, -3.8561446 ], [ 144.2515008, -3.85617 ], [ 144.2518066, -3.8563159 ], [ 144.2520386, -3.856435 ], [ 144.252524099999988, -3.8566089 ], [ 144.2528567, -3.8567307 ], [ 144.2532644, -3.856906 ], [ 144.2542823, -3.8573663 ], [ 144.255128500000012, -3.8577557 ], [ 144.2567942, -3.8583966 ], [ 144.257484799999986, -3.8586174 ], [ 144.2581755, -3.8587819 ], [ 144.2583297, -3.8588248 ], [ 144.2584223, -3.8588662 ], [ 144.2585148, -3.8589198 ], [ 144.2586972, -3.859071 ], [ 144.2588165, -3.8592141 ], [ 144.2588809, -3.8593185 ], [ 144.258949300000012, -3.8594711 ], [ 144.2591022, -3.8599046 ], [ 144.259145100000012, -3.8600678 ], [ 144.2593034, -3.860579 ], [ 144.2593463, -3.860682 ], [ 144.2594522, -3.8608359 ], [ 144.2596212, -3.8610433 ], [ 144.2600128, -3.8614929 ], [ 144.2604876, -3.8619893 ], [ 144.260584099999988, -3.8621003 ], [ 144.2608027, -3.8623693 ], [ 144.2608778, -3.8625018 ], [ 144.2609194, -3.8626168 ], [ 144.261016, -3.8629232 ], [ 144.261116500000014, -3.8632096 ], [ 144.2611702, -3.8633809 ], [ 144.2611943, -3.8635053 ], [ 144.26120370000001, -3.8636083 ], [ 144.2612641, -3.864165 ], [ 144.2613284, -3.864549 ], [ 144.261433, -3.8650641 ], [ 144.261509499999988, -3.8654241 ], [ 144.2615926, -3.8658656 ], [ 144.261697199999986, -3.8663634 ], [ 144.261824600000011, -3.8668839 ], [ 144.2618783, -3.8670458 ], [ 144.261952, -3.8672291 ], [ 144.262013700000011, -3.8673923 ], [ 144.2621076, -3.8676533 ], [ 144.2621344, -3.8677603 ], [ 144.2621398, -3.8678968 ], [ 144.2621317, -3.8680306 ], [ 144.2621143, -3.8681176 ], [ 144.262075399999986, -3.8683531 ], [ 144.2620727, -3.8684053 ], [ 144.262102199999987, -3.8685096 ], [ 144.2621398, -3.8686113 ], [ 144.2621773, -3.8686943 ], [ 144.2622337, -3.8687371 ], [ 144.2623168, -3.8687531 ], [ 144.2623758, -3.8687478 ], [ 144.262446899999986, -3.868713 ], [ 144.2625448, -3.8686354 ], [ 144.2626601, -3.8685658 ], [ 144.262756700000011, -3.8685297 ], [ 144.2628841, -3.868511 ], [ 144.2630987, -3.8684922 ], [ 144.2636847, -3.8684815 ], [ 144.2642735, -3.8684213 ], [ 144.2643754, -3.8683986 ], [ 144.264458600000012, -3.8683705 ], [ 144.2645927, -3.8682808 ], [ 144.2647858, -3.868151 ], [ 144.265174699999989, -3.8679008 ], [ 144.2657728, -3.8675583 ], [ 144.2664796, -3.8670926 ], [ 144.266813500000012, -3.8668585 ], [ 144.2672145, -3.8665815 ], [ 144.2676678, -3.866259 ], [ 144.2677228, -3.8662149 ], [ 144.2681198, -3.8657934 ], [ 144.2686683, -3.8652287 ], [ 144.2690103, -3.8648674 ], [ 144.2692557, -3.8646547 ], [ 144.269316, -3.8646212 ], [ 144.269413899999989, -3.8646012 ], [ 144.2696446, -3.8645985 ], [ 144.2699571, -3.8646065 ], [ 144.2705686, -3.8646774 ], [ 144.2711158, -3.8646841 ], [ 144.2712593, -3.8646654 ], [ 144.271405499999986, -3.8646319 ], [ 144.2718333, -3.8644379 ], [ 144.2719956, -3.8643349 ], [ 144.272249, -3.8641543 ], [ 144.2723885, -3.863999 ], [ 144.272465, -3.8638746 ], [ 144.2725615, -3.8636592 ], [ 144.272667500000011, -3.8632992 ], [ 144.272722499999986, -3.8630584 ], [ 144.2727573, -3.8629125 ], [ 144.272789499999988, -3.8627493 ], [ 144.272823, -3.8625994 ], [ 144.2728016, -3.8625687 ], [ 144.2727707, -3.8625432 ], [ 144.2721391, -3.8622261 ], [ 144.2720988, -3.8622301 ], [ 144.2720693, -3.8622609 ], [ 144.2720291, -3.8626128 ], [ 144.272005, -3.8627453 ], [ 144.2719392, -3.8629915 ], [ 144.2718655, -3.8632216 ], [ 144.271803799999986, -3.8633501 ], [ 144.2717126, -3.8634504 ], [ 144.271629499999989, -3.8634986 ], [ 144.2715275, -3.8635267 ], [ 144.271397400000012, -3.8635388 ], [ 144.2712808, -3.8635321 ], [ 144.271055499999989, -3.8634665 ], [ 144.2708194, -3.8633742 ], [ 144.2699048, -3.8629045 ], [ 144.269211399999989, -3.8625339 ], [ 144.2689057, -3.8623947 ], [ 144.268502, -3.8622034 ], [ 144.2683317, -3.8621472 ], [ 144.267800599999987, -3.8619813 ], [ 144.2675069, -3.8619077 ], [ 144.2673258, -3.8618863 ], [ 144.2671636, -3.8618608 ], [ 144.2670053, -3.8618287 ], [ 144.266942300000011, -3.8617979 ], [ 144.2668605, -3.8617458 ], [ 144.2667787, -3.8616508 ], [ 144.2667411, -3.8615357 ], [ 144.266707599999989, -3.8614019 ], [ 144.266707599999989, -3.8613082 ], [ 144.2668672, -3.8607676 ], [ 144.2670536, -3.8601628 ], [ 144.2671542, -3.8598751 ], [ 144.26713, -3.859847 ], [ 144.2670925, -3.8598337 ], [ 144.266133599999989, -3.8597239 ], [ 144.26608, -3.8597333 ], [ 144.266037, -3.8597614 ], [ 144.266025, -3.8598082 ], [ 144.2660665, -3.8601294 ], [ 144.2661108, -3.8604786 ], [ 144.2661497, -3.8606954 ], [ 144.2661886, -3.8609563 ], [ 144.2661805, -3.8610674 ], [ 144.2661604, -3.8611222 ], [ 144.266078599999986, -3.8612199 ], [ 144.2659941, -3.8612748 ], [ 144.265924399999989, -3.8612881 ], [ 144.265827800000011, -3.8612895 ], [ 144.265735299999989, -3.8612694 ], [ 144.26561860000001, -3.8611945 ], [ 144.2655368, -3.8611075 ], [ 144.265241800000013, -3.8606378 ], [ 144.264992299999989, -3.8602311 ], [ 144.264687900000013, -3.8597801 ], [ 144.264209099999988, -3.8590977 ], [ 144.2637853, -3.858513 ], [ 144.263385699999986, -3.8579457 ], [ 144.2631054, -3.8575857 ], [ 144.2627326, -3.8570773 ], [ 144.2626387, -3.8569073 ], [ 144.2623544, -3.856435 ], [ 144.262271199999986, -3.8562677 ], [ 144.2621733, -3.8560215 ], [ 144.262121, -3.8558476 ], [ 144.2620929, -3.8556843 ], [ 144.262095499999987, -3.8555786 ], [ 144.26213580000001, -3.8554769 ], [ 144.2621854, -3.8553712 ], [ 144.262224300000014, -3.8553043 ], [ 144.26233830000001, -3.8552147 ], [ 144.262404, -3.8551638 ], [ 144.262426799999986, -3.8551264 ], [ 144.262413400000014, -3.8550862 ], [ 144.2622404, -3.8547396 ], [ 144.262209500000012, -3.8547182 ], [ 144.262168, -3.8547263 ], [ 144.2620794, -3.8547704 ], [ 144.2618608, -3.8549203 ], [ 144.2614599, -3.855303 ], [ 144.2613848, -3.8553779 ], [ 144.261293599999988, -3.8554314 ], [ 144.2611219, -3.855485 ], [ 144.26102, -3.8554957 ], [ 144.2607504, -3.855406 ], [ 144.2603575, -3.8553244 ], [ 144.2599994, -3.8552481 ], [ 144.2598706, -3.8552026 ], [ 144.259361, -3.8549751 ], [ 144.259193399999987, -3.8549056 ], [ 144.258952, -3.8548146 ], [ 144.258828599999987, -3.8547785 ], [ 144.2580776, -3.8545322 ], [ 144.2574473, -3.8542553 ], [ 144.2573319, -3.8541884 ], [ 144.2568344, -3.8538538 ], [ 144.2562175, -3.8533909 ], [ 144.255925100000013, -3.8531982 ], [ 144.255088300000011, -3.8526924 ], [ 144.254694, -3.8524569 ], [ 144.253995300000014, -3.8520488 ], [ 144.2531826, -3.851634 ], [ 144.2523672, -3.8512834 ], [ 144.2514914, -3.8508137 ], [ 144.250802099999987, -3.8503601 ], [ 144.250132900000011, -3.8499012 ], [ 144.2495495, -3.8495613 ], [ 144.2486604, -3.8490568 ], [ 144.247849, -3.8486594 ], [ 144.2470779, -3.8481577 ], [ 144.2465039, -3.8477709 ], [ 144.246351, -3.8476773 ], [ 144.246000900000013, -3.8474792 ], [ 144.2458829, -3.8474404 ], [ 144.245781, -3.8474123 ], [ 144.2456697, -3.8473949 ], [ 144.245486, -3.8473802 ], [ 144.244671899999986, -3.8473963 ], [ 144.243808199999989, -3.8473842 ], [ 144.2434381, -3.8473668 ], [ 144.243098800000013, -3.8473307 ], [ 144.2429969, -3.8473053 ], [ 144.242937899999987, -3.8472718 ], [ 144.24289490000001, -3.8472371 ], [ 144.2428587, -3.8471835 ], [ 144.242720600000013, -3.8467821 ], [ 144.2427032, -3.8467018 ], [ 144.2426965, -3.8466082 ], [ 144.2426831, -3.8460595 ], [ 144.242687100000012, -3.8459605 ], [ 144.2427032, -3.8458762 ], [ 144.2427917, -3.8452393 ], [ 144.2428467, -3.844692 ], [ 144.24287480000001, -3.8444391 ], [ 144.2428869, -3.8443642 ], [ 144.2429271, -3.8443026 ], [ 144.2429875, -3.8442652 ], [ 144.2431578, -3.8442223 ], [ 144.243245, -3.8441862 ], [ 144.243308, -3.844122 ], [ 144.2433308, -3.8440738 ], [ 144.2433389, -3.844023 ], [ 144.243234199999989, -3.8432455 ], [ 144.2432383, -3.8431144 ], [ 144.2432503, -3.8430141 ], [ 144.2432718, -3.8428976 ], [ 144.243336199999987, -3.842436 ], [ 144.2433992, -3.841957 ], [ 144.2434596, -3.8415301 ], [ 144.24346220000001, -3.8414324 ], [ 144.243336199999987, -3.84111 ], [ 144.2433187, -3.8410243 ], [ 144.2433241, -3.8409387 ], [ 144.243342899999988, -3.8408651 ], [ 144.2433684, -3.8408049 ], [ 144.2434381, -3.8407246 ], [ 144.2435467, -3.8406483 ], [ 144.2436875, -3.8405627 ], [ 144.2439276, -3.8404409 ], [ 144.2445807, -3.8401238 ], [ 144.2447282, -3.8400502 ], [ 144.2448771, -3.8399565 ], [ 144.2451185, -3.8398053 ], [ 144.245569100000012, -3.8395845 ], [ 144.246096200000011, -3.8394079 ], [ 144.246372400000013, -3.8393142 ], [ 144.2466514, -3.8391898 ], [ 144.2466997, -3.839151 ], [ 144.2467318, -3.8391068 ], [ 144.2468485, -3.8388232 ], [ 144.2469451, -3.8385595 ], [ 144.2469907, -3.8384913 ], [ 144.2470363, -3.8384485 ], [ 144.2471342, -3.8383936 ], [ 144.2476237, -3.8381916 ], [ 144.24814, -3.8380337 ], [ 144.2488883, -3.8377487 ], [ 144.2492384, -3.8375934 ], [ 144.2494006, -3.8375359 ], [ 144.2498419, -3.8374342 ], [ 144.2504521, -3.8373191 ], [ 144.2507645, -3.8372736 ], [ 144.2508933, -3.8372736 ], [ 144.2509684, -3.8372843 ], [ 144.2510703, -3.8373285 ], [ 144.2511548, -3.8374021 ], [ 144.2512178, -3.837469 ], [ 144.2512554, -3.8375279 ], [ 144.2512889, -3.8376028 ], [ 144.2513157, -3.8377192 ], [ 144.2513224, -3.837841 ], [ 144.2513131, -3.8384244 ], [ 144.251334500000013, -3.8387562 ], [ 144.2513707, -3.8390774 ], [ 144.2514338, -3.8394695 ], [ 144.2514485, -3.8396019 ], [ 144.2514539, -3.8396889 ], [ 144.2514525, -3.8397852 ], [ 144.2514069, -3.8402964 ], [ 144.2513908, -3.8404918 ], [ 144.2513774, -3.8407058 ], [ 144.2513667, -3.8409614 ], [ 144.2513734, -3.8411193 ], [ 144.251396199999988, -3.8411621 ], [ 144.25147, -3.8411956 ], [ 144.2516953, -3.8412384 ], [ 144.251732800000013, -3.8412331 ], [ 144.2517503, -3.841209 ], [ 144.2518066, -3.8408838 ], [ 144.251956799999988, -3.8402322 ], [ 144.2520091, -3.8400314 ], [ 144.2520681, -3.8397665 ], [ 144.2521673, -3.8392058 ], [ 144.2522505, -3.8387536 ], [ 144.252300100000014, -3.8385649 ], [ 144.2523967, -3.8382397 ], [ 144.252453, -3.8380885 ], [ 144.2525871, -3.837845 ], [ 144.252854, -3.8373098 ], [ 144.25295460000001, -3.8370274 ], [ 144.253048400000011, -3.8367424 ], [ 144.2531195, -3.8364828 ], [ 144.253141, -3.8363423 ], [ 144.2531678, -3.8360586 ], [ 144.2531785, -3.8356385 ], [ 144.2531691, -3.8355421 ], [ 144.2530672, -3.8351273 ], [ 144.2530458, -3.8350711 ], [ 144.2530203, -3.8350163 ], [ 144.252748, -3.8347326 ], [ 144.252681, -3.8346965 ], [ 144.25260320000001, -3.8346884 ], [ 144.2524248, -3.8346911 ], [ 144.252258500000011, -3.8346817 ], [ 144.252139199999988, -3.8346523 ], [ 144.2520721, -3.8346269 ], [ 144.252001, -3.83458 ], [ 144.251588, -3.8341505 ], [ 144.2510019, -3.833634 ], [ 144.2506827, -3.8333851 ], [ 144.2506278, -3.833361 ], [ 144.2505419, -3.833345 ], [ 144.2502107, -3.8333383 ], [ 144.249925, -3.8333396 ], [ 144.249499899999989, -3.8333195 ], [ 144.2490895, -3.83325 ], [ 144.249025100000011, -3.8332152 ], [ 144.2489701, -3.8331616 ], [ 144.248892399999988, -3.8330479 ], [ 144.2487636, -3.8328151 ], [ 144.248626800000011, -3.8325702 ], [ 144.2485169, -3.8322892 ], [ 144.248512799999986, -3.8321915 ], [ 144.248520899999988, -3.8320671 ], [ 144.248561099999989, -3.831964 ], [ 144.248653600000011, -3.8318342 ], [ 144.2489822, -3.831572 ], [ 144.2492813, -3.8314261 ], [ 144.2494825, -3.8313539 ], [ 144.2498808, -3.8312615 ], [ 144.250053799999989, -3.8312401 ], [ 144.2502858, -3.8312321 ], [ 144.250735, -3.8312495 ], [ 144.2510073, -3.8312147 ], [ 144.2512688, -3.8311291 ], [ 144.2513922, -3.8310675 ], [ 144.251596, -3.8309324 ], [ 144.2520024, -3.8305818 ], [ 144.252509300000014, -3.8299796 ], [ 144.252564299999989, -3.8298967 ], [ 144.252760099999989, -3.8295621 ], [ 144.252962599999989, -3.8292637 ], [ 144.2530511, -3.829142 ], [ 144.2531128, -3.8290804 ], [ 144.2531812, -3.829047 ], [ 144.2532684, -3.8290349 ], [ 144.2533354, -3.829043 ], [ 144.2534722, -3.8290724 ], [ 144.2536265, -3.8290992 ], [ 144.253678799999989, -3.8291005 ], [ 144.253727, -3.829067 ], [ 144.2538477, -3.8287459 ], [ 144.2538518, -3.8286696 ], [ 144.2538451, -3.8285933 ], [ 144.2538303, -3.8284676 ], [ 144.2538276, -3.8282682 ], [ 144.2538303, -3.8278681 ], [ 144.253811500000012, -3.8277557 ], [ 144.253786100000013, -3.8276513 ], [ 144.2536734, -3.8273101 ], [ 144.2536184, -3.827108 ], [ 144.2535916, -3.8269876 ], [ 144.253582200000011, -3.8268525 ], [ 144.253582200000011, -3.8267641 ], [ 144.253605, -3.8266651 ], [ 144.2536667, -3.8265166 ], [ 144.25372440000001, -3.8264002 ], [ 144.2540985, -3.8257325 ], [ 144.2543828, -3.8252842 ], [ 144.2545103, -3.825042 ], [ 144.25458, -3.824939 ], [ 144.254637699999989, -3.824868 ], [ 144.25469, -3.8248346 ], [ 144.2547543, -3.8248105 ], [ 144.2548428, -3.8247944 ], [ 144.2549515, -3.8247931 ], [ 144.2552277, -3.8247918 ], [ 144.2554517, -3.8247784 ], [ 144.2555778, -3.824753 ], [ 144.2557789, -3.8246981 ], [ 144.2559774, -3.8246165 ], [ 144.2561249, -3.8245536 ], [ 144.2562577, -3.8244813 ], [ 144.256505800000014, -3.8242846 ], [ 144.2565528, -3.8242137 ], [ 144.2567405, -3.8237159 ], [ 144.2568196, -3.8235594 ], [ 144.2568853, -3.8234644 ], [ 144.2569631, -3.823376 ], [ 144.257478099999986, -3.8229023 ], [ 144.2575438, -3.8228328 ], [ 144.257625600000011, -3.8227056 ], [ 144.2577597, -3.8224822 ], [ 144.2578134, -3.8224139 ], [ 144.257869699999986, -3.8223617 ], [ 144.2579354, -3.8223136 ], [ 144.258559, -3.8219376 ], [ 144.258783, -3.8218131 ], [ 144.2588246, -3.8217462 ], [ 144.2588715, -3.8216378 ], [ 144.258909100000011, -3.8215629 ], [ 144.2589466, -3.8215147 ], [ 144.258977499999986, -3.8214759 ], [ 144.2590284, -3.8214465 ], [ 144.2590834, -3.8214344 ], [ 144.2592041, -3.8214317 ], [ 144.2593329, -3.821401 ], [ 144.2593972, -3.8213689 ], [ 144.2594589, -3.8213153 ], [ 144.2598237, -3.820954 ], [ 144.2600477, -3.820665 ], [ 144.2602153, -3.8204188 ], [ 144.260354799999988, -3.8202462 ], [ 144.2604232, -3.820186 ], [ 144.2604983, -3.8201338 ], [ 144.2608497, -3.8199317 ], [ 144.2612547, -3.8197163 ], [ 144.2613754, -3.8196708 ], [ 144.261447800000013, -3.819652 ], [ 144.2617013, -3.8196333 ], [ 144.2620406, -3.8196146 ], [ 144.2621505, -3.8196106 ], [ 144.2622498, -3.8196173 ], [ 144.2623396, -3.8196266 ], [ 144.2624228, -3.8196534 ], [ 144.2624831, -3.8196828 ], [ 144.2625301, -3.8197484 ], [ 144.262594400000012, -3.819834 ], [ 144.2627554, -3.8200441 ], [ 144.2630383, -3.8204215 ], [ 144.26308130000001, -3.8205084 ], [ 144.2630973, -3.8206369 ], [ 144.2631108, -3.8207346 ], [ 144.2631362, -3.8208952 ], [ 144.263156400000014, -3.8209995 ], [ 144.2631778, -3.8210397 ], [ 144.2632341, -3.8210611 ], [ 144.263317300000011, -3.8210477 ], [ 144.2634514, -3.8209969 ], [ 144.263581499999987, -3.8209259 ], [ 144.2636123, -3.8208791 ], [ 144.2636204, -3.8208323 ], [ 144.2636257, -3.8207694 ], [ 144.2636593, -3.8204054 ], [ 144.2636767, -3.8203305 ], [ 144.2637062, -3.8202689 ], [ 144.2638591, -3.8200321 ], [ 144.26389660000001, -3.8199866 ], [ 144.2639543, -3.8199384 ], [ 144.2641233, -3.8198367 ], [ 144.2644814, -3.8196494 ], [ 144.2651238, -3.8193764 ], [ 144.2652512, -3.819351 ], [ 144.265388, -3.8193389 ], [ 144.2654765, -3.8193456 ], [ 144.2655542, -3.8193617 ], [ 144.2656575, -3.8193991 ], [ 144.2658868, -3.8195035 ], [ 144.2661041, -3.8196119 ], [ 144.2662114, -3.8196587 ], [ 144.2663133, -3.819723 ], [ 144.2664193, -3.8198019 ], [ 144.26653060000001, -3.8199023 ], [ 144.2666017, -3.820004 ], [ 144.2667291, -3.8201686 ], [ 144.2668095, -3.8202288 ], [ 144.266898, -3.8202596 ], [ 144.2672682, -3.8203385 ], [ 144.2675485, -3.8203974 ], [ 144.2676745, -3.8204308 ], [ 144.2678167, -3.8204736 ], [ 144.268381299999987, -3.8206396 ], [ 144.2688306, -3.8207587 ], [ 144.26904110000001, -3.8208336 ], [ 144.2693549, -3.8209607 ], [ 144.269474300000013, -3.8210049 ], [ 144.26954, -3.8210357 ], [ 144.2695802, -3.8210691 ], [ 144.26962180000001, -3.8211307 ], [ 144.2696607, -3.8212096 ], [ 144.269764, -3.8214371 ], [ 144.2698203, -3.8216177 ], [ 144.269831, -3.8216793 ], [ 144.2698337, -3.8217502 ], [ 144.2698216, -3.8218278 ], [ 144.2698069, -3.8219108 ], [ 144.2697144, -3.8221784 ], [ 144.2695521, -3.8226307 ], [ 144.269418, -3.8230054 ], [ 144.269278500000013, -3.823467 ], [ 144.269265100000013, -3.823546 ], [ 144.2692611, -3.8236289 ], [ 144.2692745, -3.8238149 ], [ 144.2692932, -3.8240866 ], [ 144.269308, -3.824211 ], [ 144.2693844, -3.8245094 ], [ 144.269447500000012, -3.8248051 ], [ 144.2694864, -3.8250233 ], [ 144.2695574, -3.8254207 ], [ 144.2695789, -3.8255906 ], [ 144.2695776, -3.8256589 ], [ 144.2695642, -3.8257351 ], [ 144.2695481, -3.8257913 ], [ 144.2695467, -3.8258502 ], [ 144.2695682, -3.825885 ], [ 144.2696781, -3.8259318 ], [ 144.2697626, -3.8259466 ], [ 144.2698766, -3.8259546 ], [ 144.269949, -3.8259479 ], [ 144.2700027, -3.8259345 ], [ 144.2701194, -3.8258542 ], [ 144.2701878, -3.8257967 ], [ 144.270283, -3.8257311 ], [ 144.2703621, -3.8256937 ], [ 144.2704506, -3.8256843 ], [ 144.2705311, -3.8256883 ], [ 144.2706196, -3.8257044 ], [ 144.2707336, -3.8257659 ], [ 144.2708208, -3.8258315 ], [ 144.2709093, -3.8259345 ], [ 144.270983, -3.8260657 ], [ 144.271038, -3.8261914 ], [ 144.2710702, -3.8262249 ], [ 144.2711225, -3.8262383 ], [ 144.27168180000001, -3.8260054 ], [ 144.2716978, -3.8259787 ], [ 144.2716938, -3.8259345 ], [ 144.271668299999988, -3.8258676 ], [ 144.2715986, -3.8257646 ], [ 144.2710394, -3.8250862 ], [ 144.270675899999986, -3.824575 ], [ 144.270629, -3.8244666 ], [ 144.2705311, -3.8242164 ], [ 144.2703179, -3.8236958 ], [ 144.270279, -3.8235968 ], [ 144.2702454, -3.8234898 ], [ 144.2702387, -3.8234416 ], [ 144.2702401, -3.8233787 ], [ 144.2702696, -3.8233091 ], [ 144.2705123, -3.8229599 ], [ 144.270594100000011, -3.822893 ], [ 144.2706679, -3.8228408 ], [ 144.271097, -3.8225959 ], [ 144.271431, -3.8224233 ], [ 144.2715785, -3.8223524 ], [ 144.271667, -3.8223189 ], [ 144.271756900000014, -3.8222788 ], [ 144.2718869, -3.8222413 ], [ 144.2719942, -3.8221717 ], [ 144.2720184, -3.8221289 ], [ 144.2720318, -3.8220834 ], [ 144.271999599999987, -3.8219723 ], [ 144.271978100000013, -3.8219202 ], [ 144.271891, -3.821793 ], [ 144.2718548, -3.8217248 ], [ 144.2718333, -3.8216378 ], [ 144.2718333, -3.8214572 ], [ 144.2718521, -3.8211333 ], [ 144.2719084, -3.8207212 ], [ 144.271962, -3.8205138 ], [ 144.272120300000012, -3.8201391 ], [ 144.2722128, -3.8200133 ], [ 144.2723791, -3.8198421 ], [ 144.2726299, -3.8196587 ], [ 144.2731825, -3.8192479 ], [ 144.27357, -3.8188826 ], [ 144.273847600000011, -3.8186217 ], [ 144.2739683, -3.8185173 ], [ 144.2740206, -3.8184638 ], [ 144.2740287, -3.8184183 ], [ 144.2739603, -3.8182149 ], [ 144.273944199999988, -3.8181199 ], [ 144.2739429, -3.8180543 ], [ 144.2739616, -3.8179834 ], [ 144.2739992, -3.8178897 ], [ 144.274031400000013, -3.8178255 ], [ 144.274093099999988, -3.8177706 ], [ 144.2741454, -3.8177425 ], [ 144.274199, -3.8177345 ], [ 144.274274100000014, -3.8177265 ], [ 144.2745303, -3.8177546 ], [ 144.274889699999989, -3.8178509 ], [ 144.27514450000001, -3.8179446 ], [ 144.275239699999986, -3.8179928 ], [ 144.2753148, -3.818045 ], [ 144.2755857, -3.8182376 ], [ 144.2756608, -3.8182738 ], [ 144.2757212, -3.8182885 ], [ 144.275803, -3.8182965 ], [ 144.2760752, -3.8182176 ], [ 144.276204, -3.8181921 ], [ 144.2763636, -3.8181681 ], [ 144.276558, -3.818164 ], [ 144.2770985, -3.8181306 ], [ 144.2772259, -3.8181145 ], [ 144.277393499999988, -3.8180945 ], [ 144.2775169, -3.8180851 ], [ 144.2776591, -3.8180757 ], [ 144.2778227, -3.8180744 ], [ 144.2778978, -3.8180851 ], [ 144.2779729, -3.8181239 ], [ 144.2780292, -3.8181694 ], [ 144.2780426, -3.8182189 ], [ 144.278044, -3.818251 ], [ 144.2780185, -3.8183233 ], [ 144.2779782, -3.8184424 ], [ 144.2779514, -3.8185053 ], [ 144.2779595, -3.8185347 ], [ 144.2780574, -3.8185936 ], [ 144.2784825, -3.8187475 ], [ 144.2788084, -3.8187836 ], [ 144.2789412, -3.8187782 ], [ 144.279087299999986, -3.8187568 ], [ 144.2793019, -3.818706 ], [ 144.2796265, -3.8185307 ], [ 144.279870499999987, -3.8183407 ], [ 144.2799604, -3.8182497 ], [ 144.2800167, -3.8181667 ], [ 144.280175, -3.8179044 ], [ 144.2802581, -3.8177666 ], [ 144.2802836, -3.8177265 ], [ 144.2803413, -3.8176636 ], [ 144.2804888, -3.817602 ], [ 144.2805894, -3.8175391 ], [ 144.2806457, -3.8174615 ], [ 144.280673900000011, -3.817404 ], [ 144.280702, -3.8173183 ], [ 144.2807583, -3.8169865 ], [ 144.2807946, -3.8165262 ], [ 144.280810699999989, -3.8163602 ], [ 144.2808348, -3.8162612 ], [ 144.2808656, -3.816189 ], [ 144.2809153, -3.815999 ], [ 144.2809112, -3.8158973 ], [ 144.280889800000011, -3.8158237 ], [ 144.2807865, -3.8154985 ], [ 144.2806484, -3.8150382 ], [ 144.280614899999989, -3.8149673 ], [ 144.2805827, -3.8148776 ], [ 144.2805357, -3.8148281 ], [ 144.2804874, -3.814796 ], [ 144.2804472, -3.8147826 ], [ 144.2803466, -3.8147772 ], [ 144.280262099999987, -3.8147665 ], [ 144.280175, -3.8147384 ], [ 144.280124, -3.8147184 ], [ 144.2800637, -3.8146635 ], [ 144.279796800000014, -3.814345 ], [ 144.279424, -3.8139034 ], [ 144.2793663, -3.8138138 ], [ 144.2793462, -3.8137442 ], [ 144.2793341, -3.8136746 ], [ 144.2793381, -3.8136077 ], [ 144.2793556, -3.8135582 ], [ 144.2793877, -3.8135073 ], [ 144.2794561, -3.8134511 ], [ 144.2795983, -3.8134097 ], [ 144.279857099999987, -3.8133227 ], [ 144.2801911, -3.8131956 ], [ 144.2804016, -3.8131046 ], [ 144.2806926, -3.8129507 ], [ 144.280781100000013, -3.8128824 ], [ 144.2808844, -3.8127674 ], [ 144.2809273, -3.8126938 ], [ 144.2810883, -3.8124181 ], [ 144.2811567, -3.8123445 ], [ 144.2813042, -3.8122227 ], [ 144.2814812, -3.8121197 ], [ 144.2817561, -3.8120381 ], [ 144.281862100000012, -3.812014 ], [ 144.2820056, -3.8119979 ], [ 144.2822778, -3.8120046 ], [ 144.282362299999988, -3.812022 ], [ 144.2824508, -3.8120461 ], [ 144.2825769, -3.8121036 ], [ 144.2828558, -3.8122642 ], [ 144.2833896, -3.812655 ], [ 144.2840669, -3.8132103 ], [ 144.284750800000012, -3.813676 ], [ 144.284859399999988, -3.8137736 ], [ 144.2849641, -3.8138847 ], [ 144.2851035, -3.814056 ], [ 144.2854549, -3.8145471 ], [ 144.2858747, -3.8152483 ], [ 144.2861979, -3.8157193 ], [ 144.286627, -3.8162438 ], [ 144.286993099999989, -3.8166265 ], [ 144.287410200000011, -3.8169678 ], [ 144.287640900000014, -3.8170976 ], [ 144.2878045, -3.8172153 ], [ 144.2878863, -3.8173023 ], [ 144.287948, -3.8173679 ], [ 144.2879949, -3.8174441 ], [ 144.2880566, -3.8175365 ], [ 144.2881224, -3.817602 ], [ 144.2881693, -3.8175994 ], [ 144.288208200000014, -3.8175779 ], [ 144.288283299999989, -3.817495 ], [ 144.2883933, -3.8173264 ], [ 144.288438899999989, -3.8172421 ], [ 144.2884536, -3.8171845 ], [ 144.2884563, -3.8171283 ], [ 144.288417399999986, -3.8170146 ], [ 144.2883235, -3.8167376 ], [ 144.2883168, -3.8166533 ], [ 144.2883342, -3.8164164 ], [ 144.288335600000011, -3.8163014 ], [ 144.2883544, -3.8161943 ], [ 144.2883812, -3.8161408 ], [ 144.288408, -3.816098 ], [ 144.2884885, -3.8160137 ], [ 144.288613199999986, -3.8159146 ], [ 144.2887165, -3.8158464 ], [ 144.2888734, -3.8157634 ], [ 144.289019599999989, -3.8156952 ], [ 144.289078600000011, -3.815651 ], [ 144.2891067, -3.8155948 ], [ 144.289026299999989, -3.8153754 ], [ 144.2889954, -3.8153593 ], [ 144.288957900000014, -3.8153607 ], [ 144.2879949, -3.8156791 ], [ 144.287803200000013, -3.815742 ], [ 144.2876637, -3.8157675 ], [ 144.2874974, -3.8157822 ], [ 144.287357899999989, -3.8157715 ], [ 144.2872547, -3.8157273 ], [ 144.2871514, -3.8156751 ], [ 144.287032, -3.81556 ], [ 144.2869556, -3.8154731 ], [ 144.2866833, -3.8150034 ], [ 144.2864098, -3.8144467 ], [ 144.2862327, -3.8140332 ], [ 144.2861992, -3.8139141 ], [ 144.286171, -3.8136599 ], [ 144.2861603, -3.8135635 ], [ 144.286136199999987, -3.8130229 ], [ 144.286148200000014, -3.8128463 ], [ 144.286176399999988, -3.8126884 ], [ 144.2862663, -3.8124382 ], [ 144.286338699999988, -3.8122937 ], [ 144.286395, -3.8122187 ], [ 144.2866109, -3.8120167 ], [ 144.286757099999988, -3.8118802 ], [ 144.2868067, -3.8118347 ], [ 144.286871100000013, -3.8117892 ], [ 144.286926099999988, -3.8117504 ], [ 144.2870589, -3.8116594 ], [ 144.287155399999989, -3.8115537 ], [ 144.2871822, -3.8114988 ], [ 144.2871983, -3.8114413 ], [ 144.2871702, -3.8110278 ], [ 144.2871514, -3.8108846 ], [ 144.287134, -3.8107949 ], [ 144.287113799999986, -3.8107133 ], [ 144.2869341, -3.8100496 ], [ 144.286847, -3.8096375 ], [ 144.2868268, -3.8095719 ], [ 144.286783899999989, -3.8093631 ], [ 144.286743699999988, -3.8091972 ], [ 144.286723599999988, -3.8091183 ], [ 144.286702100000014, -3.8090554 ], [ 144.286623, -3.8088934 ], [ 144.2865975, -3.8088185 ], [ 144.2865868, -3.8087436 ], [ 144.2865761, -3.8084974 ], [ 144.2865492, -3.8083448 ], [ 144.286526400000014, -3.8082672 ], [ 144.286365499999988, -3.807835 ], [ 144.2863132, -3.8077533 ], [ 144.28604630000001, -3.8074268 ], [ 144.2859484, -3.8073332 ], [ 144.2854308, -3.8068862 ], [ 144.2853127, -3.8067939 ], [ 144.2851719, -3.8067257 ], [ 144.285055199999988, -3.8066761 ], [ 144.284839299999987, -3.8066293 ], [ 144.284744100000012, -3.806628 ], [ 144.2841312, -3.8066079 ], [ 144.283490199999989, -3.8065972 ], [ 144.283399, -3.8065785 ], [ 144.283294399999988, -3.8065343 ], [ 144.2831495, -3.8064567 ], [ 144.283023500000013, -3.806355 ], [ 144.2825004, -3.8057247 ], [ 144.2821491, -3.8052657 ], [ 144.282086, -3.8051788 ], [ 144.282024400000012, -3.8051065 ], [ 144.2819211, -3.8050061 ], [ 144.2817789, -3.8048817 ], [ 144.281659600000012, -3.8048054 ], [ 144.281545599999987, -3.8047706 ], [ 144.2812465, -3.8047184 ], [ 144.2807704, -3.8046716 ], [ 144.2806993, -3.8046729 ], [ 144.2805988, -3.8046877 ], [ 144.2804928, -3.8047064 ], [ 144.2803386, -3.8047465 ], [ 144.2798276, -3.804883 ], [ 144.2791168, -3.805053 ], [ 144.278717199999988, -3.8051426 ], [ 144.2782612, -3.8052283 ], [ 144.2779957, -3.8052564 ], [ 144.2775169, -3.8052644 ], [ 144.2767538, -3.8052336 ], [ 144.276555300000012, -3.8051908 ], [ 144.2760551, -3.8050423 ], [ 144.275941100000011, -3.8049861 ], [ 144.2758781, -3.8049473 ], [ 144.2757212, -3.8048188 ], [ 144.275617899999986, -3.804705 ], [ 144.2754717, -3.8045083 ], [ 144.2753349, -3.8042929 ], [ 144.27506, -3.8038486 ], [ 144.27459060000001, -3.8031207 ], [ 144.2743438, -3.8026577 ], [ 144.2741507, -3.8022174 ], [ 144.274144, -3.8021599 ], [ 144.27414, -3.8020876 ], [ 144.27414, -3.8020328 ], [ 144.2741695, -3.8019337 ], [ 144.2744739, -3.8012847 ], [ 144.2747636, -3.8007869 ], [ 144.2748038, -3.8007133 ], [ 144.274854800000014, -3.8006371 ], [ 144.2751016, -3.8003346 ], [ 144.2755079, -3.7998061 ], [ 144.2757547, -3.7994755 ], [ 144.275785500000012, -3.79941 ], [ 144.2758164, -3.7993217 ], [ 144.2758526, -3.7992561 ], [ 144.2759022, -3.7992052 ], [ 144.2759907, -3.799149 ], [ 144.276098, -3.7991022 ], [ 144.2761677, -3.7990861 ], [ 144.276340800000014, -3.7991035 ], [ 144.276765899999987, -3.7991932 ], [ 144.2769174, -3.7992467 ], [ 144.2770194, -3.7992762 ], [ 144.2772017, -3.799311 ], [ 144.2773104, -3.7993069 ], [ 144.277415, -3.7992788 ], [ 144.2774847, -3.7992494 ], [ 144.2775786, -3.7992186 ], [ 144.277656400000012, -3.7991999 ], [ 144.2777637, -3.7991718 ], [ 144.277845500000012, -3.7991544 ], [ 144.2779367, -3.7991571 ], [ 144.278007699999989, -3.7991852 ], [ 144.2780493, -3.7992213 ], [ 144.2780976, -3.7992869 ], [ 144.2781526, -3.7993631 ], [ 144.278221, -3.7994167 ], [ 144.2783014, -3.7994568 ], [ 144.2783806, -3.7994648 ], [ 144.2788969, -3.7994675 ], [ 144.279122199999989, -3.7994555 ], [ 144.279410500000012, -3.799422 ], [ 144.2800623, -3.7993538 ], [ 144.2807168, -3.799311 ], [ 144.280829399999988, -3.799319 ], [ 144.2809354, -3.7993404 ], [ 144.281369899999987, -3.7994555 ], [ 144.2821169, -3.7996696 ], [ 144.2825863, -3.7997552 ], [ 144.2829323, -3.799881 ], [ 144.2834526, -3.8001031 ], [ 144.283975700000013, -3.8002825 ], [ 144.2843646, -3.800427 ], [ 144.2847803, -3.8006331 ], [ 144.285088800000011, -3.8007936 ], [ 144.285547400000013, -3.8010746 ], [ 144.2863333, -3.8015537 ], [ 144.2867625, -3.8018936 ], [ 144.286993099999989, -3.8021264 ], [ 144.28718090000001, -3.8022576 ], [ 144.2873955, -3.80237 ], [ 144.2876717, -3.8025252 ], [ 144.288181400000013, -3.8027393 ], [ 144.288586400000014, -3.802932 ], [ 144.289031599999987, -3.8031729 ], [ 144.289206, -3.8032639 ], [ 144.289281100000011, -3.8033227 ], [ 144.2893374, -3.8033816 ], [ 144.2893857, -3.8034833 ], [ 144.2894205, -3.8035342 ], [ 144.2894796, -3.8035609 ], [ 144.2895493, -3.8035502 ], [ 144.2896646, -3.8035154 ], [ 144.2898524, -3.8034699 ], [ 144.2901501, -3.8034592 ], [ 144.2904639, -3.8035047 ], [ 144.291113, -3.8035957 ], [ 144.2918158, -3.8037162 ], [ 144.292480899999987, -3.8038259 ], [ 144.2927814, -3.8039008 ], [ 144.2929718, -3.8039651 ], [ 144.293218599999989, -3.8040534 ], [ 144.2937013, -3.8042407 ], [ 144.2940232, -3.8043718 ], [ 144.2942673, -3.8044548 ], [ 144.2944497, -3.8045057 ], [ 144.2945731, -3.8045512 ], [ 144.2946991, -3.8046127 ], [ 144.294830600000012, -3.8046662 ], [ 144.2951176, -3.8047144 ], [ 144.2955145, -3.8047117 ], [ 144.2958578, -3.804693 ], [ 144.296093899999988, -3.8046984 ], [ 144.2964613, -3.8047278 ], [ 144.296788600000014, -3.8047786 ], [ 144.2970675, -3.8048295 ], [ 144.2974323, -3.8049178 ], [ 144.297772900000012, -3.8049901 ], [ 144.298030399999988, -3.8050543 ], [ 144.2981833, -3.8051373 ], [ 144.2983496, -3.8052443 ], [ 144.298550799999987, -3.8053086 ], [ 144.298746599999987, -3.8053219 ], [ 144.2990202, -3.8053433 ], [ 144.2994627, -3.8054076 ], [ 144.29982480000001, -3.8054584 ], [ 144.3001279, -3.8054691 ], [ 144.3005758, -3.805445 ], [ 144.300986200000011, -3.8053433 ], [ 144.3013751, -3.8052363 ], [ 144.3016729, -3.8051988 ], [ 144.3018633, -3.8052336 ], [ 144.302013499999987, -3.8053112 ], [ 144.3021449, -3.8054049 ], [ 144.302520500000014, -3.8057716 ], [ 144.3028289, -3.8060579 ], [ 144.303451200000012, -3.8066574 ], [ 144.303971499999989, -3.8072328 ], [ 144.304363099999989, -3.8076985 ], [ 144.3047091, -3.8081561 ], [ 144.304921, -3.8084612 ], [ 144.30496930000001, -3.8085763 ], [ 144.3050015, -3.8086486 ], [ 144.305044400000014, -3.8087797 ], [ 144.305119499999989, -3.8089617 ], [ 144.3051758, -3.8091009 ], [ 144.3052644, -3.8092079 ], [ 144.305401100000012, -3.8093257 ], [ 144.305656, -3.8095772 ], [ 144.306213899999989, -3.8101152 ], [ 144.306549100000012, -3.8104791 ], [ 144.3068174, -3.8108271 ], [ 144.3069649, -3.8110813 ], [ 144.3071017, -3.8113195 ], [ 144.307353799999987, -3.8117183 ], [ 144.30746640000001, -3.8119029 ], [ 144.3075335, -3.8120635 ], [ 144.3075818, -3.8122214 ], [ 144.3075845, -3.8124382 ], [ 144.3075818, -3.8126014 ], [ 144.3076006, -3.8127433 ], [ 144.307630100000011, -3.8129065 ], [ 144.3076944, -3.8130136 ], [ 144.3078741, -3.8131554 ], [ 144.3080109, -3.8132866 ], [ 144.3082684, -3.8136104 ], [ 144.3087593, -3.8141537 ], [ 144.3091804, -3.8146193 ], [ 144.3094486, -3.8149003 ], [ 144.3098429, -3.8152108 ], [ 144.3103793, -3.8155667 ], [ 144.3112108, -3.8160565 ], [ 144.3116829, -3.8162465 ], [ 144.3120128, -3.8163616 ], [ 144.3122488, -3.8164553 ], [ 144.31244190000001, -3.8165677 ], [ 144.3125573, -3.8166774 ], [ 144.31261090000001, -3.816747 ], [ 144.3126337, -3.8168607 ], [ 144.3126471, -3.8169116 ], [ 144.3127035, -3.8169852 ], [ 144.312804, -3.817044 ], [ 144.3129073, -3.8170802 ], [ 144.3129931, -3.8171056 ], [ 144.3131205, -3.817115 ], [ 144.313301599999988, -3.8170855 ], [ 144.313490699999988, -3.8170119 ], [ 144.313611400000013, -3.8169597 ], [ 144.3137844, -3.8169263 ], [ 144.3139721, -3.8169263 ], [ 144.3141948, -3.8169343 ], [ 144.314357, -3.8169771 ], [ 144.3145408, -3.8170387 ], [ 144.3146896, -3.8171042 ], [ 144.3147849, -3.8171578 ], [ 144.314893500000011, -3.8171859 ], [ 144.3150504, -3.8171912 ], [ 144.3152529, -3.8171912 ], [ 144.315407099999987, -3.8171645 ], [ 144.3156378, -3.8170949 ], [ 144.315832300000011, -3.817036 ], [ 144.3160428, -3.8169918 ], [ 144.3161809, -3.8169664 ], [ 144.316311, -3.816945 ], [ 144.316399499999989, -3.8169383 ], [ 144.3164679, -3.816949 ], [ 144.3165363, -3.8169999 ], [ 144.3165927, -3.8170895 ], [ 144.3166517, -3.8171712 ], [ 144.3167415, -3.8172461 ], [ 144.3168609, -3.8172969 ], [ 144.3170661, -3.8173518 ], [ 144.31718810000001, -3.8173652 ], [ 144.3172391, -3.817396 ], [ 144.317418800000013, -3.817582 ], [ 144.3175314, -3.8177131 ], [ 144.317656199999988, -3.8179125 ], [ 144.317817100000013, -3.8181881 ], [ 144.318019600000014, -3.8185521 ], [ 144.318181900000013, -3.8188264 ], [ 144.3183441, -3.8191155 ], [ 144.318471499999987, -3.8193657 ], [ 144.3186781, -3.8198153 ], [ 144.318837699999989, -3.8201298 ], [ 144.3190831, -3.8207051 ], [ 144.319301700000011, -3.8212096 ], [ 144.3194559, -3.8215896 ], [ 144.319564500000013, -3.821864 ], [ 144.319586, -3.8219777 ], [ 144.319607499999989, -3.8221396 ], [ 144.3196222, -3.8223189 ], [ 144.3196356, -3.8226749 ], [ 144.3196423, -3.8228475 ], [ 144.31963970000001, -3.8230161 ], [ 144.3195967, -3.8232315 ], [ 144.3195605, -3.8233693 ], [ 144.319425099999989, -3.8237628 ], [ 144.3192601, -3.8240866 ], [ 144.319134100000014, -3.8243114 ], [ 144.31906570000001, -3.8244559 ], [ 144.3189731, -3.8246446 ], [ 144.3189423, -3.8247342 ], [ 144.318930200000011, -3.8248212 ], [ 144.3189195, -3.824947 ], [ 144.3189087, -3.8250754 ], [ 144.3188404, -3.825244 ], [ 144.318734400000011, -3.8254073 ], [ 144.318635199999989, -3.8255304 ], [ 144.3185078, -3.8256642 ], [ 144.3183348, -3.8258141 ], [ 144.318094699999989, -3.8260175 ], [ 144.31786, -3.8262276 ], [ 144.317738, -3.8263748 ], [ 144.317621300000013, -3.8265581 ], [ 144.3175046, -3.826728 ], [ 144.317338299999989, -3.8270197 ], [ 144.3172123, -3.8272271 ], [ 144.317113, -3.8273931 ], [ 144.31701910000001, -3.8275429 ], [ 144.3168005, -3.8278186 ], [ 144.3166544, -3.8279778 ], [ 144.3166034, -3.8280287 ], [ 144.316535, -3.8280809 ], [ 144.3164586, -3.828117 ], [ 144.3163539, -3.8281344 ], [ 144.316230600000011, -3.8281464 ], [ 144.316143399999987, -3.8281732 ], [ 144.316088400000012, -3.8282267 ], [ 144.3160589, -3.8282869 ], [ 144.3160495, -3.8283565 ], [ 144.3160509, -3.8284716 ], [ 144.3160509, -3.8285907 ], [ 144.3160307, -3.8287124 ], [ 144.3159704, -3.8289239 ], [ 144.315914099999986, -3.8291273 ], [ 144.3158899, -3.8292785 ], [ 144.3158752, -3.8294618 ], [ 144.315898, -3.8296103 ], [ 144.3159932, -3.8298538 ], [ 144.3161689, -3.8302459 ], [ 144.3166235, -3.8309471 ], [ 144.3169159, -3.8314475 ], [ 144.31701240000001, -3.8317178 ], [ 144.3171144, -3.8319667 ], [ 144.317304799999988, -3.8321674 ], [ 144.3174845, -3.8323039 ], [ 144.31775, -3.8325849 ], [ 144.3180183, -3.832882 ], [ 144.3188283, -3.8334922 ], [ 144.3192735, -3.8338508 ], [ 144.3196893, -3.834113 ], [ 144.3200809, -3.8343245 ], [ 144.3204658, -3.8344917 ], [ 144.3206348, -3.8345667 ], [ 144.320713899999987, -3.8345707 ], [ 144.3207622, -3.8345359 ], [ 144.320807800000011, -3.8344422 ], [ 144.3207917, -3.8343378 ], [ 144.3207246, -3.8342228 ], [ 144.320569, -3.8340461 ], [ 144.3196946, -3.8334226 ], [ 144.318270399999989, -3.8323334 ], [ 144.3179566, -3.8320871 ], [ 144.3176454, -3.8317901 ], [ 144.3174818, -3.8316028 ], [ 144.317286, -3.831295 ], [ 144.31705, -3.8308641 ], [ 144.3168703, -3.830377 ], [ 144.3167469, -3.8299783 ], [ 144.3166852, -3.8296143 ], [ 144.3167281, -3.8293146 ], [ 144.3167952, -3.8291192 ], [ 144.3169212, -3.8289667 ], [ 144.3171251, -3.8288008 ], [ 144.317463, -3.8286776 ], [ 144.318029, -3.828584 ], [ 144.3185949, -3.8284957 ], [ 144.3190697, -3.8284261 ], [ 144.3197161, -3.8282655 ], [ 144.3205529, -3.8280166 ], [ 144.3212476, -3.8277249 ], [ 144.3215749, -3.8275938 ], [ 144.3219262, -3.8275081 ], [ 144.322307099999989, -3.8274466 ], [ 144.322629, -3.8274225 ], [ 144.3231305, -3.8274252 ], [ 144.3236455, -3.8274841 ], [ 144.3239433, -3.8275349 ], [ 144.324163199999987, -3.8275831 ], [ 144.3243268, -3.8275857 ], [ 144.3244502, -3.8275483 ], [ 144.324662100000012, -3.8274493 ], [ 144.3250108, -3.8273074 ], [ 144.325249500000012, -3.8272592 ], [ 144.3255687, -3.8272352 ], [ 144.325871799999987, -3.8272378 ], [ 144.326290199999988, -3.8273128 ], [ 144.3265209, -3.8273717 ], [ 144.3266872, -3.8273609 ], [ 144.326856099999986, -3.8273315 ], [ 144.3270814, -3.8272298 ], [ 144.327247699999987, -3.8271709 ], [ 144.3274006, -3.8271549 ], [ 144.3276286, -3.8271816 ], [ 144.327821699999987, -3.8272753 ], [ 144.3279746, -3.8274118 ], [ 144.3281168, -3.8275028 ], [ 144.3282911, -3.827559 ], [ 144.328760499999987, -3.8276982 ], [ 144.3289992, -3.8277945 ], [ 144.329246, -3.827931 ], [ 144.329557099999988, -3.8281451 ], [ 144.329726099999988, -3.828303 ], [ 144.3300372, -3.8287312 ], [ 144.330251800000013, -3.8289613 ], [ 144.3306139, -3.8293092 ], [ 144.3308553, -3.8294778 ], [ 144.3313193, -3.8297856 ], [ 144.3322983, -3.83027 ], [ 144.3335965, -3.8308882 ], [ 144.3344012, -3.8312682 ], [ 144.334774, -3.831394 ], [ 144.335066399999988, -3.8314368 ], [ 144.33534, -3.8314315 ], [ 144.3355679, -3.8313913 ], [ 144.3358469, -3.8313057 ], [ 144.3361366, -3.8311184 ], [ 144.3365899, -3.8307544 ], [ 144.3368769, -3.8305162 ], [ 144.337043200000011, -3.830444 ], [ 144.3371639, -3.8304092 ], [ 144.337225600000011, -3.8303824 ], [ 144.3373302, -3.8302486 ], [ 144.3373838, -3.8300827 ], [ 144.337367699999987, -3.8298498 ], [ 144.337365, -3.8297401 ], [ 144.337365, -3.8296009 ], [ 144.3373865, -3.8294377 ], [ 144.337475, -3.8292129 ], [ 144.3375957, -3.8289988 ], [ 144.3378344, -3.8287044 ], [ 144.3381053, -3.82841 ], [ 144.338191099999989, -3.8282789 ], [ 144.338285, -3.8280782 ], [ 144.3383145, -3.8278855 ], [ 144.3383709, -3.8273824 ], [ 144.3383977, -3.8271281 ], [ 144.3384218, -3.8269649 ], [ 144.338529099999988, -3.8267294 ], [ 144.33879730000001, -3.8263948 ], [ 144.339079, -3.8261673 ], [ 144.3396825, -3.8257954 ], [ 144.3402591, -3.825501 ], [ 144.34067490000001, -3.8253324 ], [ 144.3409967, -3.8252173 ], [ 144.3413883, -3.8250219 ], [ 144.3417048, -3.824856 ], [ 144.3420562, -3.8247034 ], [ 144.342539, -3.824492 ], [ 144.342890399999987, -3.82431 ], [ 144.3432096, -3.8240986 ], [ 144.343780900000013, -3.8236865 ], [ 144.3441135, -3.823459 ], [ 144.344456799999989, -3.8232583 ], [ 144.344698200000011, -3.8231512 ], [ 144.344947600000012, -3.8231164 ], [ 144.345138100000014, -3.8231298 ], [ 144.3452775, -3.8231673 ], [ 144.3454492, -3.8232449 ], [ 144.3457362, -3.8233841 ], [ 144.3460876, -3.8235313 ], [ 144.3462458, -3.8236463 ], [ 144.3463504, -3.8237587 ], [ 144.3463638, -3.8238765 ], [ 144.3463156, -3.8240103 ], [ 144.3460742, -3.8243422 ], [ 144.345779099999987, -3.8247971 ], [ 144.345569899999987, -3.8252039 ], [ 144.3455189, -3.8254287 ], [ 144.345527, -3.8256749 ], [ 144.3456182, -3.8259693 ], [ 144.345704, -3.8261352 ], [ 144.3458086, -3.8263547 ], [ 144.345873, -3.8265393 ], [ 144.345934699999987, -3.826716 ], [ 144.3459991, -3.8267882 ], [ 144.3461063, -3.8268364 ], [ 144.346312899999987, -3.8268792 ], [ 144.346522099999987, -3.8268685 ], [ 144.3466991, -3.8268096 ], [ 144.3468896, -3.8266758 ], [ 144.3470854, -3.8264965 ], [ 144.3472329, -3.8263788 ], [ 144.3473616, -3.8263172 ], [ 144.3475655, -3.8263038 ], [ 144.3479624, -3.8263119 ], [ 144.3482468, -3.8262851 ], [ 144.3484613, -3.8262075 ], [ 144.348641, -3.8260683 ], [ 144.348775100000012, -3.8258462 ], [ 144.3488824, -3.8255946 ], [ 144.3490085, -3.8253939 ], [ 144.3491238, -3.8252574 ], [ 144.3492606, -3.8252012 ], [ 144.3494725, -3.8251745 ], [ 144.3496978, -3.8251664 ], [ 144.3499124, -3.8251825 ], [ 144.3500438, -3.8252628 ], [ 144.350140399999987, -3.8253377 ], [ 144.3501994, -3.8254474 ], [ 144.3504086, -3.8257231 ], [ 144.350572199999988, -3.8259292 ], [ 144.350687599999986, -3.8260228 ], [ 144.3508136, -3.8260442 ], [ 144.350977199999988, -3.8260175 ], [ 144.351097900000013, -3.8259211 ], [ 144.3512428, -3.825873 ], [ 144.3514547, -3.8258703 ], [ 144.3515941, -3.8259078 ], [ 144.3518087, -3.825972 ], [ 144.351967, -3.825972 ], [ 144.3520743, -3.8259345 ], [ 144.3521762, -3.8258944 ], [ 144.3524444, -3.8257445 ], [ 144.3526348, -3.8255732 ], [ 144.352785, -3.8253002 ], [ 144.3528709, -3.8249978 ], [ 144.352940600000011, -3.8244893 ], [ 144.353042499999987, -3.824112 ], [ 144.353292, -3.8236865 ], [ 144.3535683, -3.8233011 ], [ 144.353989399999989, -3.823004 ], [ 144.3542549, -3.8228515 ], [ 144.3545446, -3.8227819 ], [ 144.354818200000011, -3.8227204 ], [ 144.3550086, -3.8227578 ], [ 144.355191, -3.8228943 ], [ 144.3553412, -3.8230576 ], [ 144.355520899999988, -3.8232743 ], [ 144.3557355, -3.823558 ], [ 144.355925899999988, -3.8237507 ], [ 144.3561405, -3.8239247 ], [ 144.356553600000012, -3.8241762 ], [ 144.3568861, -3.8243529 ], [ 144.3573126, -3.8245696 ], [ 144.3577015, -3.8247677 ], [ 144.35804490000001, -3.824939 ], [ 144.3583319, -3.8250674 ], [ 144.3586296, -3.8251557 ], [ 144.358916599999986, -3.8251745 ], [ 144.3591472, -3.8251397 ], [ 144.359321599999987, -3.8250139 ], [ 144.3594584, -3.8249604 ], [ 144.3595737, -3.8249497 ], [ 144.359686399999987, -3.8249737 ], [ 144.35985, -3.8250219 ], [ 144.3599439, -3.8250407 ], [ 144.3600404, -3.8250166 ], [ 144.360198700000012, -3.8249443 ], [ 144.3605661, -3.8246151 ], [ 144.3607217, -3.824385 ], [ 144.3608826, -3.8238925 ], [ 144.361043599999988, -3.8236035 ], [ 144.361365400000011, -3.8232663 ], [ 144.3616927, -3.8229612 ], [ 144.361934100000013, -3.8228542 ], [ 144.3621808, -3.8228863 ], [ 144.3625456, -3.823095 ], [ 144.3630445, -3.8234804 ], [ 144.3636674, -3.8242549 ], [ 144.363891099999989, -3.8245301 ], [ 144.364145900000011, -3.824855 ], [ 144.364555200000012, -3.8253608 ], [ 144.3651394, -3.8257981 ], [ 144.365698400000014, -3.8260876 ], [ 144.366293899999988, -3.8263756 ], [ 144.366685499999988, -3.8265693 ], [ 144.3671328, -3.8267754 ], [ 144.367567400000013, -3.826868 ], [ 144.3687576, -3.8268739 ], [ 144.3692297, -3.8268311 ], [ 144.3695033, -3.8268311 ], [ 144.369664199999988, -3.8268685 ], [ 144.369717799999989, -3.8269542 ], [ 144.369776800000011, -3.8270826 ], [ 144.3697554, -3.8272592 ], [ 144.3697017, -3.8274626 ], [ 144.3695247, -3.827666 ], [ 144.3692136, -3.8279872 ], [ 144.368280199999987, -3.8286509 ], [ 144.3674433, -3.8292504 ], [ 144.366788899999989, -3.8298605 ], [ 144.3660486, -3.8306955 ], [ 144.3655229, -3.831477 ], [ 144.3651473, -3.8322049 ], [ 144.3647182, -3.8332861 ], [ 144.36439630000001, -3.834303 ], [ 144.3643212, -3.8351594 ], [ 144.3642998, -3.8362727 ], [ 144.3644392, -3.8376322 ], [ 144.364653800000013, -3.8389382 ], [ 144.3650293, -3.8402549 ], [ 144.3661559, -3.8432522 ], [ 144.3672824, -3.8465065 ], [ 144.3687308, -3.8497071 ], [ 144.369063399999987, -3.8501781 ], [ 144.3695354, -3.8506384 ], [ 144.3700182, -3.8509382 ], [ 144.3705118, -3.8512593 ], [ 144.371026699999987, -3.8518802 ], [ 144.3713593, -3.8526295 ], [ 144.3715095, -3.853443 ], [ 144.3720889, -3.8555518 ], [ 144.3727585, -3.857049 ], [ 144.3734571, -3.858451 ], [ 144.3743849, -3.8602993 ], [ 144.375152, -3.8618247 ], [ 144.3757421, -3.8631842 ], [ 144.3761283, -3.8639763 ], [ 144.3766487, -3.864929 ], [ 144.37758740000001, -3.8663848 ], [ 144.3780166, -3.8669575 ], [ 144.378317, -3.8674713 ], [ 144.378494, -3.8677228 ], [ 144.3786979, -3.8678941 ], [ 144.378939300000013, -3.8680333 ], [ 144.379100200000011, -3.8681457 ], [ 144.3792665, -3.8682955 ], [ 144.379513300000013, -3.868606 ], [ 144.380012099999988, -3.8693392 ], [ 144.380511, -3.8701367 ], [ 144.3809402, -3.8711857 ], [ 144.3813264, -3.8721491 ], [ 144.38161070000001, -3.8730322 ], [ 144.382259800000014, -3.8753336 ], [ 144.382619299999988, -3.8764362 ], [ 144.3830001, -3.8773996 ], [ 144.3831664, -3.8781221 ], [ 144.3832308, -3.8789945 ], [ 144.3832684, -3.8800917 ], [ 144.383225399999986, -3.8804824 ], [ 144.383145, -3.8807339 ], [ 144.3829787, -3.8809748 ], [ 144.382453, -3.8813548 ], [ 144.381889699999988, -3.8817937 ], [ 144.381707299999988, -3.881997 ], [ 144.381659, -3.8822004 ], [ 144.3816268, -3.8824466 ], [ 144.381498099999988, -3.8825858 ], [ 144.3811709, -3.8828052 ], [ 144.3805647, -3.8830139 ], [ 144.379856600000011, -3.8831317 ], [ 144.3792719, -3.8830942 ], [ 144.3787193, -3.8830996 ], [ 144.3783545, -3.8830835 ], [ 144.3779147, -3.8830193 ], [ 144.3775123, -3.882939 ], [ 144.377056399999987, -3.882939 ], [ 144.3765199, -3.8830246 ], [ 144.375774299999989, -3.883212 ], [ 144.374921300000011, -3.8834849 ], [ 144.374159600000013, -3.88379 ], [ 144.3734246, -3.8841058 ], [ 144.3727541, -3.8844911 ], [ 144.3722498, -3.8847908 ], [ 144.37181, -3.8850049 ], [ 144.3711179, -3.8851976 ], [ 144.3703186, -3.8853421 ], [ 144.369809, -3.885417 ], [ 144.3691814, -3.8853903 ], [ 144.368333799999988, -3.8853046 ], [ 144.3672556, -3.8852137 ], [ 144.366397299999988, -3.8851869 ], [ 144.365667699999989, -3.8852029 ], [ 144.364938099999989, -3.8853635 ], [ 144.364256899999987, -3.8856258 ], [ 144.3635434, -3.8859041 ], [ 144.3629479, -3.8860379 ], [ 144.3624115, -3.8861503 ], [ 144.3617356, -3.8862038 ], [ 144.3607217, -3.886268 ], [ 144.3596274, -3.8863269 ], [ 144.35861890000001, -3.8862413 ], [ 144.357755200000014, -3.8860593 ], [ 144.3571222, -3.8858077 ], [ 144.356526699999989, -3.885508 ], [ 144.355706, -3.8851869 ], [ 144.354794, -3.8848872 ], [ 144.353812299999987, -3.8846196 ], [ 144.353, -3.8845 ], [ 144.352165500000012, -3.8844697 ], [ 144.351511, -3.8845125 ], [ 144.35054, -3.8846035 ], [ 144.3495852, -3.8846624 ], [ 144.3484694, -3.8846945 ], [ 144.347493, -3.8846356 ], [ 144.3468547, -3.8845125 ], [ 144.3464255, -3.8843413 ], [ 144.3456155, -3.8837418 ], [ 144.344928900000014, -3.8832494 ], [ 144.3443012, -3.88265 ], [ 144.3435824, -3.8817669 ], [ 144.34297620000001, -3.8807875 ], [ 144.3424451, -3.8800168 ], [ 144.3421769, -3.8796849 ], [ 144.3418872, -3.8794494 ], [ 144.3415493, -3.8791604 ], [ 144.341248900000011, -3.8788179 ], [ 144.3409431, -3.8783201 ], [ 144.3405569, -3.8776458 ], [ 144.3401062, -3.8767305 ], [ 144.3396932, -3.8759117 ], [ 144.33955370000001, -3.875521 ], [ 144.339382, -3.8750553 ], [ 144.3390924, -3.8744826 ], [ 144.3384513, -3.8736343 ], [ 144.3373623, -3.8722508 ], [ 144.3368983, -3.8716513 ], [ 144.3365121, -3.8709502 ], [ 144.3362653, -3.8702919 ], [ 144.336099, -3.8696122 ], [ 144.3359595, -3.8688896 ], [ 144.3358576, -3.8678834 ], [ 144.33571280000001, -3.8672197 ], [ 144.335525, -3.8667541 ], [ 144.3351978, -3.8662082 ], [ 144.3348867, -3.8656997 ], [ 144.334484300000014, -3.8652929 ], [ 144.333931799999988, -3.864945 ], [ 144.3330789, -3.8645008 ], [ 144.3300372, -3.862772 ], [ 144.3284118, -3.8616962 ], [ 144.327451599999989, -3.86107 ], [ 144.3267381, -3.8606472 ], [ 144.3261856, -3.8603849 ], [ 144.3255526, -3.8601441 ], [ 144.324898100000013, -3.8600263 ], [ 144.324308, -3.8599996 ], [ 144.3236804, -3.8600478 ], [ 144.3229508, -3.8601602 ], [ 144.322441199999986, -3.8602244 ], [ 144.322071099999988, -3.8602779 ], [ 144.321341499999988, -3.8602618 ], [ 144.320874800000013, -3.8602137 ], [ 144.3202364, -3.8600424 ], [ 144.3192118, -3.8596089 ], [ 144.3186432, -3.8593734 ], [ 144.3180853, -3.8592503 ], [ 144.3177044, -3.8592235 ], [ 144.3172055, -3.8592556 ], [ 144.3165994, -3.859368 ], [ 144.316223900000011, -3.8595339 ], [ 144.3158698, -3.8597748 ], [ 144.3154514, -3.8600959 ], [ 144.3148881, -3.8606526 ], [ 144.3142551, -3.8613912 ], [ 144.313037400000013, -3.8627935 ], [ 144.3122113, -3.8638157 ], [ 144.3117875, -3.8644526 ], [ 144.3115944, -3.8648808 ], [ 144.311363699999987, -3.8658817 ], [ 144.3113208, -3.8664544 ], [ 144.3113798, -3.8669147 ], [ 144.3114817, -3.867391 ], [ 144.3118143, -3.8684561 ], [ 144.3121147, -3.8693713 ], [ 144.3121844, -3.8699065 ], [ 144.312222, -3.8705649 ], [ 144.3121147, -3.8724542 ], [ 144.312200499999989, -3.8737815 ], [ 144.3122756, -3.8742579 ], [ 144.3124044, -3.8746593 ], [ 144.3126082, -3.8752266 ], [ 144.313686499999989, -3.8771587 ], [ 144.3139118, -3.8774986 ], [ 144.3139708, -3.8775722 ], [ 144.314011, -3.8775989 ], [ 144.314078099999989, -3.8776016 ], [ 144.314137100000011, -3.8775762 ], [ 144.3141948, -3.877524 ], [ 144.314205500000014, -3.8774865 ], [ 144.3142028, -3.8774063 ], [ 144.3140084, -3.8770222 ], [ 144.31338070000001, -3.875802 ], [ 144.3131474, -3.8752908 ], [ 144.312908599999986, -3.8747396 ], [ 144.3127504, -3.8742926 ], [ 144.312632400000012, -3.8738859 ], [ 144.3125761, -3.8734229 ], [ 144.3125305, -3.8728824 ], [ 144.312551899999988, -3.8723685 ], [ 144.312686, -3.8708592 ], [ 144.312686, -3.8702625 ], [ 144.3126699, -3.8699253 ], [ 144.3126082, -3.8694971 ], [ 144.3125224, -3.8691385 ], [ 144.31234, -3.8683865 ], [ 144.3120342, -3.8671769 ], [ 144.3119001, -3.8666256 ], [ 144.3118465, -3.866267 ], [ 144.3118411, -3.8660449 ], [ 144.3118733, -3.86578 ], [ 144.3119618, -3.8654294 ], [ 144.3124124, -3.8643724 ], [ 144.3126217, -3.8640887 ], [ 144.312965, -3.8637194 ], [ 144.3135551, -3.8631895 ], [ 144.31407, -3.862748 ], [ 144.314711100000011, -3.8621458 ], [ 144.3154862, -3.8613323 ], [ 144.316012, -3.8608212 ], [ 144.316419700000012, -3.860409 ], [ 144.3167415, -3.8601976 ], [ 144.317149199999989, -3.8600103 ], [ 144.317506, -3.8599139 ], [ 144.3178278, -3.8598899 ], [ 144.3181846, -3.8598979 ], [ 144.3185681, -3.8599755 ], [ 144.319067, -3.8601816 ], [ 144.3195337, -3.8604224 ], [ 144.3198448, -3.860591 ], [ 144.3201372, -3.8607248 ], [ 144.32051, -3.8608292 ], [ 144.32083990000001, -3.8608774 ], [ 144.32141390000001, -3.8609148 ], [ 144.3222776, -3.8609469 ], [ 144.3228623, -3.8608934 ], [ 144.3234095, -3.8607971 ], [ 144.3240532, -3.8606633 ], [ 144.3245602, -3.8605857 ], [ 144.3249357, -3.8605803 ], [ 144.3252951, -3.8606579 ], [ 144.3255982, -3.8607596 ], [ 144.3261722, -3.8609603 ], [ 144.326663, -3.8612012 ], [ 144.3271378, -3.8614768 ], [ 144.3275696, -3.8617524 ], [ 144.328098, -3.8621271 ], [ 144.3284923, -3.8624295 ], [ 144.328867800000012, -3.8627078 ], [ 144.3292782, -3.8630263 ], [ 144.329610800000012, -3.863235 ], [ 144.3300399, -3.8635133 ], [ 144.330340299999989, -3.8636926 ], [ 144.3311074, -3.8642091 ], [ 144.3316412, -3.8645249 ], [ 144.3321803, -3.8647791 ], [ 144.3326497, -3.8649638 ], [ 144.332944700000013, -3.8650708 ], [ 144.333242500000011, -3.865226 ], [ 144.3335322, -3.8654053 ], [ 144.3338379, -3.8656141 ], [ 144.3341222, -3.8658737 ], [ 144.334350199999989, -3.8661279 ], [ 144.3346426, -3.8665454 ], [ 144.3348196, -3.8668665 ], [ 144.3350127, -3.8673482 ], [ 144.3351093, -3.8677336 ], [ 144.335213900000014, -3.8681644 ], [ 144.3352729, -3.8686782 ], [ 144.3353265, -3.8692027 ], [ 144.3353641, -3.8694864 ], [ 144.3354338, -3.8699039 ], [ 144.335484799999989, -3.8701233 ], [ 144.3356886, -3.870712 ], [ 144.3358871, -3.8712392 ], [ 144.3360722, -3.8716674 ], [ 144.33626, -3.8720099 ], [ 144.3365791, -3.8724916 ], [ 144.337488400000012, -3.8737226 ], [ 144.337981899999988, -3.874397 ], [ 144.338373499999989, -3.8750366 ], [ 144.3387544, -3.8758046 ], [ 144.3389958, -3.8764415 ], [ 144.3391541, -3.8768189 ], [ 144.339366, -3.8774959 ], [ 144.339653, -3.8781301 ], [ 144.3399909, -3.8788286 ], [ 144.340425399999987, -3.8797063 ], [ 144.3407822, -3.8804182 ], [ 144.341114800000014, -3.8810123 ], [ 144.3417612, -3.8821763 ], [ 144.3422788, -3.8829123 ], [ 144.3428314, -3.8836937 ], [ 144.3431693, -3.8841031 ], [ 144.343754100000012, -3.884649 ], [ 144.344261, -3.8850638 ], [ 144.344843, -3.8854304 ], [ 144.345352600000012, -3.8856846 ], [ 144.345886400000012, -3.885888 ], [ 144.3463504, -3.8859763 ], [ 144.347074600000013, -3.8860834 ], [ 144.347648600000014, -3.8860914 ], [ 144.348391600000014, -3.8859977 ], [ 144.3493196, -3.8857729 ], [ 144.349931199999986, -3.885607 ], [ 144.3504649, -3.8854946 ], [ 144.3511918, -3.8853689 ], [ 144.351653199999987, -3.8853394 ], [ 144.35233980000001, -3.8853528 ], [ 144.352967400000011, -3.8853608 ], [ 144.3535066, -3.8854331 ], [ 144.354153, -3.8855883 ], [ 144.354716200000013, -3.8857863 ], [ 144.355494099999987, -3.8860834 ], [ 144.3565509, -3.8865142 ], [ 144.3571651, -3.8867256 ], [ 144.3576747, -3.8868862 ], [ 144.3582112, -3.8870039 ], [ 144.3589622, -3.8871217 ], [ 144.3598017, -3.8871939 ], [ 144.3604937, -3.8871993 ], [ 144.3616283, -3.8871029 ], [ 144.3625054, -3.8869584 ], [ 144.363688200000013, -3.8867711 ], [ 144.3643481, -3.8866453 ], [ 144.365252, -3.8864339 ], [ 144.3657723, -3.8863429 ], [ 144.366314100000011, -3.8863082 ], [ 144.3667218, -3.8863108 ], [ 144.3672904, -3.8863563 ], [ 144.367682, -3.8863697 ], [ 144.3684921, -3.8863884 ], [ 144.3691948, -3.8864339 ], [ 144.3696803, -3.8864366 ], [ 144.370383, -3.886367 ], [ 144.3708631, -3.8863001 ], [ 144.3712655, -3.8862011 ], [ 144.3716195, -3.8861369 ], [ 144.3720916, -3.8860191 ], [ 144.372451, -3.8858746 ], [ 144.37282110000001, -3.8857087 ], [ 144.373135, -3.8855482 ], [ 144.373379, -3.8854304 ], [ 144.3735132, -3.8853742 ], [ 144.3735829, -3.8853234 ], [ 144.373633899999987, -3.8852484 ], [ 144.3736821, -3.8851655 ], [ 144.3737492, -3.8850932 ], [ 144.3738458, -3.8850263 ], [ 144.3740711, -3.8849353 ], [ 144.3744653, -3.8847561 ], [ 144.3747711, -3.8846222 ], [ 144.375042, -3.8845286 ], [ 144.3753451, -3.8844456 ], [ 144.3757904, -3.8843653 ], [ 144.3763161, -3.8842797 ], [ 144.376629900000012, -3.8842369 ], [ 144.37701340000001, -3.8841914 ], [ 144.3772978, -3.88417 ], [ 144.377684, -3.8841861 ], [ 144.378022, -3.8842235 ], [ 144.3783626, -3.8842235 ], [ 144.3785906, -3.8842128 ], [ 144.378805199999988, -3.8842021 ], [ 144.3798459, -3.884087 ], [ 144.3806639, -3.8839613 ], [ 144.3814337, -3.8837846 ], [ 144.3818521, -3.8836589 ], [ 144.3822733, -3.8835251 ], [ 144.3827373, -3.8833297 ], [ 144.383238799999987, -3.8830701 ], [ 144.383676, -3.8827892 ], [ 144.384137399999986, -3.8824065 ], [ 144.3844727, -3.88208 ], [ 144.3847945, -3.881617 ], [ 144.3851539, -3.8810042 ], [ 144.3853605, -3.8804958 ], [ 144.3855134, -3.8800489 ], [ 144.3856126, -3.8795431 ], [ 144.3856716, -3.8788607 ], [ 144.3856582, -3.8782666 ], [ 144.3856341, -3.8773166 ], [ 144.3856099, -3.8770196 ], [ 144.3855375, -3.8766636 ], [ 144.385457, -3.8763853 ], [ 144.385221, -3.8758796 ], [ 144.385025899999988, -3.8755224 ], [ 144.3846685, -3.874868 ], [ 144.384089100000011, -3.8738859 ], [ 144.3837538, -3.8732169 ], [ 144.383528500000011, -3.8728128 ], [ 144.3831745, -3.8722535 ], [ 144.3827024, -3.871373 ], [ 144.382152600000012, -3.8701527 ], [ 144.3818843, -3.8695801 ], [ 144.381632200000013, -3.869002 ], [ 144.3814337, -3.8684909 ], [ 144.3812782, -3.8680761 ], [ 144.3811977, -3.8678406 ], [ 144.3811226, -3.8675543 ], [ 144.38102330000001, -3.8672304 ], [ 144.3809295, -3.8669949 ], [ 144.3808785, -3.8668183 ], [ 144.380857, -3.8665935 ], [ 144.3809295, -3.8664463 ], [ 144.3810877, -3.8663634 ], [ 144.381195, -3.8663313 ], [ 144.381262099999987, -3.8663232 ], [ 144.3813184, -3.8663179 ], [ 144.3813398, -3.8662537 ], [ 144.3813211, -3.86616 ], [ 144.3812567, -3.8660423 ], [ 144.3811816, -3.8659325 ], [ 144.3807927, -3.8653759 ], [ 144.380326, -3.8646694 ], [ 144.3796796, -3.8636257 ], [ 144.3792316, -3.8628951 ], [ 144.3789124, -3.8622903 ], [ 144.3787461, -3.8619826 ], [ 144.3785369, -3.8616293 ], [ 144.378271399999988, -3.8611664 ], [ 144.3780836, -3.8608265 ], [ 144.377866399999988, -3.8603849 ], [ 144.377203900000012, -3.8589024 ], [ 144.3766192, -3.857559 ], [ 144.3763, -3.8568899 ], [ 144.375988799999988, -3.8562557 ], [ 144.3755999, -3.8554582 ], [ 144.3751091, -3.854468 ], [ 144.374470699999989, -3.853344 ], [ 144.3733871, -3.8516393 ], [ 144.373086699999988, -3.8511844 ], [ 144.3728372, -3.8508017 ], [ 144.3725717, -3.8504217 ], [ 144.3717322, -3.8492709 ], [ 144.3708417, -3.8480212 ], [ 144.37045280000001, -3.8474886 ], [ 144.3701524, -3.8469989 ], [ 144.369819799999988, -3.846469 ], [ 144.3696454, -3.8461184 ], [ 144.3694121, -3.8454387 ], [ 144.369264500000014, -3.8450292 ], [ 144.3691331, -3.844775 ], [ 144.3688998, -3.8442638 ], [ 144.368556399999989, -3.8433566 ], [ 144.368454500000013, -3.8430221 ], [ 144.3683124, -3.842618 ], [ 144.368258700000013, -3.8424199 ], [ 144.368205100000011, -3.842246 ], [ 144.3680871, -3.8419596 ], [ 144.3679503, -3.8417295 ], [ 144.3677303, -3.841205 ], [ 144.3676659, -3.8410176 ], [ 144.367644500000011, -3.8409534 ], [ 144.3675855, -3.840833 ], [ 144.367502300000012, -3.8406938 ], [ 144.367395, -3.8403887 ], [ 144.3673038, -3.8399632 ], [ 144.3670866, -3.8390506 ], [ 144.3669686, -3.8385288 ], [ 144.3668935, -3.8382585 ], [ 144.3668264, -3.8379962 ], [ 144.366754, -3.8376884 ], [ 144.3667299, -3.8373673 ], [ 144.366732500000012, -3.8371104 ], [ 144.366713800000014, -3.8369712 ], [ 144.3666601, -3.836808 ], [ 144.3666333, -3.8366073 ], [ 144.3665823, -3.8363744 ], [ 144.3665877, -3.836163 ], [ 144.3666172, -3.8360586 ], [ 144.3666601, -3.8359998 ], [ 144.366719100000012, -3.835981 ], [ 144.366762, -3.8360158 ], [ 144.366813, -3.8361229 ], [ 144.3668559, -3.8361898 ], [ 144.366901500000012, -3.8362433 ], [ 144.3669578, -3.8363182 ], [ 144.3669793, -3.8364306 ], [ 144.366982, -3.8366099 ], [ 144.3669739, -3.8367491 ], [ 144.367003399999987, -3.8368722 ], [ 144.3670732, -3.8369766 ], [ 144.3671831, -3.8370702 ], [ 144.3673307, -3.8371345 ], [ 144.36740850000001, -3.8371291 ], [ 144.3674514, -3.8370809 ], [ 144.3674594, -3.83699 ], [ 144.367446, -3.8368347 ], [ 144.367277, -3.8356947 ], [ 144.3671939, -3.8350122 ], [ 144.3671831, -3.8345814 ], [ 144.3671831, -3.8339739 ], [ 144.3672368, -3.8335403 ], [ 144.367301200000014, -3.8328499 ], [ 144.3673655, -3.8322236 ], [ 144.3674245, -3.8319132 ], [ 144.367510399999986, -3.8316857 ], [ 144.3676338, -3.8314984 ], [ 144.3678483, -3.8312977 ], [ 144.368266799999986, -3.8310675 ], [ 144.3688515, -3.8308133 ], [ 144.3696266, -3.8305483 ], [ 144.370278399999989, -3.8303289 ], [ 144.3706942, -3.8301951 ], [ 144.3711233, -3.8300265 ], [ 144.3716249, -3.829791 ], [ 144.3723652, -3.8294136 ], [ 144.3731323, -3.8289988 ], [ 144.3736902, -3.8286616 ], [ 144.3740952, -3.8283779 ], [ 144.374537800000013, -3.8280461 ], [ 144.3750125, -3.8277035 ], [ 144.375752799999987, -3.8273047 ], [ 144.3765065, -3.826906 ], [ 144.3771824, -3.82655 ], [ 144.3775392, -3.8263627 ], [ 144.3776733, -3.8263199 ], [ 144.377826199999987, -3.8262985 ], [ 144.377946900000012, -3.826261 ], [ 144.3780944, -3.8261968 ], [ 144.3782553, -3.8260469 ], [ 144.3783733, -3.8259399 ], [ 144.3784967, -3.8258623 ], [ 144.37868180000001, -3.8257713 ], [ 144.3793389, -3.8255036 ], [ 144.3798619, -3.8253297 ], [ 144.3802589, -3.8251878 ], [ 144.3807229, -3.825054 ], [ 144.3815356, -3.8248319 ], [ 144.3829116, -3.8245241 ], [ 144.38355, -3.8243689 ], [ 144.384298300000012, -3.8242271 ], [ 144.384926, -3.824112 ], [ 144.3852827, -3.8240371 ], [ 144.385615300000012, -3.8240504 ], [ 144.3859881, -3.8241334 ], [ 144.386669399999988, -3.8242913 ], [ 144.387160200000011, -3.8244171 ], [ 144.3876404, -3.8245402 ], [ 144.3880641, -3.8246312 ], [ 144.3884611, -3.8247034 ], [ 144.3888929, -3.8247195 ], [ 144.3893328, -3.8246847 ], [ 144.3895742, -3.8246606 ], [ 144.3898049, -3.8246446 ], [ 144.3900114, -3.824658 ], [ 144.3902421, -3.8247115 ], [ 144.390448600000013, -3.8247784 ], [ 144.3910655, -3.8249363 ], [ 144.3915591, -3.8250915 ], [ 144.392036499999989, -3.8252012 ], [ 144.392487100000011, -3.8252387 ], [ 144.392792899999989, -3.8252414 ], [ 144.39300750000001, -3.8252173 ], [ 144.3932086, -3.8252173 ], [ 144.3934017, -3.8252494 ], [ 144.393675300000012, -3.8253484 ], [ 144.393957, -3.8255063 ], [ 144.3940777, -3.8255866 ], [ 144.3941742, -3.8257044 ], [ 144.394276100000013, -3.825889 ], [ 144.3943298, -3.8260442 ], [ 144.394362, -3.8261406 ], [ 144.3944022, -3.8261968 ], [ 144.3945524, -3.8262396 ], [ 144.3948072, -3.826245 ], [ 144.395003, -3.8262262 ], [ 144.3951854, -3.8262396 ], [ 144.3953329, -3.826253 ], [ 144.395518, -3.8262797 ], [ 144.396113500000013, -3.8263948 ], [ 144.3967169, -3.8264938 ], [ 144.3972856, -3.8266143 ], [ 144.397604800000011, -3.8266919 ], [ 144.397867600000012, -3.8267294 ], [ 144.3982351, -3.8267749 ], [ 144.398873400000014, -3.8268498 ], [ 144.399455499999988, -3.8269274 ], [ 144.3999222, -3.8269649 ], [ 144.4005391, -3.8269702 ], [ 144.4012928, -3.8269702 ], [ 144.4020653, -3.8269622 ], [ 144.4029799, -3.8269408 ], [ 144.4042647, -3.8268899 ], [ 144.404632099999986, -3.8268498 ], [ 144.405182, -3.8268096 ], [ 144.4054985, -3.8267963 ], [ 144.405713100000014, -3.8267829 ], [ 144.405908899999986, -3.8267561 ], [ 144.4061422, -3.8266785 ], [ 144.4064319, -3.8265527 ], [ 144.406786, -3.8264082 ], [ 144.4071588, -3.8262717 ], [ 144.408076099999988, -3.8259425 ], [ 144.4087788, -3.8256963 ], [ 144.4091678, -3.8255358 ], [ 144.40962110000001, -3.8253324 ], [ 144.410039500000011, -3.825129 ], [ 144.41040430000001, -3.8249202 ], [ 144.410812, -3.8246954 ], [ 144.4111365, -3.8244679 ], [ 144.4115737, -3.8241334 ], [ 144.4118527, -3.823914 ], [ 144.4120914, -3.8237159 ], [ 144.412477599999988, -3.8234135 ], [ 144.4127646, -3.8231191 ], [ 144.413006, -3.8228515 ], [ 144.4132555, -3.8225758 ], [ 144.41348880000001, -3.8223269 ], [ 144.4137141, -3.8221075 ], [ 144.4140601, -3.8218238 ], [ 144.4144115, -3.8215348 ], [ 144.414703800000012, -3.821318 ], [ 144.415015, -3.8211146 ], [ 144.4154039, -3.8208577 ], [ 144.4160771, -3.8204482 ], [ 144.4167396, -3.8200307 ], [ 144.4171259, -3.8197872 ], [ 144.4173941, -3.8195999 ], [ 144.4176301, -3.819442 ], [ 144.418013699999989, -3.8191422 ], [ 144.418450900000011, -3.8187006 ], [ 144.4189498, -3.8181654 ], [ 144.4193414, -3.8177452 ], [ 144.4195774, -3.8174776 ], [ 144.4197974, -3.817226 ], [ 144.420065599999987, -3.816945 ], [ 144.420261399999987, -3.8167416 ], [ 144.420449100000013, -3.8165677 ], [ 144.4205725, -3.8163883 ], [ 144.4207147, -3.8161314 ], [ 144.420822, -3.8158317 ], [ 144.4209212, -3.8155079 ], [ 144.4210258, -3.8152081 ], [ 144.421125100000012, -3.814911 ], [ 144.4212243, -3.8146434 ], [ 144.421353, -3.8142607 ], [ 144.4215623, -3.8136987 ], [ 144.4217554, -3.8133535 ], [ 144.422324, -3.8125533 ], [ 144.423008, -3.8117102 ], [ 144.4235471, -3.8109769 ], [ 144.4241506, -3.810241 ], [ 144.4243088, -3.8100911 ], [ 144.4244617, -3.8100268 ], [ 144.42462, -3.8100268 ], [ 144.4247782, -3.8100536 ], [ 144.4250491, -3.81015 ], [ 144.425384400000013, -3.8103186 ], [ 144.425877899999989, -3.8105969 ], [ 144.426055, -3.8106906 ], [ 144.426232, -3.8107307 ], [ 144.4263875, -3.81072 ], [ 144.426532400000013, -3.8106504 ], [ 144.426741600000014, -3.8104791 ], [ 144.4268918, -3.8102918 ], [ 144.4270098, -3.8101419 ], [ 144.427101, -3.8099894 ], [ 144.4271708, -3.8097967 ], [ 144.4271922, -3.8096174 ], [ 144.4272163, -3.8093738 ], [ 144.42721370000001, -3.8092079 ], [ 144.427168099999989, -3.8089777 ], [ 144.4271708, -3.8087904 ], [ 144.42720030000001, -3.8086272 ], [ 144.4273049, -3.8084023 ], [ 144.4275892, -3.807934 ], [ 144.428152399999988, -3.8070669 ], [ 144.428273100000013, -3.8069224 ], [ 144.4283965, -3.8068153 ], [ 144.428584300000011, -3.8066788 ], [ 144.428820300000012, -3.8065798 ], [ 144.4290537, -3.806553 ], [ 144.4293487, -3.8065611 ], [ 144.4295526, -3.8066173 ], [ 144.4296893, -3.8066574 ], [ 144.429794, -3.8066788 ], [ 144.429979, -3.8066949 ], [ 144.4301346, -3.8066467 ], [ 144.4303143, -3.8065209 ], [ 144.4305369, -3.8064032 ], [ 144.4307542, -3.8063175 ], [ 144.4309366, -3.8062667 ], [ 144.4311136, -3.8062238 ], [ 144.4313362, -3.8061596 ], [ 144.431473, -3.8060874 ], [ 144.4316205, -3.805999 ], [ 144.4317117, -3.8059268 ], [ 144.4318002, -3.8058304 ], [ 144.4318271, -3.8057555 ], [ 144.4318297, -3.8056645 ], [ 144.4318083, -3.8055762 ], [ 144.4317895, -3.8054932 ], [ 144.4318083, -3.8054156 ], [ 144.4318485, -3.8053326 ], [ 144.4319719, -3.805247 ], [ 144.4321838, -3.8051212 ], [ 144.4325781, -3.8049232 ], [ 144.4328114, -3.8047947 ], [ 144.432967, -3.8046823 ], [ 144.4331494, -3.8045324 ], [ 144.4332138, -3.8043799 ], [ 144.433246, -3.8042032 ], [ 144.4332379, -3.8040721 ], [ 144.4331977, -3.8038393 ], [ 144.433144, -3.803478 ], [ 144.4331253, -3.8033174 ], [ 144.4331521, -3.8031247 ], [ 144.4332272, -3.8028651 ], [ 144.433248600000013, -3.8026938 ], [ 144.433221800000013, -3.8025894 ], [ 144.4331065, -3.8024824 ], [ 144.433026, -3.8024396 ], [ 144.4329214, -3.8024074 ], [ 144.4327712, -3.8024155 ], [ 144.4325888, -3.8024342 ], [ 144.4324681, -3.8024048 ], [ 144.432317899999987, -3.8023245 ], [ 144.432216, -3.8022308 ], [ 144.4320577, -3.8020595 ], [ 144.4319183, -3.8018106 ], [ 144.4316447, -3.8011656 ], [ 144.4315267, -3.8008311 ], [ 144.4314703, -3.800617 ], [ 144.4314355, -3.8004404 ], [ 144.4313818, -3.8000576 ], [ 144.4313282, -3.7997285 ], [ 144.431263800000011, -3.7995893 ], [ 144.431178, -3.7994635 ], [ 144.4308105, -3.7990754 ], [ 144.430545, -3.7988132 ], [ 144.4301963, -3.7984893 ], [ 144.430003199999987, -3.7983047 ], [ 144.429901199999989, -3.7981682 ], [ 144.429807399999987, -3.7979915 ], [ 144.4297349, -3.7977801 ], [ 144.4296893, -3.7976356 ], [ 144.4296679, -3.7975473 ], [ 144.4296008, -3.7974723 ], [ 144.4294935, -3.7974134 ], [ 144.42935940000001, -3.7973787 ], [ 144.4290993, -3.7973037 ], [ 144.4288927, -3.7972555 ], [ 144.4287989, -3.7972074 ], [ 144.4287184, -3.7971351 ], [ 144.4286406, -3.7970307 ], [ 144.4286031, -3.7969558 ], [ 144.428587, -3.7968835 ], [ 144.4285279, -3.7968247 ], [ 144.4283724, -3.7967711 ], [ 144.428232900000012, -3.7967256 ], [ 144.4281283, -3.7967176 ], [ 144.4280317, -3.7967551 ], [ 144.428010300000011, -3.7968327 ], [ 144.428023700000011, -3.7969879 ], [ 144.4280344, -3.797103 ], [ 144.428010300000011, -3.7972502 ], [ 144.427954, -3.7974991 ], [ 144.4279084, -3.7976329 ], [ 144.427868100000012, -3.7977373 ], [ 144.4278601, -3.7977988 ], [ 144.4278842, -3.7978657 ], [ 144.4279727, -3.798037 ], [ 144.428072, -3.7982752 ], [ 144.4281176, -3.7984519 ], [ 144.4281095, -3.7985857 ], [ 144.4280747, -3.7986981 ], [ 144.4279593, -3.7988533 ], [ 144.42778770000001, -3.7990192 ], [ 144.427476500000012, -3.799228 ], [ 144.4273102, -3.7992815 ], [ 144.4271493, -3.7992815 ], [ 144.426983, -3.79922 ], [ 144.4266826, -3.7989898 ], [ 144.4264063, -3.7987516 ], [ 144.426242699999989, -3.7985857 ], [ 144.4260013, -3.7983395 ], [ 144.425749200000013, -3.7981253 ], [ 144.4254488, -3.7979219 ], [ 144.425223499999987, -3.79774 ], [ 144.4250894, -3.797558 ], [ 144.4249982, -3.7973947 ], [ 144.42497130000001, -3.7972315 ], [ 144.4249767, -3.7970441 ], [ 144.4250035, -3.7968166 ], [ 144.4250357, -3.7965945 ], [ 144.4250974, -3.796375 ], [ 144.4251645, -3.7962278 ], [ 144.425228800000014, -3.7961449 ], [ 144.4253227, -3.7960967 ], [ 144.425486299999989, -3.7960913 ], [ 144.4260228, -3.7960913 ], [ 144.426688, -3.7961342 ], [ 144.427814500000011, -3.7962519 ], [ 144.4285548, -3.7963483 ], [ 144.429354100000012, -3.7964607 ], [ 144.4302499, -3.7965624 ], [ 144.4309044, -3.7966641 ], [ 144.432342, -3.7968889 ], [ 144.4332647, -3.7970388 ], [ 144.433897699999989, -3.797119 ], [ 144.434815, -3.79721 ], [ 144.4355875, -3.7972689 ], [ 144.436225900000011, -3.7973439 ], [ 144.4368374, -3.7974349 ], [ 144.4374704, -3.797558 ], [ 144.4381115, -3.7977538 ], [ 144.4394284, -3.7981468 ], [ 144.4406354, -3.7984358 ], [ 144.441821, -3.7986874 ], [ 144.442759700000011, -3.7988801 ], [ 144.443773599999986, -3.7991049 ], [ 144.444648, -3.799319 ], [ 144.4452435, -3.7994635 ], [ 144.446311, -3.7997311 ], [ 144.447507300000012, -3.8000148 ], [ 144.448505, -3.8002557 ], [ 144.4492936, -3.8003681 ], [ 144.4497871, -3.8004163 ], [ 144.4503772, -3.8004859 ], [ 144.451031699999987, -3.8005822 ], [ 144.4514823, -3.8006464 ], [ 144.452340600000014, -3.8007642 ], [ 144.4530648, -3.8008819 ], [ 144.4545776, -3.8011656 ], [ 144.455232, -3.8012513 ], [ 144.4555378, -3.8012887 ], [ 144.455945500000013, -3.8013583 ], [ 144.4564551, -3.8014921 ], [ 144.456916400000011, -3.8015992 ], [ 144.4577265, -3.8017705 ], [ 144.458558, -3.8019739 ], [ 144.4594753, -3.8022094 ], [ 144.460070699999989, -3.8023753 ], [ 144.46085930000001, -3.8025359 ], [ 144.461953599999987, -3.8027875 ], [ 144.462790500000011, -3.8030337 ], [ 144.4635576, -3.8032371 ], [ 144.4640565, -3.8033281 ], [ 144.4650757, -3.8035208 ], [ 144.4658911, -3.8036814 ], [ 144.466604600000011, -3.8038152 ], [ 144.467779400000012, -3.8039972 ], [ 144.4698822, -3.804404 ], [ 144.4722855, -3.8048108 ], [ 144.4747424, -3.8051747 ], [ 144.4767272, -3.8054209 ], [ 144.4782615, -3.8056243 ], [ 144.4799137, -3.8056993 ], [ 144.481544500000012, -3.8056886 ], [ 144.4826496, -3.8057421 ], [ 144.483293300000014, -3.8057742 ], [ 144.4840443, -3.8058331 ], [ 144.4843769, -3.8058813 ], [ 144.4846451, -3.8059187 ], [ 144.4848651, -3.8059509 ], [ 144.485095699999988, -3.8059562 ], [ 144.4855624, -3.805983 ], [ 144.486007699999988, -3.805983 ], [ 144.4867319, -3.8059937 ], [ 144.4877994, -3.8060847 ], [ 144.4890547, -3.8061917 ], [ 144.4902456, -3.8063523 ], [ 144.4912755, -3.8064915 ], [ 144.492123099999986, -3.8066467 ], [ 144.4925255, -3.8067323 ], [ 144.4931102, -3.8068233 ], [ 144.4935527, -3.8069197 ], [ 144.4940329, -3.8070053 ], [ 144.4945478, -3.8071124 ], [ 144.4949824, -3.8071766 ], [ 144.4957039, -3.8073238 ], [ 144.496430800000013, -3.8074309 ], [ 144.4971174, -3.8075245 ], [ 144.4976619, -3.8076102 ], [ 144.4983351, -3.8077012 ], [ 144.4988555, -3.8077814 ], [ 144.4997191, -3.8079153 ], [ 144.500159, -3.808017 ], [ 144.5008779, -3.8081187 ], [ 144.5013392, -3.8081882 ], [ 144.5019105, -3.8082444 ], [ 144.502396, -3.808298 ], [ 144.5029432, -3.8083622 ], [ 144.5033938, -3.8084264 ], [ 144.5039892, -3.808496 ], [ 144.5048583, -3.8085736 ], [ 144.5054108, -3.8086138 ], [ 144.5060331, -3.80867 ], [ 144.506489, -3.8087181 ], [ 144.5067841, -3.8087342 ], [ 144.5071059, -3.808761 ], [ 144.5076209, -3.8088198 ], [ 144.5079321, -3.808868 ], [ 144.5082539, -3.8089269 ], [ 144.5088977, -3.8090018 ], [ 144.5094126, -3.8090714 ], [ 144.510592800000012, -3.8091945 ], [ 144.5114565, -3.8092748 ], [ 144.5121163, -3.8093283 ], [ 144.512701, -3.8093819 ], [ 144.513280400000014, -3.8094407 ], [ 144.513929499999989, -3.8095264 ], [ 144.514433700000012, -3.809612 ], [ 144.514997, -3.8097191 ], [ 144.515420799999987, -3.8098047 ], [ 144.516128900000012, -3.8099064 ], [ 144.51704620000001, -3.8100349 ], [ 144.5180708, -3.8102008 ], [ 144.5189559, -3.8103988 ], [ 144.5200503, -3.8105541 ], [ 144.52086030000001, -3.8106986 ], [ 144.521504, -3.8108378 ], [ 144.5224643, -3.8110358 ], [ 144.5233494, -3.8112178 ], [ 144.5241648, -3.8113891 ], [ 144.5254147, -3.8117316 ], [ 144.526106700000014, -3.8118976 ], [ 144.5268577, -3.8120903 ], [ 144.5277911, -3.8122348 ], [ 144.5283169, -3.8123204 ], [ 144.5289123, -3.8123793 ], [ 144.52948090000001, -3.8125292 ], [ 144.530049600000012, -3.8127111 ], [ 144.530832800000013, -3.813043 ], [ 144.5313907, -3.8133106 ], [ 144.532034399999986, -3.8136104 ], [ 144.5326245, -3.8138994 ], [ 144.533053599999988, -3.8141777 ], [ 144.5336223, -3.8145417 ], [ 144.5340299, -3.8147986 ], [ 144.5343518, -3.8150341 ], [ 144.5347917, -3.8153446 ], [ 144.5352101, -3.8156765 ], [ 144.535532, -3.8159013 ], [ 144.5358324, -3.8161689 ], [ 144.5361757, -3.8164793 ], [ 144.5364118, -3.8167041 ], [ 144.536658499999987, -3.8169932 ], [ 144.5368731, -3.8172287 ], [ 144.537130600000012, -3.8175927 ], [ 144.537366600000013, -3.8180423 ], [ 144.5376348, -3.8187381 ], [ 144.537913800000013, -3.8197979 ], [ 144.5381391, -3.8205365 ], [ 144.5383215, -3.8212217 ], [ 144.53843950000001, -3.8218747 ], [ 144.5384824, -3.822517 ], [ 144.5383215, -3.8249443 ], [ 144.5384422, -3.8253002 ], [ 144.538536099999988, -3.8256669 ], [ 144.5386407, -3.8262048 ], [ 144.5387211, -3.8267936 ], [ 144.5387909, -3.8273476 ], [ 144.5388499, -3.827939 ], [ 144.5389035, -3.8284555 ], [ 144.5390162, -3.8290603 ], [ 144.539150299999989, -3.8296571 ], [ 144.539324599999986, -3.8303182 ], [ 144.5394856, -3.8309176 ], [ 144.5396706, -3.8315492 ], [ 144.5398504, -3.8323066 ], [ 144.5400166, -3.8330345 ], [ 144.5402071, -3.8337972 ], [ 144.5403412, -3.8344181 ], [ 144.540494099999989, -3.8351273 ], [ 144.5406792, -3.8359088 ], [ 144.5408401, -3.8365966 ], [ 144.541006399999986, -3.8372629 ], [ 144.5411995, -3.8381407 ], [ 144.5414168, -3.8389998 ], [ 144.5416367, -3.8397678 ], [ 144.5418352, -3.8405091 ], [ 144.542079300000012, -3.841395 ], [ 144.5422858, -3.8421443 ], [ 144.5425487, -3.843188 ], [ 144.542685400000011, -3.8438383 ], [ 144.542924199999987, -3.844791 ], [ 144.5431977, -3.8457946 ], [ 144.5434847, -3.8467687 ], [ 144.5438093, -3.8477964 ], [ 144.544166, -3.8487758 ], [ 144.5445147, -3.8496617 ], [ 144.544868799999989, -3.8504377 ], [ 144.5454669, -3.8515483 ], [ 144.5457137, -3.8519899 ], [ 144.5459376, -3.8521117 ], [ 144.5460999, -3.8522495 ], [ 144.546373499999987, -3.852683 ], [ 144.5465451, -3.8530095 ], [ 144.5466149, -3.8531754 ], [ 144.5466471, -3.8533092 ], [ 144.54666850000001, -3.8536036 ], [ 144.546636299999989, -3.8539087 ], [ 144.5466202, -3.8542352 ], [ 144.5466578, -3.8548989 ], [ 144.5467114, -3.8554502 ], [ 144.546765099999988, -3.8559586 ], [ 144.546952800000014, -3.8570612 ], [ 144.5471191, -3.8576285 ], [ 144.5473283, -3.8582119 ], [ 144.5476127, -3.8591593 ], [ 144.5480633, -3.8604706 ], [ 144.548471, -3.8616053 ], [ 144.548905499999989, -3.8626543 ], [ 144.549565300000012, -3.8639977 ], [ 144.5502198, -3.8651484 ], [ 144.5505738, -3.8656944 ], [ 144.5512122, -3.866722 ], [ 144.5518184, -3.8676051 ], [ 144.552505, -3.8685953 ], [ 144.553111199999989, -3.8694436 ], [ 144.5536262, -3.870142 ], [ 144.5540392, -3.870688 ], [ 144.5544845, -3.871266 ], [ 144.5548278, -3.8717156 ], [ 144.5552087, -3.8721437 ], [ 144.5555305, -3.8724542 ], [ 144.556115299999988, -3.8730483 ], [ 144.55659270000001, -3.8735674 ], [ 144.557113, -3.874001 ], [ 144.557416100000012, -3.874215 ], [ 144.5577782, -3.8744826 ], [ 144.5584246, -3.8751062 ], [ 144.559342, -3.8761097 ], [ 144.5601466, -3.8770303 ], [ 144.5608655, -3.8777662 ], [ 144.5611337, -3.878082 ], [ 144.5613429, -3.878363 ], [ 144.5615762, -3.8787965 ], [ 144.561882, -3.8794441 ], [ 144.5623273, -3.8800275 ], [ 144.5625982, -3.8805118 ], [ 144.562756400000012, -3.8808918 ], [ 144.5628503, -3.8812076 ], [ 144.56292, -3.8815314 ], [ 144.562965600000013, -3.882163 ], [ 144.5628771, -3.8826875 ], [ 144.5625767, -3.8834073 ], [ 144.5619142, -3.8844751 ], [ 144.5614099, -3.8851762 ], [ 144.560326300000014, -3.8865517 ], [ 144.5593929, -3.8875793 ], [ 144.5585668, -3.8884677 ], [ 144.5577085, -3.8895167 ], [ 144.5565551, -3.8908066 ], [ 144.5557451, -3.8916682 ], [ 144.5544362, -3.8929955 ], [ 144.553427699999986, -3.8941516 ], [ 144.552341399999989, -3.8954013 ], [ 144.5509788, -3.8972477 ], [ 144.5500159, -3.8989256 ], [ 144.54934, -3.9005847 ], [ 144.5488331, -3.9020164 ], [ 144.5484683, -3.9030279 ], [ 144.5482001, -3.9039056 ], [ 144.548020400000013, -3.9045559 ], [ 144.54781650000001, -3.9052837 ], [ 144.54760730000001, -3.9060357 ], [ 144.547345799999988, -3.9064425 ], [ 144.547203599999989, -3.9066539 ], [ 144.5470547, -3.9067729 ], [ 144.5468495, -3.9069108 ], [ 144.5465384, -3.9070633 ], [ 144.546238, -3.9071087 ], [ 144.545906800000012, -3.9070579 ], [ 144.545657299999988, -3.9070552 ], [ 144.5454186, -3.9069857 ], [ 144.545252299999987, -3.9068064 ], [ 144.545185300000014, -3.9068893 ], [ 144.5449787, -3.9070927 ], [ 144.544691699999987, -3.9073657 ], [ 144.5443752, -3.9076921 ], [ 144.544042600000012, -3.9080266 ], [ 144.5437717, -3.9084066 ], [ 144.5438924, -3.9084762 ], [ 144.5440453, -3.9086207 ], [ 144.5442358, -3.9089017 ], [ 144.5443484, -3.9091398 ], [ 144.5445442, -3.9096295 ], [ 144.5447373, -3.9102718 ], [ 144.545021600000013, -3.9111762 ], [ 144.545263, -3.9120218 ], [ 144.5454723, -3.912648 ], [ 144.5456064, -3.9130735 ], [ 144.5457271, -3.9133036 ], [ 144.5459926, -3.9136542 ], [ 144.5463091, -3.9139111 ], [ 144.5468697, -3.9142402 ], [ 144.547170099999988, -3.9145533 ], [ 144.547339099999988, -3.914952 ], [ 144.547339099999988, -3.9153159 ], [ 144.5472881, -3.9155568 ], [ 144.5470709, -3.9159394 ], [ 144.5467839, -3.916579 ], [ 144.5464969, -3.9172801 ], [ 144.5463198, -3.9178046 ], [ 144.546164299999987, -3.9182969 ], [ 144.5458853, -3.91899 ], [ 144.545670699999988, -3.9194155 ], [ 144.5453435, -3.9199855 ], [ 144.5448929, -3.920625 ], [ 144.5445576, -3.9210157 ], [ 144.5439541, -3.9214893 ], [ 144.5432353, -3.9221851 ], [ 144.5425218, -3.9230494 ], [ 144.5420685, -3.9239351 ], [ 144.54170640000001, -3.9248797 ], [ 144.541438199999988, -3.9260625 ], [ 144.5412612, -3.926884 ], [ 144.5410359, -3.9280721 ], [ 144.540864199999987, -3.9296562 ], [ 144.540714, -3.931144 ], [ 144.5405638, -3.9326639 ], [ 144.5404136, -3.9347939 ], [ 144.54033050000001, -3.9364798 ], [ 144.5403063, -3.9382084 ], [ 144.54036, -3.9400173 ], [ 144.5405343, -3.9418261 ], [ 144.540706, -3.9430651 ], [ 144.5409608, -3.9447589 ], [ 144.5411968, -3.9461717 ], [ 144.541626, -3.948398 ], [ 144.5420337, -3.9504424 ], [ 144.5425486, -3.9527329 ], [ 144.542924199999987, -3.9545096 ], [ 144.543235, -3.9558532 ], [ 144.5437959, -3.9578036 ], [ 144.544624700000014, -3.960276 ], [ 144.5452148, -3.9618039 ], [ 144.54591210000001, -3.9634147 ], [ 144.5466041, -3.9650416 ], [ 144.5473981, -3.9665401 ], [ 144.548125, -3.9678057 ], [ 144.5492059, -3.9696145 ], [ 144.5502841, -3.9712387 ], [ 144.5516333, -3.9731118 ], [ 144.5532024, -3.9750276 ], [ 144.5543236, -3.9763253 ], [ 144.5553213, -3.9774813 ], [ 144.5559892, -3.9783322 ], [ 144.5568609, -3.9794051 ], [ 144.558076, -3.9808848 ], [ 144.5589128, -3.9819096 ], [ 144.5599589, -3.9831217 ], [ 144.5609111, -3.9842054 ], [ 144.562228, -3.9857279 ], [ 144.564526699999988, -3.988235 ], [ 144.5653313, -3.9890779 ], [ 144.5661575, -3.9899689 ], [ 144.567326900000012, -3.9911328 ], [ 144.5685473, -3.9923155 ], [ 144.5698884, -3.9934874 ], [ 144.571999299999987, -3.9952373 ], [ 144.573294800000014, -3.9962541 ], [ 144.574429400000014, -3.9970862 ], [ 144.5755586, -3.9978863 ], [ 144.5768112, -3.9987987 ], [ 144.5775783, -3.9993124 ], [ 144.5786636, -4.0000006 ], [ 144.583076799999986, -4.0027185 ], [ 144.5854103, -4.0040002 ], [ 144.5876044, -4.005124 ], [ 144.588902600000011, -4.0057287 ], [ 144.5898092, -4.0061835 ], [ 144.590528, -4.0065046 ], [ 144.5915472, -4.0069809 ], [ 144.5921521, -4.0072672 ], [ 144.5932156, -4.007714 ], [ 144.5946425, -4.0082786 ], [ 144.5953882, -4.0085515 ], [ 144.5963323, -4.0088859 ], [ 144.597206699999987, -4.0091776 ], [ 144.59825810000001, -4.0095067 ], [ 144.5989636, -4.0097421 ], [ 144.5994866, -4.0098706 ], [ 144.600125, -4.0100846 ], [ 144.600615800000014, -4.0102398 ], [ 144.6009269, -4.0103067 ], [ 144.6010664, -4.0103442 ], [ 144.6012354, -4.0103522 ], [ 144.601439199999987, -4.0103495 ], [ 144.6015841, -4.010387 ], [ 144.6016726, -4.0104298 ], [ 144.601857700000011, -4.0105127 ], [ 144.6020293, -4.0106144 ], [ 144.602226, -4.0106689 ], [ 144.602378, -4.0107 ], [ 144.6028742, -4.0107509 ], [ 144.6033007, -4.0108284 ], [ 144.6041214, -4.0109783 ], [ 144.6047169, -4.0110746 ], [ 144.606200199999989, -4.0112833 ], [ 144.607562699999988, -4.0114064 ], [ 144.6089601, -4.0115134 ], [ 144.6100491, -4.0115348 ], [ 144.6114761, -4.0115402 ], [ 144.6127099, -4.0115241 ], [ 144.61369160000001, -4.0114974 ], [ 144.6151829, -4.0114385 ], [ 144.6165991, -4.0113101 ], [ 144.6181011, -4.0112057 ], [ 144.619308100000012, -4.0110693 ], [ 144.620139599999987, -4.0109622 ], [ 144.621212500000013, -4.0108338 ], [ 144.6217006, -4.010791 ], [ 144.6222103, -4.0107428 ], [ 144.622805699999986, -4.0106519 ], [ 144.6235031, -4.0105502 ], [ 144.6250695, -4.0103575 ], [ 144.6261853, -4.0102398 ], [ 144.627429799999987, -4.0100793 ], [ 144.6285349, -4.0099187 ], [ 144.6292698, -4.0098438 ], [ 144.6299457, -4.0098171 ], [ 144.6302891, -4.0098171 ], [ 144.631421, -4.0098706 ], [ 144.6318287, -4.0099294 ], [ 144.632343600000013, -4.0099936 ], [ 144.6331376, -4.0101274 ], [ 144.633647200000013, -4.0101916 ], [ 144.6340764, -4.0102237 ], [ 144.634666399999986, -4.0102398 ], [ 144.63547650000001, -4.0102345 ], [ 144.6363187, -4.0101809 ], [ 144.6373111, -4.0100953 ], [ 144.6380299, -4.0101167 ], [ 144.6387273, -4.0101328 ], [ 144.6395642, -4.0101542 ], [ 144.6404815, -4.0101756 ], [ 144.6414739, -4.0102398 ], [ 144.642342899999989, -4.0102987 ], [ 144.6430403, -4.0103789 ], [ 144.6438128, -4.0104806 ], [ 144.6450144, -4.0106519 ], [ 144.6459854, -4.0107963 ], [ 144.646891900000014, -4.0109836 ], [ 144.6482277, -4.011203 ], [ 144.6487051, -4.0113047 ], [ 144.6493006, -4.0114117 ], [ 144.649842400000011, -4.011492 ], [ 144.6501213, -4.0115562 ], [ 144.6504003, -4.011599 ], [ 144.6506363, -4.0116204 ], [ 144.6508911, -4.0116579 ], [ 144.6510869, -4.0116846 ], [ 144.651559, -4.011781 ], [ 144.6517843, -4.0118184 ], [ 144.652143700000011, -4.0118933 ], [ 144.6524978, -4.0119522 ], [ 144.6529108, -4.0120057 ], [ 144.6532756, -4.0120592 ], [ 144.6535867, -4.0121235 ], [ 144.6539354, -4.012193 ], [ 144.654466500000012, -4.012284 ], [ 144.655013700000012, -4.0123482 ], [ 144.6561509, -4.0124873 ], [ 144.6569073, -4.0125409 ], [ 144.657551, -4.0125623 ], [ 144.65883310000001, -4.0125997 ], [ 144.659401800000012, -4.0126532 ], [ 144.6598899, -4.0127656 ], [ 144.660190300000011, -4.0128405 ], [ 144.6603352, -4.0129154 ], [ 144.660581900000011, -4.0131134 ], [ 144.6607885, -4.0133783 ], [ 144.660946700000011, -4.0136539 ], [ 144.6610138, -4.013876 ], [ 144.6610191, -4.0143924 ], [ 144.661048599999987, -4.0147616 ], [ 144.6611237, -4.0151416 ], [ 144.6612203, -4.0159121 ], [ 144.661231, -4.0163242 ], [ 144.661244399999987, -4.0165864 ], [ 144.6612686, -4.0168165 ], [ 144.6613061, -4.0170439 ], [ 144.6613625, -4.01725 ], [ 144.6614617, -4.0175229 ], [ 144.661547500000012, -4.017761 ], [ 144.6616388, -4.0179911 ], [ 144.6617862, -4.0184273 ], [ 144.661939100000012, -4.0187671 ], [ 144.6621403, -4.0190747 ], [ 144.6622583, -4.0193236 ], [ 144.6622959, -4.0196072 ], [ 144.6622851, -4.0197543 ], [ 144.662261, -4.0199122 ], [ 144.6622154, -4.020054 ], [ 144.6621135, -4.0202948 ], [ 144.662092, -4.0204125 ], [ 144.662108100000012, -4.0206373 ], [ 144.662092, -4.0208647 ], [ 144.664177, -4.022069 ], [ 144.6662306, -4.0232754 ], [ 144.6664131, -4.0232487 ], [ 144.666531099999986, -4.0231871 ], [ 144.6666813, -4.0231202 ], [ 144.6668449, -4.0230319 ], [ 144.6671024, -4.0228982 ], [ 144.667153399999989, -4.0228634 ], [ 144.6672606, -4.0227564 ], [ 144.6673518, -4.0226226 ], [ 144.6674323, -4.0224888 ], [ 144.667502, -4.0224139 ], [ 144.6676254, -4.0223283 ], [ 144.667789, -4.0222801 ], [ 144.6679312, -4.0222453 ], [ 144.66818330000001, -4.0221865 ], [ 144.6684971, -4.02205 ], [ 144.668738499999989, -4.0219376 ], [ 144.6689182, -4.0218333 ], [ 144.6691731, -4.0216353 ], [ 144.6693125, -4.021456 ], [ 144.6694118, -4.021341 ], [ 144.669503, -4.0212848 ], [ 144.6695942, -4.0212741 ], [ 144.66986510000001, -4.0212527 ], [ 144.6701199, -4.0212152 ], [ 144.670345200000014, -4.0211403 ], [ 144.6705464, -4.0210333 ], [ 144.6706724, -4.020937 ], [ 144.670790399999987, -4.0208781 ], [ 144.670897700000012, -4.0208513 ], [ 144.6710104, -4.0208326 ], [ 144.6711713, -4.0208326 ], [ 144.6713752, -4.020846 ], [ 144.6715763, -4.0208888 ], [ 144.671866, -4.0211028 ], [ 144.6721154, -4.0212875 ], [ 144.6725151, -4.0216406 ], [ 144.673032799999987, -4.0221677 ], [ 144.673443099999986, -4.0226948 ], [ 144.6738321, -4.0230962 ], [ 144.67425320000001, -4.0234226 ], [ 144.6747225, -4.0237223 ], [ 144.6752751, -4.0240032 ], [ 144.676063699999986, -4.0243858 ], [ 144.6767664, -4.024731 ], [ 144.6772894, -4.0250119 ], [ 144.677673, -4.0252527 ], [ 144.6781933, -4.025638 ], [ 144.6788156, -4.0261142 ], [ 144.679255500000011, -4.0264754 ], [ 144.6795586, -4.0267029 ], [ 144.6800414, -4.0270694 ], [ 144.680551, -4.0274627 ], [ 144.681302, -4.0279898 ], [ 144.6818385, -4.0283537 ], [ 144.6825519, -4.0287898 ], [ 144.6833029, -4.029234 ], [ 144.684021800000011, -4.0296326 ], [ 144.6847808, -4.0300366 ], [ 144.6854916, -4.0303952 ], [ 144.686248, -4.0307376 ], [ 144.6867925, -4.0309651 ], [ 144.6876588, -4.0313236 ], [ 144.6883267, -4.0315697 ], [ 144.689139399999988, -4.0319095 ], [ 144.6899655, -4.0322279 ], [ 144.690907, -4.0325597 ], [ 144.691534600000011, -4.0327764 ], [ 144.6920389, -4.0329503 ], [ 144.692366099999987, -4.0330493 ], [ 144.6926317, -4.0331296 ], [ 144.6930233, -4.0332433 ], [ 144.693460499999986, -4.0333784 ], [ 144.6941525, -4.0335925 ], [ 144.6947882, -4.0337905 ], [ 144.695362100000011, -4.033951 ], [ 144.6959764, -4.0341543 ], [ 144.696773, -4.0343844 ], [ 144.697497199999987, -4.0345343 ], [ 144.6980175, -4.0346814 ], [ 144.6987069, -4.0349035 ], [ 144.6996188, -4.0352219 ], [ 144.7004503, -4.035551 ], [ 144.7007266, -4.0356634 ], [ 144.700981399999989, -4.0357784 ], [ 144.7013569, -4.0359309 ], [ 144.7016197, -4.0360246 ], [ 144.701952299999988, -4.0361182 ], [ 144.7022581, -4.0362172 ], [ 144.7026363, -4.0363456 ], [ 144.7033605, -4.0365998 ], [ 144.7039881, -4.0368058 ], [ 144.7047096, -4.0370413 ], [ 144.7052649, -4.037274 ], [ 144.7060937, -4.0376058 ], [ 144.7070029, -4.0379777 ], [ 144.7080302, -4.0383871 ], [ 144.7089824, -4.0387616 ], [ 144.7097388, -4.0390854 ], [ 144.7103959, -4.0393529 ], [ 144.7107258, -4.0395188 ], [ 144.7109485, -4.0396392 ], [ 144.7118202, -4.0401101 ], [ 144.712531, -4.0404258 ], [ 144.7133732, -4.0407924 ], [ 144.7140652, -4.0411081 ], [ 144.714690100000013, -4.0413917 ], [ 144.7157925, -4.0418332 ], [ 144.7168574, -4.042189 ], [ 144.7176164, -4.0424673 ], [ 144.718748299999987, -4.0428418 ], [ 144.7197112, -4.0431362 ], [ 144.7204193, -4.0433181 ], [ 144.7216424, -4.0436071 ], [ 144.7222567, -4.0437569 ], [ 144.722811900000011, -4.0439121 ], [ 144.7235897, -4.044086 ], [ 144.7242603, -4.0442171 ], [ 144.7247779, -4.0443268 ], [ 144.7253197, -4.0444632 ], [ 144.7259527, -4.0446612 ], [ 144.7263041, -4.0447629 ], [ 144.7266823, -4.0448057 ], [ 144.726883500000014, -4.0448351 ], [ 144.727141, -4.0448967 ], [ 144.727428, -4.0449796 ], [ 144.7276613, -4.0450599 ], [ 144.7279644, -4.0451803 ], [ 144.728128, -4.0452552 ], [ 144.7282889, -4.0453649 ], [ 144.7284096, -4.045504 ], [ 144.7285116, -4.0456164 ], [ 144.728632299999987, -4.0457662 ], [ 144.72877170000001, -4.0459 ], [ 144.7289032, -4.0459348 ], [ 144.7290587, -4.0459428 ], [ 144.729367200000013, -4.0459214 ], [ 144.729536200000013, -4.0459107 ], [ 144.7297025, -4.0459107 ], [ 144.7299975, -4.0459588 ], [ 144.730324700000011, -4.0460445 ], [ 144.730662700000011, -4.0461649 ], [ 144.730933599999986, -4.0462531 ], [ 144.731459300000012, -4.0464511 ], [ 144.7321942, -4.0467776 ], [ 144.7327173, -4.0469809 ], [ 144.733256399999988, -4.047219 ], [ 144.7339055, -4.0475053 ], [ 144.7344848, -4.0477675 ], [ 144.7352412, -4.0481447 ], [ 144.735547, -4.0482946 ], [ 144.7360244, -4.0485033 ], [ 144.7365, -4.04875 ], [ 144.7370598, -4.0490357 ], [ 144.7374997, -4.0492658 ], [ 144.737920800000012, -4.0494798 ], [ 144.7382131, -4.049635 ], [ 144.738722700000011, -4.0499293 ], [ 144.738999, -4.0500845 ], [ 144.739296700000011, -4.0502183 ], [ 144.739567599999987, -4.0503627 ], [ 144.740122899999989, -4.0506865 ], [ 144.7405788, -4.0509754 ], [ 144.740884599999987, -4.051136 ], [ 144.7411957, -4.0512992 ], [ 144.7416839, -4.051556 ], [ 144.7421855, -4.0518316 ], [ 144.7426629, -4.0521045 ], [ 144.7430545, -4.0523266 ], [ 144.743389799999989, -4.0525272 ], [ 144.7438967, -4.0528456 ], [ 144.744696, -4.0533299 ], [ 144.7452432, -4.0536964 ], [ 144.7459191, -4.0541272 ], [ 144.74651990000001, -4.0545472 ], [ 144.74692490000001, -4.0548121 ], [ 144.747324600000013, -4.0550663 ], [ 144.747764499999988, -4.0553552 ], [ 144.7486496, -4.0558689 ], [ 144.7492182, -4.056182 ], [ 144.7496983, -4.056487 ], [ 144.7499558, -4.0566635 ], [ 144.7501704, -4.056792 ], [ 144.7506371, -4.0570408 ], [ 144.751044799999988, -4.0572816 ], [ 144.7515383, -4.0575598 ], [ 144.7520211, -4.0578434 ], [ 144.7523457, -4.05802 ], [ 144.7525549, -4.0581458 ], [ 144.7529867, -4.058416 ], [ 144.753461499999986, -4.0587183 ], [ 144.7537217, -4.0588762 ], [ 144.7539577, -4.0590073 ], [ 144.7543225, -4.0592053 ], [ 144.754609499999987, -4.059339 ], [ 144.7550386, -4.0595745 ], [ 144.7553551, -4.0597537 ], [ 144.7556475, -4.0599143 ], [ 144.755931800000013, -4.0600587 ], [ 144.7562644, -4.0602086 ], [ 144.7566318, -4.0603798 ], [ 144.757160199999987, -4.0606447 ], [ 144.7573748, -4.060757 ], [ 144.7575894, -4.0608721 ], [ 144.7581205, -4.0611289 ], [ 144.7585684, -4.0613483 ], [ 144.7589573, -4.0615249 ], [ 144.759137, -4.0616105 ], [ 144.7592711, -4.0616854 ], [ 144.7597271, -4.0619583 ], [ 144.7602421, -4.0622473 ], [ 144.7607893, -4.0625175 ], [ 144.7611621, -4.0627449 ], [ 144.7613955, -4.0628707 ], [ 144.7617012, -4.0630339 ], [ 144.7622591, -4.0633201 ], [ 144.76275, -4.0635743 ], [ 144.7633025, -4.0638686 ], [ 144.7637665, -4.0641174 ], [ 144.7640213, -4.0642699 ], [ 144.764222499999988, -4.064385 ], [ 144.7647268, -4.0646284 ], [ 144.7652632, -4.0649174 ], [ 144.7656816, -4.0651689 ], [ 144.766239500000012, -4.0654418 ], [ 144.766706199999987, -4.0657013 ], [ 144.767199799999986, -4.0659688 ], [ 144.767755, -4.066231 ], [ 144.768286, -4.0664959 ], [ 144.7687823, -4.0667447 ], [ 144.769163099999986, -4.0669561 ], [ 144.769460900000013, -4.0671086 ], [ 144.7696727, -4.0671969 ], [ 144.770163599999989, -4.0674564 ], [ 144.7705901, -4.0676811 ], [ 144.771080899999987, -4.0679219 ], [ 144.7713867, -4.0680637 ], [ 144.7715986, -4.0681627 ], [ 144.772006299999987, -4.0683473 ], [ 144.7723469, -4.0684838 ], [ 144.7726393, -4.0686015 ], [ 144.7730336, -4.0687861 ], [ 144.7733581, -4.0689546 ], [ 144.7737873, -4.0691393 ], [ 144.774090300000012, -4.0692356 ], [ 144.7746617, -4.0694603 ], [ 144.774881599999986, -4.0695513 ], [ 144.775117599999987, -4.0696556 ], [ 144.775833799999987, -4.0699579 ], [ 144.7764319, -4.0701854 ], [ 144.7772071, -4.070485 ], [ 144.7778937, -4.0707472 ], [ 144.778548199999989, -4.0709853 ], [ 144.77916780000001, -4.071194 ], [ 144.780018, -4.0714375 ], [ 144.780315800000011, -4.0715418 ], [ 144.7805223, -4.0716114 ], [ 144.781125800000012, -4.0718227 ], [ 144.7816166, -4.0719779 ], [ 144.782104800000013, -4.0721598 ], [ 144.782740499999989, -4.0724086 ], [ 144.7831616, -4.0726147 ], [ 144.78358, -4.0728581 ], [ 144.783832100000012, -4.0729839 ], [ 144.7840789, -4.073123 ], [ 144.7845992, -4.0734173 ], [ 144.784805799999987, -4.0735484 ], [ 144.7853556, -4.0738641 ], [ 144.785715, -4.0741075 ], [ 144.7863212, -4.0744982 ], [ 144.7869676, -4.0749021 ], [ 144.7873914, -4.0751991 ], [ 144.7878072, -4.0754961 ], [ 144.7881961, -4.0758118 ], [ 144.7883785, -4.0759161 ], [ 144.7885287, -4.0760258 ], [ 144.7887164, -4.0762318 ], [ 144.788821, -4.0764592 ], [ 144.7888613, -4.0766144 ], [ 144.7890007, -4.0768686 ], [ 144.7891563, -4.0770452 ], [ 144.7892717, -4.0771013 ], [ 144.7893923, -4.0771227 ], [ 144.789679299999989, -4.077112 ], [ 144.7898859, -4.077104 ], [ 144.7901192, -4.0771415 ], [ 144.790489400000013, -4.0772164 ], [ 144.7906423, -4.0772271 ], [ 144.7907764, -4.0772619 ], [ 144.7909266, -4.0773181 ], [ 144.7911009, -4.0774465 ], [ 144.7915864, -4.0778505 ], [ 144.7919834, -4.0780859 ], [ 144.7923616, -4.0783267 ], [ 144.792804100000012, -4.078629 ], [ 144.7931099, -4.0788323 ], [ 144.7937939, -4.0792711 ], [ 144.7945583, -4.0796751 ], [ 144.7950116, -4.0799453 ], [ 144.7953603, -4.080146 ], [ 144.7959289, -4.0804617 ], [ 144.7965324, -4.0807827 ], [ 144.7971681, -4.0811492 ], [ 144.7978654, -4.0815238 ], [ 144.7985306, -4.0818689 ], [ 144.799096600000013, -4.0821659 ], [ 144.7997698, -4.082503 ], [ 144.8003438, -4.0827625 ], [ 144.8008615, -4.083006 ], [ 144.801277199999987, -4.0832227 ], [ 144.8016447, -4.0833725 ], [ 144.8021087, -4.0835598 ], [ 144.802741700000013, -4.0838407 ], [ 144.8035356, -4.0841832 ], [ 144.8042893, -4.0845069 ], [ 144.8047721, -4.0847209 ], [ 144.8055795, -4.0850874 ], [ 144.8062742, -4.0854085 ], [ 144.8069501, -4.085759 ], [ 144.808283100000011, -4.0864679 ], [ 144.8090503, -4.0868639 ], [ 144.8097074, -4.0872117 ], [ 144.8101258, -4.0874337 ], [ 144.810809799999987, -4.0878163 ], [ 144.8123091, -4.0886377 ], [ 144.8130038, -4.0890256 ], [ 144.8138085, -4.089451 ], [ 144.8145461, -4.0898577 ], [ 144.8154446, -4.0902991 ], [ 144.8159891, -4.0905934 ], [ 144.816777699999989, -4.0910268 ], [ 144.8174697, -4.0914281 ], [ 144.818261, -4.091907 ], [ 144.818950300000012, -4.0922869 ], [ 144.819835399999988, -4.0927845 ], [ 144.8204336, -4.0931082 ], [ 144.8212785, -4.0935818 ], [ 144.821651300000013, -4.0937958 ], [ 144.822123299999987, -4.0940847 ], [ 144.8225605, -4.0943389 ], [ 144.8230863, -4.0946626 ], [ 144.8234993, -4.0949061 ], [ 144.8241538, -4.0952699 ], [ 144.8247144, -4.0955615 ], [ 144.82524810000001, -4.0958639 ], [ 144.825639700000011, -4.0960859 ], [ 144.826085, -4.0963454 ], [ 144.8262593, -4.0964417 ], [ 144.826903, -4.0968136 ], [ 144.8277506, -4.0972738 ], [ 144.828064399999988, -4.0974396 ], [ 144.828389, -4.0976216 ], [ 144.8287564, -4.0978356 ], [ 144.829486, -4.0982503 ], [ 144.8299581, -4.0985044 ], [ 144.8302665, -4.0986864 ], [ 144.830685, -4.0989138 ], [ 144.831001500000013, -4.0991064 ], [ 144.831642499999987, -4.099505 ], [ 144.8322916, -4.0999518 ], [ 144.832581299999987, -4.1001391 ], [ 144.8333967, -4.1006474 ], [ 144.8338956, -4.1009497 ], [ 144.8342228, -4.1011503 ], [ 144.8348048, -4.1015035 ], [ 144.8355961, -4.101961 ], [ 144.836036, -4.1021937 ], [ 144.836395399999986, -4.102389 ], [ 144.8369023, -4.1026566 ], [ 144.8375863, -4.1030311 ], [ 144.838313199999988, -4.1034404 ], [ 144.838855, -4.1037401 ], [ 144.8395684, -4.1040798 ], [ 144.8402551, -4.1044624 ], [ 144.8411697, -4.1049279 ], [ 144.841896600000013, -4.1052944 ], [ 144.8424867, -4.1056101 ], [ 144.8431519, -4.1059793 ], [ 144.843503199999986, -4.1061853 ], [ 144.8438787, -4.1063967 ], [ 144.8443428, -4.1066722 ], [ 144.8449784, -4.10702 ], [ 144.8455095, -4.1073009 ], [ 144.8460782, -4.1076059 ], [ 144.8470974, -4.1081758 ], [ 144.8478082, -4.1085717 ], [ 144.8485431, -4.1089837 ], [ 144.8489427, -4.1092218 ], [ 144.849760800000013, -4.1096579 ], [ 144.850503800000013, -4.1100565 ], [ 144.851091200000013, -4.1103963 ], [ 144.8519281, -4.1109153 ], [ 144.8530948, -4.1116189 ], [ 144.853974599999987, -4.1121593 ], [ 144.8544842, -4.1125071 ], [ 144.8554873, -4.1131652 ], [ 144.85672120000001, -4.1140106 ], [ 144.8578745, -4.1148667 ], [ 144.8588026, -4.1155409 ], [ 144.8594946, -4.1161027 ], [ 144.8600203, -4.1165307 ], [ 144.8603582, -4.1168464 ], [ 144.8610234, -4.1174617 ], [ 144.861415, -4.1178577 ], [ 144.861812, -4.1181894 ], [ 144.8620909, -4.1184302 ], [ 144.862391300000013, -4.118671 ], [ 144.862541599999986, -4.1188261 ], [ 144.8627239, -4.1190401 ], [ 144.8628098, -4.1192702 ], [ 144.862858100000011, -4.1195699 ], [ 144.8629063, -4.1200086 ], [ 144.8629707, -4.1205544 ], [ 144.86307260000001, -4.1210734 ], [ 144.8631799, -4.1214372 ], [ 144.8633355, -4.1219134 ], [ 144.8634964, -4.1223254 ], [ 144.8637271, -4.1228818 ], [ 144.8639363, -4.1232457 ], [ 144.864317199999988, -4.1237754 ], [ 144.8646927, -4.1241927 ], [ 144.865036, -4.124685 ], [ 144.8654115, -4.1253431 ], [ 144.8656583, -4.1257604 ], [ 144.8658407, -4.1260547 ], [ 144.8661035, -4.1268252 ], [ 144.8662323, -4.1273335 ], [ 144.866302, -4.1276973 ], [ 144.8663986, -4.1279969 ], [ 144.8664737, -4.1281414 ], [ 144.866543400000012, -4.128211 ], [ 144.866800899999987, -4.128441 ], [ 144.8669672, -4.1286443 ], [ 144.8670208, -4.1287728 ], [ 144.8670477, -4.12896 ], [ 144.8670852, -4.129356 ], [ 144.8671871, -4.1298964 ], [ 144.8672247, -4.1301264 ], [ 144.8672676, -4.1304689 ], [ 144.8673427, -4.1308808 ], [ 144.8675144, -4.1313838 ], [ 144.8679113, -4.1322078 ], [ 144.868104499999987, -4.1327214 ], [ 144.86839950000001, -4.1332511 ], [ 144.8685658, -4.1335882 ], [ 144.8686784, -4.1338932 ], [ 144.8686731, -4.1341393 ], [ 144.8686248, -4.1344443 ], [ 144.8685121, -4.1352629 ], [ 144.8684102, -4.1357123 ], [ 144.8684049, -4.1358835 ], [ 144.868447800000013, -4.1360762 ], [ 144.8684639, -4.1363597 ], [ 144.8684639, -4.1366647 ], [ 144.868421, -4.1368948 ], [ 144.8683244, -4.1371623 ], [ 144.8680079, -4.1376224 ], [ 144.8678255, -4.1378418 ], [ 144.8676807, -4.1379863 ], [ 144.8674232, -4.1381789 ], [ 144.8669779, -4.1383554 ], [ 144.8664737, -4.1385052 ], [ 144.865787, -4.1386123 ], [ 144.8654115, -4.1386711 ], [ 144.8650467, -4.1386551 ], [ 144.86479460000001, -4.1385481 ], [ 144.8646927, -4.1384196 ], [ 144.8645157, -4.1382056 ], [ 144.8642367, -4.1379328 ], [ 144.8639631, -4.1377134 ], [ 144.8635554, -4.1373977 ], [ 144.8633891, -4.13728 ], [ 144.8632014, -4.1371676 ], [ 144.8630512, -4.1371141 ], [ 144.862573700000013, -4.137066 ], [ 144.862230399999987, -4.1370713 ], [ 144.861919300000011, -4.1371462 ], [ 144.8612594, -4.1375689 ], [ 144.8609108, -4.1377615 ], [ 144.8606211, -4.1378578 ], [ 144.860272400000014, -4.137906 ], [ 144.8599184, -4.1379274 ], [ 144.8593122, -4.1379274 ], [ 144.8588991, -4.1379113 ], [ 144.8585397, -4.1378792 ], [ 144.8582554, -4.1378525 ], [ 144.8578584, -4.1377883 ], [ 144.857423899999986, -4.1377187 ], [ 144.8570216, -4.1376224 ], [ 144.856479799999988, -4.1374566 ], [ 144.8557448, -4.1371248 ], [ 144.8552674, -4.1369429 ], [ 144.85466120000001, -4.1367289 ], [ 144.85429640000001, -4.1366219 ], [ 144.8540872, -4.1365523 ], [ 144.8535991, -4.1363437 ], [ 144.853191399999986, -4.1361297 ], [ 144.8529392, -4.1360226 ], [ 144.8527408, -4.1359905 ], [ 144.8524994, -4.136028 ], [ 144.852231100000012, -4.1361885 ], [ 144.8520648, -4.1363223 ], [ 144.851834200000013, -4.1365363 ], [ 144.851260200000013, -4.137066 ], [ 144.8506942, -4.1376572 ], [ 144.8504126, -4.1379996 ], [ 144.850029, -4.1384758 ], [ 144.849613299999987, -4.1390296 ], [ 144.8493344, -4.1394443 ], [ 144.848932, -4.1402602 ], [ 144.8482883, -4.1414212 ], [ 144.8479289, -4.1420793 ], [ 144.8477787, -4.1423576 ], [ 144.8475748, -4.1426946 ], [ 144.847290500000014, -4.1430049 ], [ 144.84700620000001, -4.1432885 ], [ 144.846689700000013, -4.1435453 ], [ 144.84643220000001, -4.143663 ], [ 144.8461854, -4.1437861 ], [ 144.845849, -4.1438648 ], [ 144.8453412, -4.1438226 ], [ 144.845176900000013, -4.1438343 ], [ 144.8450509, -4.1438022 ], [ 144.844994500000013, -4.1437487 ], [ 144.844981100000012, -4.1436523 ], [ 144.8449865, -4.1435854 ], [ 144.8450187, -4.143334 ], [ 144.8450616, -4.1431146 ], [ 144.845096500000011, -4.1429086 ], [ 144.845163500000012, -4.1424325 ], [ 144.8451394, -4.1422773 ], [ 144.8451045, -4.1421863 ], [ 144.8450401, -4.1420981 ], [ 144.8449489, -4.1420258 ], [ 144.84486960000001, -4.1419754 ], [ 144.844718300000011, -4.1419509 ], [ 144.844535900000011, -4.1419295 ], [ 144.8443723, -4.1419215 ], [ 144.844286399999987, -4.1419322 ], [ 144.844192600000014, -4.1419643 ], [ 144.844090599999987, -4.1420285 ], [ 144.8440075, -4.1421275 ], [ 144.8438466, -4.1423255 ], [ 144.8437607, -4.1424271 ], [ 144.8437874, -4.1426407 ], [ 144.843805, -4.1426585 ], [ 144.843834500000014, -4.1426585 ], [ 144.843881399999987, -4.1426411 ], [ 144.8439458, -4.1425836 ], [ 144.8440263, -4.1423923 ], [ 144.8440665, -4.1423228 ], [ 144.844157700000011, -4.1422612 ], [ 144.844206, -4.1422479 ], [ 144.844326700000011, -4.1422131 ], [ 144.8444527, -4.1422318 ], [ 144.8445573, -4.1422693 ], [ 144.8446351, -4.1423629 ], [ 144.844678, -4.1424726 ], [ 144.84469150000001, -4.1425662 ], [ 144.8447075, -4.1426839 ], [ 144.8447397, -4.1428712 ], [ 144.8447371, -4.1430424 ], [ 144.844729, -4.1431762 ], [ 144.8446861, -4.1432939 ], [ 144.844651199999987, -4.1433741 ], [ 144.8445734, -4.1434464 ], [ 144.8444447, -4.1435587 ], [ 144.8442784, -4.1436497 ], [ 144.844058499999988, -4.1437781 ], [ 144.84375, -4.1438958 ], [ 144.8435998, -4.1439653 ], [ 144.8435274, -4.1439948 ], [ 144.84338790000001, -4.1440483 ], [ 144.8433369, -4.1440991 ], [ 144.8433182, -4.144158 ], [ 144.8432833, -4.1442997 ], [ 144.843227, -4.1444817 ], [ 144.8431277, -4.1446582 ], [ 144.8430258, -4.1448107 ], [ 144.842838199999989, -4.1450487 ], [ 144.8427093, -4.1452708 ], [ 144.8426771, -4.1454073 ], [ 144.8426825, -4.1454501 ], [ 144.8427442, -4.1455009 ], [ 144.8428246, -4.1455303 ], [ 144.8429266, -4.1455437 ], [ 144.8430338, -4.1455223 ], [ 144.8430687, -4.1454875 ], [ 144.843117, -4.1454073 ], [ 144.843159899999989, -4.1452815 ], [ 144.843235, -4.145113 ], [ 144.843355699999989, -4.1449364 ], [ 144.84355690000001, -4.1447117 ], [ 144.843707099999989, -4.1445673 ], [ 144.8438439, -4.1444576 ], [ 144.8441282, -4.1442676 ], [ 144.84431330000001, -4.1441901 ], [ 144.844522500000011, -4.1441473 ], [ 144.8446485, -4.1441446 ], [ 144.8447236, -4.144174 ], [ 144.8448256, -4.1442248 ], [ 144.8449248, -4.1443399 ], [ 144.8449865, -4.1444415 ], [ 144.8450254, -4.1445044 ], [ 144.8450468, -4.1445211 ], [ 144.8450616, -4.1445251 ], [ 144.8450777, -4.1445231 ], [ 144.8451005, -4.1445111 ], [ 144.845136700000012, -4.1444322 ], [ 144.8451743, -4.1443987 ], [ 144.8452373, -4.1444001 ], [ 144.8452936, -4.1444175 ], [ 144.8453566, -4.1444241 ], [ 144.8454452, -4.1444108 ], [ 144.8455042, -4.1443827 ], [ 144.8455447, -4.1443392 ], [ 144.8455712, -4.1442957 ], [ 144.845623499999988, -4.1442382 ], [ 144.8456597, -4.1442222 ], [ 144.84568920000001, -4.1442208 ], [ 144.845750900000013, -4.1442329 ], [ 144.845799199999988, -4.1442837 ], [ 144.8458314, -4.1443586 ], [ 144.8458582, -4.1445031 ], [ 144.8458421, -4.1446689 ], [ 144.8457938, -4.1448535 ], [ 144.8457161, -4.1451317 ], [ 144.8456329, -4.1454287 ], [ 144.8455337, -4.1456748 ], [ 144.8453701, -4.1460761 ], [ 144.8451957, -4.1465389 ], [ 144.845008, -4.147106 ], [ 144.844820199999987, -4.1477882 ], [ 144.8446673, -4.1483874 ], [ 144.8445439, -4.1490215 ], [ 144.8444232, -4.1495752 ], [ 144.8441899, -4.1508245 ], [ 144.844088, -4.1515575 ], [ 144.8439994, -4.1522718 ], [ 144.8439056, -4.1529433 ], [ 144.8438117, -4.1538448 ], [ 144.8437875, -4.1543103 ], [ 144.84375270000001, -4.1549202 ], [ 144.843699, -4.1557896 ], [ 144.8436695, -4.1566885 ], [ 144.8436776, -4.1574241 ], [ 144.843693699999989, -4.1581812 ], [ 144.8437232, -4.1590025 ], [ 144.843766100000011, -4.1596927 ], [ 144.8438492, -4.1604417 ], [ 144.8439243, -4.1610677 ], [ 144.8440316, -4.1617552 ], [ 144.8441416, -4.1623598 ], [ 144.844211300000012, -4.1626674 ], [ 144.8442838, -4.16305 ], [ 144.844401800000014, -4.1636412 ], [ 144.8445171, -4.1643742 ], [ 144.844704900000011, -4.1652088 ], [ 144.8448122, -4.1656983 ], [ 144.8449436, -4.1663457 ], [ 144.845075, -4.1669958 ], [ 144.8452333, -4.1677047 ], [ 144.845386100000013, -4.1684671 ], [ 144.8455229, -4.1691894 ], [ 144.8456195, -4.1697083 ], [ 144.8457536, -4.1703423 ], [ 144.845946700000013, -4.1712546 ], [ 144.8461747, -4.1723273 ], [ 144.8464081, -4.173178 ], [ 144.8464993, -4.1734562 ], [ 144.8465636, -4.1736541 ], [ 144.846885500000013, -4.1744888 ], [ 144.847134899999986, -4.1751441 ], [ 144.8474568, -4.1759119 ], [ 144.8477411, -4.1764763 ], [ 144.848025400000012, -4.1770194 ], [ 144.848304399999989, -4.177517 ], [ 144.848599400000012, -4.1779637 ], [ 144.8488489, -4.1783275 ], [ 144.8491225, -4.1787368 ], [ 144.849302200000011, -4.179007 ], [ 144.8496991, -4.1796062 ], [ 144.850257, -4.1803499 ], [ 144.85083370000001, -4.1811711 ], [ 144.8515123, -4.1820726 ], [ 144.8521695, -4.18295 ], [ 144.8529124, -4.1838783 ], [ 144.853365700000012, -4.1844507 ], [ 144.853926300000012, -4.185157 ], [ 144.8546532, -4.1860317 ], [ 144.855425700000012, -4.1869278 ], [ 144.8562035, -4.187816 ], [ 144.8568472, -4.1885783 ], [ 144.8575875, -4.189429 ], [ 144.858078400000011, -4.1898838 ], [ 144.85836, -4.1901646 ], [ 144.858754299999987, -4.1905552 ], [ 144.858990299999988, -4.1907959 ], [ 144.8595992, -4.1914246 ], [ 144.8603985, -4.1921495 ], [ 144.8612353, -4.1928638 ], [ 144.861932700000011, -4.1933132 ], [ 144.8622626, -4.1935432 ], [ 144.863078, -4.1940541 ], [ 144.864057, -4.1946052 ], [ 144.8649663, -4.195076 ], [ 144.8657092, -4.1954692 ], [ 144.8665675, -4.1959133 ], [ 144.8672837, -4.1962396 ], [ 144.867624299999989, -4.1963707 ], [ 144.8683619, -4.1966543 ], [ 144.869319499999989, -4.1969993 ], [ 144.8703763, -4.1973658 ], [ 144.8708591, -4.1975103 ], [ 144.871937300000013, -4.1978527 ], [ 144.8728064, -4.1981041 ], [ 144.8737827, -4.1983422 ], [ 144.87488780000001, -4.1985722 ], [ 144.875657600000011, -4.1986899 ], [ 144.876489, -4.1988103 ], [ 144.8775861, -4.1989441 ], [ 144.8785034, -4.1990056 ], [ 144.879356300000012, -4.1990537 ], [ 144.880316599999986, -4.1991447 ], [ 144.8812634, -4.1992356 ], [ 144.882070700000014, -4.1993239 ], [ 144.882652799999988, -4.1993988 ], [ 144.8827976, -4.1994256 ], [ 144.8833206, -4.1995459 ], [ 144.883454699999987, -4.1996155 ], [ 144.8835379, -4.199661 ], [ 144.883618399999989, -4.1996877 ], [ 144.8837069, -4.199685 ], [ 144.8838302, -4.1996503 ], [ 144.8840582, -4.1995807 ], [ 144.8844445, -4.199554 ], [ 144.8851123, -4.1995673 ], [ 144.8856944, -4.1996155 ], [ 144.8867995, -4.1996931 ], [ 144.8877382, -4.1997653 ], [ 144.888669, -4.1998723 ], [ 144.8890337, -4.1999071 ], [ 144.8892832, -4.1999097 ], [ 144.8900315, -4.1998348 ], [ 144.8905197, -4.1997038 ], [ 144.890712799999989, -4.1996262 ], [ 144.890871, -4.1995326 ], [ 144.8911607, -4.1993052 ], [ 144.8913646, -4.1990751 ], [ 144.891638199999989, -4.1986471 ], [ 144.891799099999986, -4.1983368 ], [ 144.8918688, -4.1979677 ], [ 144.8918581, -4.1977269 ], [ 144.891847399999989, -4.1972401 ], [ 144.8918366, -4.1969244 ], [ 144.8918742, -4.1967372 ], [ 144.8919439, -4.196582 ], [ 144.8923409, -4.1960042 ], [ 144.8928076, -4.1953729 ], [ 144.8932582, -4.1949396 ], [ 144.8935801, -4.1946988 ], [ 144.8939985, -4.1944206 ], [ 144.89420770000001, -4.1943297 ], [ 144.894518799999986, -4.1943404 ], [ 144.8948407, -4.194442 ], [ 144.89564, -4.194763 ], [ 144.896096, -4.1949449 ], [ 144.8965466, -4.1951482 ], [ 144.8967022, -4.1953301 ], [ 144.8968846, -4.1955548 ], [ 144.896997199999987, -4.1957581 ], [ 144.8972815, -4.196047 ], [ 144.897496100000012, -4.1961915 ], [ 144.8977429, -4.1962771 ], [ 144.8982954, -4.1964429 ], [ 144.8987621, -4.1965071 ], [ 144.8990464, -4.1965339 ], [ 144.8995453, -4.1964964 ], [ 144.8998618, -4.1963359 ], [ 144.9001944, -4.1961059 ], [ 144.900650399999989, -4.1956618 ], [ 144.900891800000011, -4.1954318 ], [ 144.9011224, -4.1952713 ], [ 144.9017072, -4.194854 ], [ 144.9021792, -4.194549 ], [ 144.9027586, -4.1943671 ], [ 144.9033809, -4.1941959 ], [ 144.903815400000013, -4.194105 ], [ 144.9047273, -4.1938749 ], [ 144.9051887, -4.1937091 ], [ 144.905942399999986, -4.193479 ], [ 144.9062401, -4.1933426 ], [ 144.9064574, -4.1932088 ], [ 144.9066666, -4.1929975 ], [ 144.9069992, -4.1926043 ], [ 144.9072272, -4.192294 ], [ 144.9074391, -4.1920505 ], [ 144.9076188, -4.1918553 ], [ 144.9079701, -4.1915797 ], [ 144.908270499999986, -4.1913952 ], [ 144.908764100000013, -4.191232 ], [ 144.9092656, -4.1911705 ], [ 144.909912, -4.1911705 ], [ 144.910518200000013, -4.1912641 ], [ 144.9109367, -4.1914246 ], [ 144.9113926, -4.1916707 ], [ 144.911862, -4.1920586 ], [ 144.912318, -4.1925855 ], [ 144.9127445, -4.1931687 ], [ 144.9130395, -4.193685 ], [ 144.9132299, -4.1940782 ], [ 144.913597399999986, -4.1948165 ], [ 144.9138227, -4.1953729 ], [ 144.9140507, -4.1959293 ], [ 144.9142331, -4.1963172 ], [ 144.9145657, -4.1969218 ], [ 144.914732, -4.1972133 ], [ 144.914852700000012, -4.1974728 ], [ 144.91496, -4.1977323 ], [ 144.9150002, -4.197957 ], [ 144.9149734, -4.1981656 ], [ 144.914917, -4.1983208 ], [ 144.9147829, -4.1985 ], [ 144.9146488, -4.1986431 ], [ 144.9145322, -4.1987434 ], [ 144.9144182, -4.1987929 ], [ 144.9142626, -4.1988157 ], [ 144.9141271, -4.1988371 ], [ 144.9140413, -4.1988892 ], [ 144.9139729, -4.1989641 ], [ 144.9139045, -4.1991046 ], [ 144.9138522, -4.1993212 ], [ 144.913779799999986, -4.1999285 ], [ 144.913757, -4.2002107 ], [ 144.9137771, -4.2004167 ], [ 144.913821399999989, -4.2006146 ], [ 144.9138965, -4.2007938 ], [ 144.9139836, -4.2009249 ], [ 144.914107, -4.2010333 ], [ 144.9144101, -4.2012486 ], [ 144.914914399999986, -4.2015723 ], [ 144.915377, -4.2017983 ], [ 144.915690899999987, -4.2019294 ], [ 144.915973799999989, -4.202007 ], [ 144.9162193, -4.2020471 ], [ 144.9164835, -4.2020832 ], [ 144.9166457, -4.2021153 ], [ 144.9168335, -4.2021755 ], [ 144.9169958, -4.2022691 ], [ 144.917201, -4.2024095 ], [ 144.9175134, -4.2026543 ], [ 144.9176569, -4.2028148 ], [ 144.9177937, -4.2030288 ], [ 144.9179131, -4.2032736 ], [ 144.917978799999986, -4.2034461 ], [ 144.918027099999989, -4.2035839 ], [ 144.9180888, -4.2036989 ], [ 144.918133, -4.2037403 ], [ 144.918234899999987, -4.2038126 ], [ 144.918348900000012, -4.2038935 ], [ 144.918419300000011, -4.2039055 ], [ 144.918474300000014, -4.2038922 ], [ 144.918509199999988, -4.2038554 ], [ 144.9185407, -4.2037845 ], [ 144.9185655, -4.203749 ], [ 144.9185991, -4.2037263 ], [ 144.9186373, -4.2037323 ], [ 144.9186607, -4.2037684 ], [ 144.9186708, -4.203832 ], [ 144.9186574, -4.2039095 ], [ 144.918616500000013, -4.2039577 ], [ 144.9185769, -4.2039938 ], [ 144.91856150000001, -4.2040326 ], [ 144.918558100000013, -4.2040687 ], [ 144.9185474, -4.2041403 ], [ 144.9185206, -4.2044479 ], [ 144.9184871, -4.2047314 ], [ 144.9184549, -4.2049976 ], [ 144.9184415, -4.2051648 ], [ 144.9184428, -4.20534 ], [ 144.9184629, -4.2055139 ], [ 144.9185005, -4.205649 ], [ 144.9185434, -4.2057332 ], [ 144.918599699999987, -4.2057934 ], [ 144.9188746, -4.2060154 ], [ 144.9190074, -4.2061425 ], [ 144.9191415, -4.2062896 ], [ 144.9193776, -4.206525 ], [ 144.9196364, -4.2067938 ], [ 144.9198925, -4.2070172 ], [ 144.9201648, -4.207274 ], [ 144.920341799999989, -4.2074372 ], [ 144.920543, -4.2076365 ], [ 144.9208152, -4.2079147 ], [ 144.921036500000014, -4.2081247 ], [ 144.9212752, -4.2083694 ], [ 144.9214576, -4.208574 ], [ 144.921636, -4.2087814 ], [ 144.9218157, -4.2090275 ], [ 144.9219941, -4.2092762 ], [ 144.9221483, -4.2095116 ], [ 144.922277, -4.2097671 ], [ 144.9224031, -4.2100332 ], [ 144.922554600000012, -4.2103756 ], [ 144.922663300000011, -4.2106351 ], [ 144.9227612, -4.2107943 ], [ 144.9228631, -4.2109414 ], [ 144.9229838, -4.2111059 ], [ 144.923071, -4.2111942 ], [ 144.9232534, -4.2113159 ], [ 144.9234639, -4.2114537 ], [ 144.9236101, -4.2115794 ], [ 144.9237201, -4.2116944 ], [ 144.923818, -4.2118174 ], [ 144.9239548, -4.2120141 ], [ 144.924117, -4.2121826 ], [ 144.9242873, -4.212303 ], [ 144.9245247, -4.2124822 ], [ 144.924723199999988, -4.2126574 ], [ 144.9248962, -4.2128393 ], [ 144.9250223, -4.2129931 ], [ 144.925114799999989, -4.2131014 ], [ 144.9252141, -4.213175 ], [ 144.92534280000001, -4.2132459 ], [ 144.925446099999988, -4.213282 ], [ 144.9255426, -4.2133128 ], [ 144.925660599999986, -4.2133917 ], [ 144.92593020000001, -4.2135575 ], [ 144.926134, -4.2136752 ], [ 144.9263231, -4.2137942 ], [ 144.9265605, -4.2139588 ], [ 144.926828699999987, -4.2141647 ], [ 144.927058100000011, -4.2143466 ], [ 144.927287400000012, -4.2145499 ], [ 144.9276093, -4.2148335 ], [ 144.928050500000012, -4.215216 ], [ 144.9287572, -4.2158178 ], [ 144.9289665, -4.2159957 ], [ 144.9290939, -4.2161121 ], [ 144.9292213, -4.216282 ], [ 144.9293058, -4.2164852 ], [ 144.929392900000011, -4.2167006 ], [ 144.9294935, -4.2169413 ], [ 144.9296665, -4.2173666 ], [ 144.92974430000001, -4.2175298 ], [ 144.9298516, -4.2176636 ], [ 144.9299978, -4.2178414 ], [ 144.9301305, -4.2180407 ], [ 144.930237799999986, -4.2181959 ], [ 144.930321, -4.2182975 ], [ 144.9303961, -4.218359 ], [ 144.9305838, -4.2184553 ], [ 144.9308306, -4.2185744 ], [ 144.9311002, -4.2187068 ], [ 144.9314837, -4.2188566 ], [ 144.9317694, -4.2189542 ], [ 144.932053700000012, -4.2190238 ], [ 144.932331299999987, -4.2190733 ], [ 144.9325392, -4.2191161 ], [ 144.932735, -4.2191562 ], [ 144.9329241, -4.2192204 ], [ 144.9331695, -4.2193394 ], [ 144.933484600000014, -4.2195026 ], [ 144.9336456, -4.2196082 ], [ 144.9337971, -4.2197086 ], [ 144.9340492, -4.219865 ], [ 144.9342705, -4.2199707 ], [ 144.9344677, -4.2200884 ], [ 144.934659399999987, -4.2202101 ], [ 144.9347976, -4.2203412 ], [ 144.9348834, -4.2204589 ], [ 144.935012199999989, -4.2206528 ], [ 144.9350926, -4.2207692 ], [ 144.935161, -4.2208494 ], [ 144.9352428, -4.2209163 ], [ 144.935390399999989, -4.2210233 ], [ 144.935578099999987, -4.2211383 ], [ 144.9358061, -4.2212948 ], [ 144.935941500000013, -4.2214352 ], [ 144.9360421, -4.2215609 ], [ 144.936172199999987, -4.2218218 ], [ 144.9362513, -4.2220103 ], [ 144.9362849, -4.2221601 ], [ 144.9362983, -4.2223019 ], [ 144.9362956, -4.2224504 ], [ 144.9362446, -4.2225801 ], [ 144.936152099999987, -4.2227259 ], [ 144.936026, -4.2229212 ], [ 144.9358852, -4.223079 ], [ 144.935782, -4.2231779 ], [ 144.935665300000011, -4.2232569 ], [ 144.9355727, -4.2233184 ], [ 144.9354467, -4.2233732 ], [ 144.935385, -4.2233839 ], [ 144.935334, -4.2233692 ], [ 144.9352764, -4.2233197 ], [ 144.9352173, -4.2232408 ], [ 144.935124800000011, -4.2231672 ], [ 144.9350215, -4.2231311 ], [ 144.9349169, -4.2231258 ], [ 144.9348177, -4.2231552 ], [ 144.9347372, -4.223206 ], [ 144.9346299, -4.2233251 ], [ 144.934516, -4.2234615 ], [ 144.9343778, -4.2236581 ], [ 144.9339138, -4.2244204 ], [ 144.933660300000014, -4.2248712 ], [ 144.933494, -4.2252015 ], [ 144.933437700000013, -4.2253286 ], [ 144.933404200000012, -4.2254249 ], [ 144.933397500000012, -4.2255239 ], [ 144.93340280000001, -4.2256255 ], [ 144.9334283, -4.2258007 ], [ 144.9334753, -4.2260187 ], [ 144.9335369, -4.2262849 ], [ 144.9335973, -4.2265537 ], [ 144.9336348, -4.226753 ], [ 144.933661699999988, -4.2268653 ], [ 144.9337099, -4.2270231 ], [ 144.933785, -4.227201 ], [ 144.9338615, -4.2273976 ], [ 144.933895, -4.2275113 ], [ 144.9339017, -4.2276223 ], [ 144.9338964, -4.2277454 ], [ 144.933887, -4.2279045 ], [ 144.9338736, -4.2280784 ], [ 144.933883, -4.2282269 ], [ 144.933891, -4.2283285 ], [ 144.9339218, -4.2284208 ], [ 144.934045200000014, -4.2286602 ], [ 144.934269199999989, -4.2290026 ], [ 144.934438199999988, -4.2292433 ], [ 144.9346246, -4.2294586 ], [ 144.9348003, -4.2296472 ], [ 144.935024199999987, -4.2298692 ], [ 144.9352777, -4.2300899 ], [ 144.9354051, -4.2301862 ], [ 144.935584799999987, -4.2302879 ], [ 144.9357659, -4.2303534 ], [ 144.9359818, -4.2304163 ], [ 144.9361977, -4.2305059 ], [ 144.9364176, -4.2306155 ], [ 144.936704600000013, -4.2307586 ], [ 144.937049300000012, -4.2308884 ], [ 144.937509299999988, -4.2310796 ], [ 144.9379183, -4.231204 ], [ 144.938170500000012, -4.2313043 ], [ 144.938318, -4.2313685 ], [ 144.9385419, -4.2314193 ], [ 144.9388812, -4.2314581 ], [ 144.9391119, -4.2314942 ], [ 144.9392889, -4.2315304 ], [ 144.9394512, -4.2315812 ], [ 144.93964170000001, -4.2316802 ], [ 144.939810599999987, -4.231755 ], [ 144.939981, -4.2318259 ], [ 144.940188799999987, -4.2319022 ], [ 144.940560299999987, -4.2319971 ], [ 144.9411786, -4.2321309 ], [ 144.941613100000012, -4.2322071 ], [ 144.9419926, -4.2322833 ], [ 144.9422219, -4.2323582 ], [ 144.942471399999988, -4.2324505 ], [ 144.942848199999986, -4.232611 ], [ 144.9431433, -4.2327274 ], [ 144.9433713, -4.2327835 ], [ 144.9435604, -4.232813 ], [ 144.9437012, -4.2328156 ], [ 144.9437682, -4.2327769 ], [ 144.9438862, -4.2326605 ], [ 144.9439882, -4.2325361 ], [ 144.9440861, -4.2324264 ], [ 144.944200099999989, -4.2323489 ], [ 144.9442711, -4.2323181 ], [ 144.944407899999987, -4.2323114 ], [ 144.9446212, -4.2323342 ], [ 144.9447848, -4.2324091 ], [ 144.944921599999986, -4.2325201 ], [ 144.945171, -4.2327969 ], [ 144.9453977, -4.2330457 ], [ 144.9455814, -4.2332182 ], [ 144.945805400000012, -4.23338 ], [ 144.946298899999988, -4.2337251 ], [ 144.9469091, -4.2341437 ], [ 144.9472068, -4.2343403 ], [ 144.947398600000014, -4.2344647 ], [ 144.947587700000014, -4.2345383 ], [ 144.9478935, -4.2346025 ], [ 144.948419199999989, -4.2346988 ], [ 144.9486163, -4.2347643 ], [ 144.9490736, -4.2349863 ], [ 144.9494398, -4.2351736 ], [ 144.9497791, -4.2353421 ], [ 144.9500366, -4.2354397 ], [ 144.9502645, -4.235524 ], [ 144.9504375, -4.2355561 ], [ 144.9506266, -4.2355855 ], [ 144.9508922, -4.2356243 ], [ 144.9510907, -4.235631 ], [ 144.951321299999989, -4.2356176 ], [ 144.951483599999989, -4.2355895 ], [ 144.9517062, -4.2355373 ], [ 144.952109900000011, -4.2354049 ], [ 144.9524063, -4.2352953 ], [ 144.9526799, -4.2351722 ], [ 144.953157299999987, -4.2349556 ], [ 144.9533437, -4.2348512 ], [ 144.9534577, -4.2347924 ], [ 144.9535476, -4.2347563 ], [ 144.9536133, -4.2347376 ], [ 144.9537018, -4.2347429 ], [ 144.9538198, -4.2347803 ], [ 144.9539955, -4.2348686 ], [ 144.9542409, -4.2350211 ], [ 144.954658, -4.2352765 ], [ 144.9548431, -4.2353982 ], [ 144.9549825, -4.2355093 ], [ 144.95511, -4.2356711 ], [ 144.9552749, -4.2359613 ], [ 144.9554881, -4.2362716 ], [ 144.9556383, -4.236503 ], [ 144.9557376, -4.2366809 ], [ 144.9558221, -4.2368507 ], [ 144.955924, -4.2371222 ], [ 144.955983, -4.2372934 ], [ 144.9560903, -4.2375101 ], [ 144.9561855, -4.2376799 ], [ 144.95627540000001, -4.2377789 ], [ 144.9564216, -4.2378912 ], [ 144.9565436, -4.2379661 ], [ 144.9566455, -4.2380571 ], [ 144.9567327, -4.2381815 ], [ 144.956790399999988, -4.2383286 ], [ 144.9568266, -4.2384463 ], [ 144.956876200000011, -4.2386469 ], [ 144.9569352, -4.2388261 ], [ 144.9569741, -4.2389692 ], [ 144.9569969, -4.2390976 ], [ 144.9569969, -4.239234 ], [ 144.956984799999987, -4.2394306 ], [ 144.9569419, -4.2396473 ], [ 144.956895, -4.2397998 ], [ 144.956823899999989, -4.2399375 ], [ 144.9567166, -4.2400525 ], [ 144.9566227, -4.2401448 ], [ 144.9565476, -4.2402451 ], [ 144.95647790000001, -4.2404163 ], [ 144.9564216, -4.2406209 ], [ 144.9563277, -4.2408951 ], [ 144.95628210000001, -4.2410997 ], [ 144.9562646, -4.2412415 ], [ 144.9562982, -4.2414341 ], [ 144.9563612, -4.2415785 ], [ 144.956740700000012, -4.2421189 ], [ 144.9568346, -4.2422285 ], [ 144.9568816, -4.2423355 ], [ 144.956907, -4.2424505 ], [ 144.9568976, -4.2426084 ], [ 144.9568507, -4.2427167 ], [ 144.9568132, -4.242817 ], [ 144.956822499999987, -4.2429481 ], [ 144.9568641, -4.2430858 ], [ 144.9569057, -4.2431982 ], [ 144.9569808, -4.2433185 ], [ 144.9571659, -4.2434857 ], [ 144.957349599999986, -4.2435833 ], [ 144.9575615, -4.243681 ], [ 144.9577399, -4.2437826 ], [ 144.957886, -4.2439204 ], [ 144.9580228, -4.2440448 ], [ 144.9581355, -4.2441477 ], [ 144.958233400000012, -4.244236 ], [ 144.9584252, -4.244438 ], [ 144.958504299999987, -4.2445262 ], [ 144.9585325, -4.2446092 ], [ 144.958544499999988, -4.2446867 ], [ 144.9585257, -4.2448058 ], [ 144.9585123, -4.2449168 ], [ 144.9585284, -4.2450037 ], [ 144.9585499, -4.2450505 ], [ 144.9586478, -4.2451321 ], [ 144.958802, -4.2452097 ], [ 144.9589509, -4.2452792 ], [ 144.9590488, -4.2453421 ], [ 144.9591266, -4.245429 ], [ 144.959279400000014, -4.2456296 ], [ 144.959449799999987, -4.2459011 ], [ 144.9595182, -4.2460469 ], [ 144.959541, -4.2461592 ], [ 144.959536899999989, -4.2462542 ], [ 144.9595249, -4.2463879 ], [ 144.959549, -4.2464709 ], [ 144.9595933, -4.246519 ], [ 144.959685799999988, -4.2466206 ], [ 144.959948700000012, -4.2467972 ], [ 144.9602021, -4.2469496 ], [ 144.9604194, -4.2470352 ], [ 144.9606085, -4.2470794 ], [ 144.96098, -4.2471476 ], [ 144.9611825, -4.2471837 ], [ 144.961339400000014, -4.2472024 ], [ 144.961453400000011, -4.2472399 ], [ 144.9615982, -4.2473174 ], [ 144.9621534, -4.2476598 ], [ 144.9623144, -4.2477628 ], [ 144.9626067, -4.2479808 ], [ 144.962837400000012, -4.2481614 ], [ 144.9629809, -4.2483352 ], [ 144.9632451, -4.2486174 ], [ 144.9633805, -4.2487538 ], [ 144.9635629, -4.2489103 ], [ 144.9637373, -4.2489972 ], [ 144.963938399999989, -4.2490815 ], [ 144.9641651, -4.2491952 ], [ 144.9643864, -4.2493543 ], [ 144.9645621, -4.2494814 ], [ 144.964788700000014, -4.2496325 ], [ 144.9649121, -4.24969 ], [ 144.9650556, -4.2497315 ], [ 144.965294300000011, -4.2498024 ], [ 144.96545660000001, -4.2498304 ], [ 144.9656939, -4.2498198 ], [ 144.965909900000014, -4.2497997 ], [ 144.966104300000012, -4.2497716 ], [ 144.9663176, -4.2497502 ], [ 144.966508, -4.2497489 ], [ 144.966686399999986, -4.2497663 ], [ 144.9669103, -4.249805 ], [ 144.9672201, -4.2498946 ], [ 144.967483, -4.2499923 ], [ 144.9677163, -4.2500538 ], [ 144.9678974, -4.2500712 ], [ 144.9681415, -4.2501019 ], [ 144.9682689, -4.250114 ], [ 144.9683681, -4.2501541 ], [ 144.9684767, -4.250237 ], [ 144.9686819, -4.2503948 ], [ 144.96889250000001, -4.2505674 ], [ 144.969183500000014, -4.2508188 ], [ 144.9694155, -4.2510274 ], [ 144.969546900000012, -4.2511732 ], [ 144.9696743, -4.2512963 ], [ 144.9698353, -4.251426 ], [ 144.9700351, -4.2515718 ], [ 144.9702135, -4.2516908 ], [ 144.9704106, -4.2517817 ], [ 144.970621200000011, -4.2518633 ], [ 144.970749899999987, -4.2519155 ], [ 144.9708398, -4.2519623 ], [ 144.9709149, -4.2520278 ], [ 144.971026200000011, -4.2521816 ], [ 144.9711429, -4.2523796 ], [ 144.971255500000012, -4.2525828 ], [ 144.9713548, -4.2527848 ], [ 144.9714473, -4.2529145 ], [ 144.9715452, -4.2530001 ], [ 144.9717785, -4.2532007 ], [ 144.9720508, -4.2534107 ], [ 144.972282799999988, -4.2535699 ], [ 144.9724813, -4.2536782 ], [ 144.972687799999989, -4.2537624 ], [ 144.9728729, -4.25382 ], [ 144.9730419, -4.2538574 ], [ 144.973166600000013, -4.2538761 ], [ 144.9733195, -4.2538948 ], [ 144.9734938, -4.2539483 ], [ 144.973767400000014, -4.2540487 ], [ 144.9738801, -4.2540914 ], [ 144.9739954, -4.2541717 ], [ 144.9741147, -4.2542653 ], [ 144.974383, -4.2544606 ], [ 144.9746284, -4.2546652 ], [ 144.9748765, -4.2548926 ], [ 144.975042800000011, -4.2550624 ], [ 144.975193, -4.2552537 ], [ 144.9753177, -4.2554396 ], [ 144.9754854, -4.2557418 ], [ 144.9756449, -4.2560935 ], [ 144.9757549, -4.2564038 ], [ 144.975826, -4.2567114 ], [ 144.975866200000013, -4.257019 ], [ 144.975877, -4.2573413 ], [ 144.975885, -4.2578041 ], [ 144.9758703, -4.258339 ], [ 144.975822, -4.2587189 ], [ 144.9757911, -4.2589222 ], [ 144.9757308, -4.2591776 ], [ 144.975677100000013, -4.2593541 ], [ 144.975630200000012, -4.259528 ], [ 144.9756195, -4.2597072 ], [ 144.9756289, -4.2599172 ], [ 144.9756463, -4.2601138 ], [ 144.975683800000013, -4.260297 ], [ 144.9757496, -4.2604869 ], [ 144.9758233, -4.2606969 ], [ 144.9758998, -4.2608895 ], [ 144.9759963, -4.2611463 ], [ 144.9761063, -4.2614766 ], [ 144.9761519, -4.2616866 ], [ 144.9761559, -4.2618457 ], [ 144.9761277, -4.2620062 ], [ 144.976109, -4.2621881 ], [ 144.9760982, -4.2623339 ], [ 144.976070099999987, -4.2625532 ], [ 144.9760392, -4.2628809 ], [ 144.9760312, -4.2631778 ], [ 144.976041900000013, -4.2634626 ], [ 144.9760661, -4.2637662 ], [ 144.9760392, -4.2642022 ], [ 144.976041900000013, -4.2644242 ], [ 144.9760889, -4.2646917 ], [ 144.9761264, -4.2648334 ], [ 144.9762149, -4.2650033 ], [ 144.976386600000012, -4.2652173 ], [ 144.9765046, -4.265355 ], [ 144.9766333, -4.2655369 ], [ 144.9767621, -4.2657603 ], [ 144.976846599999988, -4.2659381 ], [ 144.9769109, -4.2661668 ], [ 144.97695920000001, -4.2664009 ], [ 144.9770102, -4.2666376 ], [ 144.977034300000014, -4.2670495 ], [ 144.9770182, -4.2675363 ], [ 144.9770021, -4.2682371 ], [ 144.9769753, -4.2686918 ], [ 144.9767661, -4.2695317 ], [ 144.976514, -4.2700158 ], [ 144.9762806, -4.2704438 ], [ 144.9761197, -4.2706792 ], [ 144.9758568, -4.2709172 ], [ 144.975462599999986, -4.2711767 ], [ 144.9753445, -4.2712114 ], [ 144.9752372, -4.2712195 ], [ 144.9750468, -4.2711874 ], [ 144.974893900000012, -4.2711793 ], [ 144.9747705, -4.2712141 ], [ 144.9746472, -4.2712917 ], [ 144.97423950000001, -4.2717731 ], [ 144.974003399999987, -4.2721904 ], [ 144.9739176, -4.2724097 ], [ 144.9738908, -4.2726772 ], [ 144.973901500000011, -4.2732763 ], [ 144.9738532, -4.2740574 ], [ 144.9736762, -4.2746672 ], [ 144.973402599999986, -4.2751326 ], [ 144.973255099999989, -4.2752396 ], [ 144.973062, -4.2752878 ], [ 144.9729024, -4.2752904 ], [ 144.972724, -4.275245 ], [ 144.9726234, -4.2752262 ], [ 144.9725229, -4.2752289 ], [ 144.9724357, -4.275265 ], [ 144.9723646, -4.2753426 ], [ 144.9723445, -4.2754068 ], [ 144.9723378, -4.2754737 ], [ 144.9723659, -4.2755967 ], [ 144.97236860000001, -4.2756555 ], [ 144.9723512, -4.2756836 ], [ 144.972323, -4.275689 ], [ 144.9722841, -4.2756796 ], [ 144.972254600000014, -4.2756462 ], [ 144.9721983, -4.275467 ], [ 144.9721634, -4.2753065 ], [ 144.9721044, -4.2751941 ], [ 144.9719676, -4.2751166 ], [ 144.9718308, -4.2750925 ], [ 144.971600200000012, -4.2751005 ], [ 144.9713963, -4.2751754 ], [ 144.9710476, -4.2754643 ], [ 144.9705595, -4.276133 ], [ 144.970269800000011, -4.2767268 ], [ 144.9700659, -4.2773206 ], [ 144.9699157, -4.2780534 ], [ 144.969779, -4.2785055 ], [ 144.969722600000011, -4.2787569 ], [ 144.969728, -4.278888 ], [ 144.969797699999987, -4.2791126 ], [ 144.9699989, -4.2794042 ], [ 144.9702886, -4.2796556 ], [ 144.9705031, -4.279792 ], [ 144.9707875, -4.2799498 ], [ 144.9712864, -4.2802467 ], [ 144.9717182, -4.2804607 ], [ 144.9721715, -4.2806533 ], [ 144.9722707, -4.280664 ], [ 144.97237, -4.2806426 ], [ 144.972437, -4.2805837 ], [ 144.9725497, -4.2803831 ], [ 144.972627499999987, -4.2802414 ], [ 144.972724, -4.2801504 ], [ 144.972834, -4.2801103 ], [ 144.973019099999988, -4.280121 ], [ 144.973255099999989, -4.2802039 ], [ 144.9734992, -4.2803965 ], [ 144.973625199999987, -4.2805757 ], [ 144.973745900000011, -4.2810491 ], [ 144.9737728, -4.2816911 ], [ 144.973705700000011, -4.2824052 ], [ 144.973646699999989, -4.2829937 ], [ 144.9735904, -4.2831488 ], [ 144.9735072, -4.2832745 ], [ 144.973424099999988, -4.2833387 ], [ 144.9733517, -4.2833628 ], [ 144.9732658, -4.2833601 ], [ 144.973062, -4.2833013 ], [ 144.97292250000001, -4.2833093 ], [ 144.972801800000013, -4.2833601 ], [ 144.9726918, -4.2834564 ], [ 144.9724182, -4.2837988 ], [ 144.972311, -4.2840047 ], [ 144.972214400000013, -4.284208 ], [ 144.9721983, -4.2843818 ], [ 144.9722466, -4.284874 ], [ 144.972319, -4.2852779 ], [ 144.9723458, -4.2855025 ], [ 144.9723405, -4.2856149 ], [ 144.9723056, -4.2856871 ], [ 144.97226, -4.2857138 ], [ 144.9721849, -4.2857219 ], [ 144.9720776, -4.2856844 ], [ 144.9719354, -4.2856604 ], [ 144.9717906, -4.2856924 ], [ 144.971600200000012, -4.2858075 ], [ 144.9714392, -4.2859492 ], [ 144.9713695, -4.2860455 ], [ 144.9712864, -4.286222 ], [ 144.9712461, -4.2863237 ], [ 144.971181699999988, -4.2863905 ], [ 144.9710771, -4.2864521 ], [ 144.970701600000012, -4.2867008 ], [ 144.9705648, -4.2868345 ], [ 144.9704683, -4.2869763 ], [ 144.9703395, -4.2873829 ], [ 144.9702617, -4.2878242 ], [ 144.9702483, -4.288097 ], [ 144.9702778, -4.2883297 ], [ 144.970344899999986, -4.2885678 ], [ 144.9704361, -4.2888326 ], [ 144.9705166, -4.2891856 ], [ 144.9705702, -4.2895868 ], [ 144.970554099999987, -4.2898008 ], [ 144.9704951, -4.2900763 ], [ 144.970385099999987, -4.2905845 ], [ 144.9703959, -4.2910151 ], [ 144.970452200000011, -4.2913387 ], [ 144.970580899999987, -4.2918764 ], [ 144.9706534, -4.2920529 ], [ 144.970790099999988, -4.2922642 ], [ 144.9709886, -4.2925798 ], [ 144.971066400000012, -4.2927777 ], [ 144.971087899999986, -4.2929436 ], [ 144.9710906, -4.2934731 ], [ 144.9710771, -4.2936363 ], [ 144.9710208, -4.2937727 ], [ 144.970843800000011, -4.2940482 ], [ 144.970648, -4.294305 ], [ 144.970589, -4.2944013 ], [ 144.9705595, -4.2945323 ], [ 144.9705648, -4.2947811 ], [ 144.9706104, -4.2950004 ], [ 144.9706855, -4.2952438 ], [ 144.970701600000012, -4.2954471 ], [ 144.9707043, -4.2958108 ], [ 144.9706909, -4.2961558 ], [ 144.970709699999986, -4.2963859 ], [ 144.9707741, -4.2966533 ], [ 144.9708813, -4.2968513 ], [ 144.9710423, -4.2970519 ], [ 144.971310499999987, -4.2972712 ], [ 144.971576, -4.2974156 ], [ 144.9719194, -4.2975306 ], [ 144.9723405, -4.2975814 ], [ 144.9724424, -4.2975547 ], [ 144.97254430000001, -4.2974985 ], [ 144.9726999, -4.2973434 ], [ 144.9728179, -4.2972444 ], [ 144.9729305, -4.2971749 ], [ 144.9730754, -4.2971508 ], [ 144.9732524, -4.297207 ], [ 144.9735019, -4.2974103 ], [ 144.973536700000011, -4.2975039 ], [ 144.9735528, -4.2976563 ], [ 144.973550100000011, -4.298004 ], [ 144.973577, -4.2980789 ], [ 144.973660099999989, -4.2981271 ], [ 144.9740007, -4.2981351 ], [ 144.97425290000001, -4.2980976 ], [ 144.974590799999987, -4.2979746 ], [ 144.975256, -4.2976964 ], [ 144.9753821, -4.2976135 ], [ 144.9754518, -4.2975172 ], [ 144.9756691, -4.2968887 ], [ 144.975881, -4.296335 ], [ 144.976130399999988, -4.2957867 ], [ 144.9762136, -4.2955861 ], [ 144.9762297, -4.2954898 ], [ 144.9762189, -4.295332 ], [ 144.9761599, -4.2948372 ], [ 144.976143799999988, -4.294642 ], [ 144.9761465, -4.2945323 ], [ 144.9761921, -4.2944387 ], [ 144.976286, -4.2943157 ], [ 144.9763343, -4.294222 ], [ 144.9763638, -4.2941151 ], [ 144.9763879, -4.2938636 ], [ 144.976406700000013, -4.2937353 ], [ 144.9764523, -4.2936657 ], [ 144.9765113, -4.2936497 ], [ 144.976581, -4.2936711 ], [ 144.9766991, -4.2938235 ], [ 144.9769109, -4.294198 ], [ 144.977238199999988, -4.2947062 ], [ 144.9772677, -4.2947891 ], [ 144.9772623, -4.2948533 ], [ 144.9772221, -4.2949148 ], [ 144.977147, -4.2949442 ], [ 144.9770531, -4.2949924 ], [ 144.9769914, -4.2950672 ], [ 144.9769485, -4.2951823 ], [ 144.976913599999989, -4.2953882 ], [ 144.976940500000012, -4.2958483 ], [ 144.9770102, -4.2968245 ], [ 144.9770504, -4.2972578 ], [ 144.9771309, -4.2977071 ], [ 144.9772543, -4.2981485 ], [ 144.977447399999988, -4.298563 ], [ 144.977629799999988, -4.2987824 ], [ 144.9779355, -4.2989616 ], [ 144.978303, -4.2991167 ], [ 144.978512200000011, -4.2991461 ], [ 144.9787536, -4.2991434 ], [ 144.979164, -4.2991033 ], [ 144.979748699999988, -4.2990472 ], [ 144.9803147, -4.2989642 ], [ 144.980612400000012, -4.2988733 ], [ 144.9808672, -4.2987369 ], [ 144.981395600000013, -4.2983919 ], [ 144.982023199999986, -4.2980549 ], [ 144.9826482, -4.2977526 ], [ 144.9827448, -4.2977205 ], [ 144.982860100000011, -4.2976884 ], [ 144.982908400000014, -4.297659 ], [ 144.982927100000012, -4.2976162 ], [ 144.982921800000014, -4.2975253 ], [ 144.982921800000014, -4.2974183 ], [ 144.982921800000014, -4.2972739 ], [ 144.9829459, -4.2971695 ], [ 144.9829942, -4.2971 ], [ 144.983305300000012, -4.2968406 ], [ 144.983954399999988, -4.2960595 ], [ 144.984297700000013, -4.2955139 ], [ 144.9843943, -4.2951876 ], [ 144.984332599999988, -4.294757 ], [ 144.984169, -4.2942354 ], [ 144.984034900000012, -4.2939439 ], [ 144.9840108, -4.2937674 ], [ 144.9840268, -4.293655 ], [ 144.9840912, -4.2935641 ], [ 144.984338, -4.2933662 ], [ 144.9845338, -4.2932725 ], [ 144.9847752, -4.2932485 ], [ 144.9849549, -4.2933127 ], [ 144.9852285, -4.2935614 ], [ 144.9854779, -4.2937486 ], [ 144.9858025, -4.2938797 ], [ 144.986027799999988, -4.2939091 ], [ 144.9863604, -4.2938449 ], [ 144.986615199999989, -4.2936604 ], [ 144.986749300000014, -4.2934945 ], [ 144.9869907, -4.2931522 ], [ 144.987127500000014, -4.2930291 ], [ 144.9872857, -4.2929569 ], [ 144.987484200000011, -4.2929703 ], [ 144.9876451, -4.2930746 ], [ 144.987776599999989, -4.2932244 ], [ 144.988018, -4.2936363 ], [ 144.988355899999988, -4.2943585 ], [ 144.988645600000012, -4.2947837 ], [ 144.9889192, -4.2951502 ], [ 144.989152499999989, -4.2953561 ], [ 144.9893832, -4.2954765 ], [ 144.9897373, -4.2955514 ], [ 144.989976, -4.2955621 ], [ 144.9901932, -4.29553 ], [ 144.9903354, -4.2954738 ], [ 144.9905714, -4.2953909 ], [ 144.990778, -4.2953401 ], [ 144.990906700000011, -4.2953401 ], [ 144.9910998, -4.2954176 ], [ 144.9912339, -4.2955514 ], [ 144.991346600000014, -4.2957225 ], [ 144.9914056, -4.2958563 ], [ 144.991507500000012, -4.2962709 ], [ 144.9916014, -4.2964902 ], [ 144.991711400000014, -4.2966426 ], [ 144.9918267, -4.2967362 ], [ 144.9919286, -4.2967844 ], [ 144.9921593, -4.2968887 ], [ 144.9923363, -4.2970117 ], [ 144.9925724, -4.2972632 ], [ 144.992690399999987, -4.2974638 ], [ 144.992736, -4.2976002 ], [ 144.992744, -4.2978088 ], [ 144.9927011, -4.2979639 ], [ 144.992588500000011, -4.2981378 ], [ 144.9925026, -4.298202 ], [ 144.9923819, -4.2982394 ], [ 144.9922264, -4.2982795 ], [ 144.9920922, -4.2983036 ], [ 144.991987599999987, -4.2983731 ], [ 144.9919179, -4.2984748 ], [ 144.991773099999989, -4.2989027 ], [ 144.9917194, -4.2991488 ], [ 144.9916926, -4.2993788 ], [ 144.9916658, -4.2996944 ], [ 144.9916202, -4.2998496 ], [ 144.991534300000012, -4.3000421 ], [ 144.991333200000014, -4.3004086 ], [ 144.9912071, -4.3006867 ], [ 144.9911454, -4.3009462 ], [ 144.9911481, -4.3011628 ], [ 144.9912661, -4.3015801 ], [ 144.9914968, -4.3022674 ], [ 144.991773099999989, -4.3028532 ], [ 144.9920922, -4.3034042 ], [ 144.9926716, -4.3041103 ], [ 144.9928942, -4.3043617 ], [ 144.9931008, -4.3045462 ], [ 144.993377, -4.3047335 ], [ 144.993682799999988, -4.304926 ], [ 144.9938598, -4.3050571 ], [ 144.99401, -4.3052042 ], [ 144.9941897, -4.3054636 ], [ 144.994390900000013, -4.3057712 ], [ 144.9946189, -4.3059879 ], [ 144.995048, -4.3062446 ], [ 144.995622, -4.3065442 ], [ 144.995992199999989, -4.3067314 ], [ 144.9962497, -4.3069614 ], [ 144.996544699999987, -4.3072717 ], [ 144.9966681, -4.3074295 ], [ 144.9967378, -4.307491 ], [ 144.9968532, -4.3075124 ], [ 144.997108, -4.3075017 ], [ 144.9974513, -4.307491 ], [ 144.997859, -4.3075151 ], [ 144.9981594, -4.3075713 ], [ 144.9983016, -4.3076515 ], [ 144.9983901, -4.3077692 ], [ 144.9984384, -4.3079377 ], [ 144.998454400000014, -4.3085421 ], [ 144.998492, -4.3088337 ], [ 144.998636800000014, -4.3092991 ], [ 144.9990445, -4.3101549 ], [ 144.9996078, -4.3110804 ], [ 145.0, -4.311660849843019 ], [ 145.0, -5.0 ], [ 140.0, -5.0 ], [ 140.0, -2.363388234303535 ], [ 140.00027080000001, -2.3635059 ] ] ] ] } },
{ "type": "Feature", "properties": { "FID": 71381, "id": 2323, "left": 140.0, "top": 0.0, "right": 145.0, "bottom": -5.0, "row_index": 18, "col_index": 64, "min_lon": 140.0, "min_lat": -5.0, "tile_id": "140_-5" }, "geometry": { "type": "MultiPolygon", "coordinates": [ [ [ [ 144.9994925, -4.110637 ], [ 144.99927790000001, -4.1102812 ], [ 144.9991196, -4.1099548 ], [ 144.99872, -4.1091415 ], [ 144.9984732, -4.1086118 ], [ 144.9984196, -4.108446 ], [ 144.9983928, -4.1082935 ], [ 144.9984035, -4.1078734 ], [ 144.998379300000011, -4.107646 ], [ 144.9983364, -4.1074962 ], [ 144.9977437, -4.1064876 ], [ 144.9975318, -4.1060984 ], [ 144.9971482, -4.1051339 ], [ 144.997078499999986, -4.1049787 ], [ 144.997049, -4.1048637 ], [ 144.997057, -4.1046684 ], [ 144.9971428, -4.1040103 ], [ 144.997443299999986, -4.1028412 ], [ 144.9975049, -4.1027181 ], [ 144.9975532, -4.1025522 ], [ 144.9975988, -4.1022178 ], [ 144.997682, -4.1014767 ], [ 144.9976739, -4.1012065 ], [ 144.9975854, -4.1007571 ], [ 144.997435200000012, -4.1002675 ], [ 144.9973735, -4.1000321 ], [ 144.997239400000012, -4.0997351 ], [ 144.9968317, -4.0992723 ], [ 144.996558099999987, -4.0989245 ], [ 144.9963382, -4.0984268 ], [ 144.9960887, -4.0975333 ], [ 144.9958339, -4.0967146 ], [ 144.995555, -4.0958184 ], [ 144.9955013, -4.0956498 ], [ 144.995418199999989, -4.095179 ], [ 144.9953404, -4.0948098 ], [ 144.9952304, -4.0945797 ], [ 144.995147300000014, -4.0945048 ], [ 144.9950427, -4.0943549 ], [ 144.9950105, -4.0942613 ], [ 144.9949542, -4.0934694 ], [ 144.9948201, -4.0927283 ], [ 144.994782500000014, -4.0925411 ], [ 144.9947503, -4.0924207 ], [ 144.9945813, -4.0920595 ], [ 144.9945277, -4.0918829 ], [ 144.9944955, -4.0915592 ], [ 144.99453840000001, -4.0910803 ], [ 144.9947745, -4.0902376 ], [ 144.9949595, -4.0895206 ], [ 144.994981, -4.0892075 ], [ 144.994911300000012, -4.0885173 ], [ 144.9947584, -4.0879019 ], [ 144.9947154, -4.0875756 ], [ 144.9947128, -4.0874391 ], [ 144.994747600000011, -4.0872037 ], [ 144.994742300000013, -4.0869201 ], [ 144.99472080000001, -4.0867836 ], [ 144.994675199999989, -4.0866793 ], [ 144.994584, -4.0865429 ], [ 144.9945357, -4.0864225 ], [ 144.9945143, -4.0862111 ], [ 144.9945411, -4.0858098 ], [ 144.99453840000001, -4.0852105 ], [ 144.9945009, -4.0849483 ], [ 144.994417700000014, -4.0847477 ], [ 144.9942192, -4.084226 ], [ 144.994069, -4.0838808 ], [ 144.993736399999989, -4.083022 ], [ 144.9936452, -4.0826716 ], [ 144.993605, -4.0825645 ], [ 144.9935085, -4.0824174 ], [ 144.9932966, -4.0821258 ], [ 144.992899599999987, -4.0817352 ], [ 144.9925911, -4.0814489 ], [ 144.9924383, -4.0812563 ], [ 144.992347099999989, -4.0811088 ], [ 144.9921405, -4.080558 ], [ 144.991875, -4.0797473 ], [ 144.9918669, -4.0795547 ], [ 144.991883, -4.0793942 ], [ 144.9918643, -4.079231 ], [ 144.9918133, -4.0790945 ], [ 144.991716700000012, -4.0789099 ], [ 144.991703300000012, -4.0788404 ], [ 144.9917221, -4.0787815 ], [ 144.9919501, -4.078126 ], [ 144.9919796, -4.0779575 ], [ 144.991974199999987, -4.0778398 ], [ 144.991942, -4.0777568 ], [ 144.9917892, -4.0774438 ], [ 144.9916926, -4.0771709 ], [ 144.9916443, -4.0770184 ], [ 144.9916121, -4.0768499 ], [ 144.991596, -4.075563 ], [ 144.9915853, -4.07525 ], [ 144.9915504, -4.0750868 ], [ 144.9915048, -4.0749209 ], [ 144.991338500000012, -4.0746721 ], [ 144.991043499999989, -4.0743216 ], [ 144.9909711, -4.0742092 ], [ 144.990933500000011, -4.0740995 ], [ 144.9908236, -4.0736527 ], [ 144.990794099999988, -4.0734895 ], [ 144.9907699, -4.0733049 ], [ 144.9908289, -4.072208 ], [ 144.9907646, -4.0717826 ], [ 144.9907297, -4.0716114 ], [ 144.990402499999988, -4.070287 ], [ 144.9902764, -4.0692757 ], [ 144.9902093, -4.0686657 ], [ 144.990153, -4.0684918 ], [ 144.9899062, -4.068136 ], [ 144.989828499999987, -4.0679674 ], [ 144.989807, -4.0678738 ], [ 144.9898016, -4.0677106 ], [ 144.9897775, -4.0676169 ], [ 144.9897346, -4.067526 ], [ 144.9893859, -4.0673253 ], [ 144.989281299999988, -4.0672343 ], [ 144.9892518, -4.06713 ], [ 144.9892303, -4.0669802 ], [ 144.9892759, -4.0666645 ], [ 144.9894476, -4.0660304 ], [ 144.98973190000001, -4.065407 ], [ 144.9899465, -4.0649281 ], [ 144.9900967, -4.0644733 ], [ 144.990421199999986, -4.0633255 ], [ 144.990638499999989, -4.062868 ], [ 144.9909228, -4.0622981 ], [ 144.990968400000014, -4.0621001 ], [ 144.9909711, -4.0619316 ], [ 144.9909174, -4.0617175 ], [ 144.990737700000011, -4.0614286 ], [ 144.9906948, -4.0612948 ], [ 144.9906868, -4.0612252 ], [ 144.9907619, -4.0604761 ], [ 144.9909013, -4.0598233 ], [ 144.9910837, -4.0592561 ], [ 144.991480700000011, -4.0585551 ], [ 144.9917704, -4.0580147 ], [ 144.9919957, -4.057418 ], [ 144.9920359, -4.0572816 ], [ 144.9920359, -4.0571558 ], [ 144.9920359, -4.0570354 ], [ 144.9921244, -4.0567278 ], [ 144.9922478, -4.0564977 ], [ 144.9923363, -4.0562997 ], [ 144.9924007, -4.0561766 ], [ 144.9926046, -4.055901 ], [ 144.992811100000011, -4.0556495 ], [ 144.9930981, -4.0552803 ], [ 144.9933127, -4.0549753 ], [ 144.9934763, -4.0546114 ], [ 144.993656, -4.0542449 ], [ 144.9938008, -4.0538088 ], [ 144.993851799999987, -4.0535305 ], [ 144.9939161, -4.0530811 ], [ 144.99396440000001, -4.0528376 ], [ 144.9940637, -4.0525834 ], [ 144.9942943, -4.0521286 ], [ 144.9943802, -4.0518423 ], [ 144.9944687, -4.0514704 ], [ 144.9945679, -4.0510423 ], [ 144.9945626, -4.0507828 ], [ 144.9945089, -4.0505821 ], [ 144.994458, -4.0504216 ], [ 144.9944419, -4.0503173 ], [ 144.9945089, -4.0499694 ], [ 144.9945009, -4.0497688 ], [ 144.994444499999986, -4.0491534 ], [ 144.9943721, -4.0483401 ], [ 144.9943534, -4.0475481 ], [ 144.994364100000013, -4.0473742 ], [ 144.994415, -4.0471575 ], [ 144.9946833, -4.0467321 ], [ 144.994728900000013, -4.0465929 ], [ 144.994812, -4.0459749 ], [ 144.994938100000013, -4.04529 ], [ 144.9951044, -4.0447174 ], [ 144.995209, -4.0444365 ], [ 144.9952733, -4.0443428 ], [ 144.9958473, -4.0438371 ], [ 144.996483, -4.0434706 ], [ 144.996794200000011, -4.043294 ], [ 144.9970356, -4.0431228 ], [ 144.9973091, -4.0429622 ], [ 144.997617600000012, -4.0428954 ], [ 144.997813400000013, -4.0428686 ], [ 144.99814330000001, -4.0429248 ], [ 144.998400800000013, -4.0429221 ], [ 144.9985778, -4.0428793 ], [ 144.998752200000013, -4.0428151 ], [ 144.9989507, -4.0427509 ], [ 144.9993584, -4.0426358 ], [ 144.9995944, -4.0425984 ], [ 144.9998572, -4.0425743 ], [ 145.0, -4.042579724068157 ], [ 145.0, -4.111130661658319 ], [ 144.9994925, -4.110637 ] ] ] ] } },
{ "type": "Feature", "properties": { "FID": 71382, "id": 2323, "left": 140.0, "top": 0.0, "right": 145.0, "bottom": -5.0, "row_index": 18, "col_index": 64, "min_lon": 140.0, "min_lat": -5.0, "tile_id": "140_-5" }, "geometry": { "type": "MultiPolygon", "coordinates": [ [ [ [ 144.9644709, -3.9910606 ], [ 144.965098500000011, -3.9908626 ], [ 144.9656939, -3.9907127 ], [ 144.9660158, -3.9906753 ], [ 144.966321599999986, -3.9906753 ], [ 144.9667293, -3.990777 ], [ 144.9671262, -3.9909054 ], [ 144.9674052, -3.9909643 ], [ 144.967657300000013, -3.9909536 ], [ 144.9680811, -3.9908626 ], [ 144.9684298, -3.990793 ], [ 144.968853599999989, -3.9907341 ], [ 144.9691057, -3.9907395 ], [ 144.9694812, -3.9908198 ], [ 144.969561700000014, -3.9908893 ], [ 144.9696314, -3.9910285 ], [ 144.969717300000013, -3.991189 ], [ 144.969787, -3.9913121 ], [ 144.9698299, -3.9914191 ], [ 144.969838, -3.9916037 ], [ 144.9698165, -3.9917456 ], [ 144.969792399999989, -3.99189 ], [ 144.9698031, -3.992064 ], [ 144.9698299, -3.9922539 ], [ 144.9698621, -3.9924145 ], [ 144.9698889, -3.9925483 ], [ 144.9699506, -3.9926901 ], [ 144.9700713, -3.9928801 ], [ 144.9701786, -3.9930567 ], [ 144.9703127, -3.9931851 ], [ 144.970438800000011, -3.9933082 ], [ 144.9705031, -3.9933965 ], [ 144.970554099999987, -3.9934901 ], [ 144.9705917, -3.9936025 ], [ 144.970634600000011, -3.9937577 ], [ 144.9706641, -3.9939316 ], [ 144.970674800000012, -3.9940386 ], [ 144.9706453, -3.9942259 ], [ 144.970634600000011, -3.9943704 ], [ 144.9706185, -3.9944748 ], [ 144.9705702, -3.9946728 ], [ 144.9705595, -3.9947504 ], [ 144.9705783, -3.9948601 ], [ 144.970634600000011, -3.9949939 ], [ 144.9706534, -3.9950527 ], [ 144.970656, -3.9951678 ], [ 144.9706238, -3.9952828 ], [ 144.9705568, -3.9953658 ], [ 144.9704415, -3.9954728 ], [ 144.970344899999986, -3.9955665 ], [ 144.970304700000014, -3.9956601 ], [ 144.970291300000014, -3.9957591 ], [ 144.9703208, -3.9958367 ], [ 144.970366399999989, -3.9958929 ], [ 144.9705085, -3.9959919 ], [ 144.970674800000012, -3.9960695 ], [ 144.9707445, -3.9961096 ], [ 144.9707928, -3.9961792 ], [ 144.9708331, -3.9962889 ], [ 144.970876, -3.9964013 ], [ 144.9709082, -3.9965136 ], [ 144.9709216, -3.9965912 ], [ 144.970897400000013, -3.996717 ], [ 144.9708492, -3.9968936 ], [ 144.970774, -3.9970381 ], [ 144.9706936, -3.9971371 ], [ 144.970648, -3.9972093 ], [ 144.9706399, -3.9973164 ], [ 144.9706641, -3.9974448 ], [ 144.9706909, -3.9975705 ], [ 144.970696299999986, -3.9976695 ], [ 144.9706909, -3.9977311 ], [ 144.970682900000014, -3.9978221 ], [ 144.970682900000014, -3.9979505 ], [ 144.9706775, -3.9981217 ], [ 144.9706802, -3.9982395 ], [ 144.9706989, -3.9983304 ], [ 144.9707204, -3.9984562 ], [ 144.9707419, -3.9985579 ], [ 144.9707472, -3.998606 ], [ 144.9707419, -3.9986569 ], [ 144.970711, -3.9987037 ], [ 144.9706587, -3.9987478 ], [ 144.9706292, -3.9987933 ], [ 144.9705595, -3.9988629 ], [ 144.970505800000012, -3.9989325 ], [ 144.970428, -3.9990529 ], [ 144.970358299999987, -3.9991438 ], [ 144.97031, -3.9992268 ], [ 144.9702537, -3.9993178 ], [ 144.9701786, -3.9994408 ], [ 144.9700928, -3.9995639 ], [ 144.9700257, -3.9996362 ], [ 144.9699479, -3.9997218 ], [ 144.969864800000011, -3.9998154 ], [ 144.9698031, -3.9998636 ], [ 144.9696931, -3.9999412 ], [ 144.969596599999988, -3.999968 ], [ 144.9695376, -3.999984 ], [ 144.9694303, -4.0000054 ], [ 144.9693337, -4.0000482 ], [ 144.969154, -4.0001312 ], [ 144.9689984, -4.0002409 ], [ 144.9688563, -4.0003399 ], [ 144.968757, -4.0004121 ], [ 144.9686685, -4.000471 ], [ 144.96854780000001, -4.0005432 ], [ 144.9684057, -4.0006315 ], [ 144.968306399999989, -4.0006877 ], [ 144.9681616, -4.0007814 ], [ 144.9679846, -4.0009071 ], [ 144.9677807, -4.0010248 ], [ 144.9676198, -4.0010917 ], [ 144.9674374, -4.0011372 ], [ 144.9672094, -4.0011934 ], [ 144.96702160000001, -4.0012068 ], [ 144.9667346, -4.0012442 ], [ 144.9663994, -4.0012576 ], [ 144.9661499, -4.0012683 ], [ 144.9659139, -4.001255 ], [ 144.9657664, -4.0012389 ], [ 144.965578599999986, -4.0012523 ], [ 144.9653721, -4.0012764 ], [ 144.9652326, -4.0012683 ], [ 144.965125300000011, -4.001263 ], [ 144.9649832, -4.001255 ], [ 144.964795400000014, -4.0012362 ], [ 144.9646828, -4.0011961 ], [ 144.9645621, -4.0011586 ], [ 144.964436, -4.0011319 ], [ 144.964242899999988, -4.0011185 ], [ 144.964087299999989, -4.0011024 ], [ 144.9639559, -4.0010784 ], [ 144.963862, -4.001065 ], [ 144.9637118, -4.0010115 ], [ 144.9636018, -4.0009419 ], [ 144.9634892, -4.0008937 ], [ 144.963344299999989, -4.0008349 ], [ 144.963202200000012, -4.0007921 ], [ 144.963054699999986, -4.0006904 ], [ 144.9629205, -4.0005432 ], [ 144.9628186, -4.0003693 ], [ 144.9627891, -4.0002864 ], [ 144.9627006, -4.0002007 ], [ 144.9626121, -4.0001579 ], [ 144.962467299999986, -4.0001044 ], [ 144.9623841, -4.0000241 ], [ 144.962338499999987, -3.9999278 ], [ 144.9622929, -3.9997726 ], [ 144.9622688, -3.9996629 ], [ 144.9622419, -3.99958 ], [ 144.9622017, -3.9995265 ], [ 144.9621347, -3.9994462 ], [ 144.9620301, -3.9993606 ], [ 144.961963, -3.999283 ], [ 144.961906699999986, -3.9992107 ], [ 144.9617994, -3.9990984 ], [ 144.961689400000012, -3.9990422 ], [ 144.961603599999989, -3.9990181 ], [ 144.9615231, -3.9989806 ], [ 144.9614239, -3.9989191 ], [ 144.961332700000014, -3.9988228 ], [ 144.9612522, -3.9987612 ], [ 144.9611396, -3.9986328 ], [ 144.9610269, -3.9984722 ], [ 144.9609303, -3.9983652 ], [ 144.9608177, -3.9982689 ], [ 144.960737200000011, -3.9981485 ], [ 144.960624599999989, -3.9979585 ], [ 144.9604797, -3.9977284 ], [ 144.960372400000011, -3.9975251 ], [ 144.9602222, -3.9973056 ], [ 144.9601686, -3.9971505 ], [ 144.960055899999986, -3.9968454 ], [ 144.9600184, -3.9966474 ], [ 144.9599379, -3.9964227 ], [ 144.9598306, -3.9962407 ], [ 144.959659, -3.9960748 ], [ 144.959498, -3.9960106 ], [ 144.959262, -3.9958875 ], [ 144.9589455, -3.995636 ], [ 144.9587095, -3.9954273 ], [ 144.9585485, -3.9952454 ], [ 144.9584198, -3.995042 ], [ 144.958355399999988, -3.994844 ], [ 144.9582696, -3.9946086 ], [ 144.9581516, -3.9944641 ], [ 144.957990599999988, -3.9943249 ], [ 144.957808300000011, -3.9942447 ], [ 144.957599, -3.9940681 ], [ 144.9574381, -3.9938219 ], [ 144.957363, -3.9934741 ], [ 144.957416599999988, -3.9930567 ], [ 144.957470300000011, -3.9928479 ], [ 144.957625900000011, -3.9926125 ], [ 144.9578297, -3.9924359 ], [ 144.958114, -3.9923396 ], [ 144.9584547, -3.9923369 ], [ 144.9587578, -3.9924198 ], [ 144.9591601, -3.992559 ], [ 144.9594176, -3.9927195 ], [ 144.9599433, -3.9931102 ], [ 144.9603295, -3.9933777 ], [ 144.9605924, -3.9934687 ], [ 144.9610323, -3.993549 ], [ 144.961407799999989, -3.9935222 ], [ 144.9616063, -3.9934259 ], [ 144.9618262, -3.9931904 ], [ 144.9619818, -3.9928694 ], [ 144.9621803, -3.9926018 ], [ 144.9623465, -3.9924145 ], [ 144.9624699, -3.9923877 ], [ 144.9626094, -3.9923824 ], [ 144.9627918, -3.9924091 ], [ 144.962883, -3.9923449 ], [ 144.9629742, -3.9922379 ], [ 144.9630707, -3.9919007 ], [ 144.9631727, -3.9916974 ], [ 144.963263899999987, -3.991585 ], [ 144.9634838, -3.9914138 ], [ 144.963843200000014, -3.99128 ], [ 144.9644709, -3.9910606 ] ] ] ] } },
{ "type": "Feature", "properties": { "FID": 71383, "id": 2323, "left": 140.0, "top": 0.0, "right": 145.0, "bottom": -5.0, "row_index": 18, "col_index": 64, "min_lon": 140.0, "min_lat": -5.0, "tile_id": "140_-5" }, "geometry": { "type": "MultiPolygon", "coordinates": [ [ [ [ 144.3991555, -3.38475 ], [ 144.399978800000014, -3.3845318 ], [ 144.4002199, -3.3845633 ], [ 144.400437399999987, -3.3845729 ], [ 144.4006549, -3.3845543 ], [ 144.4011006, -3.3844431 ], [ 144.4014434, -3.3843133 ], [ 144.401621799999987, -3.3841672 ], [ 144.4019973, -3.384066 ], [ 144.4021674, -3.384033 ], [ 144.402295, -3.3840811 ], [ 144.4025902, -3.3841387 ], [ 144.402819099999988, -3.3842275 ], [ 144.4032269, -3.3843777 ], [ 144.4036912, -3.384528 ], [ 144.4039369, -3.3845891 ], [ 144.404134, -3.3846232 ], [ 144.4043633, -3.3847179 ], [ 144.40453930000001, -3.3847835 ], [ 144.404651199999989, -3.3848252 ], [ 144.4048764, -3.3848929 ], [ 144.4051935, -3.384996 ], [ 144.4053841, -3.3849925 ], [ 144.4055113, -3.3849201 ], [ 144.405642, -3.3848557 ], [ 144.405824599999988, -3.3849058 ], [ 144.4060007, -3.3849541 ], [ 144.4063214, -3.384975 ], [ 144.40649350000001, -3.3849944 ], [ 144.406707899999986, -3.3849926 ], [ 144.407034399999986, -3.3850171 ], [ 144.4070308, -3.3849178 ], [ 144.4071209, -3.3848647 ], [ 144.4072155, -3.3848663 ], [ 144.4072959, -3.3849173 ], [ 144.407469, -3.3847828 ], [ 144.4077676, -3.3846308 ], [ 144.4078604, -3.3846183 ], [ 144.4080717, -3.3845118 ], [ 144.408165200000013, -3.3844647 ], [ 144.4084226, -3.3843906 ], [ 144.4088765, -3.3843395 ], [ 144.4092201, -3.3843068 ], [ 144.4095495, -3.3842566 ], [ 144.4098577, -3.3842306 ], [ 144.4100235, -3.3841633 ], [ 144.410185, -3.3840977 ], [ 144.410497099999986, -3.3838971 ], [ 144.4109116, -3.3837707 ], [ 144.4112586, -3.3837109 ], [ 144.411524, -3.383674 ], [ 144.4117875, -3.3836273 ], [ 144.4121419, -3.3835687 ], [ 144.412403899999987, -3.38355 ], [ 144.4129201, -3.3836324 ], [ 144.4134788, -3.3837641 ], [ 144.414322, -3.3840932 ], [ 144.414796599999988, -3.3842896 ], [ 144.415221699999989, -3.3845176 ], [ 144.4160132, -3.3851442 ], [ 144.416264, -3.3854204 ], [ 144.4165379, -3.3856114 ], [ 144.416749, -3.3858621 ], [ 144.416943, -3.3860757 ], [ 144.4170364, -3.3861825 ], [ 144.41711140000001, -3.3862359 ], [ 144.417207600000012, -3.3862258 ], [ 144.417212299999989, -3.386308 ], [ 144.4172748, -3.3863738 ], [ 144.417355500000014, -3.386389 ], [ 144.4174715, -3.3863478 ], [ 144.4175258, -3.3864477 ], [ 144.4175458, -3.3865999 ], [ 144.417552300000011, -3.3866795 ], [ 144.4176368, -3.3867723 ], [ 144.417735599999986, -3.3868292 ], [ 144.4178239, -3.3868895 ], [ 144.4178459, -3.3869249 ], [ 144.4179105, -3.387029 ], [ 144.4180598, -3.3872292 ], [ 144.4182122, -3.3875199 ], [ 144.4182142, -3.3876546 ], [ 144.4184908, -3.3879549 ], [ 144.4190886, -3.3883308 ], [ 144.4193062, -3.3885117 ], [ 144.4195034, -3.3888808 ], [ 144.419742899999989, -3.3891159 ], [ 144.4200861, -3.3892006 ], [ 144.4203072, -3.3892606 ], [ 144.4204717, -3.3894017 ], [ 144.4208078, -3.3898768 ], [ 144.4209794, -3.3901266 ], [ 144.4211334, -3.3902989 ], [ 144.42139610000001, -3.3904569 ], [ 144.421725400000014, -3.3906524 ], [ 144.4219431, -3.3908418 ], [ 144.422200299999986, -3.3911482 ], [ 144.422351600000013, -3.3913664 ], [ 144.4225379, -3.3914541 ], [ 144.422601500000013, -3.3915035 ], [ 144.422776, -3.3916391 ], [ 144.4232685, -3.392318 ], [ 144.4233591, -3.3924924 ], [ 144.4234315, -3.3926318 ], [ 144.423438800000014, -3.3928593 ], [ 144.4234159, -3.3931388 ], [ 144.4234186, -3.3934973 ], [ 144.423463700000013, -3.3938488 ], [ 144.423471299999989, -3.3939713 ], [ 144.4234927, -3.3940925 ], [ 144.423514, -3.3942766 ], [ 144.423464599999988, -3.394351 ], [ 144.4234328, -3.3944411 ], [ 144.4234487, -3.3946203 ], [ 144.4235318, -3.3947359 ], [ 144.4236108, -3.3948216 ], [ 144.4236149, -3.3948891 ], [ 144.423687699999988, -3.3950111 ], [ 144.4237594, -3.395118 ], [ 144.423844699999989, -3.395122 ], [ 144.423933299999987, -3.3951311 ], [ 144.4240165, -3.3952238 ], [ 144.4240369, -3.3953055 ], [ 144.424086, -3.395371 ], [ 144.4241706, -3.3953967 ], [ 144.4242341, -3.3953743 ], [ 144.4242571, -3.3953614 ], [ 144.4243047, -3.3953348 ], [ 144.424386, -3.3952869 ], [ 144.4245185, -3.3953052 ], [ 144.4246343, -3.395392 ], [ 144.4246616, -3.3955071 ], [ 144.424590099999989, -3.3956406 ], [ 144.424441300000012, -3.3958203 ], [ 144.4242468, -3.3958432 ], [ 144.4241654, -3.3959931 ], [ 144.4241369, -3.396194 ], [ 144.4241735, -3.3964791 ], [ 144.4243898, -3.3974437 ], [ 144.424505, -3.397926 ], [ 144.42454140000001, -3.3981671 ], [ 144.424587800000012, -3.3982595 ], [ 144.424695899999989, -3.3983268 ], [ 144.424658, -3.3983958 ], [ 144.424554300000011, -3.3983879 ], [ 144.4244967, -3.3984582 ], [ 144.4244364, -3.3985318 ], [ 144.4241529, -3.3985794 ], [ 144.4240041, -3.3985467 ], [ 144.4239757, -3.3984574 ], [ 144.4238201, -3.3984458 ], [ 144.423668099999986, -3.3984305 ], [ 144.423517800000013, -3.3984406 ], [ 144.4234003, -3.3984879 ], [ 144.423306200000013, -3.3984869 ], [ 144.4232585, -3.398436 ], [ 144.4231708, -3.3984758 ], [ 144.42297880000001, -3.3985423 ], [ 144.4228698, -3.398439 ], [ 144.4226492, -3.3983909 ], [ 144.4225071, -3.3983844 ], [ 144.42244310000001, -3.3983142 ], [ 144.4221248, -3.398085 ], [ 144.422054, -3.3980022 ], [ 144.42178530000001, -3.3979229 ], [ 144.4212727, -3.3977769 ], [ 144.420814900000011, -3.3976652 ], [ 144.4200064, -3.3974999 ], [ 144.419349899999986, -3.3973735 ], [ 144.4183193, -3.3963726 ], [ 144.4166236, -3.3951593 ], [ 144.4145272, -3.3945852 ], [ 144.4128498, -3.3942898 ], [ 144.412421099999989, -3.3945319 ], [ 144.4118609, -3.3949185 ], [ 144.4115941, -3.3951848 ], [ 144.4115256, -3.3952942 ], [ 144.411265, -3.3953458 ], [ 144.410986799999989, -3.3953807 ], [ 144.4108146, -3.3954885 ], [ 144.4107616, -3.3955695 ], [ 144.410705, -3.3957998 ], [ 144.4106103, -3.3960324 ], [ 144.410406, -3.3963114 ], [ 144.41025, -3.3965 ], [ 144.410072899999989, -3.3966281 ], [ 144.4098697, -3.3966318 ], [ 144.4096443, -3.3964741 ], [ 144.409423, -3.396109 ], [ 144.4091546, -3.3960845 ], [ 144.409020700000013, -3.3960723 ], [ 144.4085888, -3.3962786 ], [ 144.4083789, -3.396442 ], [ 144.4082468, -3.3967044 ], [ 144.408174699999989, -3.3968326 ], [ 144.4079697, -3.3969479 ], [ 144.407622800000013, -3.3972078 ], [ 144.4071773, -3.3973343 ], [ 144.4067259, -3.3973976 ], [ 144.406057299999986, -3.3975331 ], [ 144.4047429, -3.397527 ], [ 144.4041671, -3.3974667 ], [ 144.4038008, -3.3971203 ], [ 144.4035542, -3.3972844 ], [ 144.403181, -3.3974667 ], [ 144.4029353, -3.3974183 ], [ 144.4024492, -3.3973432 ], [ 144.4018742, -3.3973207 ], [ 144.4012035, -3.3972703 ], [ 144.40075, -3.39725 ], [ 144.4004395, -3.3970693 ], [ 144.4001651, -3.3967742 ], [ 144.3998335, -3.3964188 ], [ 144.399629, -3.3963159 ], [ 144.3994444, -3.396223 ], [ 144.399108, -3.3960408 ], [ 144.3989368, -3.395805 ], [ 144.3989568, -3.3956782 ], [ 144.399015100000014, -3.3955033 ], [ 144.398935599999987, -3.3952411 ], [ 144.3987721, -3.3949504 ], [ 144.3984457, -3.3947681 ], [ 144.3980707, -3.3946928 ], [ 144.39775, -3.39475 ], [ 144.397377400000011, -3.395058 ], [ 144.3970885, -3.3951095 ], [ 144.396751, -3.3952317 ], [ 144.3963649, -3.3954675 ], [ 144.3959638, -3.3957424 ], [ 144.3955527, -3.3960056 ], [ 144.3951778, -3.3963049 ], [ 144.3949255, -3.3965269 ], [ 144.394709400000011, -3.3967729 ], [ 144.394623, -3.3969136 ], [ 144.3946855, -3.3970291 ], [ 144.3945749, -3.397147 ], [ 144.394444099999987, -3.3972121 ], [ 144.394072, -3.397494 ], [ 144.3937219, -3.3975847 ], [ 144.393450300000012, -3.3975911 ], [ 144.393290400000012, -3.3974951 ], [ 144.3930475, -3.3972543 ], [ 144.392979200000013, -3.3971821 ], [ 144.3928687, -3.3971279 ], [ 144.3927184, -3.3970647 ], [ 144.392586099999988, -3.3970978 ], [ 144.3924605, -3.3971702 ], [ 144.3917906, -3.3969631 ], [ 144.3912595, -3.3968102 ], [ 144.3905522, -3.396997 ], [ 144.3897791, -3.3971837 ], [ 144.3889306, -3.3972952 ], [ 144.3881351, -3.3976235 ], [ 144.387590100000011, -3.3978855 ], [ 144.387402400000013, -3.3980467 ], [ 144.3872936, -3.3981005 ], [ 144.387178799999987, -3.398064 ], [ 144.3869484, -3.3979156 ], [ 144.3868493, -3.3978468 ], [ 144.3867093, -3.3978016 ], [ 144.38658860000001, -3.3978167 ], [ 144.386459300000013, -3.3978747 ], [ 144.386321400000014, -3.3979306 ], [ 144.3860823, -3.3980446 ], [ 144.385942199999988, -3.3980317 ], [ 144.3857419, -3.3979801 ], [ 144.385485499999987, -3.3980145 ], [ 144.385347599999989, -3.3981049 ], [ 144.3850955, -3.3982038 ], [ 144.3847637, -3.3982619 ], [ 144.38459610000001, -3.3982691 ], [ 144.3841526, -3.3983232 ], [ 144.3838965, -3.398299 ], [ 144.3839692, -3.398185 ], [ 144.3839969, -3.3981021 ], [ 144.3840626, -3.397874 ], [ 144.3844399, -3.3978325 ], [ 144.3849315, -3.397639 ], [ 144.385461099999986, -3.3972762 ], [ 144.3858696, -3.3968512 ], [ 144.3864619, -3.3958135 ], [ 144.3869411, -3.3952564 ], [ 144.3872753, -3.3946704 ], [ 144.3875796, -3.3942532 ], [ 144.387858599999987, -3.3940245 ], [ 144.388077900000013, -3.3938812 ], [ 144.3881657, -3.3938023 ], [ 144.3880575, -3.3936254 ], [ 144.3879671, -3.3933778 ], [ 144.3880524, -3.3931166 ], [ 144.3881892, -3.3929425 ], [ 144.3883156, -3.3927976 ], [ 144.3884855, -3.3927613 ], [ 144.3885923, -3.3928139 ], [ 144.388696399999986, -3.392558 ], [ 144.388879, -3.3922203 ], [ 144.388992, -3.3920515 ], [ 144.388925199999989, -3.3919381 ], [ 144.3890079, -3.3918308 ], [ 144.3891506, -3.3919073 ], [ 144.389330699999988, -3.3917069 ], [ 144.389217800000011, -3.3916356 ], [ 144.3894223, -3.3915421 ], [ 144.3893361, -3.3914157 ], [ 144.3894162, -3.3911572 ], [ 144.3894852, -3.3909918 ], [ 144.3898386, -3.3909236 ], [ 144.390308, -3.3906744 ], [ 144.3916322, -3.3901069 ], [ 144.39249, -3.3896712 ], [ 144.392701499999987, -3.3894534 ], [ 144.393082600000014, -3.389207 ], [ 144.393347299999988, -3.3889704 ], [ 144.393497700000012, -3.3889345 ], [ 144.3936093, -3.3890073 ], [ 144.3937536, -3.3889896 ], [ 144.3938253, -3.3889372 ], [ 144.3938188, -3.3888334 ], [ 144.393755700000014, -3.3887508 ], [ 144.3938062, -3.3884691 ], [ 144.3939623, -3.3880955 ], [ 144.3940686, -3.3878804 ], [ 144.3942065, -3.3876935 ], [ 144.3944081, -3.3875418 ], [ 144.3945175, -3.3875849 ], [ 144.394660499999986, -3.3875747 ], [ 144.394831, -3.3874779 ], [ 144.3952626, -3.3871684 ], [ 144.3956339, -3.3868972 ], [ 144.39595030000001, -3.3867581 ], [ 144.396242, -3.3866789 ], [ 144.396451399999989, -3.3865814 ], [ 144.396552500000013, -3.3862962 ], [ 144.396680800000013, -3.3858961 ], [ 144.396655900000013, -3.3858372 ], [ 144.3965882, -3.3858019 ], [ 144.3965358, -3.3857752 ], [ 144.396535, -3.3857574 ], [ 144.3965445, -3.3857412 ], [ 144.39657, -3.385721 ], [ 144.3965929, -3.3857262 ], [ 144.3965909, -3.3857517 ], [ 144.396609899999987, -3.3857706 ], [ 144.3966507, -3.3857866 ], [ 144.3966857, -3.3857844 ], [ 144.3967046, -3.3857707 ], [ 144.39676750000001, -3.3856615 ], [ 144.3968304, -3.3855454 ], [ 144.3969416, -3.3855247 ], [ 144.3970113, -3.3854791 ], [ 144.397088599999989, -3.3854951 ], [ 144.3971343, -3.3854995 ], [ 144.39717490000001, -3.3853712 ], [ 144.39726490000001, -3.3852571 ], [ 144.3973452, -3.3852414 ], [ 144.3974125, -3.3852853 ], [ 144.3974505, -3.3852847 ], [ 144.397431399999988, -3.385216 ], [ 144.397503300000011, -3.3851835 ], [ 144.3975802, -3.3851678 ], [ 144.397646900000012, -3.3851882 ], [ 144.397694300000012, -3.385142 ], [ 144.3978347, -3.38514 ], [ 144.3979084, -3.3849909 ], [ 144.398146700000012, -3.3848281 ], [ 144.398403699999989, -3.3847361 ], [ 144.3987372, -3.3847431 ], [ 144.3988827, -3.3848383 ], [ 144.3991555, -3.38475 ] ] ] ] } },
{ "type": "Feature", "properties": { "FID": 71384, "id": 2323, "left": 140.0, "top": 0.0, "right": 145.0, "bottom": -5.0, "row_index": 18, "col_index": 64, "min_lon": 140.0, "min_lat": -5.0, "tile_id": "140_-5" }, "geometry": { "type": "MultiPolygon", "coordinates": [ [ [ [ 144.6113482, -3.5165015 ], [ 144.611283500000013, -3.5158966 ], [ 144.611113, -3.5143025 ], [ 144.6094673, -3.5143253 ], [ 144.607, -3.5135 ], [ 144.605297, -3.5138096 ], [ 144.6050821, -3.5138487 ], [ 144.60425, -3.514 ], [ 144.60241, -3.5153143 ], [ 144.60075, -3.5165 ], [ 144.59925, -3.517 ], [ 144.598, -3.5155 ], [ 144.59725, -3.516 ], [ 144.59675, -3.515 ], [ 144.59575, -3.51475 ], [ 144.5955, -3.51375 ], [ 144.59475, -3.5135 ], [ 144.59475, -3.5125 ], [ 144.593100600000014, -3.5121506 ], [ 144.592846400000013, -3.511553 ], [ 144.59325, -3.51025 ], [ 144.592, -3.51175 ], [ 144.59175, -3.5115 ], [ 144.5905, -3.5125 ], [ 144.59025, -3.51025 ], [ 144.59175, -3.50825 ], [ 144.5915, -3.5075 ], [ 144.5925, -3.506 ], [ 144.59425, -3.50525 ], [ 144.59575, -3.50275 ], [ 144.59675, -3.50225 ], [ 144.59625, -3.50125 ], [ 144.59625, -3.4995 ], [ 144.597, -3.499 ], [ 144.59775, -3.49975 ], [ 144.59825, -3.4995 ], [ 144.59875, -3.4985 ], [ 144.59825, -3.49775 ], [ 144.59907960000001, -3.4973576 ], [ 144.6, -3.49725 ], [ 144.60325, -3.4975 ], [ 144.6035, -3.497 ], [ 144.60525, -3.49675 ], [ 144.606, -3.49775 ], [ 144.6085, -3.498 ], [ 144.6105, -3.49925 ], [ 144.6125, -3.5 ], [ 144.6135, -3.501 ], [ 144.61625, -3.50425 ], [ 144.6165, -3.506 ], [ 144.618, -3.50675 ], [ 144.619, -3.5095 ], [ 144.6205, -3.51 ], [ 144.623, -3.5095 ], [ 144.622, -3.51125 ], [ 144.6225, -3.51225 ], [ 144.6205, -3.5135 ], [ 144.6195, -3.51475 ], [ 144.619, -3.5165 ], [ 144.6185, -3.51625 ], [ 144.61825, -3.51675 ], [ 144.6182234, -3.5177287 ], [ 144.617655, -3.5182217 ], [ 144.617, -3.5185 ], [ 144.61625, -3.51775 ], [ 144.6135, -3.518 ], [ 144.61375, -3.5175 ], [ 144.613, -3.51675 ], [ 144.6115218, -3.5165276 ], [ 144.6113482, -3.5165015 ] ] ] ] } },
{ "type": "Feature", "properties": { "FID": 71385, "id": 2323, "left": 140.0, "top": 0.0, "right": 145.0, "bottom": -5.0, "row_index": 18, "col_index": 64, "min_lon": 140.0, "min_lat": -5.0, "tile_id": "140_-5" }, "geometry": { "type": "MultiPolygon", "coordinates": [ [ [ [ 144.594001100000014, -3.610077 ], [ 144.593847, -3.6102671 ], [ 144.5935082, -3.6106687 ], [ 144.593423300000012, -3.6108153 ], [ 144.593365799999987, -3.6109147 ], [ 144.593134, -3.6112932 ], [ 144.5930467, -3.6115083 ], [ 144.592993400000012, -3.6117024 ], [ 144.592781699999989, -3.6119587 ], [ 144.5926145, -3.6122326 ], [ 144.592570099999989, -3.6123052 ], [ 144.592619500000012, -3.6124364 ], [ 144.5925059, -3.6127759 ], [ 144.5922522, -3.6129522 ], [ 144.5920625, -3.6129471 ], [ 144.5919432, -3.6129707 ], [ 144.5918012, -3.6129987 ], [ 144.5916757, -3.6130979 ], [ 144.591559499999988, -3.6131896 ], [ 144.5915067, -3.6132314 ], [ 144.591404, -3.613476 ], [ 144.591403899999989, -3.6137487 ], [ 144.5910519, -3.6139813 ], [ 144.5908431, -3.6140069 ], [ 144.5907048, -3.6138283 ], [ 144.590590099999986, -3.6138343 ], [ 144.5904796, -3.6138401 ], [ 144.5903309, -3.6138478 ], [ 144.590244500000011, -3.6138523 ], [ 144.5900619, -3.6139069 ], [ 144.5898769, -3.6139621 ], [ 144.58975, -3.614 ], [ 144.589634600000011, -3.6141868 ], [ 144.5894792, -3.6144386 ], [ 144.589240100000012, -3.6145719 ], [ 144.5889211, -3.6146906 ], [ 144.588948499999987, -3.6143113 ], [ 144.5890298, -3.6140969 ], [ 144.5888976, -3.6140751 ], [ 144.5888228, -3.6140811 ], [ 144.5884239, -3.614113 ], [ 144.5882766, -3.6140159 ], [ 144.5881075, -3.6139364 ], [ 144.5880153, -3.613893 ], [ 144.5878748, -3.6138715 ], [ 144.5877366, -3.6138724 ], [ 144.5874743, -3.6138933 ], [ 144.5872592, -3.6138746 ], [ 144.5869716, -3.6137017 ], [ 144.5868796, -3.6136988 ], [ 144.5866566, -3.6136918 ], [ 144.5863651, -3.6136365 ], [ 144.5862683, -3.6135912 ], [ 144.5859745, -3.6134535 ], [ 144.5859142, -3.6134457 ], [ 144.5856838, -3.613416 ], [ 144.585680200000013, -3.6134155 ], [ 144.585439900000011, -3.6132315 ], [ 144.5853751, -3.6131819 ], [ 144.5853021, -3.613126 ], [ 144.5852655, -3.613098 ], [ 144.585116699999986, -3.6129841 ], [ 144.5849919, -3.6128885 ], [ 144.58483240000001, -3.6127854 ], [ 144.5847944, -3.6127608 ], [ 144.584754299999986, -3.612735 ], [ 144.584733, -3.6127212 ], [ 144.584474, -3.6126404 ], [ 144.5844448, -3.6126105 ], [ 144.5842781, -3.6124397 ], [ 144.584172599999988, -3.6123973 ], [ 144.5840657, -3.6123543 ], [ 144.5839823, -3.6123208 ], [ 144.5839382, -3.6123031 ], [ 144.5836275, -3.6122471 ], [ 144.5832912, -3.6123695 ], [ 144.583, -3.612 ], [ 144.582643, -3.6113084 ], [ 144.58259910000001, -3.6110249 ], [ 144.5825514, -3.610972 ], [ 144.5822009, -3.6109801 ], [ 144.5820512, -3.610919 ], [ 144.5821005, -3.6107928 ], [ 144.5822559, -3.610628 ], [ 144.582320399999986, -3.6104075 ], [ 144.5822996, -3.6102675 ], [ 144.582087, -3.6101633 ], [ 144.582051400000012, -3.6099542 ], [ 144.5822125, -3.6097733 ], [ 144.5821953, -3.6097125 ], [ 144.582177699999988, -3.6096502 ], [ 144.582087300000012, -3.6096379 ], [ 144.5820776, -3.6094076 ], [ 144.5820682, -3.6092437 ], [ 144.582098300000013, -3.608977 ], [ 144.5819894, -3.6087724 ], [ 144.5817955, -3.6086774 ], [ 144.5816304, -3.6087334 ], [ 144.5815, -3.60875 ], [ 144.581396500000011, -3.6087122 ], [ 144.581366800000012, -3.6086036 ], [ 144.5813526, -3.6083266 ], [ 144.581403099999989, -3.6079684 ], [ 144.5812588, -3.6077868 ], [ 144.581313099999988, -3.6075555 ], [ 144.5812673, -3.6072874 ], [ 144.5813415, -3.6068435 ], [ 144.5814878, -3.6063729 ], [ 144.5813239, -3.6060561 ], [ 144.581539099999986, -3.6060053 ], [ 144.581413199999986, -3.6058887 ], [ 144.581416600000011, -3.6055928 ], [ 144.582051400000012, -3.6055571 ], [ 144.5824222, -3.6055363 ], [ 144.582463499999989, -3.605534 ], [ 144.582295, -3.6052584 ], [ 144.5825965, -3.6052189 ], [ 144.582168, -3.6048911 ], [ 144.581999200000013, -3.6046111 ], [ 144.582019, -3.6043468 ], [ 144.5822739, -3.6041135 ], [ 144.582664, -3.603928 ], [ 144.5834209, -3.6036302 ], [ 144.583242500000011, -3.6033643 ], [ 144.5835275, -3.6030254 ], [ 144.583722099999989, -3.6029541 ], [ 144.5838173, -3.6027266 ], [ 144.584019, -3.6028197 ], [ 144.5839853, -3.6024769 ], [ 144.584159699999987, -3.6024303 ], [ 144.584323500000011, -3.6025422 ], [ 144.584273200000013, -3.6023445 ], [ 144.5844396, -3.6019317 ], [ 144.5848718, -3.601733 ], [ 144.585080799999986, -3.6017282 ], [ 144.585302899999988, -3.6016123 ], [ 144.585487699999987, -3.601721 ], [ 144.5857718, -3.6015173 ], [ 144.5861314, -3.601493 ], [ 144.5864054, -3.6008897 ], [ 144.586437, -3.6001545 ], [ 144.5869363, -3.6001202 ], [ 144.5872405, -3.5999803 ], [ 144.587469199999987, -3.6001762 ], [ 144.5877069, -3.6000504 ], [ 144.5879779, -3.6000387 ], [ 144.5883682, -3.6001769 ], [ 144.5888444, -3.6002955 ], [ 144.589620200000013, -3.6004464 ], [ 144.5898311, -3.6007158 ], [ 144.5900207, -3.6007826 ], [ 144.5900686, -3.6009444 ], [ 144.590250700000013, -3.6010187 ], [ 144.590499599999987, -3.6012317 ], [ 144.590646, -3.6012842 ], [ 144.5907483, -3.6015198 ], [ 144.5909562, -3.6018169 ], [ 144.5911551, -3.6019759 ], [ 144.5912703, -3.602068 ], [ 144.5914683, -3.6023337 ], [ 144.591646, -3.6024254 ], [ 144.591949199999988, -3.6025141 ], [ 144.592587900000012, -3.6030483 ], [ 144.5926031, -3.6032889 ], [ 144.5926622, -3.6033552 ], [ 144.5927084, -3.6035103 ], [ 144.5931553, -3.603757 ], [ 144.593178, -3.6038406 ], [ 144.593319900000012, -3.6046338 ], [ 144.5933379, -3.6047347 ], [ 144.5934135, -3.6051571 ], [ 144.593535800000012, -3.6054901 ], [ 144.593575, -3.6055967 ], [ 144.593884, -3.6056586 ], [ 144.5940149, -3.6058108 ], [ 144.5940957, -3.60625 ], [ 144.5941219, -3.6066785 ], [ 144.594046, -3.6071281 ], [ 144.594143800000012, -3.6073958 ], [ 144.5942191, -3.6074961 ], [ 144.5942686, -3.6075621 ], [ 144.5945185, -3.6075504 ], [ 144.5949814, -3.6077153 ], [ 144.5951851, -3.6078381 ], [ 144.595261099999988, -3.6081592 ], [ 144.5951818, -3.608485 ], [ 144.5952967, -3.6086564 ], [ 144.595299399999988, -3.6088014 ], [ 144.5949502, -3.60891 ], [ 144.5945299, -3.6089393 ], [ 144.5942092, -3.6090987 ], [ 144.5941602, -3.6092775 ], [ 144.5940041, -3.6098476 ], [ 144.594001100000014, -3.610077 ] ] ] ] } },
{ "type": "Feature", "properties": { "FID": 71476, "id": 2323, "left": 140.0, "top": 0.0, "right": 145.0, "bottom": -5.0, "row_index": 18, "col_index": 64, "min_lon": 140.0, "min_lat": -5.0, "tile_id": "140_-5" }, "geometry": { "type": "MultiPolygon", "coordinates": [ [ [ [ 143.565674699999988, -3.3231357 ], [ 143.565951, -3.3233767 ], [ 143.5663063, -3.3237813 ], [ 143.5665947, -3.3240836 ], [ 143.5667235, -3.3242014 ], [ 143.56682, -3.3242603 ], [ 143.566978299999988, -3.3242924 ], [ 143.5672921, -3.3243299 ], [ 143.5674718, -3.3243701 ], [ 143.5676005, -3.324429 ], [ 143.5679197, -3.3246245 ], [ 143.5682765, -3.3249137 ], [ 143.5684336, -3.3250795 ], [ 143.568888, -3.3256527 ], [ 143.5690141, -3.3258375 ], [ 143.5691053, -3.3259419 ], [ 143.5692474, -3.3260758 ], [ 143.569346700000011, -3.3261668 ], [ 143.5696766, -3.3265979 ], [ 143.5698161, -3.3266783 ], [ 143.569995799999987, -3.3267613 ], [ 143.5702345, -3.3269219 ], [ 143.5703605, -3.3270532 ], [ 143.5706851, -3.3274869 ], [ 143.5707897, -3.3276637 ], [ 143.570838, -3.3277949 ], [ 143.570838, -3.3279421 ], [ 143.5708138, -3.3281135 ], [ 143.5708165, -3.3283224 ], [ 143.5709345, -3.3287856 ], [ 143.57106060000001, -3.3289998 ], [ 143.5712752, -3.3292248 ], [ 143.571562199999988, -3.3293881 ], [ 143.571825, -3.329455 ], [ 143.572136199999989, -3.329447 ], [ 143.5724768, -3.3294309 ], [ 143.573040099999986, -3.3292515 ], [ 143.5732251, -3.3292221 ], [ 143.5733727, -3.3292381 ], [ 143.573498699999988, -3.329289 ], [ 143.573654299999987, -3.329447 ], [ 143.573809899999986, -3.3295889 ], [ 143.573930600000011, -3.3296478 ], [ 143.5741773, -3.3297282 ], [ 143.57455010000001, -3.3298487 ], [ 143.5747084, -3.3299183 ], [ 143.5748184, -3.3300147 ], [ 143.5749552, -3.3302128 ], [ 143.5751295, -3.330585 ], [ 143.5754594, -3.3315088 ], [ 143.5755399, -3.3320069 ], [ 143.5755882, -3.3326334 ], [ 143.5755962, -3.3328209 ], [ 143.57563110000001, -3.3330619 ], [ 143.5758054, -3.3334073 ], [ 143.5761622, -3.3338946 ], [ 143.5766047, -3.3342267 ], [ 143.5770339, -3.334473 ], [ 143.577264500000013, -3.3346256 ], [ 143.577514, -3.3349202 ], [ 143.5777554, -3.3351156 ], [ 143.5782704, -3.3354209 ], [ 143.579217199999988, -3.3358118 ], [ 143.5798261, -3.3359591 ], [ 143.5802364, -3.3360019 ], [ 143.580472500000013, -3.3360127 ], [ 143.5806978, -3.3359537 ], [ 143.580850700000013, -3.3359216 ], [ 143.580966, -3.3359243 ], [ 143.5810196, -3.335935 ], [ 143.581113499999987, -3.3359886 ], [ 143.581443400000012, -3.336251 ], [ 143.5817251, -3.3365535 ], [ 143.5819718, -3.3368695 ], [ 143.5820979, -3.3369739 ], [ 143.5821891, -3.3369954 ], [ 143.5823366, -3.3370007 ], [ 143.5824251, -3.3370328 ], [ 143.5826853, -3.3372337 ], [ 143.5831198, -3.3375577 ], [ 143.5832325, -3.3377023 ], [ 143.583329, -3.3378495 ], [ 143.5834068, -3.3380102 ], [ 143.5835248, -3.3381066 ], [ 143.5836965, -3.3381735 ], [ 143.5837823, -3.3381949 ], [ 143.5838789, -3.3382298 ], [ 143.583962, -3.3383047 ], [ 143.5841766, -3.3386769 ], [ 143.584664800000013, -3.339258 ], [ 143.584852500000011, -3.3394534 ], [ 143.584914199999986, -3.3395713 ], [ 143.5849732, -3.3397239 ], [ 143.5852334, -3.3403157 ], [ 143.5854694, -3.3406878 ], [ 143.585735, -3.3409503 ], [ 143.5863224, -3.3415741 ], [ 143.587088099999988, -3.3422128 ], [ 143.587371100000013, -3.3423774 ], [ 143.5875159, -3.3424096 ], [ 143.5876608, -3.3424497 ], [ 143.5877386, -3.3424738 ], [ 143.5878056, -3.3425167 ], [ 143.5881114, -3.3428728 ], [ 143.5883823, -3.3430683 ], [ 143.588505700000013, -3.3431325 ], [ 143.5886317, -3.3432075 ], [ 143.588768499999986, -3.3433146 ], [ 143.588857100000013, -3.3434539 ], [ 143.5889161, -3.3435824 ], [ 143.589052900000013, -3.3437671 ], [ 143.5892943, -3.3440028 ], [ 143.5898736, -3.3443776 ], [ 143.591091299999988, -3.3450631 ], [ 143.5921669, -3.3456281 ], [ 143.5922956, -3.3456602 ], [ 143.5924458, -3.3456656 ], [ 143.5926014, -3.3456656 ], [ 143.592711400000013, -3.3456843 ], [ 143.59283210000001, -3.3457486 ], [ 143.5933149, -3.3460913 ], [ 143.5938299, -3.3463296 ], [ 143.594605, -3.3465894 ], [ 143.5947391, -3.3466001 ], [ 143.5948759, -3.346584 ], [ 143.5949376, -3.3465519 ], [ 143.5949752, -3.3464019 ], [ 143.5950235, -3.3463457 ], [ 143.5950798, -3.3463189 ], [ 143.5951227, -3.3463216 ], [ 143.595154900000011, -3.3463591 ], [ 143.5951656, -3.3464903 ], [ 143.5951763, -3.3465385 ], [ 143.5952151, -3.3465784 ], [ 143.5957745, -3.3467955 ], [ 143.5962412, -3.3469696 ], [ 143.5964477, -3.3470124 ], [ 143.5965818, -3.347058 ], [ 143.5966381, -3.3470928 ], [ 143.596707900000013, -3.347232 ], [ 143.5968339, -3.3473739 ], [ 143.5969681, -3.3474516 ], [ 143.597084700000011, -3.3475051 ], [ 143.597147799999988, -3.3475386 ], [ 143.5972229, -3.3476069 ], [ 143.5972993, -3.3476738 ], [ 143.5973811, -3.3477408 ], [ 143.597841100000011, -3.3480527 ], [ 143.598145499999987, -3.3482723 ], [ 143.598403, -3.3483486 ], [ 143.5985559, -3.3483513 ], [ 143.5986471, -3.3483593 ], [ 143.598727599999989, -3.3483941 ], [ 143.5988939, -3.3485173 ], [ 143.599253299999987, -3.3488948 ], [ 143.599340500000011, -3.3490715 ], [ 143.5993995, -3.3492201 ], [ 143.599442399999987, -3.3493045 ], [ 143.599496, -3.3493714 ], [ 143.5997428, -3.3494986 ], [ 143.600501900000012, -3.3497262 ], [ 143.6011899, -3.3499203 ], [ 143.6013776, -3.3499377 ], [ 143.6016002, -3.3499311 ], [ 143.6017665, -3.3499364 ], [ 143.6019114, -3.3499605 ], [ 143.6021098, -3.3499993 ], [ 143.6023083, -3.3500783 ], [ 143.6024103, -3.3501131 ], [ 143.6024988, -3.3501265 ], [ 143.602635600000013, -3.3501828 ], [ 143.6027952, -3.3502952 ], [ 143.602992300000011, -3.3504773 ], [ 143.603227, -3.3505844 ], [ 143.6033557, -3.3506138 ], [ 143.6034912, -3.3506299 ], [ 143.603594500000014, -3.350642 ], [ 143.6036924, -3.3506433 ], [ 143.603742, -3.3506513 ], [ 143.6037983, -3.3506634 ], [ 143.604096, -3.3507625 ], [ 143.6042717, -3.3507906 ], [ 143.6043991, -3.3507986 ], [ 143.6044836, -3.3507932 ], [ 143.604615, -3.3507665 ], [ 143.604936900000013, -3.3506781 ], [ 143.6049892, -3.3506674 ], [ 143.605134, -3.350646 ], [ 143.605303, -3.3506326 ], [ 143.6054076, -3.3506152 ], [ 143.605470700000012, -3.3505831 ], [ 143.6055082, -3.3505549 ], [ 143.605544400000014, -3.3505429 ], [ 143.6056034, -3.3505429 ], [ 143.605637, -3.3505576 ], [ 143.6059803, -3.3507866 ], [ 143.6062136, -3.3509231 ], [ 143.606280700000013, -3.350974 ], [ 143.606315599999988, -3.3510168 ], [ 143.6064041, -3.3511534 ], [ 143.606530099999986, -3.3513502 ], [ 143.606617300000011, -3.3514533 ], [ 143.6067621, -3.3515524 ], [ 143.6068118, -3.3515939 ], [ 143.6069445, -3.3517585 ], [ 143.607084, -3.3519794 ], [ 143.607259699999986, -3.3522311 ], [ 143.6074112, -3.3523851 ], [ 143.6075239, -3.3524775 ], [ 143.60765, -3.3525498 ], [ 143.607758600000011, -3.3525846 ], [ 143.6078431, -3.3525993 ], [ 143.6079048, -3.3525779 ], [ 143.6079463, -3.3525404 ], [ 143.6080308, -3.3524989 ], [ 143.608109899999988, -3.3524587 ], [ 143.6081515, -3.3524534 ], [ 143.6081824, -3.3524735 ], [ 143.6082749, -3.3525685 ], [ 143.608574, -3.3531937 ], [ 143.6086893, -3.3533705 ], [ 143.608814, -3.353511 ], [ 143.6088717, -3.3535365 ], [ 143.6089508, -3.3535445 ], [ 143.6090836, -3.3535472 ], [ 143.609149300000013, -3.3535632 ], [ 143.6092003, -3.3536007 ], [ 143.6092928, -3.3537199 ], [ 143.609331700000013, -3.3537654 ], [ 143.6093988, -3.3537962 ], [ 143.60985740000001, -3.3539662 ], [ 143.6104488, -3.3542286 ], [ 143.6105669, -3.3543036 ], [ 143.610695600000014, -3.3544375 ], [ 143.6107814, -3.3545339 ], [ 143.6108136, -3.3546169 ], [ 143.6108284, -3.3547668 ], [ 143.6108391, -3.3548632 ], [ 143.610874, -3.3549195 ], [ 143.610939699999989, -3.354965 ], [ 143.611051, -3.3550011 ], [ 143.6112374, -3.3550199 ], [ 143.6113648, -3.3550065 ], [ 143.611423800000011, -3.3550225 ], [ 143.6114734, -3.3550453 ], [ 143.6114909, -3.3550774 ], [ 143.611515, -3.3551337 ], [ 143.6115512, -3.3551819 ], [ 143.6115982, -3.3552167 ], [ 143.611728199999988, -3.3553586 ], [ 143.6119522, -3.3556612 ], [ 143.612019299999986, -3.3557294 ], [ 143.612086299999987, -3.3558111 ], [ 143.6121359, -3.3559182 ], [ 143.6121507, -3.3559999 ], [ 143.6121775, -3.3560387 ], [ 143.6122258, -3.3560802 ], [ 143.6123277, -3.356115 ], [ 143.6125396, -3.3562757 ], [ 143.612936600000012, -3.3565889 ], [ 143.6130908, -3.3566733 ], [ 143.6131914, -3.3567081 ], [ 143.6132531, -3.3567148 ], [ 143.6133094, -3.35668 ], [ 143.6133738, -3.3566224 ], [ 143.6134073, -3.356601 ], [ 143.6134824, -3.3565983 ], [ 143.613577600000013, -3.356613 ], [ 143.6136635, -3.3566412 ], [ 143.6137238, -3.3567014 ], [ 143.6137573, -3.3567536 ], [ 143.6137976, -3.3567657 ], [ 143.6138231, -3.356767 ], [ 143.6139116, -3.356759 ], [ 143.6139666, -3.3567603 ], [ 143.613984, -3.3567683 ], [ 143.6140229, -3.3568152 ], [ 143.6140403, -3.3569518 ], [ 143.613970599999988, -3.3575462 ], [ 143.6139947, -3.3576747 ], [ 143.614043, -3.3577577 ], [ 143.6141235, -3.3578889 ], [ 143.6142361, -3.357996 ], [ 143.6143836, -3.3580656 ], [ 143.614558, -3.3581112 ], [ 143.614735, -3.3581353 ], [ 143.6148906, -3.3581861 ], [ 143.6149684, -3.358245 ], [ 143.615083700000014, -3.3583923 ], [ 143.6151937, -3.3584673 ], [ 143.615319699999986, -3.3585101 ], [ 143.615475300000014, -3.3585503 ], [ 143.6156255, -3.358561 ], [ 143.6157221, -3.3585664 ], [ 143.6158079, -3.3585878 ], [ 143.6158776, -3.3586199 ], [ 143.6159635, -3.3586788 ], [ 143.6160573, -3.3587752 ], [ 143.6161485, -3.3588154 ], [ 143.6163202, -3.3588395 ], [ 143.6164463, -3.358885 ], [ 143.6166742, -3.3590831 ], [ 143.616757400000012, -3.3592224 ], [ 143.616872699999988, -3.3595356 ], [ 143.6169371, -3.3596588 ], [ 143.6170095, -3.3597258 ], [ 143.61709, -3.3598891 ], [ 143.617122200000011, -3.3600578 ], [ 143.6171168, -3.3603791 ], [ 143.6170042, -3.3609253 ], [ 143.6169409, -3.3611492 ], [ 143.616972, -3.3614475 ], [ 143.617028299999987, -3.3615813 ], [ 143.6171275, -3.3616456 ], [ 143.6172496, -3.3616844 ], [ 143.6172809, -3.3617352 ], [ 143.6172898, -3.3617848 ], [ 143.6172737, -3.361833 ], [ 143.6172214, -3.3618705 ], [ 143.617028800000014, -3.3619688 ], [ 143.6169639, -3.3620205 ], [ 143.616766, -3.3622816 ], [ 143.6166313, -3.3624864 ], [ 143.6165374, -3.3625988 ], [ 143.6163604, -3.3627381 ], [ 143.6160222, -3.3629196 ], [ 143.6159715, -3.3629978 ], [ 143.6159286, -3.3631584 ], [ 143.6159366, -3.3633003 ], [ 143.616, -3.3635 ], [ 143.6161454, -3.363746 ], [ 143.6162129, -3.3638225 ], [ 143.6162505, -3.3638974 ], [ 143.616245099999986, -3.3639992 ], [ 143.6161861, -3.3641545 ], [ 143.615934, -3.3644517 ], [ 143.6157341, -3.364603 ], [ 143.6156389, -3.3647556 ], [ 143.615617500000013, -3.3648065 ], [ 143.6156081, -3.3649096 ], [ 143.6156335, -3.3650194 ], [ 143.615655, -3.365085 ], [ 143.6156684, -3.3651291 ], [ 143.6156483, -3.3651854 ], [ 143.6155853, -3.3652443 ], [ 143.6153761, -3.3653059 ], [ 143.6152366, -3.3654063 ], [ 143.615178899999989, -3.3654451 ], [ 143.61503, -3.3656566 ], [ 143.6149737, -3.3657691 ], [ 143.614949599999989, -3.3658896 ], [ 143.614941499999986, -3.3659927 ], [ 143.6149389, -3.3661065 ], [ 143.6149187, -3.3666246 ], [ 143.6149469, -3.3668455 ], [ 143.6149751, -3.3670209 ], [ 143.6150099, -3.3670784 ], [ 143.6150663, -3.3671092 ], [ 143.6151159, -3.3671226 ], [ 143.6151923, -3.3671199 ], [ 143.6152688, -3.3671119 ], [ 143.615313, -3.3671106 ], [ 143.6153774, -3.3671333 ], [ 143.6155142, -3.3672136 ], [ 143.615657700000014, -3.3672605 ], [ 143.6158656, -3.3672886 ], [ 143.6159688, -3.3672993 ], [ 143.616049299999986, -3.3673328 ], [ 143.616076099999987, -3.3673716 ], [ 143.6160889, -3.3674177 ], [ 143.6160882, -3.3674653 ], [ 143.616062699999986, -3.3675443 ], [ 143.616014400000012, -3.367618 ], [ 143.61595410000001, -3.3676635 ], [ 143.615901799999989, -3.3676822 ], [ 143.6158495, -3.3676983 ], [ 143.6158079, -3.3677143 ], [ 143.61577170000001, -3.3677518 ], [ 143.6157542, -3.3677813 ], [ 143.615726099999989, -3.3678081 ], [ 143.6156724, -3.3678161 ], [ 143.6155987, -3.3678027 ], [ 143.6155115, -3.3678014 ], [ 143.615448500000014, -3.3678014 ], [ 143.615419, -3.3678308 ], [ 143.615423, -3.3678844 ], [ 143.615453800000012, -3.367958 ], [ 143.615460500000012, -3.3680169 ], [ 143.6154364, -3.3680584 ], [ 143.6154056, -3.3680838 ], [ 143.615347899999989, -3.3681039 ], [ 143.6151494, -3.368112 ], [ 143.615042100000011, -3.3681535 ], [ 143.6149791, -3.368199 ], [ 143.614967, -3.3682418 ], [ 143.6149724, -3.3682673 ], [ 143.6150207, -3.3682927 ], [ 143.615097100000014, -3.3682981 ], [ 143.615137299999986, -3.3683088 ], [ 143.6151628, -3.3683275 ], [ 143.6151668, -3.3683851 ], [ 143.6151467, -3.3684386 ], [ 143.6150609, -3.3685364 ], [ 143.6148275, -3.3686555 ], [ 143.6146022, -3.3687104 ], [ 143.6144386, -3.3686943 ], [ 143.614280400000013, -3.3686394 ], [ 143.61422, -3.3685792 ], [ 143.6141543, -3.3684721 ], [ 143.6140993, -3.3683904 ], [ 143.614001699999989, -3.3683254 ], [ 143.6138445, -3.3682592 ], [ 143.6135454, -3.3681642 ], [ 143.6134261, -3.3681334 ], [ 143.6131404, -3.3680196 ], [ 143.612978199999986, -3.3679767 ], [ 143.6129004, -3.3679767 ], [ 143.6128065, -3.3679888 ], [ 143.612720700000011, -3.3680102 ], [ 143.6125879, -3.3680129 ], [ 143.6124461, -3.3679981 ], [ 143.612427, -3.3679808 ], [ 143.612410899999986, -3.3679366 ], [ 143.6124203, -3.3678174 ], [ 143.6124122, -3.3677224 ], [ 143.6123867, -3.3676715 ], [ 143.6123519, -3.3676434 ], [ 143.6122848, -3.3676166 ], [ 143.6122473, -3.3676113 ], [ 143.612200300000012, -3.3676273 ], [ 143.6121453, -3.3676595 ], [ 143.6120474, -3.3677773 ], [ 143.6119133, -3.3679741 ], [ 143.611775200000011, -3.3681307 ], [ 143.6117001, -3.3682298 ], [ 143.611647799999986, -3.3683275 ], [ 143.611607600000013, -3.3684734 ], [ 143.6115888, -3.3686421 ], [ 143.611572700000011, -3.3688764 ], [ 143.6115901, -3.3691107 ], [ 143.6116116, -3.3692312 ], [ 143.6116049, -3.3693196 ], [ 143.61153920000001, -3.3694026 ], [ 143.611472099999986, -3.3694615 ], [ 143.6113514, -3.3695217 ], [ 143.611222700000013, -3.3695351 ], [ 143.61116770000001, -3.3695217 ], [ 143.6111516, -3.3695043 ], [ 143.611148899999989, -3.3694574 ], [ 143.6111771, -3.3694213 ], [ 143.611311199999989, -3.3693798 ], [ 143.611393, -3.369353 ], [ 143.6114761, -3.3693048 ], [ 143.6115096, -3.3692392 ], [ 143.6115016, -3.3691763 ], [ 143.6114627, -3.3691281 ], [ 143.6114077, -3.3691227 ], [ 143.6113192, -3.3691696 ], [ 143.611249500000014, -3.3691723 ], [ 143.6112066, -3.3691602 ], [ 143.6111529, -3.3691027 ], [ 143.611115399999989, -3.3690772 ], [ 143.611065700000012, -3.3690652 ], [ 143.6109799, -3.3690571 ], [ 143.610837800000013, -3.3690812 ], [ 143.6107117, -3.3691294 ], [ 143.6104274, -3.3693383 ], [ 143.6102316, -3.3694936 ], [ 143.609987499999988, -3.3696194 ], [ 143.6098748, -3.369681 ], [ 143.6097676, -3.369764 ], [ 143.6094391, -3.3701337 ], [ 143.609284800000012, -3.3702621 ], [ 143.609085099999987, -3.3704464 ], [ 143.6089763, -3.3705405 ], [ 143.608737600000012, -3.3707172 ], [ 143.6084908, -3.3708565 ], [ 143.6082092, -3.3710493 ], [ 143.6078551, -3.3713759 ], [ 143.6077398, -3.3715178 ], [ 143.6076057, -3.371641 ], [ 143.6073187, -3.3717963 ], [ 143.6071336, -3.3718525 ], [ 143.6069244, -3.3719168 ], [ 143.6067715, -3.3720078 ], [ 143.606516699999986, -3.3722274 ], [ 143.605696, -3.3727575 ], [ 143.605537700000014, -3.3729075 ], [ 143.605470700000012, -3.3729798 ], [ 143.605390199999988, -3.373036 ], [ 143.605248, -3.3730681 ], [ 143.604902, -3.3731163 ], [ 143.604789399999987, -3.373103 ], [ 143.6046633, -3.3730173 ], [ 143.6045828, -3.3729932 ], [ 143.6045292, -3.3729958 ], [ 143.6043951, -3.373036 ], [ 143.6041027, -3.3731913 ], [ 143.604011500000013, -3.373202 ], [ 143.6039284, -3.3731752 ], [ 143.6037809, -3.3731137 ], [ 143.6036441, -3.3731003 ], [ 143.6035019, -3.373127 ], [ 143.6033115, -3.3732181 ], [ 143.6028421, -3.3734617 ], [ 143.6027321, -3.3734617 ], [ 143.6024237, -3.3733948 ], [ 143.6022949, -3.3733868 ], [ 143.6021528, -3.3734189 ], [ 143.601460300000014, -3.3736321 ], [ 143.601197899999988, -3.3736572 ], [ 143.6010115, -3.373656 ], [ 143.6008653, -3.3736197 ], [ 143.600548800000013, -3.3734966 ], [ 143.6003906, -3.3734751 ], [ 143.6002806, -3.3734832 ], [ 143.6001225, -3.373549 ], [ 143.5999855, -3.3736063 ], [ 143.599838, -3.3736251 ], [ 143.5997441, -3.3736197 ], [ 143.599669, -3.3735929 ], [ 143.5995644, -3.3734885 ], [ 143.599469699999986, -3.3733278 ], [ 143.5994062, -3.3732904 ], [ 143.5992908, -3.3732502 ], [ 143.599191600000012, -3.3732502 ], [ 143.5990682, -3.3732663 ], [ 143.5987034, -3.3733627 ], [ 143.5985076, -3.3734671 ], [ 143.5983038, -3.3735528 ], [ 143.598116, -3.373609 ], [ 143.597477700000013, -3.373775 ], [ 143.5968286, -3.3739785 ], [ 143.5966918, -3.3740803 ], [ 143.596587199999988, -3.3742463 ], [ 143.596512100000012, -3.3744685 ], [ 143.596445, -3.3746961 ], [ 143.5963511, -3.3747952 ], [ 143.596268, -3.37483 ], [ 143.59604, -3.3748594 ], [ 143.5956779, -3.3748541 ], [ 143.595407, -3.3748969 ], [ 143.5946023, -3.37532 ], [ 143.5944924, -3.3754351 ], [ 143.5944092, -3.3755476 ], [ 143.5943528, -3.3755763 ], [ 143.5942188, -3.3755529 ], [ 143.594116899999989, -3.3754967 ], [ 143.5939506, -3.3754726 ], [ 143.5938352, -3.3754994 ], [ 143.5937601, -3.3755476 ], [ 143.593655500000011, -3.3756681 ], [ 143.593598, -3.3756976 ], [ 143.5935375, -3.3757109 ], [ 143.5934409, -3.3756788 ], [ 143.593312200000014, -3.3756279 ], [ 143.5931835, -3.3756359 ], [ 143.5930467, -3.3756707 ], [ 143.59278230000001, -3.3757624 ], [ 143.5924271, -3.3758983 ], [ 143.5923225, -3.3759064 ], [ 143.5921669, -3.3758903 ], [ 143.5920516, -3.3758448 ], [ 143.5919979, -3.3757778 ], [ 143.5918997, -3.3756186 ], [ 143.5917833, -3.375494 ], [ 143.591609, -3.3753923 ], [ 143.5914507, -3.3753387 ], [ 143.5913515, -3.3753334 ], [ 143.5911687, -3.3753508 ], [ 143.5908627, -3.3753994 ], [ 143.5907641, -3.3754405 ], [ 143.5906649, -3.3754592 ], [ 143.590498599999989, -3.3754485 ], [ 143.590348400000011, -3.3754217 ], [ 143.5901443, -3.375412 ], [ 143.589761, -3.3754405 ], [ 143.5895088, -3.3754538 ], [ 143.589093100000014, -3.3755261 ], [ 143.5887873, -3.3756199 ], [ 143.588634399999989, -3.3757082 ], [ 143.5884279, -3.3760161 ], [ 143.588326, -3.3761741 ], [ 143.5882401, -3.3763107 ], [ 143.5880127, -3.376519 ], [ 143.5873818, -3.3768997 ], [ 143.5869741, -3.3771407 ], [ 143.5867086, -3.3772291 ], [ 143.586249900000013, -3.377296 ], [ 143.5858235, -3.3773255 ], [ 143.585456, -3.3773629 ], [ 143.5850403, -3.3773951 ], [ 143.584874, -3.3773763 ], [ 143.584758599999986, -3.3773442 ], [ 143.584576199999987, -3.377288 ], [ 143.58443410000001, -3.3772371 ], [ 143.584359, -3.3772237 ], [ 143.5841739, -3.3772076 ], [ 143.5838574, -3.377213 ], [ 143.5833773, -3.3772237 ], [ 143.5830823, -3.377221 ], [ 143.582857, -3.3772237 ], [ 143.5826456, -3.3772249 ], [ 143.5823876, -3.3772505 ], [ 143.5822407, -3.3772882 ], [ 143.5816714, -3.3774834 ], [ 143.5815614, -3.3774915 ], [ 143.581481, -3.37747 ], [ 143.5813147, -3.3774165 ], [ 143.5809901, -3.3772184 ], [ 143.580671, -3.3769827 ], [ 143.5804886, -3.3769238 ], [ 143.58039740000001, -3.3769238 ], [ 143.5801533, -3.377047 ], [ 143.579965499999986, -3.37713 ], [ 143.5797843, -3.3772103 ], [ 143.5795632, -3.3772746 ], [ 143.579404899999986, -3.3773362 ], [ 143.5792413, -3.3773281 ], [ 143.5790831, -3.3772666 ], [ 143.5789007, -3.377138 ], [ 143.578736600000013, -3.3769951 ], [ 143.5786781, -3.3769988 ], [ 143.5786405, -3.3770309 ], [ 143.578608300000013, -3.3772906 ], [ 143.57854660000001, -3.3774031 ], [ 143.5784796, -3.37747 ], [ 143.5784152, -3.3774861 ], [ 143.5782999, -3.3774861 ], [ 143.5781658, -3.3774138 ], [ 143.5780585, -3.3773522 ], [ 143.577953900000011, -3.3773469 ], [ 143.577825100000013, -3.3773897 ], [ 143.577677099999988, -3.3774565 ], [ 143.5773048, -3.3775343 ], [ 143.5771009, -3.3775504 ], [ 143.576704, -3.3775263 ], [ 143.576540099999988, -3.3775201 ], [ 143.5759529, -3.3775343 ], [ 143.5756633, -3.3775397 ], [ 143.5753602, -3.3775718 ], [ 143.575078499999989, -3.3776655 ], [ 143.5748318, -3.3777458 ], [ 143.573410200000012, -3.3781769 ], [ 143.573160800000011, -3.3782546 ], [ 143.5730213, -3.3783054 ], [ 143.572849600000012, -3.3783804 ], [ 143.5720973, -3.3787713 ], [ 143.572066400000011, -3.3788021 ], [ 143.5720436, -3.3788584 ], [ 143.572045, -3.378932 ], [ 143.572061100000013, -3.3790123 ], [ 143.572086500000012, -3.3790913 ], [ 143.572079800000012, -3.3791542 ], [ 143.5720517, -3.3792131 ], [ 143.571998, -3.3792453 ], [ 143.5719296, -3.379252 ], [ 143.5718277, -3.3792238 ], [ 143.5717191, -3.3791435 ], [ 143.5712993, -3.378782 ], [ 143.5710257, -3.3786107 ], [ 143.570663599999989, -3.37845 ], [ 143.5701513, -3.3782947 ], [ 143.5700253, -3.3782278 ], [ 143.5699126, -3.3781234 ], [ 143.569840199999987, -3.3780082 ], [ 143.5697865, -3.377952 ], [ 143.5697195, -3.3779413 ], [ 143.569657799999987, -3.3779493 ], [ 143.5695854, -3.3779922 ], [ 143.5694727, -3.3780056 ], [ 143.5693574, -3.3780109 ], [ 143.5691884, -3.3779734 ], [ 143.56888, -3.3778851 ], [ 143.5685527, -3.3778208 ], [ 143.5683623, -3.377794 ], [ 143.567799, -3.3778074 ], [ 143.5672894, -3.3778128 ], [ 143.5671553, -3.3777699 ], [ 143.566970199999986, -3.3776575 ], [ 143.566822699999989, -3.3774513 ], [ 143.5663533, -3.3766293 ], [ 143.566004600000014, -3.3761339 ], [ 143.565613, -3.3756681 ], [ 143.5654092, -3.375403 ], [ 143.5651249, -3.3751861 ], [ 143.5644677, -3.3748273 ], [ 143.5640573, -3.3745542 ], [ 143.5638937, -3.3743962 ], [ 143.5638025, -3.3742971 ], [ 143.5635799, -3.3740669 ], [ 143.563459200000011, -3.3739865 ], [ 143.5632929, -3.3739437 ], [ 143.5631052, -3.3739384 ], [ 143.5628343, -3.3739732 ], [ 143.562668, -3.3739624 ], [ 143.5624132, -3.373941 ], [ 143.562029599999988, -3.3738821 ], [ 143.561780199999987, -3.37385 ], [ 143.5614797, -3.3737991 ], [ 143.5613993, -3.3737616 ], [ 143.5612974, -3.3737134 ], [ 143.5607555, -3.3733279 ], [ 143.5606214, -3.3732716 ], [ 143.560455100000013, -3.3732475 ], [ 143.5601816, -3.3732475 ], [ 143.5599884, -3.3731833 ], [ 143.5595486, -3.3729905 ], [ 143.5593662, -3.3729423 ], [ 143.5591435, -3.3729075 ], [ 143.5588297, -3.3729021 ], [ 143.558666100000011, -3.37287 ], [ 143.5585508, -3.3728165 ], [ 143.5582584, -3.3726853 ], [ 143.5578936, -3.3725541 ], [ 143.557735400000013, -3.3725353 ], [ 143.557502, -3.3725192 ], [ 143.5572464, -3.372477 ], [ 143.5569649, -3.3723719 ], [ 143.556696100000011, -3.3721865 ], [ 143.5564426, -3.3719369 ], [ 143.5562105, -3.3717387 ], [ 143.5560188, -3.371633 ], [ 143.5558149, -3.3715419 ], [ 143.5555387, -3.3714549 ], [ 143.555353599999989, -3.3714161 ], [ 143.555250300000012, -3.3714161 ], [ 143.5551551, -3.3714335 ], [ 143.555021, -3.3714884 ], [ 143.554885500000012, -3.37155 ], [ 143.5548104, -3.3715526 ], [ 143.554738, -3.3715406 ], [ 143.5546683, -3.3715004 ], [ 143.5546066, -3.3714241 ], [ 143.5545677, -3.3713197 ], [ 143.5545261, -3.3712661 ], [ 143.554460400000011, -3.3712099 ], [ 143.554373199999986, -3.3711617 ], [ 143.554088900000011, -3.370981 ], [ 143.553928, -3.3708351 ], [ 143.5536557, -3.3705312 ], [ 143.553591399999988, -3.3704615 ], [ 143.5535176, -3.3703946 ], [ 143.5534264, -3.3703384 ], [ 143.55333250000001, -3.3703236 ], [ 143.553280199999989, -3.370329 ], [ 143.5532226, -3.3703558 ], [ 143.553171600000013, -3.3703919 ], [ 143.55312330000001, -3.3704562 ], [ 143.5529932, -3.3708096 ], [ 143.5529932, -3.3708444 ], [ 143.553010699999987, -3.370898 ], [ 143.5530254, -3.3709502 ], [ 143.5530147, -3.3709796 ], [ 143.5529865, -3.3710078 ], [ 143.5529302, -3.3710252 ], [ 143.5528846, -3.3710265 ], [ 143.5528457, -3.3710051 ], [ 143.552839, -3.370977 ], [ 143.5528927, -3.370827 ], [ 143.552898, -3.3707842 ], [ 143.5528779, -3.370736 ], [ 143.5528108, -3.3706744 ], [ 143.5525882, -3.3704843 ], [ 143.5523227, -3.3701603 ], [ 143.5521671, -3.3698417 ], [ 143.5520357, -3.3696248 ], [ 143.551429500000012, -3.3687251 ], [ 143.5511854, -3.3684333 ], [ 143.550815300000011, -3.3679888 ], [ 143.5505283, -3.3677237 ], [ 143.5502306, -3.3675122 ], [ 143.5496753, -3.3672096 ], [ 143.5495412, -3.3671534 ], [ 143.549452699999989, -3.367132 ], [ 143.5492676, -3.36714 ], [ 143.548972600000013, -3.3671373 ], [ 143.5476261, -3.3665884 ], [ 143.5471782, -3.3663046 ], [ 143.5469931, -3.3662323 ], [ 143.546845600000012, -3.3661975 ], [ 143.546674, -3.3661814 ], [ 143.5465398, -3.3661895 ], [ 143.5464567, -3.3661788 ], [ 143.5463172, -3.3661011 ], [ 143.5460651, -3.3658869 ], [ 143.5458693, -3.36567 ], [ 143.545711, -3.3653674 ], [ 143.545603699999987, -3.3651827 ], [ 143.545536700000014, -3.3651318 ], [ 143.545416, -3.3650729 ], [ 143.5452497, -3.3650086 ], [ 143.5451129, -3.3649631 ], [ 143.5450432, -3.3649685 ], [ 143.544952, -3.3650113 ], [ 143.544477199999989, -3.3653835 ], [ 143.5442573, -3.3655174 ], [ 143.5441151, -3.3655522 ], [ 143.5440293, -3.3655549 ], [ 143.5437718, -3.3655335 ], [ 143.54312, -3.3653862 ], [ 143.5430074, -3.3653192 ], [ 143.5429215, -3.3651961 ], [ 143.5427049, -3.3648317 ], [ 143.5423288, -3.3642027 ], [ 143.54181650000001, -3.3632629 ], [ 143.5416689, -3.3629817 ], [ 143.541580399999987, -3.3628478 ], [ 143.541384599999986, -3.3626095 ], [ 143.540904500000011, -3.3620713 ], [ 143.5407382, -3.3619348 ], [ 143.5405773, -3.3618812 ], [ 143.5400864, -3.3617929 ], [ 143.539804800000013, -3.3617581 ], [ 143.5396868, -3.3617634 ], [ 143.53957410000001, -3.3617982 ], [ 143.5387346, -3.362149 ], [ 143.538656800000012, -3.3621677 ], [ 143.538335, -3.3621918 ], [ 143.5375223, -3.3622722 ], [ 143.537396199999989, -3.3623123 ], [ 143.5373184, -3.3623685 ], [ 143.5372621, -3.3624382 ], [ 143.537018, -3.3627568 ], [ 143.5369134, -3.3628211 ], [ 143.5368463, -3.3628478 ], [ 143.5366452, -3.3628746 ], [ 143.5364976, -3.3628425 ], [ 143.5358191, -3.3625881 ], [ 143.535451599999988, -3.3624703 ], [ 143.5351485, -3.362406 ], [ 143.535073399999987, -3.3623739 ], [ 143.534837399999986, -3.3622213 ], [ 143.534735399999988, -3.3621918 ], [ 143.5346523, -3.3622106 ], [ 143.5345638, -3.3622481 ], [ 143.5344833, -3.362315 ], [ 143.533952199999987, -3.3630647 ], [ 143.5338074, -3.3632173 ], [ 143.5337457, -3.363287 ], [ 143.533662600000014, -3.3633164 ], [ 143.5335177, -3.3633298 ], [ 143.533364799999987, -3.3633459 ], [ 143.5332522, -3.3633807 ], [ 143.533093900000011, -3.3634476 ], [ 143.5329357, -3.3634905 ], [ 143.5327747, -3.3635065 ], [ 143.5326192, -3.3634824 ], [ 143.5321444, -3.3632816 ], [ 143.531575800000013, -3.3630513 ], [ 143.530924, -3.3627381 ], [ 143.5307202, -3.3626176 ], [ 143.5306075, -3.3625774 ], [ 143.5304439, -3.3625613 ], [ 143.5300791, -3.3625265 ], [ 143.529942299999988, -3.362481 ], [ 143.5298163, -3.3624167 ], [ 143.5295266, -3.3621865 ], [ 143.529422, -3.3621061 ], [ 143.5292986, -3.3620874 ], [ 143.529202, -3.3621115 ], [ 143.5290948, -3.3621704 ], [ 143.528923099999986, -3.3622293 ], [ 143.5286951, -3.3622481 ], [ 143.5284618, -3.3622079 ], [ 143.5282767, -3.3621008 ], [ 143.5278475, -3.3616402 ], [ 143.5277376, -3.3615492 ], [ 143.527080399999988, -3.3612225 ], [ 143.5269088, -3.3612091 ], [ 143.5267666, -3.3612252 ], [ 143.5265547, -3.3612734 ], [ 143.5263428, -3.3612788 ], [ 143.5261631, -3.361252 ], [ 143.5253799, -3.3610485 ], [ 143.52483, -3.3608852 ], [ 143.524709300000012, -3.3608396 ], [ 143.5244921, -3.3607084 ], [ 143.52422390000001, -3.360513 ], [ 143.5240442, -3.360446 ], [ 143.523853699999989, -3.3604166 ], [ 143.5237357, -3.360446 ], [ 143.523413799999986, -3.3606388 ], [ 143.5231885, -3.360762 ], [ 143.523016899999988, -3.3607781 ], [ 143.5229042, -3.3607406 ], [ 143.5225341, -3.3604112 ], [ 143.5223973, -3.3603202 ], [ 143.5222712, -3.360272 ], [ 143.5221478, -3.3602318 ], [ 143.5220808, -3.3601783 ], [ 143.522064699999987, -3.3601488 ], [ 143.5220352, -3.3600471 ], [ 143.522016400000012, -3.3599239 ], [ 143.5219976, -3.359857 ], [ 143.5217482, -3.3596133 ], [ 143.5215953, -3.3595008 ], [ 143.5214746, -3.3594553 ], [ 143.5213378, -3.3594607 ], [ 143.5211956, -3.3595035 ], [ 143.521083, -3.3594901 ], [ 143.5209274, -3.3594232 ], [ 143.520847, -3.359367 ], [ 143.5207289, -3.3592224 ], [ 143.5206109, -3.3590456 ], [ 143.5204688, -3.3587966 ], [ 143.520195199999989, -3.358486 ], [ 143.5201308, -3.3584325 ], [ 143.520045, -3.3584111 ], [ 143.5197929, -3.358387 ], [ 143.51966680000001, -3.3583655 ], [ 143.519599699999986, -3.3583227 ], [ 143.5195649, -3.3581968 ], [ 143.51948440000001, -3.3580067 ], [ 143.519390499999986, -3.3578836 ], [ 143.5184357, -3.357182 ], [ 143.5182935, -3.3571392 ], [ 143.5181326, -3.3571365 ], [ 143.5178429, -3.3571472 ], [ 143.5177544, -3.3571151 ], [ 143.5174111, -3.3566197 ], [ 143.517263500000013, -3.3564296 ], [ 143.5169417, -3.3562395 ], [ 143.5167861, -3.356194 ], [ 143.5164562, -3.3561886 ], [ 143.516002899999989, -3.3562904 ], [ 143.51582590000001, -3.3562931 ], [ 143.515683700000011, -3.3562502 ], [ 143.515496, -3.3561271 ], [ 143.51449550000001, -3.3551283 ], [ 143.5142863, -3.3549998 ], [ 143.5141629, -3.3549864 ], [ 143.5140073, -3.3550185 ], [ 143.5139537, -3.3550453 ], [ 143.5138196, -3.3551122 ], [ 143.513666699999987, -3.3550989 ], [ 143.513551400000011, -3.3550587 ], [ 143.512937099999988, -3.3546571 ], [ 143.5128003, -3.3546169 ], [ 143.512660899999986, -3.3546035 ], [ 143.512518699999987, -3.3546222 ], [ 143.512309499999986, -3.3546008 ], [ 143.511765, -3.3543786 ], [ 143.511596, -3.3543598 ], [ 143.511410899999987, -3.3543839 ], [ 143.5112607, -3.3544348 ], [ 143.5105634, -3.3547775 ], [ 143.5102817, -3.3550533 ], [ 143.5100538, -3.3551926 ], [ 143.5098982, -3.3552033 ], [ 143.509825799999987, -3.3551953 ], [ 143.509782800000011, -3.3551631 ], [ 143.5096917, -3.3549382 ], [ 143.5095441, -3.3547883 ], [ 143.5094073, -3.3546999 ], [ 143.5091659, -3.3545874 ], [ 143.5090265, -3.3543545 ], [ 143.509007700000012, -3.3540251 ], [ 143.509056, -3.3539234 ], [ 143.5092089, -3.3537788 ], [ 143.5092357, -3.3537119 ], [ 143.5092545, -3.3536315 ], [ 143.5092545, -3.3530665 ], [ 143.5092276, -3.3529648 ], [ 143.509163300000012, -3.3528764 ], [ 143.5090131, -3.3527024 ], [ 143.5089567, -3.3526087 ], [ 143.508938, -3.3524801 ], [ 143.5089487, -3.3523168 ], [ 143.509021100000012, -3.3516795 ], [ 143.5089728, -3.3515216 ], [ 143.5088977, -3.3513957 ], [ 143.508758199999988, -3.3513314 ], [ 143.5085866, -3.3512886 ], [ 143.5084525, -3.3512484 ], [ 143.508321, -3.351152 ], [ 143.508274699999987, -3.351082 ], [ 143.5081896, -3.3508307 ], [ 143.5081252, -3.350488 ], [ 143.5081547, -3.350172 ], [ 143.5081279, -3.3499498 ], [ 143.508026, -3.3497865 ], [ 143.507886500000012, -3.3496445 ], [ 143.507752399999987, -3.3495642 ], [ 143.5075378, -3.3495214 ], [ 143.5067493, -3.3493768 ], [ 143.506542700000011, -3.3492509 ], [ 143.5064864, -3.3491412 ], [ 143.5064194, -3.3488868 ], [ 143.5064489, -3.3483968 ], [ 143.5064998, -3.3482816 ], [ 143.5066742, -3.3480594 ], [ 143.506752, -3.3479496 ], [ 143.506786799999986, -3.3478023 ], [ 143.5067573, -3.3476363 ], [ 143.5066876, -3.3474783 ], [ 143.5064408, -3.3472106 ], [ 143.5063979, -3.3471303 ], [ 143.5063845, -3.3469027 ], [ 143.5064676, -3.3465385 ], [ 143.506532, -3.3463993 ], [ 143.506564200000014, -3.3462895 ], [ 143.5065347, -3.3461101 ], [ 143.5064328, -3.3459387 ], [ 143.506320100000011, -3.3458718 ], [ 143.506239599999986, -3.3458477 ], [ 143.5060331, -3.3458878 ], [ 143.5057622, -3.345928 ], [ 143.505504699999989, -3.3458905 ], [ 143.505339099999986, -3.3458106 ], [ 143.505220400000013, -3.3456897 ], [ 143.505193600000013, -3.3455558 ], [ 143.5052928, -3.344956 ], [ 143.50535450000001, -3.3447659 ], [ 143.5054404, -3.3445624 ], [ 143.5054538, -3.3444258 ], [ 143.5054323, -3.3443027 ], [ 143.5052392, -3.3440456 ], [ 143.5049227, -3.3434405 ], [ 143.50480730000001, -3.3432343 ], [ 143.5043541, -3.3424819 ], [ 143.504281600000013, -3.3423989 ], [ 143.504228, -3.3423828 ], [ 143.504051, -3.342356 ], [ 143.503938299999987, -3.3423212 ], [ 143.5038283, -3.3422007 ], [ 143.503688899999986, -3.3419571 ], [ 143.503568199999989, -3.3417428 ], [ 143.5035172, -3.3416759 ], [ 143.5034099, -3.3416223 ], [ 143.5031873, -3.3415634 ], [ 143.502967399999989, -3.3415608 ], [ 143.5028091, -3.3415099 ], [ 143.5027045, -3.3413921 ], [ 143.5025838, -3.3409877 ], [ 143.502540900000014, -3.340653 ], [ 143.5025784, -3.3402567 ], [ 143.502629399999989, -3.34008 ], [ 143.502701800000011, -3.3399354 ], [ 143.502870800000011, -3.3396596 ], [ 143.5029218, -3.3395124 ], [ 143.502962, -3.3392607 ], [ 143.502994199999989, -3.3378415 ], [ 143.502959299999986, -3.3369123 ], [ 143.5027689, -3.3360046 ], [ 143.5025838, -3.3356003 ], [ 143.5025436, -3.3354664 ], [ 143.5025114, -3.3352763 ], [ 143.502527500000014, -3.3351504 ], [ 143.5026267, -3.3348693 ], [ 143.5026991, -3.3345855 ], [ 143.5027072, -3.3342882 ], [ 143.5026804, -3.334074 ], [ 143.5026509, -3.3338518 ], [ 143.502565, -3.3334689 ], [ 143.5025087, -3.333335 ], [ 143.502447, -3.3332734 ], [ 143.502318300000013, -3.3332332 ], [ 143.502237799999989, -3.3331449 ], [ 143.5021868, -3.3329842 ], [ 143.5021681, -3.3328262 ], [ 143.5022002, -3.332679 ], [ 143.502350400000012, -3.3322425 ], [ 143.5024765, -3.3320818 ], [ 143.5028011, -3.3317766 ], [ 143.5032007, -3.3315972 ], [ 143.5035038, -3.3315276 ], [ 143.5036567, -3.3315436 ], [ 143.5038337, -3.331632 ], [ 143.5041663, -3.3318408 ], [ 143.5051185, -3.3324755 ], [ 143.5055128, -3.3327968 ], [ 143.5058668, -3.3331957 ], [ 143.5060599, -3.3334608 ], [ 143.506092099999989, -3.3335278 ], [ 143.506164500000011, -3.3339107 ], [ 143.5063872, -3.335129 ], [ 143.5064596, -3.335378 ], [ 143.5065347, -3.3355119 ], [ 143.5066769, -3.335619 ], [ 143.5072213, -3.3359939 ], [ 143.5074842, -3.3361171 ], [ 143.5077631, -3.3361572 ], [ 143.507942899999989, -3.3361171 ], [ 143.5081279, -3.3360341 ], [ 143.508237900000012, -3.3359805 ], [ 143.508278100000013, -3.3359645 ], [ 143.5083184, -3.3359752 ], [ 143.5083559, -3.3360207 ], [ 143.5083613, -3.3361626 ], [ 143.508254, -3.3367062 ], [ 143.5079831, -3.3380718 ], [ 143.5079831, -3.3384199 ], [ 143.5080367, -3.3388911 ], [ 143.5081226, -3.3391428 ], [ 143.5082835, -3.3395016 ], [ 143.5086483, -3.3403317 ], [ 143.508878900000013, -3.3406477 ], [ 143.50916860000001, -3.3409369 ], [ 143.5095441, -3.3411618 ], [ 143.510209300000014, -3.3413439 ], [ 143.511223199999989, -3.3413974 ], [ 143.5125214, -3.3412207 ], [ 143.513315299999988, -3.340969 ], [ 143.515793699999989, -3.3398069 ], [ 143.51818080000001, -3.3384306 ], [ 143.519007, -3.3377397 ], [ 143.519184, -3.3375202 ], [ 143.519634599999989, -3.3364223 ], [ 143.5199672, -3.3355226 ], [ 143.5202515, -3.3342106 ], [ 143.520369100000011, -3.3337215 ], [ 143.5203266, -3.3333055 ], [ 143.5199833, -3.3322077 ], [ 143.5194951, -3.3311313 ], [ 143.5194737, -3.3308956 ], [ 143.5198384, -3.328957 ], [ 143.519972599999988, -3.3286464 ], [ 143.5200676, -3.3284357 ], [ 143.520847, -3.327179 ], [ 143.5209274, -3.3268148 ], [ 143.520938199999989, -3.3263007 ], [ 143.520734299999987, -3.3251118 ], [ 143.5206588, -3.3248104 ], [ 143.5204607, -3.3241371 ], [ 143.520289100000014, -3.3237837 ], [ 143.519951099999986, -3.3233338 ], [ 143.5195702, -3.3230232 ], [ 143.5189533, -3.3227501 ], [ 143.5185832, -3.3225252 ], [ 143.5181862, -3.3222038 ], [ 143.5177785, -3.3216522 ], [ 143.5175961, -3.3213202 ], [ 143.5174566, -3.3212399 ], [ 143.5172045, -3.3211488 ], [ 143.5169095, -3.3211435 ], [ 143.5162282, -3.3209828 ], [ 143.5155952, -3.3208971 ], [ 143.515428899999989, -3.3208489 ], [ 143.5152733, -3.3207525 ], [ 143.5142595, -3.3198528 ], [ 143.5140878, -3.319494 ], [ 143.5137445, -3.3191459 ], [ 143.5134172, -3.3189638 ], [ 143.5129881, -3.318771 ], [ 143.5127306, -3.318696 ], [ 143.512339, -3.3187228 ], [ 143.5118455, -3.3187871 ], [ 143.5113144, -3.3186693 ], [ 143.5108262, -3.3184069 ], [ 143.510236099999986, -3.3179034 ], [ 143.5101771, -3.3176464 ], [ 143.5101664, -3.3173786 ], [ 143.51022, -3.3172287 ], [ 143.5105634, -3.3167842 ], [ 143.510987199999988, -3.3164414 ], [ 143.5112393, -3.3162807 ], [ 143.5114431, -3.3160023 ], [ 143.511877700000014, -3.3156274 ], [ 143.5123068, -3.3153971 ], [ 143.513052499999986, -3.3151079 ], [ 143.513422600000013, -3.314899 ], [ 143.513835699999987, -3.3145991 ], [ 143.5143185, -3.3139618 ], [ 143.514549100000011, -3.3137958 ], [ 143.5147101, -3.3137423 ], [ 143.5155576, -3.3136566 ], [ 143.516711, -3.3138333 ], [ 143.517102599999987, -3.3139886 ], [ 143.517365500000011, -3.314069 ], [ 143.5175854, -3.3140797 ], [ 143.5188675, -3.3136137 ], [ 143.5197794, -3.313346 ], [ 143.5204875, -3.3131585 ], [ 143.521099099999986, -3.3131478 ], [ 143.5213995, -3.3131692 ], [ 143.521651600000013, -3.3131478 ], [ 143.5231105, -3.3126553 ], [ 143.5235506, -3.3126551 ], [ 143.5239932, -3.3127167 ], [ 143.5242963, -3.3127997 ], [ 143.524575199999987, -3.3127783 ], [ 143.526012900000012, -3.3121035 ], [ 143.526270399999987, -3.3120339 ], [ 143.5266566, -3.3119214 ], [ 143.5268551, -3.311809 ], [ 143.527708, -3.3111984 ], [ 143.5279119, -3.311019 ], [ 143.5280836, -3.310845 ], [ 143.528215, -3.3107566 ], [ 143.528370599999988, -3.3106388 ], [ 143.5284376, -3.310537 ], [ 143.528483200000011, -3.310521 ], [ 143.5285476, -3.3105236 ], [ 143.5286495, -3.3105852 ], [ 143.5288855, -3.31077 ], [ 143.5291913, -3.3109307 ], [ 143.529349599999989, -3.3109815 ], [ 143.5295078, -3.3110351 ], [ 143.529666099999986, -3.3111368 ], [ 143.5297573, -3.3112922 ], [ 143.529848500000014, -3.3113832 ], [ 143.5299584, -3.3114367 ], [ 143.5300818, -3.3114448 ], [ 143.5304385, -3.3113725 ], [ 143.5306129, -3.3113404 ], [ 143.5307738, -3.3113109 ], [ 143.5309267, -3.3113377 ], [ 143.531034, -3.3113966 ], [ 143.53117610000001, -3.3114019 ], [ 143.531251200000014, -3.3113618 ], [ 143.531366600000013, -3.3112841 ], [ 143.531439, -3.3112707 ], [ 143.5315329, -3.3113163 ], [ 143.531675, -3.3114608 ], [ 143.5317609, -3.311509 ], [ 143.531836, -3.3115117 ], [ 143.5319486, -3.3114582 ], [ 143.5320103, -3.3114448 ], [ 143.5321122, -3.3114903 ], [ 143.5324287, -3.3116376 ], [ 143.5328901, -3.311742 ], [ 143.5331798, -3.3117581 ], [ 143.5333149, -3.3117269 ], [ 143.5334909, -3.3115465 ], [ 143.533654500000011, -3.3113377 ], [ 143.5338691, -3.3111824 ], [ 143.5347918, -3.3107646 ], [ 143.534958100000011, -3.3107004 ], [ 143.535955800000011, -3.3104326 ], [ 143.536288399999989, -3.3103657 ], [ 143.536604899999986, -3.3102746 ], [ 143.5368732, -3.3102184 ], [ 143.537272800000011, -3.3101648 ], [ 143.537482, -3.3101488 ], [ 143.5377502, -3.3101621 ], [ 143.537900400000012, -3.310197 ], [ 143.5380453, -3.3102773 ], [ 143.5384142, -3.3105161 ], [ 143.539255, -3.3109708 ], [ 143.539866499999988, -3.3112627 ], [ 143.540048899999988, -3.3113805 ], [ 143.540231299999988, -3.311568 ], [ 143.540467299999989, -3.3118491 ], [ 143.5406256, -3.3119616 ], [ 143.5407983, -3.3120438 ], [ 143.5411298, -3.3121517 ], [ 143.5413766, -3.3121249 ], [ 143.541526800000014, -3.3120419 ], [ 143.541588499999989, -3.3119589 ], [ 143.541601899999989, -3.3118357 ], [ 143.541559, -3.311734 ], [ 143.5414302, -3.311651 ], [ 143.5413122, -3.3114823 ], [ 143.5412639, -3.3112895 ], [ 143.5413498, -3.3110645 ], [ 143.5414624, -3.3110083 ], [ 143.5417387, -3.3108905 ], [ 143.5418487, -3.3109012 ], [ 143.5418943, -3.3109307 ], [ 143.5419249, -3.3109946 ], [ 143.541864800000013, -3.3113564 ], [ 143.5418755, -3.3114501 ], [ 143.5420552, -3.3116376 ], [ 143.542208100000011, -3.3118223 ], [ 143.5423422, -3.3120366 ], [ 143.5424387, -3.312149 ], [ 143.542532599999987, -3.312232 ], [ 143.5429752, -3.312473 ], [ 143.543240700000013, -3.3125801 ], [ 143.54357060000001, -3.312706 ], [ 143.5438335, -3.3127194 ], [ 143.5439998, -3.3126631 ], [ 143.5441755, -3.3124757 ], [ 143.5443257, -3.3122642 ], [ 143.54435380000001, -3.3122334 ], [ 143.5443874, -3.3122334 ], [ 143.5444142, -3.3122561 ], [ 143.544422200000014, -3.3122869 ], [ 143.5443592, -3.3124369 ], [ 143.544375300000013, -3.3124998 ], [ 143.5444249, -3.3125453 ], [ 143.5445121, -3.3125909 ], [ 143.544745400000011, -3.3126792 ], [ 143.544989500000014, -3.3127542 ], [ 143.545198699999986, -3.312797 ], [ 143.5453838, -3.3127917 ], [ 143.5455938, -3.3127687 ], [ 143.5460651, -3.3126899 ], [ 143.546285, -3.312623 ], [ 143.546488900000014, -3.3126042 ], [ 143.5466042, -3.3126283 ], [ 143.5467705, -3.3127435 ], [ 143.546851, -3.3127649 ], [ 143.5469636, -3.3127301 ], [ 143.547231900000014, -3.3124623 ], [ 143.547312299999987, -3.3123726 ], [ 143.5473351, -3.3122628 ], [ 143.5473499, -3.3122361 ], [ 143.5473955, -3.3122427 ], [ 143.547426300000012, -3.3122909 ], [ 143.5474518, -3.3123726 ], [ 143.547467899999987, -3.3123981 ], [ 143.547496, -3.3124021 ], [ 143.5475121, -3.3123967 ], [ 143.547575200000011, -3.3122976 ], [ 143.5476074, -3.3122909 ], [ 143.5476892, -3.3123137 ], [ 143.547716, -3.3123391 ], [ 143.5477254, -3.3123914 ], [ 143.5475765, -3.3128158 ], [ 143.5475577, -3.312864 ], [ 143.547555100000011, -3.3129443 ], [ 143.5475712, -3.3129764 ], [ 143.5476999, -3.3130541 ], [ 143.547893, -3.3131331 ], [ 143.548021799999987, -3.3132081 ], [ 143.548125, -3.3132978 ], [ 143.5483892, -3.3135173 ], [ 143.5487393, -3.3137142 ], [ 143.5488868, -3.3137811 ], [ 143.5490316, -3.3138012 ], [ 143.549196599999988, -3.3138186 ], [ 143.5493816, -3.3138588 ], [ 143.5494634, -3.3138788 ], [ 143.5495627, -3.3138962 ], [ 143.5496512, -3.3138909 ], [ 143.549762500000014, -3.3138829 ], [ 143.5500227, -3.3137503 ], [ 143.5501018, -3.3137142 ], [ 143.5501997, -3.3136941 ], [ 143.5502802, -3.3137048 ], [ 143.550639600000011, -3.313832 ], [ 143.5511787, -3.3139311 ], [ 143.5512967, -3.3139471 ], [ 143.551392, -3.3139645 ], [ 143.5515006, -3.3139967 ], [ 143.5517152, -3.3141091 ], [ 143.552025, -3.3143274 ], [ 143.5521229, -3.3144037 ], [ 143.5522623, -3.3145523 ], [ 143.5524461, -3.3147638 ], [ 143.5525386, -3.3149138 ], [ 143.5525681, -3.3149914 ], [ 143.5525829, -3.3150651 ], [ 143.552604300000013, -3.3152003 ], [ 143.5526513, -3.31529 ], [ 143.5527545, -3.3154239 ], [ 143.5528994, -3.3155538 ], [ 143.5529637, -3.3156073 ], [ 143.553004, -3.3156689 ], [ 143.553075, -3.3158751 ], [ 143.55313670000001, -3.3160344 ], [ 143.5532588, -3.3162366 ], [ 143.5533044, -3.3163464 ], [ 143.553414299999986, -3.3167052 ], [ 143.5534586, -3.3168458 ], [ 143.5534546, -3.3169355 ], [ 143.5534103, -3.3170051 ], [ 143.5533527, -3.3170466 ], [ 143.553193099999987, -3.3171363 ], [ 143.5531528, -3.3171925 ], [ 143.55313670000001, -3.3172528 ], [ 143.553171600000013, -3.3173572 ], [ 143.5532346, -3.3174268 ], [ 143.5533218, -3.3174857 ], [ 143.5534156, -3.3174851 ], [ 143.55348140000001, -3.3174683 ], [ 143.553611499999988, -3.3172126 ], [ 143.553665099999989, -3.317139 ], [ 143.5537148, -3.3171055 ], [ 143.5537831, -3.3171162 ], [ 143.5538301, -3.3171564 ], [ 143.5539374, -3.3172233 ], [ 143.5540406, -3.3172621 ], [ 143.5544363, -3.3173251 ], [ 143.5546106, -3.3173331 ], [ 143.554764799999987, -3.3173532 ], [ 143.554886900000014, -3.3173933 ], [ 143.555054500000011, -3.3174857 ], [ 143.5552865, -3.3176076 ], [ 143.5555843, -3.31772 ], [ 143.5558055, -3.3177937 ], [ 143.5559638, -3.3178713 ], [ 143.5560106, -3.3179211 ], [ 143.5560147, -3.3179516 ], [ 143.555993300000011, -3.3180173 ], [ 143.5558555, -3.3182607 ], [ 143.555859199999986, -3.3183305 ], [ 143.5558826, -3.3183852 ], [ 143.55611, -3.318447 ], [ 143.5562333, -3.3184417 ], [ 143.5563755, -3.3183747 ], [ 143.556480099999987, -3.3183212 ], [ 143.5565713, -3.3182864 ], [ 143.5566786, -3.3182756 ], [ 143.5568395, -3.3183051 ], [ 143.5571319, -3.3184229 ], [ 143.5574967, -3.3186934 ], [ 143.558046499999989, -3.3192128 ], [ 143.5584033, -3.319735 ], [ 143.5584864, -3.319901 ], [ 143.558524, -3.3200938 ], [ 143.5585427, -3.3202893 ], [ 143.558565499999986, -3.3206494 ], [ 143.5585883, -3.3207204 ], [ 143.55865, -3.32079 ], [ 143.5587908, -3.320869 ], [ 143.5589062, -3.3208904 ], [ 143.5589947, -3.3208717 ], [ 143.559064400000011, -3.3208329 ], [ 143.5591274, -3.3207405 ], [ 143.5592562, -3.3205075 ], [ 143.5593595, -3.3203522 ], [ 143.5594815, -3.320229 ], [ 143.5595633, -3.3201849 ], [ 143.559673299999986, -3.3201675 ], [ 143.5598382, -3.3201795 ], [ 143.5599683, -3.320209 ], [ 143.5602097, -3.3203054 ], [ 143.5607944, -3.3205664 ], [ 143.5610385, -3.3207324 ], [ 143.561233, -3.3208878 ], [ 143.5615066, -3.3212359 ], [ 143.5620779, -3.3218772 ], [ 143.5622361, -3.3220646 ], [ 143.562389, -3.3221476 ], [ 143.562558, -3.3221717 ], [ 143.562735, -3.3221449 ], [ 143.5629523, -3.3220378 ], [ 143.563303600000012, -3.3219468 ], [ 143.5634887, -3.3219334 ], [ 143.5636577, -3.3219655 ], [ 143.5640386, -3.3221074 ], [ 143.5646662, -3.3224181 ], [ 143.565039, -3.3226591 ], [ 143.565674699999988, -3.3231357 ] ] ] ] } },
{ "type": "Feature", "properties": { "FID": 71477, "id": 2323, "left": 140.0, "top": 0.0, "right": 145.0, "bottom": -5.0, "row_index": 18, "col_index": 64, "min_lon": 140.0, "min_lat": -5.0, "tile_id": "140_-5" }, "geometry": { "type": "MultiPolygon", "coordinates": [ [ [ [ 143.5917968, -3.391677 ], [ 143.5938191, -3.3921054 ], [ 143.5943234, -3.3922661 ], [ 143.594661300000013, -3.3924642 ], [ 143.595154900000011, -3.3929676 ], [ 143.595702, -3.3936396 ], [ 143.5961527, -3.3941216 ], [ 143.5963002, -3.394226 ], [ 143.5966489, -3.394384 ], [ 143.5969144, -3.3944295 ], [ 143.597579599999989, -3.3943626 ], [ 143.5977861, -3.3944161 ], [ 143.597924299999988, -3.3944991 ], [ 143.5982019, -3.3947762 ], [ 143.598948900000011, -3.39538 ], [ 143.599315, -3.3957013 ], [ 143.5995725, -3.3959851 ], [ 143.5997307, -3.3963091 ], [ 143.5999024, -3.396775 ], [ 143.5999721, -3.3971472 ], [ 143.5999238, -3.3977389 ], [ 143.5999024, -3.3980763 ], [ 143.5999507, -3.3984404 ], [ 143.600036499999987, -3.3990455 ], [ 143.6001652, -3.3995221 ], [ 143.600299400000011, -3.3998541 ], [ 143.6004442, -3.4001004 ], [ 143.600986, -3.4007109 ], [ 143.602, -3.4015 ], [ 143.602708, -3.4019425 ], [ 143.6033249, -3.402221 ], [ 143.6037835, -3.4024352 ], [ 143.603957900000012, -3.4025584 ], [ 143.604188599999986, -3.4028288 ], [ 143.6050576, -3.4041167 ], [ 143.6052293, -3.4042853 ], [ 143.605403599999988, -3.4043817 ], [ 143.6061975, -3.4046655 ], [ 143.6081582, -3.4052599 ], [ 143.6084989, -3.4054259 ], [ 143.6087805, -3.405533 ], [ 143.608933400000012, -3.4055705 ], [ 143.609266, -3.405616 ], [ 143.609912400000013, -3.4056803 ], [ 143.6105293, -3.4057419 ], [ 143.6106634, -3.4058035 ], [ 143.6109611, -3.4059614 ], [ 143.6116183, -3.4065424 ], [ 143.612227100000013, -3.4071235 ], [ 143.6127233, -3.4077794 ], [ 143.6129218, -3.4082025 ], [ 143.6130345, -3.408572 ], [ 143.6131418, -3.4088504 ], [ 143.6134422, -3.4093699 ], [ 143.613597700000014, -3.4095573 ], [ 143.614153, -3.4099482 ], [ 143.614879800000011, -3.4103204 ], [ 143.6152768, -3.4104837 ], [ 143.615596, -3.4105774 ], [ 143.6159044, -3.4106068 ], [ 143.6164489, -3.4106229 ], [ 143.616832499999987, -3.410564 ], [ 143.6173502, -3.4103685 ], [ 143.6176264, -3.4101945 ], [ 143.617985800000014, -3.4098893 ], [ 143.61848470000001, -3.4095573 ], [ 143.6189367, -3.4092226 ], [ 143.61904530000001, -3.4091811 ], [ 143.6191995, -3.4091583 ], [ 143.619498599999986, -3.4090807 ], [ 143.6196113, -3.4090218 ], [ 143.619858, -3.4087915 ], [ 143.6199895, -3.4087192 ], [ 143.6201611, -3.4086791 ], [ 143.621354700000012, -3.4085505 ], [ 143.622003799999987, -3.408588 ], [ 143.6222345, -3.4086496 ], [ 143.6224651, -3.4087594 ], [ 143.623205399999989, -3.4092628 ], [ 143.62331, -3.4093083 ], [ 143.623473600000011, -3.4093431 ], [ 143.624348, -3.4094555 ], [ 143.624981, -3.4096215 ], [ 143.6251098, -3.4096215 ], [ 143.625190300000014, -3.4095814 ], [ 143.6252882, -3.4093806 ], [ 143.6253217, -3.4093565 ], [ 143.6253686, -3.4093511 ], [ 143.6254384, -3.4093685 ], [ 143.6256811, -3.4094917 ], [ 143.6258259, -3.4095359 ], [ 143.625898400000011, -3.4095198 ], [ 143.625978800000013, -3.4094649 ], [ 143.626276499999989, -3.40907 ], [ 143.626472400000011, -3.4089548 ], [ 143.6267057, -3.4089147 ], [ 143.6268854, -3.4089575 ], [ 143.6271764, -3.4091289 ], [ 143.627228699999989, -3.4091918 ], [ 143.6272717, -3.4092842 ], [ 143.6273105, -3.4093458 ], [ 143.627364199999988, -3.4093966 ], [ 143.6277866, -3.4096563 ], [ 143.6284599, -3.4100084 ], [ 143.6285685, -3.4100191 ], [ 143.6286476, -3.4099857 ], [ 143.628793800000011, -3.4098491 ], [ 143.6289534, -3.4096095 ], [ 143.628997700000014, -3.409564 ], [ 143.6290607, -3.4095439 ], [ 143.629304100000013, -3.4095579 ], [ 143.629379199999988, -3.4095472 ], [ 143.6295006, -3.4095171 ], [ 143.6295448, -3.4095278 ], [ 143.6295623, -3.4095533 ], [ 143.6295609, -3.4095894 ], [ 143.629518, -3.4096684 ], [ 143.6295059, -3.4097273 ], [ 143.6295086, -3.4097822 ], [ 143.6295596, -3.4099616 ], [ 143.6295542, -3.4100178 ], [ 143.6294925, -3.4101088 ], [ 143.6287656, -3.4106657 ], [ 143.628626200000014, -3.4108746 ], [ 143.628612800000013, -3.4110192 ], [ 143.628661, -3.4112601 ], [ 143.6291492, -3.4122722 ], [ 143.6296266, -3.4134824 ], [ 143.6301202, -3.414216 ], [ 143.630265, -3.4145373 ], [ 143.6303347, -3.4149122 ], [ 143.630442, -3.4159671 ], [ 143.6305, -3.41625 ], [ 143.630584199999987, -3.4164571 ], [ 143.630745100000013, -3.4167034 ], [ 143.63143980000001, -3.4172509 ], [ 143.631799199999989, -3.4174276 ], [ 143.6319642, -3.4174638 ], [ 143.6322686, -3.4174558 ], [ 143.6325932, -3.4173969 ], [ 143.63334420000001, -3.4171023 ], [ 143.6338323, -3.4168399 ], [ 143.6344948, -3.4163259 ], [ 143.6348087, -3.4161826 ], [ 143.6348744, -3.4161786 ], [ 143.6349629, -3.4162081 ], [ 143.6357984, -3.4167168 ], [ 143.6361176, -3.4170247 ], [ 143.636249, -3.4172951 ], [ 143.6363268, -3.4176673 ], [ 143.636294600000014, -3.4181599 ], [ 143.6361659, -3.4186445 ], [ 143.6359996, -3.4190167 ], [ 143.6356428, -3.4193728 ], [ 143.6352861, -3.4197985 ], [ 143.635152, -3.4199806 ], [ 143.6347792, -3.4207999 ], [ 143.634545800000012, -3.4212336 ], [ 143.6343151, -3.4215469 ], [ 143.6336848, -3.4221801 ], [ 143.6334689, -3.422397 ], [ 143.6333361, -3.4224666 ], [ 143.633228800000012, -3.4224639 ], [ 143.6331457, -3.4223889 ], [ 143.6327849, -3.4215241 ], [ 143.6326924, -3.4214398 ], [ 143.6325502, -3.4213822 ], [ 143.6323504, -3.4213581 ], [ 143.631205099999988, -3.4214652 ], [ 143.630462099999988, -3.4216031 ], [ 143.6303508, -3.4216138 ], [ 143.6302502, -3.4215844 ], [ 143.6297446, -3.421239 ], [ 143.6294603, -3.4210408 ], [ 143.629117, -3.4209284 ], [ 143.6281353, -3.4208106 ], [ 143.6279288, -3.4208159 ], [ 143.6277088, -3.4209043 ], [ 143.627105300000011, -3.4212952 ], [ 143.6266655, -3.4215683 ], [ 143.6260915, -3.4217664 ], [ 143.6249489, -3.4220288 ], [ 143.623935, -3.4223662 ], [ 143.6220789, -3.4231319 ], [ 143.621311100000014, -3.4234538 ], [ 143.620228200000014, -3.4238013 ], [ 143.6196971, -3.4240047 ], [ 143.6193269, -3.4242029 ], [ 143.618924600000014, -3.4245616 ], [ 143.6184633, -3.4250971 ], [ 143.618, -3.42575 ], [ 143.6176532, -3.4263127 ], [ 143.617503, -3.4266982 ], [ 143.6173153, -3.4273435 ], [ 143.617277699999988, -3.4275898 ], [ 143.6172724, -3.4279325 ], [ 143.6173475, -3.4285724 ], [ 143.6174145, -3.428883 ], [ 143.6174977, -3.4290329 ], [ 143.6179349, -3.4293649 ], [ 143.6180395, -3.4295229 ], [ 143.61826210000001, -3.4300262 ], [ 143.6184069, -3.4303449 ], [ 143.618608099999989, -3.4310062 ], [ 143.618688600000013, -3.431456 ], [ 143.618753, -3.4320825 ], [ 143.6187208, -3.4323208 ], [ 143.6186001, -3.4326287 ], [ 143.618525, -3.4327117 ], [ 143.6184472, -3.4327572 ], [ 143.618256699999989, -3.4327866 ], [ 143.618128, -3.4328322 ], [ 143.6177042, -3.4331026 ], [ 143.6173743, -3.433207 ], [ 143.6171812, -3.433298 ], [ 143.6169451, -3.4334587 ], [ 143.6167547, -3.433531 ], [ 143.6166045, -3.4335497 ], [ 143.6163604, -3.4335176 ], [ 143.6155182, -3.4332418 ], [ 143.614488200000011, -3.433033 ], [ 143.614166399999988, -3.4330062 ], [ 143.61319, -3.433049 ], [ 143.6125946, -3.4330651 ], [ 143.607927600000011, -3.4328081 ], [ 143.6074501, -3.4327866 ], [ 143.6065006, -3.4329098 ], [ 143.6057979, -3.4330062 ], [ 143.6046016, -3.4330571 ], [ 143.6034831, -3.4331615 ], [ 143.603343700000011, -3.4331186 ], [ 143.60329, -3.4330383 ], [ 143.603209600000014, -3.4326287 ], [ 143.6031291, -3.4324814 ], [ 143.6030218, -3.4323957 ], [ 143.6028689, -3.432385 ], [ 143.60202670000001, -3.4326474 ], [ 143.6011308, -3.4329178 ], [ 143.6007392, -3.4330731 ], [ 143.600495200000012, -3.433215 ], [ 143.59993990000001, -3.43378 ], [ 143.599400800000012, -3.4342432 ], [ 143.5988912, -3.4345029 ], [ 143.5976279, -3.4350196 ], [ 143.5967642, -3.4354962 ], [ 143.5963672, -3.4357693 ], [ 143.596200900000014, -3.4359942 ], [ 143.5959756, -3.4365618 ], [ 143.5957503, -3.4374828 ], [ 143.5957396, -3.4378576 ], [ 143.5957879, -3.4382217 ], [ 143.5959971, -3.4386448 ], [ 143.596930500000013, -3.4399246 ], [ 143.59762520000001, -3.4408643 ], [ 143.5977513, -3.4412445 ], [ 143.59777, -3.4415363 ], [ 143.597635200000013, -3.4420428 ], [ 143.5972041, -3.4430196 ], [ 143.596968, -3.4435818 ], [ 143.5967642, -3.4440905 ], [ 143.59669980000001, -3.4442057 ], [ 143.596592500000014, -3.4442806 ], [ 143.5963994, -3.4442967 ], [ 143.5961151, -3.4442833 ], [ 143.5956538, -3.4442137 ], [ 143.5952783, -3.4441227 ], [ 143.5950315, -3.4440156 ], [ 143.5943475, -3.4436113 ], [ 143.5930333, -3.4427171 ], [ 143.592751600000014, -3.4425752 ], [ 143.592394899999988, -3.4424895 ], [ 143.592, -3.4425 ], [ 143.5915446, -3.4426153 ], [ 143.591158400000012, -3.4427599 ], [ 143.590619299999986, -3.4430732 ], [ 143.590455600000013, -3.4432043 ], [ 143.5904127, -3.4433195 ], [ 143.5904047, -3.4435845 ], [ 143.5903832, -3.4437238 ], [ 143.590289399999989, -3.4439192 ], [ 143.5901016, -3.444211 ], [ 143.5900909, -3.4443088 ], [ 143.590112299999987, -3.4443663 ], [ 143.5902223, -3.4444801 ], [ 143.590254499999986, -3.4445296 ], [ 143.5902505, -3.4445765 ], [ 143.5902116, -3.4446207 ], [ 143.589862900000014, -3.4447358 ], [ 143.5896215, -3.4448643 ], [ 143.5891575, -3.4451079 ], [ 143.5887176, -3.4452097 ], [ 143.5882938, -3.4452472 ], [ 143.5876232, -3.4451936 ], [ 143.5870439, -3.4449901 ], [ 143.5866952, -3.4447385 ], [ 143.586223100000012, -3.4441602 ], [ 143.5855526, -3.4432713 ], [ 143.5851341, -3.4426448 ], [ 143.5847479, -3.4420076 ], [ 143.5844529, -3.4414292 ], [ 143.5842571, -3.4411936 ], [ 143.584021, -3.4410946 ], [ 143.583712600000013, -3.4410651 ], [ 143.5824895, -3.4411829 ], [ 143.5811913, -3.4414346 ], [ 143.581025, -3.4415363 ], [ 143.580917699999986, -3.4416541 ], [ 143.5807407, -3.4420665 ], [ 143.5804886, -3.4426876 ], [ 143.5804027, -3.4428911 ], [ 143.580215, -3.4431749 ], [ 143.5795015, -3.4439674 ], [ 143.5792145, -3.4443984 ], [ 143.579034799999988, -3.4447519 ], [ 143.5788766, -3.4450357 ], [ 143.5787076, -3.4453007 ], [ 143.5785493, -3.4454828 ], [ 143.5784903, -3.4455203 ], [ 143.5782891, -3.4455658 ], [ 143.5782489, -3.4455885 ], [ 143.5782208, -3.4456407 ], [ 143.5782087, -3.4458067 ], [ 143.5781819, -3.4458911 ], [ 143.578122900000011, -3.445946 ], [ 143.578027600000013, -3.4459848 ], [ 143.577940500000011, -3.4459834 ], [ 143.5774872, -3.4458362 ], [ 143.577264500000013, -3.4458201 ], [ 143.5770714, -3.4458389 ], [ 143.57697490000001, -3.4458924 ], [ 143.576872900000012, -3.446029 ], [ 143.5768501, -3.4461079 ], [ 143.5768649, -3.4461695 ], [ 143.5769105, -3.4462003 ], [ 143.577001700000011, -3.4462411 ], [ 143.5770345, -3.4462579 ], [ 143.577041900000012, -3.4462726 ], [ 143.5770406, -3.4462867 ], [ 143.5770171, -3.4463014 ], [ 143.576812600000011, -3.4463422 ], [ 143.5767482, -3.4463328 ], [ 143.5766865, -3.4463074 ], [ 143.5764921, -3.4461387 ], [ 143.576358, -3.446112 ], [ 143.5762614, -3.4461307 ], [ 143.5761635, -3.4461936 ], [ 143.5760079, -3.4464279 ], [ 143.5759409, -3.4464734 ], [ 143.5758591, -3.4464814 ], [ 143.5757706, -3.446448 ], [ 143.575741099999988, -3.4463877 ], [ 143.5757692, -3.4460745 ], [ 143.575754499999988, -3.4459982 ], [ 143.5757008, -3.4459326 ], [ 143.5755064, -3.4458482 ], [ 143.575395, -3.4458456 ], [ 143.57507050000001, -3.4459486 ], [ 143.5738796, -3.4465912 ], [ 143.572822800000012, -3.4469767 ], [ 143.572141499999987, -3.4472124 ], [ 143.5717526, -3.4473891 ], [ 143.571513900000014, -3.4475176 ], [ 143.5714361, -3.4475443 ], [ 143.5711867, -3.4475631 ], [ 143.5705671, -3.4474721 ], [ 143.5702693, -3.4474399 ], [ 143.570001100000013, -3.447456 ], [ 143.5693949, -3.4475524 ], [ 143.5690463, -3.4476006 ], [ 143.5687405, -3.4475899 ], [ 143.568461500000012, -3.4475256 ], [ 143.567571, -3.447132 ], [ 143.566530300000011, -3.4464038 ], [ 143.566160200000013, -3.4460986 ], [ 143.5658544, -3.4457451 ], [ 143.5647172, -3.4441602 ], [ 143.5644141, -3.4438362 ], [ 143.5640869, -3.4435979 ], [ 143.56378380000001, -3.4434319 ], [ 143.5632339, -3.4430812 ], [ 143.562987099999987, -3.4429339 ], [ 143.562582099999986, -3.4427412 ], [ 143.56229780000001, -3.4425002 ], [ 143.562096700000012, -3.442286 ], [ 143.5617614, -3.4418041 ], [ 143.5613751, -3.4413703 ], [ 143.5609943, -3.441124 ], [ 143.560254, -3.4408456 ], [ 143.5584998, -3.4403476 ], [ 143.5582799, -3.4402753 ], [ 143.5580559, -3.440211 ], [ 143.5579902, -3.4401843 ], [ 143.5577247, -3.4400129 ], [ 143.5575744, -3.4399567 ], [ 143.5573733, -3.4399326 ], [ 143.5567591, -3.4398817 ], [ 143.5564989, -3.4398469 ], [ 143.556169, -3.4397398 ], [ 143.555412600000011, -3.4393918 ], [ 143.555136299999987, -3.4392606 ], [ 143.55460260000001, -3.4390437 ], [ 143.553717400000011, -3.4385471 ], [ 143.5528511, -3.4378469 ], [ 143.552379, -3.4375685 ], [ 143.5514858, -3.4371615 ], [ 143.5503942, -3.436776 ], [ 143.549497, -3.4364493 ], [ 143.5492489, -3.436369 ], [ 143.5486802, -3.4362914 ], [ 143.548487099999988, -3.4362539 ], [ 143.5482833, -3.4361387 ], [ 143.5478823, -3.4358442 ], [ 143.5469234, -3.4349446 ], [ 143.5460275, -3.4338737 ], [ 143.545968499999987, -3.4337184 ], [ 143.5460383, -3.4335845 ], [ 143.546145599999988, -3.4335095 ], [ 143.5484147, -3.4327706 ], [ 143.5492516, -3.4324546 ], [ 143.5513544, -3.4316568 ], [ 143.5522181, -3.4312712 ], [ 143.5526687, -3.431132 ], [ 143.553596700000014, -3.4309285 ], [ 143.554379899999986, -3.4308964 ], [ 143.5577434, -3.4312552 ], [ 143.558167200000014, -3.4312177 ], [ 143.5586446, -3.4310196 ], [ 143.559079200000014, -3.4306983 ], [ 143.5593101, -3.4302463 ], [ 143.5596907, -3.4290222 ], [ 143.559788700000013, -3.4284036 ], [ 143.5597497, -3.4277745 ], [ 143.559631700000011, -3.4274533 ], [ 143.559368799999987, -3.4270784 ], [ 143.558666100000011, -3.4264599 ], [ 143.5581484, -3.4260664 ], [ 143.5576603, -3.4257638 ], [ 143.5572244, -3.425555 ], [ 143.5567805, -3.4254265 ], [ 143.5566303, -3.4253006 ], [ 143.5562749, -3.4246862 ], [ 143.5560965, -3.4243207 ], [ 143.555914199999989, -3.4241011 ], [ 143.5555923, -3.4238227 ], [ 143.5544363, -3.4233729 ], [ 143.554157300000014, -3.4232229 ], [ 143.553822, -3.4229016 ], [ 143.5531138, -3.4220643 ], [ 143.5519445, -3.4207865 ], [ 143.550598, -3.4189016 ], [ 143.5502869, -3.4183393 ], [ 143.5501152, -3.4180662 ], [ 143.549707500000011, -3.417595 ], [ 143.549546600000014, -3.4172951 ], [ 143.5495359, -3.4170809 ], [ 143.5497236, -3.4164812 ], [ 143.549991799999987, -3.4160795 ], [ 143.5506302, -3.4154852 ], [ 143.5515422, -3.414864 ], [ 143.5525963, -3.414283 ], [ 143.5527492, -3.4141491 ], [ 143.5528296, -3.4140286 ], [ 143.55294760000001, -3.4138439 ], [ 143.5530388, -3.4137877 ], [ 143.5531944, -3.4137073 ], [ 143.5538033, -3.4135788 ], [ 143.55405540000001, -3.4136029 ], [ 143.5542083, -3.4136698 ], [ 143.5546535, -3.4140554 ], [ 143.5548493, -3.414125 ], [ 143.5554507, -3.4141894 ], [ 143.55824770000001, -3.4141438 ], [ 143.5586044, -3.4142107 ], [ 143.5592696, -3.4143713 ], [ 143.5595834, -3.4145614 ], [ 143.560125199999987, -3.4150032 ], [ 143.560436399999986, -3.4152603 ], [ 143.5605785, -3.4153406 ], [ 143.562407799999988, -3.4158546 ], [ 143.5632661, -3.4160358 ], [ 143.5646635, -3.416101 ], [ 143.5676622, -3.4159885 ], [ 143.568461500000012, -3.4160046 ], [ 143.5688907, -3.4160742 ], [ 143.569974300000013, -3.4163098 ], [ 143.5702881, -3.4164276 ], [ 143.570540200000011, -3.4165668 ], [ 143.5706878, -3.4166204 ], [ 143.5710311, -3.4166659 ], [ 143.571331500000014, -3.4166365 ], [ 143.571562199999988, -3.4165856 ], [ 143.5718626, -3.4164276 ], [ 143.572541199999989, -3.4160073 ], [ 143.5727611, -3.4159028 ], [ 143.5730776, -3.4157904 ], [ 143.5735711, -3.4155467 ], [ 143.5738045, -3.4153968 ], [ 143.5740673, -3.415105 ], [ 143.5743195, -3.4146391 ], [ 143.574577, -3.4136056 ], [ 143.5745287, -3.4126953 ], [ 143.5743946, -3.4120687 ], [ 143.573707899999988, -3.4106068 ], [ 143.5729301, -3.4091182 ], [ 143.572554599999989, -3.408663 ], [ 143.572087900000014, -3.4083738 ], [ 143.571304700000013, -3.4080258 ], [ 143.5690141, -3.407268 ], [ 143.568381100000011, -3.4071476 ], [ 143.5679546, -3.4071476 ], [ 143.56782050000001, -3.4071288 ], [ 143.56774, -3.4070726 ], [ 143.5675603, -3.4068075 ], [ 143.567445, -3.4066763 ], [ 143.567276, -3.4066147 ], [ 143.5666913, -3.4065612 ], [ 143.5664552, -3.4065478 ], [ 143.566288899999989, -3.4064969 ], [ 143.5653877, -3.4059079 ], [ 143.5645831, -3.4054768 ], [ 143.5637677, -3.4051475 ], [ 143.5628369, -3.4047111 ], [ 143.562238799999989, -3.4044567 ], [ 143.5615012, -3.4040765 ], [ 143.5613658, -3.4040497 ], [ 143.561259799999988, -3.4040524 ], [ 143.560887, -3.404201 ], [ 143.5607904, -3.4042305 ], [ 143.5606885, -3.4042305 ], [ 143.5604243, -3.4040899 ], [ 143.560245900000012, -3.4040591 ], [ 143.560131899999988, -3.4040551 ], [ 143.5598382, -3.4041086 ], [ 143.559666600000014, -3.4041662 ], [ 143.55946, -3.404193 ], [ 143.559224, -3.4041702 ], [ 143.5591489, -3.4041234 ], [ 143.559, -3.4039225 ], [ 143.558874, -3.4038154 ], [ 143.5587385, -3.4037311 ], [ 143.5584488, -3.4036079 ], [ 143.558255699999989, -3.4035303 ], [ 143.5581458, -3.4034205 ], [ 143.5577783, -3.4030055 ], [ 143.5575905, -3.4028904 ], [ 143.5574403, -3.4028636 ], [ 143.5566464, -3.4028529 ], [ 143.556397, -3.4028127 ], [ 143.5562065, -3.4027056 ], [ 143.5556325, -3.4023174 ], [ 143.554522100000014, -3.4016561 ], [ 143.551909599999988, -3.3998621 ], [ 143.5509226, -3.3992892 ], [ 143.5506785, -3.3992383 ], [ 143.5504532, -3.3992838 ], [ 143.550281500000011, -3.3993802 ], [ 143.5500482, -3.399672 ], [ 143.549938200000014, -3.399747 ], [ 143.549843, -3.3997738 ], [ 143.5497411, -3.3997483 ], [ 143.5495386, -3.3995542 ], [ 143.5494232, -3.3993561 ], [ 143.5493052, -3.399075 ], [ 143.549189899999988, -3.3988822 ], [ 143.5490638, -3.3987483 ], [ 143.548736600000012, -3.3985421 ], [ 143.5484442, -3.3983547 ], [ 143.5483101, -3.3982315 ], [ 143.548066, -3.3978808 ], [ 143.5479239, -3.3977148 ], [ 143.547717299999988, -3.3974792 ], [ 143.5472882, -3.3972275 ], [ 143.5471138, -3.3971016 ], [ 143.546987800000011, -3.3969892 ], [ 143.54678530000001, -3.3966813 ], [ 143.546704799999986, -3.396439 ], [ 143.5466619, -3.3963868 ], [ 143.5466149, -3.39636 ], [ 143.54645, -3.3963238 ], [ 143.546368199999989, -3.3962984 ], [ 143.5462609, -3.3962181 ], [ 143.5458586, -3.3957268 ], [ 143.5457633, -3.3956705 ], [ 143.5455944, -3.3956304 ], [ 143.5452779, -3.395625 ], [ 143.5451639, -3.3955755 ], [ 143.544922500000013, -3.3954269 ], [ 143.5441071, -3.3947321 ], [ 143.5437101, -3.3942849 ], [ 143.5431147, -3.3936155 ], [ 143.542680100000013, -3.3931657 ], [ 143.541054699999989, -3.3917199 ], [ 143.5401642, -3.3908952 ], [ 143.5396948, -3.3904106 ], [ 143.539110099999988, -3.3900491 ], [ 143.5386729, -3.389851 ], [ 143.538474400000013, -3.3897572 ], [ 143.538284, -3.3897251 ], [ 143.5379836, -3.3897224 ], [ 143.5378495, -3.3896769 ], [ 143.537691200000012, -3.3895163 ], [ 143.5376188, -3.3893342 ], [ 143.537583899999987, -3.3890798 ], [ 143.537530299999986, -3.3885818 ], [ 143.5374445, -3.3882498 ], [ 143.537356, -3.3881106 ], [ 143.537152099999986, -3.3878642 ], [ 143.5370529, -3.3877223 ], [ 143.5370019, -3.3875804 ], [ 143.536996499999987, -3.3874037 ], [ 143.5369751, -3.3866861 ], [ 143.537090400000011, -3.3855348 ], [ 143.5372513, -3.3851921 ], [ 143.5374123, -3.3850689 ], [ 143.537846800000011, -3.3847797 ], [ 143.5379943, -3.3846566 ], [ 143.5382223, -3.3844986 ], [ 143.538394, -3.384445 ], [ 143.538563, -3.384445 ], [ 143.5390109, -3.3845388 ], [ 143.539177200000012, -3.3845414 ], [ 143.5394052, -3.3844986 ], [ 143.539643899999987, -3.3844102 ], [ 143.5402822, -3.3841077 ], [ 143.5405451, -3.3840407 ], [ 143.5409635, -3.3840354 ], [ 143.5418379, -3.3840943 ], [ 143.542994, -3.3843968 ], [ 143.5439461, -3.3843553 ], [ 143.5442519, -3.3842817 ], [ 143.54488760000001, -3.3840541 ], [ 143.545078, -3.384022 ], [ 143.545625199999989, -3.3839497 ], [ 143.5460463, -3.383852 ], [ 143.5462958, -3.3837489 ], [ 143.5466337, -3.3835159 ], [ 143.5475832, -3.3828091 ], [ 143.5482967, -3.3821986 ], [ 143.54889750000001, -3.3815774 ], [ 143.5493052, -3.3811169 ], [ 143.5495412, -3.3808438 ], [ 143.5498738, -3.3805867 ], [ 143.5502708, -3.3804153 ], [ 143.5507858, -3.3803243 ], [ 143.551268599999986, -3.3803779 ], [ 143.55179960000001, -3.3805224 ], [ 143.5520679, -3.380742 ], [ 143.5523307, -3.3810687 ], [ 143.5525882, -3.381572 ], [ 143.55273840000001, -3.3819897 ], [ 143.552835, -3.3826056 ], [ 143.552902, -3.3835668 ], [ 143.5528725, -3.3843567 ], [ 143.55294760000001, -3.3846244 ], [ 143.55310320000001, -3.3847797 ], [ 143.5541373, -3.3853534 ], [ 143.5545731, -3.3854491 ], [ 143.5551169, -3.3854233 ], [ 143.5556272, -3.3853661 ], [ 143.5560107, -3.3852188 ], [ 143.5563889, -3.3849805 ], [ 143.5569817, -3.3844424 ], [ 143.5577917, -3.3836552 ], [ 143.558167200000014, -3.3834088 ], [ 143.5585213, -3.3832482 ], [ 143.5595, -3.383 ], [ 143.5602754, -3.3829215 ], [ 143.5608011, -3.3829751 ], [ 143.5619169, -3.383216 ], [ 143.5636926, -3.3837114 ], [ 143.5639876, -3.3838426 ], [ 143.5652375, -3.3845013 ], [ 143.565554, -3.3846512 ], [ 143.5660536, -3.3847751 ], [ 143.5693574, -3.3856794 ], [ 143.570339100000012, -3.3858454 ], [ 143.5711803, -3.3859394 ], [ 143.5724688, -3.3859632 ], [ 143.5728925, -3.3858507 ], [ 143.5731822, -3.3857276 ], [ 143.5736436, -3.3854973 ], [ 143.573917099999989, -3.3854116 ], [ 143.5743731, -3.3853581 ], [ 143.5749592, -3.3854411 ], [ 143.575302599999986, -3.3854327 ], [ 143.5759543, -3.385334 ], [ 143.5761072, -3.3853193 ], [ 143.5762896, -3.3853367 ], [ 143.5773987, -3.3855857 ], [ 143.577742, -3.3857035 ], [ 143.5779525, -3.3857999 ], [ 143.5780853, -3.38584 ], [ 143.5784132, -3.3858859 ], [ 143.578729, -3.38599 ], [ 143.5792226, -3.3862952 ], [ 143.5796195, -3.3864612 ], [ 143.5800111, -3.3865951 ], [ 143.580499300000014, -3.386646 ], [ 143.5809875, -3.3865951 ], [ 143.5811189, -3.3866165 ], [ 143.5812771, -3.3867022 ], [ 143.5820885, -3.3872872 ], [ 143.5827363, -3.3877197 ], [ 143.5836375, -3.3880784 ], [ 143.5841739, -3.3882391 ], [ 143.58481230000001, -3.3884105 ], [ 143.585171699999989, -3.388539 ], [ 143.5855633, -3.3887532 ], [ 143.586942, -3.3897224 ], [ 143.5880095, -3.390365 ], [ 143.58865320000001, -3.3907774 ], [ 143.5890073, -3.3910558 ], [ 143.5893667, -3.3912834 ], [ 143.589645600000011, -3.3913771 ], [ 143.589889699999986, -3.3914066 ], [ 143.59075, -3.3915 ], [ 143.5917968, -3.391677 ] ] ] ] } },
{ "type": "Feature", "properties": { "FID": 71478, "id": 2323, "left": 140.0, "top": 0.0, "right": 145.0, "bottom": -5.0, "row_index": 18, "col_index": 64, "min_lon": 140.0, "min_lat": -5.0, "tile_id": "140_-5" }, "geometry": { "type": "MultiPolygon", "coordinates": [ [ [ [ 143.4542065, -3.3929762 ], [ 143.4549331, -3.3933774 ], [ 143.456517600000012, -3.3941811 ], [ 143.4572348, -3.3945009 ], [ 143.458136, -3.3949617 ], [ 143.458904, -3.3953166 ], [ 143.460103, -3.3958854 ], [ 143.4607359, -3.3962358 ], [ 143.4609166, -3.3964523 ], [ 143.4612433, -3.3967699 ], [ 143.4613173, -3.397018 ], [ 143.4612715, -3.3972147 ], [ 143.4611046, -3.3974579 ], [ 143.4608804, -3.397623 ], [ 143.4604029, -3.3978782 ], [ 143.4596345, -3.3985092 ], [ 143.4589554, -3.3993192 ], [ 143.45879690000001, -3.3994772 ], [ 143.4586319, -3.3994695 ], [ 143.458494699999989, -3.3994262 ], [ 143.45820040000001, -3.3991896 ], [ 143.4578151, -3.3986805 ], [ 143.457622500000014, -3.3984956 ], [ 143.4572665, -3.3982646 ], [ 143.4568643, -3.3981488 ], [ 143.4558715, -3.3977386 ], [ 143.4554996, -3.3975407 ], [ 143.4550624, -3.3973368 ], [ 143.4546565, -3.3970576 ], [ 143.4536704, -3.396629 ], [ 143.4532725, -3.396488 ], [ 143.4528033, -3.3963781 ], [ 143.4523994, -3.3962449 ], [ 143.4519856, -3.3960623 ], [ 143.451471199999986, -3.3955485 ], [ 143.451175400000011, -3.3953743 ], [ 143.4508999, -3.394974 ], [ 143.450207299999988, -3.3942767 ], [ 143.44984, -3.3939967 ], [ 143.4491539, -3.39349 ], [ 143.44825, -3.393 ], [ 143.4472714, -3.3924782 ], [ 143.44676, -3.3923029 ], [ 143.4462268, -3.3922441 ], [ 143.4459417, -3.3922683 ], [ 143.4455606, -3.3923746 ], [ 143.444916, -3.3927005 ], [ 143.4447523, -3.3927464 ], [ 143.4425707, -3.3926501 ], [ 143.4421156, -3.3926993 ], [ 143.4417341, -3.39265 ], [ 143.441325, -3.3924529 ], [ 143.4409837, -3.3922678 ], [ 143.4407741, -3.3922827 ], [ 143.4404917, -3.3924009 ], [ 143.4401073, -3.392399 ], [ 143.4395762, -3.3923295 ], [ 143.4393067, -3.3922673 ], [ 143.4390804, -3.3923169 ], [ 143.4389367, -3.3923109 ], [ 143.4387188, -3.3921482 ], [ 143.4385665, -3.3920727 ], [ 143.438158, -3.3919927 ], [ 143.4371242, -3.3916452 ], [ 143.4365057, -3.3914359 ], [ 143.4363397, -3.3912718 ], [ 143.436244499999987, -3.3910058 ], [ 143.4363169, -3.3908343 ], [ 143.4364471, -3.3906659 ], [ 143.4366857, -3.3904818 ], [ 143.4369879, -3.3903172 ], [ 143.43725, -3.39025 ], [ 143.4394709, -3.3899372 ], [ 143.441433, -3.3897364 ], [ 143.4438022, -3.3898172 ], [ 143.4446857, -3.3897941 ], [ 143.4456669, -3.3898642 ], [ 143.4467936, -3.3900204 ], [ 143.448488200000014, -3.3905548 ], [ 143.4499286, -3.391155 ], [ 143.450900100000013, -3.3914892 ], [ 143.4517643, -3.3918605 ], [ 143.452809699999989, -3.3923335 ], [ 143.4538052, -3.3927211 ], [ 143.4542065, -3.3929762 ] ] ] ] } },
{ "type": "Feature", "properties": { "FID": 71479, "id": 2323, "left": 140.0, "top": 0.0, "right": 145.0, "bottom": -5.0, "row_index": 18, "col_index": 64, "min_lon": 140.0, "min_lat": -5.0, "tile_id": "140_-5" }, "geometry": { "type": "MultiPolygon", "coordinates": [ [ [ [ 143.4885887, -3.4012323 ], [ 143.4886625, -3.4012671 ], [ 143.488696, -3.4012993 ], [ 143.4887027, -3.4013515 ], [ 143.4887483, -3.4014265 ], [ 143.488826100000011, -3.4014706 ], [ 143.4889092, -3.40148 ], [ 143.489082200000013, -3.4015657 ], [ 143.4892056, -3.4016487 ], [ 143.4893947, -3.4018227 ], [ 143.4894175, -3.4018776 ], [ 143.489518800000013, -3.4019399 ], [ 143.48958780000001, -3.4020637 ], [ 143.4896589, -3.4020717 ], [ 143.4896933, -3.4020973 ], [ 143.4897273, -3.402136 ], [ 143.489771600000012, -3.402227 ], [ 143.489860099999987, -3.4022471 ], [ 143.4899048, -3.4022831 ], [ 143.4899687, -3.4023863 ], [ 143.490022399999987, -3.4024185 ], [ 143.4901136, -3.4024332 ], [ 143.490198, -3.4024881 ], [ 143.4902208, -3.4025657 ], [ 143.4902007, -3.402638 ], [ 143.490210100000013, -3.402717 ], [ 143.490265099999988, -3.4027692 ], [ 143.4905722, -3.4029861 ], [ 143.4907345, -3.4029981 ], [ 143.490785499999987, -3.4030651 ], [ 143.4908096, -3.4032297 ], [ 143.49087080000001, -3.4034009 ], [ 143.49092, -3.4034387 ], [ 143.4909973, -3.4034386 ], [ 143.4911046, -3.4034895 ], [ 143.4911878, -3.4035751 ], [ 143.491230699999988, -3.4036729 ], [ 143.4912522, -3.4037733 ], [ 143.4912401, -3.4039035 ], [ 143.4913206, -3.4039915 ], [ 143.4914681, -3.4042566 ], [ 143.4916853, -3.4044413 ], [ 143.491739, -3.4045712 ], [ 143.4918087, -3.4048603 ], [ 143.4918798, -3.4049701 ], [ 143.4919415, -3.405017 ], [ 143.4919844, -3.4050826 ], [ 143.4920065, -3.4051649 ], [ 143.491975, -3.4053543 ], [ 143.4920018, -3.4054668 ], [ 143.492066200000011, -3.4055391 ], [ 143.4921205, -3.4055745 ], [ 143.492231800000013, -3.4058451 ], [ 143.4922674, -3.4059688 ], [ 143.4922861, -3.4061268 ], [ 143.4922962, -3.4062647 ], [ 143.4922633, -3.4065445 ], [ 143.4922808, -3.4067359 ], [ 143.4922714, -3.4070545 ], [ 143.4921467, -3.4079548 ], [ 143.4920677, -3.4083151 ], [ 143.492036, -3.4084106 ], [ 143.4918999, -3.4086349 ], [ 143.491682700000013, -3.4088718 ], [ 143.4915747, -3.4089394 ], [ 143.491234100000014, -3.4090867 ], [ 143.491108700000012, -3.4091617 ], [ 143.490917, -3.4092355 ], [ 143.4908134, -3.4092378 ], [ 143.4906049, -3.4091977 ], [ 143.489873499999987, -3.4089294 ], [ 143.4896368, -3.4088672 ], [ 143.4888341, -3.4087165 ], [ 143.488370800000013, -3.408586 ], [ 143.4882072, -3.4085231 ], [ 143.4875487, -3.4082078 ], [ 143.4871048, -3.4080204 ], [ 143.486207799999988, -3.4075736 ], [ 143.4859779, -3.4074471 ], [ 143.4857097, -3.4072647 ], [ 143.48558, -3.4071542 ], [ 143.484983, -3.4068027 ], [ 143.4846469, -3.4064966 ], [ 143.4845181, -3.4064002 ], [ 143.483869, -3.4059959 ], [ 143.4837846, -3.4059812 ], [ 143.4837296, -3.4060133 ], [ 143.4836142, -3.4061244 ], [ 143.483548899999988, -3.4061602 ], [ 143.4834687, -3.4061539 ], [ 143.4829316, -3.4059571 ], [ 143.4827774, -3.4058486 ], [ 143.4826419, -3.4057148 ], [ 143.4825641, -3.4056117 ], [ 143.4824374, -3.4053687 ], [ 143.4823274, -3.4050213 ], [ 143.4823506, -3.4048965 ], [ 143.4825725, -3.4045069 ], [ 143.4827536, -3.4041454 ], [ 143.482826, -3.4039085 ], [ 143.4829078, -3.4037933 ], [ 143.482953400000014, -3.4036247 ], [ 143.4830996, -3.4032659 ], [ 143.483527400000014, -3.4027291 ], [ 143.483669600000013, -3.4025791 ], [ 143.4838575, -3.4023269 ], [ 143.4839686, -3.4020664 ], [ 143.484053100000011, -3.4019285 ], [ 143.484411200000011, -3.4015556 ], [ 143.484788, -3.4011949 ], [ 143.484938199999988, -3.4010744 ], [ 143.485075, -3.4010088 ], [ 143.4852701, -3.4009464 ], [ 143.4853486, -3.4009284 ], [ 143.4854987, -3.4009424 ], [ 143.4860019, -3.401031 ], [ 143.4861184, -3.4010784 ], [ 143.486187, -3.4010899 ], [ 143.4863705, -3.4011801 ], [ 143.4866911, -3.4012631 ], [ 143.487031699999989, -3.4012765 ], [ 143.4871484, -3.4012564 ], [ 143.4873723, -3.40116 ], [ 143.4875586, -3.4011749 ], [ 143.4876164, -3.4011507 ], [ 143.4876736, -3.4010723 ], [ 143.4877009, -3.4010021 ], [ 143.4877572, -3.4009445 ], [ 143.4878726, -3.4009137 ], [ 143.4879539, -3.4009296 ], [ 143.488056300000011, -3.4009914 ], [ 143.488164899999987, -3.4010248 ], [ 143.4882528, -3.4010714 ], [ 143.4883245, -3.4010275 ], [ 143.4884197, -3.4010262 ], [ 143.4885069, -3.401065 ], [ 143.4885887, -3.4012323 ] ] ] ] } },
{ "type": "Feature", "properties": { "FID": 122844, "id": 2323, "left": 140.0, "top": 0.0, "right": 145.0, "bottom": -5.0, "row_index": 18, "col_index": 64, "min_lon": 140.0, "min_lat": -5.0, "tile_id": "140_-5" }, "geometry": { "type": "MultiPolygon", "coordinates": [ [ [ [ 144.9715036, -1.5722839 ], [ 144.9718107, -1.5726485 ], [ 144.9720012, -1.5728791 ], [ 144.972100399999988, -1.5730574 ], [ 144.972247900000013, -1.5736164 ], [ 144.9723257, -1.5738417 ], [ 144.9724907, -1.5741433 ], [ 144.9725631, -1.5742465 ], [ 144.9733436, -1.5750066 ], [ 144.973788899999988, -1.5753967 ], [ 144.974179099999986, -1.5758324 ], [ 144.9743052, -1.5760617 ], [ 144.9743924, -1.5763124 ], [ 144.9744527, -1.5767172 ], [ 144.9744929, -1.5769847 ], [ 144.9744896, -1.577104 ], [ 144.9744494, -1.5771576 ], [ 144.97438360000001, -1.5771818 ], [ 144.974314600000014, -1.577161 ], [ 144.9742609, -1.5771087 ], [ 144.9741999, -1.5769914 ], [ 144.9741342, -1.5767776 ], [ 144.974083900000011, -1.5766073 ], [ 144.974049, -1.5765269 ], [ 144.973994, -1.5764679 ], [ 144.9737419, -1.5762856 ], [ 144.9734496, -1.5760255 ], [ 144.9731505, -1.5756045 ], [ 144.9728662, -1.575252 ], [ 144.972433, -1.5747345 ], [ 144.9718241, -1.573965 ], [ 144.971484800000013, -1.57354 ], [ 144.9710436, -1.5730132 ], [ 144.9703194, -1.5723616 ], [ 144.9701799, -1.5722075 ], [ 144.970006899999987, -1.57193 ], [ 144.969449, -1.5707811 ], [ 144.969146, -1.5700705 ], [ 144.9687195, -1.568927 ], [ 144.9682622, -1.5674859 ], [ 144.967961800000012, -1.5663035 ], [ 144.967759300000012, -1.5656318 ], [ 144.967468200000013, -1.564987 ], [ 144.967171799999988, -1.564503 ], [ 144.9668446, -1.5640512 ], [ 144.966795, -1.5639494 ], [ 144.966766799999988, -1.5638327 ], [ 144.9667239, -1.5636196 ], [ 144.9666877, -1.5634862 ], [ 144.9666602, -1.5634252 ], [ 144.9665925, -1.5633407 ], [ 144.966530799999987, -1.5632683 ], [ 144.966442300000011, -1.5631932 ], [ 144.9663524, -1.5631007 ], [ 144.966300100000012, -1.5630411 ], [ 144.966286, -1.5630029 ], [ 144.9662887, -1.5629627 ], [ 144.9663156, -1.5629405 ], [ 144.9663725, -1.5629305 ], [ 144.966425500000014, -1.5629459 ], [ 144.966495900000012, -1.5629975 ], [ 144.966677, -1.5631932 ], [ 144.9667293, -1.563263 ], [ 144.966795, -1.5633809 ], [ 144.966847300000012, -1.5634962 ], [ 144.9669385, -1.5636625 ], [ 144.9670511, -1.5638367 ], [ 144.967145, -1.5639333 ], [ 144.967536599999988, -1.5642684 ], [ 144.9677888, -1.5644668 ], [ 144.9678934, -1.5645553 ], [ 144.9680597, -1.5647618 ], [ 144.9681857, -1.564987 ], [ 144.968411, -1.5653516 ], [ 144.968684599999989, -1.5657699 ], [ 144.9689046, -1.5661721 ], [ 144.9690682, -1.5664724 ], [ 144.9694236, -1.5670167 ], [ 144.969871500000011, -1.5676172 ], [ 144.969973399999986, -1.567813 ], [ 144.9700968, -1.5682406 ], [ 144.970190699999989, -1.5686777 ], [ 144.9702215, -1.5692126 ], [ 144.9702403, -1.5696979 ], [ 144.9703006, -1.5699968 ], [ 144.9704227, -1.5702971 ], [ 144.9707915, -1.5710143 ], [ 144.9710905, -1.5715184 ], [ 144.971411100000012, -1.5721257 ], [ 144.9715036, -1.5722839 ] ] ] ] } },
{ "type": "Feature", "properties": { "FID": 122845, "id": 2323, "left": 140.0, "top": 0.0, "right": 145.0, "bottom": -5.0, "row_index": 18, "col_index": 64, "min_lon": 140.0, "min_lat": -5.0, "tile_id": "140_-5" }, "geometry": { "type": "MultiPolygon", "coordinates": [ [ [ [ 144.9841389, -1.5863399 ], [ 144.9843091, -1.5864418 ], [ 144.984711299999987, -1.5867731 ], [ 144.9850452, -1.5870118 ], [ 144.9854231, -1.5871566 ], [ 144.985861699999987, -1.5872858 ], [ 144.9862771, -1.5874181 ], [ 144.9867744, -1.587731 ], [ 144.987387500000011, -1.5880735 ], [ 144.9878795, -1.5882491 ], [ 144.9884836, -1.588372 ], [ 144.9890867, -1.5884286 ], [ 144.9896526, -1.5884763 ], [ 144.9903371, -1.5886265 ], [ 144.9907455, -1.5888534 ], [ 144.9914857, -1.5892018 ], [ 144.9927968, -1.5896864 ], [ 144.993407499999989, -1.5900051 ], [ 144.9942388, -1.5903659 ], [ 144.994593900000012, -1.5904976 ], [ 144.9948276, -1.5905328 ], [ 144.995053399999989, -1.5905897 ], [ 144.9954419, -1.5907399 ], [ 144.9956038, -1.5907377 ], [ 144.9957042, -1.5907936 ], [ 144.995878299999987, -1.590881 ], [ 144.9960951, -1.5909959 ], [ 144.9962812, -1.5912 ], [ 144.9962726, -1.5913731 ], [ 144.9961429, -1.5915313 ], [ 144.995936199999989, -1.59163 ], [ 144.9957116, -1.5916239 ], [ 144.9955, -1.5916504 ], [ 144.995250700000014, -1.5916322 ], [ 144.9949023, -1.5915461 ], [ 144.9945055, -1.5914364 ], [ 144.9939707, -1.5913418 ], [ 144.993734499999988, -1.5913403 ], [ 144.993438700000013, -1.5912706 ], [ 144.9928868, -1.5911959 ], [ 144.9926117, -1.591178 ], [ 144.9924394, -1.5911441 ], [ 144.9921149, -1.5911469 ], [ 144.991892799999988, -1.5911029 ], [ 144.9912234, -1.5910208 ], [ 144.9907044, -1.590956 ], [ 144.990095700000012, -1.5908356 ], [ 144.989384199999989, -1.5906654 ], [ 144.9887837, -1.590525 ], [ 144.988448799999986, -1.5903842 ], [ 144.9880666, -1.5902871 ], [ 144.9875754, -1.590051 ], [ 144.9870843, -1.5897287 ], [ 144.9866453, -1.5894156 ], [ 144.986218900000011, -1.5891524 ], [ 144.985980399999988, -1.5889343 ], [ 144.985700400000013, -1.5886752 ], [ 144.985382, -1.5884131 ], [ 144.9852206, -1.5881916 ], [ 144.9850059, -1.5879863 ], [ 144.984845, -1.5877836 ], [ 144.984554800000012, -1.5874817 ], [ 144.984321599999987, -1.5871855 ], [ 144.9841246, -1.5869579 ], [ 144.9839571, -1.5867939 ], [ 144.9837439, -1.5866226 ], [ 144.9834926, -1.5864464 ], [ 144.9832327, -1.5863291 ], [ 144.9831397, -1.5862022 ], [ 144.9829134, -1.5859997 ], [ 144.982693500000011, -1.5858202 ], [ 144.9824894, -1.5855985 ], [ 144.982247, -1.5853114 ], [ 144.981936499999989, -1.5850864 ], [ 144.9816478, -1.5848913 ], [ 144.9813039, -1.5846992 ], [ 144.981080600000013, -1.584524 ], [ 144.9807429, -1.5843494 ], [ 144.9802589, -1.5841202 ], [ 144.979876100000013, -1.5839857 ], [ 144.979622299999988, -1.5838382 ], [ 144.9793927, -1.5836239 ], [ 144.979167100000012, -1.5834646 ], [ 144.978894, -1.5833393 ], [ 144.978694100000013, -1.583255 ], [ 144.9785789, -1.5831798 ], [ 144.9785626, -1.5830562 ], [ 144.978460500000011, -1.5829371 ], [ 144.978359, -1.5828183 ], [ 144.978386300000011, -1.582703 ], [ 144.978336500000012, -1.5825201 ], [ 144.9781156, -1.5824938 ], [ 144.9779589, -1.582381 ], [ 144.9777627, -1.5821304 ], [ 144.977374700000013, -1.5816224 ], [ 144.977188, -1.5814163 ], [ 144.9770617, -1.5815074 ], [ 144.976828500000011, -1.5810095 ], [ 144.976706299999989, -1.58076 ], [ 144.9763292, -1.5800173 ], [ 144.9760996, -1.5795229 ], [ 144.975939399999987, -1.5789381 ], [ 144.9757658, -1.5785879 ], [ 144.975800099999987, -1.5783354 ], [ 144.9760804, -1.5786391 ], [ 144.9763087, -1.5788317 ], [ 144.9765682, -1.579065 ], [ 144.976687199999986, -1.5791223 ], [ 144.9768694, -1.5792418 ], [ 144.9770584, -1.5794583 ], [ 144.97725, -1.5796793 ], [ 144.9775568, -1.5797944 ], [ 144.9777388, -1.5799962 ], [ 144.9780347, -1.5801577 ], [ 144.978163099999989, -1.5803119 ], [ 144.9783335, -1.5807644 ], [ 144.9788512, -1.5811776 ], [ 144.9793775, -1.5815446 ], [ 144.9800066, -1.5819477 ], [ 144.9802472, -1.5821731 ], [ 144.980387400000012, -1.5824084 ], [ 144.9805447, -1.5827318 ], [ 144.980737299999987, -1.5828441 ], [ 144.9809707, -1.5832301 ], [ 144.9812303, -1.5833501 ], [ 144.9815781, -1.5836956 ], [ 144.98207450000001, -1.5840653 ], [ 144.9823731, -1.5843838 ], [ 144.9830034, -1.585051 ], [ 144.9832337, -1.5854026 ], [ 144.983609199999989, -1.5857714 ], [ 144.983834, -1.5860602 ], [ 144.9841389, -1.5863399 ] ] ] ] } },
{ "type": "Feature", "properties": { "FID": 122846, "id": 2323, "left": 140.0, "top": 0.0, "right": 145.0, "bottom": -5.0, "row_index": 18, "col_index": 64, "min_lon": 140.0, "min_lat": -5.0, "tile_id": "140_-5" }, "geometry": { "type": "MultiPolygon", "coordinates": [ [ [ [ 144.47731730000001, -1.1199548 ], [ 144.4775299, -1.1200648 ], [ 144.4777894, -1.1206627 ], [ 144.477102699999989, -1.122261 ], [ 144.476684299999988, -1.1237521 ], [ 144.4763946, -1.1245566 ], [ 144.4755041, -1.1244707 ], [ 144.4748432, -1.1231987 ], [ 144.4751072, -1.1219929 ], [ 144.4758582, -1.1207807 ], [ 144.4766629, -1.1198261 ], [ 144.47731730000001, -1.1199548 ] ] ] ] } },
{ "type": "Feature", "properties": { "FID": 122847, "id": 2323, "left": 140.0, "top": 0.0, "right": 145.0, "bottom": -5.0, "row_index": 18, "col_index": 64, "min_lon": 140.0, "min_lat": -5.0, "tile_id": "140_-5" }, "geometry": { "type": "MultiPolygon", "coordinates": [ [ [ [ 144.4841409, -1.1345646 ], [ 144.484312499999987, -1.1352082 ], [ 144.4848864, -1.1356704 ], [ 144.4864857, -1.1359262 ], [ 144.4874883, -1.1360127 ], [ 144.488021, -1.1361181 ], [ 144.4885327, -1.1372693 ], [ 144.4898761, -1.1375251 ], [ 144.490556700000013, -1.138555 ], [ 144.49235920000001, -1.1390484 ], [ 144.4937782, -1.1391241 ], [ 144.495505400000013, -1.1391241 ], [ 144.495910400000014, -1.1396598 ], [ 144.495706500000011, -1.1403785 ], [ 144.4948703, -1.1409948 ], [ 144.493839900000012, -1.1409742 ], [ 144.4925201, -1.1408505 ], [ 144.4914365, -1.1403141 ], [ 144.489591100000013, -1.138984 ], [ 144.488046200000014, -1.1379543 ], [ 144.486097300000012, -1.1367211 ], [ 144.4833717, -1.1356658 ], [ 144.4818913, -1.1352386 ], [ 144.480525199999988, -1.1342857 ], [ 144.4799137, -1.1334383 ], [ 144.4795382, -1.1323978 ], [ 144.4794202, -1.1314324 ], [ 144.4795167, -1.1306923 ], [ 144.4797528, -1.1305421 ], [ 144.479960799999986, -1.1308096 ], [ 144.479978100000011, -1.1316469 ], [ 144.4800424, -1.1321726 ], [ 144.4804086, -1.1328563 ], [ 144.4818799, -1.133304 ], [ 144.483479100000011, -1.1340075 ], [ 144.4841409, -1.1345646 ] ] ] ] } },
{ "type": "Feature", "properties": { "FID": 122848, "id": 2323, "left": 140.0, "top": 0.0, "right": 145.0, "bottom": -5.0, "row_index": 18, "col_index": 64, "min_lon": 140.0, "min_lat": -5.0, "tile_id": "140_-5" }, "geometry": { "type": "MultiPolygon", "coordinates": [ [ [ [ 144.5097721, -1.1280374 ], [ 144.509697, -1.1287722 ], [ 144.5095682, -1.1297 ], [ 144.5094019, -1.1305206 ], [ 144.5092195, -1.1313144 ], [ 144.508919100000014, -1.1322477 ], [ 144.5085972, -1.1331219 ], [ 144.5081681, -1.1340819 ], [ 144.5078409, -1.1346612 ], [ 144.5073098, -1.1353852 ], [ 144.506462199999987, -1.1364418 ], [ 144.50573270000001, -1.1373428 ], [ 144.50497630000001, -1.1381795 ], [ 144.5038605, -1.1392951 ], [ 144.5033884, -1.1397242 ], [ 144.50273390000001, -1.1402605 ], [ 144.5021385, -1.1406735 ], [ 144.5017174, -1.1408505 ], [ 144.5015699, -1.14088 ], [ 144.5014223, -1.1408773 ], [ 144.5011461, -1.140829 ], [ 144.5008966, -1.140762 ], [ 144.50040580000001, -1.1407003 ], [ 144.4997835, -1.1407325 ], [ 144.499381199999988, -1.1408183 ], [ 144.4988984, -1.140888 ], [ 144.4982654, -1.1408129 ], [ 144.4978309, -1.140593 ], [ 144.4974339, -1.140282 ], [ 144.497214, -1.1399977 ], [ 144.497085199999987, -1.1396491 ], [ 144.4970745, -1.1393809 ], [ 144.49713890000001, -1.1391557 ], [ 144.4972837, -1.1390216 ], [ 144.4976404, -1.1387963 ], [ 144.4982707, -1.1385603 ], [ 144.498775, -1.1383887 ], [ 144.4992095, -1.1382332 ], [ 144.4997191, -1.1379972 ], [ 144.500062500000013, -1.1377236 ], [ 144.50058820000001, -1.1372409 ], [ 144.5014679, -1.1362273 ], [ 144.502229699999987, -1.1350151 ], [ 144.5033669, -1.1328162 ], [ 144.5037156, -1.1320868 ], [ 144.504166199999986, -1.1310248 ], [ 144.5044398, -1.1301881 ], [ 144.5048046, -1.1288526 ], [ 144.5050138, -1.1276459 ], [ 144.5051157, -1.1269647 ], [ 144.5051748, -1.1261817 ], [ 144.5052016, -1.1255059 ], [ 144.5051426, -1.1247389 ], [ 144.5050353, -1.1241865 ], [ 144.5047241, -1.1235322 ], [ 144.504348599999986, -1.1228242 ], [ 144.503774600000014, -1.1222342 ], [ 144.503329400000013, -1.1219607 ], [ 144.5031041, -1.1218802 ], [ 144.5028815, -1.1217462 ], [ 144.5027178, -1.1216013 ], [ 144.5025489, -1.1213359 ], [ 144.5023879, -1.1210328 ], [ 144.502202899999986, -1.120593 ], [ 144.5020553, -1.1202364 ], [ 144.5019346, -1.1199226 ], [ 144.5018756, -1.1197027 ], [ 144.5018435, -1.1195203 ], [ 144.501838099999986, -1.1194399 ], [ 144.5018528, -1.1193836 ], [ 144.501891699999987, -1.1193541 ], [ 144.5019373, -1.1193434 ], [ 144.502074099999987, -1.1193367 ], [ 144.5021868, -1.1193259 ], [ 144.502263199999987, -1.1192857 ], [ 144.502412099999987, -1.1191905 ], [ 144.502621299999987, -1.11911 ], [ 144.502986099999987, -1.1190591 ], [ 144.503426, -1.1189786 ], [ 144.5043164, -1.1187748 ], [ 144.5050406, -1.1186515 ], [ 144.5054859, -1.1186997 ], [ 144.5057541, -1.1188231 ], [ 144.5061618, -1.1191503 ], [ 144.5068109, -1.1198475 ], [ 144.5073688, -1.1205555 ], [ 144.508162700000014, -1.1216657 ], [ 144.508688400000011, -1.1226579 ], [ 144.5089084, -1.1230709 ], [ 144.5092142, -1.1236394 ], [ 144.509519899999987, -1.1243367 ], [ 144.5096433, -1.1249374 ], [ 144.5097345, -1.1255005 ], [ 144.5097989, -1.1262353 ], [ 144.5098418, -1.1269004 ], [ 144.5097721, -1.1280374 ] ] ] ] } },
{ "type": "Feature", "properties": { "FID": 122849, "id": 2323, "left": 140.0, "top": 0.0, "right": 145.0, "bottom": -5.0, "row_index": 18, "col_index": 64, "min_lon": 140.0, "min_lat": -5.0, "tile_id": "140_-5" }, "geometry": { "type": "MultiPolygon", "coordinates": [ [ [ [ 144.5074332, -1.1156212 ], [ 144.5080662, -1.1160717 ], [ 144.5083773, -1.1169298 ], [ 144.5078838, -1.1178631 ], [ 144.507283, -1.1179167 ], [ 144.506489, -1.1176592 ], [ 144.506231500000013, -1.117198 ], [ 144.5057166, -1.1167046 ], [ 144.5057487, -1.1159322 ], [ 144.5060813, -1.1152243 ], [ 144.5067143, -1.1149239 ], [ 144.5074332, -1.1156212 ] ] ] ] } },
{ "type": "Feature", "properties": { "FID": 122850, "id": 2323, "left": 140.0, "top": 0.0, "right": 145.0, "bottom": -5.0, "row_index": 18, "col_index": 64, "min_lon": 140.0, "min_lat": -5.0, "tile_id": "140_-5" }, "geometry": { "type": "MultiPolygon", "coordinates": [ [ [ [ 144.5041716, -1.1120813 ], [ 144.50442910000001, -1.1131218 ], [ 144.504236, -1.114173 ], [ 144.5035064, -1.1146557 ], [ 144.5028949, -1.1144734 ], [ 144.5023692, -1.1144948 ], [ 144.502176, -1.1147201 ], [ 144.5019615, -1.1144305 ], [ 144.50194, -1.1140121 ], [ 144.5021653, -1.1136689 ], [ 144.502594499999987, -1.1133363 ], [ 144.5019936, -1.1129073 ], [ 144.5015323, -1.1134543 ], [ 144.501628899999986, -1.1141516 ], [ 144.501425, -1.1143339 ], [ 144.501006600000011, -1.1141301 ], [ 144.500824200000011, -1.1135616 ], [ 144.5006847, -1.1127571 ], [ 144.500159, -1.1116522 ], [ 144.4994509, -1.1109443 ], [ 144.499279199999989, -1.1105903 ], [ 144.49967620000001, -1.110129 ], [ 144.5004951, -1.1100874 ], [ 144.5020303, -1.1104711 ], [ 144.503309699999988, -1.1113665 ], [ 144.5041716, -1.1120813 ] ] ] ] } },
{ "type": "Feature", "properties": { "FID": 122851, "id": 2323, "left": 140.0, "top": 0.0, "right": 145.0, "bottom": -5.0, "row_index": 18, "col_index": 64, "min_lon": 140.0, "min_lat": -5.0, "tile_id": "140_-5" }, "geometry": { "type": "MultiPolygon", "coordinates": [ [ [ [ 144.495943, -1.1113307 ], [ 144.4977853, -1.1121494 ], [ 144.4991827, -1.1123602 ], [ 144.4998733, -1.113009 ], [ 144.499955199999988, -1.1138834 ], [ 144.5000303, -1.1144948 ], [ 144.50058820000001, -1.1153423 ], [ 144.500674, -1.1159108 ], [ 144.4999123, -1.1172516 ], [ 144.499332900000013, -1.1182814 ], [ 144.4994187, -1.1193112 ], [ 144.4990325, -1.1191717 ], [ 144.4985604, -1.118689 ], [ 144.4981635, -1.1180454 ], [ 144.495255899999989, -1.1140229 ], [ 144.4938934, -1.112918 ], [ 144.491887100000014, -1.1120706 ], [ 144.489398, -1.1118882 ], [ 144.4884753, -1.1123924 ], [ 144.486743499999989, -1.1132728 ], [ 144.4849393, -1.1154592 ], [ 144.4840443, -1.1156962 ], [ 144.483339699999988, -1.1154881 ], [ 144.4827032, -1.1156319 ], [ 144.482166799999987, -1.1154173 ], [ 144.481962900000013, -1.1148703 ], [ 144.48188780000001, -1.1142374 ], [ 144.4822419, -1.1135616 ], [ 144.4830572, -1.1121135 ], [ 144.4843018, -1.1107405 ], [ 144.4865441, -1.1090885 ], [ 144.4885397, -1.10793 ], [ 144.489408700000013, -1.1079729 ], [ 144.4925244, -1.1090385 ], [ 144.4942644, -1.1102153 ], [ 144.495943, -1.1113307 ] ] ] ] } },
{ "type": "Feature", "properties": { "FID": 122854, "id": 2323, "left": 140.0, "top": 0.0, "right": 145.0, "bottom": -5.0, "row_index": 18, "col_index": 64, "min_lon": 140.0, "min_lat": -5.0, "tile_id": "140_-5" }, "geometry": { "type": "MultiPolygon", "coordinates": [ [ [ [ 144.3979239, -1.0737434 ], [ 144.3988144, -1.0739043 ], [ 144.399662, -1.0746016 ], [ 144.3994152, -1.0751165 ], [ 144.39900750000001, -1.0755026 ], [ 144.39840670000001, -1.0759639 ], [ 144.3981492, -1.0762535 ], [ 144.398063400000012, -1.0768542 ], [ 144.398009800000011, -1.0774549 ], [ 144.3981278, -1.0779055 ], [ 144.398396, -1.0786027 ], [ 144.3981277, -1.0793777 ], [ 144.397462600000011, -1.0795252 ], [ 144.397366, -1.0793536 ], [ 144.397537699999987, -1.078828 ], [ 144.3973559, -1.0774836 ], [ 144.3966542, -1.0765717 ], [ 144.396593599999989, -1.0755455 ], [ 144.3967946, -1.0751687 ], [ 144.3968832, -1.0744943 ], [ 144.3972909, -1.0740223 ], [ 144.3979239, -1.0737434 ] ] ] ] } },
{ "type": "Feature", "properties": { "FID": 122855, "id": 2323, "left": 140.0, "top": 0.0, "right": 145.0, "bottom": -5.0, "row_index": 18, "col_index": 64, "min_lon": 140.0, "min_lat": -5.0, "tile_id": "140_-5" }, "geometry": { "type": "MultiPolygon", "coordinates": [ [ [ [ 144.3961108, -1.0824859 ], [ 144.3963343, -1.0808761 ], [ 144.3968296, -1.0798578 ], [ 144.3971407, -1.0800938 ], [ 144.3976021, -1.0803512 ], [ 144.398192200000011, -1.0804048 ], [ 144.398846600000013, -1.080083 ], [ 144.3990959, -1.0795629 ], [ 144.3997695, -1.0794619 ], [ 144.4011319, -1.0801796 ], [ 144.402344199999987, -1.0814883 ], [ 144.404372200000012, -1.0840077 ], [ 144.40545560000001, -1.0860579 ], [ 144.4056272, -1.0872486 ], [ 144.4057238, -1.090102 ], [ 144.405423399999989, -1.0914965 ], [ 144.405354499999987, -1.0927765 ], [ 144.404863299999988, -1.0944601 ], [ 144.4030391, -1.0932675 ], [ 144.401706, -1.0927765 ], [ 144.400434499999989, -1.0928802 ], [ 144.39955470000001, -1.09332 ], [ 144.399109900000013, -1.0943198 ], [ 144.397902499999987, -1.0944249 ], [ 144.3972158, -1.0940495 ], [ 144.3960142, -1.0933093 ], [ 144.3956719, -1.0926362 ], [ 144.3947589, -1.0907563 ], [ 144.3946087, -1.0887826 ], [ 144.3948555, -1.0870341 ], [ 144.395251, -1.0851301 ], [ 144.3961108, -1.0824859 ] ] ] ] } },
{ "type": "Feature", "properties": { "FID": 122856, "id": 2323, "left": 140.0, "top": 0.0, "right": 145.0, "bottom": -5.0, "row_index": 18, "col_index": 64, "min_lon": 140.0, "min_lat": -5.0, "tile_id": "140_-5" }, "geometry": { "type": "MultiPolygon", "coordinates": [ [ [ [ 144.4168067, -1.1004427 ], [ 144.4166994, -1.1016655 ], [ 144.4164204, -1.1029528 ], [ 144.4160235, -1.1034891 ], [ 144.4155836, -1.1025666 ], [ 144.415090099999986, -1.1018479 ], [ 144.4144356, -1.1010434 ], [ 144.4122577, -1.0981471 ], [ 144.4119143, -1.0977502 ], [ 144.4117963, -1.0974821 ], [ 144.4120753, -1.0969028 ], [ 144.4132769, -1.0967956 ], [ 144.414178099999987, -1.0967956 ], [ 144.415379800000011, -1.0975357 ], [ 144.4163668, -1.0989946 ], [ 144.4168067, -1.1004427 ] ] ] ] } },
{ "type": "Feature", "properties": { "FID": 122857, "id": 2323, "left": 140.0, "top": 0.0, "right": 145.0, "bottom": -5.0, "row_index": 18, "col_index": 64, "min_lon": 140.0, "min_lat": -5.0, "tile_id": "140_-5" }, "geometry": { "type": "MultiPolygon", "coordinates": [ [ [ [ 144.419446, -1.1070182 ], [ 144.419328, -1.1079944 ], [ 144.418723, -1.1087344 ], [ 144.4180834, -1.1082947 ], [ 144.417633599999988, -1.1067235 ], [ 144.4172251, -1.1053234 ], [ 144.4169032, -1.1041113 ], [ 144.4173968, -1.1038753 ], [ 144.4181364, -1.1042099 ], [ 144.419038300000011, -1.105141 ], [ 144.4193923, -1.1061601 ], [ 144.419446, -1.1070182 ] ] ] ] } },
{ "type": "Feature", "properties": { "FID": 122858, "id": 2323, "left": 140.0, "top": 0.0, "right": 145.0, "bottom": -5.0, "row_index": 18, "col_index": 64, "min_lon": 140.0, "min_lat": -5.0, "tile_id": "140_-5" }, "geometry": { "type": "MultiPolygon", "coordinates": [ [ [ [ 144.4205081, -1.1126284 ], [ 144.4201112, -1.1131969 ], [ 144.419660599999986, -1.1132291 ], [ 144.4188974, -1.1129505 ], [ 144.4186091, -1.1123387 ], [ 144.4186828, -1.1112346 ], [ 144.4186628, -1.1098394 ], [ 144.4187057, -1.1095283 ], [ 144.4191119, -1.1096795 ], [ 144.4201004, -1.1102685 ], [ 144.4205296, -1.1115879 ], [ 144.4205081, -1.1126284 ] ] ] ] } },
{ "type": "Feature", "properties": { "FID": 122859, "id": 2323, "left": 140.0, "top": 0.0, "right": 145.0, "bottom": -5.0, "row_index": 18, "col_index": 64, "min_lon": 140.0, "min_lat": -5.0, "tile_id": "140_-5" }, "geometry": { "type": "MultiPolygon", "coordinates": [ [ [ [ 144.4214201, -1.1189572 ], [ 144.4209373, -1.1196866 ], [ 144.4203794, -1.121596 ], [ 144.419714199999987, -1.1225399 ], [ 144.41880230000001, -1.1229583 ], [ 144.418909500000012, -1.1223254 ], [ 144.4192421, -1.1208022 ], [ 144.4196498, -1.1187856 ], [ 144.419692700000013, -1.1172838 ], [ 144.419487299999986, -1.1152027 ], [ 144.4195425, -1.1142588 ], [ 144.4196069, -1.1140658 ], [ 144.4203472, -1.1141516 ], [ 144.420787100000013, -1.114881 ], [ 144.4212484, -1.1157177 ], [ 144.4214845, -1.1170371 ], [ 144.4214201, -1.1189572 ] ] ] ] } },
{ "type": "Feature", "properties": { "FID": 122860, "id": 2323, "left": 140.0, "top": 0.0, "right": 145.0, "bottom": -5.0, "row_index": 18, "col_index": 64, "min_lon": 140.0, "min_lat": -5.0, "tile_id": "140_-5" }, "geometry": { "type": "MultiPolygon", "coordinates": [ [ [ [ 144.4184136, -1.1315605 ], [ 144.4179988, -1.131916 ], [ 144.4172878, -1.1320514 ], [ 144.416906899999987, -1.1318737 ], [ 144.416906899999987, -1.1314082 ], [ 144.41719470000001, -1.1308666 ], [ 144.417414799999989, -1.1299188 ], [ 144.417829500000011, -1.1288186 ], [ 144.4180919, -1.1279215 ], [ 144.4181596, -1.1274561 ], [ 144.4183289, -1.1271176 ], [ 144.4186082, -1.1272191 ], [ 144.4187775, -1.1274645 ], [ 144.4189553, -1.1281754 ], [ 144.419023, -1.129191 ], [ 144.4186421, -1.1308751 ], [ 144.4184136, -1.1315605 ] ] ] ] } },
{ "type": "Feature", "properties": { "FID": 122861, "id": 2323, "left": 140.0, "top": 0.0, "right": 145.0, "bottom": -5.0, "row_index": 18, "col_index": 64, "min_lon": 140.0, "min_lat": -5.0, "tile_id": "140_-5" }, "geometry": { "type": "MultiPolygon", "coordinates": [ [ [ [ 144.4129872, -1.1464605 ], [ 144.414037400000012, -1.1441363 ], [ 144.4149721, -1.141773 ], [ 144.415562099999988, -1.1398207 ], [ 144.4159484, -1.1378899 ], [ 144.4162059, -1.1356319 ], [ 144.4162863, -1.1340873 ], [ 144.4163936, -1.1330629 ], [ 144.4165331, -1.1327411 ], [ 144.416763800000012, -1.1325587 ], [ 144.4173753, -1.1323925 ], [ 144.4178206, -1.1324086 ], [ 144.418286599999988, -1.1326861 ], [ 144.4187111, -1.1331004 ], [ 144.4192529, -1.1338459 ], [ 144.4196016, -1.1343286 ], [ 144.4198187, -1.1347003 ], [ 144.4200951, -1.1353048 ], [ 144.420733399999989, -1.1371927 ], [ 144.4212162, -1.1388231 ], [ 144.4216132, -1.1404965 ], [ 144.422063799999989, -1.1426526 ], [ 144.4223242, -1.1448556 ], [ 144.4222569, -1.1464284 ], [ 144.4219458, -1.1479086 ], [ 144.421280599999989, -1.1497965 ], [ 144.420443799999987, -1.1514699 ], [ 144.4197571, -1.1525104 ], [ 144.4189927, -1.1533203 ], [ 144.41822830000001, -1.1540309 ], [ 144.4176409, -1.1544814 ], [ 144.4170964, -1.1549078 ], [ 144.4163936, -1.1554146 ], [ 144.415846499999986, -1.1558813 ], [ 144.415562200000011, -1.1561896 ], [ 144.4152322, -1.1566026 ], [ 144.414623400000011, -1.1572677 ], [ 144.4135183, -1.1583242 ], [ 144.4126493, -1.1591234 ], [ 144.4117105, -1.159885 ], [ 144.410755599999987, -1.1606412 ], [ 144.409985799999987, -1.1612178 ], [ 144.409162400000014, -1.1617675 ], [ 144.4083899, -1.1622824 ], [ 144.407177600000011, -1.1630708 ], [ 144.406529400000011, -1.1634652 ], [ 144.4052678, -1.1641434 ], [ 144.4046026, -1.164535 ], [ 144.4038463, -1.1650016 ], [ 144.403229399999987, -1.165259 ], [ 144.4026232, -1.1653931 ], [ 144.4019902, -1.1654092 ], [ 144.401378599999987, -1.1653314 ], [ 144.4010648, -1.1652295 ], [ 144.4006383, -1.1649828 ], [ 144.4005123, -1.1648004 ], [ 144.4004828, -1.1646208 ], [ 144.4005281, -1.1644892 ], [ 144.400791199999986, -1.1641569 ], [ 144.4009173, -1.1640067 ], [ 144.40102730000001, -1.1638324 ], [ 144.4011372, -1.1636393 ], [ 144.4012311, -1.1635428 ], [ 144.4013706, -1.1634623 ], [ 144.401722, -1.1633336 ], [ 144.4021162, -1.1632156 ], [ 144.4025025, -1.1630949 ], [ 144.4027948, -1.163052 ], [ 144.402958500000011, -1.1630681 ], [ 144.4030979, -1.1631378 ], [ 144.4033045, -1.1632236 ], [ 144.4035378, -1.1632558 ], [ 144.4038382, -1.1632719 ], [ 144.4039991, -1.163347 ], [ 144.4042356, -1.1635329 ], [ 144.4043881, -1.1636902 ], [ 144.404543600000011, -1.1637761 ], [ 144.4046482, -1.1638002 ], [ 144.404814499999986, -1.1637975 ], [ 144.4049755, -1.1637546 ], [ 144.405038499999989, -1.1637077 ], [ 144.4050653, -1.1636581 ], [ 144.4050492, -1.1635723 ], [ 144.404984899999988, -1.1634931 ], [ 144.4047448, -1.1632652 ], [ 144.4045477, -1.1630788 ], [ 144.4045047, -1.1630292 ], [ 144.4044484, -1.1630024 ], [ 144.4043881, -1.1630064 ], [ 144.4043103, -1.1630239 ], [ 144.4042459, -1.1630306 ], [ 144.404146700000013, -1.1630078 ], [ 144.403950900000012, -1.1629059 ], [ 144.403842200000014, -1.1628066 ], [ 144.403788600000013, -1.1626752 ], [ 144.403714799999989, -1.1624379 ], [ 144.4036907, -1.1622502 ], [ 144.403714799999989, -1.1621402 ], [ 144.403739, -1.1620652 ], [ 144.4037229, -1.1619659 ], [ 144.403653100000014, -1.1618909 ], [ 144.4034761, -1.1618024 ], [ 144.4033876, -1.1617246 ], [ 144.4033018, -1.1615905 ], [ 144.403167700000012, -1.1612419 ], [ 144.4031167, -1.1610113 ], [ 144.4031301, -1.1609147 ], [ 144.403181100000012, -1.1608289 ], [ 144.4033018, -1.1607458 ], [ 144.4033661, -1.1607163 ], [ 144.4033849, -1.1606814 ], [ 144.403363500000012, -1.1606332 ], [ 144.403269599999987, -1.1605822 ], [ 144.403127399999988, -1.1605125 ], [ 144.403073799999987, -1.1604428 ], [ 144.4030765, -1.1603623 ], [ 144.4031382, -1.1602202 ], [ 144.4032401, -1.1601156 ], [ 144.403323199999988, -1.1600459 ], [ 144.403401, -1.1600325 ], [ 144.403512299999988, -1.1600512 ], [ 144.4035619, -1.1600459 ], [ 144.4035821, -1.1600124 ], [ 144.40357130000001, -1.1599614 ], [ 144.403507, -1.1599011 ], [ 144.4033594, -1.1598112 ], [ 144.403248100000013, -1.1596798 ], [ 144.403201200000012, -1.1595578 ], [ 144.4031918, -1.15948 ], [ 144.403224, -1.1593151 ], [ 144.403342, -1.1590992 ], [ 144.403511, -1.158941 ], [ 144.403653100000014, -1.1588364 ], [ 144.403822100000014, -1.1587319 ], [ 144.4038865, -1.1586407 ], [ 144.4038919, -1.1585173 ], [ 144.403870399999988, -1.1583457 ], [ 144.4038945, -1.1582277 ], [ 144.40411180000001, -1.1579488 ], [ 144.404227100000014, -1.1578871 ], [ 144.4043398, -1.157863 ], [ 144.4044524, -1.1578389 ], [ 144.4045141, -1.1577946 ], [ 144.4045289, -1.1577289 ], [ 144.4045141, -1.1576351 ], [ 144.404427, -1.1574286 ], [ 144.4044068, -1.157273 ], [ 144.404410899999988, -1.1571041 ], [ 144.404471199999989, -1.1569258 ], [ 144.404553, -1.1568306 ], [ 144.4046777, -1.1567675 ], [ 144.4047984, -1.1567407 ], [ 144.4048735, -1.1567193 ], [ 144.4049205, -1.1566737 ], [ 144.40495, -1.1565999 ], [ 144.4050358, -1.1564256 ], [ 144.405124300000011, -1.156321 ], [ 144.4052625, -1.1562379 ], [ 144.4054784, -1.1561601 ], [ 144.4056702, -1.156128 ], [ 144.4057775, -1.1561172 ], [ 144.4058324, -1.1560958 ], [ 144.405867300000011, -1.1560515 ], [ 144.4058861, -1.1559349 ], [ 144.4059303, -1.1558759 ], [ 144.406089900000012, -1.1557954 ], [ 144.4062079, -1.1557525 ], [ 144.406320599999987, -1.1557338 ], [ 144.406468100000012, -1.1557606 ], [ 144.4065647, -1.1557861 ], [ 144.4066358, -1.1557847 ], [ 144.4067819, -1.1557431 ], [ 144.4069965, -1.155652 ], [ 144.4072956, -1.1554991 ], [ 144.407431, -1.1554227 ], [ 144.4075477, -1.1553221 ], [ 144.4076939, -1.1551451 ], [ 144.4079098, -1.1549212 ], [ 144.408258499999988, -1.1545726 ], [ 144.40852670000001, -1.1542347 ], [ 144.408913, -1.1536501 ], [ 144.4100582, -1.1519526 ], [ 144.4111526, -1.1501827 ], [ 144.4120002, -1.1485952 ], [ 144.4129872, -1.1464605 ] ] ] ] } },
{ "type": "Feature", "properties": { "FID": 122862, "id": 2323, "left": 140.0, "top": 0.0, "right": 145.0, "bottom": -5.0, "row_index": 18, "col_index": 64, "min_lon": 140.0, "min_lat": -5.0, "tile_id": "140_-5" }, "geometry": { "type": "MultiPolygon", "coordinates": [ [ [ [ 144.3975413, -1.1641397 ], [ 144.398685699999987, -1.1646637 ], [ 144.3994582, -1.1657042 ], [ 144.399029, -1.166219 ], [ 144.396990499999987, -1.1669163 ], [ 144.3951559, -1.1672273 ], [ 144.3938255, -1.1671523 ], [ 144.3924522, -1.1668841 ], [ 144.3921947, -1.1662619 ], [ 144.392736899999989, -1.1658002 ], [ 144.3940418, -1.1646141 ], [ 144.3958805, -1.1640211 ], [ 144.3975413, -1.1641397 ] ] ] ] } },
{ "type": "Feature", "properties": { "FID": 122863, "id": 2323, "left": 140.0, "top": 0.0, "right": 145.0, "bottom": -5.0, "row_index": 18, "col_index": 64, "min_lon": 140.0, "min_lat": -5.0, "tile_id": "140_-5" }, "geometry": { "type": "MultiPolygon", "coordinates": [ [ [ [ 144.3863547, -1.1650192 ], [ 144.387351200000012, -1.1657308 ], [ 144.3883951, -1.1667271 ], [ 144.3903101, -1.1669209 ], [ 144.3884013, -1.1674134 ], [ 144.3868478, -1.167703 ], [ 144.384997199999987, -1.167703 ], [ 144.383478700000012, -1.1671812 ], [ 144.3826535, -1.1665373 ], [ 144.3839347, -1.1654936 ], [ 144.3844378, -1.1651142 ], [ 144.385310800000013, -1.1649243 ], [ 144.3863547, -1.1650192 ] ] ] ] } },
{ "type": "Feature", "properties": { "FID": 122864, "id": 2323, "left": 140.0, "top": 0.0, "right": 145.0, "bottom": -5.0, "row_index": 18, "col_index": 64, "min_lon": 140.0, "min_lat": -5.0, "tile_id": "140_-5" }, "geometry": { "type": "MultiPolygon", "coordinates": [ [ [ [ 144.3818559, -1.1659143 ], [ 144.3813388, -1.1661528 ], [ 144.3801774, -1.1661742 ], [ 144.379445800000013, -1.1654948 ], [ 144.3799368, -1.1648632 ], [ 144.3804896, -1.1645457 ], [ 144.3810756, -1.1645786 ], [ 144.3817874, -1.1653851 ], [ 144.3818559, -1.1659143 ] ] ] ] } },
{ "type": "Feature", "properties": { "FID": 122884, "id": 2323, "left": 140.0, "top": 0.0, "right": 145.0, "bottom": -5.0, "row_index": 18, "col_index": 64, "min_lon": 140.0, "min_lat": -5.0, "tile_id": "140_-5" }, "geometry": { "type": "MultiPolygon", "coordinates": [ [ [ [ 144.227698299999986, -1.2174845 ], [ 144.2296858, -1.2174845 ], [ 144.231077, -1.2188092 ], [ 144.2310108, -1.2206638 ], [ 144.2293545, -1.2224521 ], [ 144.2274333, -1.2237768 ], [ 144.222332099999988, -1.2248365 ], [ 144.2190196, -1.2251015 ], [ 144.217164700000012, -1.224108 ], [ 144.217363400000011, -1.2225846 ], [ 144.2193509, -1.2200677 ], [ 144.222332099999988, -1.2186767 ], [ 144.226307100000014, -1.217617 ], [ 144.227698299999986, -1.2174845 ] ] ] ] } },
{ "type": "Feature", "properties": { "FID": 122885, "id": 2323, "left": 140.0, "top": 0.0, "right": 145.0, "bottom": -5.0, "row_index": 18, "col_index": 64, "min_lon": 140.0, "min_lat": -5.0, "tile_id": "140_-5" }, "geometry": { "type": "MultiPolygon", "coordinates": [ [ [ [ 144.2734495, -1.2168115 ], [ 144.2746095, -1.2182154 ], [ 144.275098, -1.2206571 ], [ 144.2763191, -1.2223663 ], [ 144.2757696, -1.2241975 ], [ 144.2734495, -1.2251742 ], [ 144.2704578, -1.2255404 ], [ 144.267221799999987, -1.2242586 ], [ 144.2649628, -1.2229767 ], [ 144.2648407, -1.2218169 ], [ 144.2656955, -1.2208402 ], [ 144.2666113, -1.2191921 ], [ 144.267405, -1.2169336 ], [ 144.268565099999989, -1.216079 ], [ 144.2709462, -1.2163231 ], [ 144.2734495, -1.2168115 ] ] ] ] } },
{ "type": "Feature", "properties": { "FID": 122886, "id": 2323, "left": 140.0, "top": 0.0, "right": 145.0, "bottom": -5.0, "row_index": 18, "col_index": 64, "min_lon": 140.0, "min_lat": -5.0, "tile_id": "140_-5" }, "geometry": { "type": "MultiPolygon", "coordinates": [ [ [ [ 144.288388700000013, -1.2195005 ], [ 144.289616599999988, -1.2194638 ], [ 144.2907892, -1.2196804 ], [ 144.2912722, -1.2197723 ], [ 144.2917229, -1.2200023 ], [ 144.2926567, -1.2203243 ], [ 144.293004700000012, -1.2204718 ], [ 144.2946009, -1.2206744 ], [ 144.2953028, -1.2206029 ], [ 144.2957374, -1.2203493 ], [ 144.29630610000001, -1.2196148 ], [ 144.296733499999988, -1.219149 ], [ 144.2973222, -1.2188259 ], [ 144.297597, -1.2189368 ], [ 144.2977573, -1.2193115 ], [ 144.2976392, -1.2197557 ], [ 144.297365, -1.2198736 ], [ 144.2971068, -1.2203385 ], [ 144.2970489, -1.2206342 ], [ 144.2968027, -1.2210941 ], [ 144.2962336, -1.2215117 ], [ 144.2961446, -1.2216707 ], [ 144.2959382, -1.2218679 ], [ 144.294826699999987, -1.2225357 ], [ 144.2946317, -1.2226916 ], [ 144.2939753, -1.2229561 ], [ 144.293491, -1.223255 ], [ 144.2932573, -1.2233709 ], [ 144.2929589, -1.2234379 ], [ 144.2928647, -1.2236416 ], [ 144.2922245, -1.2237507 ], [ 144.290369199999986, -1.2240075 ], [ 144.2889396, -1.2239991 ], [ 144.2874498, -1.2235668 ], [ 144.2864381, -1.2231362 ], [ 144.284332299999988, -1.2220081 ], [ 144.283777, -1.2216971 ], [ 144.283537200000012, -1.2213323 ], [ 144.28349080000001, -1.221055 ], [ 144.283667900000012, -1.2207455 ], [ 144.2841307, -1.220512 ], [ 144.285273499999988, -1.2201146 ], [ 144.2864901, -1.2196205 ], [ 144.2881951, -1.2193913 ], [ 144.288388700000013, -1.2195005 ] ] ] ] } },
{ "type": "Feature", "properties": { "FID": 122887, "id": 2323, "left": 140.0, "top": 0.0, "right": 145.0, "bottom": -5.0, "row_index": 18, "col_index": 64, "min_lon": 140.0, "min_lat": -5.0, "tile_id": "140_-5" }, "geometry": { "type": "MultiPolygon", "coordinates": [ [ [ [ 144.3157411, -1.2366384 ], [ 144.3159234, -1.2378826 ], [ 144.3156016, -1.2386335 ], [ 144.3149578, -1.2389445 ], [ 144.3139414, -1.2389451 ], [ 144.3134129, -1.2383546 ], [ 144.313219800000013, -1.2379791 ], [ 144.313282, -1.2374801 ], [ 144.314381, -1.2367476 ], [ 144.3157411, -1.2366384 ] ] ] ] } },
{ "type": "Feature", "properties": { "FID": 122888, "id": 2323, "left": 140.0, "top": 0.0, "right": 145.0, "bottom": -5.0, "row_index": 18, "col_index": 64, "min_lon": 140.0, "min_lat": -5.0, "tile_id": "140_-5" }, "geometry": { "type": "MultiPolygon", "coordinates": [ [ [ [ 144.3545966, -1.223936 ], [ 144.355427, -1.2237131 ], [ 144.355545, -1.2245712 ], [ 144.353989399999989, -1.2269739 ], [ 144.3530345, -1.2272421 ], [ 144.3527341, -1.226459 ], [ 144.3528761, -1.2262295 ], [ 144.353131, -1.2253006 ], [ 144.3540645, -1.2244425 ], [ 144.3545966, -1.223936 ] ] ] ] } },
{ "type": "Feature", "properties": { "FID": 122889, "id": 2323, "left": 140.0, "top": 0.0, "right": 145.0, "bottom": -5.0, "row_index": 18, "col_index": 64, "min_lon": 140.0, "min_lat": -5.0, "tile_id": "140_-5" }, "geometry": { "type": "MultiPolygon", "coordinates": [ [ [ [ 144.3563014, -1.241787 ], [ 144.3566179, -1.2418621 ], [ 144.356655499999988, -1.2420015 ], [ 144.356693, -1.2421785 ], [ 144.357267, -1.2427148 ], [ 144.35768010000001, -1.2432029 ], [ 144.3577123, -1.2435837 ], [ 144.3574548, -1.2445168 ], [ 144.3572617, -1.2450049 ], [ 144.3569076, -1.2450692 ], [ 144.356580400000013, -1.2449137 ], [ 144.3563229, -1.2446831 ], [ 144.35598490000001, -1.2444418 ], [ 144.3554002, -1.2442701 ], [ 144.354668299999986, -1.2438605 ], [ 144.3546814, -1.2432404 ], [ 144.3548423, -1.2430259 ], [ 144.355073, -1.2427416 ], [ 144.355459200000013, -1.2421624 ], [ 144.3557328, -1.2418782 ], [ 144.3563014, -1.241787 ] ] ] ] } },
{ "type": "Feature", "properties": { "FID": 122890, "id": 2323, "left": 140.0, "top": 0.0, "right": 145.0, "bottom": -5.0, "row_index": 18, "col_index": 64, "min_lon": 140.0, "min_lat": -5.0, "tile_id": "140_-5" }, "geometry": { "type": "MultiPolygon", "coordinates": [ [ [ [ 144.359225, -1.2600324 ], [ 144.3595469, -1.2614375 ], [ 144.3594718, -1.2626389 ], [ 144.359139199999987, -1.2639689 ], [ 144.3586242, -1.2655135 ], [ 144.358238, -1.2670259 ], [ 144.3578946, -1.2675193 ], [ 144.3573924, -1.268085 ], [ 144.357025599999986, -1.2679054 ], [ 144.3568218, -1.2674549 ], [ 144.356890600000014, -1.2671533 ], [ 144.3571758, -1.265846 ], [ 144.357487, -1.2640869 ], [ 144.357965900000011, -1.2619214 ], [ 144.358238, -1.2604293 ], [ 144.3584418, -1.25985 ], [ 144.358897899999988, -1.2595563 ], [ 144.359225, -1.2600324 ] ] ] ] } },
{ "type": "Feature", "properties": { "FID": 122891, "id": 2323, "left": 140.0, "top": 0.0, "right": 145.0, "bottom": -5.0, "row_index": 18, "col_index": 64, "min_lon": 140.0, "min_lat": -5.0, "tile_id": "140_-5" }, "geometry": { "type": "MultiPolygon", "coordinates": [ [ [ [ 144.35671450000001, -1.2709517 ], [ 144.3569612, -1.2722388 ], [ 144.3568754, -1.2724212 ], [ 144.356854, -1.2729146 ], [ 144.3570042, -1.2736225 ], [ 144.3568754, -1.2741481 ], [ 144.3566501, -1.2742661 ], [ 144.3567037, -1.2745021 ], [ 144.3552661, -1.2768296 ], [ 144.3541396, -1.2783313 ], [ 144.3533778, -1.2787282 ], [ 144.352841399999988, -1.2782884 ], [ 144.3528736, -1.277795 ], [ 144.353055899999987, -1.2772372 ], [ 144.353646, -1.2763362 ], [ 144.3541396, -1.2757785 ], [ 144.355257, -1.2734419 ], [ 144.35606, -1.2715953 ], [ 144.3561244, -1.270587 ], [ 144.3565255, -1.27043 ], [ 144.35671450000001, -1.2709517 ] ] ] ] } },
{ "type": "Feature", "properties": { "FID": 122892, "id": 2323, "left": 140.0, "top": 0.0, "right": 145.0, "bottom": -5.0, "row_index": 18, "col_index": 64, "min_lon": 140.0, "min_lat": -5.0, "tile_id": "140_-5" }, "geometry": { "type": "MultiPolygon", "coordinates": [ [ [ [ 144.333217, -1.2716981 ], [ 144.3318693, -1.2724907 ], [ 144.331155700000011, -1.272253 ], [ 144.330997200000013, -1.2708263 ], [ 144.3325035, -1.2698751 ], [ 144.333217, -1.2716981 ] ] ] ] } },
{ "type": "Feature", "properties": { "FID": 122893, "id": 2323, "left": 140.0, "top": 0.0, "right": 145.0, "bottom": -5.0, "row_index": 18, "col_index": 64, "min_lon": 140.0, "min_lat": -5.0, "tile_id": "140_-5" }, "geometry": { "type": "MultiPolygon", "coordinates": [ [ [ [ 144.3468743, -1.2862958 ], [ 144.3471289, -1.2862049 ], [ 144.34747, -1.2862485 ], [ 144.347906099999989, -1.2864939 ], [ 144.3479308, -1.2869477 ], [ 144.348086099999989, -1.2873362 ], [ 144.3479276, -1.2940558 ], [ 144.347713, -1.2967481 ], [ 144.3475628, -1.2992472 ], [ 144.3474769, -1.3003306 ], [ 144.346886899999987, -1.3019824 ], [ 144.3442905, -1.3066268 ], [ 144.3422735, -1.3088363 ], [ 144.341737, -1.3094906 ], [ 144.341168399999987, -1.3104023 ], [ 144.3404496, -1.3122901 ], [ 144.340256399999987, -1.3128157 ], [ 144.3393338, -1.3136416 ], [ 144.3386257, -1.3137488 ], [ 144.3393874, -1.3116895 ], [ 144.34007410000001, -1.3101556 ], [ 144.3406694, -1.3073653 ], [ 144.3415224, -1.3041705 ], [ 144.3432283, -1.3017464 ], [ 144.3440008, -1.3006094 ], [ 144.3456641, -1.2973786 ], [ 144.346339699999987, -1.2941845 ], [ 144.346774, -1.2899281 ], [ 144.3469727, -1.2892827 ], [ 144.3470156, -1.2881672 ], [ 144.346919, -1.2877918 ], [ 144.3467436, -1.2871411 ], [ 144.3465679, -1.2867701 ], [ 144.3466695, -1.2864983 ], [ 144.3468743, -1.2862958 ] ] ] ] } },
{ "type": "Feature", "properties": { "FID": 122894, "id": 2323, "left": 140.0, "top": 0.0, "right": 145.0, "bottom": -5.0, "row_index": 18, "col_index": 64, "min_lon": 140.0, "min_lat": -5.0, "tile_id": "140_-5" }, "geometry": { "type": "MultiPolygon", "coordinates": [ [ [ [ 144.299926199999987, -1.2635617 ], [ 144.3001506, -1.2649081 ], [ 144.2995895, -1.2656374 ], [ 144.298130500000013, -1.2658057 ], [ 144.2968399, -1.2651886 ], [ 144.2963349, -1.2644032 ], [ 144.297064400000011, -1.263169 ], [ 144.298916100000014, -1.2628324 ], [ 144.299926199999987, -1.2635617 ] ] ] ] } },
{ "type": "Feature", "properties": { "FID": 122895, "id": 2323, "left": 140.0, "top": 0.0, "right": 145.0, "bottom": -5.0, "row_index": 18, "col_index": 64, "min_lon": 140.0, "min_lat": -5.0, "tile_id": "140_-5" }, "geometry": { "type": "MultiPolygon", "coordinates": [ [ [ [ 144.263357500000012, -1.2919007 ], [ 144.262774900000011, -1.2926948 ], [ 144.2617688, -1.2924301 ], [ 144.260339, -1.2916359 ], [ 144.2602331, -1.2904183 ], [ 144.2608156, -1.2896241 ], [ 144.2620336, -1.2892535 ], [ 144.2634104, -1.2902594 ], [ 144.263357500000012, -1.2919007 ] ] ] ] } },
{ "type": "Feature", "properties": { "FID": 122896, "id": 2323, "left": 140.0, "top": 0.0, "right": 145.0, "bottom": -5.0, "row_index": 18, "col_index": 64, "min_lon": 140.0, "min_lat": -5.0, "tile_id": "140_-5" }, "geometry": { "type": "MultiPolygon", "coordinates": [ [ [ [ 144.2886173, -1.3102186 ], [ 144.289022499999987, -1.3103445 ], [ 144.2892928, -1.3105133 ], [ 144.289586899999989, -1.3108995 ], [ 144.2897755, -1.3113885 ], [ 144.289858, -1.3116135 ], [ 144.289886599999988, -1.3118673 ], [ 144.2897475, -1.3121107 ], [ 144.2894857, -1.3123112 ], [ 144.2891644, -1.3125158 ], [ 144.2887572, -1.3126713 ], [ 144.2885565, -1.3126633 ], [ 144.28802, -1.3125737 ], [ 144.287401100000011, -1.3125293 ], [ 144.2871207, -1.3123916 ], [ 144.2870016, -1.3122266 ], [ 144.286822, -1.3117183 ], [ 144.286814099999987, -1.311296 ], [ 144.2868966, -1.3109421 ], [ 144.2870203, -1.3107042 ], [ 144.2873338, -1.3104258 ], [ 144.2877086, -1.31027 ], [ 144.2886173, -1.3102186 ] ] ] ] } },
{ "type": "Feature", "properties": { "FID": 122897, "id": 2323, "left": 140.0, "top": 0.0, "right": 145.0, "bottom": -5.0, "row_index": 18, "col_index": 64, "min_lon": 140.0, "min_lat": -5.0, "tile_id": "140_-5" }, "geometry": { "type": "MultiPolygon", "coordinates": [ [ [ [ 144.1530664, -1.3200142 ], [ 144.1559763, -1.3224758 ], [ 144.1593339, -1.3240422 ], [ 144.1644076, -1.3263546 ], [ 144.167019, -1.3279211 ], [ 144.168138199999987, -1.3294875 ], [ 144.168362, -1.3308302 ], [ 144.1677968, -1.3317009 ], [ 144.1667, -1.3318837 ], [ 144.164706, -1.3307556 ], [ 144.162616899999989, -1.3297859 ], [ 144.156424, -1.3270259 ], [ 144.1534395, -1.3250865 ], [ 144.151425, -1.3226996 ], [ 144.150828100000012, -1.3203126 ], [ 144.150902699999989, -1.3168067 ], [ 144.1530664, -1.3200142 ] ] ] ] } },
{ "type": "Feature", "properties": { "FID": 122898, "id": 2323, "left": 140.0, "top": 0.0, "right": 145.0, "bottom": -5.0, "row_index": 18, "col_index": 64, "min_lon": 140.0, "min_lat": -5.0, "tile_id": "140_-5" }, "geometry": { "type": "MultiPolygon", "coordinates": [ [ [ [ 144.1722643, -1.3393624 ], [ 144.1724628, -1.3395394 ], [ 144.1726452, -1.3399685 ], [ 144.1725916, -1.3403171 ], [ 144.172607699999986, -1.3406549 ], [ 144.17279, -1.3412341 ], [ 144.172554, -1.3412073 ], [ 144.1725272, -1.3410303 ], [ 144.17238230000001, -1.3407461 ], [ 144.1721517, -1.3402849 ], [ 144.1720819, -1.3400114 ], [ 144.1720176, -1.339695 ], [ 144.1720283, -1.3393303 ], [ 144.1722643, -1.3393624 ] ] ] ] } },
{ "type": "Feature", "properties": { "FID": 122899, "id": 2323, "left": 140.0, "top": 0.0, "right": 145.0, "bottom": -5.0, "row_index": 18, "col_index": 64, "min_lon": 140.0, "min_lat": -5.0, "tile_id": "140_-5" }, "geometry": { "type": "MultiPolygon", "coordinates": [ [ [ [ 144.1756741, -1.3577579 ], [ 144.1754502, -1.3594735 ], [ 144.1750772, -1.3638744 ], [ 144.174181800000014, -1.3654409 ], [ 144.1734357, -1.3655901 ], [ 144.172988, -1.3647695 ], [ 144.1733611, -1.3614129 ], [ 144.174181800000014, -1.3588022 ], [ 144.175226400000014, -1.3566391 ], [ 144.1756741, -1.3577579 ] ] ] ] } },
{ "type": "Feature", "properties": { "FID": 122900, "id": 2323, "left": 140.0, "top": 0.0, "right": 145.0, "bottom": -5.0, "row_index": 18, "col_index": 64, "min_lon": 140.0, "min_lat": -5.0, "tile_id": "140_-5" }, "geometry": { "type": "MultiPolygon", "coordinates": [ [ [ [ 144.1728142, -1.385415 ], [ 144.1728732, -1.3855853 ], [ 144.1729483, -1.3859446 ], [ 144.1729885, -1.3863629 ], [ 144.1730154, -1.3867276 ], [ 144.1730905, -1.3873121 ], [ 144.1731924, -1.3876714 ], [ 144.173315800000012, -1.3879128 ], [ 144.173471299999989, -1.3883418 ], [ 144.1736484, -1.3892964 ], [ 144.1736966, -1.3897951 ], [ 144.1737556, -1.3904065 ], [ 144.1737181, -1.3908248 ], [ 144.1736966, -1.391286 ], [ 144.1737717, -1.3917579 ], [ 144.1739005, -1.3924658 ], [ 144.174174099999988, -1.3933507 ], [ 144.174313500000011, -1.3938494 ], [ 144.17465150000001, -1.3949971 ], [ 144.1748232, -1.3955655 ], [ 144.1752416, -1.3964958 ], [ 144.175428, -1.3967574 ], [ 144.1755782, -1.3968982 ], [ 144.17566, -1.3970283 ], [ 144.1757083, -1.3972361 ], [ 144.1757566, -1.3975257 ], [ 144.1757888, -1.3979895 ], [ 144.175853100000012, -1.3986277 ], [ 144.175922899999989, -1.3992552 ], [ 144.176035500000012, -1.3997056 ], [ 144.1762716, -1.4001937 ], [ 144.176711399999988, -1.4007353 ], [ 144.1773981, -1.4014217 ], [ 144.1787445, -1.4025801 ], [ 144.1791469, -1.4029823 ], [ 144.1798013, -1.4035079 ], [ 144.180450400000012, -1.4039369 ], [ 144.181153200000011, -1.4043552 ], [ 144.1817594, -1.4047628 ], [ 144.1823494, -1.4050899 ], [ 144.1826177, -1.4052025 ], [ 144.1830522, -1.4053795 ], [ 144.1834652, -1.405594 ], [ 144.18418410000001, -1.4060445 ], [ 144.185090699999989, -1.4065432 ], [ 144.1859972, -1.4069615 ], [ 144.186898500000012, -1.4073047 ], [ 144.1882288, -1.4077981 ], [ 144.1894519, -1.4082003 ], [ 144.1903049, -1.4083987 ], [ 144.190785, -1.4084872 ], [ 144.1912839, -1.4085784 ], [ 144.1919732, -1.4086481 ], [ 144.1927162, -1.4086723 ], [ 144.1933143, -1.4087017 ], [ 144.1939071, -1.4087312 ], [ 144.194620500000013, -1.4087312 ], [ 144.195296500000012, -1.4087017 ], [ 144.1956854, -1.4086562 ], [ 144.196093100000013, -1.4086186 ], [ 144.19640960000001, -1.4086133 ], [ 144.1966349, -1.4086052 ], [ 144.1968065, -1.4085771 ], [ 144.196944699999989, -1.4085342 ], [ 144.1982952, -1.4081279 ], [ 144.1989389, -1.4079322 ], [ 144.1993412, -1.4078035 ], [ 144.1997489, -1.4076694 ], [ 144.200347099999988, -1.4074227 ], [ 144.2008486, -1.4072163 ], [ 144.2012832, -1.4070071 ], [ 144.2020932, -1.4066371 ], [ 144.2029703, -1.4061839 ], [ 144.2040163, -1.4056289 ], [ 144.205057, -1.4049987 ], [ 144.205969, -1.4044839 ], [ 144.2065376, -1.4041005 ], [ 144.2073771, -1.4036473 ], [ 144.2081255, -1.4032585 ], [ 144.2088899, -1.4029046 ], [ 144.209547, -1.4026069 ], [ 144.2104295, -1.4021135 ], [ 144.2112717, -1.4016202 ], [ 144.21212460000001, -1.4011563 ], [ 144.2126557, -1.4008506 ], [ 144.213084900000013, -1.4006549 ], [ 144.2134201, -1.4005583 ], [ 144.2139029, -1.4004913 ], [ 144.214206, -1.4004832 ], [ 144.2144099, -1.4005101 ], [ 144.214662, -1.4006388 ], [ 144.2147773, -1.4007433 ], [ 144.214839, -1.4008506 ], [ 144.214895399999989, -1.4011482 ], [ 144.214820300000014, -1.4013735 ], [ 144.2146674, -1.4016577 ], [ 144.2144769, -1.4018508 ], [ 144.2142624, -1.4020572 ], [ 144.213962, -1.4022583 ], [ 144.21363740000001, -1.4024702 ], [ 144.213168, -1.4028161 ], [ 144.2126906, -1.4032397 ], [ 144.2121917, -1.4037009 ], [ 144.211215399999986, -1.4046716 ], [ 144.20996550000001, -1.4056262 ], [ 144.20939150000001, -1.4060445 ], [ 144.2088604, -1.4063019 ], [ 144.208222, -1.4065057 ], [ 144.207428099999987, -1.4067256 ], [ 144.2063928, -1.4070098 ], [ 144.2055666, -1.4072779 ], [ 144.204322100000013, -1.4076319 ], [ 144.2031527, -1.4079 ], [ 144.2014307, -1.4082432 ], [ 144.199644299999989, -1.4088707 ], [ 144.1988772, -1.4092246 ], [ 144.1983783, -1.4095196 ], [ 144.197638, -1.40997 ], [ 144.1971016, -1.4104312 ], [ 144.1967261, -1.4107423 ], [ 144.1956156, -1.4115413 ], [ 144.1934967, -1.4127909 ], [ 144.192305800000014, -1.4133915 ], [ 144.1911149, -1.413842 ], [ 144.189827400000013, -1.4140672 ], [ 144.1886151, -1.4141852 ], [ 144.18751, -1.4141637 ], [ 144.185847, -1.4138527 ], [ 144.1833794, -1.4131341 ], [ 144.1799033, -1.4117505 ], [ 144.1786802, -1.4108066 ], [ 144.1775107, -1.4092085 ], [ 144.177027900000013, -1.4081467 ], [ 144.176663100000013, -1.4070098 ], [ 144.1760677, -1.4053688 ], [ 144.175601, -1.4045268 ], [ 144.1748768, -1.4034435 ], [ 144.1742116, -1.4026659 ], [ 144.173916600000013, -1.4023441 ], [ 144.173235299999988, -1.4016577 ], [ 144.172613, -1.4010732 ], [ 144.1721517, -1.4005905 ], [ 144.171695699999987, -1.3999362 ], [ 144.1713148, -1.399223 ], [ 144.1710895, -1.3987564 ], [ 144.1709179, -1.3982791 ], [ 144.1707194, -1.3975551 ], [ 144.17062820000001, -1.3970564 ], [ 144.1705638, -1.3966059 ], [ 144.1705584, -1.3954154 ], [ 144.170574499999987, -1.3945412 ], [ 144.1706335, -1.3939084 ], [ 144.1708052, -1.3923049 ], [ 144.1710895, -1.3908731 ], [ 144.1714168, -1.389586 ], [ 144.1717333, -1.3884705 ], [ 144.1720042, -1.3876151 ], [ 144.1721302, -1.3870842 ], [ 144.1721705, -1.3867464 ], [ 144.1721651, -1.3865989 ], [ 144.1721517, -1.3864648 ], [ 144.1721195, -1.3863468 ], [ 144.1720927, -1.3862664 ], [ 144.172039, -1.386135 ], [ 144.1720068, -1.3860411 ], [ 144.1719881, -1.3858695 ], [ 144.172033699999986, -1.3856818 ], [ 144.1721061, -1.3854914 ], [ 144.1721651, -1.3853735 ], [ 144.172216100000014, -1.3852917 ], [ 144.172234800000012, -1.3852327 ], [ 144.172257, -1.3851549 ], [ 144.1722737, -1.3850933 ], [ 144.1722945, -1.3850557 ], [ 144.1723381, -1.3850222 ], [ 144.1723689, -1.3850088 ], [ 144.1724159, -1.3850075 ], [ 144.172478899999987, -1.3850597 ], [ 144.1725755, -1.3851509 ], [ 144.1727136, -1.3852662 ], [ 144.1728142, -1.385415 ] ] ] ] } },
{ "type": "Feature", "properties": { "FID": 122901, "id": 2323, "left": 140.0, "top": 0.0, "right": 145.0, "bottom": -5.0, "row_index": 18, "col_index": 64, "min_lon": 140.0, "min_lat": -5.0, "tile_id": "140_-5" }, "geometry": { "type": "MultiPolygon", "coordinates": [ [ [ [ 144.082962900000012, -1.3959356 ], [ 144.083536900000013, -1.3964987 ], [ 144.0832284, -1.3965201 ], [ 144.0824103, -1.3959946 ], [ 144.0821609, -1.3958846 ], [ 144.0819383, -1.3959731 ], [ 144.081525199999987, -1.3959208 ], [ 144.0809619, -1.3959825 ], [ 144.0802967, -1.3962734 ], [ 144.0799427, -1.3963633 ], [ 144.0795243, -1.396563 ], [ 144.0790737, -1.3967883 ], [ 144.078810800000014, -1.3969532 ], [ 144.0786123, -1.3971878 ], [ 144.078365600000012, -1.3974962 ], [ 144.0781242, -1.3977335 ], [ 144.077920299999988, -1.3977589 ], [ 144.0773678, -1.3978233 ], [ 144.0770137, -1.3975712 ], [ 144.076563099999987, -1.3961983 ], [ 144.0766458, -1.3943862 ], [ 144.077518, -1.3929699 ], [ 144.0780412, -1.3927486 ], [ 144.0787947, -1.3917043 ], [ 144.0790629, -1.3913611 ], [ 144.0797388, -1.3913289 ], [ 144.0812516, -1.3920153 ], [ 144.0814447, -1.3925087 ], [ 144.0813482, -1.3930235 ], [ 144.081476900000013, -1.3934848 ], [ 144.0817773, -1.3938923 ], [ 144.081949, -1.3943535 ], [ 144.0821582, -1.3950293 ], [ 144.0823245, -1.3954476 ], [ 144.082962900000012, -1.3959356 ] ] ] ] } },
{ "type": "Feature", "properties": { "FID": 122902, "id": 2323, "left": 140.0, "top": 0.0, "right": 145.0, "bottom": -5.0, "row_index": 18, "col_index": 64, "min_lon": 140.0, "min_lat": -5.0, "tile_id": "140_-5" }, "geometry": { "type": "MultiPolygon", "coordinates": [ [ [ [ 144.086838300000011, -1.3922634 ], [ 144.087796200000014, -1.3927447 ], [ 144.088504300000011, -1.3939889 ], [ 144.0885633, -1.3949488 ], [ 144.0882736, -1.3959624 ], [ 144.0875226, -1.3973728 ], [ 144.087323700000013, -1.3981466 ], [ 144.0870076, -1.4000435 ], [ 144.0870935, -1.4001829 ], [ 144.0870291, -1.4003384 ], [ 144.0865785, -1.4002848 ], [ 144.086465800000013, -1.400081 ], [ 144.0862995, -1.3996359 ], [ 144.086278099999987, -1.3993571 ], [ 144.0861601, -1.3989548 ], [ 144.08602590000001, -1.3986384 ], [ 144.0852002, -1.3972975 ], [ 144.084604399999989, -1.3960321 ], [ 144.0841538, -1.3954744 ], [ 144.0838158, -1.3951848 ], [ 144.0827734, -1.3947501 ], [ 144.0826571, -1.3939996 ], [ 144.082281599999988, -1.3935491 ], [ 144.0817934, -1.3931898 ], [ 144.08167, -1.3930075 ], [ 144.0818363, -1.3925516 ], [ 144.081788100000011, -1.3917204 ], [ 144.081772, -1.3911895 ], [ 144.0821314, -1.3910125 ], [ 144.082464, -1.3910071 ], [ 144.0837407, -1.3908838 ], [ 144.0849316, -1.3912056 ], [ 144.0854429, -1.3914143 ], [ 144.086838300000011, -1.3922634 ] ] ] ] } },
{ "type": "Feature", "properties": { "FID": 122903, "id": 2323, "left": 140.0, "top": 0.0, "right": 145.0, "bottom": -5.0, "row_index": 18, "col_index": 64, "min_lon": 140.0, "min_lat": -5.0, "tile_id": "140_-5" }, "geometry": { "type": "MultiPolygon", "coordinates": [ [ [ [ 144.0449023, -1.4571729 ], [ 144.0452886, -1.4577306 ], [ 144.045943, -1.458728 ], [ 144.046694, -1.4600365 ], [ 144.047520100000014, -1.4613772 ], [ 144.0484214, -1.4629538 ], [ 144.0493011, -1.464391 ], [ 144.0500843, -1.4655601 ], [ 144.050781699999987, -1.4666755 ], [ 144.0513571, -1.4674865 ], [ 144.0519512, -1.4683808 ], [ 144.0528309, -1.4695392 ], [ 144.0533996, -1.4702792 ], [ 144.0540111, -1.4710943 ], [ 144.054547500000012, -1.4719631 ], [ 144.0548801, -1.472553 ], [ 144.0550733, -1.472982 ], [ 144.0555668, -1.4742154 ], [ 144.0559637, -1.4754917 ], [ 144.05635, -1.4765106 ], [ 144.056607500000013, -1.4770254 ], [ 144.056992, -1.4776589 ], [ 144.0582168, -1.4794064 ], [ 144.0590858, -1.4805433 ], [ 144.0595633, -1.4812137 ], [ 144.0600514, -1.4820878 ], [ 144.0602231, -1.4825918 ], [ 144.0603304, -1.4829779 ], [ 144.060394800000012, -1.4833641 ], [ 144.0603197, -1.483836 ], [ 144.0601694, -1.4840934 ], [ 144.059922699999987, -1.4843186 ], [ 144.059279, -1.4847154 ], [ 144.0587103, -1.4849836 ], [ 144.0581417, -1.4853053 ], [ 144.05738, -1.4858738 ], [ 144.056071, -1.4869034 ], [ 144.0543759, -1.4881475 ], [ 144.0533245, -1.4889734 ], [ 144.052873799999986, -1.4892308 ], [ 144.0524661, -1.4894453 ], [ 144.0518975, -1.4896169 ], [ 144.051168, -1.4898314 ], [ 144.0504277, -1.490003 ], [ 144.049837599999989, -1.4900137 ], [ 144.049451299999987, -1.4898635 ], [ 144.049215299999986, -1.489649 ], [ 144.049054399999989, -1.4893058 ], [ 144.0489471, -1.4888768 ], [ 144.0489471, -1.4885014 ], [ 144.04899, -1.4881261 ], [ 144.0491509, -1.4879008 ], [ 144.0493119, -1.4877292 ], [ 144.0495479, -1.4876327 ], [ 144.0498483, -1.4876756 ], [ 144.0502453, -1.4878472 ], [ 144.050545699999986, -1.4878901 ], [ 144.0509534, -1.4878043 ], [ 144.0513933, -1.4875362 ], [ 144.0517902, -1.4872251 ], [ 144.0520692, -1.4869463 ], [ 144.052476899999988, -1.486217 ], [ 144.052691399999986, -1.4856914 ], [ 144.0531421, -1.4846725 ], [ 144.0533996, -1.4838252 ], [ 144.0536463, -1.4826669 ], [ 144.053785800000014, -1.4818303 ], [ 144.0538716, -1.4811225 ], [ 144.05389310000001, -1.4802645 ], [ 144.0538716, -1.479503 ], [ 144.0537321, -1.4783339 ], [ 144.0536356, -1.4774652 ], [ 144.0535454, -1.4766061 ], [ 144.053345900000011, -1.4758886 ], [ 144.0532493, -1.4755453 ], [ 144.052895299999989, -1.4749126 ], [ 144.0525412, -1.4744621 ], [ 144.0520584, -1.4738937 ], [ 144.0514469, -1.473293 ], [ 144.0508246, -1.4726281 ], [ 144.0503096, -1.472006 ], [ 144.0497839, -1.4714268 ], [ 144.049580099999986, -1.4711909 ], [ 144.04899, -1.4704508 ], [ 144.0487325, -1.4699575 ], [ 144.0486252, -1.4694748 ], [ 144.0485608, -1.46896 ], [ 144.04853940000001, -1.4684988 ], [ 144.0484965, -1.4681985 ], [ 144.048432100000014, -1.4678875 ], [ 144.0483034, -1.4677481 ], [ 144.0479386, -1.4675657 ], [ 144.0474343, -1.4673619 ], [ 144.046758399999987, -1.4671367 ], [ 144.045953700000013, -1.4668257 ], [ 144.045556800000014, -1.4665575 ], [ 144.0451062, -1.4662787 ], [ 144.0447199, -1.4659355 ], [ 144.0444517, -1.4656995 ], [ 144.0440869, -1.4655708 ], [ 144.0436578, -1.4655172 ], [ 144.0433788, -1.4654636 ], [ 144.0432179, -1.4653027 ], [ 144.0429282, -1.4646484 ], [ 144.0426707, -1.4643589 ], [ 144.042477600000012, -1.4641443 ], [ 144.0417588, -1.4635759 ], [ 144.0410828, -1.4630611 ], [ 144.0403962, -1.4626428 ], [ 144.0399349, -1.4623961 ], [ 144.0395379, -1.4621602 ], [ 144.0391517, -1.4618062 ], [ 144.0388513, -1.4612485 ], [ 144.038765399999988, -1.4608409 ], [ 144.0387547, -1.4605085 ], [ 144.038819100000012, -1.4602296 ], [ 144.0392482, -1.4592 ], [ 144.0397417, -1.4581381 ], [ 144.040181600000011, -1.4569476 ], [ 144.04049280000001, -1.4561218 ], [ 144.0406537, -1.4554032 ], [ 144.0406644, -1.4545666 ], [ 144.040761, -1.4531401 ], [ 144.0408468, -1.4528076 ], [ 144.040997, -1.4526468 ], [ 144.0412438, -1.4526039 ], [ 144.0414798, -1.4526575 ], [ 144.0418339, -1.4529363 ], [ 144.042398600000013, -1.4535678 ], [ 144.043314400000014, -1.4548562 ], [ 144.0440977, -1.4559824 ], [ 144.0449023, -1.4571729 ] ] ] ] } },
{ "type": "Feature", "properties": { "FID": 122904, "id": 2323, "left": 140.0, "top": 0.0, "right": 145.0, "bottom": -5.0, "row_index": 18, "col_index": 64, "min_lon": 140.0, "min_lat": -5.0, "tile_id": "140_-5" }, "geometry": { "type": "MultiPolygon", "coordinates": [ [ [ [ 144.031405400000011, -1.6448586 ], [ 144.032027699999986, -1.6463922 ], [ 144.032188600000012, -1.6475612 ], [ 144.031899, -1.6488267 ], [ 144.0310192, -1.6507141 ], [ 144.028658900000011, -1.6546178 ], [ 144.0274358, -1.6553578 ], [ 144.02659890000001, -1.6552935 ], [ 144.026416500000011, -1.6545856 ], [ 144.0267384, -1.6534918 ], [ 144.0274928, -1.6513861 ], [ 144.0275323, -1.6490733 ], [ 144.027342, -1.6481444 ], [ 144.026931499999989, -1.6471 ], [ 144.026491600000014, -1.6466925 ], [ 144.0257621, -1.6460383 ], [ 144.0247965, -1.6445154 ], [ 144.0243252, -1.6436964 ], [ 144.0239489, -1.6428639 ], [ 144.023562700000014, -1.6420488 ], [ 144.0235197, -1.6413732 ], [ 144.0237021, -1.6409228 ], [ 144.024657, -1.6406975 ], [ 144.0256226, -1.6407083 ], [ 144.0270281, -1.6411051 ], [ 144.0289163, -1.6422204 ], [ 144.0298498, -1.6431427 ], [ 144.031405400000011, -1.6448586 ] ] ] ] } },
{ "type": "Feature", "properties": { "FID": 122905, "id": 2323, "left": 140.0, "top": 0.0, "right": 145.0, "bottom": -5.0, "row_index": 18, "col_index": 64, "min_lon": 140.0, "min_lat": -5.0, "tile_id": "140_-5" }, "geometry": { "type": "MultiPolygon", "coordinates": [ [ [ [ 143.2931174, -3.2139405 ], [ 143.293404399999986, -3.2139258 ], [ 143.294187599999987, -3.2138428 ], [ 143.294713300000012, -3.2137852 ], [ 143.2950286, -3.2137102 ], [ 143.295943099999988, -3.2135281 ], [ 143.296348099999989, -3.2134129 ], [ 143.296629700000011, -3.2134103 ], [ 143.2968866, -3.2134248 ], [ 143.2971595, -3.213504 ], [ 143.29750820000001, -3.21367 ], [ 143.298113, -3.2140637 ], [ 143.298555599999986, -3.2144065 ], [ 143.2990598, -3.2146823 ], [ 143.299601599999988, -3.2150037 ], [ 143.2998819, -3.2151817 ], [ 143.300088100000011, -3.2152611 ], [ 143.300248, -3.2152782 ], [ 143.3003553, -3.2152715 ], [ 143.300413, -3.21525 ], [ 143.3004291, -3.2151817 ], [ 143.300366, -3.2150706 ], [ 143.3003835, -3.2149514 ], [ 143.300476, -3.2148925 ], [ 143.300582, -3.2148657 ], [ 143.301201600000013, -3.2150639 ], [ 143.3012928, -3.2150746 ], [ 143.3013477, -3.2150278 ], [ 143.3013531, -3.2148831 ], [ 143.301424200000014, -3.2148001 ], [ 143.301485899999989, -3.2147559 ], [ 143.3015677, -3.2147734 ], [ 143.3019673, -3.2151228 ], [ 143.302003500000012, -3.2151751 ], [ 143.301971400000014, -3.2152594 ], [ 143.301976700000012, -3.2153464 ], [ 143.3020411, -3.2153946 ], [ 143.3021564, -3.2153813 ], [ 143.302242299999989, -3.2153786 ], [ 143.3023334, -3.2154321 ], [ 143.3027827, -3.2160307 ], [ 143.303273600000011, -3.2168836 ], [ 143.303434900000013, -3.2173056 ], [ 143.3036813, -3.2174862 ], [ 143.3042807, -3.2178999 ], [ 143.3044739, -3.2179869 ], [ 143.304590499999989, -3.2179722 ], [ 143.3046737, -3.2179012 ], [ 143.3047474, -3.2178852 ], [ 143.3048105, -3.2179093 ], [ 143.3048909, -3.218056 ], [ 143.304972099999986, -3.2181583 ], [ 143.3051075, -3.2182052 ], [ 143.3052094, -3.218319 ], [ 143.305234899999988, -3.2184623 ], [ 143.3052255, -3.2185413 ], [ 143.305192, -3.2185895 ], [ 143.3051384, -3.2186002 ], [ 143.3050485, -3.2185881 ], [ 143.304990800000013, -3.2186283 ], [ 143.3050002, -3.2186819 ], [ 143.3052443, -3.2188626 ], [ 143.3058009, -3.2194625 ], [ 143.3059994, -3.2197049 ], [ 143.306918599999989, -3.2206408 ], [ 143.3073753, -3.2208725 ], [ 143.3080673, -3.2211871 ], [ 143.3083919, -3.2213558 ], [ 143.3087121, -3.2215489 ], [ 143.3089297, -3.221783 ], [ 143.309176400000013, -3.2221391 ], [ 143.3096056, -3.2227577 ], [ 143.3102225, -3.2239843 ], [ 143.310791099999989, -3.2250956 ], [ 143.310973499999989, -3.2256245 ], [ 143.3111412, -3.2259633 ], [ 143.311216300000012, -3.2262793 ], [ 143.3113557, -3.2265712 ], [ 143.311654800000014, -3.226934 ], [ 143.311837200000014, -3.227096 ], [ 143.3120169, -3.227242 ], [ 143.3123937, -3.2276196 ], [ 143.3126512, -3.2278177 ], [ 143.313072299999988, -3.2282114 ], [ 143.313303, -3.2284484 ], [ 143.313457199999988, -3.2286519 ], [ 143.3135954, -3.2288889 ], [ 143.3136919, -3.2290938 ], [ 143.3144202, -3.2300779 ], [ 143.3147655, -3.2304569 ], [ 143.31578, -3.2314885 ], [ 143.3159182, -3.2316238 ], [ 143.3174296, -3.2329012 ], [ 143.3189061, -3.233888 ], [ 143.3191744, -3.233979 ], [ 143.3193501, -3.2340366 ], [ 143.3196303, -3.234216 ], [ 143.3197913, -3.2343406 ], [ 143.320422900000011, -3.2348293 ], [ 143.3207294, -3.2349962 ], [ 143.32187, -3.2354412 ], [ 143.3221704, -3.2355978 ], [ 143.322383, -3.2356996 ], [ 143.3225835, -3.235786 ], [ 143.3230998, -3.2359085 ], [ 143.3239011, -3.2360336 ], [ 143.3241619, -3.236114 ], [ 143.32451, -3.2362178 ], [ 143.324931099999986, -3.2363771 ], [ 143.326242, -3.2369381 ], [ 143.326883, -3.2372796 ], [ 143.327681, -3.2376157 ], [ 143.3289148, -3.2379825 ], [ 143.329598800000014, -3.2381178 ], [ 143.3298777, -3.2381981 ], [ 143.3304852, -3.2384552 ], [ 143.330934500000012, -3.2386955 ], [ 143.3312128, -3.2389178 ], [ 143.3316815, -3.2391722 ], [ 143.331829699999986, -3.239274 ], [ 143.33204090000001, -3.2394989 ], [ 143.332174400000014, -3.2396911 ], [ 143.332242799999989, -3.2398203 ], [ 143.3322468, -3.2399006 ], [ 143.332193100000012, -3.2399943 ], [ 143.3320309, -3.2401671 ], [ 143.33189680000001, -3.2403492 ], [ 143.331796200000014, -3.2404844 ], [ 143.331788100000011, -3.2406384 ], [ 143.3318351, -3.2407361 ], [ 143.3318994, -3.2407883 ], [ 143.3319947, -3.2407883 ], [ 143.3323661, -3.2407053 ], [ 143.332572699999986, -3.2406953 ], [ 143.3327725, -3.2407522 ], [ 143.3328369, -3.2407924 ], [ 143.3328516, -3.2408365 ], [ 143.332806, -3.240874 ], [ 143.3326223, -3.2409129 ], [ 143.3325874, -3.2409557 ], [ 143.332564600000012, -3.2410628 ], [ 143.332519, -3.2411124 ], [ 143.3324029, -3.2411722 ], [ 143.331957100000011, -3.2412918 ], [ 143.3315977, -3.2412757 ], [ 143.33116720000001, -3.2413212 ], [ 143.3307394, -3.2415623 ], [ 143.330644799999988, -3.2416098 ], [ 143.330502, -3.2416305 ], [ 143.3302821, -3.2414819 ], [ 143.3296598, -3.2412289 ], [ 143.3295411, -3.2412429 ], [ 143.3294238, -3.241336 ], [ 143.329257500000011, -3.2416252 ], [ 143.329171, -3.242132 ], [ 143.3290967, -3.2423095 ], [ 143.32901, -3.2424212 ], [ 143.3286077, -3.2426783 ], [ 143.3285239, -3.2426863 ], [ 143.328470900000013, -3.2426522 ], [ 143.328369, -3.2425471 ], [ 143.328268400000013, -3.2424721 ], [ 143.328192, -3.2424788 ], [ 143.328119500000014, -3.2425524 ], [ 143.3281169, -3.242689 ], [ 143.32801760000001, -3.2427827 ], [ 143.327265899999986, -3.2429588 ], [ 143.325814799999989, -3.2431007 ], [ 143.3250102, -3.2432708 ], [ 143.324747300000013, -3.2432386 ], [ 143.3237107, -3.2428463 ], [ 143.3229221, -3.2427285 ], [ 143.321074, -3.2425544 ], [ 143.3202774, -3.2424178 ], [ 143.3196927, -3.2421393 ], [ 143.3178165, -3.2411003 ], [ 143.317457100000013, -3.2409624 ], [ 143.317247900000012, -3.2409477 ], [ 143.314364500000011, -3.2390524 ], [ 143.3136457, -3.2387009 ], [ 143.3128891, -3.2386928 ], [ 143.3099186, -3.238988 ], [ 143.3076268, -3.2391508 ], [ 143.3059182, -3.2397219 ], [ 143.3051716, -3.2403375 ], [ 143.3044665, -3.2418977 ], [ 143.304054799999989, -3.2428791 ], [ 143.3039408, -3.2431563 ], [ 143.30393140000001, -3.2432955 ], [ 143.3040025, -3.2434027 ], [ 143.3041634, -3.2435165 ], [ 143.304180800000012, -3.2436463 ], [ 143.3041218, -3.2438766 ], [ 143.303998400000012, -3.2440346 ], [ 143.3038831, -3.2440668 ], [ 143.3035827, -3.2440105 ], [ 143.30347, -3.243965 ], [ 143.3028558, -3.2432125 ], [ 143.3017802, -3.2421708 ], [ 143.2998824, -3.2403186 ], [ 143.2994735, -3.2400633 ], [ 143.2978005, -3.2390484 ], [ 143.297148099999987, -3.2387886 ], [ 143.2964198, -3.2388596 ], [ 143.2957386, -3.2386922 ], [ 143.2951807, -3.2384753 ], [ 143.29475690000001, -3.2381887 ], [ 143.294373900000011, -3.2377902 ], [ 143.29409720000001, -3.2373578 ], [ 143.2938235, -3.2368531 ], [ 143.2933031, -3.2356641 ], [ 143.293200500000012, -3.2354921 ], [ 143.2930644, -3.2353642 ], [ 143.2926929, -3.2352316 ], [ 143.2924663, -3.2351098 ], [ 143.2922222, -3.2349692 ], [ 143.2919982, -3.2347108 ], [ 143.291962, -3.2345434 ], [ 143.2918909, -3.2344443 ], [ 143.2918091, -3.234376 ], [ 143.2915315, -3.2342636 ], [ 143.2911158, -3.2339302 ], [ 143.290820700000012, -3.2335084 ], [ 143.2904694, -3.2332152 ], [ 143.2901287, -3.2330705 ], [ 143.2887561, -3.2315528 ], [ 143.288015800000011, -3.2308271 ], [ 143.2876804, -3.2305324 ], [ 143.2862288, -3.2286211 ], [ 143.2845311, -3.2264133 ], [ 143.283868500000011, -3.2258816 ], [ 143.2831411, -3.2249932 ], [ 143.2828881, -3.2248479 ], [ 143.282606500000014, -3.2247542 ], [ 143.2822363, -3.2246912 ], [ 143.281990900000011, -3.2246725 ], [ 143.281749499999989, -3.2247033 ], [ 143.281430300000011, -3.2247823 ], [ 143.2811031, -3.2249175 ], [ 143.280871100000013, -3.2250675 ], [ 143.280783899999989, -3.225184 ], [ 143.279912200000012, -3.2254504 ], [ 143.2786851, -3.2256714 ], [ 143.2782097, -3.225666 ], [ 143.277565900000013, -3.2254223 ], [ 143.2770545, -3.2250956 ], [ 143.2759939, -3.2238716 ], [ 143.274376100000012, -3.2212306 ], [ 143.2742045, -3.2210673 ], [ 143.273877199999987, -3.2209655 ], [ 143.2736841, -3.2209682 ], [ 143.27335690000001, -3.2207057 ], [ 143.2732858, -3.22049 ], [ 143.273316599999987, -3.2200363 ], [ 143.2735419, -3.2197283 ], [ 143.2739496, -3.219423 ], [ 143.2745337, -3.2191934 ], [ 143.2754617, -3.2190836 ], [ 143.276188600000012, -3.2190166 ], [ 143.276481, -3.2189831 ], [ 143.2767036, -3.2188974 ], [ 143.276937, -3.2187542 ], [ 143.2776115, -3.2181088 ], [ 143.2778154, -3.2178972 ], [ 143.2778596, -3.2177171 ], [ 143.2778375, -3.2171976 ], [ 143.2778456, -3.2171059 ], [ 143.277888100000013, -3.2170506 ], [ 143.278127899999987, -3.2168421 ], [ 143.278519499999987, -3.2165221 ], [ 143.2791578, -3.215874 ], [ 143.279408600000011, -3.2156035 ], [ 143.2796471, -3.2152117 ], [ 143.2797627, -3.215009 ], [ 143.279821700000014, -3.2148791 ], [ 143.279923599999989, -3.2147934 ], [ 143.2800403, -3.2147439 ], [ 143.2806438, -3.2144386 ], [ 143.2812097, -3.2141989 ], [ 143.2818226, -3.213982 ], [ 143.282245, -3.2138682 ], [ 143.2823845, -3.2137919 ], [ 143.2825683, -3.2137289 ], [ 143.2834507, -3.2136031 ], [ 143.2838128, -3.213595 ], [ 143.2842527, -3.2137022 ], [ 143.2845102, -3.2137972 ], [ 143.2850949, -3.2140342 ], [ 143.2853282, -3.2141373 ], [ 143.2855401, -3.2141936 ], [ 143.285883500000011, -3.2142364 ], [ 143.2863596, -3.2142043 ], [ 143.287478099999987, -3.2143283 ], [ 143.287889799999988, -3.2143382 ], [ 143.2883766, -3.2142726 ], [ 143.288947900000011, -3.2141454 ], [ 143.2900766, -3.2139603 ], [ 143.290458, -3.2138468 ], [ 143.2907611, -3.2137798 ], [ 143.2911875, -3.2137102 ], [ 143.2915711, -3.2137584 ], [ 143.29220140000001, -3.2138053 ], [ 143.29256620000001, -3.2138776 ], [ 143.2928129, -3.2139124 ], [ 143.2931174, -3.2139405 ] ] ] ] } },
{ "type": "Feature", "properties": { "FID": 122906, "id": 2323, "left": 140.0, "top": 0.0, "right": 145.0, "bottom": -5.0, "row_index": 18, "col_index": 64, "min_lon": 140.0, "min_lat": -5.0, "tile_id": "140_-5" }, "geometry": { "type": "MultiPolygon", "coordinates": [ [ [ [ 143.2586382, -3.1955551 ], [ 143.2589806, -3.195709 ], [ 143.2593941, -3.196081 ], [ 143.2608262, -3.1970102 ], [ 143.2610957, -3.1972575 ], [ 143.2616285, -3.1978593 ], [ 143.2625289, -3.1984378 ], [ 143.263595400000014, -3.1993935 ], [ 143.2639778, -3.1998834 ], [ 143.264220599999987, -3.2005399 ], [ 143.264445, -3.2012398 ], [ 143.2648412, -3.2021912 ], [ 143.2652536, -3.2045252 ], [ 143.265464, -3.2052618 ], [ 143.2654348, -3.2059137 ], [ 143.2653114, -3.2066741 ], [ 143.26556020000001, -3.2074517 ], [ 143.2656637, -3.2074852 ], [ 143.265775100000013, -3.2075321 ], [ 143.2658341, -3.2076676 ], [ 143.2657701, -3.2079538 ], [ 143.2658607, -3.2083528 ], [ 143.266102, -3.2087713 ], [ 143.266316100000012, -3.2088548 ], [ 143.2666285, -3.2095584 ], [ 143.266626, -3.2096725 ], [ 143.2674218, -3.2107654 ], [ 143.2679436, -3.2117652 ], [ 143.2681205, -3.2122791 ], [ 143.2681648, -3.2125352 ], [ 143.2681811, -3.2129405 ], [ 143.2681484, -3.2132942 ], [ 143.2682137, -3.2136102 ], [ 143.2684377, -3.2140929 ], [ 143.2685868, -3.2141634 ], [ 143.2686354, -3.2143407 ], [ 143.2685524, -3.2145039 ], [ 143.2685109, -3.2146974 ], [ 143.2686022, -3.214906 ], [ 143.268600099999986, -3.2150354 ], [ 143.2682558, -3.2161246 ], [ 143.2681619, -3.2163626 ], [ 143.2680273, -3.2165086 ], [ 143.267792, -3.2165675 ], [ 143.2677105, -3.2165663 ], [ 143.2675356, -3.2163413 ], [ 143.2674192, -3.2163201 ], [ 143.267149100000012, -3.2164176 ], [ 143.266665, -3.2167337 ], [ 143.2663254, -3.2173027 ], [ 143.265987700000011, -3.217477 ], [ 143.2657331, -3.2174444 ], [ 143.265470599999986, -3.2173615 ], [ 143.2649845, -3.2170398 ], [ 143.264722799999987, -3.2167344 ], [ 143.264414499999987, -3.2165677 ], [ 143.264199600000012, -3.2165409 ], [ 143.2637757, -3.2163571 ], [ 143.2628748, -3.2161343 ], [ 143.2610148, -3.2153175 ], [ 143.2596671, -3.2149136 ], [ 143.2588532, -3.2148048 ], [ 143.25845480000001, -3.2147473 ], [ 143.2577698, -3.2149469 ], [ 143.2573759, -3.2151726 ], [ 143.257239700000014, -3.215332 ], [ 143.2571576, -3.2154817 ], [ 143.2570007, -3.2155194 ], [ 143.2568518, -3.2158062 ], [ 143.256796, -3.2160428 ], [ 143.2567168, -3.216217 ], [ 143.2566725, -3.2164765 ], [ 143.256704, -3.2167159 ], [ 143.256623499999989, -3.2169365 ], [ 143.2567644, -3.2170348 ], [ 143.2567651, -3.217366 ], [ 143.2567985, -3.2174333 ], [ 143.256882100000013, -3.2174183 ], [ 143.2569052, -3.2175506 ], [ 143.256846700000011, -3.2177006 ], [ 143.257012300000014, -3.219552 ], [ 143.256724600000013, -3.2198046 ], [ 143.256698300000011, -3.2199174 ], [ 143.2565898, -3.2200126 ], [ 143.2562605, -3.2201469 ], [ 143.2561996, -3.2201917 ], [ 143.2562552, -3.2202535 ], [ 143.2561143, -3.2203864 ], [ 143.2559736, -3.2203864 ], [ 143.2558822, -3.2203646 ], [ 143.2556787, -3.2204732 ], [ 143.2556266, -3.2206438 ], [ 143.255345, -3.220724 ], [ 143.2552019, -3.2208565 ], [ 143.2550464, -3.2208419 ], [ 143.2549689, -3.220738 ], [ 143.2544963, -3.2206793 ], [ 143.2542479, -3.2204855 ], [ 143.2539252, -3.2196825 ], [ 143.2536493, -3.2194108 ], [ 143.2536505, -3.2191919 ], [ 143.2534784, -3.2189519 ], [ 143.2534343, -3.2187853 ], [ 143.2534916, -3.2186694 ], [ 143.2533202, -3.2183437 ], [ 143.2533972, -3.218246 ], [ 143.2533937, -3.2180386 ], [ 143.253448, -3.2179722 ], [ 143.2535312, -3.2179577 ], [ 143.2536614, -3.2180389 ], [ 143.253974, -3.2179584 ], [ 143.2542632, -3.2179804 ], [ 143.2545572, -3.2177325 ], [ 143.2547089, -3.2173522 ], [ 143.254738, -3.2170082 ], [ 143.2547252, -3.2167015 ], [ 143.2546241, -3.2164639 ], [ 143.2543589, -3.2160421 ], [ 143.2542402, -3.2155935 ], [ 143.2540656, -3.2153779 ], [ 143.2539587, -3.214886 ], [ 143.2537092, -3.2146075 ], [ 143.2532483, -3.2142864 ], [ 143.252974200000011, -3.2142357 ], [ 143.2519531, -3.2135672 ], [ 143.2516177, -3.2131631 ], [ 143.2513473, -3.2124949 ], [ 143.251067299999988, -3.2121235 ], [ 143.2508901, -3.2119572 ], [ 143.2508169, -3.2116277 ], [ 143.2506876, -3.2113074 ], [ 143.2507656, -3.2104853 ], [ 143.250890199999986, -3.2099629 ], [ 143.2510614, -3.2094031 ], [ 143.25115790000001, -3.2088993 ], [ 143.2510911, -3.2085027 ], [ 143.2509104, -3.2076713 ], [ 143.2508295, -3.2068921 ], [ 143.2507158, -3.2061595 ], [ 143.2502676, -3.2053341 ], [ 143.249894, -3.2049235 ], [ 143.2495032, -3.2046558 ], [ 143.248871400000013, -3.2035423 ], [ 143.2481875, -3.2025773 ], [ 143.2474848, -3.2018081 ], [ 143.2467134, -3.2009782 ], [ 143.246766799999989, -3.2005464 ], [ 143.2467421, -3.2003072 ], [ 143.246813800000012, -3.1996749 ], [ 143.246955500000013, -3.1994388 ], [ 143.2472328, -3.1983206 ], [ 143.2473014, -3.1976776 ], [ 143.2473607, -3.197524 ], [ 143.2476935, -3.1970473 ], [ 143.2483901, -3.1966974 ], [ 143.2489273, -3.1963452 ], [ 143.2500714, -3.1955585 ], [ 143.251015700000011, -3.1950941 ], [ 143.2516597, -3.1947933 ], [ 143.2519829, -3.194504 ], [ 143.2519456, -3.1944198 ], [ 143.2518354, -3.1943034 ], [ 143.2519005, -3.1941823 ], [ 143.252139199999988, -3.1940131 ], [ 143.2523845, -3.1939971 ], [ 143.2527959, -3.1937182 ], [ 143.2535441, -3.1936605 ], [ 143.253775100000013, -3.1934888 ], [ 143.254079600000011, -3.1934372 ], [ 143.2544756, -3.1934428 ], [ 143.2551966, -3.1936155 ], [ 143.2560896, -3.1938505 ], [ 143.2563214, -3.1940393 ], [ 143.2567938, -3.1943081 ], [ 143.257372, -3.1945028 ], [ 143.2581355, -3.1950238 ], [ 143.2586382, -3.1955551 ] ] ] ] } },
{ "type": "Feature", "properties": { "FID": 122907, "id": 2323, "left": 140.0, "top": 0.0, "right": 145.0, "bottom": -5.0, "row_index": 18, "col_index": 64, "min_lon": 140.0, "min_lat": -5.0, "tile_id": "140_-5" }, "geometry": { "type": "MultiPolygon", "coordinates": [ [ [ [ 144.2062702, -3.3495187 ], [ 144.2076039, -3.349965 ], [ 144.2114748, -3.3496871 ], [ 144.2146194, -3.3507033 ], [ 144.2158129, -3.3518355 ], [ 144.217048799999986, -3.352998 ], [ 144.2192945, -3.3558992 ], [ 144.219955, -3.3582069 ], [ 144.2202192, -3.3612399 ], [ 144.2210117, -3.3619652 ], [ 144.218766100000011, -3.3639432 ], [ 144.216784600000011, -3.3639432 ], [ 144.2141427, -3.3635476 ], [ 144.211897, -3.3618333 ], [ 144.2107082, -3.3623608 ], [ 144.2087267, -3.363152 ], [ 144.2072076, -3.3626246 ], [ 144.205754500000012, -3.3636136 ], [ 144.2032447, -3.3634817 ], [ 144.2014613, -3.3625586 ], [ 144.1980929, -3.3623608 ], [ 144.1971021, -3.360119 ], [ 144.1956491, -3.3591959 ], [ 144.1952528, -3.3563607 ], [ 144.195517, -3.3531958 ], [ 144.1970361, -3.3500968 ], [ 144.198555199999987, -3.349899 ], [ 144.2015934, -3.3476572 ], [ 144.2027074, -3.347815 ], [ 144.2036085, -3.3485437 ], [ 144.2046317, -3.3493715 ], [ 144.2062702, -3.3495187 ] ] ] ] } },
{ "type": "Feature", "properties": { "FID": 127819, "id": 2323, "left": 140.0, "top": 0.0, "right": 145.0, "bottom": -5.0, "row_index": 18, "col_index": 64, "min_lon": 140.0, "min_lat": -5.0, "tile_id": "140_-5" }, "geometry": { "type": "MultiPolygon", "coordinates": [ [ [ [ 142.8379324, -1.7535395 ], [ 142.8376374, -1.7537567 ], [ 142.837409400000013, -1.7538773 ], [ 142.8367335, -1.7541937 ], [ 142.836038800000011, -1.7546065 ], [ 142.8354433, -1.755073 ], [ 142.8349256, -1.7556307 ], [ 142.8345448, -1.7560918 ], [ 142.833965400000011, -1.756821 ], [ 142.8337347, -1.7571508 ], [ 142.8334638, -1.7576119 ], [ 142.83316880000001, -1.7582151 ], [ 142.832954199999989, -1.7588183 ], [ 142.8327638, -1.7594001 ], [ 142.832391, -1.7600837 ], [ 142.831994, -1.7604322 ], [ 142.8312376, -1.7609309 ], [ 142.8310257, -1.7610435 ], [ 142.8307575, -1.7612124 ], [ 142.8305617, -1.7612312 ], [ 142.8304517, -1.7612043 ], [ 142.830320300000011, -1.7610998 ], [ 142.8300494, -1.7608183 ], [ 142.829982300000012, -1.7607673 ], [ 142.829665799999987, -1.7605904 ], [ 142.829322499999989, -1.7603625 ], [ 142.829086499999988, -1.7601266 ], [ 142.8289282, -1.7599175 ], [ 142.8286707, -1.7594805 ], [ 142.828483, -1.7590006 ], [ 142.8284052, -1.758754 ], [ 142.8283596, -1.7585529 ], [ 142.8282872, -1.7581239 ], [ 142.8281665, -1.7577379 ], [ 142.82802430000001, -1.757376 ], [ 142.8275764, -1.7562285 ], [ 142.8272814, -1.755569 ], [ 142.8266939, -1.7544832 ], [ 142.8262621, -1.753628 ], [ 142.82550040000001, -1.7522232 ], [ 142.825197300000013, -1.7516146 ], [ 142.8251517, -1.7514752 ], [ 142.82493980000001, -1.7505878 ], [ 142.8247413, -1.749502 ], [ 142.8245938, -1.7486387 ], [ 142.8244999, -1.7476655 ], [ 142.824398, -1.7468586 ], [ 142.824266599999987, -1.7460516 ], [ 142.8241673, -1.745569 ], [ 142.8240868, -1.7451722 ], [ 142.8241003, -1.7450033 ], [ 142.824151199999989, -1.7448344 ], [ 142.824245100000013, -1.7446763 ], [ 142.824516, -1.7442875 ], [ 142.8246313, -1.7440248 ], [ 142.8247333, -1.7436816 ], [ 142.8249103, -1.7429685 ], [ 142.8250176, -1.7423358 ], [ 142.82509, -1.742073 ], [ 142.8252321, -1.7417057 ], [ 142.8255862, -1.7408049 ], [ 142.8259912, -1.7395449 ], [ 142.8262085, -1.7387781 ], [ 142.826356, -1.7381508 ], [ 142.8265035, -1.7373143 ], [ 142.8267395, -1.736014 ], [ 142.826999699999988, -1.7349282 ], [ 142.8273591, -1.7335931 ], [ 142.827673, -1.7324912 ], [ 142.8284454, -1.7299711 ], [ 142.8288504, -1.7288076 ], [ 142.8291911, -1.7279336 ], [ 142.829462, -1.7271641 ], [ 142.8299046, -1.7259523 ], [ 142.8302774, -1.7250971 ], [ 142.8305992, -1.7244831 ], [ 142.830887600000011, -1.7240327 ], [ 142.831178599999987, -1.7235086 ], [ 142.8313999, -1.7231212 ], [ 142.8316212, -1.7226493 ], [ 142.8317231, -1.7223705 ], [ 142.8318009, -1.7221292 ], [ 142.8318411, -1.721959 ], [ 142.8318545, -1.721719 ], [ 142.8318357, -1.7214027 ], [ 142.8317955, -1.7212418 ], [ 142.831725799999987, -1.7211225 ], [ 142.8315783, -1.7208423 ], [ 142.8315192, -1.7207284 ], [ 142.8314871, -1.7206413 ], [ 142.8314535, -1.7205421 ], [ 142.8313757, -1.7203852 ], [ 142.8312872, -1.7201466 ], [ 142.8312483, -1.7200126 ], [ 142.8312483, -1.719912 ], [ 142.8312805, -1.7198396 ], [ 142.8314763, -1.7196439 ], [ 142.831772699999988, -1.7193906 ], [ 142.831886700000013, -1.7193477 ], [ 142.8321925, -1.7193329 ], [ 142.832487500000013, -1.7193517 ], [ 142.8327571, -1.7193892 ], [ 142.8329167, -1.7194562 ], [ 142.833024, -1.7195447 ], [ 142.8330937, -1.7196439 ], [ 142.83315540000001, -1.7197565 ], [ 142.833339099999989, -1.7200112 ], [ 142.8338367, -1.7204911 ], [ 142.8343128, -1.720912 ], [ 142.8348532, -1.721282 ], [ 142.835633800000011, -1.7217445 ], [ 142.8369185, -1.7224241 ], [ 142.8379109, -1.7228209 ], [ 142.8384098, -1.7230059 ], [ 142.838927500000011, -1.7232177 ], [ 142.8400648, -1.7235582 ], [ 142.8409043, -1.7238477 ], [ 142.8418833, -1.724156 ], [ 142.8422038, -1.7242284 ], [ 142.8426504, -1.7242901 ], [ 142.8427912, -1.7243357 ], [ 142.8428489, -1.7243719 ], [ 142.8429186, -1.7244322 ], [ 142.8429736, -1.7245408 ], [ 142.8429978, -1.724581 ], [ 142.843054099999989, -1.7246319 ], [ 142.84307290000001, -1.7246735 ], [ 142.84308630000001, -1.7247378 ], [ 142.8430688, -1.7247914 ], [ 142.8430367, -1.7248209 ], [ 142.842957500000011, -1.7248692 ], [ 142.8429347, -1.7249255 ], [ 142.8429025, -1.7251239 ], [ 142.842843499999987, -1.7254456 ], [ 142.8428113, -1.72577 ], [ 142.842818099999988, -1.7258732 ], [ 142.84287040000001, -1.725955 ], [ 142.8429803, -1.7260515 ], [ 142.8432244, -1.7261882 ], [ 142.843931199999986, -1.7265877 ], [ 142.8441712, -1.7267405 ], [ 142.844371, -1.7269322 ], [ 142.8446621, -1.7272499 ], [ 142.8450724, -1.7276521 ], [ 142.8455338, -1.7280033 ], [ 142.845678600000014, -1.7280783 ], [ 142.8460863, -1.7282124 ], [ 142.8463653, -1.7282848 ], [ 142.846644199999986, -1.7283572 ], [ 142.8470412, -1.7283893 ], [ 142.8475508, -1.7284 ], [ 142.8479505, -1.7283813 ], [ 142.8483018, -1.728333 ], [ 142.8489026, -1.7282124 ], [ 142.84979580000001, -1.7279925 ], [ 142.8502598, -1.7278933 ], [ 142.8506917, -1.7278263 ], [ 142.8512737, -1.7277915 ], [ 142.851936200000011, -1.7277459 ], [ 142.852816, -1.72777 ], [ 142.852993, -1.7277781 ], [ 142.853894200000013, -1.7279336 ], [ 142.854546, -1.7280596 ], [ 142.8556001, -1.7282204 ], [ 142.8562331, -1.7282874 ], [ 142.856665, -1.7282901 ], [ 142.8572389, -1.7283009 ], [ 142.8576922, -1.7282928 ], [ 142.8583601, -1.7282714 ], [ 142.8589421, -1.7282285 ], [ 142.860007, -1.7280971 ], [ 142.860417399999989, -1.7279952 ], [ 142.860760699999986, -1.727896 ], [ 142.8609538, -1.7278263 ], [ 142.8611952, -1.7277298 ], [ 142.8613374, -1.727703 ], [ 142.8615251, -1.7276869 ], [ 142.861833600000011, -1.7276708 ], [ 142.8620589, -1.727636 ], [ 142.8626999, -1.7274831 ], [ 142.863872, -1.7271105 ], [ 142.8644219, -1.7269496 ], [ 142.864733, -1.7268451 ], [ 142.8655699, -1.7265582 ], [ 142.8664148, -1.7262606 ], [ 142.8676218, -1.7259416 ], [ 142.868673199999989, -1.7257298 ], [ 142.869612, -1.7255931 ], [ 142.86984, -1.7255716 ], [ 142.8707278, -1.7255475 ], [ 142.8720394, -1.7255609 ], [ 142.8727448, -1.7256359 ], [ 142.873072, -1.7256681 ], [ 142.8736836, -1.7257807 ], [ 142.875105100000013, -1.7261319 ], [ 142.876974600000011, -1.7266923 ], [ 142.878541, -1.7271882 ], [ 142.879230400000012, -1.7274027 ], [ 142.87961390000001, -1.7275153 ], [ 142.879864700000013, -1.7276266 ], [ 142.880048499999987, -1.7277499 ], [ 142.8801343, -1.7278129 ], [ 142.88037030000001, -1.7280488 ], [ 142.8806466, -1.7283679 ], [ 142.8808477, -1.7286199 ], [ 142.880979200000013, -1.7288665 ], [ 142.881065, -1.7291427 ], [ 142.8810891, -1.7294081 ], [ 142.881081099999989, -1.729569 ], [ 142.8810435, -1.7297298 ], [ 142.8808075, -1.7303733 ], [ 142.880507099999988, -1.7311186 ], [ 142.8801772, -1.7323652 ], [ 142.8801316, -1.7325958 ], [ 142.8800726, -1.7333143 ], [ 142.8800216, -1.7337781 ], [ 142.8800243, -1.734124 ], [ 142.880040400000013, -1.7344752 ], [ 142.8800377, -1.7357165 ], [ 142.8800109, -1.7359577 ], [ 142.8799573, -1.736325 ], [ 142.8797346, -1.7373063 ], [ 142.8796568, -1.7377299 ], [ 142.8795764, -1.7380301 ], [ 142.879501299999987, -1.7382339 ], [ 142.8792894, -1.7386414 ], [ 142.8789327, -1.7395824 ], [ 142.878297, -1.7412366 ], [ 142.8771597, -1.7443036 ], [ 142.8767225, -1.7454511 ], [ 142.8758857, -1.7478103 ], [ 142.875660399999987, -1.7483948 ], [ 142.8754243, -1.7488907 ], [ 142.8751481, -1.749317 ], [ 142.874592799999988, -1.7500704 ], [ 142.8744131, -1.7503492 ], [ 142.8740483, -1.7507272 ], [ 142.8735656, -1.7511642 ], [ 142.872946, -1.7517486 ], [ 142.8726912, -1.7519926 ], [ 142.8724498, -1.7521481 ], [ 142.8721467, -1.7522848 ], [ 142.8719187, -1.7523626 ], [ 142.8715968, -1.7524135 ], [ 142.8709048, -1.7524671 ], [ 142.870738499999987, -1.7524537 ], [ 142.8704354, -1.7523867 ], [ 142.870298600000012, -1.7523384 ], [ 142.870035800000011, -1.7521695 ], [ 142.868354, -1.7509631 ], [ 142.8668869, -1.7499095 ], [ 142.8654009, -1.7487138 ], [ 142.8645962, -1.7478746 ], [ 142.8636789, -1.7468747 ], [ 142.8623459, -1.7457755 ], [ 142.8612757, -1.745057 ], [ 142.8599319, -1.7442232 ], [ 142.8595939, -1.7440436 ], [ 142.8594947, -1.7439524 ], [ 142.8594357, -1.743872 ], [ 142.8588536, -1.7427808 ], [ 142.8582609, -1.7421642 ], [ 142.8578451, -1.7418371 ], [ 142.8574616, -1.7415905 ], [ 142.8571384, -1.741372 ], [ 142.8570619, -1.7413385 ], [ 142.8569171, -1.7413116 ], [ 142.8567266, -1.7412768 ], [ 142.856675700000011, -1.7412205 ], [ 142.8566837, -1.741132 ], [ 142.856715900000012, -1.7410248 ], [ 142.856729300000012, -1.7409095 ], [ 142.856702500000011, -1.7407299 ], [ 142.8566006, -1.7406066 ], [ 142.856394, -1.7404671 ], [ 142.8561097, -1.7403009 ], [ 142.8560266, -1.7402446 ], [ 142.8558898, -1.7402071 ], [ 142.8555706, -1.7401508 ], [ 142.855130699999989, -1.7400864 ], [ 142.8540927, -1.7399953 ], [ 142.8539479, -1.7399738 ], [ 142.8523385, -1.7396789 ], [ 142.8512335, -1.7395637 ], [ 142.8508204, -1.7395342 ], [ 142.850168599999989, -1.7395368 ], [ 142.8496671, -1.7395931 ], [ 142.849085, -1.7397004 ], [ 142.8487471, -1.7398103 ], [ 142.8481382, -1.7401159 ], [ 142.8471351, -1.7406629 ], [ 142.8449034, -1.7420516 ], [ 142.844423400000011, -1.7423599 ], [ 142.844160499999987, -1.7425985 ], [ 142.843388, -1.7434457 ], [ 142.843216399999989, -1.7436602 ], [ 142.842747, -1.7443599 ], [ 142.842545800000011, -1.7446521 ], [ 142.841668700000014, -1.7456843 ], [ 142.8411618, -1.7462956 ], [ 142.8408641, -1.7466602 ], [ 142.840359799999987, -1.7472714 ], [ 142.8401211, -1.7476709 ], [ 142.8397912, -1.7483331 ], [ 142.839555100000013, -1.7489417 ], [ 142.8392628, -1.7496709 ], [ 142.8392038, -1.7498559 ], [ 142.838989199999986, -1.7507781 ], [ 142.8389168, -1.7512366 ], [ 142.8388095, -1.751872 ], [ 142.8386137, -1.7525234 ], [ 142.8385037, -1.7528076 ], [ 142.838380300000011, -1.7530355 ], [ 142.8381067, -1.7533679 ], [ 142.8379324, -1.7535395 ] ] ] ] } },
{ "type": "Feature", "properties": { "FID": 127820, "id": 2323, "left": 140.0, "top": 0.0, "right": 145.0, "bottom": -5.0, "row_index": 18, "col_index": 64, "min_lon": 140.0, "min_lat": -5.0, "tile_id": "140_-5" }, "geometry": { "type": "MultiPolygon", "coordinates": [ [ [ [ 143.0489981, -1.4762586 ], [ 143.0485448, -1.4759851 ], [ 143.0481934, -1.4756955 ], [ 143.0473888, -1.474867 ], [ 143.046806800000013, -1.4740572 ], [ 143.0465493, -1.4736631 ], [ 143.046165699999989, -1.472671 ], [ 143.0460209, -1.4721159 ], [ 143.0460075, -1.4716119 ], [ 143.0460799, -1.4710354 ], [ 143.046348099999989, -1.4703865 ], [ 143.046860400000014, -1.4692871 ], [ 143.0478501, -1.467008 ], [ 143.0480969, -1.466327 ], [ 143.0485985, -1.4647771 ], [ 143.048751399999986, -1.4640237 ], [ 143.0488104, -1.4620663 ], [ 143.0487487, -1.4613531 ], [ 143.0486467, -1.460058 ], [ 143.0484992, -1.4593743 ], [ 143.0483061, -1.4584841 ], [ 143.048239, -1.4578191 ], [ 143.0483571, -1.4564891 ], [ 143.048426799999987, -1.4558295 ], [ 143.0486843, -1.4553415 ], [ 143.0489069, -1.4551619 ], [ 143.0492851, -1.4548642 ], [ 143.0495962, -1.4547758 ], [ 143.050712, -1.4546336 ], [ 143.0519888, -1.4545076 ], [ 143.053166299999987, -1.4544406 ], [ 143.054848, -1.4544272 ], [ 143.0559772, -1.4544647 ], [ 143.057007199999987, -1.4545478 ], [ 143.0576965, -1.4547382 ], [ 143.0588257, -1.4550198 ], [ 143.0604941, -1.455615 ], [ 143.0614597, -1.4559368 ], [ 143.0627203, -1.456347 ], [ 143.0665921, -1.4573485 ], [ 143.0697369, -1.4577091 ], [ 143.07239770000001, -1.458417 ], [ 143.0737066, -1.458964 ], [ 143.0748117, -1.459747 ], [ 143.0766839, -1.4608222 ], [ 143.0776414, -1.4611895 ], [ 143.0793741, -1.4618223 ], [ 143.0806106, -1.4623103 ], [ 143.081262400000014, -1.4626616 ], [ 143.081477, -1.4629619 ], [ 143.0815896, -1.4633131 ], [ 143.0815682, -1.4635759 ], [ 143.081431400000014, -1.4639835 ], [ 143.080945899999989, -1.4644313 ], [ 143.0805302, -1.4646753 ], [ 143.079548499999987, -1.4649059 ], [ 143.078663299999988, -1.4650131 ], [ 143.078025, -1.4651767 ], [ 143.0772471, -1.4654206 ], [ 143.0759597, -1.4660427 ], [ 143.075356199999987, -1.4663913 ], [ 143.0745354, -1.4667721 ], [ 143.0737227, -1.4670804 ], [ 143.0727786, -1.4672306 ], [ 143.071960499999989, -1.4674343 ], [ 143.0708179, -1.4677052 ], [ 143.0697691, -1.4679304 ], [ 143.069053, -1.4682441 ], [ 143.0681035, -1.4686168 ], [ 143.066478100000012, -1.4692228 ], [ 143.0647722, -1.4698194 ], [ 143.064082899999988, -1.47018 ], [ 143.0622482, -1.4713866 ], [ 143.0612075, -1.4721159 ], [ 143.0606684, -1.4725879 ], [ 143.0601695, -1.4731295 ], [ 143.058951799999988, -1.4742825 ], [ 143.05843680000001, -1.4748804 ], [ 143.0580908, -1.4751351 ], [ 143.05731560000001, -1.4754381 ], [ 143.0557197, -1.4756177 ], [ 143.054110400000013, -1.4758564 ], [ 143.0533031, -1.4759046 ], [ 143.052699600000011, -1.4759985 ], [ 143.0519727, -1.4761594 ], [ 143.0511975, -1.4763363 ], [ 143.0501676, -1.476449 ], [ 143.0496023, -1.4764135 ], [ 143.0489981, -1.4762586 ] ] ] ] } },
{ "type": "Feature", "properties": { "FID": 128984, "id": 2323, "left": 140.0, "top": 0.0, "right": 145.0, "bottom": -5.0, "row_index": 18, "col_index": 64, "min_lon": 140.0, "min_lat": -5.0, "tile_id": "140_-5" }, "geometry": { "type": "MultiPolygon", "coordinates": [ [ [ [ 142.8156141, -1.7109922 ], [ 142.8151743, -1.7090768 ], [ 142.8163367, -1.7098618 ], [ 142.817499, -1.7099874 ], [ 142.818033, -1.7113376 ], [ 142.8163367, -1.7128134 ], [ 142.8156141, -1.7109922 ] ] ] ] } },
{ "type": "Feature", "properties": { "FID": 128992, "id": 2323, "left": 140.0, "top": 0.0, "right": 145.0, "bottom": -5.0, "row_index": 18, "col_index": 64, "min_lon": 140.0, "min_lat": -5.0, "tile_id": "140_-5" }, "geometry": { "type": "MultiPolygon", "coordinates": [ [ [ [ 144.511471199999988, -1.415975 ], [ 144.5113009, -1.416148 ], [ 144.510843599999987, -1.4165703 ], [ 144.510316499999988, -1.4170878 ], [ 144.510165, -1.4172031 ], [ 144.5100792, -1.4172527 ], [ 144.50993840000001, -1.4173197 ], [ 144.509827, -1.4173774 ], [ 144.5096943, -1.4174739 ], [ 144.509148399999987, -1.4178828 ], [ 144.508932499999986, -1.4180571 ], [ 144.50843230000001, -1.4183548 ], [ 144.5080595, -1.4184969 ], [ 144.507575300000013, -1.4186216 ], [ 144.5074466, -1.4186242 ], [ 144.507002699999987, -1.4185653 ], [ 144.5068686, -1.418521 ], [ 144.506413900000013, -1.4183266 ], [ 144.5063455, -1.4182837 ], [ 144.5062946, -1.4182314 ], [ 144.505982100000011, -1.4178306 ], [ 144.504917299999988, -1.4166722 ], [ 144.50461820000001, -1.4163464 ], [ 144.5045364, -1.4161694 ], [ 144.504552499999988, -1.4160085 ], [ 144.5046169, -1.4159067 ], [ 144.5047563, -1.4158048 ], [ 144.5050675, -1.41566 ], [ 144.505260600000014, -1.4156224 ], [ 144.5057434, -1.4155742 ], [ 144.5066768, -1.4154535 ], [ 144.507975, -1.4151183 ], [ 144.5090854, -1.4148395 ], [ 144.5092759, -1.4148019 ], [ 144.509439500000013, -1.4147939 ], [ 144.509796200000011, -1.4147858 ], [ 144.5102736, -1.414759 ], [ 144.5103943, -1.4147349 ], [ 144.5106089, -1.4146571 ], [ 144.5108718, -1.4145338 ], [ 144.5112392, -1.4143059 ], [ 144.5121485, -1.4134827 ], [ 144.5126045, -1.4128391 ], [ 144.5132428, -1.4117827 ], [ 144.5135942, -1.4106618 ], [ 144.513934799999987, -1.4097582 ], [ 144.514055500000012, -1.4089055 ], [ 144.5141494, -1.4081789 ], [ 144.5142138, -1.4075005 ], [ 144.5142138, -1.406924 ], [ 144.51415750000001, -1.4064708 ], [ 144.5140207, -1.4059292 ], [ 144.5138034, -1.4053446 ], [ 144.5135191, -1.4047574 ], [ 144.5134386, -1.4046233 ], [ 144.513258900000011, -1.4044571 ], [ 144.5130014, -1.4042855 ], [ 144.5128056, -1.4041702 ], [ 144.5126903, -1.40413 ], [ 144.512403299999988, -1.4041031 ], [ 144.511655, -1.4041326 ], [ 144.5110568, -1.4041648 ], [ 144.5106491, -1.4042587 ], [ 144.5102924, -1.4042774 ], [ 144.5100966, -1.4042694 ], [ 144.5099008, -1.404264 ], [ 144.50919540000001, -1.4044008 ], [ 144.5089218, -1.4044919 ], [ 144.5085812, -1.4047413 ], [ 144.5084953, -1.4048325 ], [ 144.5084175, -1.4049397 ], [ 144.5083371, -1.4051596 ], [ 144.5082593, -1.405291 ], [ 144.508176099999986, -1.405342 ], [ 144.5080662, -1.4053527 ], [ 144.507916, -1.4052856 ], [ 144.507730900000013, -1.405165 ], [ 144.5073554, -1.404921 ], [ 144.5072776, -1.4048271 ], [ 144.5072079, -1.4047199 ], [ 144.5069021, -1.4039905 ], [ 144.506853799999988, -1.4035695 ], [ 144.506792100000013, -1.4026954 ], [ 144.5066875, -1.4016899 ], [ 144.5066929, -1.4011187 ], [ 144.5067278, -1.4009069 ], [ 144.5068726, -1.4006629 ], [ 144.507283, -1.4003036 ], [ 144.5080474, -1.399888 ], [ 144.5088628, -1.399719 ], [ 144.5092732, -1.3996922 ], [ 144.5104936, -1.3997164 ], [ 144.511579899999987, -1.3997244 ], [ 144.512153899999987, -1.3997995 ], [ 144.5124382, -1.3998343 ], [ 144.5127735, -1.3999041 ], [ 144.5138517, -1.4004591 ], [ 144.515345700000012, -1.4010705 ], [ 144.5167083, -1.4018186 ], [ 144.517419, -1.4024085 ], [ 144.518127099999987, -1.4030681 ], [ 144.5188379, -1.4039932 ], [ 144.5195433, -1.4053098 ], [ 144.5196962, -1.4058058 ], [ 144.5197445, -1.4060874 ], [ 144.519733800000012, -1.406259 ], [ 144.5197016, -1.4064011 ], [ 144.5196024, -1.4066719 ], [ 144.519256399999989, -1.4073932 ], [ 144.5190686, -1.4077096 ], [ 144.5189747, -1.4078088 ], [ 144.518647499999986, -1.4080958 ], [ 144.518229100000013, -1.4083693 ], [ 144.5177811, -1.4087741 ], [ 144.516499, -1.410198 ], [ 144.515238399999987, -1.411721 ], [ 144.5145437, -1.4126032 ], [ 144.513819500000011, -1.41348 ], [ 144.5132039, -1.4140967 ], [ 144.512495800000011, -1.414818 ], [ 144.511707300000012, -1.4157109 ], [ 144.511471199999988, -1.415975 ] ] ] ] } },
{ "type": "Feature", "properties": { "FID": 135038, "id": 2323, "left": 140.0, "top": 0.0, "right": 145.0, "bottom": -5.0, "row_index": 18, "col_index": 64, "min_lon": 140.0, "min_lat": -5.0, "tile_id": "140_-5" }, "geometry": { "type": "MultiPolygon", "coordinates": [ [ [ [ 144.5880515, -3.513127 ], [ 144.5874772, -3.5130592 ], [ 144.5869467, -3.5123776 ], [ 144.586908200000011, -3.5116886 ], [ 144.586157899999989, -3.5112708 ], [ 144.58619010000001, -3.5098359 ], [ 144.586399699999987, -3.5094227 ], [ 144.5868013, -3.5093219 ], [ 144.5873436, -3.5097867 ], [ 144.587648800000011, -3.5104891 ], [ 144.587247, -3.5112213 ], [ 144.587637699999988, -3.5115172 ], [ 144.5881159, -3.5118315 ], [ 144.5883469, -3.5126845 ], [ 144.5880515, -3.513127 ] ] ] ] } },
{ "type": "Feature", "properties": { "FID": 135040, "id": 2323, "left": 140.0, "top": 0.0, "right": 145.0, "bottom": -5.0, "row_index": 18, "col_index": 64, "min_lon": 140.0, "min_lat": -5.0, "tile_id": "140_-5" }, "geometry": { "type": "MultiPolygon", "coordinates": [ [ [ [ 144.589363, -3.5077223 ], [ 144.589052, -3.5079663 ], [ 144.588659400000012, -3.5078776 ], [ 144.588607599999989, -3.5076558 ], [ 144.5888075, -3.5074045 ], [ 144.5890372, -3.5073084 ], [ 144.5894149, -3.5074562 ], [ 144.589363, -3.5077223 ] ] ] ] } },
{ "type": "Feature", "properties": { "FID": 135041, "id": 2323, "left": 140.0, "top": 0.0, "right": 145.0, "bottom": -5.0, "row_index": 18, "col_index": 64, "min_lon": 140.0, "min_lat": -5.0, "tile_id": "140_-5" }, "geometry": { "type": "MultiPolygon", "coordinates": [ [ [ [ 144.1256822, -3.2125441 ], [ 144.1259361, -3.2142335 ], [ 144.12644370000001, -3.2159229 ], [ 144.1274589, -3.2172744 ], [ 144.1281357, -3.2185415 ], [ 144.1299124, -3.2193017 ], [ 144.130843, -3.2203998 ], [ 144.131689099999988, -3.2228494 ], [ 144.1321967, -3.2242854 ], [ 144.1330427, -3.2255524 ], [ 144.1330427, -3.2274952 ], [ 144.1321967, -3.229438 ], [ 144.1323659, -3.2314652 ], [ 144.1317737, -3.2323099 ], [ 144.1305892, -3.2325633 ], [ 144.1293202, -3.2322254 ], [ 144.127712699999989, -3.2314652 ], [ 144.125513, -3.2316342 ], [ 144.1244132, -3.2329012 ], [ 144.123736400000013, -3.2339148 ], [ 144.1226365, -3.2356042 ], [ 144.123736400000013, -3.2366178 ], [ 144.1230596, -3.2372935 ], [ 144.1222981, -3.2374625 ], [ 144.122213499999987, -3.2392363 ], [ 144.1220443, -3.2407567 ], [ 144.1200138, -3.2412635 ], [ 144.1190832, -3.2422771 ], [ 144.1187448, -3.2432063 ], [ 144.1177296, -3.2432907 ], [ 144.1162067, -3.2423616 ], [ 144.1151915, -3.2432063 ], [ 144.1134994, -3.2433752 ], [ 144.1120612, -3.2446422 ], [ 144.1101999, -3.2454869 ], [ 144.10943850000001, -3.2465005 ], [ 144.1077464, -3.2475141 ], [ 144.106562, -3.2482743 ], [ 144.1056313, -3.2497947 ], [ 144.104277700000011, -3.2504704 ], [ 144.102754800000014, -3.2504704 ], [ 144.1004706, -3.2509772 ], [ 144.0977633, -3.2505549 ], [ 144.096325, -3.2513996 ], [ 144.094886800000012, -3.251653 ], [ 144.093363900000014, -3.2513151 ], [ 144.0913334, -3.2512306 ], [ 144.0895985, -3.2533132 ], [ 144.088643100000013, -3.2533085 ], [ 144.0872894, -3.2520922 ], [ 144.0865449, -3.2513489 ], [ 144.0856651, -3.2514165 ], [ 144.0845821, -3.2508083 ], [ 144.0841084, -3.2497947 ], [ 144.0839053, -3.2487135 ], [ 144.0824163, -3.248646 ], [ 144.0816041, -3.2476324 ], [ 144.081130300000012, -3.2458754 ], [ 144.0799121, -3.2450646 ], [ 144.0788291, -3.2446591 ], [ 144.0780169, -3.2443888 ], [ 144.0785584, -3.2430373 ], [ 144.0784672, -3.2424687 ], [ 144.0776578, -3.2410988 ], [ 144.0763974, -3.23957 ], [ 144.075341900000012, -3.2389678 ], [ 144.0752368, -3.2386398 ], [ 144.075407, -3.2381945 ], [ 144.0759584, -3.236334 ], [ 144.0759208, -3.2353966 ], [ 144.0750911, -3.2343946 ], [ 144.0747895, -3.2338988 ], [ 144.074545199999989, -3.2323714 ], [ 144.072949200000011, -3.2297685 ], [ 144.071958, -3.2286078 ], [ 144.069720499999988, -3.2245826 ], [ 144.0684046, -3.2227725 ], [ 144.0679236, -3.2211187 ], [ 144.066578600000014, -3.2185077 ], [ 144.0643451, -3.2167507 ], [ 144.0636006, -3.214318 ], [ 144.063736, -3.212561 ], [ 144.0641421, -3.2089119 ], [ 144.0645482, -3.2056682 ], [ 144.0653603, -3.2031003 ], [ 144.066714, -3.201884 ], [ 144.069489, -3.2020191 ], [ 144.0729408, -3.2012758 ], [ 144.075242, -3.2004648 ], [ 144.0772048, -3.1991133 ], [ 144.0788968, -3.1971536 ], [ 144.0803181, -3.1957345 ], [ 144.0822133, -3.195802 ], [ 144.0847852, -3.1954641 ], [ 144.085935799999987, -3.1950587 ], [ 144.0876955, -3.193572 ], [ 144.088981499999989, -3.1917474 ], [ 144.090064399999989, -3.1902607 ], [ 144.0915534, -3.1899904 ], [ 144.093854599999986, -3.1912068 ], [ 144.0960881, -3.1928286 ], [ 144.0975095, -3.1941802 ], [ 144.1000137, -3.1949911 ], [ 144.1017058, -3.1956669 ], [ 144.10231490000001, -3.1962075 ], [ 144.1028564, -3.1980997 ], [ 144.104413099999988, -3.1998567 ], [ 144.105699, -3.1999242 ], [ 144.107120400000014, -3.1999918 ], [ 144.109286200000014, -3.201884 ], [ 144.1099461, -3.2035903 ], [ 144.1114689, -3.2056176 ], [ 144.114260800000011, -3.2060399 ], [ 144.1156145, -3.2059554 ], [ 144.1174758, -3.2057865 ], [ 144.11882940000001, -3.2066312 ], [ 144.1215367, -3.2089119 ], [ 144.122467300000011, -3.2097566 ], [ 144.1217905, -3.2109392 ], [ 144.122213499999987, -3.2122062 ], [ 144.123144200000013, -3.2124597 ], [ 144.124244, -3.211615 ], [ 144.1256822, -3.2125441 ] ] ] ] } },
{ "type": "Feature", "properties": { "FID": 135042, "id": 2323, "left": 140.0, "top": 0.0, "right": 145.0, "bottom": -5.0, "row_index": 18, "col_index": 64, "min_lon": 140.0, "min_lat": -5.0, "tile_id": "140_-5" }, "geometry": { "type": "MultiPolygon", "coordinates": [ [ [ [ 144.8176038, -3.6249344 ], [ 144.8170888, -3.6239279 ], [ 144.8166489, -3.6232212 ], [ 144.816091, -3.6229642 ], [ 144.8152971, -3.6223325 ], [ 144.8144603, -3.6219685 ], [ 144.8136878, -3.6219256 ], [ 144.812926, -3.6218935 ], [ 144.8112845, -3.6215616 ], [ 144.8101258, -3.6209191 ], [ 144.8100293, -3.620523 ], [ 144.8094714, -3.6201482 ], [ 144.8090637, -3.6201589 ], [ 144.8085701, -3.6200839 ], [ 144.8084092, -3.6197841 ], [ 144.807926400000014, -3.6198805 ], [ 144.8077226, -3.6193344 ], [ 144.8077226, -3.6186599 ], [ 144.8075938, -3.6178568 ], [ 144.8076582, -3.6168182 ], [ 144.8075402, -3.6167432 ], [ 144.807196800000014, -3.6167111 ], [ 144.8066389, -3.6169145 ], [ 144.805673399999989, -3.6167539 ], [ 144.8052549, -3.6166361 ], [ 144.8048365, -3.6163792 ], [ 144.8045468, -3.6150514 ], [ 144.804428800000011, -3.6143983 ], [ 144.8043537, -3.6136702 ], [ 144.8045361, -3.6130491 ], [ 144.8050618, -3.6126744 ], [ 144.8051691, -3.612064 ], [ 144.8055339, -3.6114323 ], [ 144.806070299999988, -3.6109719 ], [ 144.8065317, -3.6102224 ], [ 144.8070252, -3.6091302 ], [ 144.8071861, -3.6085734 ], [ 144.8076153, -3.6085306 ], [ 144.8079908, -3.608295 ], [ 144.8081195, -3.6077061 ], [ 144.8087418, -3.6068281 ], [ 144.8091388, -3.6061856 ], [ 144.809653700000013, -3.6056395 ], [ 144.8101365, -3.605072 ], [ 144.8104477, -3.604376 ], [ 144.8109198, -3.6037336 ], [ 144.8114347, -3.6034552 ], [ 144.81269, -3.6030483 ], [ 144.8131621, -3.6028234 ], [ 144.813258600000012, -3.6025664 ], [ 144.8136341, -3.6024486 ], [ 144.8139989, -3.6024808 ], [ 144.8143101, -3.6020525 ], [ 144.814610499999986, -3.6021595 ], [ 144.8152542, -3.6021702 ], [ 144.815758499999987, -3.601592 ], [ 144.816091, -3.6010138 ], [ 144.816910299999989, -3.5998599 ], [ 144.817228300000011, -3.5996325 ], [ 144.817560899999989, -3.5989794 ], [ 144.8182583, -3.5977266 ], [ 144.819052199999987, -3.5972983 ], [ 144.820307500000013, -3.5972233 ], [ 144.821873900000014, -3.5975767 ], [ 144.8232233, -3.5975688 ], [ 144.8236978, -3.5981013 ], [ 144.8238802, -3.598701 ], [ 144.82412690000001, -3.5989044 ], [ 144.824599, -3.599065 ], [ 144.8248136, -3.5993755 ], [ 144.8256075, -3.5997182 ], [ 144.8262253, -3.6002124 ], [ 144.8259509, -3.6015706 ], [ 144.8261812, -3.6019748 ], [ 144.8267993, -3.6029001 ], [ 144.827770500000014, -3.6032085 ], [ 144.827925, -3.6034445 ], [ 144.8278391, -3.6039156 ], [ 144.828375599999987, -3.6042904 ], [ 144.829183199999989, -3.6051471 ], [ 144.8299527, -3.6055646 ], [ 144.8305321, -3.6066674 ], [ 144.830832500000014, -3.6080059 ], [ 144.8315672, -3.6088482 ], [ 144.8324418, -3.6092266 ], [ 144.8327529, -3.6099547 ], [ 144.83311230000001, -3.6106987 ], [ 144.8327592, -3.6115799 ], [ 144.832742200000013, -3.6124923 ], [ 144.8329799, -3.6133863 ], [ 144.83271, -3.6146981 ], [ 144.8329799, -3.6158536 ], [ 144.831655500000011, -3.6173957 ], [ 144.8306842, -3.6182328 ], [ 144.8294923, -3.6188497 ], [ 144.828590100000014, -3.6195165 ], [ 144.827947099999989, -3.6211407 ], [ 144.8267993, -3.6223744 ], [ 144.825639700000011, -3.6225038 ], [ 144.8250334, -3.6227269 ], [ 144.824641899999989, -3.6228572 ], [ 144.8242879, -3.6228893 ], [ 144.8233558, -3.6229472 ], [ 144.8220134, -3.6244419 ], [ 144.8213053, -3.6247738 ], [ 144.8205542, -3.6248059 ], [ 144.8199105, -3.6252985 ], [ 144.8189342, -3.6255019 ], [ 144.8176038, -3.6249344 ] ] ] ] } },
{ "type": "Feature", "properties": { "FID": 135043, "id": 2323, "left": 140.0, "top": 0.0, "right": 145.0, "bottom": -5.0, "row_index": 18, "col_index": 64, "min_lon": 140.0, "min_lat": -5.0, "tile_id": "140_-5" }, "geometry": { "type": "MultiPolygon", "coordinates": [ [ [ [ 144.8730665, -4.1755133 ], [ 144.872916300000014, -4.1752779 ], [ 144.8727769, -4.1749622 ], [ 144.8726964, -4.174668 ], [ 144.872573, -4.1743363 ], [ 144.8724765, -4.1740153 ], [ 144.8724014, -4.1736942 ], [ 144.8723477, -4.1734053 ], [ 144.872337, -4.1731164 ], [ 144.8723517, -4.1729773 ], [ 144.8723786, -4.1729265 ], [ 144.8724121, -4.1728864 ], [ 144.8724832, -4.1728222 ], [ 144.8725475, -4.1727874 ], [ 144.872666900000013, -4.1727366 ], [ 144.872815800000012, -4.172675 ], [ 144.872889500000014, -4.1726389 ], [ 144.8729539, -4.1725961 ], [ 144.87308, -4.1724691 ], [ 144.8732114, -4.1723085 ], [ 144.8733401, -4.1720999 ], [ 144.873415200000011, -4.1718966 ], [ 144.8734742, -4.171704 ], [ 144.8735332, -4.171506 ], [ 144.873624400000011, -4.1710726 ], [ 144.873694199999989, -4.17065 ], [ 144.8737478, -4.1700989 ], [ 144.8737156, -4.1697404 ], [ 144.873645900000014, -4.1694676 ], [ 144.8736083, -4.1693445 ], [ 144.8735601, -4.1692696 ], [ 144.8734581, -4.1690663 ], [ 144.873383, -4.1688309 ], [ 144.873356199999989, -4.168542 ], [ 144.8733723, -4.1682959 ], [ 144.873409900000013, -4.1681193 ], [ 144.8735654, -4.1678304 ], [ 144.8737425, -4.1676539 ], [ 144.874037499999986, -4.1674345 ], [ 144.8743701, -4.1673489 ], [ 144.8745739, -4.167381 ], [ 144.874767100000014, -4.1674559 ], [ 144.875003099999986, -4.1676432 ], [ 144.875185499999986, -4.1679 ], [ 144.8752713, -4.1683226 ], [ 144.875282, -4.1688737 ], [ 144.8752713, -4.1692696 ], [ 144.875223, -4.169612 ], [ 144.8751479, -4.1699973 ], [ 144.8750728, -4.1702701 ], [ 144.874901200000011, -4.1707463 ], [ 144.8747617, -4.1711636 ], [ 144.8746759, -4.1714097 ], [ 144.8745954, -4.1717093 ], [ 144.8745471, -4.1718324 ], [ 144.8744854, -4.1720223 ], [ 144.8743969, -4.172247 ], [ 144.8743647, -4.1723647 ], [ 144.8743325, -4.1725172 ], [ 144.8743245, -4.1725975 ], [ 144.8743164, -4.1727526 ], [ 144.8743084, -4.1728436 ], [ 144.874295, -4.1729399 ], [ 144.874268199999989, -4.1731753 ], [ 144.8742843, -4.1733572 ], [ 144.8743218, -4.1735391 ], [ 144.8743433, -4.1736621 ], [ 144.874362100000013, -4.1738374 ], [ 144.8743862, -4.174256 ], [ 144.8743916, -4.1745503 ], [ 144.874380800000012, -4.1749569 ], [ 144.8743325, -4.1753849 ], [ 144.8742896, -4.1755347 ], [ 144.8741555, -4.1757327 ], [ 144.874016, -4.1758343 ], [ 144.8738229, -4.1758664 ], [ 144.8736566, -4.1758985 ], [ 144.873490299999986, -4.1758878 ], [ 144.873265, -4.1757755 ], [ 144.8730665, -4.1755133 ] ] ] ] } },
{ "type": "Feature", "properties": { "FID": 135069, "id": 2323, "left": 140.0, "top": 0.0, "right": 145.0, "bottom": -5.0, "row_index": 18, "col_index": 64, "min_lon": 140.0, "min_lat": -5.0, "tile_id": "140_-5" }, "geometry": { "type": "MultiPolygon", "coordinates": [ [ [ [ 142.4899297, -3.1600998 ], [ 142.4896886, -3.1600108 ], [ 142.4893112, -3.1598224 ], [ 142.4890753, -3.159545 ], [ 142.4893007, -3.1593566 ], [ 142.4897148, -3.1592834 ], [ 142.4900293, -3.1592834 ], [ 142.490349, -3.1593933 ], [ 142.490663500000011, -3.1594665 ], [ 142.4910042, -3.1598224 ], [ 142.491098599999987, -3.160126 ], [ 142.4911615, -3.1605132 ], [ 142.4910147, -3.1608482 ], [ 142.490789299999989, -3.1608796 ], [ 142.49055340000001, -3.1608901 ], [ 142.4902914, -3.1606964 ], [ 142.4900922, -3.1603772 ], [ 142.4899297, -3.1600998 ] ] ] ] } },
{ "type": "Feature", "properties": { "FID": 135070, "id": 2323, "left": 140.0, "top": 0.0, "right": 145.0, "bottom": -5.0, "row_index": 18, "col_index": 64, "min_lon": 140.0, "min_lat": -5.0, "tile_id": "140_-5" }, "geometry": { "type": "MultiPolygon", "coordinates": [ [ [ [ 142.4871863, -3.1589987 ], [ 142.486987199999987, -3.1587685 ], [ 142.486887599999989, -3.1584701 ], [ 142.4869452, -3.1581352 ], [ 142.4871234, -3.1580201 ], [ 142.487417, -3.1580201 ], [ 142.487799599999988, -3.1582399 ], [ 142.487852, -3.1582765 ], [ 142.4882294, -3.1588156 ], [ 142.488082600000013, -3.1591139 ], [ 142.4878415, -3.1592133 ], [ 142.487464100000011, -3.1591924 ], [ 142.4871863, -3.1589987 ] ] ] ] } },
{ "type": "Feature", "properties": { "FID": 154288, "id": 2323, "left": 140.0, "top": 0.0, "right": 145.0, "bottom": -5.0, "row_index": 18, "col_index": 64, "min_lon": 140.0, "min_lat": -5.0, "tile_id": "140_-5" }, "geometry": { "type": "MultiPolygon", "coordinates": [ [ [ [ 142.4809545, -3.143896 ], [ 142.4809223, -3.1438103 ], [ 142.4809357, -3.1437085 ], [ 142.4810645, -3.1435826 ], [ 142.481485600000013, -3.1432639 ], [ 142.481965699999989, -3.143047 ], [ 142.4825075, -3.1427952 ], [ 142.483194200000014, -3.1424444 ], [ 142.483915700000011, -3.1421016 ], [ 142.4844709, -3.1418605 ], [ 142.4851736, -3.1416142 ], [ 142.485753, -3.1414454 ], [ 142.4863028, -3.1413088 ], [ 142.486777600000011, -3.1412285 ], [ 142.4872684, -3.1411749 ], [ 142.4877003, -3.1411589 ], [ 142.487939, -3.1411267 ], [ 142.4881777, -3.1410357 ], [ 142.4883413, -3.1409098 ], [ 142.4885425, -3.1406339 ], [ 142.488797299999987, -3.1401572 ], [ 142.488952899999987, -3.1399001 ], [ 142.4891326, -3.1397555 ], [ 142.4893874, -3.1396618 ], [ 142.4895617, -3.1396832 ], [ 142.4896824, -3.1397501 ], [ 142.4898058, -3.1399456 ], [ 142.4898943, -3.1404197 ], [ 142.4898943, -3.1408884 ], [ 142.4898407, -3.1411723 ], [ 142.4897066, -3.1414535 ], [ 142.4896449, -3.1416543 ], [ 142.4896288, -3.1419462 ], [ 142.48963950000001, -3.1427765 ], [ 142.4896556, -3.1437835 ], [ 142.4896717, -3.1442495 ], [ 142.4897119, -3.1447958 ], [ 142.489789699999989, -3.1453234 ], [ 142.4898997, -3.1458109 ], [ 142.4900714, -3.1463786 ], [ 142.490275200000013, -3.1472946 ], [ 142.4903315, -3.1477391 ], [ 142.4903315, -3.1482908 ], [ 142.490302, -3.148797 ], [ 142.490221600000012, -3.1492255 ], [ 142.490066, -3.1495951 ], [ 142.4897951, -3.1499674 ], [ 142.489323, -3.1504119 ], [ 142.4888, -3.1507735 ], [ 142.488303800000011, -3.1510493 ], [ 142.487845099999987, -3.1512395 ], [ 142.487399900000014, -3.1513654 ], [ 142.4867856, -3.1515394 ], [ 142.486265300000014, -3.1516144 ], [ 142.485981, -3.1515555 ], [ 142.485610799999989, -3.1513761 ], [ 142.485286300000013, -3.1510761 ], [ 142.4849886, -3.1507226 ], [ 142.484833, -3.1503718 ], [ 142.4846962, -3.1498977 ], [ 142.4845996, -3.1492576 ], [ 142.484591599999987, -3.1489148 ], [ 142.4845621, -3.1482962 ], [ 142.484382399999987, -3.1475758 ], [ 142.4840873, -3.146858 ], [ 142.4838781, -3.146392 ], [ 142.4836233, -3.1459582 ], [ 142.4834624, -3.1457412 ], [ 142.48328, -3.1454279 ], [ 142.483092199999987, -3.1451065 ], [ 142.4829394, -3.1449244 ], [ 142.4827623, -3.1447878 ], [ 142.4824834, -3.1446566 ], [ 142.4819764, -3.1445039 ], [ 142.4815017, -3.1443245 ], [ 142.4813005, -3.1442173 ], [ 142.481134200000014, -3.1440941 ], [ 142.4809545, -3.143896 ] ] ] ] } },
{ "type": "Feature", "properties": { "FID": 154289, "id": 2323, "left": 140.0, "top": 0.0, "right": 145.0, "bottom": -5.0, "row_index": 18, "col_index": 64, "min_lon": 140.0, "min_lat": -5.0, "tile_id": "140_-5" }, "geometry": { "type": "MultiPolygon", "coordinates": [ [ [ [ 142.3960116, -3.1157801 ], [ 142.396195400000011, -3.1156824 ], [ 142.3964006, -3.1156382 ], [ 142.396633900000012, -3.1156382 ], [ 142.3967613, -3.1156583 ], [ 142.3968391, -3.1157132 ], [ 142.396924899999988, -3.1158377 ], [ 142.397055, -3.1160239 ], [ 142.3972458, -3.1162428 ], [ 142.397519, -3.1164068 ], [ 142.397806, -3.1165059 ], [ 142.398079599999988, -3.1165113 ], [ 142.398511500000012, -3.1163881 ], [ 142.398774300000014, -3.1162897 ], [ 142.3988105, -3.1162589 ], [ 142.3988253, -3.1162227 ], [ 142.3988199, -3.1160908 ], [ 142.398824600000012, -3.1160654 ], [ 142.3988454, -3.1160567 ], [ 142.3988675, -3.1160593 ], [ 142.39890840000001, -3.1160814 ], [ 142.3989929, -3.1161069 ], [ 142.3991083, -3.1161109 ], [ 142.399359, -3.1160935 ], [ 142.3998901, -3.1160399 ], [ 142.4004453, -3.116064 ], [ 142.400861099999986, -3.1162408 ], [ 142.4011427, -3.1164336 ], [ 142.4013492, -3.1167095 ], [ 142.4015129, -3.1170898 ], [ 142.4015906, -3.1174567 ], [ 142.4015933, -3.1179334 ], [ 142.401569200000012, -3.1183325 ], [ 142.4015287, -3.1185418 ], [ 142.401427, -3.1188306 ], [ 142.4013278, -3.1191092 ], [ 142.4012634, -3.11946 ], [ 142.401204400000012, -3.1200037 ], [ 142.4011964, -3.1205661 ], [ 142.4011937, -3.1209866 ], [ 142.401252699999986, -3.1214178 ], [ 142.4013761, -3.1219508 ], [ 142.4014914, -3.1225936 ], [ 142.4014914, -3.1228641 ], [ 142.401440400000013, -3.1230917 ], [ 142.4012768, -3.1234238 ], [ 142.401043499999986, -3.1237907 ], [ 142.4008208, -3.1240103 ], [ 142.4005526, -3.1241791 ], [ 142.400287100000014, -3.1243291 ], [ 142.400126199999988, -3.1244924 ], [ 142.4000001, -3.1247201 ], [ 142.3998257, -3.1251218 ], [ 142.3996541, -3.1254834 ], [ 142.3994851, -3.1258663 ], [ 142.3992544, -3.1263324 ], [ 142.3990291, -3.1266243 ], [ 142.398707300000012, -3.1269457 ], [ 142.3984471, -3.1271412 ], [ 142.398181599999987, -3.1272804 ], [ 142.397870399999988, -3.1274492 ], [ 142.3977202, -3.1275563 ], [ 142.397586100000012, -3.1277679 ], [ 142.3975003, -3.1280036 ], [ 142.397401, -3.1282071 ], [ 142.397256199999987, -3.1284133 ], [ 142.3971435, -3.1285124 ], [ 142.3970497, -3.1285339 ], [ 142.3969397, -3.128499 ], [ 142.3968539, -3.128408 ], [ 142.396789500000011, -3.1281643 ], [ 142.3967439, -3.1279687 ], [ 142.3966098, -3.1277331 ], [ 142.396464900000012, -3.1276099 ], [ 142.3963067, -3.1275456 ], [ 142.396073300000012, -3.127476 ], [ 142.39578370000001, -3.1273688 ], [ 142.395494, -3.1272215 ], [ 142.395263300000011, -3.1270367 ], [ 142.395008499999989, -3.1267582 ], [ 142.39484490000001, -3.1264931 ], [ 142.3947188, -3.1261958 ], [ 142.394488200000012, -3.1254459 ], [ 142.394337900000011, -3.1249531 ], [ 142.394203800000014, -3.1245165 ], [ 142.3940912, -3.1241764 ], [ 142.3939517, -3.1238309 ], [ 142.3938712, -3.1235497 ], [ 142.3937881, -3.123156 ], [ 142.3937291, -3.1226739 ], [ 142.3936754, -3.1221704 ], [ 142.3936218, -3.1217419 ], [ 142.39355470000001, -3.1212062 ], [ 142.3935842, -3.1208741 ], [ 142.3936352, -3.1206652 ], [ 142.3937666, -3.1203626 ], [ 142.3940402, -3.1197493 ], [ 142.3943272, -3.1191199 ], [ 142.3945042, -3.1186458 ], [ 142.39467590000001, -3.1181531 ], [ 142.3948422, -3.1178022 ], [ 142.39488510000001, -3.1175719 ], [ 142.3948663, -3.1173335 ], [ 142.394799299999988, -3.1171487 ], [ 142.394716100000011, -3.11698 ], [ 142.3946089, -3.1167845 ], [ 142.3946075, -3.1167041 ], [ 142.3946585, -3.1166318 ], [ 142.394752399999987, -3.1165809 ], [ 142.3949307, -3.1165421 ], [ 142.3951882, -3.1164845 ], [ 142.3953947, -3.1164095 ], [ 142.3955449, -3.1162569 ], [ 142.3957998, -3.1159623 ], [ 142.3960116, -3.1157801 ] ] ] ] } },
{ "type": "Feature", "properties": { "FID": 154290, "id": 2323, "left": 140.0, "top": 0.0, "right": 145.0, "bottom": -5.0, "row_index": 18, "col_index": 64, "min_lon": 140.0, "min_lat": -5.0, "tile_id": "140_-5" }, "geometry": { "type": "MultiPolygon", "coordinates": [ [ [ [ 142.4645582, -3.1309978 ], [ 142.4647674, -3.1303015 ], [ 142.4651509, -3.1293802 ], [ 142.4655586, -3.1286731 ], [ 142.466025300000013, -3.1280464 ], [ 142.4665081, -3.1275643 ], [ 142.4669266, -3.1272001 ], [ 142.4674201, -3.1268466 ], [ 142.467876100000012, -3.1265091 ], [ 142.468206, -3.1262279 ], [ 142.4684125, -3.1260137 ], [ 142.4685332, -3.1258181 ], [ 142.468651200000011, -3.125553 ], [ 142.4688041, -3.1252825 ], [ 142.4690804, -3.124937 ], [ 142.4694532, -3.1244496 ], [ 142.4696812, -3.1241791 ], [ 142.4698663, -3.1239487 ], [ 142.4699843, -3.1237613 ], [ 142.470056699999986, -3.1235309 ], [ 142.4700594, -3.1232149 ], [ 142.470046, -3.1229498 ], [ 142.4700621, -3.1224088 ], [ 142.4701291, -3.122157 ], [ 142.4702498, -3.1219428 ], [ 142.47051, -3.1216615 ], [ 142.4708426, -3.1214339 ], [ 142.4711537, -3.1212973 ], [ 142.471574800000013, -3.1211741 ], [ 142.4719906, -3.121142 ], [ 142.4723822, -3.1212009 ], [ 142.4728462, -3.1214098 ], [ 142.473329, -3.1216964 ], [ 142.473809100000011, -3.1220686 ], [ 142.4741256, -3.1224677 ], [ 142.4743134, -3.1228855 ], [ 142.474418, -3.123381 ], [ 142.474498399999987, -3.1239139 ], [ 142.4746084, -3.1246665 ], [ 142.4746889, -3.12532 ], [ 142.474761300000011, -3.1260137 ], [ 142.4747425, -3.1266189 ], [ 142.474667399999987, -3.1269323 ], [ 142.474544, -3.1270983 ], [ 142.4744153, -3.1271867 ], [ 142.4742785, -3.1272242 ], [ 142.4740157, -3.127184 ], [ 142.4737206, -3.1270849 ], [ 142.47340410000001, -3.1270073 ], [ 142.47316, -3.1269966 ], [ 142.4729347, -3.1270608 ], [ 142.4725163, -3.1272617 ], [ 142.4721864, -3.1274438 ], [ 142.4718672, -3.127642 ], [ 142.4713468, -3.1280036 ], [ 142.4707407, -3.128416 ], [ 142.4700513, -3.128874 ], [ 142.469649, -3.1291418 ], [ 142.4693567, -3.1293855 ], [ 142.4691367, -3.12964 ], [ 142.468908699999986, -3.1299774 ], [ 142.4686351, -3.1304166 ], [ 142.4684393, -3.1307782 ], [ 142.4681818, -3.1312147 ], [ 142.4677259, -3.1319673 ], [ 142.4674416, -3.1323262 ], [ 142.4670607, -3.1326369 ], [ 142.4664974, -3.1329636 ], [ 142.4656606, -3.1332984 ], [ 142.4650973, -3.1334939 ], [ 142.4649444, -3.1335019 ], [ 142.464837100000011, -3.1334484 ], [ 142.464695, -3.1332636 ], [ 142.4643812, -3.1327895 ], [ 142.4642819, -3.1325297 ], [ 142.464239, -3.1323074 ], [ 142.464271200000013, -3.1320503 ], [ 142.46439190000001, -3.1316218 ], [ 142.4645582, -3.1309978 ] ] ] ] } },
{ "type": "Feature", "properties": { "FID": 154348, "id": 2323, "left": 140.0, "top": 0.0, "right": 145.0, "bottom": -5.0, "row_index": 18, "col_index": 64, "min_lon": 140.0, "min_lat": -5.0, "tile_id": "140_-5" }, "geometry": { "type": "MultiPolygon", "coordinates": [ [ [ [ 140.7061042, -2.5972472 ], [ 140.7061048, -2.5972345 ], [ 140.706105400000013, -2.5972207 ], [ 140.706109, -2.5971425 ], [ 140.7061549, -2.5970028 ], [ 140.7062369, -2.596886 ], [ 140.7063345, -2.5968172 ], [ 140.706475399999988, -2.596766 ], [ 140.7066242, -2.5967227 ], [ 140.7067712, -2.5967186 ], [ 140.7068535, -2.5967284 ], [ 140.7069555, -2.5967109 ], [ 140.7070397, -2.5967665 ], [ 140.7071824, -2.5967808 ], [ 140.7072507, -2.5968027 ], [ 140.7073092, -2.5967951 ], [ 140.7073347, -2.5967636 ], [ 140.707327099999986, -2.5967065 ], [ 140.707399400000014, -2.596687 ], [ 140.7074754, -2.5967264 ], [ 140.707537800000011, -2.5967852 ], [ 140.7076047, -2.5967865 ], [ 140.7076639, -2.5968192 ], [ 140.7076777, -2.5968602 ], [ 140.7077784, -2.5968966 ], [ 140.7078986, -2.5969332 ], [ 140.7079833, -2.5969682 ], [ 140.7080182, -2.5970488 ], [ 140.7080068, -2.5971727 ], [ 140.7080071, -2.5973176 ], [ 140.707996900000012, -2.5973819 ], [ 140.707984, -2.5974391 ], [ 140.707969600000013, -2.597461 ], [ 140.7079616, -2.5974732 ], [ 140.7079312, -2.5975333 ], [ 140.7078937, -2.5975989 ], [ 140.7078548, -2.5976337 ], [ 140.707809200000014, -2.597678 ], [ 140.707752, -2.5977131 ], [ 140.707687099999987, -2.5977128 ], [ 140.7076295, -2.5977088 ], [ 140.7075208, -2.5977021 ], [ 140.7074801, -2.5977041 ], [ 140.70746410000001, -2.5977049 ], [ 140.7074505, -2.5977056 ], [ 140.707365900000013, -2.5977098 ], [ 140.7072011, -2.5976862 ], [ 140.707029799999987, -2.5976863 ], [ 140.706927799999988, -2.5976883 ], [ 140.7068702, -2.5977439 ], [ 140.7068358, -2.5978549 ], [ 140.7068054, -2.5979694 ], [ 140.7067577, -2.5980323 ], [ 140.706688500000013, -2.5980327 ], [ 140.7066012, -2.5980475 ], [ 140.706540600000011, -2.5980121 ], [ 140.7065304, -2.5979338 ], [ 140.706487, -2.5978825 ], [ 140.7063952, -2.5978328 ], [ 140.706335200000012, -2.5978329 ], [ 140.706332, -2.5978991 ], [ 140.7063183, -2.5979576 ], [ 140.7063321, -2.598052 ], [ 140.7063886, -2.5981239 ], [ 140.7064468, -2.5981898 ], [ 140.7064892, -2.5982194 ], [ 140.706489299999987, -2.5982461 ], [ 140.7064565, -2.5982621 ], [ 140.7064179, -2.5982573 ], [ 140.7063772, -2.5982257 ], [ 140.706357700000012, -2.5981706 ], [ 140.706326499999989, -2.5981597 ], [ 140.7062738, -2.5981338 ], [ 140.7062287, -2.5980981 ], [ 140.7062015, -2.5980418 ], [ 140.7061864, -2.5979558 ], [ 140.706165199999987, -2.5979245 ], [ 140.706185, -2.5978388 ], [ 140.706171899999987, -2.5977572 ], [ 140.7061239, -2.5976952 ], [ 140.706130300000012, -2.5975774 ], [ 140.706113499999987, -2.5974366 ], [ 140.7061024, -2.5972852 ], [ 140.7061042, -2.5972472 ] ] ] ] } },
{ "type": "Feature", "properties": { "FID": 291466, "id": 2323, "left": 140.0, "top": 0.0, "right": 145.0, "bottom": -5.0, "row_index": 18, "col_index": 64, "min_lon": 140.0, "min_lat": -5.0, "tile_id": "140_-5" }, "geometry": { "type": "MultiPolygon", "coordinates": [ [ [ [ 140.7089236, -2.5915514 ], [ 140.7088512, -2.5914495 ], [ 140.7087278, -2.5912164 ], [ 140.7086018, -2.590978 ], [ 140.7083711, -2.5907958 ], [ 140.7081966, -2.5906776 ], [ 140.7078831, -2.5904499 ], [ 140.7075879, -2.5903121 ], [ 140.707369300000011, -2.5902719 ], [ 140.707268699999986, -2.5902585 ], [ 140.7071815, -2.590225 ], [ 140.707144, -2.5901286 ], [ 140.707144, -2.5900509 ], [ 140.707152, -2.589929 ], [ 140.7071695, -2.5897762 ], [ 140.7071453, -2.5896744 ], [ 140.707107799999989, -2.5896195 ], [ 140.7068143, -2.5895104 ], [ 140.7067985, -2.5895001 ], [ 140.70678, -2.5894881 ], [ 140.7067482, -2.5894719 ], [ 140.706533799999988, -2.5895163 ], [ 140.70641710000001, -2.5895203 ], [ 140.706342, -2.5895056 ], [ 140.706244, -2.5894611 ], [ 140.7061075, -2.5893566 ], [ 140.7059437, -2.5892524 ], [ 140.7057452, -2.5891023 ], [ 140.7056969, -2.5890005 ], [ 140.705682200000012, -2.5888197 ], [ 140.7057533, -2.5887071 ], [ 140.7058451, -2.5886247 ], [ 140.70590150000001, -2.5886026 ], [ 140.7060128, -2.5885818 ], [ 140.70624140000001, -2.5885457 ], [ 140.7063588, -2.5885108 ], [ 140.706418500000012, -2.588482 ], [ 140.70645, -2.5884278 ], [ 140.7064567, -2.5883387 ], [ 140.7064466, -2.5882603 ], [ 140.706448, -2.5881839 ], [ 140.7064708, -2.5881016 ], [ 140.706515, -2.5880433 ], [ 140.7065767, -2.5880272 ], [ 140.7066672, -2.5880419 ], [ 140.7067792, -2.5881083 ], [ 140.7068811, -2.5881243 ], [ 140.7069871, -2.5881083 ], [ 140.7070917, -2.5880681 ], [ 140.7071909, -2.5880359 ], [ 140.707254, -2.588052 ], [ 140.7072996, -2.5880895 ], [ 140.70732240000001, -2.5881337 ], [ 140.707429600000012, -2.5882931 ], [ 140.7074605, -2.588411 ], [ 140.707444400000014, -2.588537 ], [ 140.7074498, -2.5885999 ], [ 140.7074699, -2.5886388 ], [ 140.7075423, -2.5886669 ], [ 140.707681799999989, -2.5886843 ], [ 140.7079352, -2.5887634 ], [ 140.7081552, -2.5888598 ], [ 140.7082316, -2.5889094 ], [ 140.708308100000011, -2.588959 ], [ 140.7083175, -2.5889898 ], [ 140.7083121, -2.589022 ], [ 140.708284600000013, -2.5890568 ], [ 140.7081646, -2.5891827 ], [ 140.708068, -2.5893931 ], [ 140.7080291, -2.5895592 ], [ 140.708035700000011, -2.5897023 ], [ 140.7081162, -2.589847 ], [ 140.7082235, -2.5899381 ], [ 140.7083429, -2.5899812 ], [ 140.708583, -2.5900174 ], [ 140.7087077, -2.590012 ], [ 140.7088915, -2.5900241 ], [ 140.7090335, -2.5900721 ], [ 140.7092522, -2.5901835 ], [ 140.7093702, -2.590284 ], [ 140.70949490000001, -2.5903845 ], [ 140.7096009, -2.5905077 ], [ 140.709718900000013, -2.5906136 ], [ 140.7098396, -2.5907167 ], [ 140.71006890000001, -2.5908493 ], [ 140.710165499999988, -2.5908862 ], [ 140.71023120000001, -2.5908869 ], [ 140.710277499999989, -2.590907 ], [ 140.7103056, -2.5909478 ], [ 140.71030970000001, -2.5909927 ], [ 140.7102875, -2.5910376 ], [ 140.710250699999989, -2.5910624 ], [ 140.7101628, -2.5910711 ], [ 140.7099938, -2.5910878 ], [ 140.70987980000001, -2.5910851 ], [ 140.7097618, -2.5910959 ], [ 140.70967060000001, -2.5911294 ], [ 140.7096264, -2.5911829 ], [ 140.7096036, -2.5912995 ], [ 140.7095821, -2.5914201 ], [ 140.7095057, -2.5915246 ], [ 140.7094011, -2.5916023 ], [ 140.7092696, -2.5916398 ], [ 140.709111400000012, -2.5916371 ], [ 140.7089236, -2.5915514 ] ] ] ] } },
{ "type": "Feature", "properties": { "FID": 291467, "id": 2323, "left": 140.0, "top": 0.0, "right": 145.0, "bottom": -5.0, "row_index": 18, "col_index": 64, "min_lon": 140.0, "min_lat": -5.0, "tile_id": "140_-5" }, "geometry": { "type": "MultiPolygon", "coordinates": [ [ [ [ 140.7062577, -2.594244 ], [ 140.706185, -2.5942709 ], [ 140.706043099999988, -2.5943458 ], [ 140.7059921, -2.5944476 ], [ 140.7058685, -2.5944076 ], [ 140.705745400000012, -2.5943217 ], [ 140.7057105, -2.5942172 ], [ 140.7057719, -2.5941128 ], [ 140.7058068, -2.5939923 ], [ 140.7058202, -2.593869 ], [ 140.705822899999987, -2.5937699 ], [ 140.7059114, -2.5936975 ], [ 140.7060428, -2.5936895 ], [ 140.7061984, -2.5937243 ], [ 140.70631370000001, -2.5937833 ], [ 140.706407899999988, -2.5939519 ], [ 140.7064076, -2.5941369 ], [ 140.7062577, -2.594244 ] ] ] ] } },
{ "type": "Feature", "properties": { "FID": 291468, "id": 2323, "left": 140.0, "top": 0.0, "right": 145.0, "bottom": -5.0, "row_index": 18, "col_index": 64, "min_lon": 140.0, "min_lat": -5.0, "tile_id": "140_-5" }, "geometry": { "type": "MultiPolygon", "coordinates": [ [ [ [ 140.7056163, -2.5962348 ], [ 140.7056485, -2.5960365 ], [ 140.7057397, -2.5959294 ], [ 140.7056754, -2.5957579 ], [ 140.7056485, -2.5956346 ], [ 140.7056217, -2.5954739 ], [ 140.7057666, -2.5952702 ], [ 140.7057987, -2.5951363 ], [ 140.705906, -2.5948897 ], [ 140.7059758, -2.5945896 ], [ 140.7060509, -2.5945468 ], [ 140.706179600000013, -2.5944717 ], [ 140.706179600000013, -2.5944235 ], [ 140.7062762, -2.5943271 ], [ 140.7063674, -2.5942735 ], [ 140.70631370000001, -2.5944932 ], [ 140.706281499999989, -2.5946004 ], [ 140.706254699999988, -2.5947343 ], [ 140.706254699999988, -2.5948576 ], [ 140.7061903, -2.5949487 ], [ 140.7061903, -2.595088 ], [ 140.7061903, -2.5952327 ], [ 140.706201099999987, -2.595372 ], [ 140.706244, -2.5955596 ], [ 140.7062386, -2.5957097 ], [ 140.7061474, -2.5958758 ], [ 140.7059597, -2.5959937 ], [ 140.7058417, -2.5960526 ], [ 140.7057129, -2.5962348 ], [ 140.7056163, -2.5962348 ] ] ] ] } },
{ "type": "Feature", "properties": { "FID": 291469, "id": 2323, "left": 140.0, "top": 0.0, "right": 145.0, "bottom": -5.0, "row_index": 18, "col_index": 64, "min_lon": 140.0, "min_lat": -5.0, "tile_id": "140_-5" }, "geometry": { "type": "MultiPolygon", "coordinates": [ [ [ [ 140.70103, -2.5920066 ], [ 140.700925399999988, -2.5919772 ], [ 140.7008798, -2.5919021 ], [ 140.7007725, -2.5918834 ], [ 140.7007216, -2.5918244 ], [ 140.7006839, -2.591712 ], [ 140.700625, -2.591602 ], [ 140.700673200000011, -2.5914896 ], [ 140.700582, -2.5913235 ], [ 140.7005043, -2.5911733 ], [ 140.700450499999988, -2.5911493 ], [ 140.7004426, -2.5911037 ], [ 140.7004532, -2.5910475 ], [ 140.700418500000012, -2.5910233 ], [ 140.7003915, -2.5909859 ], [ 140.7004023, -2.5909216 ], [ 140.700472100000013, -2.5909027 ], [ 140.7005015, -2.5909377 ], [ 140.7006034, -2.5909082 ], [ 140.7007, -2.5909055 ], [ 140.7006651, -2.5909564 ], [ 140.700753600000013, -2.5909939 ], [ 140.7008931, -2.5909939 ], [ 140.7009468, -2.5910314 ], [ 140.700979100000012, -2.5911439 ], [ 140.700949400000013, -2.5911895 ], [ 140.7009898, -2.591235 ], [ 140.7011747, -2.5913074 ], [ 140.7011774, -2.5913476 ], [ 140.70118020000001, -2.591444 ], [ 140.7012446, -2.5915458 ], [ 140.701314200000013, -2.5916343 ], [ 140.701330399999989, -2.5917574 ], [ 140.701330399999989, -2.5918137 ], [ 140.7012713, -2.5918942 ], [ 140.7012284, -2.5919264 ], [ 140.701164799999987, -2.5920043 ], [ 140.70103, -2.5920066 ] ] ] ] } },
{ "type": "Feature", "properties": { "FID": 291470, "id": 2323, "left": 140.0, "top": 0.0, "right": 145.0, "bottom": -5.0, "row_index": 18, "col_index": 64, "min_lon": 140.0, "min_lat": -5.0, "tile_id": "140_-5" }, "geometry": { "type": "MultiPolygon", "coordinates": [ [ [ [ 140.7158358, -2.5700242 ], [ 140.715715100000011, -2.5699369 ], [ 140.715586300000012, -2.5698404 ], [ 140.7154603, -2.5697509 ], [ 140.715438799999987, -2.5696491 ], [ 140.7153878, -2.5695028 ], [ 140.7152591, -2.5694063 ], [ 140.7151116, -2.5693061 ], [ 140.715020399999986, -2.5691561 ], [ 140.715015, -2.5689899 ], [ 140.715047199999987, -2.568797 ], [ 140.7150848, -2.5686898 ], [ 140.7153208, -2.5686738 ], [ 140.7154871, -2.568588 ], [ 140.7156856, -2.568513 ], [ 140.7158894, -2.5684433 ], [ 140.715959199999986, -2.5683629 ], [ 140.7160718, -2.5682986 ], [ 140.7162274, -2.5682611 ], [ 140.7163454, -2.5681968 ], [ 140.7164795, -2.5681914 ], [ 140.7165922, -2.5682182 ], [ 140.716678, -2.5683147 ], [ 140.71667260000001, -2.5684112 ], [ 140.7165895, -2.5683881 ], [ 140.71645, -2.5683828 ], [ 140.7163132, -2.5684004 ], [ 140.7162649, -2.5684487 ], [ 140.7162703, -2.5686148 ], [ 140.716248799999988, -2.5688024 ], [ 140.7162864, -2.5689578 ], [ 140.716404399999988, -2.5689685 ], [ 140.7165439, -2.5689792 ], [ 140.7167584, -2.5691614 ], [ 140.7168711, -2.5692257 ], [ 140.71706420000001, -2.5694026 ], [ 140.7171018, -2.569499 ], [ 140.717187599999988, -2.5695258 ], [ 140.71737, -2.5695687 ], [ 140.71741560000001, -2.569685 ], [ 140.7172842, -2.5696705 ], [ 140.7170562, -2.5696207 ], [ 140.7168979, -2.5696277 ], [ 140.7168067, -2.5697134 ], [ 140.7166646, -2.5699047 ], [ 140.7165358, -2.5699476 ], [ 140.7163749, -2.5698779 ], [ 140.7161791, -2.5698849 ], [ 140.7160557, -2.570051 ], [ 140.715884, -2.5700617 ], [ 140.7158358, -2.5700242 ] ] ] ] } },
{ "type": "Feature", "properties": { "FID": 292078, "id": 2323, "left": 140.0, "top": 0.0, "right": 145.0, "bottom": -5.0, "row_index": 18, "col_index": 64, "min_lon": 140.0, "min_lat": -5.0, "tile_id": "140_-5" }, "geometry": { "type": "MultiPolygon", "coordinates": [ [ [ [ 140.725603, -2.545749 ], [ 140.725794, -2.546 ], [ 140.726185, -2.546191 ], [ 140.726265, -2.546562 ], [ 140.726275, -2.546602 ], [ 140.726304, -2.546813 ], [ 140.726204, -2.546973 ], [ 140.726013, -2.547073 ], [ 140.725943, -2.547233 ], [ 140.725933, -2.547263 ], [ 140.725812, -2.547333 ], [ 140.725652, -2.547263 ], [ 140.725441, -2.547032 ], [ 140.725141, -2.546851 ], [ 140.72482, -2.54651 ], [ 140.72479, -2.54648 ], [ 140.7246362, -2.5464164 ], [ 140.7245121, -2.5464992 ], [ 140.7245039, -2.5464991 ], [ 140.7244966, -2.546499 ], [ 140.724491199999989, -2.5464989 ], [ 140.724313599999988, -2.5464965 ], [ 140.7240883, -2.5465152 ], [ 140.7239569, -2.5463679 ], [ 140.723973, -2.5460892 ], [ 140.724099, -2.545848 ], [ 140.7243085, -2.5457637 ], [ 140.7243512, -2.5456926 ], [ 140.724349, -2.545528 ], [ 140.72452, -2.545448 ], [ 140.725042, -2.545448 ], [ 140.725503, -2.545659 ], [ 140.725603, -2.545749 ] ] ] ] } },
{ "type": "Feature", "properties": { "FID": 292079, "id": 2323, "left": 140.0, "top": 0.0, "right": 145.0, "bottom": -5.0, "row_index": 18, "col_index": 64, "min_lon": 140.0, "min_lat": -5.0, "tile_id": "140_-5" }, "geometry": { "type": "MultiPolygon", "coordinates": [ [ [ [ 140.72056520000001, -2.5455379 ], [ 140.720457, -2.545474 ], [ 140.7204326, -2.5454541 ], [ 140.7204146, -2.5454425 ], [ 140.720404, -2.5454356 ], [ 140.7202063, -2.5452942 ], [ 140.7203212, -2.5451359 ], [ 140.720437, -2.545043 ], [ 140.720337, -2.544822 ], [ 140.720056, -2.544622 ], [ 140.719996, -2.544441 ], [ 140.720187, -2.544271 ], [ 140.7205265, -2.5442387 ], [ 140.7206672, -2.5442061 ], [ 140.720836100000014, -2.5442008 ], [ 140.72103, -2.544322 ], [ 140.7212217, -2.544843 ], [ 140.7212405, -2.5449198 ], [ 140.7212644, -2.5449894 ], [ 140.72146, -2.545114 ], [ 140.72146, -2.545345 ], [ 140.72134, -2.545395 ], [ 140.721139, -2.545274 ], [ 140.721009, -2.545334 ], [ 140.720871, -2.5453449 ], [ 140.7207967, -2.5453935 ], [ 140.7207904, -2.5454032 ], [ 140.720782500000013, -2.5454154 ], [ 140.7207539, -2.5454179 ], [ 140.72056520000001, -2.5455379 ] ] ] ] } },
{ "type": "Feature", "properties": { "FID": 304657, "id": 2323, "left": 140.0, "top": 0.0, "right": 145.0, "bottom": -5.0, "row_index": 18, "col_index": 64, "min_lon": 140.0, "min_lat": -5.0, "tile_id": "140_-5" }, "geometry": { "type": "MultiPolygon", "coordinates": [ [ [ [ 143.602419, -3.5068508 ], [ 143.6023322, -3.5066853 ], [ 143.602212, -3.506575 ], [ 143.6020848, -3.5064428 ], [ 143.601913700000011, -3.5063386 ], [ 143.6018335, -3.5060688 ], [ 143.601932, -3.5057286 ], [ 143.6021438, -3.5054873 ], [ 143.6023712, -3.5050932 ], [ 143.6025698, -3.5048799 ], [ 143.602803599999987, -3.5045641 ], [ 143.6029614, -3.5044742 ], [ 143.603183699999988, -3.5044085 ], [ 143.6035865, -3.5044472 ], [ 143.6042115, -3.5046095 ], [ 143.6045038, -3.5046278 ], [ 143.604793, -3.5047205 ], [ 143.6054413, -3.505171 ], [ 143.6055625, -3.5054079 ], [ 143.6055663, -3.5057142 ], [ 143.6053776, -3.505827 ], [ 143.6049787, -3.5057729 ], [ 143.6047227, -3.5058179 ], [ 143.6045703, -3.5059816 ], [ 143.604102399999988, -3.5067041 ], [ 143.6038826, -3.5071124 ], [ 143.6036972, -3.5073401 ], [ 143.603496, -3.5073715 ], [ 143.6032947, -3.507403 ], [ 143.6028959, -3.5072906 ], [ 143.602697400000011, -3.5071781 ], [ 143.6025238, -3.5070271 ], [ 143.602419, -3.5068508 ] ] ] ] } },
{ "type": "Feature", "properties": { "FID": 330267, "id": 2323, "left": 140.0, "top": 0.0, "right": 145.0, "bottom": -5.0, "row_index": 18, "col_index": 64, "min_lon": 140.0, "min_lat": -5.0, "tile_id": "140_-5" }, "geometry": { "type": "MultiPolygon", "coordinates": [ [ [ [ 143.4097368, -3.3780392 ], [ 143.410041299999989, -3.3781386 ], [ 143.410673800000012, -3.3785713 ], [ 143.4111306, -3.3791442 ], [ 143.4114352, -3.3796587 ], [ 143.411376600000011, -3.3799978 ], [ 143.4110779, -3.3800972 ], [ 143.410627, -3.3800212 ], [ 143.410316599999987, -3.3799569 ], [ 143.4100472, -3.3797406 ], [ 143.4097133, -3.3797347 ], [ 143.4093034, -3.3794775 ], [ 143.4090574, -3.3791091 ], [ 143.4091511, -3.3786297 ], [ 143.409438099999988, -3.3781971 ], [ 143.4097368, -3.3780392 ] ] ] ] } },
{ "type": "Feature", "properties": { "FID": 339253, "id": 2323, "left": 140.0, "top": 0.0, "right": 145.0, "bottom": -5.0, "row_index": 18, "col_index": 64, "min_lon": 140.0, "min_lat": -5.0, "tile_id": "140_-5" }, "geometry": { "type": "MultiPolygon", "coordinates": [ [ [ [ 144.3040054, -3.7825992 ], [ 144.3066727, -3.7831634 ], [ 144.3097018, -3.7837629 ], [ 144.3114946, -3.7840702 ], [ 144.3121138, -3.7841467 ], [ 144.3132554, -3.7842881 ], [ 144.3145, -3.7845 ], [ 144.315068700000012, -3.7844502 ], [ 144.31578540000001, -3.7845006 ], [ 144.3165301, -3.7845787 ], [ 144.3171073, -3.7846666 ], [ 144.317941100000013, -3.7847185 ], [ 144.31864490000001, -3.7849468 ], [ 144.3193439, -3.7851952 ], [ 144.3196116, -3.7853366 ], [ 144.320285399999989, -3.7857302 ], [ 144.321074900000013, -3.7866921 ], [ 144.3215384, -3.7872547 ], [ 144.3218326, -3.7875214 ], [ 144.321914600000014, -3.7879023 ], [ 144.3216603, -3.7887711 ], [ 144.3215, -3.78925 ], [ 144.321, -3.79 ], [ 144.32175, -3.791 ], [ 144.3221624, -3.7899369 ], [ 144.322382299999987, -3.7878574 ], [ 144.3228249, -3.7865326 ], [ 144.3236521, -3.7863195 ], [ 144.3243323, -3.7860872 ], [ 144.3249401, -3.7860867 ], [ 144.3255275, -3.7860047 ], [ 144.3262929, -3.7858841 ], [ 144.3268895, -3.7858873 ], [ 144.3282767, -3.7858936 ], [ 144.3294923, -3.7858168 ], [ 144.3302199, -3.7858527 ], [ 144.331079499999987, -3.7857714 ], [ 144.332271600000013, -3.785733 ], [ 144.3340773, -3.7856537 ], [ 144.3353959, -3.7856883 ], [ 144.3364421, -3.785546 ], [ 144.338900599999988, -3.7856064 ], [ 144.341304799999989, -3.785614 ], [ 144.344, -3.7855 ], [ 144.345348800000011, -3.785568 ], [ 144.3467393, -3.7855605 ], [ 144.3485, -3.7855 ], [ 144.349330400000014, -3.7853564 ], [ 144.350028900000012, -3.7852815 ], [ 144.3508583, -3.7852311 ], [ 144.3518713, -3.7853212 ], [ 144.3535, -3.78525 ], [ 144.355143700000013, -3.7852991 ], [ 144.3571168, -3.7852821 ], [ 144.35825, -3.78525 ], [ 144.3586417, -3.7851921 ], [ 144.3601105, -3.7850787 ], [ 144.3612875, -3.7848923 ], [ 144.3638743, -3.7849566 ], [ 144.364831400000014, -3.7849653 ], [ 144.3664636, -3.784864 ], [ 144.368298399999986, -3.7853136 ], [ 144.3708174, -3.7858269 ], [ 144.3723454, -3.7860769 ], [ 144.3733014, -3.7861707 ], [ 144.3748682, -3.7862532 ], [ 144.3761729, -3.7863092 ], [ 144.3778927, -3.7863136 ], [ 144.3790215, -3.786546 ], [ 144.3804249, -3.7867349 ], [ 144.3819239, -3.7870781 ], [ 144.38279510000001, -3.7872028 ], [ 144.3835439, -3.7874962 ], [ 144.3840387, -3.7877676 ], [ 144.3844378, -3.7883353 ], [ 144.3844592, -3.789256 ], [ 144.3845665, -3.789545 ], [ 144.3847275, -3.7899946 ], [ 144.3847811, -3.7903265 ], [ 144.3852317, -3.7902195 ], [ 144.385682300000013, -3.790273 ], [ 144.3861008, -3.7905192 ], [ 144.386369, -3.7908618 ], [ 144.386647900000014, -3.7912044 ], [ 144.3870985, -3.7916968 ], [ 144.387559900000014, -3.7922856 ], [ 144.3881285, -3.7928851 ], [ 144.3884182, -3.7927459 ], [ 144.3895, -3.793 ], [ 144.3910804, -3.7938822 ], [ 144.391926500000011, -3.7940948 ], [ 144.392473700000011, -3.7946943 ], [ 144.3937075, -3.7975419 ], [ 144.3942221, -3.7986419 ], [ 144.3950954, -3.8000149 ], [ 144.3962622, -3.7992002 ], [ 144.3978989, -3.7982565 ], [ 144.3989712, -3.7972293 ], [ 144.3998444, -3.7964714 ], [ 144.400777799999986, -3.7958398 ], [ 144.4025, -3.795 ], [ 144.40475, -3.794 ], [ 144.405431599999986, -3.7935767 ], [ 144.4066037, -3.7934386 ], [ 144.4071831, -3.7934777 ], [ 144.4074282, -3.7942083 ], [ 144.4075843, -3.7947612 ], [ 144.4084507, -3.7948314 ], [ 144.408838, -3.7948747 ], [ 144.409116399999988, -3.7946146 ], [ 144.4076567, -3.794279 ], [ 144.4075, -3.79325 ], [ 144.4081808, -3.7929531 ], [ 144.4095, -3.7925 ], [ 144.4118115, -3.7928498 ], [ 144.41325, -3.79325 ], [ 144.416, -3.7935 ], [ 144.4166218, -3.7937732 ], [ 144.4175215, -3.7941215 ], [ 144.418595399999987, -3.7943571 ], [ 144.419976100000014, -3.79475 ], [ 144.420967600000012, -3.7949736 ], [ 144.4217595, -3.7948967 ], [ 144.4226597, -3.7953256 ], [ 144.4233208, -3.7957638 ], [ 144.4236443, -3.7965308 ], [ 144.4241346, -3.797217 ], [ 144.4245665, -3.7977314 ], [ 144.425440900000012, -3.7984492 ], [ 144.425752, -3.7987441 ], [ 144.4261248, -3.7991691 ], [ 144.4266527, -3.7995492 ], [ 144.4273785, -3.8008483 ], [ 144.426856500000014, -3.8020521 ], [ 144.426704199999989, -3.8024605 ], [ 144.4262525, -3.8032666 ], [ 144.425943499999988, -3.8039399 ], [ 144.4250203, -3.8053503 ], [ 144.424261199999989, -3.8064546 ], [ 144.4217866, -3.8105926 ], [ 144.4209487, -3.8114822 ], [ 144.4191916, -3.8150475 ], [ 144.4172944, -3.8181772 ], [ 144.4168975, -3.8190411 ], [ 144.4137153, -3.8204317 ], [ 144.4086041, -3.8248721 ], [ 144.4039971, -3.825159 ], [ 144.385079, -3.822529 ], [ 144.3835743, -3.8224731 ], [ 144.382606, -3.8223752 ], [ 144.3818177, -3.8224541 ], [ 144.3813781, -3.8224777 ], [ 144.380778, -3.8225234 ], [ 144.3801, -3.8226623 ], [ 144.37775, -3.82325 ], [ 144.37625, -3.8245 ], [ 144.37425, -3.82475 ], [ 144.3727078, -3.8241201 ], [ 144.3715, -3.82375 ], [ 144.3711112, -3.8237176 ], [ 144.3706042, -3.8235262 ], [ 144.3698502, -3.8233921 ], [ 144.3693127, -3.8234138 ], [ 144.3689386, -3.8235365 ], [ 144.3685, -3.8235 ], [ 144.3683015, -3.8236638 ], [ 144.3680805, -3.8236284 ], [ 144.3679563, -3.8236614 ], [ 144.367827299999988, -3.8236571 ], [ 144.367702, -3.823747 ], [ 144.3674622, -3.823823 ], [ 144.3671742, -3.8239413 ], [ 144.367, -3.824 ], [ 144.3666662, -3.8237157 ], [ 144.366003400000011, -3.8230708 ], [ 144.3657605, -3.8227465 ], [ 144.3657215, -3.8225678 ], [ 144.3656322, -3.8225402 ], [ 144.3655611, -3.8224386 ], [ 144.36546340000001, -3.8225395 ], [ 144.3653718, -3.822536 ], [ 144.36025, -3.81825 ], [ 144.35925, -3.81525 ], [ 144.35975, -3.8125 ], [ 144.35875, -3.81075 ], [ 144.3595, -3.81025 ], [ 144.3585, -3.81025 ], [ 144.35725, -3.809 ], [ 144.359, -3.80625 ], [ 144.35925, -3.8065 ], [ 144.35975, -3.8055 ], [ 144.3605, -3.80525 ], [ 144.36125, -3.803 ], [ 144.36275, -3.804 ], [ 144.364, -3.804 ], [ 144.36525, -3.803 ], [ 144.36475, -3.802 ], [ 144.36575, -3.801 ], [ 144.36825, -3.8015 ], [ 144.369, -3.80275 ], [ 144.37075, -3.80125 ], [ 144.3725, -3.80075 ], [ 144.3735, -3.79875 ], [ 144.373, -3.79775 ], [ 144.3728123, -3.7971889 ], [ 144.373, -3.79625 ], [ 144.37275, -3.7955 ], [ 144.372822, -3.7950076 ], [ 144.3714656, -3.7946083 ], [ 144.3708959, -3.7940844 ], [ 144.37025, -3.79375 ], [ 144.367, -3.7935 ], [ 144.36625, -3.79425 ], [ 144.3655, -3.79425 ], [ 144.36475, -3.7955 ], [ 144.3655, -3.79625 ], [ 144.36525, -3.79675 ], [ 144.3645, -3.79675 ], [ 144.3625, -3.79875 ], [ 144.36075, -3.79875 ], [ 144.36025, -3.7995 ], [ 144.35925, -3.7995 ], [ 144.358, -3.8015 ], [ 144.35775, -3.8035 ], [ 144.35625, -3.80425 ], [ 144.3565, -3.805 ], [ 144.3535, -3.803 ], [ 144.35375, -3.8025 ], [ 144.35325, -3.801 ], [ 144.3535, -3.7995 ], [ 144.35425, -3.799 ], [ 144.35375, -3.7985 ], [ 144.354, -3.7975 ], [ 144.35575, -3.79625 ], [ 144.35525, -3.79425 ], [ 144.356, -3.79375 ], [ 144.35575, -3.79275 ], [ 144.35675, -3.792 ], [ 144.3545, -3.79125 ], [ 144.35325, -3.792 ], [ 144.35375, -3.791 ], [ 144.352, -3.78875 ], [ 144.35125, -3.7885 ], [ 144.35125, -3.78775 ], [ 144.3505, -3.78775 ], [ 144.35075, -3.78675 ], [ 144.34975, -3.7865 ], [ 144.34975, -3.7875 ], [ 144.3495, -3.78775 ], [ 144.3485, -3.78725 ], [ 144.34725, -3.78775 ], [ 144.3465, -3.789 ], [ 144.345, -3.78975 ], [ 144.3445, -3.7905 ], [ 144.34625, -3.791 ], [ 144.34525, -3.792 ], [ 144.346, -3.7925 ], [ 144.347, -3.79125 ], [ 144.3465, -3.79 ], [ 144.34725, -3.7905 ], [ 144.34875, -3.78875 ], [ 144.34975, -3.78875 ], [ 144.3525, -3.79075 ], [ 144.351, -3.792 ], [ 144.35, -3.79375 ], [ 144.3511002, -3.7957552 ], [ 144.3505461, -3.7964848 ], [ 144.350104, -3.7968975 ], [ 144.3495, -3.79725 ], [ 144.3484834, -3.7970324 ], [ 144.348396, -3.7978321 ], [ 144.3502451, -3.7978031 ], [ 144.3518448, -3.7968113 ], [ 144.352407, -3.7968745 ], [ 144.3527541, -3.7972722 ], [ 144.352787299999989, -3.7979702 ], [ 144.352600599999988, -3.7986114 ], [ 144.3525698, -3.798623 ], [ 144.3512467, -3.8005523 ], [ 144.3507794, -3.8016485 ], [ 144.349853, -3.8029128 ], [ 144.349058, -3.8037713 ], [ 144.348, -3.80275 ], [ 144.34825, -3.805 ], [ 144.34875, -3.8055 ], [ 144.34925, -3.80475 ], [ 144.349, -3.8065 ], [ 144.34975, -3.80975 ], [ 144.347, -3.8085 ], [ 144.3460292, -3.8081872 ], [ 144.3456789, -3.808291 ], [ 144.3451838, -3.8081594 ], [ 144.344754599999987, -3.8081562 ], [ 144.3444178, -3.8080914 ], [ 144.34382020000001, -3.8081369 ], [ 144.3433942, -3.8081235 ], [ 144.342824, -3.808048 ], [ 144.3423256, -3.808427 ], [ 144.3416325, -3.8088145 ], [ 144.341043500000012, -3.8091962 ], [ 144.3401858, -3.8097716 ], [ 144.3389267, -3.8107307 ], [ 144.3360591, -3.812268 ], [ 144.3342811, -3.8132743 ], [ 144.333224699999988, -3.8162366 ], [ 144.333766200000014, -3.8233777 ], [ 144.3324916, -3.8245017 ], [ 144.3281764, -3.8233049 ], [ 144.3265864, -3.8215279 ], [ 144.326386899999989, -3.8195646 ], [ 144.326534900000013, -3.817704 ], [ 144.3271744, -3.8158628 ], [ 144.326751699999988, -3.8115764 ], [ 144.3293588, -3.810553 ], [ 144.3324615, -3.8087546 ], [ 144.3328177, -3.8072965 ], [ 144.3353534, -3.8077178 ], [ 144.3374207, -3.8069766 ], [ 144.3379697, -3.8059284 ], [ 144.3388431, -3.8050656 ], [ 144.339571, -3.8049762 ], [ 144.3409743, -3.8045389 ], [ 144.342066, -3.8039635 ], [ 144.343308400000012, -3.8023176 ], [ 144.343935499999986, -3.8008908 ], [ 144.3446801, -3.7999635 ], [ 144.3451672, -3.7985509 ], [ 144.3458436, -3.7975671 ], [ 144.3465337, -3.7975323 ], [ 144.348047900000012, -3.7977523 ], [ 144.3481932, -3.7969489 ], [ 144.3474572, -3.796844 ], [ 144.3455657, -3.7971817 ], [ 144.3446087, -3.797763 ], [ 144.344088, -3.7995435 ], [ 144.343673700000011, -3.8006042 ], [ 144.3421094, -3.8027056 ], [ 144.3415923, -3.8033602 ], [ 144.3408198, -3.8035845 ], [ 144.339, -3.80425 ], [ 144.33575, -3.8065 ], [ 144.335, -3.806 ], [ 144.33125, -3.80675 ], [ 144.32925, -3.80925 ], [ 144.32775, -3.8095 ], [ 144.32725, -3.809 ], [ 144.32575, -3.80975 ], [ 144.3245, -3.812 ], [ 144.32425, -3.814 ], [ 144.32475, -3.8155 ], [ 144.324, -3.81625 ], [ 144.31775, -3.81225 ], [ 144.31675, -3.81225 ], [ 144.3145, -3.81075 ], [ 144.31325, -3.8105 ], [ 144.3115, -3.8065 ], [ 144.3115, -3.80575 ], [ 144.3125, -3.8055 ], [ 144.31075, -3.80425 ], [ 144.3095, -3.802 ], [ 144.30925, -3.79775 ], [ 144.31, -3.79575 ], [ 144.3095, -3.795 ], [ 144.3095, -3.793 ], [ 144.3099368, -3.792018 ], [ 144.310548399999988, -3.7913929 ], [ 144.311, -3.7905 ], [ 144.312307800000013, -3.7895022 ], [ 144.3129516, -3.7894273 ], [ 144.3142283, -3.7890419 ], [ 144.314893500000011, -3.7889241 ], [ 144.315912700000013, -3.7881961 ], [ 144.3160844, -3.7876609 ], [ 144.3163848, -3.7873504 ], [ 144.3162882, -3.7869971 ], [ 144.3160629, -3.7864512 ], [ 144.315623, -3.7860229 ], [ 144.3153548, -3.7858088 ], [ 144.3151617, -3.7859587 ], [ 144.3149257, -3.7862585 ], [ 144.3148613, -3.7867295 ], [ 144.314754, -3.7871577 ], [ 144.3142607, -3.7868092 ], [ 144.3141341, -3.785773 ], [ 144.314016, -3.7857387 ], [ 144.3137735, -3.7856826 ], [ 144.3135, -3.78575 ], [ 144.31225, -3.7865 ], [ 144.31225, -3.788 ], [ 144.31125, -3.78725 ], [ 144.31175, -3.78675 ], [ 144.31125, -3.78625 ], [ 144.31, -3.78575 ], [ 144.30975, -3.78675 ], [ 144.309619199999986, -3.7875793 ], [ 144.3090731, -3.7877292 ], [ 144.30844110000001, -3.7879868 ], [ 144.30725, -3.7875 ], [ 144.30625, -3.7875 ], [ 144.305745699999989, -3.7874742 ], [ 144.3047468, -3.7875346 ], [ 144.304171700000012, -3.7876549 ], [ 144.3041395, -3.7879459 ], [ 144.3036126, -3.788541 ], [ 144.3028933, -3.7889027 ], [ 144.302512400000012, -3.789074 ], [ 144.3022335, -3.7889776 ], [ 144.3018204, -3.7889134 ], [ 144.301815, -3.7891115 ], [ 144.302389, -3.7893202 ], [ 144.3027109, -3.7895129 ], [ 144.302850400000011, -3.7898234 ], [ 144.3027592, -3.7901071 ], [ 144.302351499999986, -3.7902623 ], [ 144.3022603, -3.7906691 ], [ 144.3022603, -3.7911241 ], [ 144.3021047, -3.7915202 ], [ 144.3020886, -3.7916754 ], [ 144.3025714, -3.7917182 ], [ 144.3026792, -3.7919824 ], [ 144.3032205, -3.792944 ], [ 144.30382130000001, -3.7941376 ], [ 144.30375, -3.7955 ], [ 144.3035638, -3.7960057 ], [ 144.303424400000011, -3.7965303 ], [ 144.3035853, -3.7968942 ], [ 144.303596, -3.7973546 ], [ 144.30345650000001, -3.7979059 ], [ 144.30325, -3.79825 ], [ 144.303113200000013, -3.7985 ], [ 144.3025821, -3.7987998 ], [ 144.3020564, -3.7991049 ], [ 144.3018097, -3.7991584 ], [ 144.3014824, -3.7991745 ], [ 144.3011659, -3.7992066 ], [ 144.3008977, -3.7991316 ], [ 144.300522199999989, -3.7991852 ], [ 144.299948199999989, -3.7990995 ], [ 144.2997444, -3.7989604 ], [ 144.2996693, -3.7987623 ], [ 144.2995942, -3.7986713 ], [ 144.2995727, -3.7988212 ], [ 144.2994761, -3.798955 ], [ 144.299138199999987, -3.7989871 ], [ 144.2986071, -3.7990139 ], [ 144.2971426, -3.7988854 ], [ 144.2957264, -3.7985054 ], [ 144.2940152, -3.7978684 ], [ 144.293527, -3.7975312 ], [ 144.292561400000011, -3.7971619 ], [ 144.2914241, -3.7965784 ], [ 144.290624900000012, -3.7960003 ], [ 144.2900348, -3.7955989 ], [ 144.2897505, -3.7953527 ], [ 144.289739700000013, -3.7951172 ], [ 144.289342799999986, -3.7947157 ], [ 144.289155, -3.7947585 ], [ 144.2890531, -3.7946033 ], [ 144.2888331, -3.794507 ], [ 144.2886776, -3.7943357 ], [ 144.2886829, -3.7941644 ], [ 144.2881572, -3.793886 ], [ 144.2874223, -3.793308 ], [ 144.287197, -3.7930885 ], [ 144.286918, -3.7929119 ], [ 144.2866927, -3.7928316 ], [ 144.286446, -3.7926175 ], [ 144.2862314, -3.7925479 ], [ 144.2860168, -3.7925211 ], [ 144.2859632, -3.7923819 ], [ 144.2859954, -3.7922053 ], [ 144.286049, -3.7919056 ], [ 144.2860651, -3.791745 ], [ 144.2860329, -3.7914559 ], [ 144.285947099999987, -3.7910705 ], [ 144.2858612, -3.7907922 ], [ 144.2857218, -3.790819 ], [ 144.285791499999988, -3.7911829 ], [ 144.285845200000011, -3.7914506 ], [ 144.2858505, -3.7917343 ], [ 144.2858237, -3.7919751 ], [ 144.2856413, -3.7921357 ], [ 144.2854911, -3.7922749 ], [ 144.2853785, -3.7923445 ], [ 144.2852229, -3.7922856 ], [ 144.2848903, -3.7920501 ], [ 144.2834848, -3.7914452 ], [ 144.282648, -3.7909046 ], [ 144.2809474, -3.7900214 ], [ 144.2765, -3.787 ], [ 144.27625, -3.78525 ], [ 144.277, -3.7845 ], [ 144.2791054, -3.7814154 ], [ 144.2811723, -3.7786491 ], [ 144.281990900000011, -3.7777921 ], [ 144.2831717, -3.777555 ], [ 144.2882641, -3.7782524 ], [ 144.2901196, -3.7785672 ], [ 144.2925453, -3.7793427 ], [ 144.2961716, -3.7806488 ], [ 144.2996049, -3.7816123 ], [ 144.3025998, -3.7821817 ], [ 144.3040054, -3.7825992 ] ] ] ] } },
{ "type": "Feature", "properties": { "FID": 351648, "id": 2323, "left": 140.0, "top": 0.0, "right": 145.0, "bottom": -5.0, "row_index": 18, "col_index": 64, "min_lon": 140.0, "min_lat": -5.0, "tile_id": "140_-5" }, "geometry": { "type": "MultiPolygon", "coordinates": [ [ [ [ 140.351974899999988, -2.4382993 ], [ 140.351945300000011, -2.4383487 ], [ 140.3518794, -2.438352 ], [ 140.3519025, -2.4382895 ], [ 140.3517214, -2.438273 ], [ 140.3516522, -2.4382171 ], [ 140.35148430000001, -2.4382829 ], [ 140.351481, -2.4382138 ], [ 140.3513888, -2.4382434 ], [ 140.3512175, -2.4382006 ], [ 140.351112199999989, -2.4381677 ], [ 140.351043, -2.4381184 ], [ 140.3510101, -2.438069 ], [ 140.3509014, -2.4380559 ], [ 140.3508224, -2.4380329 ], [ 140.3508454, -2.4379638 ], [ 140.3508487, -2.4379013 ], [ 140.3508487, -2.4378289 ], [ 140.3509311, -2.4378651 ], [ 140.350944199999986, -2.4377894 ], [ 140.351000199999987, -2.4376874 ], [ 140.3510298, -2.4376381 ], [ 140.3510298, -2.437569 ], [ 140.3510167, -2.4374637 ], [ 140.3509508, -2.4374769 ], [ 140.3509508, -2.437444 ], [ 140.351000199999987, -2.4373749 ], [ 140.3510825, -2.4373749 ], [ 140.351178, -2.437365 ], [ 140.3512373, -2.4374045 ], [ 140.3512867, -2.4374143 ], [ 140.351369, -2.4374538 ], [ 140.351378899999986, -2.4373979 ], [ 140.3514678, -2.4374143 ], [ 140.3514974, -2.4374571 ], [ 140.3515534, -2.4375361 ], [ 140.3516094, -2.4374801 ], [ 140.351701600000013, -2.4375427 ], [ 140.351701600000013, -2.4374867 ], [ 140.35183, -2.4374933 ], [ 140.3519124, -2.4375262 ], [ 140.3520144, -2.4375986 ], [ 140.3520177, -2.4376381 ], [ 140.3520737, -2.4377335 ], [ 140.3520441, -2.4377664 ], [ 140.3520078, -2.4378519 ], [ 140.3520474, -2.4379078 ], [ 140.3520507, -2.4379802 ], [ 140.3520671, -2.4380855 ], [ 140.3521494, -2.4380723 ], [ 140.3522021, -2.4381217 ], [ 140.3520935, -2.4381776 ], [ 140.3520408, -2.4382566 ], [ 140.351974899999988, -2.4382993 ] ] ] ] } },
{ "type": "Feature", "properties": { "FID": 509569, "id": 2323, "left": 140.0, "top": 0.0, "right": 145.0, "bottom": -5.0, "row_index": 18, "col_index": 64, "min_lon": 140.0, "min_lat": -5.0, "tile_id": "140_-5" }, "geometry": { "type": "MultiPolygon", "coordinates": [ [ [ [ 144.3593457, -3.820111 ], [ 144.359793700000012, -3.8206918 ], [ 144.36017720000001, -3.821128 ], [ 144.360536599999989, -3.8214946 ], [ 144.3608987, -3.8219014 ], [ 144.361150900000013, -3.8222199 ], [ 144.3612716, -3.8224956 ], [ 144.3613037, -3.8226856 ], [ 144.3612742, -3.8229639 ], [ 144.3612072, -3.8230897 ], [ 144.3610382, -3.8231753 ], [ 144.3607941, -3.8231994 ], [ 144.3605876, -3.8231914 ], [ 144.3602335, -3.8230924 ], [ 144.3599707, -3.8229933 ], [ 144.3598017, -3.8228568 ], [ 144.3596488, -3.822608 ], [ 144.3595791, -3.8224019 ], [ 144.3595067, -3.822236 ], [ 144.359445, -3.8221289 ], [ 144.359300100000013, -3.8219871 ], [ 144.3588656, -3.8215107 ], [ 144.358525, -3.8211708 ], [ 144.358294300000011, -3.8210049 ], [ 144.3581414, -3.8208684 ], [ 144.357999299999989, -3.8206677 ], [ 144.35786250000001, -3.8205499 ], [ 144.3577391, -3.820475 ], [ 144.3575406, -3.8204482 ], [ 144.357363600000014, -3.8204643 ], [ 144.3572107, -3.8205071 ], [ 144.3571088, -3.8206275 ], [ 144.3570551, -3.8207453 ], [ 144.3570793, -3.8208978 ], [ 144.35709, -3.821037 ], [ 144.357146300000011, -3.8211548 ], [ 144.3572617, -3.8212163 ], [ 144.3574682, -3.8212779 ], [ 144.3576828, -3.8213796 ], [ 144.3578383, -3.8215187 ], [ 144.3579805, -3.8217194 ], [ 144.358160199999986, -3.8220085 ], [ 144.3585196, -3.8224447 ], [ 144.3588066, -3.8227177 ], [ 144.3589139, -3.8228542 ], [ 144.3589595, -3.8229933 ], [ 144.3589675, -3.8231405 ], [ 144.35893, -3.8232931 ], [ 144.358702, -3.8235848 ], [ 144.358503500000012, -3.8237694 ], [ 144.3582836, -3.8238925 ], [ 144.3580878, -3.8239648 ], [ 144.357728400000013, -3.8240371 ], [ 144.357385, -3.8240451 ], [ 144.3570659, -3.8240076 ], [ 144.3566528, -3.8239113 ], [ 144.3563873, -3.8237801 ], [ 144.35616730000001, -3.8235928 ], [ 144.355934, -3.8233573 ], [ 144.3557543, -3.8231164 ], [ 144.3555826, -3.8229023 ], [ 144.355445800000012, -3.8227498 ], [ 144.3552178, -3.8225839 ], [ 144.3550301, -3.822517 ], [ 144.3548798, -3.8224955 ], [ 144.354716200000013, -3.8224982 ], [ 144.3545607, -3.822525 ], [ 144.3543568, -3.8225892 ], [ 144.354043, -3.822707 ], [ 144.3538713, -3.8227444 ], [ 144.3534717, -3.8227551 ], [ 144.3531954, -3.8227284 ], [ 144.3529057, -3.8226668 ], [ 144.352758200000011, -3.8225785 ], [ 144.3526831, -3.8224554 ], [ 144.352645599999988, -3.8223323 ], [ 144.3526483, -3.8221316 ], [ 144.3527073, -3.8218747 ], [ 144.3528172, -3.8215134 ], [ 144.352946, -3.821235 ], [ 144.3529969, -3.8210049 ], [ 144.353029099999986, -3.8207105 ], [ 144.352988900000014, -3.8204723 ], [ 144.3528575, -3.8201298 ], [ 144.352758200000011, -3.8198568 ], [ 144.3527234, -3.8196507 ], [ 144.3527475, -3.819466 ], [ 144.352841399999988, -3.819276 ], [ 144.3530613, -3.8190459 ], [ 144.35326520000001, -3.8189014 ], [ 144.3534529, -3.8187863 ], [ 144.3537909, -3.8185347 ], [ 144.353984, -3.8182885 ], [ 144.3541664, -3.8178763 ], [ 144.354381, -3.8172608 ], [ 144.3545312, -3.816763 ], [ 144.3546438, -3.8162866 ], [ 144.3547833, -3.8159601 ], [ 144.354987099999988, -3.8156711 ], [ 144.355298299999987, -3.8153874 ], [ 144.3557113, -3.815168 ], [ 144.3559903, -3.8150234 ], [ 144.35616730000001, -3.815002 ], [ 144.3563229, -3.8150342 ], [ 144.356628699999987, -3.8152804 ], [ 144.3567574, -3.8153928 ], [ 144.356963900000011, -3.8157246 ], [ 144.357146300000011, -3.8160886 ], [ 144.3572965, -3.8164258 ], [ 144.35768010000001, -3.8174 ], [ 144.35787590000001, -3.8178951 ], [ 144.3580556, -3.818243 ], [ 144.3584526, -3.8188478 ], [ 144.358956799999987, -3.8195865 ], [ 144.3593457, -3.820111 ] ] ] ] } },
{ "type": "Feature", "properties": { "FID": 509570, "id": 2323, "left": 140.0, "top": 0.0, "right": 145.0, "bottom": -5.0, "row_index": 18, "col_index": 64, "min_lon": 140.0, "min_lat": -5.0, "tile_id": "140_-5" }, "geometry": { "type": "MultiPolygon", "coordinates": [ [ [ [ 144.425655299999988, -3.8083997 ], [ 144.425717, -3.8083381 ], [ 144.4258887, -3.8082819 ], [ 144.4261783, -3.8082873 ], [ 144.4263393, -3.8083247 ], [ 144.4264814, -3.808405 ], [ 144.4265753, -3.8085147 ], [ 144.4266021, -3.8086272 ], [ 144.426599399999986, -3.8089965 ], [ 144.4265565, -3.8093899 ], [ 144.426468, -3.8097298 ], [ 144.4263956, -3.8098689 ], [ 144.4262776, -3.8099252 ], [ 144.426140800000013, -3.8099278 ], [ 144.426006699999988, -3.8099011 ], [ 144.4259128, -3.8098529 ], [ 144.4257519, -3.809711 ], [ 144.425371, -3.8093658 ], [ 144.4253227, -3.8092828 ], [ 144.4252959, -3.8091838 ], [ 144.4253093, -3.8090982 ], [ 144.42536290000001, -3.8089108 ], [ 144.425432699999988, -3.8087315 ], [ 144.4255641, -3.8084907 ], [ 144.425655299999988, -3.8083997 ] ] ] ] } },
{ "type": "Feature", "properties": { "FID": 509571, "id": 2323, "left": 140.0, "top": 0.0, "right": 145.0, "bottom": -5.0, "row_index": 18, "col_index": 64, "min_lon": 140.0, "min_lat": -5.0, "tile_id": "140_-5" }, "geometry": { "type": "MultiPolygon", "coordinates": [ [ [ [ 144.4291556, -3.804982 ], [ 144.429246799999987, -3.8049018 ], [ 144.4293568, -3.8048268 ], [ 144.4294989, -3.8047519 ], [ 144.429633, -3.8047385 ], [ 144.429799300000013, -3.8047653 ], [ 144.4300327, -3.8048375 ], [ 144.4303492, -3.8049526 ], [ 144.4306067, -3.8050837 ], [ 144.43065630000001, -3.8051426 ], [ 144.4306657, -3.8051935 ], [ 144.4306724, -3.805235 ], [ 144.430663, -3.8053407 ], [ 144.430658599999987, -3.8053932 ], [ 144.4306593, -3.8054116 ], [ 144.4306707, -3.8054307 ], [ 144.4306942, -3.8054417 ], [ 144.430722300000014, -3.8054467 ], [ 144.430778, -3.8054404 ], [ 144.4308548, -3.805433 ], [ 144.4309299, -3.8054584 ], [ 144.4310439, -3.8055173 ], [ 144.4310868, -3.8055615 ], [ 144.4310935, -3.8055976 ], [ 144.431072, -3.8056899 ], [ 144.43104120000001, -3.8057327 ], [ 144.4309862, -3.8057983 ], [ 144.4308695, -3.8058786 ], [ 144.430791699999986, -3.8058973 ], [ 144.4306952, -3.8059268 ], [ 144.4306201, -3.8059642 ], [ 144.4305396, -3.8060285 ], [ 144.430381399999987, -3.8061596 ], [ 144.4301265, -3.8063229 ], [ 144.429954900000013, -3.8063844 ], [ 144.4298288, -3.8064005 ], [ 144.4296545, -3.8063978 ], [ 144.4294453, -3.806371 ], [ 144.429252100000014, -3.8063015 ], [ 144.4291207, -3.8061891 ], [ 144.429064399999987, -3.8061061 ], [ 144.429029500000013, -3.8060124 ], [ 144.4289947, -3.8058224 ], [ 144.4289947, -3.8056672 ], [ 144.429016100000013, -3.8054263 ], [ 144.4290483, -3.805247 ], [ 144.4290885, -3.8051132 ], [ 144.4291556, -3.804982 ] ] ] ] } },
{ "type": "Feature", "properties": { "FID": 509572, "id": 2323, "left": 140.0, "top": 0.0, "right": 145.0, "bottom": -5.0, "row_index": 18, "col_index": 64, "min_lon": 140.0, "min_lat": -5.0, "tile_id": "140_-5" }, "geometry": { "type": "MultiPolygon", "coordinates": [ [ [ [ 144.367000600000011, -3.7944591 ], [ 144.367396500000012, -3.7952167 ], [ 144.3675906, -3.7956524 ], [ 144.3673686, -3.7966234 ], [ 144.3669394, -3.7966392 ], [ 144.3665038, -3.7961543 ], [ 144.365900900000014, -3.7956486 ], [ 144.3657143, -3.7948627 ], [ 144.3661315, -3.7945233 ], [ 144.367000600000011, -3.7944591 ] ] ] ] } },
{ "type": "Feature", "properties": { "FID": 509573, "id": 2323, "left": 140.0, "top": 0.0, "right": 145.0, "bottom": -5.0, "row_index": 18, "col_index": 64, "min_lon": 140.0, "min_lat": -5.0, "tile_id": "140_-5" }, "geometry": { "type": "MultiPolygon", "coordinates": [ [ [ [ 144.36508520000001, -3.800034 ], [ 144.364462800000013, -3.801119 ], [ 144.3639133, -3.8018162 ], [ 144.3633212, -3.8024018 ], [ 144.3629307, -3.8024408 ], [ 144.3622827, -3.8017384 ], [ 144.3614244, -3.8012566 ], [ 144.3611884, -3.8009462 ], [ 144.361156200000011, -3.8004002 ], [ 144.36117440000001, -3.7998886 ], [ 144.3615639, -3.7995759 ], [ 144.3625939, -3.7992116 ], [ 144.3631808, -3.7989386 ], [ 144.363540199999989, -3.7985202 ], [ 144.36504020000001, -3.7972702 ], [ 144.3657548, -3.797246 ], [ 144.36630310000001, -3.7974034 ], [ 144.3666667, -3.7981487 ], [ 144.3665327, -3.7988974 ], [ 144.365742899999987, -3.7995107 ], [ 144.36508520000001, -3.800034 ] ] ] ] } },
{ "type": "Feature", "properties": { "FID": 509574, "id": 2323, "left": 140.0, "top": 0.0, "right": 145.0, "bottom": -5.0, "row_index": 18, "col_index": 64, "min_lon": 140.0, "min_lat": -5.0, "tile_id": "140_-5" }, "geometry": { "type": "MultiPolygon", "coordinates": [ [ [ [ 144.401679, -3.7950476 ], [ 144.3998444, -3.7961502 ], [ 144.3987679, -3.7969462 ], [ 144.3977932, -3.7978067 ], [ 144.397, -3.7985 ], [ 144.3955219, -3.7992617 ], [ 144.3948143, -3.7989508 ], [ 144.394003199999986, -3.7973219 ], [ 144.393437799999987, -3.795972 ], [ 144.392918, -3.7948533 ], [ 144.3924696, -3.7940381 ], [ 144.391538200000014, -3.7933203 ], [ 144.3908997, -3.7928268 ], [ 144.389834400000012, -3.7920929 ], [ 144.3894482, -3.7919216 ], [ 144.3888795, -3.7916861 ], [ 144.3881929, -3.7913435 ], [ 144.387431099999986, -3.7910224 ], [ 144.3866587, -3.7906584 ], [ 144.386358300000012, -3.7902516 ], [ 144.3860364, -3.7900054 ], [ 144.3852746, -3.7897056 ], [ 144.384845500000011, -3.7894487 ], [ 144.3847704, -3.7889883 ], [ 144.3849313, -3.7885708 ], [ 144.385210300000011, -3.7883139 ], [ 144.3855536, -3.7880784 ], [ 144.3858755, -3.7878215 ], [ 144.3860793, -3.7876073 ], [ 144.386369, -3.7874146 ], [ 144.3867016, -3.7873718 ], [ 144.3870556, -3.7875003 ], [ 144.3876243, -3.7877572 ], [ 144.3880427, -3.7879178 ], [ 144.3886971, -3.7881105 ], [ 144.389233600000011, -3.7882711 ], [ 144.390070400000013, -3.7884424 ], [ 144.3907034, -3.7885387 ], [ 144.3915188, -3.7888599 ], [ 144.3922806, -3.7890526 ], [ 144.393310500000013, -3.789256 ], [ 144.3951601, -3.7897676 ], [ 144.397734, -3.7903306 ], [ 144.39925, -3.79075 ], [ 144.4005, -3.791 ], [ 144.4012425, -3.7913387 ], [ 144.4022253, -3.7914051 ], [ 144.403264299999989, -3.7915186 ], [ 144.4041736, -3.7918023 ], [ 144.404805, -3.7918949 ], [ 144.4051355, -3.7920887 ], [ 144.40625, -3.79275 ], [ 144.4053667, -3.793004 ], [ 144.404, -3.7935 ], [ 144.403731599999986, -3.7937913 ], [ 144.4034526, -3.79393 ], [ 144.4031989, -3.7940761 ], [ 144.4030412, -3.7942506 ], [ 144.4021228, -3.7946681 ], [ 144.401679, -3.7950476 ] ] ] ] } },
{ "type": "Feature", "properties": { "FID": 509575, "id": 2323, "left": 140.0, "top": 0.0, "right": 145.0, "bottom": -5.0, "row_index": 18, "col_index": 64, "min_lon": 140.0, "min_lat": -5.0, "tile_id": "140_-5" }, "geometry": { "type": "MultiPolygon", "coordinates": [ [ [ [ 144.2455315, -3.7988908 ], [ 144.2454242, -3.7993832 ], [ 144.245123799999988, -3.8000683 ], [ 144.244802, -3.8009676 ], [ 144.2446089, -3.801824 ], [ 144.244265500000012, -3.8025305 ], [ 144.243557399999986, -3.8039864 ], [ 144.242956600000014, -3.8049071 ], [ 144.242785, -3.8063416 ], [ 144.242613299999988, -3.8075834 ], [ 144.24227, -3.8080116 ], [ 144.241519, -3.8089108 ], [ 144.241411699999986, -3.8100242 ], [ 144.24136870000001, -3.8110947 ], [ 144.2420769, -3.8119297 ], [ 144.2426777, -3.8121866 ], [ 144.2433858, -3.8123793 ], [ 144.243865, -3.8127447 ], [ 144.243943699999988, -3.8132143 ], [ 144.243943699999988, -3.813985 ], [ 144.2436433, -3.8150127 ], [ 144.2433643, -3.8153981 ], [ 144.2431497, -3.8162117 ], [ 144.243085400000012, -3.8170681 ], [ 144.242355800000013, -3.8176033 ], [ 144.2415619, -3.8177104 ], [ 144.2408967, -3.817796 ], [ 144.240317299999987, -3.8179459 ], [ 144.2395019, -3.8179673 ], [ 144.2385578, -3.8179245 ], [ 144.2376351, -3.817689 ], [ 144.236712399999988, -3.8174749 ], [ 144.235875600000014, -3.8172394 ], [ 144.235274800000013, -3.8166613 ], [ 144.2349958, -3.8153125 ], [ 144.2349744, -3.8142634 ], [ 144.2348671, -3.8132785 ], [ 144.2349744, -3.8116513 ], [ 144.234888500000011, -3.8112017 ], [ 144.2342663, -3.8110947 ], [ 144.2336654, -3.8108806 ], [ 144.2329359, -3.8104952 ], [ 144.2324424, -3.8098957 ], [ 144.231927399999989, -3.8092748 ], [ 144.2314768, -3.8086967 ], [ 144.230961799999989, -3.8078403 ], [ 144.23044680000001, -3.8064486 ], [ 144.2305326, -3.8055922 ], [ 144.23081160000001, -3.8052925 ], [ 144.2313909, -3.8051426 ], [ 144.2330861, -3.8050998 ], [ 144.2336225, -3.8050998 ], [ 144.2350387, -3.8051426 ], [ 144.235746799999987, -3.8053781 ], [ 144.2363906, -3.8053353 ], [ 144.2363691, -3.8046502 ], [ 144.2366051, -3.8040507 ], [ 144.2372703, -3.8033655 ], [ 144.238171599999987, -3.8024663 ], [ 144.2395448, -3.800518 ], [ 144.2406392, -3.8000255 ], [ 144.2413473, -3.79979 ], [ 144.2418623, -3.7994688 ], [ 144.2424631, -3.7991905 ], [ 144.24379350000001, -3.7986338 ], [ 144.2451453, -3.7986552 ], [ 144.2455315, -3.7988908 ] ] ] ] } },
{ "type": "Feature", "properties": { "FID": 509576, "id": 2323, "left": 140.0, "top": 0.0, "right": 145.0, "bottom": -5.0, "row_index": 18, "col_index": 64, "min_lon": 140.0, "min_lat": -5.0, "tile_id": "140_-5" }, "geometry": { "type": "MultiPolygon", "coordinates": [ [ [ [ 144.2687058, -3.7964285 ], [ 144.2693281, -3.7966855 ], [ 144.26999330000001, -3.7970709 ], [ 144.2708087, -3.7976704 ], [ 144.2713022, -3.798227 ], [ 144.2713022, -3.7992547 ], [ 144.271087599999987, -3.7999613 ], [ 144.2709374, -3.8011174 ], [ 144.2704439, -3.8014814 ], [ 144.2693066, -3.8014814 ], [ 144.2683625, -3.8014172 ], [ 144.267482699999988, -3.801096 ], [ 144.266302599999989, -3.8005822 ], [ 144.2651438, -3.7998114 ], [ 144.2648434, -3.79979 ], [ 144.2637062, -3.7995117 ], [ 144.2632341, -3.7991477 ], [ 144.2624831, -3.7985696 ], [ 144.2619681, -3.7983769 ], [ 144.2608952, -3.7981842 ], [ 144.2601013, -3.7983127 ], [ 144.2593932, -3.7986766 ], [ 144.2582774, -3.7995331 ], [ 144.2579555, -3.7999185 ], [ 144.257698, -3.800625 ], [ 144.257462, -3.8016313 ], [ 144.2570328, -3.8022308 ], [ 144.2565179, -3.8028731 ], [ 144.2557668, -3.8028089 ], [ 144.25531620000001, -3.802295 ], [ 144.2549515, -3.8013316 ], [ 144.254629599999987, -3.8005822 ], [ 144.254007300000012, -3.7998542 ], [ 144.253320699999989, -3.7994688 ], [ 144.2528271, -3.7994688 ], [ 144.25220490000001, -3.7996401 ], [ 144.2515826, -3.7999827 ], [ 144.2498874, -3.801353 ], [ 144.249458299999986, -3.8020595 ], [ 144.2488789, -3.8030872 ], [ 144.2484069, -3.8040507 ], [ 144.2479133, -3.8052282 ], [ 144.2478061, -3.8064486 ], [ 144.2482137, -3.8070909 ], [ 144.248385399999989, -3.8079259 ], [ 144.2485571, -3.808504 ], [ 144.248471200000012, -3.8088466 ], [ 144.248256700000013, -3.8097244 ], [ 144.2479777, -3.8108377 ], [ 144.247527100000013, -3.8114586 ], [ 144.2468834, -3.8120153 ], [ 144.2460036, -3.8127004 ], [ 144.2450595, -3.8133641 ], [ 144.244630300000011, -3.8132143 ], [ 144.244158199999987, -3.8127861 ], [ 144.2439789, -3.8125901 ], [ 144.2437076, -3.8122936 ], [ 144.2433858, -3.8119511 ], [ 144.242506, -3.8116727 ], [ 144.2418408, -3.8110518 ], [ 144.241883699999988, -3.8102168 ], [ 144.2419266, -3.8095103 ], [ 144.242248499999988, -3.8087824 ], [ 144.2428279, -3.808033 ], [ 144.2433858, -3.8070481 ], [ 144.243536, -3.8063844 ], [ 144.243686200000013, -3.8055922 ], [ 144.2441368, -3.8044361 ], [ 144.244651800000014, -3.803387 ], [ 144.2451024, -3.8024449 ], [ 144.245231100000012, -3.8016955 ], [ 144.2455315, -3.8009248 ], [ 144.2464757, -3.7998328 ], [ 144.24726960000001, -3.7994367 ], [ 144.2475915, -3.7990942 ], [ 144.2477202, -3.7984626 ], [ 144.246937, -3.7969959 ], [ 144.246583, -3.7965677 ], [ 144.2461645, -3.7963215 ], [ 144.245306199999987, -3.7962787 ], [ 144.244705399999987, -3.7962466 ], [ 144.2438364, -3.7957862 ], [ 144.242956600000014, -3.7952938 ], [ 144.2426562, -3.7944481 ], [ 144.2423987, -3.7939342 ], [ 144.242248499999988, -3.7932919 ], [ 144.2421305, -3.7925853 ], [ 144.242377299999987, -3.7921571 ], [ 144.2428601, -3.7919002 ], [ 144.243214099999989, -3.791836 ], [ 144.2439544, -3.791836 ], [ 144.2445123, -3.7918467 ], [ 144.2451346, -3.7918788 ], [ 144.2459178, -3.7920287 ], [ 144.246465, -3.7920287 ], [ 144.2473125, -3.7919216 ], [ 144.2479026, -3.7916112 ], [ 144.2485785, -3.7911936 ], [ 144.2494476, -3.790637 ], [ 144.250295200000011, -3.7904657 ], [ 144.251443099999989, -3.7901231 ], [ 144.252172699999988, -3.7901017 ], [ 144.252880800000014, -3.7900803 ], [ 144.253610400000014, -3.7903265 ], [ 144.253953700000011, -3.7904122 ], [ 144.254372100000012, -3.7903265 ], [ 144.2550695, -3.7905299 ], [ 144.256485700000013, -3.7907012 ], [ 144.2572367, -3.7906798 ], [ 144.257859, -3.7907333 ], [ 144.2588246, -3.7908832 ], [ 144.2596292, -3.7912579 ], [ 144.2602086, -3.7915148 ], [ 144.2612064, -3.7919751 ], [ 144.2632073, -3.7928851 ], [ 144.2635024, -3.7929868 ], [ 144.263979799999987, -3.7931367 ], [ 144.2643553, -3.7935488 ], [ 144.2647469, -3.7943838 ], [ 144.2653584, -3.7950208 ], [ 144.265680300000014, -3.7954437 ], [ 144.2657715, -3.7956685 ], [ 144.2660022, -3.7958505 ], [ 144.2667961, -3.7957006 ], [ 144.2676544, -3.7961716 ], [ 144.2687058, -3.7964285 ] ] ] ] } },
{ "type": "Feature", "properties": { "FID": 509577, "id": 2323, "left": 140.0, "top": 0.0, "right": 145.0, "bottom": -5.0, "row_index": 18, "col_index": 64, "min_lon": 140.0, "min_lat": -5.0, "tile_id": "140_-5" }, "geometry": { "type": "MultiPolygon", "coordinates": [ [ [ [ 144.2596078, -3.8145417 ], [ 144.2598975, -3.8145203 ], [ 144.260112, -3.8145203 ], [ 144.2607772, -3.81482 ], [ 144.2610991, -3.815077 ], [ 144.261539, -3.8153874 ], [ 144.2621398, -3.8157407 ], [ 144.2628157, -3.8161475 ], [ 144.2633521, -3.8164365 ], [ 144.2637813, -3.8168112 ], [ 144.2642641, -3.817325 ], [ 144.264425, -3.8175605 ], [ 144.2643928, -3.8181065 ], [ 144.2641246, -3.818813 ], [ 144.2638886, -3.8190164 ], [ 144.263330700000012, -3.8189843 ], [ 144.2630839, -3.818888 ], [ 144.2625582, -3.8186525 ], [ 144.2621398, -3.8184276 ], [ 144.2616033, -3.8183206 ], [ 144.261292200000014, -3.8183634 ], [ 144.2608094, -3.8186953 ], [ 144.260326600000013, -3.8190592 ], [ 144.259983299999988, -3.8194018 ], [ 144.2595971, -3.8198942 ], [ 144.2592752, -3.8201726 ], [ 144.2590928, -3.8198942 ], [ 144.2590821, -3.8194767 ], [ 144.259071299999988, -3.8191342 ], [ 144.2589319, -3.8188344 ], [ 144.2586744, -3.8183527 ], [ 144.2586207, -3.8179459 ], [ 144.25861, -3.8175712 ], [ 144.258416899999986, -3.8169932 ], [ 144.2581272, -3.8166185 ], [ 144.258288099999987, -3.8163295 ], [ 144.2586744, -3.8160832 ], [ 144.258781699999986, -3.8157942 ], [ 144.258813800000013, -3.8153125 ], [ 144.258888899999988, -3.8149806 ], [ 144.259361, -3.8146381 ], [ 144.2596078, -3.8145417 ] ] ] ] } },
{ "type": "Feature", "properties": { "FID": 509578, "id": 2323, "left": 140.0, "top": 0.0, "right": 145.0, "bottom": -5.0, "row_index": 18, "col_index": 64, "min_lon": 140.0, "min_lat": -5.0, "tile_id": "140_-5" }, "geometry": { "type": "MultiPolygon", "coordinates": [ [ [ [ 144.2536962, -3.8141777 ], [ 144.2539644, -3.8142955 ], [ 144.254264799999987, -3.8143597 ], [ 144.2546725, -3.8146167 ], [ 144.2551339, -3.8149164 ], [ 144.255799, -3.8150556 ], [ 144.2562604, -3.815077 ], [ 144.2567539, -3.8153874 ], [ 144.2570543, -3.8157835 ], [ 144.2574942, -3.8163188 ], [ 144.2575371, -3.8167898 ], [ 144.2579877, -3.8171966 ], [ 144.2582559, -3.8176034 ], [ 144.2582667, -3.8179887 ], [ 144.2584491, -3.8185668 ], [ 144.2586636, -3.8188666 ], [ 144.258846, -3.8192733 ], [ 144.258846, -3.8197658 ], [ 144.2586851, -3.8200013 ], [ 144.258470499999987, -3.8205044 ], [ 144.2579877, -3.8208577 ], [ 144.2570007, -3.8213287 ], [ 144.256711, -3.8218318 ], [ 144.256560799999988, -3.8221958 ], [ 144.256196, -3.8226133 ], [ 144.2562175, -3.8229987 ], [ 144.256303300000013, -3.8234483 ], [ 144.2562175, -3.8238872 ], [ 144.2557239, -3.8241655 ], [ 144.25493, -3.8242297 ], [ 144.254608100000013, -3.824294 ], [ 144.254318500000011, -3.8243154 ], [ 144.2539322, -3.8245081 ], [ 144.2537606, -3.8248613 ], [ 144.2536962, -3.8251504 ], [ 144.253481599999986, -3.8255679 ], [ 144.2531061, -3.8255786 ], [ 144.2527306, -3.8254608 ], [ 144.2523444, -3.8251932 ], [ 144.2518508, -3.8249042 ], [ 144.2511964, -3.8243368 ], [ 144.2510569, -3.8240692 ], [ 144.2508531, -3.8236838 ], [ 144.2506277, -3.8230629 ], [ 144.2502522, -3.8223778 ], [ 144.2500484, -3.8217997 ], [ 144.2497158, -3.8213929 ], [ 144.2489004, -3.8205365 ], [ 144.2488468, -3.8201619 ], [ 144.248439100000013, -3.8200869 ], [ 144.2478597, -3.8200013 ], [ 144.24708720000001, -3.8196159 ], [ 144.2466795, -3.8193911 ], [ 144.2462289, -3.8189201 ], [ 144.2459285, -3.8187167 ], [ 144.245435, -3.8184062 ], [ 144.2450273, -3.8179566 ], [ 144.2449307, -3.817325 ], [ 144.24494150000001, -3.8170039 ], [ 144.245156, -3.8165222 ], [ 144.2456496, -3.8160832 ], [ 144.24595, -3.8157514 ], [ 144.2468405, -3.815002 ], [ 144.2478382, -3.8141028 ], [ 144.248675100000014, -3.813407 ], [ 144.249200800000011, -3.8130537 ], [ 144.2495549, -3.8129252 ], [ 144.2501449, -3.8129467 ], [ 144.2505956, -3.8130751 ], [ 144.2510033, -3.8132892 ], [ 144.251765, -3.813696 ], [ 144.252172699999988, -3.8138994 ], [ 144.25298810000001, -3.8144775 ], [ 144.253224100000011, -3.8143811 ], [ 144.2534387, -3.8141349 ], [ 144.2536962, -3.8141777 ] ] ] ] } },
{ "type": "Feature", "properties": { "FID": 509579, "id": 2323, "left": 140.0, "top": 0.0, "right": 145.0, "bottom": -5.0, "row_index": 18, "col_index": 64, "min_lon": 140.0, "min_lat": -5.0, "tile_id": "140_-5" }, "geometry": { "type": "MultiPolygon", "coordinates": [ [ [ [ 144.235274800000013, -3.8309952 ], [ 144.2354894, -3.8312736 ], [ 144.2357361, -3.831584 ], [ 144.236036500000012, -3.8318837 ], [ 144.2365408, -3.8323226 ], [ 144.2371094, -3.8330506 ], [ 144.237602900000013, -3.8335323 ], [ 144.237806799999987, -3.8339498 ], [ 144.2379355, -3.8344208 ], [ 144.238332500000013, -3.8349989 ], [ 144.238750900000014, -3.8356733 ], [ 144.2390728, -3.8363155 ], [ 144.2392552, -3.8368936 ], [ 144.239276600000011, -3.8375466 ], [ 144.2391479, -3.8379641 ], [ 144.2389655, -3.8381889 ], [ 144.238772399999988, -3.8382638 ], [ 144.2382574, -3.838114 ], [ 144.237967700000013, -3.8379748 ], [ 144.2375386, -3.8376536 ], [ 144.2369378, -3.8371612 ], [ 144.2362296, -3.8365725 ], [ 144.2357898, -3.8361764 ], [ 144.235189, -3.8358124 ], [ 144.234362800000014, -3.8353842 ], [ 144.2339873, -3.8352022 ], [ 144.233236299999987, -3.8351166 ], [ 144.2328501, -3.8349774 ], [ 144.232496, -3.834667 ], [ 144.2314446, -3.833832 ], [ 144.2311335, -3.8332754 ], [ 144.23081160000001, -3.8330934 ], [ 144.23026440000001, -3.8329007 ], [ 144.2298782, -3.8325367 ], [ 144.2294168, -3.8321086 ], [ 144.2288053, -3.8317446 ], [ 144.228590700000012, -3.8317339 ], [ 144.2284191, -3.8316911 ], [ 144.2273462, -3.8314127 ], [ 144.226563, -3.8311665 ], [ 144.2249107, -3.8302459 ], [ 144.2235911, -3.8292075 ], [ 144.2227757, -3.8284368 ], [ 144.2223894, -3.8282762 ], [ 144.2216813, -3.8279122 ], [ 144.221102, -3.8269167 ], [ 144.2208338, -3.8262958 ], [ 144.220544100000012, -3.8255357 ], [ 144.2204583, -3.8245081 ], [ 144.220351, -3.823641 ], [ 144.2202222, -3.8221637 ], [ 144.2200291, -3.8218961 ], [ 144.2196429, -3.8217462 ], [ 144.2193317, -3.8216177 ], [ 144.2191386, -3.8211039 ], [ 144.2186773, -3.8196587 ], [ 144.2186236, -3.8189094 ], [ 144.2183018, -3.8175605 ], [ 144.2178082, -3.81649 ], [ 144.21746490000001, -3.8156122 ], [ 144.2173147, -3.8149271 ], [ 144.217014299999988, -3.8140493 ], [ 144.2168212, -3.8130858 ], [ 144.216735300000011, -3.8120367 ], [ 144.216392, -3.8107521 ], [ 144.216992800000014, -3.8111161 ], [ 144.217743899999988, -3.8114801 ], [ 144.218344699999989, -3.8119725 ], [ 144.2193317, -3.812572 ], [ 144.2200827, -3.8128075 ], [ 144.220984, -3.8133427 ], [ 144.2214775, -3.8135568 ], [ 144.2224216, -3.8140065 ], [ 144.223601800000012, -3.8147772 ], [ 144.2247176, -3.8151626 ], [ 144.225897800000013, -3.8155908 ], [ 144.226284, -3.8152054 ], [ 144.226841900000011, -3.81482 ], [ 144.2273998, -3.8145417 ], [ 144.2286229, -3.8144132 ], [ 144.229867399999989, -3.8144347 ], [ 144.2305112, -3.8150127 ], [ 144.230597, -3.8158263 ], [ 144.2306399, -3.8166613 ], [ 144.2314768, -3.8172608 ], [ 144.2321849, -3.8175819 ], [ 144.2328071, -3.8182671 ], [ 144.2333865, -3.8183527 ], [ 144.2344808, -3.8187809 ], [ 144.2353177, -3.8195088 ], [ 144.2362618, -3.8198514 ], [ 144.2371201, -3.8199799 ], [ 144.23812860000001, -3.820301 ], [ 144.239223, -3.8204081 ], [ 144.2402744, -3.8202796 ], [ 144.2415833, -3.820772 ], [ 144.2424631, -3.8215214 ], [ 144.243557399999986, -3.8223778 ], [ 144.244008, -3.823277 ], [ 144.243664700000011, -3.8238979 ], [ 144.243214099999989, -3.8243903 ], [ 144.2426777, -3.8248399 ], [ 144.2415833, -3.8257605 ], [ 144.2405963, -3.8261245 ], [ 144.2398882, -3.8261673 ], [ 144.2391801, -3.8260603 ], [ 144.238171599999987, -3.8259532 ], [ 144.2371416, -3.8260817 ], [ 144.2367983, -3.8263814 ], [ 144.236111599999987, -3.8269595 ], [ 144.23594, -3.8274519 ], [ 144.235854100000012, -3.8279872 ], [ 144.235618100000011, -3.8285438 ], [ 144.23538210000001, -3.8284582 ], [ 144.235274800000013, -3.8277731 ], [ 144.2349314, -3.8275376 ], [ 144.2343735, -3.8272806 ], [ 144.2337727, -3.8271308 ], [ 144.2335367, -3.8276232 ], [ 144.2335367, -3.8282227 ], [ 144.2339873, -3.8289934 ], [ 144.2342663, -3.8293574 ], [ 144.2346954, -3.8301924 ], [ 144.2348456, -3.8305349 ], [ 144.2349529, -3.8308561 ], [ 144.235274800000013, -3.8309952 ] ] ] ] } },
{ "type": "Feature", "properties": { "FID": 509580, "id": 2323, "left": 140.0, "top": 0.0, "right": 145.0, "bottom": -5.0, "row_index": 18, "col_index": 64, "min_lon": 140.0, "min_lat": -5.0, "tile_id": "140_-5" }, "geometry": { "type": "MultiPolygon", "coordinates": [ [ [ [ 144.2428922, -3.8333182 ], [ 144.2432356, -3.8336393 ], [ 144.24379350000001, -3.8343244 ], [ 144.2439651, -3.8348383 ], [ 144.2437076, -3.8354592 ], [ 144.242506, -3.8357375 ], [ 144.2414331, -3.8356947 ], [ 144.2405963, -3.8352665 ], [ 144.239823800000011, -3.8348169 ], [ 144.239223, -3.8342816 ], [ 144.2389655, -3.8337036 ], [ 144.238986899999986, -3.8329328 ], [ 144.239351699999986, -3.8322905 ], [ 144.2395019, -3.8318623 ], [ 144.2396951, -3.8316482 ], [ 144.239952499999987, -3.8316482 ], [ 144.240317299999987, -3.8320336 ], [ 144.2404675, -3.8323548 ], [ 144.2407679, -3.8326759 ], [ 144.241647699999987, -3.8328472 ], [ 144.242377299999987, -3.8330399 ], [ 144.2428922, -3.8333182 ] ] ] ] } },
{ "type": "Feature", "properties": { "FID": 509581, "id": 2323, "left": 140.0, "top": 0.0, "right": 145.0, "bottom": -5.0, "row_index": 18, "col_index": 64, "min_lon": 140.0, "min_lat": -5.0, "tile_id": "140_-5" }, "geometry": { "type": "MultiPolygon", "coordinates": [ [ [ [ 144.2707443, -3.7817515 ], [ 144.2708087, -3.7820512 ], [ 144.270830100000012, -3.7824901 ], [ 144.270830100000012, -3.7833894 ], [ 144.2709803, -3.7838712 ], [ 144.2713022, -3.7845456 ], [ 144.271452399999987, -3.785402 ], [ 144.271452399999987, -3.7859373 ], [ 144.2712915, -3.7869436 ], [ 144.2710233, -3.7873932 ], [ 144.2704975, -3.7874575 ], [ 144.270068400000014, -3.7873932 ], [ 144.2698967, -3.7872112 ], [ 144.2699182, -3.7868258 ], [ 144.2699397, -3.7858945 ], [ 144.269360299999988, -3.785477 ], [ 144.2694569, -3.7852093 ], [ 144.269961099999989, -3.7853378 ], [ 144.2702401, -3.7852522 ], [ 144.2701864, -3.785038 ], [ 144.270165, -3.7847597 ], [ 144.269371, -3.7846312 ], [ 144.2689848, -3.7843208 ], [ 144.269253, -3.7837855 ], [ 144.2688346, -3.783657 ], [ 144.2680085, -3.783914 ], [ 144.2675471, -3.7839568 ], [ 144.2672789, -3.7834536 ], [ 144.267482699999988, -3.783004 ], [ 144.2671823, -3.7828006 ], [ 144.2662489, -3.7828755 ], [ 144.2657983, -3.782897 ], [ 144.264714700000013, -3.78264 ], [ 144.263770599999987, -3.7822225 ], [ 144.2630303, -3.7818157 ], [ 144.2626333, -3.7820084 ], [ 144.2631161, -3.7829505 ], [ 144.2634165, -3.7833787 ], [ 144.2638671, -3.783839 ], [ 144.2643392, -3.7843208 ], [ 144.2643607, -3.7848132 ], [ 144.2637169, -3.7850273 ], [ 144.262547500000011, -3.7850595 ], [ 144.2619038, -3.7852093 ], [ 144.261109800000014, -3.7854341 ], [ 144.260348099999987, -3.7856911 ], [ 144.2589855, -3.7858517 ], [ 144.2586636, -3.7860765 ], [ 144.25758, -3.786419 ], [ 144.256281800000011, -3.7863334 ], [ 144.2556596, -3.7859052 ], [ 144.2552948, -3.7857125 ], [ 144.254683199999988, -3.7857125 ], [ 144.2539966, -3.7855626 ], [ 144.2535996, -3.7854984 ], [ 144.2511749, -3.7848989 ], [ 144.2508209, -3.7848453 ], [ 144.2491686, -3.7846098 ], [ 144.2486858, -3.7846526 ], [ 144.248203, -3.7844171 ], [ 144.2479133, -3.784021 ], [ 144.2474413, -3.7834429 ], [ 144.247055, -3.7834322 ], [ 144.246636599999988, -3.7836249 ], [ 144.24595, -3.7837106 ], [ 144.2448556, -3.7836463 ], [ 144.24361110000001, -3.783368 ], [ 144.2431283, -3.783368 ], [ 144.2424631, -3.7833466 ], [ 144.2411113, -3.7833038 ], [ 144.2392123, -3.7833145 ], [ 144.2380106, -3.7834001 ], [ 144.2362296, -3.7834965 ], [ 144.2348993, -3.7835072 ], [ 144.2332578, -3.78355 ], [ 144.2327106, -3.783475 ], [ 144.2329144, -3.7831432 ], [ 144.233644, -3.7829826 ], [ 144.23447010000001, -3.7828327 ], [ 144.236927, -3.7826293 ], [ 144.238750900000014, -3.782533 ], [ 144.2402315, -3.782458 ], [ 144.242248499999988, -3.7821155 ], [ 144.2439115, -3.7818371 ], [ 144.245724700000011, -3.7817836 ], [ 144.247527100000013, -3.7816872 ], [ 144.2510354, -3.7810984 ], [ 144.25317050000001, -3.7809486 ], [ 144.2558098, -3.7806702 ], [ 144.25861, -3.7802634 ], [ 144.2605197, -3.7802099 ], [ 144.2626119, -3.7799529 ], [ 144.2641783, -3.7798887 ], [ 144.2655945, -3.7798245 ], [ 144.2673862, -3.7799422 ], [ 144.2680728, -3.7800921 ], [ 144.2691886, -3.7806274 ], [ 144.2706799, -3.7815802 ], [ 144.2707443, -3.7817515 ] ] ] ] } },
{ "type": "Feature", "properties": { "FID": 509582, "id": 2323, "left": 140.0, "top": 0.0, "right": 145.0, "bottom": -5.0, "row_index": 18, "col_index": 64, "min_lon": 140.0, "min_lat": -5.0, "tile_id": "140_-5" }, "geometry": { "type": "MultiPolygon", "coordinates": [ [ [ [ 144.239856, -3.7885173 ], [ 144.2403066, -3.7884745 ], [ 144.240789400000011, -3.7884424 ], [ 144.2420339, -3.7883032 ], [ 144.2416263, -3.7884852 ], [ 144.2411971, -3.7886779 ], [ 144.2406928, -3.7888492 ], [ 144.239738, -3.7894594 ], [ 144.2394161, -3.7896414 ], [ 144.238879700000012, -3.789909 ], [ 144.2374527, -3.7900268 ], [ 144.2365944, -3.7901231 ], [ 144.2358434, -3.789909 ], [ 144.235274800000013, -3.7895022 ], [ 144.234802699999989, -3.7889241 ], [ 144.2349422, -3.7886565 ], [ 144.2356074, -3.7886137 ], [ 144.2362726, -3.7884852 ], [ 144.237045, -3.788421 ], [ 144.237806799999987, -3.7883888 ], [ 144.2384291, -3.7883888 ], [ 144.239223, -3.7885387 ], [ 144.239856, -3.7885173 ] ] ] ] } },
{ "type": "Feature", "properties": { "FID": 509583, "id": 2323, "left": 140.0, "top": 0.0, "right": 145.0, "bottom": -5.0, "row_index": 18, "col_index": 64, "min_lon": 140.0, "min_lat": -5.0, "tile_id": "140_-5" }, "geometry": { "type": "MultiPolygon", "coordinates": [ [ [ [ 144.192338, -3.7794926 ], [ 144.193089, -3.7795568 ], [ 144.1939473, -3.7795354 ], [ 144.1951918, -3.7796211 ], [ 144.1970157, -3.7797495 ], [ 144.1986894, -3.780242 ], [ 144.203195599999987, -3.7810342 ], [ 144.2043543, -3.7812483 ], [ 144.2067575, -3.7815266 ], [ 144.2093539, -3.7818264 ], [ 144.2114568, -3.7820405 ], [ 144.2141604, -3.7821262 ], [ 144.2161774, -3.7820191 ], [ 144.216735300000011, -3.7820619 ], [ 144.2179155, -3.7821476 ], [ 144.2188811, -3.7820191 ], [ 144.2204475, -3.7819977 ], [ 144.22167060000001, -3.7820191 ], [ 144.222550399999989, -3.782169 ], [ 144.223623300000014, -3.7821904 ], [ 144.2247176, -3.7821476 ], [ 144.2259407, -3.7821476 ], [ 144.2277646, -3.7822118 ], [ 144.228408300000012, -3.7822974 ], [ 144.2297816, -3.78264 ], [ 144.230597, -3.7828327 ], [ 144.2322063, -3.7836035 ], [ 144.2315841, -3.7837962 ], [ 144.231305099999986, -3.7838818 ], [ 144.2307687, -3.7841602 ], [ 144.2301249, -3.7845242 ], [ 144.2294597, -3.7850594 ], [ 144.229030599999987, -3.7859587 ], [ 144.2288589, -3.7864083 ], [ 144.2283225, -3.7867509 ], [ 144.2270565, -3.7870292 ], [ 144.2272281, -3.7872862 ], [ 144.227700199999987, -3.7875859 ], [ 144.227807500000011, -3.7882282 ], [ 144.2276788, -3.7889776 ], [ 144.227700199999987, -3.7895343 ], [ 144.2281079, -3.7899197 ], [ 144.228172300000011, -3.7893844 ], [ 144.2284512, -3.7889562 ], [ 144.2288375, -3.7887635 ], [ 144.2294812, -3.7886351 ], [ 144.2303824, -3.7885922 ], [ 144.2309189, -3.7886565 ], [ 144.231541099999987, -3.7888706 ], [ 144.232871499999987, -3.7894915 ], [ 144.2334294, -3.7896199 ], [ 144.2344594, -3.7902409 ], [ 144.2350387, -3.7906477 ], [ 144.2353391, -3.79129 ], [ 144.23594, -3.7925318 ], [ 144.2361975, -3.7940306 ], [ 144.2363691, -3.7951653 ], [ 144.23634770000001, -3.7963857 ], [ 144.2363906, -3.7974134 ], [ 144.236583700000011, -3.7995759 ], [ 144.236454900000012, -3.8007535 ], [ 144.2363262, -3.8014386 ], [ 144.2360258, -3.8016741 ], [ 144.2353391, -3.8018668 ], [ 144.234566699999988, -3.8021023 ], [ 144.233644, -3.8022522 ], [ 144.2328501, -3.8022522 ], [ 144.2317557, -3.8027018 ], [ 144.2310047, -3.8028517 ], [ 144.2302966, -3.8030016 ], [ 144.2299533, -3.8032157 ], [ 144.229030599999987, -3.8039008 ], [ 144.2284727, -3.8043076 ], [ 144.227936199999988, -3.8047572 ], [ 144.2272925, -3.805528 ], [ 144.2259621, -3.8057849 ], [ 144.2255544, -3.8059348 ], [ 144.2252111, -3.8063202 ], [ 144.2249965, -3.8070695 ], [ 144.225060899999988, -3.8078189 ], [ 144.225060899999988, -3.8087609 ], [ 144.225254, -3.8097458 ], [ 144.2253399, -3.8105808 ], [ 144.2253613, -3.8115871 ], [ 144.2252111, -3.8122722 ], [ 144.224824899999987, -3.8126576 ], [ 144.2240524, -3.8127218 ], [ 144.2235803, -3.8126576 ], [ 144.2229581, -3.8122508 ], [ 144.2223573, -3.8115443 ], [ 144.2216277, -3.8101312 ], [ 144.221198500000014, -3.8092534 ], [ 144.2208338, -3.8081829 ], [ 144.2201471, -3.8059562 ], [ 144.2196965, -3.8049713 ], [ 144.219267300000013, -3.8041363 ], [ 144.2188167, -3.8038366 ], [ 144.2183661, -3.8040721 ], [ 144.2182803, -3.8044789 ], [ 144.2177653, -3.8055494 ], [ 144.2169499, -3.8062345 ], [ 144.2144394, -3.8068554 ], [ 144.2137313, -3.8069839 ], [ 144.2130661, -3.8074121 ], [ 144.21229360000001, -3.8080758 ], [ 144.211092, -3.8085468 ], [ 144.2098045, -3.8086325 ], [ 144.209075, -3.8086539 ], [ 144.2084312, -3.8089108 ], [ 144.207272499999988, -3.8090179 ], [ 144.2048263, -3.8088894 ], [ 144.204010899999986, -3.8088466 ], [ 144.203066799999988, -3.8088894 ], [ 144.2018223, -3.8090393 ], [ 144.2009425, -3.8092962 ], [ 144.200191499999988, -3.8098529 ], [ 144.1995263, -3.8102811 ], [ 144.197638, -3.8105166 ], [ 144.1949129, -3.8117798 ], [ 144.1935396, -3.8120795 ], [ 144.19259550000001, -3.8121009 ], [ 144.190921800000012, -3.8121866 ], [ 144.189848899999987, -3.8121224 ], [ 144.190084899999988, -3.8114801 ], [ 144.1904068, -3.8108806 ], [ 144.1908574, -3.8102811 ], [ 144.1914582, -3.8095745 ], [ 144.191994599999987, -3.8089751 ], [ 144.192745699999989, -3.8081401 ], [ 144.193561100000011, -3.8067056 ], [ 144.1938185, -3.8060632 ], [ 144.194397900000013, -3.8048429 ], [ 144.19487, -3.8040935 ], [ 144.1950846, -3.8029159 ], [ 144.1950631, -3.8019096 ], [ 144.1954922, -3.7988479 ], [ 144.195342, -3.7977346 ], [ 144.1951489, -3.7968353 ], [ 144.1949343, -3.7955079 ], [ 144.1949343, -3.7946729 ], [ 144.1948056, -3.7937094 ], [ 144.194591, -3.7930457 ], [ 144.194526700000011, -3.7919751 ], [ 144.1944623, -3.7908404 ], [ 144.194076, -3.7902409 ], [ 144.1934752, -3.789727 ], [ 144.19281, -3.7885708 ], [ 144.192101900000011, -3.7877358 ], [ 144.1908788, -3.786601 ], [ 144.1901064, -3.7860443 ], [ 144.1886687, -3.784931 ], [ 144.1884528, -3.784804 ], [ 144.1874671, -3.7842244 ], [ 144.186952100000013, -3.7835393 ], [ 144.1865444, -3.7828541 ], [ 144.18648, -3.7821262 ], [ 144.1865015, -3.7813125 ], [ 144.18669460000001, -3.7806916 ], [ 144.1871667, -3.7800279 ], [ 144.1877675, -3.7795354 ], [ 144.1884112, -3.7793641 ], [ 144.1898918, -3.7793427 ], [ 144.1915655, -3.7793213 ], [ 144.192338, -3.7794926 ] ] ] ] } },
{ "type": "Feature", "properties": { "FID": 509584, "id": 2323, "left": 140.0, "top": 0.0, "right": 145.0, "bottom": -5.0, "row_index": 18, "col_index": 64, "min_lon": 140.0, "min_lat": -5.0, "tile_id": "140_-5" }, "geometry": { "type": "MultiPolygon", "coordinates": [ [ [ [ 144.182746400000013, -3.7899839 ], [ 144.1828322, -3.7903051 ], [ 144.1832185, -3.7908404 ], [ 144.1838622, -3.7913542 ], [ 144.1846132, -3.7918895 ], [ 144.1854715, -3.7925532 ], [ 144.1862654, -3.7932598 ], [ 144.1884327, -3.7946943 ], [ 144.190320899999989, -3.7959789 ], [ 144.1910291, -3.79645 ], [ 144.1911149, -3.7973706 ], [ 144.191501100000011, -3.7980343 ], [ 144.1913724, -3.7988479 ], [ 144.1910291, -3.7994474 ], [ 144.1904926, -3.8002824 ], [ 144.189462600000013, -3.80146 ], [ 144.1885829, -3.8025519 ], [ 144.187896200000012, -3.803494 ], [ 144.186844799999989, -3.8044789 ], [ 144.1865015, -3.8052282 ], [ 144.185965, -3.8061489 ], [ 144.1854715, -3.8071552 ], [ 144.1850638, -3.808397 ], [ 144.184699, -3.8096388 ], [ 144.1844415, -3.8103453 ], [ 144.1839051, -3.8108163 ], [ 144.1830468, -3.8112659 ], [ 144.1822958, -3.8115015 ], [ 144.1811371, -3.8118654 ], [ 144.1804933, -3.8119939 ], [ 144.179763799999989, -3.8119083 ], [ 144.1794634, -3.8113088 ], [ 144.1794419, -3.8106022 ], [ 144.1796779, -3.8098529 ], [ 144.180128599999989, -3.8092962 ], [ 144.1810298, -3.8087609 ], [ 144.1815662, -3.8082471 ], [ 144.1822099, -3.8075406 ], [ 144.1828966, -3.8068554 ], [ 144.1828751, -3.8061061 ], [ 144.182617599999986, -3.8053139 ], [ 144.1821027, -3.8043076 ], [ 144.1817379, -3.8034084 ], [ 144.1812658, -3.8030872 ], [ 144.1805362, -3.8024663 ], [ 144.1801715, -3.8019953 ], [ 144.179742299999987, -3.8014386 ], [ 144.17912, -3.8005394 ], [ 144.178540700000013, -3.7995331 ], [ 144.178133, -3.7980772 ], [ 144.177703799999989, -3.7967925 ], [ 144.177832599999988, -3.7962573 ], [ 144.1783261, -3.795722 ], [ 144.178411899999986, -3.794523 ], [ 144.178197399999988, -3.793795 ], [ 144.1784763, -3.7931313 ], [ 144.1787338, -3.7921678 ], [ 144.1791844, -3.7914184 ], [ 144.1797852, -3.79129 ], [ 144.1805577, -3.7911829 ], [ 144.1810941, -3.7907975 ], [ 144.1819525, -3.7899625 ], [ 144.182746400000013, -3.7899839 ] ] ] ] } },
{ "type": "Feature", "properties": { "FID": 509585, "id": 2323, "left": 140.0, "top": 0.0, "right": 145.0, "bottom": -5.0, "row_index": 18, "col_index": 64, "min_lon": 140.0, "min_lat": -5.0, "tile_id": "140_-5" }, "geometry": { "type": "MultiPolygon", "coordinates": [ [ [ [ 144.1744208, -3.788528 ], [ 144.175043100000011, -3.7886993 ], [ 144.1750002, -3.7894058 ], [ 144.174957299999988, -3.7900482 ], [ 144.174935799999986, -3.7906691 ], [ 144.1745066, -3.7921036 ], [ 144.17444230000001, -3.7930885 ], [ 144.1746354, -3.7950583 ], [ 144.1754508, -3.7973278 ], [ 144.175193299999989, -3.7975847 ], [ 144.17444230000001, -3.7978202 ], [ 144.1746139, -3.7980986 ], [ 144.175171799999987, -3.7982913 ], [ 144.175772599999988, -3.7986124 ], [ 144.176266199999986, -3.7991263 ], [ 144.176867, -3.8003253 ], [ 144.1774034, -3.8010746 ], [ 144.178175900000014, -3.8021451 ], [ 144.178905500000013, -3.803023 ], [ 144.1794634, -3.8038366 ], [ 144.180107099999987, -3.8048214 ], [ 144.180450400000012, -3.8056565 ], [ 144.180343099999988, -3.8059776 ], [ 144.179871100000014, -3.8063202 ], [ 144.179248800000011, -3.8066627 ], [ 144.1782617, -3.8075406 ], [ 144.1774034, -3.8082471 ], [ 144.1754293, -3.811373 ], [ 144.1753435, -3.811844 ], [ 144.1752147, -3.8129145 ], [ 144.1747427, -3.8136853 ], [ 144.173583900000011, -3.8136425 ], [ 144.171910200000013, -3.8133427 ], [ 144.1706657, -3.8126576 ], [ 144.1685199, -3.811373 ], [ 144.1678762, -3.8108163 ], [ 144.167103700000013, -3.8114158 ], [ 144.1660738, -3.8119725 ], [ 144.164228400000013, -3.8121009 ], [ 144.1633701, -3.8114586 ], [ 144.1625118, -3.8100884 ], [ 144.1611385, -3.8082471 ], [ 144.159550599999989, -3.806106 ], [ 144.1589927, -3.8044789 ], [ 144.159293100000014, -3.8028088 ], [ 144.1602373, -3.8013101 ], [ 144.161567600000012, -3.8000683 ], [ 144.1622543, -3.797028 ], [ 144.1620397, -3.7960431 ], [ 144.161567600000012, -3.7939877 ], [ 144.1615247, -3.791761 ], [ 144.1617822, -3.7901766 ], [ 144.162554699999987, -3.789363 ], [ 144.164485899999988, -3.7890632 ], [ 144.167103700000013, -3.7890632 ], [ 144.168562799999989, -3.7889348 ], [ 144.171009, -3.788892 ], [ 144.174227699999989, -3.7887207 ], [ 144.1744208, -3.788528 ] ] ] ] } },
{ "type": "Feature", "properties": { "FID": 509586, "id": 2323, "left": 140.0, "top": 0.0, "right": 145.0, "bottom": -5.0, "row_index": 18, "col_index": 64, "min_lon": 140.0, "min_lat": -5.0, "tile_id": "140_-5" }, "geometry": { "type": "MultiPolygon", "coordinates": [ [ [ [ 143.9589992, -3.7690095 ], [ 143.9590197, -3.7690226 ], [ 143.9590421, -3.7690681 ], [ 143.9590609, -3.7690754 ], [ 143.9590857, -3.7690721 ], [ 143.9591078, -3.769056 ], [ 143.959136699999988, -3.7689844 ], [ 143.959158800000012, -3.7689597 ], [ 143.959193, -3.768947 ], [ 143.959235299999989, -3.7689523 ], [ 143.9592614, -3.7689704 ], [ 143.959270800000013, -3.7689938 ], [ 143.9592664, -3.7690162 ], [ 143.9592185, -3.769058 ], [ 143.9592078, -3.7690808 ], [ 143.959212799999989, -3.7691022 ], [ 143.9592279, -3.7691219 ], [ 143.9592688, -3.7691564 ], [ 143.9592862, -3.7691885 ], [ 143.9592929, -3.7692487 ], [ 143.9592728, -3.7693076 ], [ 143.9592165, -3.7693478 ], [ 143.9591213, -3.7693826 ], [ 143.9590622, -3.7693799 ], [ 143.9590126, -3.7693478 ], [ 143.958967, -3.7692922 ], [ 143.958932800000014, -3.7692146 ], [ 143.958912, -3.769125 ], [ 143.9589181, -3.7690654 ], [ 143.958936200000011, -3.7690239 ], [ 143.958971100000014, -3.7690079 ], [ 143.9589992, -3.7690095 ] ] ] ] } },
{ "type": "Feature", "properties": { "FID": 509587, "id": 2323, "left": 140.0, "top": 0.0, "right": 145.0, "bottom": -5.0, "row_index": 18, "col_index": 64, "min_lon": 140.0, "min_lat": -5.0, "tile_id": "140_-5" }, "geometry": { "type": "MultiPolygon", "coordinates": [ [ [ [ 144.9443865, -4.2282108 ], [ 144.9446869, -4.2285318 ], [ 144.9449873, -4.2289384 ], [ 144.9449444, -4.2293235 ], [ 144.9444723, -4.2295803 ], [ 144.9437642, -4.2296445 ], [ 144.9430561, -4.2298157 ], [ 144.942584, -4.2301153 ], [ 144.9420476, -4.2297729 ], [ 144.942133399999989, -4.2293663 ], [ 144.942262199999988, -4.2286816 ], [ 144.942240700000013, -4.228168 ], [ 144.942498199999989, -4.2277186 ], [ 144.9430561, -4.2276544 ], [ 144.94385, -4.2278684 ], [ 144.9443865, -4.2282108 ] ] ] ] } },
{ "type": "Feature", "properties": { "FID": 509590, "id": 2323, "left": 140.0, "top": 0.0, "right": 145.0, "bottom": -5.0, "row_index": 18, "col_index": 64, "min_lon": 140.0, "min_lat": -5.0, "tile_id": "140_-5" }, "geometry": { "type": "MultiPolygon", "coordinates": [ [ [ [ 144.978160800000012, -4.2827128 ], [ 144.9782789, -4.2828519 ], [ 144.9782681, -4.2830445 ], [ 144.9781179, -4.2832692 ], [ 144.9778497, -4.2834724 ], [ 144.9775386, -4.2834724 ], [ 144.9773562, -4.2833761 ], [ 144.9772704, -4.2831943 ], [ 144.977291799999989, -4.2829054 ], [ 144.9775171, -4.2827128 ], [ 144.977817499999986, -4.2826272 ], [ 144.978160800000012, -4.2827128 ] ] ] ] } },
{ "type": "Feature", "properties": { "FID": 509591, "id": 2323, "left": 140.0, "top": 0.0, "right": 145.0, "bottom": -5.0, "row_index": 18, "col_index": 64, "min_lon": 140.0, "min_lat": -5.0, "tile_id": "140_-5" }, "geometry": { "type": "MultiPolygon", "coordinates": [ [ [ [ 144.9782145, -4.2859653 ], [ 144.9783969, -4.2860936 ], [ 144.9784398, -4.2862434 ], [ 144.9783969, -4.286436 ], [ 144.9782789, -4.2864895 ], [ 144.9778068, -4.2864895 ], [ 144.9774313, -4.2864788 ], [ 144.977088, -4.2865002 ], [ 144.9767661, -4.2864467 ], [ 144.9767876, -4.2863076 ], [ 144.9770772, -4.2862006 ], [ 144.977377600000011, -4.2860722 ], [ 144.9776244, -4.285976 ], [ 144.9779034, -4.2859653 ], [ 144.9782145, -4.2859653 ] ] ] ] } },
{ "type": "Feature", "properties": { "FID": 519945, "id": 2323, "left": 140.0, "top": 0.0, "right": 145.0, "bottom": -5.0, "row_index": 18, "col_index": 64, "min_lon": 140.0, "min_lat": -5.0, "tile_id": "140_-5" }, "geometry": { "type": "MultiPolygon", "coordinates": [ [ [ [ 143.5445389, -3.3123177 ], [ 143.5445952, -3.3123177 ], [ 143.544780300000014, -3.3122213 ], [ 143.54470520000001, -3.3123552 ], [ 143.544699799999989, -3.3124007 ], [ 143.5446516, -3.3124382 ], [ 143.5446435, -3.3124784 ], [ 143.544549600000011, -3.3125132 ], [ 143.5445148, -3.3124704 ], [ 143.544496, -3.3123499 ], [ 143.5445389, -3.3123177 ] ] ] ] } },
{ "type": "Feature", "properties": { "FID": 524732, "id": 2323, "left": 140.0, "top": 0.0, "right": 145.0, "bottom": -5.0, "row_index": 18, "col_index": 64, "min_lon": 140.0, "min_lat": -5.0, "tile_id": "140_-5" }, "geometry": { "type": "MultiPolygon", "coordinates": [ [ [ [ 141.330882300000013, -2.6964775 ], [ 141.3309118, -2.6966088 ], [ 141.330828700000012, -2.6967428 ], [ 141.3307965, -2.6968553 ], [ 141.330721399999987, -2.6970241 ], [ 141.3305497, -2.6969973 ], [ 141.33045580000001, -2.696858 ], [ 141.330463900000012, -2.6966544 ], [ 141.3305497, -2.6965124 ], [ 141.33065160000001, -2.6963811 ], [ 141.3307804, -2.696373 ], [ 141.330882300000013, -2.6964775 ] ] ] ] } },
{ "type": "Feature", "properties": { "FID": 524733, "id": 2323, "left": 140.0, "top": 0.0, "right": 145.0, "bottom": -5.0, "row_index": 18, "col_index": 64, "min_lon": 140.0, "min_lat": -5.0, "tile_id": "140_-5" }, "geometry": { "type": "MultiPolygon", "coordinates": [ [ [ [ 141.327620700000011, -2.6971125 ], [ 141.3277334, -2.6969303 ], [ 141.327663699999988, -2.6968606 ], [ 141.3276529, -2.6966892 ], [ 141.3278139, -2.6965659 ], [ 141.328184, -2.696507 ], [ 141.328425399999986, -2.6965713 ], [ 141.3287473, -2.6969464 ], [ 141.3289887, -2.6972197 ], [ 141.3288921, -2.6974233 ], [ 141.3278621, -2.6974715 ], [ 141.327492, -2.6975197 ], [ 141.327374, -2.6974233 ], [ 141.3274759, -2.6972197 ], [ 141.327620700000011, -2.6971125 ] ] ] ] } },
{ "type": "Feature", "properties": { "FID": 524989, "id": 2323, "left": 140.0, "top": 0.0, "right": 145.0, "bottom": -5.0, "row_index": 18, "col_index": 64, "min_lon": 140.0, "min_lat": -5.0, "tile_id": "140_-5" }, "geometry": { "type": "MultiPolygon", "coordinates": [ [ [ [ 140.353654799999987, -2.4428963 ], [ 140.3535851, -2.442907 ], [ 140.353526100000011, -2.4430678 ], [ 140.3533491, -2.4430785 ], [ 140.353214900000012, -2.4429767 ], [ 140.3530647, -2.4429123 ], [ 140.353005700000011, -2.4426712 ], [ 140.353000400000013, -2.4425586 ], [ 140.3530594, -2.4424246 ], [ 140.3531935, -2.4424514 ], [ 140.3532203, -2.4425533 ], [ 140.3535207, -2.442639 ], [ 140.3536226, -2.4427676 ], [ 140.353654799999987, -2.4428963 ] ] ] ] } },
{ "type": "Feature", "properties": { "FID": 524990, "id": 2323, "left": 140.0, "top": 0.0, "right": 145.0, "bottom": -5.0, "row_index": 18, "col_index": 64, "min_lon": 140.0, "min_lat": -5.0, "tile_id": "140_-5" }, "geometry": { "type": "MultiPolygon", "coordinates": [ [ [ [ 140.3535958, -2.4437002 ], [ 140.3537299, -2.4437216 ], [ 140.353858699999989, -2.4438395 ], [ 140.3539821, -2.4439682 ], [ 140.3539338, -2.4440378 ], [ 140.3537675, -2.4439199 ], [ 140.353654799999987, -2.4439575 ], [ 140.35349930000001, -2.4439575 ], [ 140.3534295, -2.4441129 ], [ 140.353214900000012, -2.4443219 ], [ 140.3530916, -2.4442576 ], [ 140.353113, -2.4441075 ], [ 140.3532257, -2.4441182 ], [ 140.353333, -2.4440164 ], [ 140.353333, -2.4438717 ], [ 140.3532257, -2.4437538 ], [ 140.353231, -2.4436788 ], [ 140.3533598, -2.443593 ], [ 140.353569, -2.4436144 ], [ 140.3535958, -2.4437002 ] ] ] ] } },
{ "type": "Feature", "properties": { "FID": 524991, "id": 2323, "left": 140.0, "top": 0.0, "right": 145.0, "bottom": -5.0, "row_index": 18, "col_index": 64, "min_lon": 140.0, "min_lat": -5.0, "tile_id": "140_-5" }, "geometry": { "type": "MultiPolygon", "coordinates": [ [ [ [ 140.3369232, -2.4468516 ], [ 140.3369554, -2.4471625 ], [ 140.3367515, -2.447141 ], [ 140.3365799, -2.4469374 ], [ 140.3367515, -2.4465836 ], [ 140.3369232, -2.4468516 ] ] ] ] } },
{ "type": "Feature", "properties": { "FID": 524992, "id": 2323, "left": 140.0, "top": 0.0, "right": 145.0, "bottom": -5.0, "row_index": 18, "col_index": 64, "min_lon": 140.0, "min_lat": -5.0, "tile_id": "140_-5" }, "geometry": { "type": "MultiPolygon", "coordinates": [ [ [ [ 140.327219, -2.4423844 ], [ 140.3271814, -2.4424729 ], [ 140.326999, -2.4424836 ], [ 140.3266155, -2.4425425 ], [ 140.3265806, -2.4424675 ], [ 140.3267147, -2.4423469 ], [ 140.327103599999987, -2.4423442 ], [ 140.327219, -2.4423844 ] ] ] ] } },
{ "type": "Feature", "properties": { "FID": 524993, "id": 2323, "left": 140.0, "top": 0.0, "right": 145.0, "bottom": -5.0, "row_index": 18, "col_index": 64, "min_lon": 140.0, "min_lat": -5.0, "tile_id": "140_-5" }, "geometry": { "type": "MultiPolygon", "coordinates": [ [ [ [ 140.3152297, -2.4400952 ], [ 140.3152888, -2.4399717 ], [ 140.3154123, -2.4399529 ], [ 140.315439199999986, -2.4400173 ], [ 140.3154284, -2.4400871 ], [ 140.315452599999986, -2.4402106 ], [ 140.315342500000014, -2.440283 ], [ 140.3152861, -2.4403126 ], [ 140.3152431, -2.4403126 ], [ 140.3152297, -2.4400952 ] ] ] ] } },
{ "type": "Feature", "properties": { "FID": 524999, "id": 2323, "left": 140.0, "top": 0.0, "right": 145.0, "bottom": -5.0, "row_index": 18, "col_index": 64, "min_lon": 140.0, "min_lat": -5.0, "tile_id": "140_-5" }, "geometry": { "type": "MultiPolygon", "coordinates": [ [ [ [ 140.374272499999989, -2.4314822 ], [ 140.3743677, -2.4314956 ], [ 140.3744817, -2.4315747 ], [ 140.374520600000011, -2.4316537 ], [ 140.374538, -2.4317904 ], [ 140.3745179, -2.4318802 ], [ 140.3744629, -2.4320222 ], [ 140.3743945, -2.4321214 ], [ 140.374184, -2.432313 ], [ 140.374108799999988, -2.432329 ], [ 140.374068599999987, -2.4323143 ], [ 140.3740391, -2.4322714 ], [ 140.3739707, -2.4320088 ], [ 140.373956, -2.4317743 ], [ 140.373993500000012, -2.4316591 ], [ 140.3740793, -2.4315331 ], [ 140.3741813, -2.4314956 ], [ 140.374272499999989, -2.4314822 ] ] ] ] } },
{ "type": "Feature", "properties": { "FID": 525000, "id": 2323, "left": 140.0, "top": 0.0, "right": 145.0, "bottom": -5.0, "row_index": 18, "col_index": 64, "min_lon": 140.0, "min_lat": -5.0, "tile_id": "140_-5" }, "geometry": { "type": "MultiPolygon", "coordinates": [ [ [ [ 140.4866624, -2.4276468 ], [ 140.4866865, -2.4276407 ], [ 140.4867103, -2.4276471 ], [ 140.4867281, -2.4276561 ], [ 140.486782799999986, -2.4277144 ], [ 140.4867968, -2.4277422 ], [ 140.4868002, -2.4277724 ], [ 140.486793799999987, -2.4278005 ], [ 140.4867221, -2.4279255 ], [ 140.4866671, -2.42804 ], [ 140.4866403, -2.4281285 ], [ 140.4866403, -2.4282491 ], [ 140.486656399999987, -2.4283663 ], [ 140.486718700000011, -2.4285157 ], [ 140.4868045, -2.4286617 ], [ 140.486857500000013, -2.4287535 ], [ 140.4868689, -2.4288493 ], [ 140.4868622, -2.4289203 ], [ 140.4868401, -2.4289813 ], [ 140.4867992, -2.429049 ], [ 140.486773699999986, -2.4290657 ], [ 140.4867549, -2.429063 ], [ 140.4867442, -2.4290517 ], [ 140.4867382, -2.4289934 ], [ 140.4867154, -2.4289049 ], [ 140.4866973, -2.4288594 ], [ 140.486676499999987, -2.4288272 ], [ 140.4866034, -2.4286973 ], [ 140.4865464, -2.4286376 ], [ 140.4864988, -2.4286155 ], [ 140.4864411, -2.4285887 ], [ 140.4864062, -2.4285499 ], [ 140.4863767, -2.4284876 ], [ 140.4863593, -2.4283609 ], [ 140.4863633, -2.4283136 ], [ 140.4864062, -2.4281003 ], [ 140.48644920000001, -2.4279974 ], [ 140.4865149, -2.4278518 ], [ 140.486554399999989, -2.4277533 ], [ 140.4866208, -2.4276756 ], [ 140.4866624, -2.4276468 ] ] ] ] } },
{ "type": "Feature", "properties": { "FID": 525001, "id": 2323, "left": 140.0, "top": 0.0, "right": 145.0, "bottom": -5.0, "row_index": 18, "col_index": 64, "min_lon": 140.0, "min_lat": -5.0, "tile_id": "140_-5" }, "geometry": { "type": "MultiPolygon", "coordinates": [ [ [ [ 140.5125471, -2.4279036 ], [ 140.5125846, -2.4280644 ], [ 140.512514900000014, -2.4281716 ], [ 140.512555099999986, -2.4283538 ], [ 140.5125176, -2.4284878 ], [ 140.5123915, -2.4285361 ], [ 140.51237, -2.4283672 ], [ 140.512311, -2.4283672 ], [ 140.5122493, -2.4281957 ], [ 140.5123647, -2.4281019 ], [ 140.512412899999987, -2.4281234 ], [ 140.5124746, -2.4281153 ], [ 140.5123754, -2.4279626 ], [ 140.5125229, -2.4278581 ], [ 140.5125471, -2.4279036 ] ] ] ] } },
{ "type": "Feature", "properties": { "FID": 526265, "id": 2323, "left": 140.0, "top": 0.0, "right": 145.0, "bottom": -5.0, "row_index": 18, "col_index": 64, "min_lon": 140.0, "min_lat": -5.0, "tile_id": "140_-5" }, "geometry": { "type": "MultiPolygon", "coordinates": [ [ [ [ 144.9999938, -1.5254164 ], [ 144.9998995, -1.5253004 ], [ 144.9997617, -1.5252026 ], [ 144.999623899999989, -1.5251881 ], [ 144.9995188, -1.5251953 ], [ 144.9993919, -1.5251627 ], [ 144.9993593, -1.5250576 ], [ 144.9993701, -1.5249924 ], [ 144.999333900000011, -1.5249344 ], [ 144.9992179, -1.5249199 ], [ 144.9991018, -1.5248474 ], [ 144.998960399999987, -1.5247423 ], [ 144.9988009, -1.5246553 ], [ 144.998721100000012, -1.5245864 ], [ 144.998721100000012, -1.5243943 ], [ 144.998721100000012, -1.5242167 ], [ 144.998819, -1.5240863 ], [ 144.998909700000013, -1.5239413 ], [ 144.998909700000013, -1.5237564 ], [ 144.9988807, -1.5236259 ], [ 144.998858899999988, -1.5235027 ], [ 144.9988553, -1.5233469 ], [ 144.9988372, -1.5232128 ], [ 144.9988263, -1.5230787 ], [ 144.998833499999989, -1.5229482 ], [ 144.998819, -1.522738 ], [ 144.998819, -1.5225604 ], [ 144.9988227, -1.5224045 ], [ 144.99879, -1.5222378 ], [ 144.998739300000011, -1.5220457 ], [ 144.9987356, -1.5218065 ], [ 144.9988009, -1.5215383 ], [ 144.998935, -1.5213353 ], [ 144.999061899999987, -1.5212483 ], [ 144.9993012, -1.5212411 ], [ 144.999522399999989, -1.5213172 ], [ 144.999725500000011, -1.5214477 ], [ 144.999845099999987, -1.5216941 ], [ 144.9998632, -1.5217449 ], [ 145.0, -1.521871372802488 ], [ 145.0, -1.525425879394269 ], [ 144.9999938, -1.5254164 ] ] ] ] } },
{ "type": "Feature", "properties": { "FID": 526268, "id": 2323, "left": 140.0, "top": 0.0, "right": 145.0, "bottom": -5.0, "row_index": 18, "col_index": 64, "min_lon": 140.0, "min_lat": -5.0, "tile_id": "140_-5" }, "geometry": { "type": "MultiPolygon", "coordinates": [ [ [ [ 144.9998732, -1.5932365 ], [ 144.9997405, -1.5932318 ], [ 144.9995178, -1.5931749 ], [ 144.999299900000011, -1.5931134 ], [ 144.999134, -1.5931086 ], [ 144.9990156, -1.5930613 ], [ 144.9990061, -1.5929713 ], [ 144.998887700000012, -1.5929287 ], [ 144.9988782, -1.592886 ], [ 144.9989445, -1.5928955 ], [ 144.999115100000012, -1.592905 ], [ 144.9992714, -1.5928955 ], [ 144.9993804, -1.5929145 ], [ 144.9997689, -1.5928955 ], [ 145.0, -1.592864455316559 ], [ 145.0, -1.593304262191047 ], [ 144.9998732, -1.5932365 ] ] ] ] } },
{ "type": "Feature", "properties": { "FID": 561785, "id": 2323, "left": 140.0, "top": 0.0, "right": 145.0, "bottom": -5.0, "row_index": 18, "col_index": 64, "min_lon": 140.0, "min_lat": -5.0, "tile_id": "140_-5" }, "geometry": { "type": "MultiPolygon", "coordinates": [ [ [ [ 144.2298433, -1.3890336 ], [ 144.2298755, -1.3890685 ], [ 144.229907700000012, -1.3891248 ], [ 144.2299372, -1.3892374 ], [ 144.2299372, -1.38935 ], [ 144.229894300000012, -1.3895216 ], [ 144.229854, -1.3896986 ], [ 144.229725300000013, -1.3898836 ], [ 144.229551, -1.3900204 ], [ 144.229360500000013, -1.3900713 ], [ 144.229164700000013, -1.3900204 ], [ 144.2292452, -1.3899185 ], [ 144.2293712, -1.3897442 ], [ 144.2294437, -1.3895913 ], [ 144.2295724, -1.3894305 ], [ 144.229711900000012, -1.3892615 ], [ 144.2298111, -1.3891033 ], [ 144.2298433, -1.3890336 ] ] ] ] } },
{ "type": "Feature", "properties": { "FID": 561786, "id": 2323, "left": 140.0, "top": 0.0, "right": 145.0, "bottom": -5.0, "row_index": 18, "col_index": 64, "min_lon": 140.0, "min_lat": -5.0, "tile_id": "140_-5" }, "geometry": { "type": "MultiPolygon", "coordinates": [ [ [ [ 144.317109, -1.1488311 ], [ 144.3174201, -1.1488311 ], [ 144.3176722, -1.1488741 ], [ 144.3178493, -1.1489599 ], [ 144.3179297, -1.1490939 ], [ 144.3179029, -1.1494533 ], [ 144.3178493, -1.1496571 ], [ 144.317709799999989, -1.149759 ], [ 144.3175703, -1.1496517 ], [ 144.317522, -1.1494855 ], [ 144.317404, -1.1494372 ], [ 144.317162599999989, -1.1495445 ], [ 144.3168408, -1.1497376 ], [ 144.3165994, -1.1497268 ], [ 144.316459900000012, -1.1495176 ], [ 144.3165243, -1.1492388 ], [ 144.316642300000012, -1.1490135 ], [ 144.3169105, -1.148874 ], [ 144.317109, -1.1488311 ] ] ] ] } },
{ "type": "Feature", "properties": { "FID": 561787, "id": 2323, "left": 140.0, "top": 0.0, "right": 145.0, "bottom": -5.0, "row_index": 18, "col_index": 64, "min_lon": 140.0, "min_lat": -5.0, "tile_id": "140_-5" }, "geometry": { "type": "MultiPolygon", "coordinates": [ [ [ [ 144.3732583, -1.2012948 ], [ 144.3734407, -1.2013056 ], [ 144.373666, -1.201445 ], [ 144.373977200000013, -1.2017346 ], [ 144.373977200000013, -1.2021422 ], [ 144.3738913, -1.2026249 ], [ 144.3732905, -1.2039657 ], [ 144.372797, -1.2045771 ], [ 144.3722606, -1.205328 ], [ 144.3716705, -1.2057571 ], [ 144.371026699999987, -1.2060359 ], [ 144.3702757, -1.2068833 ], [ 144.3694281, -1.2079452 ], [ 144.368516199999988, -1.2092431 ], [ 144.367711500000013, -1.2102943 ], [ 144.366928300000012, -1.2112168 ], [ 144.366349, -1.2116351 ], [ 144.366703, -1.2109272 ], [ 144.3673897, -1.2093397 ], [ 144.368151399999988, -1.2083743 ], [ 144.3686128, -1.2076878 ], [ 144.3691814, -1.2068297 ], [ 144.3699753, -1.2058965 ], [ 144.371016, -1.2048238 ], [ 144.371863600000012, -1.2039872 ], [ 144.372561, -1.2032471 ], [ 144.3728936, -1.2024426 ], [ 144.3731081, -1.2015308 ], [ 144.3732583, -1.2012948 ] ] ] ] } },
{ "type": "Feature", "properties": { "FID": 561788, "id": 2323, "left": 140.0, "top": 0.0, "right": 145.0, "bottom": -5.0, "row_index": 18, "col_index": 64, "min_lon": 140.0, "min_lat": -5.0, "tile_id": "140_-5" }, "geometry": { "type": "MultiPolygon", "coordinates": [ [ [ [ 144.3537211, -1.2798222 ], [ 144.3539035, -1.2798973 ], [ 144.3540108, -1.280026 ], [ 144.3542147, -1.2803049 ], [ 144.354257600000011, -1.2806803 ], [ 144.3542468, -1.281045 ], [ 144.353925, -1.2818709 ], [ 144.3536782, -1.2824072 ], [ 144.3533027, -1.2829006 ], [ 144.353013, -1.2831688 ], [ 144.3526804, -1.2832439 ], [ 144.3527341, -1.2828899 ], [ 144.352841399999988, -1.2824716 ], [ 144.3530667, -1.2820211 ], [ 144.3533242, -1.2813775 ], [ 144.3535066, -1.2808519 ], [ 144.3535709, -1.2801118 ], [ 144.3537211, -1.2798222 ] ] ] ] } },
{ "type": "Feature", "properties": { "FID": 561789, "id": 2323, "left": 140.0, "top": 0.0, "right": 145.0, "bottom": -5.0, "row_index": 18, "col_index": 64, "min_lon": 140.0, "min_lat": -5.0, "tile_id": "140_-5" }, "geometry": { "type": "MultiPolygon", "coordinates": [ [ [ [ 144.3381992, -1.3177001 ], [ 144.3382542, -1.3176035 ], [ 144.3382971, -1.3175418 ], [ 144.338344, -1.3174896 ], [ 144.33840570000001, -1.3174359 ], [ 144.338460700000013, -1.3173729 ], [ 144.3384996, -1.3173072 ], [ 144.3385345, -1.3172737 ], [ 144.3385613, -1.3172697 ], [ 144.33858810000001, -1.3172925 ], [ 144.3386002, -1.3173246 ], [ 144.3385975, -1.3173742 ], [ 144.33858810000001, -1.317448 ], [ 144.3385747, -1.3175526 ], [ 144.3385613, -1.3176531 ], [ 144.3384916, -1.3179132 ], [ 144.3383293, -1.3183664 ], [ 144.3381925, -1.3187096 ], [ 144.3378961, -1.3194403 ], [ 144.3377016, -1.3199203 ], [ 144.3374871, -1.3204459 ], [ 144.3370351, -1.3215762 ], [ 144.3366556, -1.3224021 ], [ 144.3364772, -1.3227936 ], [ 144.3362573, -1.3231864 ], [ 144.3360682, -1.3234653 ], [ 144.3358241, -1.3237602 ], [ 144.335635, -1.3239587 ], [ 144.3355317, -1.3240378 ], [ 144.33534, -1.3241692 ], [ 144.3351965, -1.3242429 ], [ 144.3351227, -1.3242711 ], [ 144.335065, -1.3242751 ], [ 144.3350087, -1.3242563 ], [ 144.3349685, -1.3242295 ], [ 144.3349081, -1.324192 ], [ 144.334875899999986, -1.324141 ], [ 144.3348277, -1.3240767 ], [ 144.334782100000012, -1.3240217 ], [ 144.3347499, -1.3239895 ], [ 144.3347432, -1.3239654 ], [ 144.3347512, -1.3239399 ], [ 144.334778, -1.3239024 ], [ 144.334882599999986, -1.3237964 ], [ 144.334996600000011, -1.3236852 ], [ 144.335061, -1.32359 ], [ 144.3351227, -1.3234814 ], [ 144.335187100000013, -1.323362 ], [ 144.3353534, -1.3230671 ], [ 144.3355679, -1.3227426 ], [ 144.3359877, -1.3220977 ], [ 144.33626, -1.3215829 ], [ 144.3364611, -1.3212101 ], [ 144.3366703, -1.3208173 ], [ 144.3368098, -1.3205773 ], [ 144.336947900000013, -1.3203494 ], [ 144.3371075, -1.3200557 ], [ 144.3372899, -1.3197259 ], [ 144.3375662, -1.3191936 ], [ 144.3377405, -1.3188585 ], [ 144.337826400000012, -1.318648 ], [ 144.3379699, -1.3182873 ], [ 144.338137499999988, -1.3178449 ], [ 144.3381992, -1.3177001 ] ] ] ] } },
{ "type": "Feature", "properties": { "FID": 561790, "id": 2323, "left": 140.0, "top": 0.0, "right": 145.0, "bottom": -5.0, "row_index": 18, "col_index": 64, "min_lon": 140.0, "min_lat": -5.0, "tile_id": "140_-5" }, "geometry": { "type": "MultiPolygon", "coordinates": [ [ [ [ 144.0866536, -1.4083505 ], [ 144.086803800000013, -1.4084041 ], [ 144.086895, -1.4085435 ], [ 144.086895, -1.408683 ], [ 144.0868467, -1.4087634 ], [ 144.0866375, -1.4088278 ], [ 144.086567800000012, -1.4090155 ], [ 144.086594600000012, -1.4093372 ], [ 144.086498, -1.4096536 ], [ 144.0862673, -1.409954 ], [ 144.085940099999988, -1.4102382 ], [ 144.085494899999986, -1.4103776 ], [ 144.0850389, -1.4103615 ], [ 144.0848082, -1.4102275 ], [ 144.0846205, -1.4101202 ], [ 144.0843791, -1.4101363 ], [ 144.083966, -1.4100934 ], [ 144.0839767, -1.4098145 ], [ 144.0840572, -1.4095893 ], [ 144.0842771, -1.4093533 ], [ 144.084481, -1.40923 ], [ 144.084658, -1.4093158 ], [ 144.084609699999987, -1.4096107 ], [ 144.0849155, -1.4097073 ], [ 144.0853071, -1.4096965 ], [ 144.0855807, -1.409482 ], [ 144.0858972, -1.4091603 ], [ 144.0860903, -1.4088439 ], [ 144.086304899999988, -1.4085006 ], [ 144.0864176, -1.4083719 ], [ 144.0866536, -1.4083505 ] ] ] ] } },
{ "type": "Feature", "properties": { "FID": 561791, "id": 2323, "left": 140.0, "top": 0.0, "right": 145.0, "bottom": -5.0, "row_index": 18, "col_index": 64, "min_lon": 140.0, "min_lat": -5.0, "tile_id": "140_-5" }, "geometry": { "type": "MultiPolygon", "coordinates": [ [ [ [ 144.0409487, -1.4683594 ], [ 144.041056, -1.4683648 ], [ 144.0411767, -1.4684157 ], [ 144.0413457, -1.4685042 ], [ 144.041560299999986, -1.4684908 ], [ 144.0418312, -1.4685042 ], [ 144.0418956, -1.4686007 ], [ 144.0416595, -1.4686436 ], [ 144.041595199999989, -1.4686678 ], [ 144.0414691, -1.4687348 ], [ 144.041284, -1.4688447 ], [ 144.0411365, -1.4689815 ], [ 144.0409058, -1.4691692 ], [ 144.040525, -1.4693247 ], [ 144.0402004, -1.4694212 ], [ 144.0398303, -1.4695365 ], [ 144.0395164, -1.4696169 ], [ 144.039285799999988, -1.4696196 ], [ 144.0390873, -1.4695901 ], [ 144.0389585, -1.4694614 ], [ 144.038912900000014, -1.4692979 ], [ 144.0389317, -1.4691155 ], [ 144.03899340000001, -1.4690297 ], [ 144.0391651, -1.4689144 ], [ 144.0393448, -1.4688152 ], [ 144.039607600000011, -1.4686436 ], [ 144.03993220000001, -1.4685391 ], [ 144.0405357, -1.468464 ], [ 144.0407932, -1.468405 ], [ 144.0409487, -1.4683594 ] ] ] ] } },
{ "type": "Feature", "properties": { "FID": 561792, "id": 2323, "left": 140.0, "top": 0.0, "right": 145.0, "bottom": -5.0, "row_index": 18, "col_index": 64, "min_lon": 140.0, "min_lat": -5.0, "tile_id": "140_-5" }, "geometry": { "type": "MultiPolygon", "coordinates": [ [ [ [ 144.0213901, -1.6596315 ], [ 144.02163680000001, -1.6596315 ], [ 144.02179240000001, -1.6597065 ], [ 144.0218461, -1.6599317 ], [ 144.02181920000001, -1.6601998 ], [ 144.0216529, -1.6603661 ], [ 144.0214652, -1.6605001 ], [ 144.021449100000012, -1.6606556 ], [ 144.0211272, -1.6609184 ], [ 144.0200168, -1.661342 ], [ 144.0193731, -1.6614975 ], [ 144.0187186, -1.6615565 ], [ 144.0179032, -1.661535 ], [ 144.0173775, -1.6614331 ], [ 144.01712, -1.6612616 ], [ 144.016149, -1.6609345 ], [ 144.015736, -1.6606235 ], [ 144.01528, -1.6602374 ], [ 144.014883, -1.6598352 ], [ 144.0145129, -1.6595993 ], [ 144.014056900000014, -1.6593741 ], [ 144.013676, -1.6591274 ], [ 144.0134722, -1.658811 ], [ 144.0135205, -1.6586663 ], [ 144.0136707, -1.6584947 ], [ 144.01377260000001, -1.6582856 ], [ 144.013874499999986, -1.6582587 ], [ 144.013901299999986, -1.6583124 ], [ 144.013847700000014, -1.6584786 ], [ 144.0137833, -1.6585966 ], [ 144.0138316, -1.6587842 ], [ 144.0139872, -1.6589397 ], [ 144.014582600000011, -1.6594062 ], [ 144.0150869, -1.6596851 ], [ 144.0153015, -1.6597816 ], [ 144.0157735, -1.6599425 ], [ 144.0163743, -1.6600497 ], [ 144.0168196, -1.6602213 ], [ 144.017688600000014, -1.6603393 ], [ 144.019045799999986, -1.6603339 ], [ 144.0195501, -1.6602749 ], [ 144.0205961, -1.6600068 ], [ 144.021213, -1.6597816 ], [ 144.0213901, -1.6596315 ] ] ] ] } },
{ "type": "Feature", "properties": { "FID": 644039, "id": 2323, "left": 140.0, "top": 0.0, "right": 145.0, "bottom": -5.0, "row_index": 18, "col_index": 64, "min_lon": 140.0, "min_lat": -5.0, "tile_id": "140_-5" }, "geometry": { "type": "MultiPolygon", "coordinates": [ [ [ [ 143.577839899999987, -1.3094083 ], [ 143.5778029, -1.3090263 ], [ 143.5780001, -1.3084349 ], [ 143.5785794, -1.3078189 ], [ 143.579417400000011, -1.3073876 ], [ 143.5804526, -1.3070303 ], [ 143.581389300000012, -1.3069441 ], [ 143.5820548, -1.3070673 ], [ 143.5830777, -1.307708 ], [ 143.5834351, -1.3082131 ], [ 143.583743199999986, -1.3088538 ], [ 143.583891099999988, -1.3098025 ], [ 143.5839281, -1.3108621 ], [ 143.5837678, -1.3118601 ], [ 143.5834351, -1.3129321 ], [ 143.5831516, -1.3135481 ], [ 143.582781899999986, -1.3138685 ], [ 143.5822273, -1.313967 ], [ 143.5817587, -1.3137958 ], [ 143.581586499999986, -1.3137329 ], [ 143.5809333, -1.3132154 ], [ 143.580095199999988, -1.3124515 ], [ 143.579097, -1.3114535 ], [ 143.578503, -1.3107212 ], [ 143.57808270000001, -1.3100489 ], [ 143.577839899999987, -1.3094083 ] ] ] ] } },
{ "type": "Feature", "properties": { "FID": 650228, "id": 2323, "left": 140.0, "top": 0.0, "right": 145.0, "bottom": -5.0, "row_index": 18, "col_index": 64, "min_lon": 140.0, "min_lat": -5.0, "tile_id": "140_-5" }, "geometry": { "type": "MultiPolygon", "coordinates": [ [ [ [ 144.4253603, -3.8095946 ], [ 144.4254032, -3.8095866 ], [ 144.425486299999989, -3.8095986 ], [ 144.4255829, -3.8096401 ], [ 144.4256406, -3.8097044 ], [ 144.4256794, -3.8098074 ], [ 144.4256835, -3.809881 ], [ 144.4256593, -3.8099372 ], [ 144.425600300000013, -3.8099733 ], [ 144.425513099999989, -3.8099947 ], [ 144.42536290000001, -3.8100014 ], [ 144.425297199999989, -3.8099974 ], [ 144.4252677, -3.8099666 ], [ 144.425257, -3.8099225 ], [ 144.425230199999987, -3.8098315 ], [ 144.4252127, -3.8097552 ], [ 144.4252476, -3.8096615 ], [ 144.425297199999989, -3.809608 ], [ 144.4253603, -3.8095946 ] ] ] ] } },
{ "type": "Feature", "properties": { "FID": 650229, "id": 2323, "left": 140.0, "top": 0.0, "right": 145.0, "bottom": -5.0, "row_index": 18, "col_index": 64, "min_lon": 140.0, "min_lat": -5.0, "tile_id": "140_-5" }, "geometry": { "type": "MultiPolygon", "coordinates": [ [ [ [ 144.4275328, -3.7993993 ], [ 144.427707199999986, -3.7992548 ], [ 144.427852, -3.7991905 ], [ 144.4280049, -3.7991905 ], [ 144.428206100000011, -3.799311 ], [ 144.4283107, -3.7994501 ], [ 144.4283402, -3.7996455 ], [ 144.428321399999987, -3.7998195 ], [ 144.4282758, -3.7999158 ], [ 144.4281605, -3.8000603 ], [ 144.4281283, -3.8001272 ], [ 144.428120299999989, -3.8001834 ], [ 144.4280881, -3.8002477 ], [ 144.4280478, -3.8002825 ], [ 144.4279647, -3.8003333 ], [ 144.427868100000012, -3.8003494 ], [ 144.4277099, -3.8003039 ], [ 144.427578399999987, -3.8002129 ], [ 144.427476500000012, -3.8000523 ], [ 144.4273934, -3.799881 ], [ 144.427363899999989, -3.7997793 ], [ 144.4273585, -3.799699 ], [ 144.4273987, -3.7995732 ], [ 144.4275328, -3.7993993 ] ] ] ] } },
{ "type": "Feature", "properties": { "FID": 650230, "id": 2323, "left": 140.0, "top": 0.0, "right": 145.0, "bottom": -5.0, "row_index": 18, "col_index": 64, "min_lon": 140.0, "min_lat": -5.0, "tile_id": "140_-5" }, "geometry": { "type": "MultiPolygon", "coordinates": [ [ [ [ 144.3457563, -3.8230254 ], [ 144.345718799999986, -3.8228716 ], [ 144.3457228, -3.8227378 ], [ 144.345752299999987, -3.8226548 ], [ 144.34581, -3.8225973 ], [ 144.3460125, -3.822426 ], [ 144.346224400000011, -3.8221945 ], [ 144.346319599999987, -3.8220486 ], [ 144.3463625, -3.8218961 ], [ 144.3463947, -3.8216472 ], [ 144.3464242, -3.8215562 ], [ 144.346487200000013, -3.8214692 ], [ 144.3468332, -3.82114 ], [ 144.3470572, -3.8209554 ], [ 144.34722210000001, -3.8208229 ], [ 144.347345499999989, -3.8207694 ], [ 144.3474407, -3.8207573 ], [ 144.347548, -3.8207199 ], [ 144.3476915, -3.8206289 ], [ 144.3478069, -3.8205994 ], [ 144.3479946, -3.8205472 ], [ 144.3481851, -3.8204924 ], [ 144.348438499999986, -3.8204616 ], [ 144.3486719, -3.8204174 ], [ 144.349042, -3.8203532 ], [ 144.3492579, -3.8203412 ], [ 144.349471200000011, -3.8203693 ], [ 144.349785, -3.8204442 ], [ 144.3500666, -3.8205459 ], [ 144.3503188, -3.8206717 ], [ 144.350481, -3.8207092 ], [ 144.3505843, -3.8207373 ], [ 144.350666100000012, -3.8207453 ], [ 144.3507734, -3.8207065 ], [ 144.3508472, -3.8206302 ], [ 144.3509518, -3.8205352 ], [ 144.3510738, -3.8204977 ], [ 144.3514104, -3.8203987 ], [ 144.351631700000013, -3.820372 ], [ 144.3519737, -3.8204014 ], [ 144.352267399999988, -3.8204241 ], [ 144.3524578, -3.8204576 ], [ 144.352596, -3.8205031 ], [ 144.3526845, -3.820582 ], [ 144.3527327, -3.8206944 ], [ 144.3527475, -3.8208443 ], [ 144.3526885, -3.8211708 ], [ 144.352583900000013, -3.8214679 ], [ 144.352455099999986, -3.821682 ], [ 144.3523385, -3.8218425 ], [ 144.352262, -3.8220232 ], [ 144.3521869, -3.8222373 ], [ 144.3521212, -3.8223122 ], [ 144.351949499999989, -3.8224233 ], [ 144.3517779, -3.8225745 ], [ 144.3516089, -3.8227873 ], [ 144.3514614, -3.8229626 ], [ 144.351348699999988, -3.8230683 ], [ 144.351179699999989, -3.8231432 ], [ 144.351059, -3.8231646 ], [ 144.3509813, -3.8231606 ], [ 144.350933, -3.823166 ], [ 144.350874, -3.8232088 ], [ 144.3505669, -3.8233921 ], [ 144.350364399999989, -3.8235272 ], [ 144.3502195, -3.8235941 ], [ 144.3501444, -3.8236049 ], [ 144.3500747, -3.8235915 ], [ 144.3500465, -3.8235995 ], [ 144.350021, -3.8236276 ], [ 144.3500143, -3.8236838 ], [ 144.350013, -3.8237775 ], [ 144.3499875, -3.8238511 ], [ 144.349903, -3.8240157 ], [ 144.349777, -3.8241776 ], [ 144.349561, -3.8243368 ], [ 144.3494551, -3.824381 ], [ 144.3493478, -3.8244064 ], [ 144.3492526, -3.8244532 ], [ 144.3491721, -3.8245362 ], [ 144.3490769, -3.8246687 ], [ 144.348944100000011, -3.8247971 ], [ 144.3488073, -3.8249804 ], [ 144.3487336, -3.8251143 ], [ 144.3487054, -3.825224 ], [ 144.3486504, -3.8254595 ], [ 144.348578, -3.8258141 ], [ 144.3485364, -3.8259894 ], [ 144.3484975, -3.8260549 ], [ 144.3484345, -3.8261312 ], [ 144.3483607, -3.8261647 ], [ 144.3482105, -3.8261847 ], [ 144.347998600000011, -3.8261647 ], [ 144.347737099999989, -3.8261727 ], [ 144.3476258, -3.8261821 ], [ 144.3473496, -3.8262169 ], [ 144.34721540000001, -3.826261 ], [ 144.3470988, -3.8262864 ], [ 144.3469459, -3.8263132 ], [ 144.3467554, -3.8263681 ], [ 144.346676300000013, -3.8263681 ], [ 144.3465731, -3.8263547 ], [ 144.346447, -3.8263079 ], [ 144.3463089, -3.8262423 ], [ 144.3462069, -3.8261607 ], [ 144.346103699999986, -3.8260563 ], [ 144.3459561, -3.8259359 ], [ 144.3457912, -3.8258127 ], [ 144.345697300000012, -3.8257177 ], [ 144.345645, -3.8256147 ], [ 144.3456195, -3.8254956 ], [ 144.3456356, -3.8253886 ], [ 144.3457147, -3.8251531 ], [ 144.3458341, -3.8249751 ], [ 144.346038, -3.8246111 ], [ 144.3462096, -3.824389 ], [ 144.3463705, -3.8241588 ], [ 144.3464296, -3.8240397 ], [ 144.3464698, -3.8239193 ], [ 144.3464644, -3.8237347 ], [ 144.3463719, -3.8235701 ], [ 144.3461627, -3.8233734 ], [ 144.3459575, -3.8232288 ], [ 144.3458314, -3.8231673 ], [ 144.3457563, -3.8230254 ] ] ] ] } },
{ "type": "Feature", "properties": { "FID": 661816, "id": 2323, "left": 140.0, "top": 0.0, "right": 145.0, "bottom": -5.0, "row_index": 18, "col_index": 64, "min_lon": 140.0, "min_lat": -5.0, "tile_id": "140_-5" }, "geometry": { "type": "MultiPolygon", "coordinates": [ [ [ [ 143.5986652, -3.3481444 ], [ 143.5987182, -3.3481243 ], [ 143.5987504, -3.348119 ], [ 143.5987685, -3.3481237 ], [ 143.598779900000011, -3.3481397 ], [ 143.598779900000011, -3.3481779 ], [ 143.5987873, -3.348196 ], [ 143.5988013, -3.3482087 ], [ 143.5988376, -3.3482227 ], [ 143.598849, -3.3482334 ], [ 143.598853600000012, -3.3482602 ], [ 143.5988463, -3.3482743 ], [ 143.5988235, -3.3482783 ], [ 143.5987068, -3.3482562 ], [ 143.59867460000001, -3.3482368 ], [ 143.5986585, -3.3481946 ], [ 143.5986599, -3.3481558 ], [ 143.5986652, -3.3481444 ] ] ] ] } },
{ "type": "Feature", "properties": { "FID": 661817, "id": 2323, "left": 140.0, "top": 0.0, "right": 145.0, "bottom": -5.0, "row_index": 18, "col_index": 64, "min_lon": 140.0, "min_lat": -5.0, "tile_id": "140_-5" }, "geometry": { "type": "MultiPolygon", "coordinates": [ [ [ [ 143.5969955, -3.3468277 ], [ 143.5969976, -3.3468163 ], [ 143.5970096, -3.3468109 ], [ 143.597196, -3.3468029 ], [ 143.5972678, -3.3468063 ], [ 143.5973067, -3.3468223 ], [ 143.5973328, -3.3468571 ], [ 143.597335500000014, -3.346894 ], [ 143.5973241, -3.3469294 ], [ 143.5972497, -3.3470231 ], [ 143.5972162, -3.3470432 ], [ 143.5971786, -3.3470559 ], [ 143.5971511, -3.3470493 ], [ 143.5971136, -3.3470198 ], [ 143.5970043, -3.3468558 ], [ 143.5969955, -3.3468277 ] ] ] ] } },
{ "type": "Feature", "properties": { "FID": 777223, "id": 2323, "left": 140.0, "top": 0.0, "right": 145.0, "bottom": -5.0, "row_index": 18, "col_index": 64, "min_lon": 140.0, "min_lat": -5.0, "tile_id": "140_-5" }, "geometry": { "type": "MultiPolygon", "coordinates": [ [ [ [ 143.334719, -3.2417189 ], [ 143.3342434, -3.2416197 ], [ 143.333995, -3.2416197 ], [ 143.3336898, -3.2416977 ], [ 143.3335549, -3.2416977 ], [ 143.333540699999986, -3.2416055 ], [ 143.333633, -3.2415488 ], [ 143.3339666, -3.2415063 ], [ 143.3340163, -3.2413221 ], [ 143.334073100000012, -3.2411945 ], [ 143.3342008, -3.2410315 ], [ 143.3343286, -3.2409394 ], [ 143.3345415, -3.2408189 ], [ 143.3348609, -3.240748 ], [ 143.3352229, -3.2406063 ], [ 143.3357411, -3.240415 ], [ 143.3358689, -3.2403795 ], [ 143.3363018, -3.2404362 ], [ 143.3366071, -3.2405709 ], [ 143.336685100000011, -3.240663 ], [ 143.3367419, -3.2408969 ], [ 143.3367632, -3.2411732 ], [ 143.3367561, -3.2414142 ], [ 143.336656799999986, -3.2416197 ], [ 143.3364154, -3.2417685 ], [ 143.336081799999988, -3.2418748 ], [ 143.3355424, -3.2418607 ], [ 143.3348042, -3.2417614 ], [ 143.334719, -3.2417189 ] ] ] ] } },
{ "type": "Feature", "properties": { "FID": 777224, "id": 2323, "left": 140.0, "top": 0.0, "right": 145.0, "bottom": -5.0, "row_index": 18, "col_index": 64, "min_lon": 140.0, "min_lat": -5.0, "tile_id": "140_-5" }, "geometry": { "type": "MultiPolygon", "coordinates": [ [ [ [ 142.8225732, -1.7414555 ], [ 142.822418, -1.7413676 ], [ 142.8222731, -1.7413314 ], [ 142.822107499999987, -1.7413417 ], [ 142.8219212, -1.7413624 ], [ 142.8218022, -1.7412848 ], [ 142.821678, -1.7411503 ], [ 142.8217401, -1.7409383 ], [ 142.8217577, -1.7408984 ], [ 142.821859100000012, -1.7406693 ], [ 142.8219885, -1.7405297 ], [ 142.8220868, -1.7404056 ], [ 142.8222731, -1.7404366 ], [ 142.82245420000001, -1.7404676 ], [ 142.8225629, -1.7404418 ], [ 142.822619800000012, -1.7403228 ], [ 142.8226871, -1.7403021 ], [ 142.822702600000014, -1.7403797 ], [ 142.8226922, -1.7404935 ], [ 142.8227129, -1.7406073 ], [ 142.8227905, -1.7407107 ], [ 142.822863, -1.7409279 ], [ 142.822914700000013, -1.7411762 ], [ 142.8229613, -1.7414038 ], [ 142.8229303, -1.7415693 ], [ 142.8228578, -1.7416675 ], [ 142.8227957, -1.7417296 ], [ 142.8226819, -1.7416727 ], [ 142.8225732, -1.7414555 ] ] ] ] } }
]
}
