{
"type": "FeatureCollection",
"name": "30_40",
"crs": { "type": "name", "properties": { "name": "urn:ogc:def:crs:OGC:1.3:CRS84" } },
"xy_coordinate_resolution": 1e-15,
"features": [
{ "type": "Feature", "properties": { "FID": 20637, "id": 1522, "left": 30.0, "top": 45.0, "right": 35.0, "bottom": 40.0, "row_index": 9, "col_index": 42, "min_lon": 30.0, "min_lat": 40.0, "tile_id": "30_40" }, "geometry": { "type": "MultiPolygon", "coordinates": [ [ [ [ 30.2639258, 41.2168785 ], [ 30.263789, 41.2165904 ], [ 30.2635428, 41.2165012 ], [ 30.2634789, 41.2162406 ], [ 30.2632601, 41.2161583 ], [ 30.2632077, 41.2161114 ], [ 30.2631998, 41.2160578 ], [ 30.2634159, 41.2157678 ], [ 30.2634004, 41.2156386 ], [ 30.2633824, 41.2155345 ], [ 30.263303, 41.2155766 ], [ 30.2632336, 41.2156767 ], [ 30.2631576, 41.2158248 ], [ 30.2630956, 41.2159319 ], [ 30.2629318, 41.215925 ], [ 30.2625124, 41.2155821 ], [ 30.2619105, 41.2156232 ], [ 30.2614728, 41.2154312 ], [ 30.2614106, 41.2152835 ], [ 30.2613543, 41.2151499 ], [ 30.2613742, 41.2147524 ], [ 30.2613452, 41.2144297 ], [ 30.2613452, 41.2127216 ], [ 30.2609531, 41.2121043 ], [ 30.260798, 41.211823 ], [ 30.2606157, 41.2118299 ], [ 30.2605701, 41.2118985 ], [ 30.2611112, 41.2127642 ], [ 30.2611263, 41.2143954 ], [ 30.2611753, 41.2147273 ], [ 30.2610534, 41.2149304 ], [ 30.2610145, 41.2151151 ], [ 30.2607889, 41.215246 ], [ 30.2602874, 41.2151431 ], [ 30.2598931, 41.2151666 ], [ 30.2598163, 41.2151312 ], [ 30.2598315, 41.2150265 ], [ 30.2598953, 41.2147246 ], [ 30.2596856, 41.2143817 ], [ 30.2595123, 41.2142651 ], [ 30.2594029, 41.2145051 ], [ 30.259184, 41.2144434 ], [ 30.2588831, 41.2146629 ], [ 30.2580168, 41.2154655 ], [ 30.2577524, 41.2156369 ], [ 30.2566308, 41.2149098 ], [ 30.2564211, 41.2146423 ], [ 30.2560563, 41.2144434 ], [ 30.2559241, 41.213366 ], [ 30.2557372, 41.2118436 ], [ 30.2557645, 41.2116172 ], [ 30.2557372, 41.2115006 ], [ 30.2555457, 41.2115006 ], [ 30.2554545, 41.2115623 ], [ 30.2555092, 41.2116927 ], [ 30.255573, 41.2120768 ], [ 30.2558192, 41.2147246 ], [ 30.2558931, 41.2148505 ], [ 30.255979, 41.2149036 ], [ 30.2559195, 41.2150402 ], [ 30.2560016, 41.2151293 ], [ 30.2562569, 41.2151225 ], [ 30.2563481, 41.2149853 ], [ 30.2577706, 41.2159113 ], [ 30.2577615, 41.2160897 ], [ 30.2574424, 41.2161171 ], [ 30.2569773, 41.2165355 ], [ 30.2571506, 41.2168168 ], [ 30.2573785, 41.2168785 ], [ 30.2575336, 41.2167756 ], [ 30.2578527, 41.2167344 ], [ 30.2579621, 41.2168716 ], [ 30.2574971, 41.2169882 ], [ 30.2576339, 41.2172489 ], [ 30.2580351, 41.217489 ], [ 30.2580624, 41.2173724 ], [ 30.2577342, 41.2170774 ], [ 30.2577706, 41.2169814 ], [ 30.2580168, 41.2170157 ], [ 30.2585001, 41.2168991 ], [ 30.2585685, 41.2168831 ], [ 30.2590564, 41.2167687 ], [ 30.2596126, 41.2168511 ], [ 30.2595393, 41.216981 ], [ 30.2595387, 41.2170338 ], [ 30.2596039, 41.2170362 ], [ 30.2596811, 41.2170401 ], [ 30.2596723, 41.2171308 ], [ 30.2597713, 41.2171359 ], [ 30.2598048, 41.2170674 ], [ 30.259859, 41.2170516 ], [ 30.2598975, 41.2170321 ], [ 30.2599259, 41.2169386 ], [ 30.2605792, 41.2170054 ], [ 30.2612382, 41.2171467 ], [ 30.2618756, 41.2172834 ], [ 30.2620204, 41.2174902 ], [ 30.2625306, 41.2176467 ], [ 30.2624121, 41.2175095 ], [ 30.2629865, 41.2176261 ], [ 30.2632054, 41.2175164 ], [ 30.2633604, 41.217729 ], [ 30.2633978, 41.2175345 ], [ 30.2638351, 41.2169981 ], [ 30.2639258, 41.2168785 ] ] ] ] } },
{ "type": "Feature", "properties": { "FID": 20725, "id": 1522, "left": 30.0, "top": 45.0, "right": 35.0, "bottom": 40.0, "row_index": 9, "col_index": 42, "min_lon": 30.0, "min_lat": 40.0, "tile_id": "30_40" }, "geometry": { "type": "MultiPolygon", "coordinates": [ [ [ [ 32.3880556, 41.7524055 ], [ 32.3880032, 41.752669 ], [ 32.3876192, 41.7530594 ], [ 32.3875746, 41.7531275 ], [ 32.3875245, 41.7532648 ], [ 32.3874972, 41.7533335 ], [ 32.3875139, 41.7535138 ], [ 32.3875023, 41.7535472 ], [ 32.3875002, 41.7535905 ], [ 32.3875666, 41.7536416 ], [ 32.3876351, 41.7536493 ], [ 32.3876935, 41.7536306 ], [ 32.3877351, 41.7536267 ], [ 32.3877522, 41.7536581 ], [ 32.3877704, 41.75369 ], [ 32.387794, 41.7536984 ], [ 32.3878325, 41.7537741 ], [ 32.3878623, 41.753784 ], [ 32.3878768, 41.7538182 ], [ 32.387883, 41.7538454 ], [ 32.3879001, 41.7538836 ], [ 32.387929, 41.7538977 ], [ 32.3879417, 41.7539364 ], [ 32.3879643, 41.7539662 ], [ 32.3879966, 41.7539853 ], [ 32.3880226, 41.7540044 ], [ 32.3880184, 41.7540286 ], [ 32.3879888, 41.7540513 ], [ 32.3879892, 41.754082 ], [ 32.3879798, 41.7541089 ], [ 32.3879855, 41.7541613 ], [ 32.3880458, 41.7542475 ], [ 32.3881148, 41.754267 ], [ 32.3881739, 41.7543314 ], [ 32.3881917, 41.7543802 ], [ 32.3882452, 41.7544083 ], [ 32.3882987, 41.7544398 ], [ 32.388627, 41.7545978 ], [ 32.3886811, 41.7545944 ], [ 32.3887329, 41.754584 ], [ 32.3887971, 41.7545958 ], [ 32.3888455, 41.754589 ], [ 32.3889009, 41.7545844 ], [ 32.3889349, 41.7545736 ], [ 32.3889596, 41.7545634 ], [ 32.3889976, 41.7545565 ], [ 32.3890367, 41.7545518 ], [ 32.3889926, 41.7546065 ], [ 32.388983, 41.7546183 ], [ 32.3889257, 41.7546279 ], [ 32.3888799, 41.754639 ], [ 32.3888663, 41.7546542 ], [ 32.3888684, 41.7546663 ], [ 32.3888378, 41.7546663 ], [ 32.3888014, 41.7546699 ], [ 32.388787, 41.754682 ], [ 32.3888165, 41.7547011 ], [ 32.3888593, 41.7546961 ], [ 32.3888979, 41.7546955 ], [ 32.38891, 41.75473 ], [ 32.3889697, 41.7547356 ], [ 32.3890022, 41.754764 ], [ 32.3890592, 41.7547852 ], [ 32.3890952, 41.7548054 ], [ 32.3891258, 41.7548064 ], [ 32.3891691, 41.7547925 ], [ 32.3891943, 41.754787 ], [ 32.3892456, 41.7547881 ], [ 32.3892706, 41.7547971 ], [ 32.3893073, 41.7547902 ], [ 32.389299, 41.7547694 ], [ 32.3893298, 41.7547608 ], [ 32.3893468, 41.7547737 ], [ 32.3893899, 41.7547632 ], [ 32.3894354, 41.7547358 ], [ 32.389436, 41.7546895 ], [ 32.3894616, 41.7546648 ], [ 32.3895064, 41.7546427 ], [ 32.3895257, 41.7546304 ], [ 32.3895241, 41.7546087 ], [ 32.3894673, 41.7545989 ], [ 32.389429, 41.7545789 ], [ 32.3893882, 41.7545622 ], [ 32.3893183, 41.7545623 ], [ 32.3892489, 41.7545681 ], [ 32.3892047, 41.7545703 ], [ 32.3891849, 41.7545579 ], [ 32.3891518, 41.7545386 ], [ 32.3891442, 41.7545254 ], [ 32.3891375, 41.7545138 ], [ 32.3891341, 41.7545041 ], [ 32.3891698, 41.7544942 ], [ 32.3892134, 41.7544929 ], [ 32.3892583, 41.7545008 ], [ 32.389301, 41.7545115 ], [ 32.3893605, 41.7545117 ], [ 32.3894138, 41.7544999 ], [ 32.3894463, 41.7544549 ], [ 32.3894661, 41.7543538 ], [ 32.3894087, 41.7542132 ], [ 32.3893584, 41.7540228 ], [ 32.3893875, 41.7539104 ], [ 32.3893635, 41.753756 ], [ 32.3892298, 41.7533816 ], [ 32.3891547, 41.7533566 ], [ 32.3890799, 41.7533175 ], [ 32.3890573, 41.7532753 ], [ 32.3891113, 41.7532626 ], [ 32.3891748, 41.7532676 ], [ 32.3891576, 41.7530019 ], [ 32.3891947, 41.7529343 ], [ 32.3891497, 41.7528821 ], [ 32.3891029, 41.7528214 ], [ 32.3891289, 41.7527612 ], [ 32.389126, 41.7526861 ], [ 32.3890757, 41.7526819 ], [ 32.3890767, 41.7526612 ], [ 32.3890684, 41.7526159 ], [ 32.3890268, 41.7525724 ], [ 32.3890812, 41.7525717 ], [ 32.3890769, 41.7525396 ], [ 32.3890674, 41.7524684 ], [ 32.3890267, 41.7524218 ], [ 32.3889976, 41.7524265 ], [ 32.3890487, 41.7523812 ], [ 32.3890416, 41.7523546 ], [ 32.389029, 41.7523107 ], [ 32.3889964, 41.752254 ], [ 32.3889459, 41.7522023 ], [ 32.388882, 41.7521571 ], [ 32.3888281, 41.7521357 ], [ 32.3887625, 41.7521165 ], [ 32.3886598, 41.75208 ], [ 32.3885186, 41.75208 ], [ 32.3884187, 41.7521169 ], [ 32.3880556, 41.7524055 ] ] ] ] } },
{ "type": "Feature", "properties": { "FID": 37685, "id": 1522, "left": 30.0, "top": 45.0, "right": 35.0, "bottom": 40.0, "row_index": 9, "col_index": 42, "min_lon": 30.0, "min_lat": 40.0, "tile_id": "30_40" }, "geometry": { "type": "MultiPolygon", "coordinates": [ [ [ [ 32.3847389, 41.7507975 ], [ 32.3848643, 41.7506649 ], [ 32.3846448, 41.7504939 ], [ 32.3845132, 41.7503995 ], [ 32.3840554, 41.7503627 ], [ 32.3835934, 41.7503825 ], [ 32.3832889, 41.7503149 ], [ 32.3831755, 41.7502897 ], [ 32.3817053, 41.749963 ], [ 32.3813415, 41.7501356 ], [ 32.3812315, 41.7503626 ], [ 32.3810297, 41.7504571 ], [ 32.3809771, 41.750453 ], [ 32.3809242, 41.7504521 ], [ 32.3808568, 41.7504436 ], [ 32.3807166, 41.7504428 ], [ 32.3806507, 41.7504457 ], [ 32.3805949, 41.7504969 ], [ 32.3806185, 41.7505321 ], [ 32.3806997, 41.7505508 ], [ 32.3807579, 41.7505689 ], [ 32.380809, 41.7505963 ], [ 32.3808663, 41.7506306 ], [ 32.3808674, 41.7506594 ], [ 32.380877, 41.750677 ], [ 32.3807955, 41.750721 ], [ 32.380773, 41.7508066 ], [ 32.3808298, 41.7508147 ], [ 32.3808953, 41.7508475 ], [ 32.3808964, 41.7508947 ], [ 32.3808373, 41.7509219 ], [ 32.3806692, 41.7509003 ], [ 32.3806306, 41.7509267 ], [ 32.3806145, 41.7509707 ], [ 32.3806086, 41.7509918 ], [ 32.3806037, 41.7510092 ], [ 32.3805829, 41.7510297 ], [ 32.3805258, 41.751056 ], [ 32.3804471, 41.751078 ], [ 32.380402, 41.751066 ], [ 32.3803022, 41.7510636 ], [ 32.3802524, 41.7511159 ], [ 32.3801971, 41.7511724 ], [ 32.3802389, 41.7512573 ], [ 32.3803578, 41.7513812 ], [ 32.3803954, 41.751487 ], [ 32.3804589, 41.751547 ], [ 32.3804329, 41.7515929 ], [ 32.3804494, 41.7516393 ], [ 32.3805909, 41.7516711 ], [ 32.3806327, 41.7516919 ], [ 32.3806124, 41.7517458 ], [ 32.3806391, 41.7517936 ], [ 32.3807958, 41.7517968 ], [ 32.3808501, 41.7518263 ], [ 32.3809621, 41.7518872 ], [ 32.3810511, 41.7519705 ], [ 32.3811166, 41.7520073 ], [ 32.3811917, 41.7520361 ], [ 32.3812603, 41.7520841 ], [ 32.3814406, 41.7521513 ], [ 32.3815401, 41.7521639 ], [ 32.381729, 41.7525641 ], [ 32.3817397, 41.7525777 ], [ 32.3817999, 41.7526542 ], [ 32.3818311, 41.7529053 ], [ 32.3822077, 41.7533016 ], [ 32.3822288, 41.7533373 ], [ 32.38252, 41.7534557 ], [ 32.3829576, 41.7536521 ], [ 32.3830509, 41.7536492 ], [ 32.3831019, 41.7536551 ], [ 32.3831739, 41.7536244 ], [ 32.3833114, 41.7535968 ], [ 32.3833396, 41.7536258 ], [ 32.3835232, 41.7536109 ], [ 32.3835758, 41.7535673 ], [ 32.383658, 41.7535777 ], [ 32.3836764, 41.753617 ], [ 32.3836968, 41.7536426 ], [ 32.383765, 41.7536471 ], [ 32.3838606, 41.7537862 ], [ 32.3839405, 41.7538004 ], [ 32.383987, 41.7536793 ], [ 32.3840267, 41.7536336 ], [ 32.3841224, 41.7536462 ], [ 32.3841307, 41.7536869 ], [ 32.3841667, 41.7537013 ], [ 32.3842099, 41.7536767 ], [ 32.3842659, 41.7536287 ], [ 32.3842991, 41.7536181 ], [ 32.3843367, 41.7535482 ], [ 32.3843824, 41.7535319 ], [ 32.3844231, 41.7535381 ], [ 32.3844405, 41.7535221 ], [ 32.3845495, 41.7535766 ], [ 32.3846399, 41.7536007 ], [ 32.3846951, 41.7536407 ], [ 32.3847235, 41.7536227 ], [ 32.3847472, 41.753594 ], [ 32.3847209, 41.7535363 ], [ 32.3847406, 41.7534521 ], [ 32.3847754, 41.7533953 ], [ 32.3848034, 41.7533564 ], [ 32.3848527, 41.7533281 ], [ 32.3849209, 41.7533143 ], [ 32.3849692, 41.753338 ], [ 32.3850061, 41.7533323 ], [ 32.3850227, 41.7532976 ], [ 32.3850246, 41.7532412 ], [ 32.3850474, 41.7532167 ], [ 32.3850844, 41.7532054 ], [ 32.3851389, 41.7532279 ], [ 32.385152, 41.7532397 ], [ 32.3851814, 41.7532587 ], [ 32.3852025, 41.7532477 ], [ 32.3852606, 41.7532595 ], [ 32.3853124, 41.7532729 ], [ 32.3853413, 41.7532507 ], [ 32.3853414, 41.7532183 ], [ 32.3853378, 41.7531608 ], [ 32.3852986, 41.7530967 ], [ 32.3851427, 41.7529412 ], [ 32.3851594, 41.7528958 ], [ 32.3852324, 41.752886 ], [ 32.385371, 41.752914 ], [ 32.385445, 41.752837 ], [ 32.3854303, 41.7525739 ], [ 32.3852513, 41.7522508 ], [ 32.3851953, 41.7519957 ], [ 32.3848575, 41.7515515 ], [ 32.3852221, 41.7513647 ], [ 32.3851584, 41.7512377 ], [ 32.3849452, 41.7509699 ], [ 32.3847389, 41.7507975 ] ] ] ] } },
{ "type": "Feature", "properties": { "FID": 123912, "id": 1522, "left": 30.0, "top": 45.0, "right": 35.0, "bottom": 40.0, "row_index": 9, "col_index": 42, "min_lon": 30.0, "min_lat": 40.0, "tile_id": "30_40" }, "geometry": { "type": "MultiPolygon", "coordinates": [ [ [ [ 30.0000441, 41.1376859 ], [ 30.0000953, 41.1376782 ], [ 30.0001664, 41.137646 ], [ 30.0002033, 41.1376185 ], [ 30.0002336, 41.1375777 ], [ 30.0002356, 41.1375243 ], [ 30.0002132, 41.1374811 ], [ 30.0001375, 41.1374203 ], [ 30.0000952, 41.1374003 ], [ 30.0000503, 41.1374034 ], [ 30.0000105, 41.1374203 ], [ 30.0, 41.137409738864633 ], [ 30.0, 41.137681194936711 ], [ 30.0000441, 41.1376859 ] ] ], [ [ [ 30.0001907, 41.1369329 ], [ 30.0002627, 41.1368996 ], [ 30.000342, 41.1367248 ], [ 30.000341, 41.136668 ], [ 30.0004221, 41.1366624 ], [ 30.0002465, 41.1353837 ], [ 30.0015449, 41.1352581 ], [ 30.0016121, 41.1357981 ], [ 30.0010932, 41.1358443 ], [ 30.0010575, 41.1358588 ], [ 30.0010326, 41.1358862 ], [ 30.0010237, 41.1359225 ], [ 30.0010284, 41.1359564 ], [ 30.0010538, 41.1359901 ], [ 30.001091, 41.1360196 ], [ 30.0011471, 41.1360409 ], [ 30.0016804, 41.1360124 ], [ 30.0017851, 41.1360885 ], [ 30.001707, 41.1361552 ], [ 30.0017362, 41.1361791 ], [ 30.0019202, 41.1360325 ], [ 30.0028831, 41.1367099 ], [ 30.0026444, 41.1369636 ], [ 30.0017879, 41.1381863 ], [ 30.0013029, 41.1382325 ], [ 30.0013206, 41.1383737 ], [ 30.0, 41.138521059391628 ], [ 30.0, 41.138853318496373 ], [ 30.0015103, 41.1386891 ], [ 30.001763, 41.1386355 ], [ 30.0019589, 41.1385845 ], [ 30.0021835, 41.1384972 ], [ 30.0023929, 41.1383705 ], [ 30.0025544, 41.1382453 ], [ 30.002693, 41.1380981 ], [ 30.0030986, 41.1374278 ], [ 30.0036482, 41.1366399 ], [ 30.0038008, 41.1365764 ], [ 30.0044867, 41.1363235 ], [ 30.0046477, 41.1362641 ], [ 30.0052034, 41.136191 ], [ 30.0055563, 41.1363638 ], [ 30.005715, 41.1365365 ], [ 30.0054857, 41.1366694 ], [ 30.0055033, 41.1368554 ], [ 30.0059532, 41.1367491 ], [ 30.0059973, 41.1365498 ], [ 30.0062973, 41.1366827 ], [ 30.0066589, 41.1369285 ], [ 30.0066158, 41.1370811 ], [ 30.0065707, 41.1372407 ], [ 30.0070369, 41.1372683 ], [ 30.0071281, 41.1372906 ], [ 30.0072789, 41.1373413 ], [ 30.0073975, 41.1374261 ], [ 30.0075675, 41.1375862 ], [ 30.0077304, 41.1375354 ], [ 30.0078933, 41.1374847 ], [ 30.0079371, 41.1374583 ], [ 30.0079799, 41.1374371 ], [ 30.0080227, 41.1374247 ], [ 30.0080792, 41.1374268 ], [ 30.008334, 41.1375294 ], [ 30.0084585, 41.1375796 ], [ 30.0084585, 41.1376087 ], [ 30.0084585, 41.1378852 ], [ 30.0081233, 41.1382107 ], [ 30.0079909, 41.1384627 ], [ 30.008621, 41.138764 ], [ 30.008756, 41.138342 ], [ 30.010685, 41.138176 ], [ 30.011036, 41.137928 ], [ 30.011726, 41.13769 ], [ 30.012077, 41.137442 ], [ 30.012422, 41.137323 ], [ 30.012398, 41.137836 ], [ 30.013076, 41.137853 ], [ 30.012952, 41.138019 ], [ 30.012726, 41.138101 ], [ 30.012714, 41.138357 ], [ 30.013053, 41.138366 ], [ 30.013498, 41.1381231 ], [ 30.0137455, 41.1382652 ], [ 30.0138628, 41.1383085 ], [ 30.0140147, 41.1382799 ], [ 30.0140519, 41.1382558 ], [ 30.014118, 41.1381546 ], [ 30.014427, 41.138016 ], [ 30.0145446, 41.13794 ], [ 30.0147949, 41.1378179 ], [ 30.014824, 41.1377701 ], [ 30.0149146, 41.1378004 ], [ 30.015012, 41.1378413 ], [ 30.0150366, 41.1379006 ], [ 30.0150452, 41.1379452 ], [ 30.014852, 41.1380122 ], [ 30.0146449, 41.1381134 ], [ 30.0146536, 41.1381478 ], [ 30.0148749, 41.1381232 ], [ 30.014955, 41.1381113 ], [ 30.0149853, 41.1381721 ], [ 30.0149953, 41.1382122 ], [ 30.0149853, 41.1382481 ], [ 30.0150167, 41.1382836 ], [ 30.0150474, 41.1382824 ], [ 30.0150803, 41.1382786 ], [ 30.0150765, 41.13834 ], [ 30.015094, 41.1383486 ], [ 30.0151503, 41.138342 ], [ 30.0151899, 41.1383669 ], [ 30.0152151, 41.1383296 ], [ 30.0151989, 41.138195 ], [ 30.0151659, 41.1381444 ], [ 30.0150721, 41.1380782 ], [ 30.0152293, 41.1380059 ], [ 30.0154582, 41.1378875 ], [ 30.0155478, 41.1378675 ], [ 30.0155591, 41.1379021 ], [ 30.0156006, 41.1379197 ], [ 30.0156322, 41.1379581 ], [ 30.0156074, 41.1381243 ], [ 30.0155518, 41.1381469 ], [ 30.0155617, 41.1381847 ], [ 30.0156843, 41.1382351 ], [ 30.0157334, 41.1382441 ], [ 30.0157494, 41.1382018 ], [ 30.0157748, 41.1381926 ], [ 30.0158759, 41.1381946 ], [ 30.0159055, 41.138228 ], [ 30.0160111, 41.1381986 ], [ 30.0160879, 41.1381539 ], [ 30.0161091, 41.1381075 ], [ 30.0161629, 41.1380952 ], [ 30.0161987, 41.138071 ], [ 30.016231, 41.1380745 ], [ 30.0162584, 41.1380979 ], [ 30.0163027, 41.1381875 ], [ 30.0160593, 41.138245 ], [ 30.016052, 41.138451 ], [ 30.0160597, 41.1384764 ], [ 30.0160903, 41.1384721 ], [ 30.016184, 41.1384288 ], [ 30.0162531, 41.1384246 ], [ 30.0163014, 41.1384174 ], [ 30.0163394, 41.1383522 ], [ 30.0164826, 41.1383758 ], [ 30.0165083, 41.1383851 ], [ 30.0164769, 41.1384391 ], [ 30.0164821, 41.1384664 ], [ 30.0165105, 41.1384788 ], [ 30.0165404, 41.1384768 ], [ 30.0165821, 41.1384123 ], [ 30.0166404, 41.1384264 ], [ 30.0167288, 41.1384157 ], [ 30.0167828, 41.1384241 ], [ 30.0168342, 41.1384833 ], [ 30.0168931, 41.1385699 ], [ 30.0167643, 41.138635 ], [ 30.0167902, 41.1386679 ], [ 30.0169883, 41.1386099 ], [ 30.0171541, 41.1385514 ], [ 30.0171933, 41.138515 ], [ 30.0172279, 41.138463 ], [ 30.0172847, 41.1383905 ], [ 30.0173409, 41.1383512 ], [ 30.0174054, 41.1383188 ], [ 30.0174727, 41.1382316 ], [ 30.0175182, 41.1381287 ], [ 30.0175133, 41.138102 ], [ 30.0174419, 41.1381073 ], [ 30.0173634, 41.1381317 ], [ 30.0172764, 41.1381747 ], [ 30.0172504, 41.1381576 ], [ 30.0172431, 41.1381348 ], [ 30.0172825, 41.1381023 ], [ 30.0173827, 41.1380389 ], [ 30.0174778, 41.1380075 ], [ 30.017529, 41.1379613 ], [ 30.0175502, 41.1379088 ], [ 30.0175432, 41.137863 ], [ 30.0175167, 41.1378556 ], [ 30.0172662, 41.137941 ], [ 30.0172222, 41.1379562 ], [ 30.0172055, 41.1379408 ], [ 30.0172068, 41.1379203 ], [ 30.0173001, 41.1378601 ], [ 30.0174488, 41.1377887 ], [ 30.0175067, 41.1377709 ], [ 30.0175495, 41.1377175 ], [ 30.0175394, 41.1377073 ], [ 30.0174578, 41.1376789 ], [ 30.0174064, 41.1376861 ], [ 30.0173874, 41.1377072 ], [ 30.0173406, 41.1377367 ], [ 30.0173132, 41.1377395 ], [ 30.01729, 41.1377256 ], [ 30.017293, 41.137711 ], [ 30.0173929, 41.1376761 ], [ 30.0174616, 41.1376389 ], [ 30.0174707, 41.137592 ], [ 30.0174612, 41.1375395 ], [ 30.0174358, 41.137521 ], [ 30.0173851, 41.1375313 ], [ 30.0173391, 41.1375573 ], [ 30.0173119, 41.1375358 ], [ 30.0172627, 41.1374948 ], [ 30.0171832, 41.1374669 ], [ 30.017122, 41.1374332 ], [ 30.0170637, 41.1374144 ], [ 30.0169743, 41.1374164 ], [ 30.0169308, 41.1374194 ], [ 30.0168971, 41.1374081 ], [ 30.0168722, 41.1373897 ], [ 30.0168484, 41.13736 ], [ 30.0167669, 41.1371684 ], [ 30.0167112, 41.1370327 ], [ 30.0167063, 41.1369638 ], [ 30.0167349, 41.1368906 ], [ 30.0168087, 41.1367655 ], [ 30.0168631, 41.1366442 ], [ 30.0169022, 41.136467 ], [ 30.0169312, 41.136338 ], [ 30.0169573, 41.1362744 ], [ 30.0169648, 41.1362228 ], [ 30.0169529, 41.1361182 ], [ 30.0169608, 41.1360662 ], [ 30.0170058, 41.1360004 ], [ 30.0170292, 41.1358863 ], [ 30.0170836, 41.1357772 ], [ 30.0171293, 41.1355451 ], [ 30.0171668, 41.1354572 ], [ 30.0172463, 41.1353646 ], [ 30.0174682, 41.1351698 ], [ 30.0175915, 41.1350763 ], [ 30.0177245, 41.1350058 ], [ 30.0178291, 41.1349653 ], [ 30.0183405, 41.1348075 ], [ 30.0185682, 41.1347433 ], [ 30.0188762, 41.1346911 ], [ 30.0192631, 41.1346518 ], [ 30.0195854, 41.1346226 ], [ 30.0200312, 41.1346126 ], [ 30.0203777, 41.1346198 ], [ 30.0206775, 41.1346428 ], [ 30.0208808, 41.1346633 ], [ 30.0210408, 41.134697 ], [ 30.0213863, 41.13478 ], [ 30.0217, 41.134868 ], [ 30.0220303, 41.1349703 ], [ 30.0224103, 41.1350895 ], [ 30.0227238, 41.1352131 ], [ 30.0228084, 41.1352625 ], [ 30.0228526, 41.1353072 ], [ 30.0229128, 41.1353722 ], [ 30.0229696, 41.1353643 ], [ 30.023035, 41.1354425 ], [ 30.0231141, 41.1354414 ], [ 30.0232101, 41.1356582 ], [ 30.0232578, 41.1357799 ], [ 30.0232491, 41.1358079 ], [ 30.023219, 41.1358512 ], [ 30.0231498, 41.1359369 ], [ 30.0231267, 41.1359792 ], [ 30.0231217, 41.1360305 ], [ 30.0231297, 41.1360654 ], [ 30.0231705, 41.1361031 ], [ 30.0231877, 41.1361507 ], [ 30.0231758, 41.1361781 ], [ 30.0231728, 41.1362018 ], [ 30.0231983, 41.1362519 ], [ 30.0231967, 41.1362799 ], [ 30.0232078, 41.1363256 ], [ 30.0232363, 41.1363991 ], [ 30.0232895, 41.1364905 ], [ 30.0232947, 41.1365217 ], [ 30.0232657, 41.1365811 ], [ 30.0232937, 41.1366167 ], [ 30.023306, 41.136632 ], [ 30.0233065, 41.1366659 ], [ 30.0232888, 41.1366907 ], [ 30.0232432, 41.1367009 ], [ 30.0232101, 41.1367222 ], [ 30.0231968, 41.1367408 ], [ 30.0232033, 41.136763 ], [ 30.0232185, 41.1367831 ], [ 30.0232187, 41.1368411 ], [ 30.0232353, 41.1368877 ], [ 30.0232341, 41.1369362 ], [ 30.0232266, 41.1370038 ], [ 30.0231672, 41.1369929 ], [ 30.0231387, 41.137006 ], [ 30.0230881, 41.1370456 ], [ 30.022946, 41.1371854 ], [ 30.0228806, 41.1372715 ], [ 30.0228646, 41.1373205 ], [ 30.0228805, 41.1373508 ], [ 30.0228787, 41.137382 ], [ 30.0228431, 41.1374133 ], [ 30.0227866, 41.1374401 ], [ 30.0227688, 41.1374506 ], [ 30.0227529, 41.1374835 ], [ 30.0227554, 41.1375027 ], [ 30.0227248, 41.1375326 ], [ 30.0226834, 41.137568 ], [ 30.0226504, 41.1376181 ], [ 30.0225833, 41.1376686 ], [ 30.0225385, 41.1377227 ], [ 30.0225316, 41.1377269 ], [ 30.0224611, 41.1377701 ], [ 30.0223738, 41.1378168 ], [ 30.0223368, 41.1378458 ], [ 30.0223254, 41.1378762 ], [ 30.0223448, 41.1378921 ], [ 30.0223958, 41.1378832 ], [ 30.0224735, 41.1378865 ], [ 30.022585, 41.1378683 ], [ 30.0226498, 41.137875 ], [ 30.0226601, 41.1378858 ], [ 30.0226497, 41.1378991 ], [ 30.0225359, 41.1379537 ], [ 30.0225203, 41.1379676 ], [ 30.0224992, 41.137958 ], [ 30.022463, 41.1379656 ], [ 30.0223962, 41.1379923 ], [ 30.0223898, 41.1380092 ], [ 30.0223339, 41.1380408 ], [ 30.0223225, 41.1380584 ], [ 30.0223298, 41.1380741 ], [ 30.0223227, 41.1381454 ], [ 30.0223394, 41.1381462 ], [ 30.0223588, 41.1381732 ], [ 30.0223833, 41.1382887 ], [ 30.0224239, 41.1383283 ], [ 30.022474, 41.1383364 ], [ 30.022506, 41.1383942 ], [ 30.0225455, 41.138386 ], [ 30.0225762, 41.1384088 ], [ 30.0225866, 41.1383881 ], [ 30.022602, 41.1383632 ], [ 30.0226969, 41.1383502 ], [ 30.0227547, 41.1383368 ], [ 30.0227978, 41.1383214 ], [ 30.0228014, 41.1382882 ], [ 30.0228902, 41.1382849 ], [ 30.0229151, 41.138361 ], [ 30.0229192, 41.1384399 ], [ 30.0228966, 41.1385486 ], [ 30.0228935, 41.1385957 ], [ 30.0229157, 41.1386282 ], [ 30.0229726, 41.1386348 ], [ 30.023041, 41.138636 ], [ 30.0230838, 41.1386177 ], [ 30.0231158, 41.1385956 ], [ 30.0231401, 41.1385983 ], [ 30.0231577, 41.1386074 ], [ 30.0232072, 41.1386403 ], [ 30.0232302, 41.1386385 ], [ 30.0232669, 41.138608 ], [ 30.0233331, 41.1384997 ], [ 30.0233783, 41.1384313 ], [ 30.0234281, 41.1384133 ], [ 30.023447, 41.1387855 ], [ 30.0237484, 41.1388423 ], [ 30.0240258, 41.1384458 ], [ 30.024078, 41.1393317 ], [ 30.024729, 41.139182 ], [ 30.024876, 41.139699 ], [ 30.025549, 41.139844 ], [ 30.025888, 41.139853 ], [ 30.026578, 41.139614 ], [ 30.027256, 41.139632 ], [ 30.027928, 41.139778 ], [ 30.028109, 41.139526 ], [ 30.028302, 41.139017 ], [ 30.028992, 41.138779 ], [ 30.02915, 41.139039 ], [ 30.029297, 41.139556 ], [ 30.03032, 41.139454 ], [ 30.030665, 41.139335 ], [ 30.030641, 41.139848 ], [ 30.031326, 41.139737 ], [ 30.032016, 41.139498 ], [ 30.032717, 41.139002 ], [ 30.0329113, 41.1385374 ], [ 30.033424, 41.13838 ], [ 30.033769, 41.13826 ], [ 30.0341365, 41.1380975 ], [ 30.0344473, 41.1382181 ], [ 30.0353331, 41.138147 ], [ 30.037488, 41.138612 ], [ 30.0379151, 41.1385452 ], [ 30.0383149, 41.138245 ], [ 30.038528, 41.138126 ], [ 30.039891, 41.138033 ], [ 30.040071, 41.137781 ], [ 30.040422, 41.137533 ], [ 30.040627, 41.136768 ], [ 30.040971, 41.136648 ], [ 30.041311, 41.136657 ], [ 30.041977, 41.136931 ], [ 30.042305, 41.137196 ], [ 30.0432452, 41.1373215 ], [ 30.0441998, 41.1364616 ], [ 30.045397, 41.136377 ], [ 30.045589, 41.135869 ], [ 30.0457084, 41.1350578 ], [ 30.0453812, 41.1347022 ], [ 30.0454107, 41.1343124 ], [ 30.0459151, 41.1340346 ], [ 30.0464755, 41.1338901 ], [ 30.0468939, 41.1338982 ], [ 30.047202, 41.133985 ], [ 30.0476654, 41.1342591 ], [ 30.0479212, 41.1344376 ], [ 30.0479432, 41.1347227 ], [ 30.048337, 41.135169 ], [ 30.048664, 41.135435 ], [ 30.048653, 41.136886 ], [ 30.048426, 41.136968 ], [ 30.048404, 41.137481 ], [ 30.048743, 41.13749 ], [ 30.048877, 41.137067 ], [ 30.04911, 41.136857 ], [ 30.049455, 41.136738 ], [ 30.049432, 41.137251 ], [ 30.050111, 41.137268 ], [ 30.050145, 41.136499 ], [ 30.051507, 41.136405 ], [ 30.051858, 41.136158 ], [ 30.053548, 41.13633 ], [ 30.053467, 41.138124 ], [ 30.053801, 41.138261 ], [ 30.055152, 41.138424 ], [ 30.055175, 41.137911 ], [ 30.055508, 41.138048 ], [ 30.055847, 41.138057 ], [ 30.056537, 41.137817 ], [ 30.056888, 41.13757 ], [ 30.0579281, 41.1377193 ], [ 30.0586603, 41.1370429 ], [ 30.0593143, 41.1365601 ], [ 30.0599684, 41.1364792 ], [ 30.060664, 41.136639 ], [ 30.0615043, 41.1371115 ], [ 30.0618883, 41.1368542 ], [ 30.0623926, 41.1368443 ], [ 30.0629198, 41.13706 ], [ 30.0635348, 41.1369718 ], [ 30.064383, 41.136991 ], [ 30.0647063, 41.1368615 ], [ 30.0649894, 41.136712 ], [ 30.0648982, 41.1363248 ], [ 30.0649666, 41.135864 ], [ 30.065463, 41.135607 ], [ 30.0659558, 41.1353053 ], [ 30.0674169, 41.1347171 ], [ 30.067187, 41.135009 ], [ 30.068555, 41.134787 ], [ 30.068894, 41.134796 ], [ 30.069222, 41.135061 ], [ 30.069561, 41.13507 ], [ 30.07163, 41.134352 ], [ 30.072998, 41.13413 ], [ 30.073688, 41.133891 ], [ 30.074027, 41.1339 ], [ 30.074355, 41.134165 ], [ 30.074694, 41.134173 ], [ 30.0750257, 41.1344703 ], [ 30.0751227, 41.1345558 ], [ 30.0751225, 41.1347182 ], [ 30.0754754, 41.1346881 ], [ 30.0755428, 41.1347869 ], [ 30.0759616, 41.1346932 ], [ 30.0761813, 41.1347082 ], [ 30.0765069, 41.134852 ], [ 30.0769835, 41.1351571 ], [ 30.077107, 41.1354104 ], [ 30.0770498, 41.1358849 ], [ 30.0771521, 41.1368323 ], [ 30.0768298, 41.1373796 ], [ 30.076994, 41.1382742 ], [ 30.077422, 41.138903 ], [ 30.076857, 41.138977 ], [ 30.076845, 41.139234 ], [ 30.077524, 41.139251 ], [ 30.07788, 41.138875 ], [ 30.078231, 41.138627 ], [ 30.07892, 41.138388 ], [ 30.080282, 41.138294 ], [ 30.08044, 41.138555 ], [ 30.080429, 41.138811 ], [ 30.080237, 41.13932 ], [ 30.08057, 41.139456 ], [ 30.081927, 41.139491 ], [ 30.082255, 41.139756 ], [ 30.082588, 41.139893 ], [ 30.082769, 41.139641 ], [ 30.082961, 41.139132 ], [ 30.083301, 41.139141 ], [ 30.083278, 41.139654 ], [ 30.0844717, 41.139811 ], [ 30.0846595, 41.1396797 ], [ 30.0847319, 41.139508 ], [ 30.0852951, 41.1394131 ], [ 30.0851449, 41.1392858 ], [ 30.0848633, 41.1392292 ], [ 30.0849169, 41.139104 ], [ 30.0851349, 41.1389855 ], [ 30.085322, 41.1388838 ], [ 30.0852334, 41.1387182 ], [ 30.0856304, 41.1385384 ], [ 30.0858557, 41.1385929 ], [ 30.0860435, 41.1387141 ], [ 30.0859255, 41.138902 ], [ 30.0860167, 41.1390636 ], [ 30.0861508, 41.1390252 ], [ 30.0862205, 41.1388879 ], [ 30.0863627, 41.1389202 ], [ 30.0862822, 41.1390838 ], [ 30.086545, 41.1392999 ], [ 30.0868589, 41.1393444 ], [ 30.0866014, 41.1395625 ], [ 30.0867516, 41.1397787 ], [ 30.0874007, 41.1393969 ], [ 30.087693, 41.139104 ], [ 30.0874624, 41.1388939 ], [ 30.0872585, 41.1390474 ], [ 30.0871915, 41.1388434 ], [ 30.0873202, 41.1387364 ], [ 30.0879881, 41.1381728 ], [ 30.0882, 41.1382354 ], [ 30.089451, 41.13827 ], [ 30.089608, 41.138531 ], [ 30.089936, 41.138796 ], [ 30.090084, 41.139313 ], [ 30.090428, 41.139192 ], [ 30.090779, 41.138945 ], [ 30.091118, 41.138953 ], [ 30.091791, 41.139099 ], [ 30.091971, 41.138847 ], [ 30.092164, 41.138338 ], [ 30.093871, 41.138125 ], [ 30.093894, 41.137612 ], [ 30.094227, 41.137748 ], [ 30.0951165, 41.1380883 ], [ 30.0956021, 41.138346 ], [ 30.0965884, 41.1384222 ], [ 30.0971867, 41.138593 ], [ 30.0976272, 41.1388327 ], [ 30.0978704, 41.1391261 ], [ 30.098053, 41.139514 ], [ 30.0982805, 41.1396978 ], [ 30.0982996, 41.139753 ], [ 30.0982957, 41.1399983 ], [ 30.0982948, 41.140036 ], [ 30.0984259, 41.1402566 ], [ 30.0984959, 41.1403168 ], [ 30.0985499, 41.1403287 ], [ 30.0986379, 41.1403235 ], [ 30.0986825, 41.1403262 ], [ 30.098838, 41.1403741 ], [ 30.0988887, 41.1403755 ], [ 30.0989217, 41.1403487 ], [ 30.0989272, 41.1403178 ], [ 30.0988805, 41.1402901 ], [ 30.0987937, 41.140267 ], [ 30.0987349, 41.1402343 ], [ 30.0987707, 41.1401959 ], [ 30.0988397, 41.1401824 ], [ 30.0989623, 41.1401785 ], [ 30.0990211, 41.1401266 ], [ 30.0990185, 41.1400766 ], [ 30.0990594, 41.1400015 ], [ 30.099067, 41.1399496 ], [ 30.0990568, 41.1398996 ], [ 30.0991041, 41.1397905 ], [ 30.0991375, 41.1396197 ], [ 30.0990287, 41.1395917 ], [ 30.0988218, 41.1395628 ], [ 30.0986089, 41.1395686 ], [ 30.0986418, 41.1389611 ], [ 30.0986815, 41.1387748 ], [ 30.0989015, 41.1387288 ], [ 30.0991233, 41.1386093 ], [ 30.0992272, 41.1385134 ], [ 30.0993661, 41.1384205 ], [ 30.0994254, 41.1383869 ], [ 30.0994319, 41.1383133 ], [ 30.0992994, 41.1381325 ], [ 30.0990238, 41.137745 ], [ 30.0989638, 41.1376192 ], [ 30.0988169, 41.1375783 ], [ 30.0987084, 41.1375162 ], [ 30.0986121, 41.1374233 ], [ 30.0985364, 41.1372542 ], [ 30.0984893, 41.1371296 ], [ 30.0984821, 41.1370256 ], [ 30.0984962, 41.1369054 ], [ 30.0985576, 41.1367668 ], [ 30.0986654, 41.1366455 ], [ 30.0987962, 41.1365434 ], [ 30.0989166, 41.1364698 ], [ 30.0991231, 41.1363486 ], [ 30.0992537, 41.1362418 ], [ 30.0993902, 41.1360319 ], [ 30.099498, 41.1358385 ], [ 30.0995344, 41.1357777 ], [ 30.0995855, 41.1357176 ], [ 30.099657, 41.135666 ], [ 30.099702, 41.1356007 ], [ 30.0997236, 41.135337 ], [ 30.1000745, 41.1353195 ], [ 30.1005197, 41.1353034 ], [ 30.1008067, 41.1352791 ], [ 30.1010933, 41.1352691 ], [ 30.1018057, 41.1353412 ], [ 30.1018193, 41.1355284 ], [ 30.101881, 41.135526 ], [ 30.1020337, 41.1355154 ], [ 30.1021882, 41.1355046 ], [ 30.1024512, 41.1357466 ], [ 30.1025155, 41.135868 ], [ 30.1025743, 41.1360321 ], [ 30.1025948, 41.1361438 ], [ 30.1026258, 41.1362036 ], [ 30.1026337, 41.1362709 ], [ 30.1026722, 41.136301 ], [ 30.1027097, 41.1364343 ], [ 30.1026908, 41.1365599 ], [ 30.1026189, 41.1367146 ], [ 30.1025583, 41.1367295 ], [ 30.1024891, 41.1367648 ], [ 30.1023995, 41.1368434 ], [ 30.102242, 41.1369575 ], [ 30.1021477, 41.1370008 ], [ 30.1020724, 41.1370493 ], [ 30.1020409, 41.1370904 ], [ 30.1020198, 41.1371556 ], [ 30.1020083, 41.1372667 ], [ 30.1020326, 41.1374994 ], [ 30.1020561, 41.1376243 ], [ 30.1021131, 41.1377391 ], [ 30.1021777, 41.1378357 ], [ 30.1022227, 41.1378672 ], [ 30.1022812, 41.1378976 ], [ 30.1023103, 41.1379399 ], [ 30.1023561, 41.1379631 ], [ 30.1023895, 41.1379857 ], [ 30.1024332, 41.1380072 ], [ 30.1025814, 41.1380691 ], [ 30.1026292, 41.138082 ], [ 30.1027054, 41.1380749 ], [ 30.1027348, 41.1381006 ], [ 30.1027944, 41.1381089 ], [ 30.1028803, 41.1381109 ], [ 30.1029784, 41.1380939 ], [ 30.103017, 41.1380978 ], [ 30.1030619, 41.1381424 ], [ 30.1031042, 41.1381497 ], [ 30.1031918, 41.1381479 ], [ 30.1033097, 41.1381518 ], [ 30.1034766, 41.1381694 ], [ 30.1035977, 41.138173 ], [ 30.1036594, 41.1381578 ], [ 30.1037042, 41.1381375 ], [ 30.1037429, 41.1381102 ], [ 30.1037766, 41.1380676 ], [ 30.1038068, 41.1379828 ], [ 30.1038506, 41.1379436 ], [ 30.1038911, 41.1378977 ], [ 30.1039239, 41.1377898 ], [ 30.1039272, 41.1377 ], [ 30.1039578, 41.1376651 ], [ 30.1039798, 41.137688 ], [ 30.1040139, 41.1377122 ], [ 30.1040163, 41.1378175 ], [ 30.1039708, 41.1378384 ], [ 30.1039719, 41.1378781 ], [ 30.1039964, 41.1378924 ], [ 30.1039976, 41.1379148 ], [ 30.1039802, 41.1379399 ], [ 30.1039848, 41.1379637 ], [ 30.104, 41.1379857 ], [ 30.104035, 41.138005 ], [ 30.1040865, 41.137995 ], [ 30.1041065, 41.1379846 ], [ 30.1041681, 41.1380051 ], [ 30.104653, 41.1376266 ], [ 30.1047185, 41.1376151 ], [ 30.1047553, 41.1375947 ], [ 30.1047966, 41.137541 ], [ 30.1049037, 41.137527 ], [ 30.1049617, 41.1375181 ], [ 30.1049817, 41.1374926 ], [ 30.1049895, 41.1374328 ], [ 30.104999, 41.1373686 ], [ 30.1049974, 41.1373033 ], [ 30.1050036, 41.1372589 ], [ 30.1049956, 41.1372148 ], [ 30.1049787, 41.1371666 ], [ 30.1049973, 41.1371444 ], [ 30.1050536, 41.1371137 ], [ 30.1052256, 41.1370289 ], [ 30.1054357, 41.1369466 ], [ 30.1055406, 41.1369179 ], [ 30.1058084, 41.1370219 ], [ 30.1059044, 41.1370596 ], [ 30.106012, 41.1371285 ], [ 30.1062597, 41.1373469 ], [ 30.1060434, 41.1374837 ], [ 30.105994, 41.1375622 ], [ 30.10587, 41.13776 ], [ 30.1058473, 41.1377879 ], [ 30.1058127, 41.1378049 ], [ 30.1057418, 41.1378204 ], [ 30.1056889, 41.1378475 ], [ 30.1056315, 41.1379281 ], [ 30.1056204, 41.1379663 ], [ 30.1056257, 41.1380969 ], [ 30.1056368, 41.1381812 ], [ 30.1056515, 41.1382292 ], [ 30.1056975, 41.1382595 ], [ 30.105769, 41.1382681 ], [ 30.1058284, 41.1382584 ], [ 30.1058821, 41.1382312 ], [ 30.1058892, 41.138198 ], [ 30.1059241, 41.1381718 ], [ 30.1059673, 41.1381501 ], [ 30.1063231, 41.138026 ], [ 30.1064305, 41.1379885 ], [ 30.1065603, 41.1382321 ], [ 30.1060517, 41.1385584 ], [ 30.1062874, 41.1392454 ], [ 30.1065226, 41.1392109 ], [ 30.1064755, 41.1387712 ], [ 30.1066811, 41.1385693 ], [ 30.1067015, 41.1389698 ], [ 30.106937, 41.1388279 ], [ 30.1070594, 41.1389059 ], [ 30.10705, 41.1391116 ], [ 30.1073985, 41.1391116 ], [ 30.107681, 41.1390903 ], [ 30.1085999, 41.1394899 ], [ 30.108906, 41.139787 ], [ 30.109562, 41.140317 ], [ 30.109879, 41.140838 ], [ 30.110207, 41.141103 ], [ 30.110354, 41.14162 ], [ 30.110688, 41.141756 ], [ 30.1117, 41.14191 ], [ 30.111722, 41.141398 ], [ 30.113073, 41.141559 ], [ 30.114057, 41.142354 ], [ 30.114735, 41.142371 ], [ 30.115063, 41.142636 ], [ 30.116759, 41.142679 ], [ 30.117087, 41.142944 ], [ 30.117754, 41.143217 ], [ 30.118766, 41.143371 ], [ 30.118789, 41.142858 ], [ 30.119134, 41.142738 ], [ 30.119484, 41.14249 ], [ 30.12118, 41.142533 ], [ 30.121836, 41.143062 ], [ 30.122169, 41.143199 ], [ 30.122192, 41.142687 ], [ 30.122537, 41.142566 ], [ 30.122876, 41.142575 ], [ 30.123204, 41.14284 ], [ 30.123537, 41.142977 ], [ 30.12356, 41.142464 ], [ 30.123904, 41.142344 ], [ 30.124244, 41.142353 ], [ 30.124911, 41.142626 ], [ 30.125584, 41.142772 ], [ 30.125222, 41.143276 ], [ 30.126929, 41.143062 ], [ 30.126952, 41.142549 ], [ 30.127624, 41.142694 ], [ 30.127958, 41.142831 ], [ 30.12798, 41.142318 ], [ 30.128325, 41.142198 ], [ 30.13443, 41.14235 ], [ 30.135798, 41.142127 ], [ 30.136148, 41.141879 ], [ 30.137844, 41.141921 ], [ 30.139857, 41.142485 ], [ 30.1403135, 41.1425241 ], [ 30.1410836, 41.1423029 ], [ 30.1415867, 41.1421177 ], [ 30.14227, 41.141647 ], [ 30.1429081, 41.1413582 ], [ 30.1433001, 41.1411058 ], [ 30.144009, 41.1406424 ], [ 30.1445114, 41.1401576 ], [ 30.1450465, 41.140021 ], [ 30.1453818, 41.1399654 ], [ 30.1457219, 41.1398963 ], [ 30.1461333, 41.1398592 ], [ 30.1467413, 41.1397634 ], [ 30.1473577, 41.1396486 ], [ 30.1480811, 41.1394878 ], [ 30.148451, 41.1394118 ], [ 30.149375, 41.1392721 ], [ 30.1501846, 41.139394 ], [ 30.1509366, 41.1392575 ], [ 30.1519861, 41.1390944 ], [ 30.1530121, 41.138934 ], [ 30.1537019, 41.1389691 ], [ 30.1541552, 41.1391922 ], [ 30.1547554, 41.1389487 ], [ 30.1549615, 41.1388651 ], [ 30.1550959, 41.1387847 ], [ 30.1552749, 41.1388862 ], [ 30.155615, 41.139282 ], [ 30.155954, 41.13929 ], [ 30.156632, 41.139307 ], [ 30.1568995, 41.1396399 ], [ 30.157283, 41.139965 ], [ 30.158284, 41.140374 ], [ 30.1589092, 41.140528 ], [ 30.1591747, 41.1409604 ], [ 30.1592573, 41.1413349 ], [ 30.159241, 41.14181 ], [ 30.159919, 41.141827 ], [ 30.1599306, 41.1415656 ], [ 30.159886, 41.1411596 ], [ 30.1602171, 41.1409532 ], [ 30.1605611, 41.1407628 ], [ 30.1611599, 41.1408712 ], [ 30.1616391, 41.1411784 ], [ 30.161637, 41.141356 ], [ 30.161971, 41.141492 ], [ 30.162983, 41.141646 ], [ 30.163141, 41.141906 ], [ 30.163278, 41.14268 ], [ 30.164985, 41.142465 ], [ 30.164624, 41.14297 ], [ 30.164957, 41.143106 ], [ 30.165285, 41.143371 ], [ 30.165958, 41.143516 ], [ 30.165936, 41.144029 ], [ 30.166937, 41.144438 ], [ 30.167955, 41.144463 ], [ 30.168283, 41.144728 ], [ 30.168617, 41.144865 ], [ 30.16865, 41.144095 ], [ 30.168994, 41.143975 ], [ 30.1692832, 41.1432685 ], [ 30.1697731, 41.1436692 ], [ 30.170006, 41.144129 ], [ 30.1709359, 41.1446252 ], [ 30.172375, 41.144315 ], [ 30.1722009, 41.1447391 ], [ 30.1729325, 41.1447476 ], [ 30.1726282, 41.1450465 ], [ 30.1733452, 41.145444 ], [ 30.1742829, 41.145681 ], [ 30.1746224, 41.1453588 ], [ 30.175384, 41.145416 ], [ 30.176052, 41.145689 ], [ 30.1765583, 41.1458262 ], [ 30.1765314, 41.1460788 ], [ 30.176692, 41.146603 ], [ 30.177364, 41.146748 ], [ 30.178032, 41.147021 ], [ 30.178371, 41.147029 ], [ 30.1787804, 41.1472978 ], [ 30.179826, 41.148734 ], [ 30.179793, 41.149503 ], [ 30.1794648, 41.1494396 ], [ 30.1793468, 41.1498274 ], [ 30.1788452, 41.1499748 ], [ 30.1786709, 41.1503606 ], [ 30.1791215, 41.1502475 ], [ 30.178982, 41.1505383 ], [ 30.1785529, 41.1507645 ], [ 30.1783118, 41.1512084 ], [ 30.178348, 41.151521 ], [ 30.1776958, 41.1523845 ], [ 30.1776311, 41.1527708 ], [ 30.178102, 41.153312 ], [ 30.178786, 41.1532 ], [ 30.1790644, 41.1527415 ], [ 30.179893, 41.1521866 ], [ 30.179904, 41.1517357 ], [ 30.1802325, 41.1515443 ], [ 30.180564, 41.151318 ], [ 30.180909, 41.151198 ], [ 30.1813355, 41.1508204 ], [ 30.1815678, 41.150793 ], [ 30.181276, 41.150566 ], [ 30.1808984, 41.1500974 ], [ 30.1809347, 41.1497466 ], [ 30.1812422, 41.1496571 ], [ 30.1812994, 41.1494557 ], [ 30.1810419, 41.1493911 ], [ 30.1813162, 41.1491572 ], [ 30.1818437, 41.1492767 ], [ 30.1821954, 41.148952 ], [ 30.1821742, 41.1486384 ], [ 30.1824132, 41.1484663 ], [ 30.1833966, 41.1481637 ], [ 30.1848296, 41.1483207 ], [ 30.1851287, 41.1486077 ], [ 30.18544, 41.148486 ], [ 30.1856983, 41.1486642 ], [ 30.186091, 41.149144 ], [ 30.1875223, 41.1492913 ], [ 30.18737, 41.1487073 ], [ 30.188, 41.148164 ], [ 30.1877773, 41.1478012 ], [ 30.1873022, 41.1473523 ], [ 30.1871318, 41.1468468 ], [ 30.1873286, 41.1464801 ], [ 30.1877608, 41.1462129 ], [ 30.188953, 41.145748 ], [ 30.1901673, 41.145777 ], [ 30.1910056, 41.146004 ], [ 30.1912262, 41.1464083 ], [ 30.191973, 41.146592 ], [ 30.1923372, 41.1471158 ], [ 30.193121, 41.147518 ], [ 30.1932902, 41.1480488 ], [ 30.193395, 41.149065 ], [ 30.19351, 41.150352 ], [ 30.1937999, 41.1506531 ], [ 30.1938215, 41.1508841 ], [ 30.1947532, 41.151403 ], [ 30.1955721, 41.1514364 ], [ 30.1959317, 41.1515619 ], [ 30.196339, 41.151704 ], [ 30.196667, 41.151968 ], [ 30.1967275, 41.1520676 ], [ 30.196984, 41.15249 ], [ 30.197072, 41.152941 ], [ 30.1970657, 41.1534014 ], [ 30.1966289, 41.1540546 ], [ 30.1965679, 41.1542211 ], [ 30.1965291, 41.1543271 ], [ 30.1962607, 41.1546466 ], [ 30.1961359, 41.1544868 ], [ 30.1959549, 41.1544305 ], [ 30.1959237, 41.1545056 ], [ 30.1960798, 41.1545667 ], [ 30.1961609, 41.1546842 ], [ 30.1956804, 41.1547077 ], [ 30.1956055, 41.1544399 ], [ 30.1955431, 41.1544117 ], [ 30.1954495, 41.1544164 ], [ 30.1954557, 41.1545338 ], [ 30.1956304, 41.1548345 ], [ 30.1959986, 41.1549708 ], [ 30.1961901, 41.1553238 ], [ 30.1963606, 41.155638 ], [ 30.1963481, 41.1563334 ], [ 30.1963294, 41.1566952 ], [ 30.196217, 41.1568314 ], [ 30.1962233, 41.1571321 ], [ 30.195749, 41.1578275 ], [ 30.1955625, 41.1579729 ], [ 30.1954157, 41.158044 ], [ 30.1951, 41.1580624 ], [ 30.1944638, 41.1579466 ], [ 30.1931967, 41.1578463 ], [ 30.1926966, 41.1579038 ], [ 30.19217, 41.157891 ], [ 30.1919215, 41.1582082 ], [ 30.1917483, 41.1582695 ], [ 30.1914306, 41.1583819 ], [ 30.1913676, 41.1585131 ], [ 30.191124, 41.158507 ], [ 30.1909501, 41.1586309 ], [ 30.1908939, 41.1591337 ], [ 30.1911248, 41.1591431 ], [ 30.191271, 41.159024 ], [ 30.1912746, 41.1592558 ], [ 30.1917302, 41.1590115 ], [ 30.1917551, 41.1592229 ], [ 30.1915942, 41.1594251 ], [ 30.1912309, 41.1598055 ], [ 30.1913495, 41.1598619 ], [ 30.1914868, 41.1597538 ], [ 30.1914493, 41.1600075 ], [ 30.1919673, 41.1597491 ], [ 30.1918051, 41.1599512 ], [ 30.1914057, 41.1602706 ], [ 30.1916178, 41.1604868 ], [ 30.1916054, 41.1606606 ], [ 30.19183, 41.1607217 ], [ 30.1921515, 41.1607936 ], [ 30.1921732, 41.1610412 ], [ 30.1924603, 41.161464 ], [ 30.192997, 41.1615955 ], [ 30.1931093, 41.161507 ], [ 30.193153, 41.1613841 ], [ 30.1930594, 41.1612855 ], [ 30.1932716, 41.1611727 ], [ 30.1932466, 41.1613136 ], [ 30.193465, 41.1611868 ], [ 30.1933589, 41.1614123 ], [ 30.1936585, 41.1613653 ], [ 30.1937458, 41.1615439 ], [ 30.1941327, 41.1615814 ], [ 30.1944697, 41.1615767 ], [ 30.1945571, 41.161464 ], [ 30.1945009, 41.1611915 ], [ 30.1943824, 41.1610693 ], [ 30.1945009, 41.1609942 ], [ 30.1944448, 41.1607123 ], [ 30.1946195, 41.1609472 ], [ 30.194788, 41.1609472 ], [ 30.1948067, 41.1611539 ], [ 30.1951187, 41.1614593 ], [ 30.195774, 41.1616895 ], [ 30.1961172, 41.1618304 ], [ 30.1962857, 41.1621546 ], [ 30.1968036, 41.1621593 ], [ 30.1971843, 41.1624412 ], [ 30.197407, 41.162511 ], [ 30.1976392, 41.1624729 ], [ 30.1978334, 41.1622271 ], [ 30.1974891, 41.1621606 ], [ 30.1976127, 41.1619879 ], [ 30.1980275, 41.1619015 ], [ 30.1984953, 41.1620875 ], [ 30.1986365, 41.1618483 ], [ 30.1989542, 41.1620277 ], [ 30.1992896, 41.1620211 ], [ 30.1993602, 41.1617287 ], [ 30.1997133, 41.1616291 ], [ 30.200031, 41.1612304 ], [ 30.2003134, 41.1610709 ], [ 30.200993, 41.160958 ], [ 30.2015226, 41.1611374 ], [ 30.202211, 41.1614098 ], [ 30.2022551, 41.1615626 ], [ 30.2024757, 41.1617686 ], [ 30.2022463, 41.1620942 ], [ 30.2026787, 41.1620809 ], [ 30.2030318, 41.1621075 ], [ 30.2032877, 41.1618284 ], [ 30.2038879, 41.1619214 ], [ 30.2041085, 41.1618085 ], [ 30.2044174, 41.1618018 ], [ 30.204541, 41.161649 ], [ 30.204488, 41.1614563 ], [ 30.2047793, 41.1612503 ], [ 30.2052735, 41.1611772 ], [ 30.2058913, 41.1608982 ], [ 30.2063944, 41.1608849 ], [ 30.2067739, 41.1609845 ], [ 30.2071358, 41.1612304 ], [ 30.2074094, 41.161556 ], [ 30.2073829, 41.1618948 ], [ 30.2074447, 41.162154 ], [ 30.2061208, 41.1628317 ], [ 30.2059178, 41.1629978 ], [ 30.2059973, 41.1634962 ], [ 30.205856, 41.1635892 ], [ 30.2057237, 41.1638151 ], [ 30.2059708, 41.1640211 ], [ 30.2066592, 41.1638018 ], [ 30.2066592, 41.1636423 ], [ 30.2063503, 41.1634497 ], [ 30.206465, 41.1632968 ], [ 30.207074, 41.1632437 ], [ 30.2073123, 41.1633566 ], [ 30.2078595, 41.1632105 ], [ 30.2081243, 41.1634364 ], [ 30.2083096, 41.1636291 ], [ 30.2087951, 41.1634962 ], [ 30.2088392, 41.1633234 ], [ 30.2090863, 41.1631839 ], [ 30.2098012, 41.1625859 ], [ 30.2104896, 41.1626789 ], [ 30.2105161, 41.1629513 ], [ 30.2107897, 41.1632038 ], [ 30.210675, 41.1634829 ], [ 30.2109662, 41.1635095 ], [ 30.2113016, 41.1633965 ], [ 30.2119459, 41.1633035 ], [ 30.2118311, 41.1631706 ], [ 30.2115575, 41.1631041 ], [ 30.2112222, 41.1624596 ], [ 30.211178, 41.1620012 ], [ 30.211584, 41.1616424 ], [ 30.2116988, 41.1611905 ], [ 30.2117782, 41.1610576 ], [ 30.2122283, 41.1607719 ], [ 30.2124136, 41.1605327 ], [ 30.212952, 41.1604064 ], [ 30.2134551, 41.1605593 ], [ 30.21432, 41.1603134 ], [ 30.2147966, 41.1603865 ], [ 30.2151232, 41.1602669 ], [ 30.2155115, 41.1603666 ], [ 30.2163052, 41.1603937 ], [ 30.2165107, 41.1600287 ], [ 30.217047, 41.159907 ], [ 30.2169444, 41.1594206 ], [ 30.21691, 41.159134 ], [ 30.2169373, 41.1589067 ], [ 30.2174726, 41.1586255 ], [ 30.2181225, 41.1584947 ], [ 30.2189741, 41.1584282 ], [ 30.2197198, 41.1585545 ], [ 30.220659, 41.158839 ], [ 30.2210929, 41.1590432 ], [ 30.2217176, 41.1594032 ], [ 30.222308, 41.1597961 ], [ 30.2232048, 41.160469 ], [ 30.2237456, 41.1607687 ], [ 30.2243887, 41.1614793 ], [ 30.2246267, 41.1616973 ], [ 30.2256858, 41.1624149 ], [ 30.2264094, 41.1633716 ], [ 30.2268242, 41.1636772 ], [ 30.226983, 41.164032 ], [ 30.22704, 41.1641593 ], [ 30.2270978, 41.1642885 ], [ 30.2273449, 41.1648266 ], [ 30.2273356, 41.1649971 ], [ 30.2273096, 41.1654711 ], [ 30.227089, 41.1660823 ], [ 30.2266647, 41.1665907 ], [ 30.2261712, 41.1667467 ], [ 30.2255357, 41.166647 ], [ 30.2252268, 41.1667533 ], [ 30.2252004, 41.1669261 ], [ 30.2247238, 41.1672516 ], [ 30.2245738, 41.1677631 ], [ 30.2241678, 41.1679093 ], [ 30.2223674, 41.1698625 ], [ 30.2224027, 41.1699887 ], [ 30.222641, 41.170002 ], [ 30.2227734, 41.1699023 ], [ 30.2228087, 41.1697097 ], [ 30.2234177, 41.1691051 ], [ 30.2238589, 41.169238 ], [ 30.2239648, 41.1691118 ], [ 30.2236648, 41.168939 ], [ 30.224106, 41.1684939 ], [ 30.2256063, 41.1687796 ], [ 30.2258358, 41.1686866 ], [ 30.2260476, 41.1689191 ], [ 30.2261888, 41.1693775 ], [ 30.2257387, 41.17056 ], [ 30.225421, 41.1708856 ], [ 30.224662, 41.1711513 ], [ 30.2237001, 41.1711646 ], [ 30.223806, 41.1704272 ], [ 30.2237177, 41.1703209 ], [ 30.2237971, 41.1701814 ], [ 30.2237354, 41.1700551 ], [ 30.2235942, 41.1700485 ], [ 30.223453, 41.1702146 ], [ 30.223347, 41.1706065 ], [ 30.2233206, 41.1714104 ], [ 30.2231882, 41.1716097 ], [ 30.222694, 41.1718355 ], [ 30.2224733, 41.1718289 ], [ 30.2221821, 41.1719618 ], [ 30.2217497, 41.1719219 ], [ 30.2216791, 41.1720548 ], [ 30.2213349, 41.1721278 ], [ 30.2212201, 41.1722873 ], [ 30.2206465, 41.1724998 ], [ 30.2203729, 41.1726726 ], [ 30.2215114, 41.1729715 ], [ 30.2215555, 41.1731841 ], [ 30.2222174, 41.1732771 ], [ 30.2222704, 41.1734432 ], [ 30.2219879, 41.1738019 ], [ 30.2215202, 41.1737022 ], [ 30.2209466, 41.173948 ], [ 30.2209642, 41.1742204 ], [ 30.2207789, 41.1746787 ], [ 30.2210878, 41.1747917 ], [ 30.220876, 41.1751371 ], [ 30.2205494, 41.1751371 ], [ 30.2204788, 41.1753032 ], [ 30.2200023, 41.1751637 ], [ 30.219967, 41.1753696 ], [ 30.2206906, 41.1755157 ], [ 30.220973, 41.1757482 ], [ 30.2209907, 41.1762863 ], [ 30.2210966, 41.1766118 ], [ 30.2215908, 41.1766317 ], [ 30.2218114, 41.1769638 ], [ 30.2215379, 41.1770436 ], [ 30.2215379, 41.177203 ], [ 30.2218644, 41.1772561 ], [ 30.221935, 41.1774886 ], [ 30.2227469, 41.1778274 ], [ 30.2236383, 41.1780267 ], [ 30.2240707, 41.1782326 ], [ 30.2243531, 41.1782658 ], [ 30.2244237, 41.178113 ], [ 30.2248032, 41.1781994 ], [ 30.225015, 41.1780665 ], [ 30.2255887, 41.1781064 ], [ 30.2271243, 41.1788171 ], [ 30.2273361, 41.1787839 ], [ 30.2274685, 41.1786511 ], [ 30.2274861, 41.1784983 ], [ 30.227292, 41.1784252 ], [ 30.227036, 41.1784319 ], [ 30.2266212, 41.1782459 ], [ 30.2266918, 41.1781197 ], [ 30.2257652, 41.1776812 ], [ 30.2263918, 41.1769838 ], [ 30.2258623, 41.1766716 ], [ 30.2258976, 41.176459 ], [ 30.2262065, 41.1761468 ], [ 30.2269919, 41.1758545 ], [ 30.2273626, 41.1757416 ], [ 30.2278921, 41.1757615 ], [ 30.2279097, 41.1758944 ], [ 30.2280068, 41.1758811 ], [ 30.2280156, 41.1757881 ], [ 30.2284304, 41.1757814 ], [ 30.2286334, 41.175642 ], [ 30.2292865, 41.1755556 ], [ 30.2297278, 41.1757283 ], [ 30.2302573, 41.175715 ], [ 30.2309721, 41.1757349 ], [ 30.2316428, 41.1759741 ], [ 30.2323577, 41.1764989 ], [ 30.2329666, 41.1771033 ], [ 30.2332755, 41.1776215 ], [ 30.2333638, 41.1780466 ], [ 30.2331608, 41.1783588 ], [ 30.2332314, 41.1785647 ], [ 30.2331227, 41.1788698 ], [ 30.2330019, 41.179209 ], [ 30.2325342, 41.1795943 ], [ 30.2317488, 41.1796209 ], [ 30.2313075, 41.1797803 ], [ 30.2308839, 41.179767 ], [ 30.230928, 41.1801257 ], [ 30.2308221, 41.1805973 ], [ 30.2309633, 41.1807833 ], [ 30.2309456, 41.1810888 ], [ 30.2312104, 41.1813213 ], [ 30.2312457, 41.1815803 ], [ 30.2315016, 41.1817132 ], [ 30.2313516, 41.1821582 ], [ 30.2307691, 41.1823508 ], [ 30.2304514, 41.183015 ], [ 30.2308662, 41.1833139 ], [ 30.2307162, 41.1838585 ], [ 30.2303544, 41.1841641 ], [ 30.2300984, 41.184277 ], [ 30.2298601, 41.1841375 ], [ 30.2290482, 41.1842039 ], [ 30.2284128, 41.1837456 ], [ 30.2283245, 41.1837722 ], [ 30.2282275, 41.1839715 ], [ 30.227945, 41.1839449 ], [ 30.2278921, 41.1840512 ], [ 30.2281039, 41.1841973 ], [ 30.2277862, 41.1844364 ], [ 30.2280951, 41.1845692 ], [ 30.2280068, 41.1847153 ], [ 30.2277597, 41.1847618 ], [ 30.2276715, 41.1851404 ], [ 30.2273449, 41.1853928 ], [ 30.2269781, 41.1855448 ], [ 30.2263934, 41.1853932 ], [ 30.226341, 41.185158 ], [ 30.225662, 41.185142 ], [ 30.225322, 41.185133 ], [ 30.224638, 41.185246 ], [ 30.224446, 41.185754 ], [ 30.224425, 41.186267 ], [ 30.224573, 41.186784 ], [ 30.2249427, 41.186863 ], [ 30.225247, 41.186928 ], [ 30.226604, 41.186961 ], [ 30.226944, 41.186969 ], [ 30.227962, 41.186994 ], [ 30.228302, 41.187002 ], [ 30.228641, 41.18701 ], [ 30.228981, 41.187018 ], [ 30.2292616, 41.1870963 ], [ 30.229988, 41.187299 ], [ 30.230662, 41.187444 ], [ 30.230469, 41.187953 ], [ 30.23029, 41.188205 ], [ 30.230624, 41.188341 ], [ 30.230952, 41.188606 ], [ 30.231292, 41.188614 ], [ 30.231642, 41.188366 ], [ 30.23266, 41.18839 ], [ 30.233, 41.188398 ], [ 30.233679, 41.188415 ], [ 30.234007, 41.188679 ], [ 30.235365, 41.188712 ], [ 30.236049, 41.1886 ], [ 30.2360362, 41.1879611 ], [ 30.2363399, 41.1879267 ], [ 30.2365431, 41.1882132 ], [ 30.2367446, 41.1880111 ], [ 30.2368237, 41.1876094 ], [ 30.2374623, 41.1873332 ], [ 30.2388114, 41.1869871 ], [ 30.2397528, 41.1869724 ], [ 30.2406308, 41.1867055 ], [ 30.2414502, 41.186686 ], [ 30.2423212, 41.1868126 ], [ 30.2429935, 41.1867993 ], [ 30.2435867, 41.1869069 ], [ 30.2442677, 41.186921 ], [ 30.2447797, 41.1869415 ], [ 30.2455885, 41.1871526 ], [ 30.2460847, 41.1873296 ], [ 30.2467274, 41.1875579 ], [ 30.2473, 41.187715 ], [ 30.2479926, 41.1878295 ], [ 30.2487083, 41.1880973 ], [ 30.2499377, 41.1884139 ], [ 30.2502311, 41.188629 ], [ 30.2511668, 41.1890939 ], [ 30.251988, 41.189367 ], [ 30.252668, 41.1897974 ], [ 30.2536457, 41.1901261 ], [ 30.2547203, 41.1904983 ], [ 30.255315, 41.1908696 ], [ 30.2559402, 41.1910974 ], [ 30.256312, 41.1914165 ], [ 30.2566915, 41.1916565 ], [ 30.256978, 41.191925 ], [ 30.2573387, 41.1921427 ], [ 30.2579028, 41.1932086 ], [ 30.25809, 41.193748 ], [ 30.2579951, 41.1942192 ], [ 30.257895, 41.194385 ], [ 30.257719, 41.194509 ], [ 30.2576239, 41.1947451 ], [ 30.2579531, 41.1951363 ], [ 30.2583532, 41.195461 ], [ 30.2585482, 41.1956072 ], [ 30.2586457, 41.1957654 ], [ 30.2585925, 41.1957984 ], [ 30.2585812, 41.1958557 ], [ 30.25852, 41.195875 ], [ 30.2585069, 41.1959075 ], [ 30.2583416, 41.1959929 ], [ 30.2583706, 41.1960296 ], [ 30.2587334, 41.1958296 ], [ 30.2591842, 41.1961675 ], [ 30.2595359, 41.1963891 ], [ 30.2599656, 41.1967502 ], [ 30.2603135, 41.1972132 ], [ 30.2605854, 41.1977533 ], [ 30.2609129, 41.1979831 ], [ 30.2610594, 41.1979716 ], [ 30.2613041, 41.1981032 ], [ 30.2613466, 41.1981841 ], [ 30.2612964, 41.1983052 ], [ 30.2613942, 41.1983896 ], [ 30.261925, 41.1989072 ], [ 30.2626407, 41.200032 ], [ 30.2626837, 41.2002677 ], [ 30.2627693, 41.2006003 ], [ 30.2626383, 41.2010515 ], [ 30.2623487, 41.201576 ], [ 30.2623081, 41.2019462 ], [ 30.2623093, 41.2023269 ], [ 30.2623471, 41.2026168 ], [ 30.2624924, 41.2030581 ], [ 30.2626425, 41.2033894 ], [ 30.2628018, 41.203883 ], [ 30.2629204, 41.2041149 ], [ 30.2629631, 41.2043714 ], [ 30.2631992, 41.2044782 ], [ 30.2632654, 41.2045082 ], [ 30.2635142, 41.2048582 ], [ 30.2634456, 41.2049724 ], [ 30.2638793, 41.2059713 ], [ 30.2638732, 41.2061235 ], [ 30.2639602, 41.2062785 ], [ 30.2639598, 41.2064474 ], [ 30.2640017, 41.206588 ], [ 30.2637621, 41.206792 ], [ 30.2637216, 41.2069178 ], [ 30.2635222, 41.2070155 ], [ 30.2635842, 41.2070806 ], [ 30.2635457, 41.2071585 ], [ 30.2634491, 41.2071533 ], [ 30.2632437, 41.2072633 ], [ 30.263348, 41.2072884 ], [ 30.2632347, 41.2074153 ], [ 30.2630891, 41.2074909 ], [ 30.2630587, 41.2075838 ], [ 30.2632129, 41.2075504 ], [ 30.2633565, 41.2074341 ], [ 30.2634764, 41.2073026 ], [ 30.2633547, 41.2075147 ], [ 30.2633298, 41.2076391 ], [ 30.2633003, 41.2077652 ], [ 30.2634453, 41.2077621 ], [ 30.2635821, 41.2076478 ], [ 30.2641609, 41.2074302 ], [ 30.2644531, 41.2072504 ], [ 30.2648161, 41.2072143 ], [ 30.2652304, 41.2072979 ], [ 30.2656043, 41.207588 ], [ 30.2657048, 41.207793 ], [ 30.2659564, 41.2079842 ], [ 30.2660273, 41.2080827 ], [ 30.26581, 41.208306 ], [ 30.2661712, 41.2084508 ], [ 30.2665953, 41.208531 ], [ 30.2671541, 41.2087845 ], [ 30.2677791, 41.2090265 ], [ 30.2681393, 41.2091606 ], [ 30.2682249, 41.2094191 ], [ 30.2691609, 41.2094684 ], [ 30.270177, 41.209565 ], [ 30.2707639, 41.209732 ], [ 30.2709288, 41.2096333 ], [ 30.271098, 41.2092642 ], [ 30.2715381, 41.2089899 ], [ 30.271838, 41.2088834 ], [ 30.2726006, 41.2086829 ], [ 30.273236, 41.2086073 ], [ 30.273789, 41.2084087 ], [ 30.2740433, 41.2078007 ], [ 30.2742772, 41.2073635 ], [ 30.2744741, 41.2070003 ], [ 30.275064, 41.206472 ], [ 30.275409, 41.206352 ], [ 30.2759755, 41.2060091 ], [ 30.276448, 41.205863 ], [ 30.2770993, 41.205429 ], [ 30.278183, 41.205006 ], [ 30.2787648, 41.2046844 ], [ 30.2797192, 41.2041679 ], [ 30.280492, 41.2038745 ], [ 30.2814851, 41.2035899 ], [ 30.2821428, 41.2035585 ], [ 30.2828365, 41.203306 ], [ 30.2836219, 41.2032948 ], [ 30.285744, 41.203002 ], [ 30.2875376, 41.2026131 ], [ 30.2879505, 41.202671 ], [ 30.2885779, 41.2024736 ], [ 30.2894566, 41.202113 ], [ 30.2898423, 41.2018877 ], [ 30.2899812, 41.2018664 ], [ 30.2903017, 41.2018172 ], [ 30.2912208, 41.2016571 ], [ 30.2923659, 41.2012786 ], [ 30.2933202, 41.2010531 ], [ 30.2946282, 41.2005414 ], [ 30.2957567, 41.2005818 ], [ 30.2968135, 41.2004182 ], [ 30.2970727, 41.2004813 ], [ 30.298073, 41.200725 ], [ 30.2994736, 41.2007865 ], [ 30.300789, 41.200789 ], [ 30.302497, 41.200572 ], [ 30.303176, 41.200589 ], [ 30.30385, 41.200733 ], [ 30.303882, 41.199964 ], [ 30.306258, 41.200019 ], [ 30.306417, 41.20028 ], [ 30.306566, 41.200797 ], [ 30.307251, 41.200684 ], [ 30.308269, 41.200708 ], [ 30.308609, 41.200716 ], [ 30.308959, 41.200467 ], [ 30.309977, 41.200491 ], [ 30.310312, 41.200627 ], [ 30.310333, 41.200115 ], [ 30.310677, 41.199994 ], [ 30.311362, 41.199882 ], [ 30.311541, 41.19963 ], [ 30.311733, 41.199121 ], [ 30.312078, 41.199 ], [ 30.312417, 41.199008 ], [ 30.313096, 41.199024 ], [ 30.313775, 41.199039 ], [ 30.314454, 41.199055 ], [ 30.314804, 41.198807 ], [ 30.315144, 41.198815 ], [ 30.316157, 41.198967 ], [ 30.316178, 41.198454 ], [ 30.316523, 41.198334 ], [ 30.317202, 41.198349 ], [ 30.317876, 41.198494 ], [ 30.317716, 41.198233 ], [ 30.317557, 41.197973 ], [ 30.317902, 41.197852 ], [ 30.318581, 41.197868 ], [ 30.31926, 41.197884 ], [ 30.3196, 41.197892 ], [ 30.320608, 41.198172 ], [ 30.321282, 41.198317 ], [ 30.32144, 41.198577 ], [ 30.321759, 41.199098 ], [ 30.321748, 41.199354 ], [ 30.321558, 41.199863 ], [ 30.322232, 41.200007 ], [ 30.322566, 41.200143 ], [ 30.322587, 41.19963 ], [ 30.322922, 41.199766 ], [ 30.323251, 41.20003 ], [ 30.323919, 41.200303 ], [ 30.324133, 41.200524 ], [ 30.324233, 41.200952 ], [ 30.324917, 41.200839 ], [ 30.325257, 41.200847 ], [ 30.325586, 41.201111 ], [ 30.326604, 41.201135 ], [ 30.327962, 41.201167 ], [ 30.328636, 41.201311 ], [ 30.328826, 41.200802 ], [ 30.329017, 41.200293 ], [ 30.329352, 41.200429 ], [ 30.329681, 41.200693 ], [ 30.330355, 41.200838 ], [ 30.330555, 41.200072 ], [ 30.3304786, 41.1999264 ], [ 30.330057, 41.199804 ], [ 30.3297898, 41.1987767 ], [ 30.330201, 41.1972218 ], [ 30.3306591, 41.1966735 ], [ 30.3311171, 41.196227 ], [ 30.3313878, 41.195992 ], [ 30.3317677, 41.1956905 ], [ 30.3321217, 41.195522 ], [ 30.3324913, 41.1952322 ], [ 30.3328608, 41.194911 ], [ 30.3332512, 41.1947074 ], [ 30.3339435, 41.1945546 ], [ 30.334361, 41.194256 ], [ 30.3348752, 41.1940102 ], [ 30.3354061, 41.1937243 ], [ 30.3359526, 41.1934971 ], [ 30.3365668, 41.1931877 ], [ 30.3372435, 41.1929135 ], [ 30.3378837, 41.1927059 ], [ 30.3384042, 41.1925062 ], [ 30.338857, 41.192307 ], [ 30.339542, 41.192194 ], [ 30.340231, 41.191953 ], [ 30.34092, 41.191713 ], [ 30.3415793, 41.1916092 ], [ 30.3423028, 41.1913742 ], [ 30.3432397, 41.1913859 ], [ 30.3436665, 41.1915035 ], [ 30.3436873, 41.1919421 ], [ 30.344274, 41.192817 ], [ 30.345292, 41.19284 ], [ 30.346661, 41.192615 ], [ 30.34734, 41.192631 ], [ 30.348019, 41.192646 ], [ 30.348698, 41.192662 ], [ 30.349085, 41.1928038 ], [ 30.3493921, 41.1926041 ], [ 30.349901, 41.192305 ], [ 30.350251, 41.192056 ], [ 30.350632, 41.191039 ], [ 30.3504019, 41.1905556 ], [ 30.350159, 41.190129 ], [ 30.349994, 41.189997 ], [ 30.3497304, 41.1895685 ], [ 30.3495586, 41.1891102 ], [ 30.350046, 41.188715 ], [ 30.3496732, 41.188319 ], [ 30.3494597, 41.1880918 ], [ 30.350247, 41.18795 ], [ 30.350581, 41.188085 ], [ 30.350916, 41.188221 ], [ 30.350936, 41.187709 ], [ 30.351271, 41.187844 ], [ 30.351945, 41.187988 ], [ 30.351795, 41.187472 ], [ 30.351748, 41.187301 ], [ 30.352315, 41.187227 ], [ 30.352336, 41.186714 ], [ 30.351657, 41.186699 ], [ 30.3515389, 41.1865633 ], [ 30.3514169, 41.1864231 ], [ 30.3517552, 41.1859648 ], [ 30.3523045, 41.1853448 ], [ 30.3531672, 41.1851835 ], [ 30.3530462, 41.1850404 ], [ 30.353305, 41.184864 ], [ 30.3536326, 41.1848088 ], [ 30.3542805, 41.1843926 ], [ 30.3549835, 41.1840907 ], [ 30.3555945, 41.1838497 ], [ 30.3562422, 41.1836087 ], [ 30.3567023, 41.1834037 ], [ 30.3572838, 41.1831544 ], [ 30.3579905, 41.1828857 ], [ 30.3590468, 41.1825034 ], [ 30.3597903, 41.1822375 ], [ 30.3603571, 41.1820298 ], [ 30.3614723, 41.1815256 ], [ 30.3621164, 41.1812486 ], [ 30.362412, 41.18117 ], [ 30.3630071, 41.1808913 ], [ 30.3640818, 41.1804868 ], [ 30.3647884, 41.1801655 ], [ 30.365524, 41.179829 ], [ 30.3671418, 41.1791986 ], [ 30.3676451, 41.1790379 ], [ 30.3701661, 41.1780925 ], [ 30.3717537, 41.1775147 ], [ 30.3725999, 41.1773177 ], [ 30.373952, 41.1768516 ], [ 30.374519, 41.1765758 ], [ 30.3764991, 41.1758076 ], [ 30.3770051, 41.1756763 ], [ 30.378017, 41.1752626 ], [ 30.380381, 41.1745404 ], [ 30.3817243, 41.1740939 ], [ 30.3822652, 41.1741464 ], [ 30.383216, 41.1736868 ], [ 30.3837307, 41.1736277 ], [ 30.3851613, 41.1729514 ], [ 30.385894, 41.1727084 ], [ 30.3862953, 41.1725968 ], [ 30.3880835, 41.1719927 ], [ 30.3905783, 41.1711982 ], [ 30.3924277, 41.1707057 ], [ 30.3939891, 41.1704365 ], [ 30.3954371, 41.1699177 ], [ 30.3959082, 41.1696157 ], [ 30.3981849, 41.1689131 ], [ 30.3987694, 41.1686241 ], [ 30.3993451, 41.1685782 ], [ 30.4005315, 41.1682039 ], [ 30.4011246, 41.1681316 ], [ 30.401648, 41.167869 ], [ 30.4036805, 41.1672386 ], [ 30.4049454, 41.1669168 ], [ 30.4061841, 41.1667461 ], [ 30.4071262, 41.1665162 ], [ 30.4091936, 41.1656954 ], [ 30.4103712, 41.1653802 ], [ 30.4125956, 41.1648023 ], [ 30.4139477, 41.1645199 ], [ 30.4160064, 41.1640405 ], [ 30.4176551, 41.1634232 ], [ 30.4193735, 41.1628716 ], [ 30.4213101, 41.1624644 ], [ 30.4237177, 41.1618733 ], [ 30.4250261, 41.1614202 ], [ 30.4263695, 41.1611181 ], [ 30.4271808, 41.1609605 ], [ 30.4277739, 41.1607766 ], [ 30.4291696, 41.1604942 ], [ 30.4308881, 41.159936 ], [ 30.4321093, 41.1597258 ], [ 30.4338889, 41.1594828 ], [ 30.4345954, 41.1591479 ], [ 30.4360697, 41.1586947 ], [ 30.4375177, 41.1583335 ], [ 30.4378666, 41.1581562 ], [ 30.4389396, 41.1579657 ], [ 30.4393757, 41.1578146 ], [ 30.441321, 41.157368 ], [ 30.4419404, 41.1572564 ], [ 30.4422108, 41.1571316 ], [ 30.4440165, 41.1567047 ], [ 30.4463979, 41.1563632 ], [ 30.4480291, 41.1558837 ], [ 30.4497476, 41.1554108 ], [ 30.4513527, 41.1549773 ], [ 30.4543185, 41.1544716 ], [ 30.4548332, 41.154314 ], [ 30.4560544, 41.1541892 ], [ 30.4580346, 41.153644 ], [ 30.4586627, 41.1533419 ], [ 30.4594565, 41.153158 ], [ 30.4601194, 41.1531252 ], [ 30.4610964, 41.1528197 ], [ 30.4617173, 41.1528486 ], [ 30.4622192, 41.1527382 ], [ 30.4626245, 41.1526023 ], [ 30.4631827, 41.1525629 ], [ 30.4643255, 41.1523133 ], [ 30.4647878, 41.152136 ], [ 30.4653025, 41.1519323 ], [ 30.4660875, 41.1518601 ], [ 30.4667941, 41.1517878 ], [ 30.467396, 41.1515317 ], [ 30.4684079, 41.1512558 ], [ 30.4694896, 41.1511179 ], [ 30.4708766, 41.150796 ], [ 30.471775, 41.1506647 ], [ 30.4724642, 41.1504676 ], [ 30.4729614, 41.150461 ], [ 30.4740343, 41.1500932 ], [ 30.4752468, 41.1499093 ], [ 30.4761366, 41.1496269 ], [ 30.4780993, 41.1493641 ], [ 30.4797131, 41.1492853 ], [ 30.4804284, 41.1491408 ], [ 30.4815798, 41.1488255 ], [ 30.483403, 41.1484642 ], [ 30.4850604, 41.1479781 ], [ 30.4854093, 41.1480307 ], [ 30.4861246, 41.1478533 ], [ 30.4894917, 41.1472293 ], [ 30.4927803, 41.1465527 ], [ 30.493138, 41.1465987 ], [ 30.4948216, 41.1461652 ], [ 30.4979444, 41.1455871 ], [ 30.4992704, 41.1454032 ], [ 30.5009278, 41.1450419 ], [ 30.5030126, 41.1448251 ], [ 30.5054638, 41.1443259 ], [ 30.5074265, 41.1441814 ], [ 30.5094503, 41.1437347 ], [ 30.5115613, 41.1435048 ], [ 30.5130006, 41.1432026 ], [ 30.5145271, 41.1430581 ], [ 30.515382, 41.1428347 ], [ 30.5212439, 41.1418625 ], [ 30.5242011, 41.1415077 ], [ 30.529339, 41.1407523 ], [ 30.5300456, 41.140726 ], [ 30.5329329, 41.1402333 ], [ 30.5342327, 41.1401282 ], [ 30.535262, 41.1398457 ], [ 30.536902, 41.1396749 ], [ 30.5387862, 41.1396486 ], [ 30.5401295, 41.1394581 ], [ 30.541752, 41.1390836 ], [ 30.5429384, 41.1390245 ], [ 30.5435664, 41.138788 ], [ 30.5444213, 41.1387683 ], [ 30.5467417, 41.1384529 ], [ 30.5473523, 41.1382821 ], [ 30.5496378, 41.1380193 ], [ 30.5504752, 41.1378551 ], [ 30.5514347, 41.1378485 ], [ 30.5527781, 41.1375463 ], [ 30.5534934, 41.1376186 ], [ 30.5540342, 41.1374872 ], [ 30.5556829, 41.1374149 ], [ 30.5558661, 41.1375003 ], [ 30.5568867, 41.1372178 ], [ 30.5574711, 41.137231 ], [ 30.5583609, 41.1369551 ], [ 30.5591372, 41.1369485 ], [ 30.5596257, 41.1370076 ], [ 30.5601317, 41.1368696 ], [ 30.5615797, 41.1367448 ], [ 30.563586, 41.1364623 ], [ 30.5645979, 41.1362652 ], [ 30.5653568, 41.1362521 ], [ 30.5662989, 41.1363309 ], [ 30.5678604, 41.136101 ], [ 30.5682529, 41.1359433 ], [ 30.5697097, 41.1357725 ], [ 30.5701895, 41.1356674 ], [ 30.5706867, 41.1357331 ], [ 30.5715852, 41.1356739 ], [ 30.571873, 41.1357396 ], [ 30.5730332, 41.13549 ], [ 30.5756414, 41.1352797 ], [ 30.5769848, 41.1348987 ], [ 30.5783892, 41.134741 ], [ 30.579436, 41.1350104 ], [ 30.5807357, 41.134649 ], [ 30.5818523, 41.1344651 ], [ 30.5827072, 41.1342548 ], [ 30.5830386, 41.134314 ], [ 30.5842599, 41.1341497 ], [ 30.5847484, 41.1342614 ], [ 30.5857341, 41.1339395 ], [ 30.5866936, 41.1339526 ], [ 30.5872955, 41.1338803 ], [ 30.5879759, 41.1338541 ], [ 30.5884295, 41.1337949 ], [ 30.5887959, 41.1338081 ], [ 30.5895199, 41.1334664 ], [ 30.5919188, 41.1333416 ], [ 30.5923637, 41.1332102 ], [ 30.5929394, 41.1331971 ], [ 30.5933058, 41.1332825 ], [ 30.593646, 41.1332168 ], [ 30.5941519, 41.1330131 ], [ 30.5963589, 41.1327437 ], [ 30.5968212, 41.1329474 ], [ 30.5981297, 41.1326583 ], [ 30.5985222, 41.132724 ], [ 30.5994381, 41.1324152 ], [ 30.6003628, 41.132205 ], [ 30.601523, 41.1322444 ], [ 30.6026308, 41.1322772 ], [ 30.6032327, 41.1320736 ], [ 30.6035118, 41.132113 ], [ 30.6037386, 41.1320079 ], [ 30.6058584, 41.1319487 ], [ 30.6090947, 41.1315019 ], [ 30.6096442, 41.1312194 ], [ 30.6118337, 41.1308909 ], [ 30.6142384, 41.1304988 ], [ 30.615844, 41.1305407 ], [ 30.6176172, 41.1302404 ], [ 30.6205289, 41.1298402 ], [ 30.6228851, 41.1293399 ], [ 30.6256106, 41.128978 ], [ 30.626423, 41.1289205 ], [ 30.6282882, 41.1287597 ], [ 30.6302715, 41.1283177 ], [ 30.6329938, 41.1278713 ], [ 30.6339939, 41.1278928 ], [ 30.6352288, 41.12774 ], [ 30.6378518, 41.1274318 ], [ 30.639496, 41.1270888 ], [ 30.6413123, 41.1268918 ], [ 30.643479, 41.1263983 ], [ 30.6452838, 41.126498 ], [ 30.6464324, 41.1264413 ], [ 30.6476103, 41.1267044 ], [ 30.6475637, 41.1276779 ], [ 30.6478427, 41.127761 ], [ 30.6479837, 41.1277891 ], [ 30.6487369, 41.1278995 ], [ 30.6490774, 41.1279469 ], [ 30.6497731, 41.1280438 ], [ 30.6502886, 41.1277423 ], [ 30.6520735, 41.1271326 ], [ 30.6531075, 41.12669 ], [ 30.6545684, 41.1261535 ], [ 30.6568303, 41.1254185 ], [ 30.6582507, 41.1250091 ], [ 30.6592947, 41.1246104 ], [ 30.6611508, 41.1239547 ], [ 30.6616494, 41.123809 ], [ 30.6627427, 41.1235054 ], [ 30.663314, 41.1233327 ], [ 30.6640204, 41.1232275 ], [ 30.6649205, 41.122829 ], [ 30.6655598, 41.1226601 ], [ 30.6664032, 41.1225711 ], [ 30.6679184, 41.1222583 ], [ 30.6693653, 41.1219617 ], [ 30.670176, 41.1218643 ], [ 30.6709244, 41.121959 ], [ 30.6720986, 41.1237015 ], [ 30.6727193, 41.1246226 ], [ 30.6733985, 41.1254734 ], [ 30.6738233, 41.125808 ], [ 30.6743195, 41.1260623 ], [ 30.6749303, 41.1262094 ], [ 30.6755349, 41.1262511 ], [ 30.6761659, 41.1261751 ], [ 30.6841349, 41.124341 ], [ 30.6843669, 41.124265 ], [ 30.6845069, 41.1241032 ], [ 30.6845178, 41.1239509 ], [ 30.6844389, 41.1238072 ], [ 30.6842462, 41.1236997 ], [ 30.6839853, 41.1236838 ], [ 30.6837646, 41.1237764 ], [ 30.6836661, 41.1238935 ], [ 30.6836413, 41.1240472 ], [ 30.6760524, 41.1258556 ], [ 30.6755813, 41.1259177 ], [ 30.6750386, 41.125886 ], [ 30.6745195, 41.1257349 ], [ 30.6740869, 41.1255407 ], [ 30.673707, 41.125269 ], [ 30.6732942, 41.1247298 ], [ 30.6730963, 41.1244714 ], [ 30.6728288, 41.1240711 ], [ 30.6723751, 41.1233921 ], [ 30.672486, 41.1232621 ], [ 30.6727579, 41.1229723 ], [ 30.6728446, 41.123078 ], [ 30.6730828, 41.1229786 ], [ 30.6733668, 41.1228601 ], [ 30.6719322, 41.120986 ], [ 30.6730113, 41.1205016 ], [ 30.6741243, 41.120002 ], [ 30.673988, 41.1198528 ], [ 30.6747218, 41.1194249 ], [ 30.6758193, 41.1189506 ], [ 30.6763445, 41.118672 ], [ 30.6765147, 41.1187058 ], [ 30.6766477, 41.1188828 ], [ 30.6772703, 41.1197055 ], [ 30.6779878, 41.1206535 ], [ 30.6781779, 41.1207151 ], [ 30.6785133, 41.1206902 ], [ 30.678872, 41.120752 ], [ 30.6794938, 41.1215096 ], [ 30.6791447, 41.1216472 ], [ 30.679448, 41.122024 ], [ 30.6798192, 41.1218853 ], [ 30.679944, 41.1220903 ], [ 30.6799224, 41.1222174 ], [ 30.679991, 41.1223197 ], [ 30.6801187, 41.1223779 ], [ 30.6802339, 41.1223788 ], [ 30.6803522, 41.1223089 ], [ 30.6803398, 41.1221687 ], [ 30.6789589, 41.1203558 ], [ 30.6780907, 41.119203 ], [ 30.6782738, 41.1189338 ], [ 30.6787302, 41.1187173 ], [ 30.6794497, 41.118427 ], [ 30.6799938, 41.1190004 ], [ 30.6800558, 41.1192486 ], [ 30.6800837, 41.1193078 ], [ 30.6801383, 41.1193401 ], [ 30.6802373, 41.1193433 ], [ 30.6803158, 41.1192923 ], [ 30.6803191, 41.1192032 ], [ 30.6801625, 41.1188777 ], [ 30.6798451, 41.1185218 ], [ 30.6797541, 41.117621 ], [ 30.680169, 41.1173464 ], [ 30.6807977, 41.1168298 ], [ 30.6811421, 41.1161528 ], [ 30.6821162, 41.1157165 ], [ 30.683346, 41.1147062 ], [ 30.6837822, 41.1146076 ], [ 30.684227, 41.1143776 ], [ 30.6847591, 41.1143053 ], [ 30.6858495, 41.1138518 ], [ 30.6862857, 41.1137926 ], [ 30.6887194, 41.1128791 ], [ 30.6892603, 41.1128463 ], [ 30.6896092, 41.1126097 ], [ 30.690499, 41.1123994 ], [ 30.6911096, 41.112143 ], [ 30.6928455, 41.1116633 ], [ 30.6950437, 41.1109009 ], [ 30.6963173, 41.1104014 ], [ 30.6969017, 41.1103159 ], [ 30.6990163, 41.109298 ], [ 30.6997881, 41.1090032 ], [ 30.6999845, 41.1089232 ], [ 30.7005658, 41.1086835 ], [ 30.701254, 41.1085614 ], [ 30.7019126, 41.1084062 ], [ 30.7025384, 41.1081333 ], [ 30.7030546, 41.1079092 ], [ 30.7040547, 41.1074437 ], [ 30.704709, 41.1072926 ], [ 30.7077446, 41.1062409 ], [ 30.7095939, 41.1052353 ], [ 30.7122981, 41.1043348 ], [ 30.7140776, 41.1036249 ], [ 30.714444, 41.103408 ], [ 30.7156652, 41.1030004 ], [ 30.7161275, 41.1027441 ], [ 30.7166422, 41.1026323 ], [ 30.717299, 41.1023925 ], [ 30.7177762, 41.1022182 ], [ 30.718854, 41.10202 ], [ 30.7197389, 41.1015346 ], [ 30.721405, 41.1009167 ], [ 30.723455, 41.1001016 ], [ 30.7251822, 41.0996415 ], [ 30.725723, 41.0992799 ], [ 30.7272321, 41.0985569 ], [ 30.7293344, 41.0978535 ], [ 30.7319426, 41.0969463 ], [ 30.7326666, 41.0964073 ], [ 30.7336458, 41.0959451 ], [ 30.7339819, 41.0958034 ], [ 30.7352919, 41.094995 ], [ 30.7367163, 41.0944583 ], [ 30.7377362, 41.0940144 ], [ 30.7394418, 41.093206 ], [ 30.7412618, 41.0922518 ], [ 30.741348, 41.0922187 ], [ 30.7426422, 41.0917217 ], [ 30.7434335, 41.0912446 ], [ 30.7436316, 41.0911833 ], [ 30.7445078, 41.0909119 ], [ 30.7446068, 41.0908813 ], [ 30.7447171, 41.0908471 ], [ 30.7448381, 41.0908034 ], [ 30.745359, 41.0906151 ], [ 30.7469152, 41.0902242 ], [ 30.7479439, 41.0897537 ], [ 30.7497638, 41.0888856 ], [ 30.7503881, 41.0885543 ], [ 30.7514783, 41.0880308 ], [ 30.7519179, 41.0877127 ], [ 30.7529554, 41.0871494 ], [ 30.7540456, 41.0868579 ], [ 30.754749, 41.0865 ], [ 30.7553908, 41.0862151 ], [ 30.7569734, 41.0858506 ], [ 30.7578351, 41.0856915 ], [ 30.7587846, 41.0857247 ], [ 30.759277, 41.0857048 ], [ 30.7602969, 41.0858771 ], [ 30.7606573, 41.0859235 ], [ 30.7608859, 41.0861223 ], [ 30.761985, 41.0859235 ], [ 30.7636467, 41.086056 ], [ 30.7643764, 41.0860494 ], [ 30.7649831, 41.0861687 ], [ 30.7657304, 41.0860361 ], [ 30.7665481, 41.0859301 ], [ 30.7671284, 41.0860162 ], [ 30.7677087, 41.0859036 ], [ 30.7682626, 41.0859168 ], [ 30.7692473, 41.0857976 ], [ 30.7701793, 41.0855656 ], [ 30.7717794, 41.0853933 ], [ 30.7725707, 41.0853536 ], [ 30.7732741, 41.0852011 ], [ 30.775182, 41.0849824 ], [ 30.7762107, 41.0849758 ], [ 30.776536, 41.0848963 ], [ 30.7771251, 41.0849029 ], [ 30.7778284, 41.0846776 ], [ 30.7784351, 41.0845981 ], [ 30.7805746, 41.0843738 ], [ 30.7821121, 41.0843357 ], [ 30.7832032, 41.0841306 ], [ 30.7840455, 41.0839568 ], [ 30.7848501, 41.0838719 ], [ 30.7854241, 41.0839244 ], [ 30.7859874, 41.0839163 ], [ 30.7864326, 41.0837263 ], [ 30.7867384, 41.0836373 ], [ 30.7873607, 41.0836009 ], [ 30.7879025, 41.0835807 ], [ 30.7884999, 41.0835657 ], [ 30.7890474, 41.0834683 ], [ 30.7899078, 41.0833923 ], [ 30.7908282, 41.0832415 ], [ 30.7924615, 41.0829144 ], [ 30.793015, 41.0829204 ], [ 30.7936544, 41.0829355 ], [ 30.795013, 41.0829088 ], [ 30.795933, 41.0827397 ], [ 30.7970703, 41.082578 ], [ 30.7983577, 41.0824971 ], [ 30.7989478, 41.0824324 ], [ 30.8004874, 41.08221 ], [ 30.8007449, 41.0821857 ], [ 30.8010936, 41.0821979 ], [ 30.8012438, 41.082214 ], [ 30.8013779, 41.0822302 ], [ 30.8014798, 41.0822626 ], [ 30.8015871, 41.082303 ], [ 30.8016086, 41.0824202 ], [ 30.8015898, 41.0827316 ], [ 30.8016971, 41.0827276 ], [ 30.8019116, 41.0828893 ], [ 30.8020243, 41.0829661 ], [ 30.8024186, 41.0828731 ], [ 30.8025876, 41.0828509 ], [ 30.8027163, 41.0828509 ], [ 30.8027887, 41.0829055 ], [ 30.8028209, 41.082958 ], [ 30.8028424, 41.0829803 ], [ 30.8030623, 41.0829034 ], [ 30.8035424, 41.0828751 ], [ 30.8036792, 41.0828428 ], [ 30.8040762, 41.0828125 ], [ 30.8045724, 41.0826669 ], [ 30.8052859, 41.0825395 ], [ 30.8059457, 41.0825132 ], [ 30.8063346, 41.0825132 ], [ 30.8065438, 41.0825092 ], [ 30.80715, 41.082489 ], [ 30.8077186, 41.0823556 ], [ 30.8086359, 41.0821493 ], [ 30.8096015, 41.082121 ], [ 30.8106476, 41.0819189 ], [ 30.8117205, 41.0817288 ], [ 30.812517, 41.0815323 ], [ 30.8130991, 41.0814013 ], [ 30.8139306, 41.0814296 ], [ 30.814805, 41.0814619 ], [ 30.8152449, 41.0814458 ], [ 30.815572, 41.081562 ], [ 30.817276, 41.081338 ], [ 30.820005, 41.080876 ], [ 30.821701, 41.080908 ], [ 30.823404, 41.080684 ], [ 30.826134, 41.080222 ], [ 30.829533, 41.080029 ], [ 30.830897, 41.079798 ], [ 30.8324686, 41.079458 ], [ 30.8337951, 41.0793835 ], [ 30.8348572, 41.0791207 ], [ 30.837025, 41.079144 ], [ 30.8386583, 41.0789122 ], [ 30.8401735, 41.0787762 ], [ 30.841788, 41.078719 ], [ 30.8436012, 41.0784413 ], [ 30.845194, 41.0783057 ], [ 30.8463632, 41.0781454 ], [ 30.8476693, 41.0781815 ], [ 30.8496335, 41.0779015 ], [ 30.8519119, 41.077807 ], [ 30.8545661, 41.0774101 ], [ 30.8550569, 41.0774607 ], [ 30.8554831, 41.0773198 ], [ 30.8562745, 41.0772401 ], [ 30.857434, 41.077471 ], [ 30.85846, 41.077234 ], [ 30.860163, 41.077009 ], [ 30.86152, 41.077034 ], [ 30.863223, 41.076809 ], [ 30.8661686, 41.076472 ], [ 30.8676847, 41.0764223 ], [ 30.8693798, 41.0763087 ], [ 30.8706228, 41.0762306 ], [ 30.8722708, 41.0760602 ], [ 30.8737681, 41.0759112 ], [ 30.8751147, 41.075897 ], [ 30.876826, 41.075777 ], [ 30.8775592, 41.0757159 ], [ 30.8832228, 41.0752439 ], [ 30.8847954, 41.0750877 ], [ 30.886547, 41.0748747 ], [ 30.8880725, 41.0747682 ], [ 30.8908223, 41.0747185 ], [ 30.891684, 41.074715 ], [ 30.8925032, 41.0745659 ], [ 30.893827, 41.074549 ], [ 30.8953331, 41.0743458 ], [ 30.8969999, 41.0742748 ], [ 30.8985396, 41.0742216 ], [ 30.899945, 41.074147 ], [ 30.902862, 41.0740725 ], [ 30.9047, 41.073977 ], [ 30.9061909, 41.0738169 ], [ 30.9078812, 41.0737318 ], [ 30.9091528, 41.0736551 ], [ 30.9106503, 41.0735206 ], [ 30.9136685, 41.0734022 ], [ 30.915573, 41.073404 ], [ 30.9171867, 41.0732825 ], [ 30.918625, 41.0731742 ], [ 30.919989, 41.073227 ], [ 30.9215833, 41.0731631 ], [ 30.9230944, 41.0730999 ], [ 30.9265347, 41.0729401 ], [ 30.9290224, 41.0729083 ], [ 30.9296157, 41.072784 ], [ 30.9323822, 41.0728441 ], [ 30.935652, 41.0728337 ], [ 30.9362782, 41.0727343 ], [ 30.9367491, 41.0727947 ], [ 30.93738, 41.0726953 ], [ 30.9382087, 41.0726775 ], [ 30.938659, 41.072793 ], [ 30.9389291, 41.0727911 ], [ 30.9395742, 41.0727201 ], [ 30.9437677, 41.0729416 ], [ 30.94611, 41.073182 ], [ 30.9467992, 41.073298 ], [ 30.9476315, 41.0731951 ], [ 30.9493311, 41.0731577 ], [ 30.9497956, 41.0731373 ], [ 30.9509476, 41.0732302 ], [ 30.9513705, 41.0732101 ], [ 30.9522563, 41.0732283 ], [ 30.954117, 41.0729877 ], [ 30.955619, 41.072838 ], [ 30.9590224, 41.0727694 ], [ 30.9604001, 41.0727344 ], [ 30.961052, 41.072678 ], [ 30.9637314, 41.0728243 ], [ 30.9655468, 41.0729149 ], [ 30.96579, 41.0729278 ], [ 30.966464, 41.073159 ], [ 30.9666045, 41.0736026 ], [ 30.9668198, 41.0741945 ], [ 30.9668522, 41.074842 ], [ 30.9667008, 41.0750023 ], [ 30.9668124, 41.0750789 ], [ 30.966995, 41.0750294 ], [ 30.9670608, 41.0748208 ], [ 30.9675331, 41.0748135 ], [ 30.968012, 41.0748324 ], [ 30.9682589, 41.0748245 ], [ 30.9683315, 41.0741643 ], [ 30.9682998, 41.0735957 ], [ 30.9689686, 41.0734579 ], [ 30.969851, 41.073347 ], [ 30.9703876, 41.0731022 ], [ 30.971215, 41.073114 ], [ 30.974274, 41.072911 ], [ 30.97563, 41.072935 ], [ 30.975969, 41.072941 ], [ 30.977333, 41.072708 ], [ 30.97835, 41.072726 ], [ 30.979028, 41.072738 ], [ 30.980392, 41.072505 ], [ 30.980731, 41.072511 ], [ 30.982088, 41.072535 ], [ 30.982427, 41.072541 ], [ 30.982766, 41.072547 ], [ 30.983105, 41.072553 ], [ 30.983783, 41.072564 ], [ 30.988198, 41.072385 ], [ 30.988876, 41.072397 ], [ 30.989893, 41.072415 ], [ 30.99091, 41.072432 ], [ 30.991249, 41.072438 ], [ 30.996004, 41.072264 ], [ 30.996682, 41.072276 ], [ 30.997699, 41.072294 ], [ 30.998716, 41.072312 ], [ 31.000411, 41.072341 ], [ 31.00075, 41.072347 ], [ 31.003463, 41.072394 ], [ 31.003802, 41.0724 ], [ 31.00448, 41.072412 ], [ 31.005497, 41.072429 ], [ 31.006175, 41.072441 ], [ 31.006853, 41.072453 ], [ 31.00787, 41.07247 ], [ 31.011253, 41.072785 ], [ 31.011592, 41.072791 ], [ 31.01227, 41.072803 ], [ 31.014297, 41.073095 ], [ 31.014636, 41.0731 ], [ 31.015314, 41.073112 ], [ 31.01734, 41.073404 ], [ 31.017672, 41.073666 ], [ 31.018685, 41.073812 ], [ 31.018669, 41.074326 ], [ 31.019348, 41.074337 ], [ 31.019493, 41.07511 ], [ 31.019825, 41.075372 ], [ 31.020156, 41.075635 ], [ 31.020303, 41.076407 ], [ 31.0208912, 41.0768422 ], [ 31.021317, 41.076553 ], [ 31.0225053, 41.076448 ], [ 31.0228828, 41.0763033 ], [ 31.0240683, 41.0761131 ], [ 31.0245672, 41.0761455 ], [ 31.02574, 41.076115 ], [ 31.0265189, 41.0762423 ], [ 31.028628, 41.0762142 ], [ 31.0289177, 41.0764043 ], [ 31.0300174, 41.0765014 ], [ 31.0306129, 41.0764731 ], [ 31.0313585, 41.0765337 ], [ 31.0321364, 41.0764488 ], [ 31.033546, 41.075992 ], [ 31.033885, 41.075998 ], [ 31.035241, 41.076021 ], [ 31.0355696, 41.0760889 ], [ 31.0358539, 41.076097 ], [ 31.0362241, 41.0761415 ], [ 31.036594, 41.076173 ], [ 31.0369053, 41.0761415 ], [ 31.0372862, 41.0762749 ], [ 31.0383269, 41.0764165 ], [ 31.0390457, 41.0762668 ], [ 31.0395661, 41.0762547 ], [ 31.0401079, 41.0762668 ], [ 31.041005, 41.076119 ], [ 31.041345, 41.076125 ], [ 31.0424548, 41.076108 ], [ 31.0430985, 41.0762325 ], [ 31.0437817, 41.0761626 ], [ 31.0444104, 41.0761201 ], [ 31.0448674, 41.0761413 ], [ 31.0451485, 41.0761048 ], [ 31.0460346, 41.0761997 ], [ 31.0472512, 41.0762065 ], [ 31.0478041, 41.0766444 ], [ 31.0481304, 41.0767187 ], [ 31.0486722, 41.0765165 ], [ 31.0493619, 41.0764289 ], [ 31.0503995, 41.0765084 ], [ 31.0505658, 41.0766297 ], [ 31.0508126, 41.0767106 ], [ 31.0509628, 41.0765852 ], [ 31.0516358, 41.0766819 ], [ 31.0521162, 41.0770381 ], [ 31.0528784, 41.077378 ], [ 31.053661, 41.0775853 ], [ 31.05416, 41.0779237 ], [ 31.0544938, 41.0781118 ], [ 31.0548949, 41.0781866 ], [ 31.0551497, 41.078131 ], [ 31.0551041, 41.0778671 ], [ 31.0553498, 41.0774995 ], [ 31.0560328, 41.077246 ], [ 31.0568385, 41.0773086 ], [ 31.0582428, 41.0773033 ], [ 31.05895, 41.077322 ], [ 31.0604204, 41.0772815 ], [ 31.061666, 41.077239 ], [ 31.064998, 41.0773809 ], [ 31.0673161, 41.0777584 ], [ 31.0675538, 41.0777971 ], [ 31.069607, 41.0778552 ], [ 31.0709862, 41.0779998 ], [ 31.0718385, 41.0784397 ], [ 31.0732358, 41.0788239 ], [ 31.0735239, 41.0790859 ], [ 31.0738263, 41.0792536 ], [ 31.0743048, 41.0793526 ], [ 31.0748139, 41.0794346 ], [ 31.0751992, 41.079521 ], [ 31.0754731, 41.0794944 ], [ 31.0756713, 41.079521 ], [ 31.0759466, 41.0797836 ], [ 31.0769171, 41.0799546 ], [ 31.0771894, 41.0801518 ], [ 31.0774157, 41.0802081 ], [ 31.0780283, 41.0801372 ], [ 31.0792203, 41.0802271 ], [ 31.0796773, 41.0803908 ], [ 31.0800111, 41.0803985 ], [ 31.0802847, 41.0803176 ], [ 31.0807356, 41.080583 ], [ 31.0807725, 41.080753 ], [ 31.0809338, 41.0808635 ], [ 31.0815346, 41.0810374 ], [ 31.0816903, 41.0811392 ], [ 31.0821135, 41.0812526 ], [ 31.0824348, 41.0814741 ], [ 31.0828419, 41.0815966 ], [ 31.0830313, 41.0818056 ], [ 31.083203, 41.0818744 ], [ 31.0840772, 41.0821324 ], [ 31.0843295, 41.0823151 ], [ 31.08442, 41.082544 ], [ 31.0845213, 41.0825806 ], [ 31.0846753, 41.0828062 ], [ 31.0852058, 41.0828458 ], [ 31.0853326, 41.0831683 ], [ 31.0855619, 41.0832369 ], [ 31.0860246, 41.0831845 ], [ 31.0865074, 41.0832168 ], [ 31.0869104, 41.0833459 ], [ 31.0871888, 41.0834057 ], [ 31.0873293, 41.0832773 ], [ 31.0878132, 41.0833884 ], [ 31.0882814, 41.0835573 ], [ 31.0891467, 41.0836656 ], [ 31.0892206, 41.0839011 ], [ 31.0893206, 41.0840452 ], [ 31.0901102, 41.0844265 ], [ 31.0905173, 41.0846116 ], [ 31.0907078, 41.0848706 ], [ 31.0907131, 41.0849797 ], [ 31.0906214, 41.0849821 ], [ 31.0907817, 41.0853449 ], [ 31.0909545, 41.085287 ], [ 31.0912442, 41.0852951 ], [ 31.091633, 41.08543 ], [ 31.0921535, 41.0857945 ], [ 31.0918921, 41.0861516 ], [ 31.0918499, 41.0864797 ], [ 31.0923493, 41.0867264 ], [ 31.0930011, 41.0866597 ], [ 31.0935187, 41.0864818 ], [ 31.0942175, 41.0866161 ], [ 31.0952405, 41.0867474 ], [ 31.0954319, 41.0867936 ], [ 31.0954799, 41.0869293 ], [ 31.0957063, 41.0868692 ], [ 31.0959072, 41.0873014 ], [ 31.096217, 41.0871874 ], [ 31.0963994, 41.0869973 ], [ 31.0965013, 41.0869852 ], [ 31.0965175, 41.087092 ], [ 31.0971451, 41.0870337 ], [ 31.0980977, 41.0869917 ], [ 31.0984753, 41.087124 ], [ 31.0987339, 41.0870684 ], [ 31.0996098, 41.0872413 ], [ 31.0997137, 41.0873959 ], [ 31.1005677, 41.0875313 ], [ 31.1007017, 41.0876766 ], [ 31.1010879, 41.0878262 ], [ 31.1013186, 41.0878262 ], [ 31.1014673, 41.0877245 ], [ 31.1026177, 41.087705 ], [ 31.1045192, 41.0875199 ], [ 31.1056446, 41.0877835 ], [ 31.1058221, 41.0880353 ], [ 31.1060768, 41.0881011 ], [ 31.1062785, 41.0880647 ], [ 31.1066884, 41.088279 ], [ 31.1067206, 41.0884205 ], [ 31.1068922, 41.0883356 ], [ 31.1074119, 41.0885358 ], [ 31.1077975, 41.0887857 ], [ 31.1080233, 41.0887464 ], [ 31.108185, 41.0889057 ], [ 31.1088621, 41.0891282 ], [ 31.1092848, 41.0891968 ], [ 31.109377, 41.0890687 ], [ 31.1104411, 41.0893884 ], [ 31.1109516, 41.0891965 ], [ 31.1116719, 41.0892009 ], [ 31.1118858, 41.0892989 ], [ 31.1124042, 41.0892429 ], [ 31.1127394, 41.0893949 ], [ 31.1131502, 41.0892664 ], [ 31.1133931, 41.0892146 ], [ 31.1137631, 41.0891713 ], [ 31.114248, 41.08915 ], [ 31.114587, 41.089156 ], [ 31.115265, 41.089167 ], [ 31.115604, 41.089172 ], [ 31.115944, 41.089178 ], [ 31.1166537, 41.0893542 ], [ 31.1172295, 41.0896309 ], [ 31.1174553, 41.0896927 ], [ 31.1177362, 41.0897582 ], [ 31.1183774, 41.0896092 ], [ 31.1189884, 41.0895437 ], [ 31.1196388, 41.0895743 ], [ 31.1197896, 41.0896001 ], [ 31.1198828, 41.0896969 ], [ 31.1199673, 41.0901494 ], [ 31.1199316, 41.0904874 ], [ 31.1201104, 41.0906467 ], [ 31.120314, 41.0905229 ], [ 31.1204441, 41.090431 ], [ 31.120597, 41.0904219 ], [ 31.1206332, 41.0903521 ], [ 31.1206198, 41.0902238 ], [ 31.1205487, 41.0902278 ], [ 31.120546, 41.0902096 ], [ 31.1202905, 41.0902116 ], [ 31.1202121, 41.0896385 ], [ 31.1207955, 41.0895819 ], [ 31.120824, 41.0897138 ], [ 31.120947, 41.0897052 ], [ 31.1209658, 41.089587 ], [ 31.1210017, 41.0895921 ], [ 31.1222943, 41.0897754 ], [ 31.1223719, 41.0897593 ], [ 31.1222425, 41.0902222 ], [ 31.122323, 41.0902344 ], [ 31.1223786, 41.0900135 ], [ 31.1229729, 41.0901205 ], [ 31.1227785, 41.0908129 ], [ 31.1221268, 41.0912128 ], [ 31.1221268, 41.0912367 ], [ 31.1219414, 41.0912456 ], [ 31.1219414, 41.0912163 ], [ 31.1212132, 41.0912215 ], [ 31.1212121, 41.0913058 ], [ 31.1203609, 41.0913265 ], [ 31.1201893, 41.0913315 ], [ 31.1201316, 41.0912658 ], [ 31.1200592, 41.0912325 ], [ 31.1199827, 41.0911981 ], [ 31.1198406, 41.0912082 ], [ 31.1197293, 41.0912123 ], [ 31.1196823, 41.0912416 ], [ 31.1196315, 41.0913122 ], [ 31.1196019, 41.0913922 ], [ 31.1196126, 41.0914842 ], [ 31.1196367, 41.0915681 ], [ 31.1196904, 41.0916247 ], [ 31.1197445, 41.0916911 ], [ 31.1197789, 41.0917672 ], [ 31.1197896, 41.0918632 ], [ 31.1197521, 41.0919087 ], [ 31.1196636, 41.0919825 ], [ 31.119571, 41.0920704 ], [ 31.1194772, 41.0921411 ], [ 31.1194773, 41.0922153 ], [ 31.1195281, 41.0922887 ], [ 31.1195979, 41.0923473 ], [ 31.1197105, 41.0923665 ], [ 31.1198875, 41.0923261 ], [ 31.1199921, 41.0922725 ], [ 31.1200069, 41.0922078 ], [ 31.1201061, 41.0921128 ], [ 31.1202054, 41.0920552 ], [ 31.1202268, 41.0919693 ], [ 31.1202832, 41.0919461 ], [ 31.1203592, 41.0918901 ], [ 31.120619, 41.091821 ], [ 31.1207794, 41.0916479 ], [ 31.1207995, 41.0915782 ], [ 31.1209985, 41.0916044 ], [ 31.1222787, 41.0915964 ], [ 31.1225483, 41.0915307 ], [ 31.1229174, 41.0913855 ], [ 31.1230928, 41.0912335 ], [ 31.1232373, 41.0911007 ], [ 31.1233073, 41.0909747 ], [ 31.1233902, 41.0907163 ], [ 31.1234884, 41.09072 ], [ 31.1235166, 41.0906887 ], [ 31.1235917, 41.0906523 ], [ 31.1236252, 41.0903996 ], [ 31.1238166, 41.0903284 ], [ 31.1240502, 41.0902636 ], [ 31.1245774, 41.0901752 ], [ 31.1248379, 41.0901537 ], [ 31.1252103, 41.0900934 ], [ 31.125728, 41.0900792 ], [ 31.1262739, 41.0900651 ], [ 31.1266471, 41.0900814 ], [ 31.1267474, 41.0900844 ], [ 31.1268479, 41.0900843 ], [ 31.1271603, 41.0900873 ], [ 31.1274916, 41.0900742 ], [ 31.127804, 41.0900437 ], [ 31.1281595, 41.0900428 ], [ 31.1284572, 41.090063 ], [ 31.1287717, 41.0900921 ], [ 31.1293394, 41.0900757 ], [ 31.1310208, 41.0901505 ], [ 31.1322174, 41.0903997 ], [ 31.1337022, 41.090594 ], [ 31.1346967, 41.090605 ], [ 31.1352637, 41.0905553 ], [ 31.1353773, 41.0904583 ], [ 31.1359099, 41.0904202 ], [ 31.1371339, 41.0904884 ], [ 31.1388646, 41.0905677 ], [ 31.1412253, 41.0907274 ], [ 31.1417502, 41.0907895 ], [ 31.1424748, 41.0907503 ], [ 31.1438787, 41.0909218 ], [ 31.1444772, 41.0909528 ], [ 31.1457373, 41.0910384 ], [ 31.1459859, 41.0910553 ], [ 31.1466383, 41.0910964 ], [ 31.1469706, 41.0911927 ], [ 31.1474487, 41.0913042 ], [ 31.1480468, 41.0914657 ], [ 31.1486187, 41.0915158 ], [ 31.1501477, 41.0916905 ], [ 31.1515982, 41.0916964 ], [ 31.152183, 41.091562 ], [ 31.1532, 41.091578 ], [ 31.1552095, 41.0919768 ], [ 31.1556011, 41.0924084 ], [ 31.155896, 41.092264 ], [ 31.156574, 41.092275 ], [ 31.157817, 41.0921415 ], [ 31.159291, 41.092189 ], [ 31.15963, 41.092195 ], [ 31.1612586, 41.0924708 ], [ 31.162034, 41.092516 ], [ 31.1630714, 41.0928023 ], [ 31.1637369, 41.0929071 ], [ 31.165597, 41.0929956 ], [ 31.1659183, 41.0929274 ], [ 31.1673324, 41.0929577 ], [ 31.1686718, 41.0930918 ], [ 31.1700557, 41.0932358 ], [ 31.1712292, 41.0934606 ], [ 31.1727121, 41.0936145 ], [ 31.1732629, 41.0935208 ], [ 31.1779448, 41.0939354 ], [ 31.1835142, 41.0943614 ], [ 31.183809, 41.0945685 ], [ 31.1843433, 41.094654 ], [ 31.1847241, 41.0944821 ], [ 31.1858877, 41.0946606 ], [ 31.1870379, 41.0947352 ], [ 31.1893551, 41.0949854 ], [ 31.1975372, 41.0958501 ], [ 31.198891, 41.0960091 ], [ 31.2005905, 41.0962215 ], [ 31.2030889, 41.096481 ], [ 31.2057041, 41.0968984 ], [ 31.2074849, 41.0970178 ], [ 31.2098998, 41.0973691 ], [ 31.212324, 41.0977626 ], [ 31.2164359, 41.0983458 ], [ 31.2168275, 41.0984512 ], [ 31.2182361, 41.0986281 ], [ 31.2187855, 41.0986971 ], [ 31.2211444, 41.0991327 ], [ 31.224184, 41.0995262 ], [ 31.2264124, 41.0998775 ], [ 31.2286502, 41.1003061 ], [ 31.231149, 41.1006153 ], [ 31.232818, 41.1009104 ], [ 31.2349718, 41.1012125 ], [ 31.237051, 41.101627 ], [ 31.2384496, 41.101887 ], [ 31.2385619, 41.1019228 ], [ 31.2387566, 41.1020283 ], [ 31.2390028, 41.102069 ], [ 31.2401093, 41.1022594 ], [ 31.2416782, 41.1025271 ], [ 31.2423383, 41.1027435 ], [ 31.24313, 41.1028985 ], [ 31.2437771, 41.103043 ], [ 31.2443698, 41.1030587 ], [ 31.2457993, 41.1032899 ], [ 31.2468732, 41.1035264 ], [ 31.247445, 41.1035789 ], [ 31.2484212, 41.1037681 ], [ 31.2491046, 41.1038942 ], [ 31.2499025, 41.1040356 ], [ 31.2500529, 41.1040623 ], [ 31.250813, 41.104241 ], [ 31.2512035, 41.1043881 ], [ 31.2517404, 41.1043671 ], [ 31.252891, 41.1046823 ], [ 31.2538324, 41.1050606 ], [ 31.2545297, 41.105502 ], [ 31.2553316, 41.1056701 ], [ 31.2558127, 41.105833 ], [ 31.2563288, 41.1060222 ], [ 31.2575979, 41.1063479 ], [ 31.2584765, 41.1067 ], [ 31.2587275, 41.1068155 ], [ 31.2589716, 41.1070362 ], [ 31.2593133, 41.1071045 ], [ 31.2597665, 41.1071045 ], [ 31.2602337, 41.1071781 ], [ 31.2623326, 41.1075879 ], [ 31.2644804, 41.1080713 ], [ 31.2648848, 41.1082079 ], [ 31.2654078, 41.1082709 ], [ 31.2657634, 41.1084285 ], [ 31.2667675, 41.1085441 ], [ 31.267165, 41.1087018 ], [ 31.267953, 41.1088384 ], [ 31.2698148, 41.1093217 ], [ 31.270798, 41.1096002 ], [ 31.2722903, 41.11001 ], [ 31.2732107, 41.1102359 ], [ 31.2741172, 41.1104461 ], [ 31.2745496, 41.1105459 ], [ 31.2758605, 41.1109662 ], [ 31.2774922, 41.111397 ], [ 31.279103, 41.1118278 ], [ 31.2809509, 41.1122639 ], [ 31.2822758, 41.1125738 ], [ 31.2828409, 41.1127282 ], [ 31.2944834, 41.1162043 ], [ 31.2960866, 41.1166983 ], [ 31.2974158, 41.1170741 ], [ 31.2980883, 41.1173832 ], [ 31.2994749, 41.1178347 ], [ 31.2997715, 41.1179712 ], [ 31.3000207, 41.1180715 ], [ 31.3004319, 41.1182397 ], [ 31.301068, 41.1183862 ], [ 31.3019318, 41.1186787 ], [ 31.3027921, 41.1189442 ], [ 31.3035598, 41.1193875 ], [ 31.3042318, 41.1196535 ], [ 31.3049038, 41.1199205 ], [ 31.3059148, 41.1201925 ], [ 31.3071344, 41.120593 ], [ 31.3078552, 41.1208836 ], [ 31.3089211, 41.1212507 ], [ 31.3094794, 41.1215107 ], [ 31.310058, 41.1218166 ], [ 31.3110833, 41.1222601 ], [ 31.3117026, 41.1225354 ], [ 31.3125655, 41.1231013 ], [ 31.3131136, 41.1235066 ], [ 31.3142912, 41.1239119 ], [ 31.3151642, 41.1243707 ], [ 31.3156718, 41.124539 ], [ 31.3164433, 41.1249137 ], [ 31.3166768, 41.1251813 ], [ 31.3176006, 41.125403 ], [ 31.3183619, 41.1258542 ], [ 31.3188797, 41.1264201 ], [ 31.319235, 41.1266112 ], [ 31.3199963, 41.1268942 ], [ 31.3207069, 41.1271159 ], [ 31.3226459, 41.127957 ], [ 31.3237219, 41.1284005 ], [ 31.3250315, 41.1290046 ], [ 31.3253259, 41.1291728 ], [ 31.3255187, 41.129471 ], [ 31.3263918, 41.1298763 ], [ 31.3271633, 41.130358 ], [ 31.3273765, 41.1306333 ], [ 31.3281784, 41.1311073 ], [ 31.3288078, 41.1314896 ], [ 31.3294067, 41.1318337 ], [ 31.3303407, 41.1321778 ], [ 31.3314066, 41.1326977 ], [ 31.3322898, 41.1331106 ], [ 31.3326248, 41.1332864 ], [ 31.3338328, 41.1338369 ], [ 31.3345738, 41.1342498 ], [ 31.3350002, 41.1344333 ], [ 31.3353048, 41.134678 ], [ 31.3361676, 41.1350603 ], [ 31.336594, 41.1352132 ], [ 31.3371726, 41.1356031 ], [ 31.3381472, 41.1360007 ], [ 31.3389999, 41.1364976 ], [ 31.3398932, 41.1369564 ], [ 31.3400658, 41.1371857 ], [ 31.3410403, 41.137698 ], [ 31.341822, 41.138302 ], [ 31.3420859, 41.1386292 ], [ 31.3425407, 41.1392653 ], [ 31.3425651, 41.1395711 ], [ 31.3423864, 41.1400726 ], [ 31.3421915, 41.1404029 ], [ 31.3422901, 41.1406858 ], [ 31.3413057, 41.1408676 ], [ 31.3413676, 41.1411326 ], [ 31.3418582, 41.1413948 ], [ 31.3417943, 41.1417621 ], [ 31.3415112, 41.1421767 ], [ 31.3409995, 41.1422801 ], [ 31.3408747, 41.1426748 ], [ 31.3412366, 41.1433609 ], [ 31.3417608, 41.1434737 ], [ 31.3424597, 41.1432763 ], [ 31.3432709, 41.142891 ], [ 31.343545, 41.1428813 ], [ 31.3441642, 41.1434069 ], [ 31.34429, 41.1438064 ], [ 31.3448661, 41.1442008 ], [ 31.3453457, 41.1447864 ], [ 31.3455478, 41.1452477 ], [ 31.3456851, 41.1455076 ], [ 31.3457287, 41.1459128 ], [ 31.3457013, 41.1463181 ], [ 31.3452544, 41.1468057 ], [ 31.3456557, 41.1475818 ], [ 31.3456284, 41.148612 ], [ 31.3453547, 41.1489967 ], [ 31.3450902, 41.149395 ], [ 31.3451632, 41.1499238 ], [ 31.3450811, 41.1504183 ], [ 31.3450994, 41.1508853 ], [ 31.3450902, 41.1512562 ], [ 31.3451176, 41.1516683 ], [ 31.3449625, 41.1526023 ], [ 31.3450811, 41.1533577 ], [ 31.3458564, 41.1545664 ], [ 31.3477444, 41.155521 ], [ 31.3490054, 41.1560223 ], [ 31.349295, 41.1561253 ], [ 31.3505445, 41.1567365 ], [ 31.3510827, 41.157382 ], [ 31.351712, 41.1584121 ], [ 31.3520768, 41.1587279 ], [ 31.3529433, 41.1590438 ], [ 31.3537368, 41.1593391 ], [ 31.3547766, 41.1599022 ], [ 31.3553695, 41.1605271 ], [ 31.3557708, 41.1612344 ], [ 31.3564001, 41.1614747 ], [ 31.3580966, 41.162436 ], [ 31.3580237, 41.1625596 ], [ 31.3593462, 41.1633356 ], [ 31.3605684, 41.1643037 ], [ 31.3612889, 41.165114 ], [ 31.3618088, 41.1662675 ], [ 31.3622466, 41.1668649 ], [ 31.362876, 41.1673455 ], [ 31.3641347, 41.1680184 ], [ 31.364837, 41.1686775 ], [ 31.3659862, 41.1690345 ], [ 31.3665061, 41.1694122 ], [ 31.3670077, 41.1701056 ], [ 31.3677921, 41.1702773 ], [ 31.3685309, 41.1705794 ], [ 31.3693427, 41.1710325 ], [ 31.3701636, 41.1714994 ], [ 31.3701636, 41.1718015 ], [ 31.3716993, 41.1726858 ], [ 31.3745048, 41.1742927 ], [ 31.3764203, 41.1753947 ], [ 31.378368, 41.1766666 ], [ 31.3790258, 41.177118 ], [ 31.3810445, 41.1788122 ], [ 31.3824956, 41.1802102 ], [ 31.382773, 41.1807004 ], [ 31.3827547, 41.1809826 ], [ 31.3827325, 41.181317 ], [ 31.3827197, 41.1814167 ], [ 31.3826603, 41.181581 ], [ 31.3826215, 41.181688 ], [ 31.3825899, 41.1817753 ], [ 31.3824289, 41.1822203 ], [ 31.3824233, 41.1836872 ], [ 31.382391, 41.1847017 ], [ 31.3822169, 41.1851094 ], [ 31.382262, 41.1854637 ], [ 31.382462, 41.1858278 ], [ 31.3825329, 41.186153 ], [ 31.3829521, 41.1867811 ], [ 31.3829795, 41.1873577 ], [ 31.3831619, 41.1878862 ], [ 31.3839737, 41.1890531 ], [ 31.3846577, 41.1897669 ], [ 31.3849496, 41.1901856 ], [ 31.3850134, 41.1905219 ], [ 31.3847581, 41.1907004 ], [ 31.3847581, 41.1910298 ], [ 31.3850591, 41.1914691 ], [ 31.3840922, 41.1922378 ], [ 31.3837548, 41.1926633 ], [ 31.3836271, 41.1932124 ], [ 31.3837456, 41.1936929 ], [ 31.3841561, 41.1941527 ], [ 31.3870109, 41.1964038 ], [ 31.3872663, 41.1964313 ], [ 31.3874305, 41.1963215 ], [ 31.3874852, 41.195992 ], [ 31.3873849, 41.1958479 ], [ 31.3872025, 41.1958067 ], [ 31.3869471, 41.1958067 ], [ 31.3843659, 41.1938027 ], [ 31.3841287, 41.1934526 ], [ 31.3840649, 41.1931781 ], [ 31.3841561, 41.1928075 ], [ 31.3843567, 41.1929516 ], [ 31.3864272, 41.191421 ], [ 31.3874214, 41.1922172 ], [ 31.3877224, 41.1934938 ], [ 31.3870109, 41.1940635 ], [ 31.3871386, 41.1941733 ], [ 31.3869106, 41.1943174 ], [ 31.3866735, 41.1944135 ], [ 31.3867555, 41.1945508 ], [ 31.3869836, 41.1945439 ], [ 31.3881784, 41.193686 ], [ 31.3882605, 41.1935419 ], [ 31.3886344, 41.1933977 ], [ 31.3889993, 41.1934252 ], [ 31.4060719, 41.2084544 ], [ 31.4070456, 41.2097996 ], [ 31.4076555, 41.2103705 ], [ 31.4082646, 41.2113177 ], [ 31.4082707, 41.2113291 ], [ 31.4084422, 41.2116474 ], [ 31.4086881, 41.2121039 ], [ 31.408708, 41.2121407 ], [ 31.408916, 41.2123061 ], [ 31.4094576, 41.2131407 ], [ 31.409711, 41.2137585 ], [ 31.4097896, 41.2143499 ], [ 31.4100429, 41.2149873 ], [ 31.4101128, 41.2159665 ], [ 31.4101753, 41.2161475 ], [ 31.4102186, 41.2162729 ], [ 31.4102267, 41.2165257 ], [ 31.4101704, 41.2165701 ], [ 31.4101895, 41.2168926 ], [ 31.410279, 41.2169201 ], [ 31.4102808, 41.2176294 ], [ 31.4102897, 41.2179542 ], [ 31.4102917, 41.2183042 ], [ 31.4102213, 41.2183355 ], [ 31.41022, 41.2185887 ], [ 31.409988, 41.2192121 ], [ 31.4098607, 41.2197246 ], [ 31.4097546, 41.2199404 ], [ 31.4096244, 41.2200107 ], [ 31.4094215, 41.2201769 ], [ 31.4091868, 41.2203034 ], [ 31.4088985, 41.2203165 ], [ 31.408488, 41.2202574 ], [ 31.4079988, 41.2203888 ], [ 31.4075707, 41.2207765 ], [ 31.4070291, 41.2211313 ], [ 31.4060245, 41.2215979 ], [ 31.4059579, 41.2215954 ], [ 31.4055003, 41.2215782 ], [ 31.4048364, 41.2219724 ], [ 31.4042336, 41.2223995 ], [ 31.4034037, 41.2231683 ], [ 31.4025303, 41.2229449 ], [ 31.4023119, 41.2229383 ], [ 31.4023904, 41.2231748 ], [ 31.402801, 41.2235559 ], [ 31.4029407, 41.2238779 ], [ 31.4026962, 41.2241341 ], [ 31.4020324, 41.2259012 ], [ 31.4016568, 41.226355 ], [ 31.4015345, 41.2267558 ], [ 31.4018054, 41.2271566 ], [ 31.4011853, 41.2271633 ], [ 31.4011354, 41.2278773 ], [ 31.4008559, 41.2284225 ], [ 31.4009957, 41.2290662 ], [ 31.4015372, 41.2292239 ], [ 31.4015547, 41.2295457 ], [ 31.4014673, 41.2297493 ], [ 31.4014673, 41.2300778 ], [ 31.4002358, 41.2301435 ], [ 31.4002445, 41.2302814 ], [ 31.4023233, 41.2302486 ], [ 31.4024805, 41.2306952 ], [ 31.4022097, 41.2308989 ], [ 31.4007686, 41.2309383 ], [ 31.4005939, 41.2308397 ], [ 31.3999301, 41.2308266 ], [ 31.3995546, 41.2309974 ], [ 31.3997467, 41.2319695 ], [ 31.3999127, 41.2320089 ], [ 31.3998777, 41.2322191 ], [ 31.3996768, 41.2323768 ], [ 31.399738, 41.2332175 ], [ 31.3994148, 41.23327 ], [ 31.398751, 41.2340911 ], [ 31.3984977, 41.2348793 ], [ 31.398655, 41.235096 ], [ 31.3985676, 41.2357331 ], [ 31.3986025, 41.2363111 ], [ 31.3982881, 41.238623 ], [ 31.3983842, 41.2388266 ], [ 31.39862, 41.238912 ], [ 31.3988384, 41.2388463 ], [ 31.398882, 41.2386821 ], [ 31.3987423, 41.2384654 ], [ 31.3989868, 41.2364819 ], [ 31.3991353, 41.2361469 ], [ 31.3992052, 41.2356017 ], [ 31.3993973, 41.2355623 ], [ 31.3993886, 41.2349515 ], [ 31.3992052, 41.2349449 ], [ 31.3992052, 41.2346888 ], [ 31.3993013, 41.2346888 ], [ 31.39931, 41.2344852 ], [ 31.3991703, 41.2344852 ], [ 31.3991615, 41.2343341 ], [ 31.3993013, 41.2343407 ], [ 31.3993013, 41.2341108 ], [ 31.3991528, 41.2341305 ], [ 31.3994235, 41.2337298 ], [ 31.399834, 41.233743 ], [ 31.3999738, 41.2338743 ], [ 31.400262, 41.2339926 ], [ 31.4003144, 41.2342553 ], [ 31.4001834, 41.2342421 ], [ 31.4002271, 41.2362585 ], [ 31.4004018, 41.2362585 ], [ 31.4004542, 41.2363636 ], [ 31.4010568, 41.236403 ], [ 31.4011005, 41.2363308 ], [ 31.40138, 41.2363768 ], [ 31.4013974, 41.2361535 ], [ 31.4017468, 41.2361797 ], [ 31.4018953, 41.2363899 ], [ 31.4020525, 41.2364425 ], [ 31.402166, 41.2362257 ], [ 31.4024281, 41.2362388 ], [ 31.402463, 41.2363768 ], [ 31.4028036, 41.2363833 ], [ 31.4027949, 41.236541 ], [ 31.4028735, 41.2366329 ], [ 31.4030482, 41.2366264 ], [ 31.4030482, 41.2365147 ], [ 31.4032054, 41.2363833 ], [ 31.4035285, 41.2364622 ], [ 31.403546, 41.2383143 ], [ 31.4037294, 41.2393257 ], [ 31.403808, 41.2400547 ], [ 31.4038866, 41.2403437 ], [ 31.4036421, 41.2402846 ], [ 31.4034849, 41.2403634 ], [ 31.4035111, 41.2406524 ], [ 31.4033713, 41.2406392 ], [ 31.4031967, 41.2404488 ], [ 31.40276, 41.2406787 ], [ 31.4020001, 41.2406721 ], [ 31.4017905, 41.2404488 ], [ 31.4013712, 41.2405276 ], [ 31.401511, 41.2407246 ], [ 31.4014935, 41.2409545 ], [ 31.4015896, 41.2418083 ], [ 31.4017119, 41.2418148 ], [ 31.401773, 41.2423534 ], [ 31.4009433, 41.2424125 ], [ 31.4006463, 41.2404619 ], [ 31.4004629, 41.2404159 ], [ 31.4002445, 41.2406392 ], [ 31.3999913, 41.2422942 ], [ 31.3998865, 41.2425504 ], [ 31.3996681, 41.2426949 ], [ 31.3986462, 41.2430298 ], [ 31.3983667, 41.2429707 ], [ 31.3951177, 41.2394177 ], [ 31.3950653, 41.2388266 ], [ 31.3951351, 41.2387281 ], [ 31.3952923, 41.2386952 ], [ 31.3953185, 41.2385179 ], [ 31.3952923, 41.2383865 ], [ 31.3950827, 41.2383077 ], [ 31.3948906, 41.2383012 ], [ 31.3946198, 41.2384719 ], [ 31.3946373, 41.2393717 ], [ 31.3947508, 41.239595 ], [ 31.3980261, 41.2431874 ], [ 31.3984017, 41.2433187 ], [ 31.3987074, 41.2433319 ], [ 31.3998515, 41.2430298 ], [ 31.4000699, 41.2432925 ], [ 31.4007773, 41.2435617 ], [ 31.4025241, 41.2438113 ], [ 31.4034562, 41.2438098 ], [ 31.4037881, 41.2442302 ], [ 31.4038741, 41.2445057 ], [ 31.4039541, 41.2447622 ], [ 31.4027425, 41.2458602 ], [ 31.4032665, 41.2463528 ], [ 31.403415, 41.2467074 ], [ 31.4036945, 41.2467336 ], [ 31.4039041, 41.2469504 ], [ 31.4042884, 41.2469635 ], [ 31.4047775, 41.2471671 ], [ 31.4054238, 41.24785 ], [ 31.4057894, 41.2479929 ], [ 31.4055082, 41.248312 ], [ 31.4053981, 41.2487237 ], [ 31.4051956, 41.2487795 ], [ 31.4049676, 41.2488118 ], [ 31.404796, 41.2488278 ], [ 31.4045898, 41.2488734 ], [ 31.4044107, 41.248883 ], [ 31.4042277, 41.2489032 ], [ 31.4040187, 41.2489737 ], [ 31.4038431, 41.2490326 ], [ 31.4034906, 41.2491873 ], [ 31.4032541, 41.2493409 ], [ 31.4031058, 41.2495906 ], [ 31.4030149, 41.2496047 ], [ 31.4028709, 41.2497619 ], [ 31.4027934, 41.2500345 ], [ 31.402695, 41.2503519 ], [ 31.4026045, 41.2507807 ], [ 31.4025021, 41.2511638 ], [ 31.4024531, 41.2515823 ], [ 31.4025106, 41.2519445 ], [ 31.4025746, 41.2523032 ], [ 31.4026442, 41.252657 ], [ 31.4027124, 41.2531111 ], [ 31.402844, 41.2536204 ], [ 31.4029147, 41.2540965 ], [ 31.4029849, 41.254546 ], [ 31.4030584, 41.2548985 ], [ 31.4030985, 41.2552824 ], [ 31.4031538, 41.2555232 ], [ 31.4039827, 41.2600106 ], [ 31.4042709, 41.2615864 ], [ 31.4045592, 41.2621313 ], [ 31.4052361, 41.2627792 ], [ 31.4058475, 41.2631337 ], [ 31.4064326, 41.2633307 ], [ 31.4065628, 41.263515 ], [ 31.4065483, 41.2637195 ], [ 31.4036722, 41.2687623 ], [ 31.4033195, 41.2696131 ], [ 31.4032189, 41.2703068 ], [ 31.4031636, 41.2726045 ], [ 31.4030579, 41.272992 ], [ 31.403048, 41.2731996 ], [ 31.4031261, 41.2733272 ], [ 31.4032816, 41.2734127 ], [ 31.4034719, 41.2734004 ], [ 31.4035941, 41.2733298 ], [ 31.4036521, 41.273196 ], [ 31.4036478, 41.2730587 ], [ 31.4034844, 41.2729033 ], [ 31.403593, 41.2702314 ], [ 31.4037046, 41.2696272 ], [ 31.4041298, 41.2686605 ], [ 31.4041973, 41.2685415 ], [ 31.4042062, 41.2685258 ], [ 31.4042471, 41.2684537 ], [ 31.4047399, 41.2675846 ], [ 31.4047811, 41.2675119 ], [ 31.4047939, 41.2674894 ], [ 31.4053522, 41.2665047 ], [ 31.4053872, 41.2664429 ], [ 31.4071016, 41.2634193 ], [ 31.4080503, 41.2637404 ], [ 31.4082719, 41.2639221 ], [ 31.4081407, 41.2641634 ], [ 31.4116399, 41.2652956 ], [ 31.4118342, 41.2650325 ], [ 31.4133423, 41.2654711 ], [ 31.4102903, 41.270839 ], [ 31.4103777, 41.2709613 ], [ 31.4105668, 41.2710101 ], [ 31.4107065, 41.2709297 ], [ 31.4108482, 41.2706964 ], [ 31.4107849, 41.2706108 ], [ 31.4137369, 41.2653874 ], [ 31.4141072, 41.2654948 ], [ 31.4147894, 41.2642318 ], [ 31.4145086, 41.2641265 ], [ 31.4146414, 41.263916 ], [ 31.4151096, 41.2636635 ], [ 31.4152777, 41.2637942 ], [ 31.4170119, 41.262876 ], [ 31.4168971, 41.2627444 ], [ 31.4177026, 41.2623591 ], [ 31.4178307, 41.2624156 ], [ 31.4179399, 41.2625406 ], [ 31.418574, 41.2638156 ], [ 31.4182977, 41.2638709 ], [ 31.4196924, 41.2675594 ], [ 31.4189227, 41.2684117 ], [ 31.4153679, 41.2683964 ], [ 31.4153618, 41.268628 ], [ 31.414957, 41.268625 ], [ 31.414956, 41.2687016 ], [ 31.4147036, 41.2686981 ], [ 31.4146565, 41.268734 ], [ 31.4146633, 41.2687922 ], [ 31.414721, 41.2688204 ], [ 31.4197531, 41.2688407 ], [ 31.4201718, 41.26895 ], [ 31.4203075, 41.26908 ], [ 31.4203241, 41.2693157 ], [ 31.4202707, 41.2694967 ], [ 31.4202406, 41.2695884 ], [ 31.4205214, 41.2698569 ], [ 31.4205936, 41.2699374 ], [ 31.4206469, 41.2700741 ], [ 31.4206999, 41.2706054 ], [ 31.4206184, 41.2707869 ], [ 31.4205984, 41.2709639 ], [ 31.4206547, 41.2711112 ], [ 31.4207456, 41.2712255 ], [ 31.4208311, 41.2717612 ], [ 31.4206452, 41.2719762 ], [ 31.4205967, 41.2721048 ], [ 31.4206149, 41.2725884 ], [ 31.4205438, 41.2726447 ], [ 31.4205082, 41.2727118 ], [ 31.4205288, 41.2728001 ], [ 31.4206125, 41.272863 ], [ 31.4206991, 41.2748133 ], [ 31.4205181, 41.274974 ], [ 31.4204025, 41.2751276 ], [ 31.4204086, 41.2753106 ], [ 31.4205154, 41.2754965 ], [ 31.4206278, 41.2756324 ], [ 31.4203143, 41.2764671 ], [ 31.4203114, 41.2767151 ], [ 31.4202971, 41.2768785 ], [ 31.4201785, 41.2769969 ], [ 31.4200959, 41.277223 ], [ 31.4200447, 41.2776649 ], [ 31.4198835, 41.2782712 ], [ 31.4197571, 41.2785726 ], [ 31.41954, 41.2789661 ], [ 31.4192348, 41.2791439 ], [ 31.419174, 41.2792623 ], [ 31.4190053, 41.2795961 ], [ 31.418798, 41.2798604 ], [ 31.4168764, 41.2807418 ], [ 31.4167711, 41.2807881 ], [ 31.4167724, 41.2807072 ], [ 31.4166239, 41.2806426 ], [ 31.4165082, 41.2807008 ], [ 31.4165159, 41.2808091 ], [ 31.4166116, 41.2808491 ], [ 31.4165298, 41.2809243 ], [ 31.4164996, 41.2808985 ], [ 31.4164469, 41.2808961 ], [ 31.4164433, 41.2809348 ], [ 31.4164733, 41.2809593 ], [ 31.4163444, 41.2810497 ], [ 31.4163065, 41.2810194 ], [ 31.4162529, 41.2810214 ], [ 31.4162475, 41.2810577 ], [ 31.4162903, 41.2810877 ], [ 31.4161578, 41.2811234 ], [ 31.4161558, 41.2810531 ], [ 31.4160218, 41.2810094 ], [ 31.4159022, 41.2810793 ], [ 31.4159188, 41.2811676 ], [ 31.4160517, 41.2812189 ], [ 31.4157792, 41.2814856 ], [ 31.4158549, 41.2815301 ], [ 31.4150728, 41.2822108 ], [ 31.4149858, 41.2822295 ], [ 31.4149088, 41.2822961 ], [ 31.4148998, 41.2823614 ], [ 31.4136705, 41.2834648 ], [ 31.4133873, 41.2835462 ], [ 31.4132533, 41.2835401 ], [ 31.4128963, 41.2833585 ], [ 31.4125863, 41.2833194 ], [ 31.4123802, 41.2832316 ], [ 31.4124439, 41.2831107 ], [ 31.411749, 41.2816361 ], [ 31.412758, 41.2811935 ], [ 31.4130525, 41.2811455 ], [ 31.413127, 41.2812461 ], [ 31.4134685, 41.2812477 ], [ 31.413628, 41.2811802 ], [ 31.4136755, 41.2810819 ], [ 31.4136601, 41.2809657 ], [ 31.4135239, 41.2808816 ], [ 31.4130491, 41.280877 ], [ 31.4126041, 41.2809696 ], [ 31.4113648, 41.2814918 ], [ 31.4112948, 41.2814638 ], [ 31.4112714, 41.2813428 ], [ 31.4112347, 41.2813419 ], [ 31.4112103, 41.2814495 ], [ 31.4111696, 41.2815555 ], [ 31.4110715, 41.2816281 ], [ 31.4108644, 41.2816867 ], [ 31.4108016, 41.2817107 ], [ 31.4107356, 41.2817899 ], [ 31.4106973, 41.2817978 ], [ 31.4107348, 41.2816817 ], [ 31.4106489, 41.281696 ], [ 31.4105613, 41.281723 ], [ 31.4101736, 41.2817107 ], [ 31.409466, 41.2817125 ], [ 31.4092154, 41.2817338 ], [ 31.4089895, 41.2817912 ], [ 31.4087162, 41.2819522 ], [ 31.4087058, 41.2819583 ], [ 31.408614, 41.2820564 ], [ 31.4086002, 41.282144 ], [ 31.4086348, 41.2822145 ], [ 31.4087174, 41.282249 ], [ 31.408792, 41.2822465 ], [ 31.4087913, 41.2823154 ], [ 31.4092878, 41.2822543 ], [ 31.4093312, 41.2822249 ], [ 31.4093384, 41.2821821 ], [ 31.4093021, 41.282149 ], [ 31.4092477, 41.2821354 ], [ 31.4090409, 41.2821344 ], [ 31.4090005, 41.2821089 ], [ 31.4089909, 41.2820806 ], [ 31.4090082, 41.2820477 ], [ 31.409061, 41.2820207 ], [ 31.4092111, 41.2819879 ], [ 31.4093941, 41.2819586 ], [ 31.4106147, 41.2819819 ], [ 31.4106052, 41.2820327 ], [ 31.4109021, 41.2821139 ], [ 31.4110637, 41.282464 ], [ 31.4111097, 41.2825576 ], [ 31.4116032, 41.2836199 ], [ 31.411357, 41.2836926 ], [ 31.4103211, 41.2835572 ], [ 31.4102948, 41.2836964 ], [ 31.4113627, 41.2838524 ], [ 31.4118163, 41.2837243 ], [ 31.4119458, 41.2839573 ], [ 31.4119659, 41.2839935 ], [ 31.4120738, 41.2842484 ], [ 31.4121266, 41.2843732 ], [ 31.4121948, 41.2846442 ], [ 31.4116397, 41.2854492 ], [ 31.4114882, 41.2854014 ], [ 31.4111036, 41.286001 ], [ 31.4113605, 41.2860899 ], [ 31.411238, 41.2863319 ], [ 31.4111214, 41.2863832 ], [ 31.410949, 41.2863034 ], [ 31.4108911, 41.2863153 ], [ 31.4108605, 41.2863456 ], [ 31.4108629, 41.2863992 ], [ 31.4109109, 41.28642 ], [ 31.4110454, 41.2864573 ], [ 31.411056, 41.2865028 ], [ 31.4109025, 41.2867039 ], [ 31.4100811, 41.2877806 ], [ 31.4100665, 41.287934 ], [ 31.4095218, 41.2883567 ], [ 31.4082217, 41.2882258 ], [ 31.4080128, 41.288252 ], [ 31.4066662, 41.2895429 ], [ 31.4064283, 41.2896039 ], [ 31.4020347, 41.2879249 ], [ 31.4027311, 41.2869044 ], [ 31.4026035, 41.2868564 ], [ 31.4018838, 41.2878944 ], [ 31.3994985, 41.2869592 ], [ 31.3996397, 41.2863269 ], [ 31.4000954, 41.2848271 ], [ 31.4015867, 41.2848552 ], [ 31.4016039, 41.2847664 ], [ 31.4003533, 41.2847626 ], [ 31.4002397, 41.2847571 ], [ 31.4003457, 41.2846278 ], [ 31.4003689, 41.2845275 ], [ 31.4004444, 41.2843923 ], [ 31.400427, 41.2842876 ], [ 31.4003515, 41.2841699 ], [ 31.4011407, 41.2807744 ], [ 31.4011349, 41.2805737 ], [ 31.4011987, 41.2804429 ], [ 31.4011871, 41.2803077 ], [ 31.4010014, 41.2802859 ], [ 31.4008447, 41.2804167 ], [ 31.4009259, 41.2807046 ], [ 31.4008563, 41.2810535 ], [ 31.3992662, 41.2869567 ], [ 31.3992662, 41.2871792 ], [ 31.3991617, 41.2874975 ], [ 31.398796, 41.2877069 ], [ 31.3984652, 41.2877766 ], [ 31.3981866, 41.2876589 ], [ 31.3978384, 41.2876284 ], [ 31.3978326, 41.2874757 ], [ 31.3977223, 41.287467 ], [ 31.3976759, 41.2875455 ], [ 31.3971071, 41.2874888 ], [ 31.3966544, 41.2873405 ], [ 31.3965615, 41.2871922 ], [ 31.3959869, 41.2872271 ], [ 31.3956909, 41.2872533 ], [ 31.3956329, 41.2873885 ], [ 31.3958534, 41.2874757 ], [ 31.3958302, 41.2877592 ], [ 31.3956387, 41.2878857 ], [ 31.395511, 41.2880427 ], [ 31.3955806, 41.2882564 ], [ 31.3952672, 41.2882171 ], [ 31.3952672, 41.2883043 ], [ 31.3954355, 41.2884046 ], [ 31.3954297, 41.2885355 ], [ 31.3953311, 41.2884962 ], [ 31.3952962, 41.2884177 ], [ 31.3951395, 41.2884003 ], [ 31.3950757, 41.2884962 ], [ 31.3953775, 41.2887361 ], [ 31.3954588, 41.2888538 ], [ 31.395244, 41.2889716 ], [ 31.3949016, 41.2890544 ], [ 31.3946868, 41.289351 ], [ 31.3947681, 41.2897304 ], [ 31.3944605, 41.2899223 ], [ 31.3944895, 41.2902537 ], [ 31.3943154, 41.2905939 ], [ 31.3944198, 41.2911172 ], [ 31.3943734, 41.2913178 ], [ 31.3938453, 41.2918673 ], [ 31.3936595, 41.2918891 ], [ 31.3935899, 41.2922074 ], [ 31.3934506, 41.2923993 ], [ 31.3931836, 41.2924603 ], [ 31.3930617, 41.29277 ], [ 31.3928876, 41.2928485 ], [ 31.3927077, 41.2928223 ], [ 31.3925277, 41.2928921 ], [ 31.392551, 41.2930316 ], [ 31.3927773, 41.2930665 ], [ 31.3927541, 41.2934197 ], [ 31.3928238, 41.2936596 ], [ 31.3925452, 41.2938689 ], [ 31.3925103, 41.2940869 ], [ 31.3926206, 41.2942003 ], [ 31.3922666, 41.2944532 ], [ 31.3922492, 41.2946669 ], [ 31.3916223, 41.2949372 ], [ 31.3917616, 41.2951029 ], [ 31.3920518, 41.2951771 ], [ 31.3922027, 41.2952774 ], [ 31.392284, 41.2951945 ], [ 31.3926845, 41.295212 ], [ 31.3927425, 41.2952643 ], [ 31.3926438, 41.2953384 ], [ 31.3927947, 41.2954649 ], [ 31.3928528, 41.2956916 ], [ 31.3927541, 41.2957788 ], [ 31.3927947, 41.2959315 ], [ 31.3929863, 41.295962 ], [ 31.3930037, 41.2960797 ], [ 31.3928992, 41.2961277 ], [ 31.3929572, 41.2962105 ], [ 31.3927019, 41.296289 ], [ 31.3926787, 41.2964853 ], [ 31.3927657, 41.2966074 ], [ 31.3930443, 41.2965899 ], [ 31.3931372, 41.2966248 ], [ 31.3928992, 41.296712 ], [ 31.3927831, 41.2968646 ], [ 31.3929456, 41.2969475 ], [ 31.3928238, 41.2970478 ], [ 31.3928818, 41.2972135 ], [ 31.3930327, 41.2973704 ], [ 31.3928354, 41.2974271 ], [ 31.3928528, 41.2976146 ], [ 31.3929863, 41.2978152 ], [ 31.3929863, 41.2980027 ], [ 31.3931372, 41.2981859 ], [ 31.3934332, 41.2986132 ], [ 31.3937408, 41.2989184 ], [ 31.393706, 41.2991277 ], [ 31.3938336, 41.2993326 ], [ 31.3939613, 41.2994547 ], [ 31.3937698, 41.2995768 ], [ 31.3939497, 41.2998384 ], [ 31.3941761, 41.3001262 ], [ 31.3938627, 41.3005012 ], [ 31.3931952, 41.3014517 ], [ 31.3930385, 41.3015564 ], [ 31.3930211, 41.3018485 ], [ 31.3929224, 41.3018529 ], [ 31.3928644, 41.3017744 ], [ 31.3928644, 41.3016916 ], [ 31.3928063, 41.3016262 ], [ 31.3927773, 41.3015259 ], [ 31.3925103, 41.3015433 ], [ 31.3924523, 41.301757 ], [ 31.392638, 41.3019314 ], [ 31.3925568, 41.3021973 ], [ 31.3928005, 41.3024459 ], [ 31.3927483, 41.3028078 ], [ 31.3928586, 41.3030083 ], [ 31.3927135, 41.3030737 ], [ 31.3926264, 41.302895 ], [ 31.3925277, 41.3030476 ], [ 31.3928121, 41.3032525 ], [ 31.3927831, 41.3034356 ], [ 31.3927193, 41.3035446 ], [ 31.3928063, 41.3037147 ], [ 31.3928296, 41.3040242 ], [ 31.3926961, 41.3043033 ], [ 31.3927715, 41.3045605 ], [ 31.3927019, 41.3047218 ], [ 31.3927483, 41.3051578 ], [ 31.3925336, 41.3050009 ], [ 31.3924001, 41.3050052 ], [ 31.3923826, 41.3051666 ], [ 31.3926961, 41.3054369 ], [ 31.3926496, 41.305572 ], [ 31.3928063, 41.3056679 ], [ 31.3926612, 41.3057159 ], [ 31.3926554, 41.30579 ], [ 31.3928179, 41.3058903 ], [ 31.3928121, 41.3060037 ], [ 31.3930327, 41.3059993 ], [ 31.3930501, 41.3060909 ], [ 31.3933461, 41.3062391 ], [ 31.3938917, 41.3060473 ], [ 31.3945301, 41.3062129 ], [ 31.3949596, 41.3066882 ], [ 31.3951918, 41.3067841 ], [ 31.395511, 41.3071067 ], [ 31.3958012, 41.3073073 ], [ 31.395807, 41.307534 ], [ 31.3961668, 41.3077171 ], [ 31.3963932, 41.3079133 ], [ 31.3967182, 41.30814 ], [ 31.3967821, 41.3084234 ], [ 31.3970084, 41.3086196 ], [ 31.3971187, 41.3089901 ], [ 31.3976294, 41.3093302 ], [ 31.3980938, 41.3098839 ], [ 31.3981402, 41.3102457 ], [ 31.3980299, 41.3108299 ], [ 31.3978384, 41.3115972 ], [ 31.3977862, 41.3121073 ], [ 31.3967106, 41.3129285 ], [ 31.3968575, 41.3131317 ], [ 31.3968227, 41.3133497 ], [ 31.3971651, 41.3135023 ], [ 31.3979138, 41.3136418 ], [ 31.3984826, 41.3139252 ], [ 31.3986335, 41.3143044 ], [ 31.3992313, 41.314688 ], [ 31.4001368, 41.315124 ], [ 31.400723, 41.3156297 ], [ 31.4008855, 41.3158781 ], [ 31.4018606, 41.3162007 ], [ 31.4023075, 41.3166323 ], [ 31.4033754, 41.3171772 ], [ 31.4039268, 41.3172992 ], [ 31.404484, 41.3172121 ], [ 31.4047393, 41.3169549 ], [ 31.4052965, 41.3169244 ], [ 31.4058421, 41.3173298 ], [ 31.4063993, 41.317308 ], [ 31.4070783, 41.3170769 ], [ 31.4073627, 41.3167674 ], [ 31.4075775, 41.3166846 ], [ 31.4076413, 41.3165451 ], [ 31.4078677, 41.3164274 ], [ 31.4083146, 41.3163751 ], [ 31.4084365, 41.3161833 ], [ 31.4090111, 41.3159915 ], [ 31.4091387, 41.3157735 ], [ 31.4094173, 41.3156645 ], [ 31.4093709, 41.3154335 ], [ 31.4095624, 41.3152591 ], [ 31.4100035, 41.315233 ], [ 31.410433, 41.3150019 ], [ 31.4105201, 41.314797 ], [ 31.4118057, 41.314684 ], [ 31.4135063, 41.314688 ], [ 31.4156864, 41.3150214 ], [ 31.4171205, 41.3153629 ], [ 31.4177082, 41.315468 ], [ 31.4179787, 41.3155102 ], [ 31.418293, 41.3155652 ], [ 31.4188132, 41.3157197 ], [ 31.4195948, 41.3159214 ], [ 31.4203178, 41.315902 ], [ 31.4206487, 41.3159164 ], [ 31.4208705, 41.3159261 ], [ 31.4214157, 41.3160167 ], [ 31.4219665, 41.3161216 ], [ 31.4223394, 41.3161406 ], [ 31.422677, 41.3164291 ], [ 31.422948, 41.3166608 ], [ 31.4237245, 41.3172282 ], [ 31.4241723, 41.3174752 ], [ 31.4244591, 41.3177484 ], [ 31.4248648, 41.317843 ], [ 31.4255221, 41.3178386 ], [ 31.4258587, 41.3179769 ], [ 31.4261101, 41.318113 ], [ 31.426351, 41.3182891 ], [ 31.4266011, 41.3184475 ], [ 31.4268449, 41.318603 ], [ 31.4271079, 41.3191241 ], [ 31.4273688, 41.3194288 ], [ 31.4274534, 41.3197728 ], [ 31.4275952, 41.3200302 ], [ 31.4268786, 41.3204957 ], [ 31.4275444, 41.3215472 ], [ 31.4268879, 41.3219014 ], [ 31.4269718, 41.3220396 ], [ 31.4270729, 41.3220207 ], [ 31.4271426, 41.32192 ], [ 31.4277381, 41.3221254 ], [ 31.4281136, 41.3221899 ], [ 31.4284946, 41.3223618 ], [ 31.4289637, 41.322663 ], [ 31.4293117, 41.3231158 ], [ 31.4296538, 41.3232224 ], [ 31.4302158, 41.3236862 ], [ 31.4307023, 41.3244136 ], [ 31.4313052, 41.3246074 ], [ 31.4314437, 41.3250135 ], [ 31.4319675, 41.3253096 ], [ 31.4333825, 41.3259662 ], [ 31.434357, 41.3259423 ], [ 31.434697, 41.325762 ], [ 31.4349474, 41.3256711 ], [ 31.4355242, 41.325818 ], [ 31.4360412, 41.3261415 ], [ 31.4362894, 41.326483 ], [ 31.4366184, 41.3271299 ], [ 31.4369202, 41.3272701 ], [ 31.4373571, 41.3273027 ], [ 31.4384596, 41.3271192 ], [ 31.4385461, 41.3270029 ], [ 31.4395344, 41.3272055 ], [ 31.4410934, 41.3267973 ], [ 31.4418361, 41.3267759 ], [ 31.4420948, 41.3266093 ], [ 31.4428855, 41.3267664 ], [ 31.4434421, 41.3267084 ], [ 31.443877, 41.3264 ], [ 31.4445747, 41.3262406 ], [ 31.4465309, 41.3262686 ], [ 31.4478621, 41.3269908 ], [ 31.4491724, 41.3272286 ], [ 31.4504426, 41.3274391 ], [ 31.4517754, 41.3277968 ], [ 31.4534952, 41.3280637 ], [ 31.4548693, 41.3281413 ], [ 31.4553352, 41.3282418 ], [ 31.4553573, 41.3286425 ], [ 31.4557567, 41.3288717 ], [ 31.4563656, 41.3287608 ], [ 31.4566791, 41.3284946 ], [ 31.4567113, 41.3282931 ], [ 31.4570224, 41.3281159 ], [ 31.4570331, 41.3277533 ], [ 31.4573014, 41.3278258 ], [ 31.4574408, 41.3277453 ], [ 31.4574945, 41.3274714 ], [ 31.4580309, 41.3273827 ], [ 31.4580245, 41.3272349 ], [ 31.4584815, 41.3273988 ], [ 31.4591715, 41.3264127 ], [ 31.4597593, 41.3263273 ], [ 31.4612303, 41.3262298 ], [ 31.4617184, 41.326399 ], [ 31.4629785, 41.3269912 ], [ 31.4624298, 41.3274435 ], [ 31.4629163, 41.3275644 ], [ 31.4632328, 41.3278464 ], [ 31.4635697, 41.327682 ], [ 31.4635854, 41.3273643 ], [ 31.4638111, 41.3273428 ], [ 31.4636437, 41.3279596 ], [ 31.4637719, 41.3279999 ], [ 31.4640246, 41.3274311 ], [ 31.4641947, 41.327307 ], [ 31.4644092, 41.3273646 ], [ 31.4644811, 41.3276276 ], [ 31.4651806, 41.3275914 ], [ 31.4653505, 41.3272544 ], [ 31.4661073, 41.3274699 ], [ 31.466999, 41.327866 ], [ 31.4675207, 41.3282082 ], [ 31.4679329, 41.3285493 ], [ 31.468196, 41.3288152 ], [ 31.4682378, 41.3288575 ], [ 31.4684261, 41.3292323 ], [ 31.4681123, 41.3298891 ], [ 31.4684354, 41.3299169 ], [ 31.4685896, 41.3303708 ], [ 31.4683474, 41.3308051 ], [ 31.4687864, 41.3310267 ], [ 31.4688541, 41.3314806 ], [ 31.4686224, 41.3318632 ], [ 31.4686456, 41.3321401 ], [ 31.468769, 41.332253 ], [ 31.4684656, 41.3328384 ], [ 31.4687324, 41.3334089 ], [ 31.4691314, 41.3337814 ], [ 31.469579, 41.334061 ], [ 31.469916, 41.334193 ], [ 31.4694317, 41.3343166 ], [ 31.4697804, 41.3346316 ], [ 31.4706038, 41.3348157 ], [ 31.47074, 41.33536 ], [ 31.470418, 41.3355755 ], [ 31.4697345, 41.335348 ], [ 31.4697848, 41.3356924 ], [ 31.47018, 41.3359009 ], [ 31.4700703, 41.3361687 ], [ 31.4715461, 41.3368635 ], [ 31.4712543, 41.3373764 ], [ 31.4723406, 41.3378607 ], [ 31.4729615, 41.3377672 ], [ 31.4735726, 41.338001 ], [ 31.4741077, 41.3380634 ], [ 31.4740247, 41.3385955 ], [ 31.4745725, 41.3389311 ], [ 31.4760083, 41.3393479 ], [ 31.4779593, 41.3396967 ], [ 31.4786284, 41.3399316 ], [ 31.4791178, 41.3406699 ], [ 31.479473, 41.34061 ], [ 31.479807, 41.340871 ], [ 31.4799086, 41.3414153 ], [ 31.4799539, 41.3422324 ], [ 31.4810674, 41.3431385 ], [ 31.4820361, 41.3438375 ], [ 31.4829134, 41.3444071 ], [ 31.4831162, 41.3447404 ], [ 31.4840975, 41.3453943 ], [ 31.484973, 41.345817 ], [ 31.485164, 41.346178 ], [ 31.4848235, 41.3463657 ], [ 31.4857621, 41.3467399 ], [ 31.4857173, 41.3469883 ], [ 31.4866927, 41.3472754 ], [ 31.4874301, 41.3474783 ], [ 31.4875117, 41.3477989 ], [ 31.4870795, 41.3482817 ], [ 31.487286, 41.348928 ], [ 31.4875752, 41.3492801 ], [ 31.4886577, 41.3496 ], [ 31.4900137, 41.3499915 ], [ 31.4914346, 41.3504355 ], [ 31.4936812, 41.350437 ], [ 31.4949221, 41.3507309 ], [ 31.4956247, 41.3513804 ], [ 31.4965105, 41.3518544 ], [ 31.4968964, 41.3523087 ], [ 31.4976945, 41.3524798 ], [ 31.4985803, 41.3529934 ], [ 31.4995626, 41.3534015 ], [ 31.5005712, 41.353362 ], [ 31.5012115, 41.3535266 ], [ 31.5020359, 41.3547972 ], [ 31.5026323, 41.3552251 ], [ 31.5039215, 41.3551856 ], [ 31.5052108, 41.3551791 ], [ 31.5057721, 41.3557847 ], [ 31.5070789, 41.3559493 ], [ 31.5080261, 41.35616 ], [ 31.5096223, 41.3564101 ], [ 31.5100608, 41.3563246 ], [ 31.5107625, 41.3564957 ], [ 31.5117886, 41.3563377 ], [ 31.5135164, 41.3569565 ], [ 31.5140163, 41.3572264 ], [ 31.5139286, 41.3574766 ], [ 31.5143408, 41.3576412 ], [ 31.5147706, 41.3576149 ], [ 31.5156915, 41.3579177 ], [ 31.5157529, 41.3583653 ], [ 31.5161738, 41.3583785 ], [ 31.5162089, 41.358497 ], [ 31.5164194, 41.3587735 ], [ 31.5168141, 41.3587142 ], [ 31.5176385, 41.3587932 ], [ 31.5182261, 41.3592211 ], [ 31.5193663, 41.3599716 ], [ 31.5206117, 41.359807 ], [ 31.5215852, 41.3601493 ], [ 31.5224447, 41.3606101 ], [ 31.5232253, 41.3608536 ], [ 31.5237603, 41.3613737 ], [ 31.5242514, 41.3616765 ], [ 31.5247425, 41.3616041 ], [ 31.5251898, 41.3617752 ], [ 31.5259616, 41.3619398 ], [ 31.5265405, 41.361558 ], [ 31.5270053, 41.3614132 ], [ 31.5274175, 41.3614132 ], [ 31.527935, 41.361163 ], [ 31.5286103, 41.3612618 ], [ 31.5289085, 41.3615251 ], [ 31.5292505, 41.3622755 ], [ 31.5299346, 41.363309 ], [ 31.5304609, 41.3636118 ], [ 31.5307328, 41.3638685 ], [ 31.5311187, 41.3640594 ], [ 31.531373, 41.3642503 ], [ 31.5326359, 41.3643556 ], [ 31.5331271, 41.3641647 ], [ 31.5337673, 41.3642174 ], [ 31.534697, 41.3649085 ], [ 31.5350917, 41.3649875 ], [ 31.535039, 41.3648098 ], [ 31.5354688, 41.3648163 ], [ 31.5359687, 41.3650007 ], [ 31.5368033, 41.3651348 ], [ 31.5370825, 41.364948 ], [ 31.5370036, 41.3644609 ], [ 31.5381262, 41.3646913 ], [ 31.5386788, 41.3646715 ], [ 31.5390033, 41.3643424 ], [ 31.5393716, 41.3639935 ], [ 31.539319, 41.3637039 ], [ 31.5394681, 41.3635657 ], [ 31.5401785, 41.3638685 ], [ 31.5403978, 41.3636973 ], [ 31.5402574, 41.3636118 ], [ 31.5402838, 41.3633748 ], [ 31.5406697, 41.3629074 ], [ 31.542757, 41.3628877 ], [ 31.5432306, 41.363151 ], [ 31.5438621, 41.3632234 ], [ 31.5444848, 41.3636183 ], [ 31.5455197, 41.3638487 ], [ 31.5467212, 41.3642371 ], [ 31.5474492, 41.3645662 ], [ 31.5485016, 41.3646123 ], [ 31.5489665, 41.3647571 ], [ 31.5488349, 41.3648756 ], [ 31.5488086, 41.3651126 ], [ 31.548984, 41.3652574 ], [ 31.5492559, 41.365106 ], [ 31.5493261, 41.3647637 ], [ 31.5498348, 41.3649546 ], [ 31.5512117, 41.3655075 ], [ 31.5521677, 41.3660736 ], [ 31.5531149, 41.3667252 ], [ 31.5535446, 41.3672452 ], [ 31.5540533, 41.3675151 ], [ 31.5539919, 41.3676928 ], [ 31.5540884, 41.3677586 ], [ 31.5543428, 41.3676467 ], [ 31.5546673, 41.3677652 ], [ 31.5547462, 41.3680219 ], [ 31.5555005, 41.3682983 ], [ 31.5556759, 41.3686472 ], [ 31.5565441, 41.3689697 ], [ 31.5568774, 41.3691671 ], [ 31.5571668, 41.3699306 ], [ 31.5580176, 41.3705164 ], [ 31.5582105, 41.3708982 ], [ 31.5588332, 41.3713457 ], [ 31.5591753, 41.3715234 ], [ 31.5596226, 41.371971 ], [ 31.5600874, 41.3721224 ], [ 31.5604733, 41.3719381 ], [ 31.5605171, 41.3715958 ], [ 31.5606136, 41.3714115 ], [ 31.561403, 41.3712996 ], [ 31.561745, 41.3713391 ], [ 31.562426, 41.371069 ], [ 31.5631469, 41.3710474 ], [ 31.563765, 41.3712992 ], [ 31.5643832, 41.3715378 ], [ 31.5646128, 41.3720613 ], [ 31.5651956, 41.3721806 ], [ 31.5654694, 41.3724523 ], [ 31.565805, 41.3725319 ], [ 31.5658403, 41.3722668 ], [ 31.5664054, 41.3720812 ], [ 31.5681716, 41.3721939 ], [ 31.5683394, 41.372068 ], [ 31.5692401, 41.3722933 ], [ 31.5704941, 41.3724258 ], [ 31.57196, 41.3722403 ], [ 31.5729756, 41.3719951 ], [ 31.5741501, 41.3721541 ], [ 31.5755718, 41.3719089 ], [ 31.577232, 41.3720216 ], [ 31.5779473, 41.3722668 ], [ 31.5787023, 41.372227 ], [ 31.5795502, 41.3727241 ], [ 31.5799564, 41.3726048 ], [ 31.5809103, 41.3730621 ], [ 31.5836746, 41.373135 ], [ 31.5842575, 41.3729826 ], [ 31.5853879, 41.3732013 ], [ 31.5857853, 41.3728831 ], [ 31.5869335, 41.3721475 ], [ 31.5870218, 41.3719222 ], [ 31.5877901, 41.37173 ], [ 31.5885574, 41.3718152 ], [ 31.5889824, 41.3718625 ], [ 31.5894505, 41.3724855 ], [ 31.5901659, 41.3726711 ], [ 31.5905456, 41.3732742 ], [ 31.5911462, 41.3736321 ], [ 31.5918704, 41.3742219 ], [ 31.5922855, 41.3743014 ], [ 31.5926034, 41.3746195 ], [ 31.5938133, 41.3750304 ], [ 31.5935925, 41.3769391 ], [ 31.5934159, 41.3770053 ], [ 31.5933718, 41.3771511 ], [ 31.5936455, 41.3772439 ], [ 31.5933188, 41.3773632 ], [ 31.5935661, 41.3778337 ], [ 31.5932128, 41.3779596 ], [ 31.5938663, 41.3784964 ], [ 31.5947053, 41.3787283 ], [ 31.5955179, 41.3787747 ], [ 31.5962244, 41.3782181 ], [ 31.5965247, 41.3783771 ], [ 31.5968691, 41.3783175 ], [ 31.5981144, 41.3784169 ], [ 31.5981762, 41.3782645 ], [ 31.5980349, 41.3779066 ], [ 31.5983352, 41.3776216 ], [ 31.5994126, 41.3773102 ], [ 31.6003576, 41.3772969 ], [ 31.6005961, 41.3770981 ], [ 31.6014969, 41.3771114 ], [ 31.6020621, 41.3768595 ], [ 31.602539, 41.3767734 ], [ 31.6031528, 41.3765017 ], [ 31.6043009, 41.3765348 ], [ 31.6052901, 41.3764486 ], [ 31.6061202, 41.3767402 ], [ 31.6067296, 41.3771644 ], [ 31.6068621, 41.3774361 ], [ 31.6064823, 41.3778536 ], [ 31.6065088, 41.3780325 ], [ 31.6068532, 41.3779662 ], [ 31.607966, 41.3783174 ], [ 31.6099001, 41.3792452 ], [ 31.6112513, 41.3798416 ], [ 31.6127085, 41.3802657 ], [ 31.6141436, 41.3801464 ], [ 31.6150754, 41.3802591 ], [ 31.6156406, 41.3803982 ], [ 31.616303, 41.3807296 ], [ 31.616356, 41.3815381 ], [ 31.6165591, 41.3820682 ], [ 31.6170449, 41.3818031 ], [ 31.6177515, 41.3813127 ], [ 31.6184492, 41.3814055 ], [ 31.618792, 41.3815224 ], [ 31.6192866, 41.3817742 ], [ 31.6194102, 41.3821518 ], [ 31.6193131, 41.3824235 ], [ 31.6188627, 41.3827813 ], [ 31.6195956, 41.3826819 ], [ 31.620205, 41.3823904 ], [ 31.6206377, 41.3823374 ], [ 31.6209468, 41.382662 ], [ 31.6207878, 41.3832451 ], [ 31.6209997, 41.383583 ], [ 31.6208496, 41.3837487 ], [ 31.6208761, 41.3840601 ], [ 31.6207437, 41.384345 ], [ 31.6214236, 41.3841727 ], [ 31.6213971, 41.3839011 ], [ 31.6217504, 41.3838017 ], [ 31.6220418, 41.3838547 ], [ 31.6221831, 41.3842588 ], [ 31.6228719, 41.3843914 ], [ 31.6233929, 41.3846696 ], [ 31.6237285, 41.3854117 ], [ 31.6237108, 41.3859285 ], [ 31.6235077, 41.3864917 ], [ 31.6239139, 41.3867037 ], [ 31.6248411, 41.38675 ], [ 31.6253533, 41.3870018 ], [ 31.6253622, 41.3874855 ], [ 31.6255211, 41.387883 ], [ 31.6258832, 41.3882076 ], [ 31.6271901, 41.3883931 ], [ 31.6279937, 41.3888635 ], [ 31.6278878, 41.3890225 ], [ 31.6283028, 41.389685 ], [ 31.628241, 41.3903343 ], [ 31.6286119, 41.3899766 ], [ 31.6289386, 41.3901952 ], [ 31.629389, 41.3899633 ], [ 31.6293095, 41.3895923 ], [ 31.6298305, 41.3897248 ], [ 31.6303162, 41.3895194 ], [ 31.6306783, 41.3896453 ], [ 31.6313671, 41.3902681 ], [ 31.6320559, 41.3902084 ], [ 31.6323208, 41.3903343 ], [ 31.6328242, 41.3903144 ], [ 31.6331862, 41.3904271 ], [ 31.6331774, 41.3906722 ], [ 31.6335395, 41.3906059 ], [ 31.6339898, 41.3917521 ], [ 31.6343607, 41.392335 ], [ 31.6350142, 41.3925007 ], [ 31.6355264, 41.3926 ], [ 31.6361181, 41.3924013 ], [ 31.6366038, 41.3920104 ], [ 31.636904, 41.3920966 ], [ 31.6371336, 41.392282 ], [ 31.6368775, 41.3926729 ], [ 31.6370453, 41.392865 ], [ 31.6371513, 41.3930108 ], [ 31.6368775, 41.3931102 ], [ 31.6371071, 41.3932426 ], [ 31.6368687, 41.393554 ], [ 31.6370276, 41.3938786 ], [ 31.6378048, 41.394137 ], [ 31.6387055, 41.39419 ], [ 31.6395356, 41.3946007 ], [ 31.6402421, 41.3951704 ], [ 31.6405246, 41.3961641 ], [ 31.6404981, 41.3967139 ], [ 31.6401626, 41.3970452 ], [ 31.6402421, 41.3973764 ], [ 31.6405423, 41.3974492 ], [ 31.6406306, 41.3976148 ], [ 31.6409838, 41.3976215 ], [ 31.6413636, 41.3978533 ], [ 31.6419994, 41.3979527 ], [ 31.6427853, 41.3982905 ], [ 31.6433505, 41.398476 ], [ 31.6433328, 41.3988205 ], [ 31.6435713, 41.3990258 ], [ 31.6438892, 41.3987873 ], [ 31.6441188, 41.3985224 ], [ 31.6443136, 41.3984654 ], [ 31.6444808, 41.3984164 ], [ 31.6456023, 41.3983634 ], [ 31.6464501, 41.3983568 ], [ 31.6479248, 41.3986946 ], [ 31.648702, 41.3991782 ], [ 31.64917, 41.3993769 ], [ 31.6494349, 41.3997213 ], [ 31.6503268, 41.3997876 ], [ 31.6508567, 41.4000592 ], [ 31.6510686, 41.400185 ], [ 31.6515366, 41.4002182 ], [ 31.6518899, 41.4003573 ], [ 31.6520135, 41.4006686 ], [ 31.6527641, 41.4003904 ], [ 31.6531615, 41.4007017 ], [ 31.6534971, 41.4006355 ], [ 31.653762, 41.4007083 ], [ 31.6535854, 41.401066 ], [ 31.6538415, 41.4011455 ], [ 31.6537885, 41.4014635 ], [ 31.6541241, 41.401841 ], [ 31.6545568, 41.4016754 ], [ 31.6547864, 41.4017483 ], [ 31.6550513, 41.4017019 ], [ 31.6551838, 41.4019139 ], [ 31.6554045, 41.4018808 ], [ 31.6555385, 41.4021047 ], [ 31.6558161, 41.4019831 ], [ 31.6560404, 41.4020861 ], [ 31.6562611, 41.4020397 ], [ 31.6563137, 41.4022641 ], [ 31.6569295, 41.4024516 ], [ 31.6571057, 41.4017245 ], [ 31.6571937, 41.4018748 ], [ 31.6572569, 41.4018969 ], [ 31.6572315, 41.4019851 ], [ 31.6573123, 41.4021366 ], [ 31.6574672, 41.4021224 ], [ 31.657401, 41.4022734 ], [ 31.6574873, 41.4023901 ], [ 31.6574358, 41.4025088 ], [ 31.6575785, 41.4025218 ], [ 31.6575555, 41.4026567 ], [ 31.657677, 41.402695 ], [ 31.657743, 41.4027656 ], [ 31.6577459, 41.4029911 ], [ 31.6577923, 41.403158 ], [ 31.6577251, 41.4033422 ], [ 31.6578612, 41.4033231 ], [ 31.6580246, 41.4032057 ], [ 31.6580133, 41.4033557 ], [ 31.6580734, 41.4033744 ], [ 31.6580497, 41.403781 ], [ 31.6581897, 41.4038847 ], [ 31.6582485, 41.4040375 ], [ 31.6583627, 41.4042356 ], [ 31.6586208, 41.4041211 ], [ 31.6587872, 41.4039692 ], [ 31.6588947, 41.4034803 ], [ 31.6590212, 41.4035608 ], [ 31.6590821, 41.4036286 ], [ 31.65933, 41.4037031 ], [ 31.659246, 41.4038247 ], [ 31.6593264, 41.4038642 ], [ 31.6594966, 41.4038183 ], [ 31.6596105, 41.4039227 ], [ 31.6596734, 41.4041296 ], [ 31.6597569, 41.4042675 ], [ 31.6596713, 41.4044027 ], [ 31.6595744, 41.4045032 ], [ 31.6594202, 41.404603 ], [ 31.659495, 41.4047048 ], [ 31.6595438, 41.4047502 ], [ 31.6596224, 41.4047576 ], [ 31.6597891, 41.4048037 ], [ 31.6598581, 41.4046079 ], [ 31.6598583, 41.404489 ], [ 31.6599876, 41.4045553 ], [ 31.6601895, 41.4047036 ], [ 31.6602328, 41.404864 ], [ 31.6604182, 41.4048277 ], [ 31.6605528, 41.4047733 ], [ 31.6608062, 41.4048601 ], [ 31.6610747, 41.4049435 ], [ 31.661185, 41.4049636 ], [ 31.6612009, 41.4050647 ], [ 31.6609996, 41.4050596 ], [ 31.66084, 41.4051657 ], [ 31.6607232, 41.4052799 ], [ 31.6609183, 41.4052766 ], [ 31.6610821, 41.4052896 ], [ 31.6612082, 41.405269 ], [ 31.6614377, 41.4052074 ], [ 31.6614587, 41.4051089 ], [ 31.6613243, 41.4050159 ], [ 31.6613177, 41.404922 ], [ 31.6615264, 41.4048101 ], [ 31.6617341, 41.4046422 ], [ 31.6619874, 41.4044344 ], [ 31.662131, 41.4044389 ], [ 31.6621909, 41.4043366 ], [ 31.6621491, 41.4042294 ], [ 31.6624301, 41.4042878 ], [ 31.6625832, 41.4046162 ], [ 31.6626425, 41.4049477 ], [ 31.6626266, 41.4050268 ], [ 31.6624231, 41.405114 ], [ 31.6620496, 41.4052547 ], [ 31.6620632, 41.4054702 ], [ 31.6623274, 41.4056423 ], [ 31.6624415, 41.4058788 ], [ 31.6628302, 41.4058407 ], [ 31.6628788, 41.4056868 ], [ 31.6631437, 41.4056134 ], [ 31.6630132, 41.4053077 ], [ 31.6635338, 41.405097 ], [ 31.6641208, 41.4048229 ], [ 31.6650171, 41.4047702 ], [ 31.6657229, 41.4046133 ], [ 31.666025, 41.4046376 ], [ 31.6660325, 41.4051114 ], [ 31.665995, 41.405817 ], [ 31.666333, 41.4060752 ], [ 31.6670402, 41.4057939 ], [ 31.6676955, 41.4059931 ], [ 31.6675007, 41.4061725 ], [ 31.6675538, 41.4065843 ], [ 31.6683508, 41.4068101 ], [ 31.6690061, 41.4068234 ], [ 31.6697677, 41.4068035 ], [ 31.6707773, 41.4075141 ], [ 31.6712643, 41.407647 ], [ 31.6719551, 41.4077533 ], [ 31.6720348, 41.4080123 ], [ 31.6726104, 41.4079326 ], [ 31.672877, 41.4080536 ], [ 31.6731847, 41.4084188 ], [ 31.673096, 41.408723 ], [ 31.6732238, 41.4088671 ], [ 31.6735162, 41.4091275 ], [ 31.6736802, 41.4093523 ], [ 31.6738412, 41.409595 ], [ 31.6738368, 41.4097849 ], [ 31.6739619, 41.4099228 ], [ 31.6744593, 41.4099153 ], [ 31.6753557, 41.4096727 ], [ 31.6751077, 41.4098587 ], [ 31.675152, 41.4099451 ], [ 31.675743, 41.4097251 ], [ 31.6762324, 41.4099517 ], [ 31.6764737, 41.4098287 ], [ 31.676487, 41.40966 ], [ 31.676828, 41.409664 ], [ 31.6776862, 41.4096069 ], [ 31.6783501, 41.4099228 ], [ 31.6797301, 41.4102635 ], [ 31.6805872, 41.4103929 ], [ 31.6806811, 41.410327 ], [ 31.680606, 41.4099609 ], [ 31.6807988, 41.4093592 ], [ 31.6802657, 41.4084895 ], [ 31.680761, 41.4081605 ], [ 31.6812151, 41.408055 ], [ 31.6818999, 41.4079565 ], [ 31.6823998, 41.4080086 ], [ 31.6826997, 41.4081214 ], [ 31.682863, 41.4083759 ], [ 31.6828859, 41.408778 ], [ 31.6830922, 41.4091821 ], [ 31.6833926, 41.4094417 ], [ 31.6833043, 41.409631 ], [ 31.6837013, 41.4097074 ], [ 31.6840434, 41.4101481 ], [ 31.6839548, 41.4102349 ], [ 31.6837068, 41.4103678 ], [ 31.6839814, 41.4106402 ], [ 31.6843535, 41.4106003 ], [ 31.6847964, 41.4108927 ], [ 31.6852837, 41.4108595 ], [ 31.6854431, 41.4109193 ], [ 31.6853811, 41.4110854 ], [ 31.6859038, 41.4110987 ], [ 31.6861961, 41.4114441 ], [ 31.6865062, 41.4114176 ], [ 31.6873567, 41.4117697 ], [ 31.6876401, 41.4122813 ], [ 31.6880831, 41.4127065 ], [ 31.6884463, 41.4127862 ], [ 31.6884906, 41.4129257 ], [ 31.6894208, 41.4130254 ], [ 31.6898106, 41.4133842 ], [ 31.6898815, 41.4138426 ], [ 31.6901295, 41.4139024 ], [ 31.6903333, 41.4140685 ], [ 31.6910066, 41.4143409 ], [ 31.6914584, 41.4148591 ], [ 31.691733, 41.4149056 ], [ 31.6918747, 41.4152776 ], [ 31.6922822, 41.415457 ], [ 31.6928758, 41.4155235 ], [ 31.6932922, 41.4157693 ], [ 31.6938769, 41.4157095 ], [ 31.6943907, 41.4160217 ], [ 31.6947007, 41.4158424 ], [ 31.6948779, 41.4159952 ], [ 31.6949842, 41.4164735 ], [ 31.695436, 41.4164934 ], [ 31.6957107, 41.4166927 ], [ 31.6966586, 41.4167924 ], [ 31.696508, 41.4169917 ], [ 31.696694, 41.4173239 ], [ 31.6977925, 41.4178686 ], [ 31.6983152, 41.4184997 ], [ 31.6991391, 41.4184665 ], [ 31.6995112, 41.4183536 ], [ 31.7005122, 41.4189382 ], [ 31.701717, 41.4188917 ], [ 31.7017082, 41.4187057 ], [ 31.7020537, 41.4186525 ], [ 31.7021777, 41.4188385 ], [ 31.7026561, 41.4189116 ], [ 31.7031345, 41.4188518 ], [ 31.7036837, 41.4191707 ], [ 31.7038255, 41.4197354 ], [ 31.7044102, 41.4201738 ], [ 31.7044899, 41.4205724 ], [ 31.7048886, 41.4209644 ], [ 31.7058099, 41.4212367 ], [ 31.7059251, 41.421436 ], [ 31.7053315, 41.4215888 ], [ 31.7049329, 41.4218346 ], [ 31.7050569, 41.4221667 ], [ 31.7062085, 41.422293 ], [ 31.70643, 41.4224391 ], [ 31.7071299, 41.4223727 ], [ 31.7082018, 41.4227845 ], [ 31.7089725, 41.4227912 ], [ 31.7096192, 41.4227712 ], [ 31.7095927, 41.4229772 ], [ 31.7106026, 41.4230835 ], [ 31.7109392, 41.4229838 ], [ 31.7111341, 41.4233093 ], [ 31.7114442, 41.4231432 ], [ 31.7115237, 41.4232939 ], [ 31.7119754, 41.4234576 ], [ 31.7122118, 41.4234773 ], [ 31.7123446, 41.4233462 ], [ 31.7125685, 41.4234306 ], [ 31.7127248, 41.4233563 ], [ 31.7128084, 41.4232927 ], [ 31.7128923, 41.4232341 ], [ 31.7129531, 41.4231235 ], [ 31.713142, 41.4232033 ], [ 31.7132749, 41.423108 ], [ 31.713327, 41.4232415 ], [ 31.7137569, 41.4232447 ], [ 31.7138646, 41.423523 ], [ 31.7142727, 41.4237519 ], [ 31.7148131, 41.4239801 ], [ 31.7150957, 41.4240387 ], [ 31.7154655, 41.4243521 ], [ 31.7152396, 41.4246007 ], [ 31.7157608, 41.4248843 ], [ 31.7160029, 41.424836 ], [ 31.7160251, 41.4249668 ], [ 31.7163111, 41.4250581 ], [ 31.7166439, 41.4252755 ], [ 31.7167641, 41.4254316 ], [ 31.7170063, 41.4255255 ], [ 31.7172012, 41.4254962 ], [ 31.7174342, 41.4255039 ], [ 31.7176673, 41.4253574 ], [ 31.7176276, 41.4255688 ], [ 31.7177854, 41.4257293 ], [ 31.7179915, 41.4257105 ], [ 31.718179, 41.4258388 ], [ 31.7184604, 41.4257645 ], [ 31.718736, 41.4258615 ], [ 31.7189588, 41.4260232 ], [ 31.7191586, 41.4259227 ], [ 31.7191082, 41.4257371 ], [ 31.7192035, 41.4256541 ], [ 31.7189046, 41.4253869 ], [ 31.7191197, 41.4252608 ], [ 31.719126, 41.4251149 ], [ 31.7190763, 41.4249971 ], [ 31.7191594, 41.4247955 ], [ 31.7192896, 41.4249073 ], [ 31.7194161, 41.424833 ], [ 31.7193277, 41.4246187 ], [ 31.7193832, 41.4245841 ], [ 31.719553, 41.4244993 ], [ 31.7199168, 41.4244397 ], [ 31.7203222, 41.4244928 ], [ 31.7207359, 41.424615 ], [ 31.7207602, 41.42477 ], [ 31.7206889, 41.4248615 ], [ 31.720807, 41.4252516 ], [ 31.7207586, 41.4259338 ], [ 31.7207149, 41.4262892 ], [ 31.7209581, 41.4265617 ], [ 31.7209866, 41.4271548 ], [ 31.7208499, 41.4273312 ], [ 31.7205089, 41.4275027 ], [ 31.7207776, 41.4278492 ], [ 31.7208431, 41.4280473 ], [ 31.720978, 41.4284045 ], [ 31.7203898, 41.4285533 ], [ 31.7205598, 41.4287765 ], [ 31.7208458, 41.4293237 ], [ 31.7212071, 41.4295904 ], [ 31.7214291, 41.4297499 ], [ 31.7220125, 41.4300712 ], [ 31.7223411, 41.4303817 ], [ 31.7220638, 41.4306112 ], [ 31.7223389, 41.4308884 ], [ 31.7228401, 41.431132 ], [ 31.723296, 41.4311908 ], [ 31.7243849, 41.4315527 ], [ 31.725156, 41.431773 ], [ 31.725954, 41.4321251 ], [ 31.7267144, 41.4324647 ], [ 31.7273211, 41.4329091 ], [ 31.727624, 41.4331293 ], [ 31.7279464, 41.4337439 ], [ 31.7281121, 41.4340481 ], [ 31.728478, 41.4342989 ], [ 31.7292239, 41.4346472 ], [ 31.7303638, 41.4350807 ], [ 31.7312602, 41.4354415 ], [ 31.7319761, 41.435767 ], [ 31.7326807, 41.4360463 ], [ 31.7335519, 41.4362992 ], [ 31.7343957, 41.4365458 ], [ 31.736311, 41.4369667 ], [ 31.7375339, 41.4371689 ], [ 31.7384657, 41.4373759 ], [ 31.7394195, 41.4375763 ], [ 31.7410656, 41.4380772 ], [ 31.7410698, 41.4382811 ], [ 31.7416863, 41.4383089 ], [ 31.7417093, 41.438067 ], [ 31.7418911, 41.437825 ], [ 31.7421002, 41.4375024 ], [ 31.7422699, 41.4374973 ], [ 31.7424117, 41.4373322 ], [ 31.7425918, 41.4372857 ], [ 31.7428958, 41.4371521 ], [ 31.7431416, 41.4368249 ], [ 31.7442408, 41.4357117 ], [ 31.7448627, 41.4353561 ], [ 31.7461474, 41.4352928 ], [ 31.74637, 41.4353975 ], [ 31.7474926, 41.4353797 ], [ 31.7478161, 41.4354314 ], [ 31.7481102, 41.4354784 ], [ 31.7474189, 41.4356015 ], [ 31.7452648, 41.4356462 ], [ 31.7448052, 41.435742 ], [ 31.7443265, 41.4361372 ], [ 31.7435668, 41.4369785 ], [ 31.7433016, 41.4373232 ], [ 31.7433115, 41.4375668 ], [ 31.7432059, 41.4377332 ], [ 31.7432917, 41.4379521 ], [ 31.7428564, 41.4384455 ], [ 31.7426346, 41.4386479 ], [ 31.7425293, 41.4388763 ], [ 31.742443, 41.4389058 ], [ 31.7421998, 41.4393926 ], [ 31.742525, 41.4394861 ], [ 31.7427645, 41.438978 ], [ 31.7430365, 41.4386065 ], [ 31.7434256, 41.4381204 ], [ 31.7436486, 41.4380568 ], [ 31.7439249, 41.4381168 ], [ 31.7441913, 41.4382079 ], [ 31.7443406, 41.4382223 ], [ 31.7449202, 41.4384191 ], [ 31.7455541, 41.4386746 ], [ 31.7459667, 41.4390561 ], [ 31.7461452, 41.4392897 ], [ 31.7457749, 41.4398422 ], [ 31.7459905, 41.4402509 ], [ 31.7461638, 41.4402724 ], [ 31.7462825, 41.4401552 ], [ 31.746241, 41.4400456 ], [ 31.7461159, 41.4400352 ], [ 31.7460259, 41.4398286 ], [ 31.7464515, 41.4391486 ], [ 31.7470721, 41.4393423 ], [ 31.7470451, 41.4394739 ], [ 31.747661, 41.4397078 ], [ 31.7490018, 41.4402002 ], [ 31.748758, 41.440539 ], [ 31.7478679, 41.4402375 ], [ 31.7478484, 41.4402677 ], [ 31.7487347, 41.4405801 ], [ 31.7483374, 41.4411363 ], [ 31.7484536, 41.4412239 ], [ 31.7483162, 41.441358 ], [ 31.7480843, 41.4414607 ], [ 31.7478726, 41.4414933 ], [ 31.7477222, 41.4415025 ], [ 31.7475088, 41.441473 ], [ 31.7451455, 41.4406705 ], [ 31.7451576, 41.4406082 ], [ 31.7450241, 41.4405701 ], [ 31.7450569, 41.4404306 ], [ 31.744916, 41.4403377 ], [ 31.7446698, 41.4403306 ], [ 31.7445058, 41.4403939 ], [ 31.7444394, 41.4406034 ], [ 31.7446012, 41.4407636 ], [ 31.7450801, 41.4409603 ], [ 31.7475552, 41.4418307 ], [ 31.748059, 41.4419816 ], [ 31.7488441, 41.442315 ], [ 31.7490348, 41.4424014 ], [ 31.7495985, 41.4426566 ], [ 31.7501491, 41.4428597 ], [ 31.7505308, 41.4430889 ], [ 31.7506947, 41.4431873 ], [ 31.7510936, 41.4434798 ], [ 31.7512086, 41.4436238 ], [ 31.7514227, 41.4439826 ], [ 31.7515865, 41.4442572 ], [ 31.7516102, 41.4443222 ], [ 31.7516126, 41.4446607 ], [ 31.7516132, 41.444738 ], [ 31.751538, 41.4452028 ], [ 31.7514876, 41.4455149 ], [ 31.751358, 41.4459047 ], [ 31.7513151, 41.4466953 ], [ 31.751413, 41.4472262 ], [ 31.7515176, 41.4476084 ], [ 31.7518373, 41.4481696 ], [ 31.7519918, 41.4484719 ], [ 31.7520425, 41.4489564 ], [ 31.7520219, 41.4491976 ], [ 31.7519613, 41.4497642 ], [ 31.7520658, 41.4506717 ], [ 31.7522726, 41.4513137 ], [ 31.7528351, 41.4522633 ], [ 31.7531453, 41.4525916 ], [ 31.7533375, 41.4528998 ], [ 31.7537667, 41.4532084 ], [ 31.7538836, 41.4533746 ], [ 31.754074, 41.4535518 ], [ 31.7543475, 41.4537734 ], [ 31.7545775, 41.4538633 ], [ 31.7548499, 41.4540449 ], [ 31.7551359, 41.4541841 ], [ 31.7555938, 41.4543745 ], [ 31.7559054, 41.4545649 ], [ 31.7566841, 41.454785 ], [ 31.7575527, 41.4548812 ], [ 31.7584661, 41.4550956 ], [ 31.7592202, 41.4552031 ], [ 31.7596032, 41.4552651 ], [ 31.7597518, 41.4553262 ], [ 31.7614894, 41.4555019 ], [ 31.7617819, 41.455614 ], [ 31.762096, 41.455584 ], [ 31.7626778, 41.4557619 ], [ 31.7633551, 41.4558961 ], [ 31.7639989, 41.4558949 ], [ 31.7640193, 41.4560536 ], [ 31.7641512, 41.4560466 ], [ 31.7642743, 41.4559154 ], [ 31.7644473, 41.4559247 ], [ 31.7649761, 41.4559971 ], [ 31.7652379, 41.4561377 ], [ 31.7652702, 41.4564158 ], [ 31.7653614, 41.456407 ], [ 31.7654267, 41.4563331 ], [ 31.7655371, 41.4562226 ], [ 31.7656723, 41.4562552 ], [ 31.7658244, 41.4562081 ], [ 31.7658914, 41.4561457 ], [ 31.7658998, 41.4560716 ], [ 31.765968, 41.4560263 ], [ 31.7660606, 41.4559272 ], [ 31.7662458, 41.4558788 ], [ 31.7663182, 41.4557978 ], [ 31.7664267, 41.4558241 ], [ 31.7665737, 41.4558312 ], [ 31.7664701, 41.4557142 ], [ 31.7663183, 41.4555047 ], [ 31.7666313, 41.4553926 ], [ 31.7671356, 41.4552707 ], [ 31.7675508, 41.4551678 ], [ 31.7676369, 41.4550451 ], [ 31.7678853, 41.4550924 ], [ 31.7681694, 41.4551545 ], [ 31.768272, 41.4550763 ], [ 31.7683691, 41.4550986 ], [ 31.76842, 41.4550517 ], [ 31.7685047, 41.4550458 ], [ 31.7685736, 41.4549678 ], [ 31.7686272, 41.4549514 ], [ 31.7686836, 41.4548957 ], [ 31.7688347, 41.4548382 ], [ 31.768959, 41.4547283 ], [ 31.7690301, 41.4547925 ], [ 31.7690166, 41.4548876 ], [ 31.7690937, 41.4548878 ], [ 31.7691699, 41.4548278 ], [ 31.769211, 41.4547327 ], [ 31.769321, 41.4547939 ], [ 31.7693994, 41.4547546 ], [ 31.769481, 41.4547527 ], [ 31.7695224, 41.4546543 ], [ 31.7695187, 41.4545548 ], [ 31.7696348, 41.4545734 ], [ 31.7695898, 41.4546218 ], [ 31.769543, 41.4547024 ], [ 31.7695965, 41.4548142 ], [ 31.7697015, 41.4547299 ], [ 31.7697102, 41.4546217 ], [ 31.7697581, 41.4546361 ], [ 31.7697724, 41.4545942 ], [ 31.76982, 41.4545856 ], [ 31.7698305, 41.4547677 ], [ 31.7698744, 41.4547044 ], [ 31.7699492, 41.4547129 ], [ 31.7699798, 41.4545393 ], [ 31.7700826, 41.4545697 ], [ 31.7700888, 41.4544905 ], [ 31.7701454, 41.4545003 ], [ 31.770208, 41.4544947 ], [ 31.7702869, 41.4544272 ], [ 31.7703129, 41.4545338 ], [ 31.7703654, 41.4544902 ], [ 31.7704937, 41.4544823 ], [ 31.77054, 41.4544279 ], [ 31.770609, 41.4544522 ], [ 31.7706899, 41.4544675 ], [ 31.7706895, 41.4544005 ], [ 31.7707506, 41.4544088 ], [ 31.7708705, 41.4543912 ], [ 31.7708582, 41.454332 ], [ 31.7709598, 41.4543127 ], [ 31.7710074, 41.4543374 ], [ 31.7710753, 41.4543561 ], [ 31.7711542, 41.4543961 ], [ 31.771264, 41.454398 ], [ 31.7713348, 41.4544064 ], [ 31.7713964, 41.4543848 ], [ 31.7714929, 41.4543792 ], [ 31.7716092, 41.4543898 ], [ 31.7716204, 41.4543579 ], [ 31.7716492, 41.454397 ], [ 31.7717575, 41.4543746 ], [ 31.771835, 41.4543565 ], [ 31.7718796, 41.4544086 ], [ 31.7720277, 41.4543516 ], [ 31.7721081, 41.4544057 ], [ 31.7721715, 41.45432 ], [ 31.7721994, 41.4542635 ], [ 31.7721507, 41.4541692 ], [ 31.7722273, 41.4540645 ], [ 31.7723928, 41.4542413 ], [ 31.7724817, 41.4544115 ], [ 31.7725626, 41.4544294 ], [ 31.7727096, 41.4544277 ], [ 31.7728543, 41.4544151 ], [ 31.7728341, 41.4543428 ], [ 31.7729355, 41.4543901 ], [ 31.7730561, 41.4543868 ], [ 31.7732112, 41.4543964 ], [ 31.7732087, 41.4543143 ], [ 31.7732789, 41.454284 ], [ 31.7733067, 41.454339 ], [ 31.7733856, 41.454397 ], [ 31.7734526, 41.4544601 ], [ 31.7735458, 41.4544489 ], [ 31.7735709, 41.4544162 ], [ 31.7737166, 41.4544469 ], [ 31.773784, 41.4545101 ], [ 31.7737659, 41.4544092 ], [ 31.7737862, 41.454322 ], [ 31.7738074, 41.4542356 ], [ 31.7738096, 41.4541633 ], [ 31.7738948, 41.4542614 ], [ 31.7739145, 41.4542225 ], [ 31.7739681, 41.4541969 ], [ 31.7739035, 41.4540954 ], [ 31.7739446, 41.4539677 ], [ 31.7740386, 41.4539801 ], [ 31.7740979, 41.4539401 ], [ 31.7742751, 41.4539152 ], [ 31.7743292, 41.4539507 ], [ 31.7744277, 41.4540303 ], [ 31.7744459, 41.4539693 ], [ 31.7744966, 41.4538869 ], [ 31.7746634, 41.4538589 ], [ 31.7748377, 41.4539661 ], [ 31.7748544, 41.4539291 ], [ 31.7750201, 41.4539734 ], [ 31.7750621, 41.4541112 ], [ 31.7749467, 41.4540581 ], [ 31.7749949, 41.4542333 ], [ 31.7750504, 41.4542722 ], [ 31.7750999, 41.4542406 ], [ 31.7752047, 41.454274 ], [ 31.7752968, 41.4543498 ], [ 31.7754861, 41.4544365 ], [ 31.7755933, 41.4544463 ], [ 31.775656, 41.4544312 ], [ 31.7757391, 41.4544679 ], [ 31.7757988, 41.4544573 ], [ 31.7758414, 41.454393 ], [ 31.7758267, 41.4543511 ], [ 31.7759446, 41.4542989 ], [ 31.775973, 41.4542223 ], [ 31.7759231, 41.4541844 ], [ 31.7760236, 41.4541288 ], [ 31.776072, 41.4540853 ], [ 31.7760832, 41.45403 ], [ 31.7760159, 41.453938 ], [ 31.776166, 41.4539687 ], [ 31.7763394, 41.4539522 ], [ 31.7766644, 41.4539676 ], [ 31.7773355, 41.4541261 ], [ 31.7780956, 41.4543713 ], [ 31.7784052, 41.4544775 ], [ 31.7789764, 41.4547199 ], [ 31.7797892, 41.4550966 ], [ 31.7799826, 41.4552226 ], [ 31.7803919, 41.4554881 ], [ 31.7807842, 41.4558111 ], [ 31.7812471, 41.4566584 ], [ 31.7812, 41.4567745 ], [ 31.7810797, 41.4569545 ], [ 31.7810222, 41.4570671 ], [ 31.7810301, 41.4571512 ], [ 31.7811154, 41.4572256 ], [ 31.7812436, 41.4572434 ], [ 31.781333, 41.4572424 ], [ 31.7814408, 41.4571493 ], [ 31.7814762, 41.4571027 ], [ 31.7814154, 41.4570752 ], [ 31.7814836, 41.456941 ], [ 31.7815558, 41.4569044 ], [ 31.7815986, 41.4568314 ], [ 31.7816461, 41.4567791 ], [ 31.7817325, 41.4567475 ], [ 31.7817716, 41.4567043 ], [ 31.781827, 41.4567007 ], [ 31.7818761, 41.4566346 ], [ 31.7819912, 41.4566038 ], [ 31.7821621, 41.4565238 ], [ 31.7821434, 41.4564982 ], [ 31.7823186, 41.4564097 ], [ 31.7819243, 41.4557349 ], [ 31.7817166, 41.4553809 ], [ 31.7829903, 41.4547615 ], [ 31.7836031, 41.4544512 ], [ 31.7838225, 41.4543454 ], [ 31.7838284, 41.4543904 ], [ 31.7838055, 41.4544485 ], [ 31.7838718, 41.4543932 ], [ 31.7838784, 41.4543489 ], [ 31.7838992, 41.4543068 ], [ 31.7848996, 41.4537801 ], [ 31.7850663, 41.4537115 ], [ 31.7849742, 41.4537989 ], [ 31.7850653, 41.4537472 ], [ 31.7851085, 41.4536981 ], [ 31.7851634, 41.4536577 ], [ 31.7853354, 41.4535798 ], [ 31.7855323, 41.453509 ], [ 31.7854392, 41.4535178 ], [ 31.7856635, 41.4534201 ], [ 31.7861691, 41.4531678 ], [ 31.7864899, 41.4529828 ], [ 31.7868824, 41.4527934 ], [ 31.7869949, 41.4528553 ], [ 31.7870064, 41.4529925 ], [ 31.7871089, 41.4532262 ], [ 31.7873907, 41.4534428 ], [ 31.786041, 41.4552424 ], [ 31.7863663, 41.4553729 ], [ 31.7862648, 41.4556561 ], [ 31.7861048, 41.4556239 ], [ 31.7860648, 41.4557225 ], [ 31.7862689, 41.455762 ], [ 31.7863312, 41.455774 ], [ 31.7865602, 41.4558182 ], [ 31.786601, 41.4557239 ], [ 31.7864963, 41.4557022 ], [ 31.7865899, 41.4554497 ], [ 31.7873462, 41.45448 ], [ 31.7875673, 41.4545711 ], [ 31.7876337, 41.4545989 ], [ 31.7872545, 41.4550998 ], [ 31.7872118, 41.455174 ], [ 31.7872048, 41.4552577 ], [ 31.7872512, 41.4553343 ], [ 31.7876163, 41.4556996 ], [ 31.7877826, 41.4558987 ], [ 31.7878336, 41.4562002 ], [ 31.7877451, 41.456958 ], [ 31.7875064, 41.4576797 ], [ 31.787383, 41.4582486 ], [ 31.7872131, 41.4582587 ], [ 31.7873686, 41.459119 ], [ 31.7874854, 41.4591895 ], [ 31.7880763, 41.4602809 ], [ 31.7881128, 41.4605385 ], [ 31.7875028, 41.4610688 ], [ 31.7873973, 41.4612358 ], [ 31.7872318, 41.4612893 ], [ 31.7870521, 41.4611931 ], [ 31.7849653, 41.4592467 ], [ 31.7848696, 41.4591393 ], [ 31.7803055, 41.4588532 ], [ 31.7800046, 41.4587099 ], [ 31.7793916, 41.4583626 ], [ 31.7792348, 41.4583359 ], [ 31.7790993, 41.4584641 ], [ 31.7791563, 41.4585923 ], [ 31.7792593, 41.4587749 ], [ 31.7800765, 41.4590942 ], [ 31.7841886, 41.4593023 ], [ 31.7845995, 41.4594127 ], [ 31.7857714, 41.4603395 ], [ 31.7868444, 41.4613571 ], [ 31.7867454, 41.4616441 ], [ 31.7868396, 41.4617798 ], [ 31.7869532, 41.4618974 ], [ 31.7870346, 41.4619939 ], [ 31.787257, 41.4619803 ], [ 31.7873998, 41.4622479 ], [ 31.7873911, 41.4625267 ], [ 31.7872502, 41.4628062 ], [ 31.786916, 41.4627349 ], [ 31.7866788, 41.4628008 ], [ 31.7866866, 41.4631393 ], [ 31.7868139, 41.4632301 ], [ 31.7869904, 41.4631812 ], [ 31.7868536, 41.4634563 ], [ 31.786829, 41.4636495 ], [ 31.7870133, 41.4638215 ], [ 31.7868295, 41.4638028 ], [ 31.7868625, 41.4640023 ], [ 31.78692, 41.4643795 ], [ 31.7867211, 41.4644386 ], [ 31.7869178, 41.4646629 ], [ 31.7868744, 41.4647514 ], [ 31.7872567, 41.4649487 ], [ 31.7875098, 41.464919 ], [ 31.7875896, 41.4649666 ], [ 31.7876369, 41.4650403 ], [ 31.7877687, 41.4651461 ], [ 31.7878652, 41.465208 ], [ 31.7880763, 41.4653109 ], [ 31.7882028, 41.4654124 ], [ 31.7886478, 41.4655041 ], [ 31.7888876, 41.4655692 ], [ 31.7891316, 41.4654956 ], [ 31.7894996, 41.4655997 ], [ 31.7898144, 41.4658558 ], [ 31.7900538, 41.4660481 ], [ 31.790244, 41.4659904 ], [ 31.7904523, 41.4661749 ], [ 31.7906084, 41.4661408 ], [ 31.790803, 41.4661611 ], [ 31.7910403, 41.4662156 ], [ 31.7910323, 41.4663068 ], [ 31.7911645, 41.4662808 ], [ 31.7914237, 41.4663521 ], [ 31.7914752, 41.4664894 ], [ 31.7915495, 41.4665658 ], [ 31.7916753, 41.4665395 ], [ 31.7919289, 41.4667139 ], [ 31.7920373, 41.4667058 ], [ 31.7921731, 41.4666548 ], [ 31.7923018, 41.4667183 ], [ 31.7925304, 41.4668839 ], [ 31.7927225, 41.466954 ], [ 31.7929034, 41.4669776 ], [ 31.7930696, 41.4670901 ], [ 31.7930309, 41.4669044 ], [ 31.7931326, 41.4666778 ], [ 31.7931521, 41.466506 ], [ 31.7930659, 41.4664236 ], [ 31.7931661, 41.4663739 ], [ 31.7931882, 41.4664557 ], [ 31.7932294, 41.4664444 ], [ 31.7932496, 41.4664026 ], [ 31.7932829, 41.466325 ], [ 31.7933387, 41.4663307 ], [ 31.7933386, 41.4662736 ], [ 31.7932796, 41.466158 ], [ 31.7932179, 41.4662002 ], [ 31.7931495, 41.4662015 ], [ 31.7931516, 41.4662662 ], [ 31.7930388, 41.4662557 ], [ 31.7930239, 41.4662282 ], [ 31.7931425, 41.4661013 ], [ 31.7927403, 41.4658819 ], [ 31.792743, 41.4658533 ], [ 31.7926379, 41.4658157 ], [ 31.7925893, 41.4654563 ], [ 31.7928989, 41.4653812 ], [ 31.793098, 41.4653958 ], [ 31.7930377, 41.4654915 ], [ 31.793152, 41.4655401 ], [ 31.793186, 41.4654779 ], [ 31.7932298, 41.4654339 ], [ 31.7932598, 41.4653526 ], [ 31.793436, 41.4654808 ], [ 31.7936593, 41.4655807 ], [ 31.7938387, 41.4657094 ], [ 31.7940348, 41.4656998 ], [ 31.7942803, 41.4657663 ], [ 31.7943528, 41.4658434 ], [ 31.7944598, 41.4659039 ], [ 31.7946123, 41.4657809 ], [ 31.7945822, 41.4656836 ], [ 31.7947192, 41.4657647 ], [ 31.7948739, 41.4657891 ], [ 31.7951497, 41.4657563 ], [ 31.7952968, 41.4657363 ], [ 31.7953384, 41.4657757 ], [ 31.7954801, 41.4657393 ], [ 31.7955408, 41.4656457 ], [ 31.795538, 41.4654981 ], [ 31.7957196, 41.4654857 ], [ 31.7957025, 41.4656458 ], [ 31.7957728, 41.4657233 ], [ 31.7958887, 41.4656876 ], [ 31.7959846, 41.4656788 ], [ 31.795934, 41.4655199 ], [ 31.796033, 41.4655009 ], [ 31.7962265, 41.4655769 ], [ 31.7963765, 41.4656304 ], [ 31.7964617, 41.4659863 ], [ 31.7965881, 41.4659988 ], [ 31.7967459, 41.4659372 ], [ 31.7968857, 41.4660143 ], [ 31.797179, 41.4660061 ], [ 31.7970986, 41.4663326 ], [ 31.7969774, 41.4664079 ], [ 31.7971571, 41.4665441 ], [ 31.7972237, 41.4667609 ], [ 31.7973049, 41.4668613 ], [ 31.7974552, 41.4668412 ], [ 31.7976582, 41.4668315 ], [ 31.7977917, 41.4669357 ], [ 31.7979593, 41.4668952 ], [ 31.7980353, 41.466957 ], [ 31.7981283, 41.4667858 ], [ 31.7985333, 41.4668069 ], [ 31.7987574, 41.466947 ], [ 31.798746, 41.4673755 ], [ 31.7988876, 41.4674116 ], [ 31.7989934, 41.4673759 ], [ 31.7990159, 41.4674929 ], [ 31.799466, 41.4673685 ], [ 31.7997157, 41.4674657 ], [ 31.7998495, 41.4675171 ], [ 31.8001014, 41.4682478 ], [ 31.7999202, 41.4687674 ], [ 31.7997618, 41.468899 ], [ 31.79952, 41.4687748 ], [ 31.7994283, 41.4688049 ], [ 31.7993559, 41.4687562 ], [ 31.799181, 41.4687271 ], [ 31.79914, 41.4688341 ], [ 31.7990035, 41.4688725 ], [ 31.7989458, 41.4689051 ], [ 31.7989391, 41.4689782 ], [ 31.7987904, 41.46906 ], [ 31.7987495, 41.4691206 ], [ 31.7986576, 41.4692203 ], [ 31.7987407, 41.4692808 ], [ 31.7990231, 41.4697065 ], [ 31.7993668, 41.4697973 ], [ 31.7995364, 41.4695403 ], [ 31.7997763, 41.4693968 ], [ 31.8002918, 41.4693057 ], [ 31.8004748, 41.4692918 ], [ 31.801059, 41.4695664 ], [ 31.8007554, 41.4699345 ], [ 31.8008439, 41.4702111 ], [ 31.8012344, 41.4698578 ], [ 31.8014872, 41.4702106 ], [ 31.8014799, 41.4704551 ], [ 31.8023064, 41.4706172 ], [ 31.8023448, 41.470653 ], [ 31.8024821, 41.4707811 ], [ 31.8025701, 41.4708632 ], [ 31.8026696, 41.4710047 ], [ 31.80281, 41.4712044 ], [ 31.8028126, 41.471211 ], [ 31.8029033, 41.4714383 ], [ 31.8029487, 41.4715521 ], [ 31.8029654, 41.4716452 ], [ 31.8029959, 41.4718144 ], [ 31.8029606, 41.4718954 ], [ 31.802934, 41.4719564 ], [ 31.8028269, 41.4722022 ], [ 31.8021052, 41.472248 ], [ 31.8018759, 41.4725621 ], [ 31.8018237, 41.4727629 ], [ 31.8015827, 41.4736055 ], [ 31.8020518, 41.4737205 ], [ 31.8023398, 41.4737974 ], [ 31.803323, 41.4737198 ], [ 31.8038696, 41.4739411 ], [ 31.8045583, 41.4742366 ], [ 31.8048287, 41.4742582 ], [ 31.805127, 41.4742524 ], [ 31.805341, 41.4742201 ], [ 31.8055295, 41.4741475 ], [ 31.80558, 41.4742912 ], [ 31.8055914, 41.4746236 ], [ 31.8060694, 41.4747055 ], [ 31.8062802, 41.4748163 ], [ 31.8063399, 41.4748884 ], [ 31.806531, 41.4748422 ], [ 31.8066315, 41.4748238 ], [ 31.806672, 41.4747044 ], [ 31.8067523, 41.4747569 ], [ 31.8068855, 41.474583 ], [ 31.8072193, 41.474596 ], [ 31.8072628, 41.4744608 ], [ 31.8083626, 41.474761 ], [ 31.8087801, 41.4748417 ], [ 31.8090063, 41.4749774 ], [ 31.8090034, 41.4750715 ], [ 31.8089147, 41.4751041 ], [ 31.809005, 41.4752793 ], [ 31.8091375, 41.4753796 ], [ 31.8092738, 41.4754931 ], [ 31.809443, 41.4753799 ], [ 31.8098457, 41.4754583 ], [ 31.8104647, 41.4756435 ], [ 31.8113548, 41.4760346 ], [ 31.811674, 41.4761919 ], [ 31.8129651, 41.4770298 ], [ 31.8134082, 41.4771614 ], [ 31.8135264, 41.4773224 ], [ 31.8138653, 41.4774024 ], [ 31.8139673, 41.4775369 ], [ 31.8142495, 41.477654 ], [ 31.8145915, 41.4778869 ], [ 31.8150732, 41.478255 ], [ 31.8152858, 41.4783136 ], [ 31.8155645, 41.4785481 ], [ 31.8158923, 41.4787053 ], [ 31.8161581, 41.4787967 ], [ 31.816237, 41.4789237 ], [ 31.8164996, 41.4791447 ], [ 31.8170281, 41.4793409 ], [ 31.8176426, 41.4796142 ], [ 31.817784, 41.4797931 ], [ 31.8182607, 41.4799603 ], [ 31.818714, 41.4801587 ], [ 31.8190936, 41.4803591 ], [ 31.8194541, 41.4805235 ], [ 31.8196639, 41.480623 ], [ 31.8206329, 41.4810708 ], [ 31.8211841, 41.4813043 ], [ 31.8215518, 41.4814098 ], [ 31.8218735, 41.4816112 ], [ 31.8220151, 41.4817886 ], [ 31.8221529, 41.4818028 ], [ 31.8222995, 41.4818596 ], [ 31.8224384, 41.4818329 ], [ 31.8225734, 41.4818832 ], [ 31.8227028, 41.481947 ], [ 31.8228611, 41.4819995 ], [ 31.8229282, 41.4820482 ], [ 31.8229422, 41.4820821 ], [ 31.8228434, 41.4821042 ], [ 31.8229633, 41.4821813 ], [ 31.8230303, 41.4821622 ], [ 31.8229903, 41.4820997 ], [ 31.8230186, 41.4820539 ], [ 31.8231479, 41.4821161 ], [ 31.8232125, 41.482116 ], [ 31.8232383, 41.4821969 ], [ 31.82326, 41.4822388 ], [ 31.8233417, 41.4822565 ], [ 31.8233381, 41.4823682 ], [ 31.8234263, 41.4823588 ], [ 31.8234247, 41.4822917 ], [ 31.8234988, 41.4823236 ], [ 31.8235754, 41.4823148 ], [ 31.823673, 41.4823303 ], [ 31.823717, 41.4823431 ], [ 31.8237907, 41.4823762 ], [ 31.8238868, 41.4824126 ], [ 31.8239274, 41.482438 ], [ 31.8240157, 41.4824748 ], [ 31.8241048, 41.4825053 ], [ 31.8243852, 41.4826349 ], [ 31.8248122, 41.4828374 ], [ 31.8259323, 41.4833453 ], [ 31.8272697, 41.4840022 ], [ 31.8285125, 41.4846681 ], [ 31.8292209, 41.4851381 ], [ 31.8294998, 41.4853853 ], [ 31.8296834, 41.4856255 ], [ 31.829915, 41.4858751 ], [ 31.8300937, 41.4860228 ], [ 31.8301498, 41.4862786 ], [ 31.8302867, 41.4865541 ], [ 31.8304701, 41.48665 ], [ 31.830773, 41.4870349 ], [ 31.8309588, 41.4873434 ], [ 31.831188, 41.4878086 ], [ 31.8313109, 41.4881165 ], [ 31.8313971, 41.4888518 ], [ 31.8313774, 41.4892544 ], [ 31.8312711, 41.4895777 ], [ 31.8312462, 41.489744 ], [ 31.8310626, 41.4901588 ], [ 31.8309605, 41.4902518 ], [ 31.831001, 41.4903021 ], [ 31.8307244, 41.4902667 ], [ 31.8307175, 41.4903113 ], [ 31.8308546, 41.4903792 ], [ 31.8309168, 41.4904498 ], [ 31.8305998, 41.4904094 ], [ 31.8305359, 41.4904449 ], [ 31.8307373, 41.4905146 ], [ 31.8308747, 41.4905789 ], [ 31.8306785, 41.4905399 ], [ 31.8306735, 41.4906277 ], [ 31.8310071, 41.490755 ], [ 31.8310039, 41.4906451 ], [ 31.8311876, 41.4906827 ], [ 31.8313822, 41.4907939 ], [ 31.8315524, 41.4908942 ], [ 31.8315928, 41.4910453 ], [ 31.8317152, 41.4911882 ], [ 31.8318053, 41.4911995 ], [ 31.8317788, 41.4910279 ], [ 31.8319241, 41.4910819 ], [ 31.832055, 41.4911973 ], [ 31.8323542, 41.4912868 ], [ 31.8325277, 41.4912945 ], [ 31.8329061, 41.4914172 ], [ 31.8334526, 41.4916788 ], [ 31.8337424, 41.4918585 ], [ 31.8338826, 41.4920685 ], [ 31.8338756, 41.4923623 ], [ 31.8338022, 41.4924906 ], [ 31.8338456, 41.4925485 ], [ 31.8339675, 41.4925974 ], [ 31.8341331, 41.4926872 ], [ 31.8342395, 41.4926928 ], [ 31.8343373, 41.4925956 ], [ 31.834619, 41.4926368 ], [ 31.8353692, 41.492816 ], [ 31.8357725, 41.4930105 ], [ 31.836495, 41.4932124 ], [ 31.8380545, 41.4938755 ], [ 31.8399658, 41.494611 ], [ 31.8410617, 41.4949722 ], [ 31.8423944, 41.4955895 ], [ 31.8425232, 41.496024 ], [ 31.8424347, 41.4965003 ], [ 31.842188, 41.4967577 ], [ 31.8421489, 41.4968797 ], [ 31.8422768, 41.4969836 ], [ 31.8424303, 41.496945 ], [ 31.8425202, 41.4967657 ], [ 31.8430737, 41.4962465 ], [ 31.8440533, 41.4968606 ], [ 31.8438997, 41.4970662 ], [ 31.8458302, 41.4983598 ], [ 31.846123, 41.4990199 ], [ 31.8453794, 41.4992745 ], [ 31.8454349, 41.4993756 ], [ 31.844744, 41.4995689 ], [ 31.8443846, 41.4995164 ], [ 31.841017, 41.4970766 ], [ 31.8408751, 41.4967644 ], [ 31.8405823, 41.496678 ], [ 31.8404894, 41.4967378 ], [ 31.8403739, 41.4969105 ], [ 31.8404093, 41.4970474 ], [ 31.8429905, 41.4989319 ], [ 31.8434991, 41.4992865 ], [ 31.8441128, 41.4996871 ], [ 31.8444591, 41.4998208 ], [ 31.8447528, 41.4998578 ], [ 31.8454367, 41.4998381 ], [ 31.8463461, 41.5000818 ], [ 31.8484965, 41.5006524 ], [ 31.8531696, 41.5022545 ], [ 31.8575152, 41.5034663 ], [ 31.8584526, 41.5037711 ], [ 31.8614899, 41.5047589 ], [ 31.8622047, 41.5052404 ], [ 31.8622877, 41.5056032 ], [ 31.8630856, 41.5058593 ], [ 31.8636018, 41.5061095 ], [ 31.8636817, 41.5061482 ], [ 31.8642774, 41.5062668 ], [ 31.8643744, 41.5062861 ], [ 31.8650582, 41.5068507 ], [ 31.8655317, 41.5070083 ], [ 31.8655755, 41.5074088 ], [ 31.8659876, 41.5075401 ], [ 31.8665662, 41.5076649 ], [ 31.8669345, 41.5079209 ], [ 31.8676972, 41.5084396 ], [ 31.8677849, 41.5087154 ], [ 31.867478, 41.5094047 ], [ 31.8678112, 41.5097002 ], [ 31.8678375, 41.5099365 ], [ 31.8682759, 41.5099759 ], [ 31.8684249, 41.5096411 ], [ 31.868774, 41.509517 ], [ 31.8692841, 41.5095222 ], [ 31.8698113, 41.5095276 ], [ 31.8709061, 41.5098446 ], [ 31.8732646, 41.510488 ], [ 31.8750356, 41.5109607 ], [ 31.8758615, 41.5112625 ], [ 31.8759562, 41.5115057 ], [ 31.876605, 41.5118667 ], [ 31.87664, 41.5123132 ], [ 31.8768855, 41.5126217 ], [ 31.877736, 41.5126743 ], [ 31.8790248, 41.512996 ], [ 31.8802873, 41.5131929 ], [ 31.8818192, 41.5136761 ], [ 31.882698, 41.514017 ], [ 31.8832332, 41.5145256 ], [ 31.884051, 41.514801 ], [ 31.885028, 41.5153224 ], [ 31.8851094, 41.5153659 ], [ 31.885741, 41.515844 ], [ 31.8856819, 41.5160239 ], [ 31.8862321, 41.5162698 ], [ 31.88688, 41.5165157 ], [ 31.8890543, 41.5169941 ], [ 31.8908648, 41.5172798 ], [ 31.8917257, 41.5174925 ], [ 31.8926842, 41.5180773 ], [ 31.8941426, 41.5185354 ], [ 31.8942284, 41.5185623 ], [ 31.8949384, 41.5189943 ], [ 31.8947254, 41.5194793 ], [ 31.894752, 41.5201106 ], [ 31.8951336, 41.5211871 ], [ 31.8954265, 41.5213 ], [ 31.8956484, 41.5212402 ], [ 31.8957016, 41.5209811 ], [ 31.8954443, 41.5208017 ], [ 31.8950449, 41.5200707 ], [ 31.8951248, 41.5196189 ], [ 31.8954176, 41.5194993 ], [ 31.895675, 41.5190142 ], [ 31.8959058, 41.518961 ], [ 31.8973169, 41.5190674 ], [ 31.8980357, 41.5192866 ], [ 31.8983464, 41.5195857 ], [ 31.8983109, 41.5196787 ], [ 31.8984085, 41.5198182 ], [ 31.8985594, 41.5198049 ], [ 31.8990386, 41.5200442 ], [ 31.8990564, 41.5201372 ], [ 31.8991984, 41.5201571 ], [ 31.8992427, 41.5200508 ], [ 31.900004, 41.5201146 ], [ 31.9005917, 41.5201638 ], [ 31.9008757, 41.5203033 ], [ 31.9008313, 41.5204894 ], [ 31.8993404, 41.5216854 ], [ 31.8990209, 41.5215127 ], [ 31.8987191, 41.5216655 ], [ 31.8989499, 41.5219446 ], [ 31.8989321, 41.5220708 ], [ 31.8984085, 41.522403 ], [ 31.8975654, 41.5226356 ], [ 31.8962874, 41.5229944 ], [ 31.8955685, 41.5229346 ], [ 31.8950893, 41.5228017 ], [ 31.8948053, 41.5225359 ], [ 31.8945124, 41.5225492 ], [ 31.8944148, 41.5227618 ], [ 31.8945213, 41.5229213 ], [ 31.8954842, 41.5232469 ], [ 31.8960896, 41.5232812 ], [ 31.898016, 41.5228142 ], [ 31.8989517, 41.5224021 ], [ 31.8995388, 41.5218802 ], [ 31.9006671, 41.5210079 ], [ 31.9012266, 41.520637 ], [ 31.902254, 41.5204722 ], [ 31.9027861, 41.5205477 ], [ 31.9032906, 41.5205134 ], [ 31.9039786, 41.5207057 ], [ 31.9041529, 41.5207057 ], [ 31.9041621, 41.5205477 ], [ 31.903896, 41.5202662 ], [ 31.9042538, 41.5201357 ], [ 31.9046391, 41.5198541 ], [ 31.9048042, 41.5195999 ], [ 31.9045198, 41.5190642 ], [ 31.9036667, 41.5183705 ], [ 31.9030062, 41.517615 ], [ 31.9032539, 41.5177111 ], [ 31.9037676, 41.5181645 ], [ 31.904052, 41.518343 ], [ 31.9050243, 41.5193321 ], [ 31.9051619, 41.5196755 ], [ 31.9050335, 41.5205958 ], [ 31.904318, 41.5218595 ], [ 31.9040887, 41.5218939 ], [ 31.9040795, 41.5219832 ], [ 31.9042203, 41.5220807 ], [ 31.903896, 41.522718 ], [ 31.90363, 41.5229859 ], [ 31.9030704, 41.5235971 ], [ 31.902621, 41.5242358 ], [ 31.9022441, 41.5248791 ], [ 31.902102, 41.5253041 ], [ 31.9020662, 41.5254688 ], [ 31.9020786, 41.5255846 ], [ 31.9021348, 41.5256574 ], [ 31.9021892, 41.5257311 ], [ 31.902268, 41.525756 ], [ 31.9023641, 41.5257527 ], [ 31.9024731, 41.5257225 ], [ 31.9025256, 41.5256861 ], [ 31.9025632, 41.5256265 ], [ 31.9025821, 41.5255585 ], [ 31.9025235, 41.5254762 ], [ 31.9027402, 41.5247784 ], [ 31.9029824, 41.5244476 ], [ 31.9031346, 41.5243349 ], [ 31.9032854, 41.524415 ], [ 31.9038012, 41.5237329 ], [ 31.9036512, 41.5236707 ], [ 31.9037766, 41.5234109 ], [ 31.9039887, 41.5233651 ], [ 31.9040561, 41.5232436 ], [ 31.9040394, 41.5231734 ], [ 31.9041358, 41.5230483 ], [ 31.9041863, 41.5231696 ], [ 31.9046738, 41.5230738 ], [ 31.9046315, 41.5229264 ], [ 31.907868, 41.5229722 ], [ 31.9080607, 41.5230202 ], [ 31.9081647, 41.5231715 ], [ 31.908084, 41.5236061 ], [ 31.9086333, 41.5241425 ], [ 31.9087196, 41.5241694 ], [ 31.9088261, 41.5241491 ], [ 31.9090736, 41.5240001 ], [ 31.9092342, 41.5240575 ], [ 31.9093903, 41.5240692 ], [ 31.9093969, 41.5241602 ], [ 31.9098321, 41.5241754 ], [ 31.9098381, 41.524064 ], [ 31.9099687, 41.5240777 ], [ 31.9099136, 41.5252179 ], [ 31.9097302, 41.5252385 ], [ 31.909721, 41.5268936 ], [ 31.9099503, 41.5269073 ], [ 31.9099045, 41.527285 ], [ 31.9097485, 41.5275185 ], [ 31.9095009, 41.5277383 ], [ 31.9091614, 41.5279374 ], [ 31.9084459, 41.5281572 ], [ 31.908345, 41.5279306 ], [ 31.9048684, 41.5287066 ], [ 31.9049509, 41.5289469 ], [ 31.9045015, 41.5290499 ], [ 31.9039602, 41.5290637 ], [ 31.9033548, 41.5289401 ], [ 31.902164, 41.5284662 ], [ 31.9018963, 41.5283083 ], [ 31.9018053, 41.5282742 ], [ 31.9017071, 41.5282561 ], [ 31.9015689, 41.5282586 ], [ 31.901473, 41.5282963 ], [ 31.9013978, 41.5283697 ], [ 31.9013686, 41.5284325 ], [ 31.9013717, 41.528509 ], [ 31.9014238, 41.5285621 ], [ 31.9014814, 41.5286042 ], [ 31.9032906, 41.5292354 ], [ 31.9038685, 41.5293452 ], [ 31.9045748, 41.5293109 ], [ 31.9090881, 41.5283357 ], [ 31.9095184, 41.5282752 ], [ 31.9099201, 41.5282325 ], [ 31.9104089, 41.5281207 ], [ 31.9114723, 41.5278615 ], [ 31.9119892, 41.5277571 ], [ 31.9128095, 41.5277278 ], [ 31.9148554, 41.5277743 ], [ 31.9164871, 41.5278832 ], [ 31.9173286, 41.5280896 ], [ 31.9178546, 41.5282266 ], [ 31.9184506, 41.5282628 ], [ 31.9191575, 41.5282455 ], [ 31.9198383, 41.5282108 ], [ 31.920323, 41.5282436 ], [ 31.9211594, 41.5283524 ], [ 31.9221419, 41.5285793 ], [ 31.9230438, 41.5288141 ], [ 31.92349, 41.5288302 ], [ 31.9243247, 41.5291255 ], [ 31.9249118, 41.5294826 ], [ 31.9271226, 41.5298191 ], [ 31.9274161, 41.5299976 ], [ 31.928311, 41.5302569 ], [ 31.9286982, 41.5305733 ], [ 31.9293427, 41.5309648 ], [ 31.9296094, 41.5311807 ], [ 31.9304296, 41.5310929 ], [ 31.9309431, 41.5307231 ], [ 31.931302, 41.5306392 ], [ 31.9320111, 41.5306686 ], [ 31.9329159, 41.5307867 ], [ 31.9345631, 41.5310903 ], [ 31.9357041, 41.5313782 ], [ 31.9362513, 41.531613 ], [ 31.9364113, 41.5318242 ], [ 31.9363486, 41.5319322 ], [ 31.9361478, 41.5320544 ], [ 31.9362168, 41.5322469 ], [ 31.9365874, 41.5320809 ], [ 31.9368752, 41.5321812 ], [ 31.9368054, 41.5324038 ], [ 31.9368814, 41.5325846 ], [ 31.937748, 41.5322478 ], [ 31.939389, 41.5324743 ], [ 31.940482, 41.5325772 ], [ 31.9414452, 41.5326235 ], [ 31.9417748, 41.5327115 ], [ 31.9419471, 41.5329366 ], [ 31.9424159, 41.5332248 ], [ 31.9428817, 41.5332476 ], [ 31.943007, 41.5337297 ], [ 31.943527, 41.5341674 ], [ 31.944142, 41.5343231 ], [ 31.945051, 41.5346575 ], [ 31.9452988, 41.534421 ], [ 31.945733, 41.5345719 ], [ 31.9462844, 41.5346148 ], [ 31.946912, 41.534775 ], [ 31.94724, 41.534882 ], [ 31.9470059, 41.5350865 ], [ 31.9469789, 41.5352666 ], [ 31.9474841, 41.5352133 ], [ 31.9477424, 41.5353825 ], [ 31.9478927, 41.5350644 ], [ 31.9480328, 41.5350612 ], [ 31.948616, 41.535048 ], [ 31.9505134, 41.5353161 ], [ 31.9516652, 41.5355352 ], [ 31.9525359, 41.5357226 ], [ 31.9540827, 41.5360825 ], [ 31.9550888, 41.5362979 ], [ 31.9572048, 41.5367901 ], [ 31.9577207, 41.5369145 ], [ 31.9580235, 41.5370746 ], [ 31.958156, 41.5371447 ], [ 31.9584977, 41.5373041 ], [ 31.9588796, 41.5375734 ], [ 31.9592354, 41.5379217 ], [ 31.9594793, 41.5382803 ], [ 31.959992, 41.5387799 ], [ 31.9601103, 41.5392026 ], [ 31.9603614, 41.539559 ], [ 31.9609127, 41.5396677 ], [ 31.9616796, 41.539818 ], [ 31.96239, 41.5400857 ], [ 31.9631735, 41.5405007 ], [ 31.9638588, 41.5409891 ], [ 31.9646131, 41.5409505 ], [ 31.9654674, 41.5416919 ], [ 31.9660974, 41.5418845 ], [ 31.9664879, 41.5419111 ], [ 31.9667896, 41.5420572 ], [ 31.9669582, 41.5422565 ], [ 31.9672865, 41.5422498 ], [ 31.9674196, 41.5421037 ], [ 31.9684224, 41.542303 ], [ 31.9694252, 41.5424557 ], [ 31.9699221, 41.5424557 ], [ 31.970561, 41.5426152 ], [ 31.9716348, 41.5426417 ], [ 31.9728594, 41.5429273 ], [ 31.9729734, 41.5429302 ], [ 31.9738976, 41.5429539 ], [ 31.9748472, 41.5431266 ], [ 31.9755216, 41.5434255 ], [ 31.9757692, 41.5434316 ], [ 31.9763202, 41.5434454 ], [ 31.9767107, 41.5436048 ], [ 31.9769503, 41.5439037 ], [ 31.9772875, 41.5439834 ], [ 31.9776691, 41.5439103 ], [ 31.9777401, 41.543731 ], [ 31.978237, 41.5436978 ], [ 31.9794173, 41.5438572 ], [ 31.9829669, 41.5445081 ], [ 31.9882203, 41.5453582 ], [ 31.9890988, 41.5455906 ], [ 31.9902347, 41.54577 ], [ 31.9912995, 41.546029 ], [ 31.9927815, 41.5463212 ], [ 31.9939262, 41.5465736 ], [ 31.9952573, 41.5469189 ], [ 31.9958785, 41.5473506 ], [ 31.9971209, 41.5475299 ], [ 31.9981059, 41.5478952 ], [ 31.9992329, 41.5482472 ], [ 31.9997653, 41.5486191 ], [ 32.0002001, 41.5486125 ], [ 32.001357, 41.548994 ], [ 32.0022538, 41.5493379 ], [ 32.002659, 41.5496004 ], [ 32.0028645, 41.5499684 ], [ 32.0031664, 41.5502741 ], [ 32.0043026, 41.5508803 ], [ 32.004526, 41.5512577 ], [ 32.0051273, 41.5516421 ], [ 32.0056257, 41.5520281 ], [ 32.0058121, 41.5521344 ], [ 32.0062205, 41.5526394 ], [ 32.0066266, 41.5527557 ], [ 32.0071172, 41.5533303 ], [ 32.0078985, 41.553616 ], [ 32.0084933, 41.5540412 ], [ 32.0100839, 41.5551181 ], [ 32.0111219, 41.5559255 ], [ 32.0120277, 41.5564854 ], [ 32.012759, 41.5571136 ], [ 32.0139402, 41.5578598 ], [ 32.0150583, 41.5585162 ], [ 32.0157543, 41.5588587 ], [ 32.0168463, 41.5594798 ], [ 32.017932, 41.5602272 ], [ 32.0185837, 41.5607532 ], [ 32.0192423, 41.5614618 ], [ 32.0195379, 41.5619536 ], [ 32.0196642, 41.5623784 ], [ 32.019777, 41.5629905 ], [ 32.0196155, 41.5638088 ], [ 32.0194262, 41.5640036 ], [ 32.0194497, 41.5641448 ], [ 32.0196519, 41.5641761 ], [ 32.0197286, 41.5640718 ], [ 32.019861, 41.563931 ], [ 32.0200771, 41.563738 ], [ 32.0201426, 41.5637799 ], [ 32.021122, 41.562954 ], [ 32.0220131, 41.5634906 ], [ 32.0222661, 41.5634407 ], [ 32.0227916, 41.5639017 ], [ 32.022303, 41.5653367 ], [ 32.0219511, 41.5657578 ], [ 32.0219315, 41.5660277 ], [ 32.0211995, 41.566299 ], [ 32.0208161, 41.5663094 ], [ 32.0205163, 41.5662781 ], [ 32.0201956, 41.5661216 ], [ 32.0179161, 41.5638266 ], [ 32.0179509, 41.5636389 ], [ 32.0177348, 41.5635033 ], [ 32.0175117, 41.5635241 ], [ 32.0173863, 41.5636545 ], [ 32.0174281, 41.5638214 ], [ 32.0198959, 41.5662624 ], [ 32.0203769, 41.5665441 ], [ 32.0208021, 41.5666171 ], [ 32.0211646, 41.5666067 ], [ 32.0222591, 41.5662311 ], [ 32.022824, 41.5661747 ], [ 32.0231228, 41.566286 ], [ 32.0240926, 41.5668053 ], [ 32.024856, 41.5674077 ], [ 32.0251676, 41.567621 ], [ 32.0259226, 41.5681377 ], [ 32.0260094, 41.5682173 ], [ 32.0270358, 41.5691573 ], [ 32.0272091, 41.5693538 ], [ 32.0272978, 41.5694543 ], [ 32.0276243, 41.5698246 ], [ 32.0278521, 41.5700828 ], [ 32.0282113, 41.5707017 ], [ 32.0282408, 41.5707526 ], [ 32.028505, 41.5713685 ], [ 32.0286388, 41.5716804 ], [ 32.0288139, 41.5719401 ], [ 32.0291189, 41.5723926 ], [ 32.0292576, 41.5725985 ], [ 32.0290652, 41.5729153 ], [ 32.0289112, 41.5729633 ], [ 32.0288214, 41.5731072 ], [ 32.0288599, 41.5733328 ], [ 32.0287252, 41.5734912 ], [ 32.0285327, 41.5735151 ], [ 32.0284814, 41.5739854 ], [ 32.0287059, 41.5741054 ], [ 32.0288022, 41.5741054 ], [ 32.0290395, 41.5743214 ], [ 32.0293923, 41.5743646 ], [ 32.0296874, 41.5744653 ], [ 32.0302519, 41.5744845 ], [ 32.0308613, 41.5745325 ], [ 32.0312077, 41.5745997 ], [ 32.0317133, 41.5747795 ], [ 32.0322469, 41.5749692 ], [ 32.0337352, 41.5753963 ], [ 32.0347552, 41.5756267 ], [ 32.0357815, 41.5758618 ], [ 32.0365691, 41.5759465 ], [ 32.0375161, 41.5762029 ], [ 32.0381358, 41.5764617 ], [ 32.0384333, 41.5765601 ], [ 32.0386801, 41.5765548 ], [ 32.0390881, 41.5766777 ], [ 32.0405221, 41.5771815 ], [ 32.0410884, 41.5772115 ], [ 32.0421303, 41.5774244 ], [ 32.0432801, 41.577653 ], [ 32.0445784, 41.5780372 ], [ 32.0455715, 41.5784775 ], [ 32.0459113, 41.5787966 ], [ 32.0462292, 41.5790906 ], [ 32.0464903, 41.5791841 ], [ 32.0466937, 41.5792329 ], [ 32.0477286, 41.5794857 ], [ 32.0481589, 41.5797645 ], [ 32.0489216, 41.5802483 ], [ 32.0498001, 41.5807028 ], [ 32.0502951, 41.5809677 ], [ 32.0513296, 41.5813383 ], [ 32.052478, 41.5816231 ], [ 32.054525, 41.582045 ], [ 32.0583756, 41.5828434 ], [ 32.0593866, 41.5832089 ], [ 32.0625537, 41.5849621 ], [ 32.0614038, 41.587788 ], [ 32.0613456, 41.5880285 ], [ 32.0613348, 41.5885501 ], [ 32.0614194, 41.5888916 ], [ 32.0615923, 41.5892 ], [ 32.0617909, 41.5894283 ], [ 32.0621717, 41.5897048 ], [ 32.062606, 41.589913 ], [ 32.0647037, 41.5903555 ], [ 32.0679223, 41.5900105 ], [ 32.0682013, 41.5900586 ], [ 32.0684159, 41.5899704 ], [ 32.068491, 41.5898179 ], [ 32.0683944, 41.5896414 ], [ 32.0681476, 41.5895852 ], [ 32.0679877, 41.5895973 ], [ 32.0678331, 41.589508 ], [ 32.0676955, 41.5893604 ], [ 32.0677907, 41.5891028 ], [ 32.0652958, 41.5884826 ], [ 32.0662098, 41.586318 ], [ 32.0673471, 41.5836924 ], [ 32.0692696, 41.58417 ], [ 32.075923, 41.5857844 ], [ 32.0849334, 41.5879932 ], [ 32.0824108, 41.5938001 ], [ 32.0827738, 41.593889 ], [ 32.0826769, 41.5940879 ], [ 32.082541, 41.5942397 ], [ 32.0813012, 41.5939984 ], [ 32.081269, 41.5938861 ], [ 32.0806253, 41.5936935 ], [ 32.0804644, 41.5937577 ], [ 32.0795739, 41.5935651 ], [ 32.0794344, 41.5934608 ], [ 32.07775, 41.5930757 ], [ 32.0776749, 41.5929633 ], [ 32.0770848, 41.5927948 ], [ 32.0769453, 41.592851 ], [ 32.0749926, 41.5924097 ], [ 32.0743167, 41.5923134 ], [ 32.0742202, 41.5922091 ], [ 32.0735335, 41.5921609 ], [ 32.0733189, 41.5922332 ], [ 32.0711625, 41.5922653 ], [ 32.066946, 41.5927387 ], [ 32.0667529, 41.5928189 ], [ 32.0665812, 41.5929072 ], [ 32.0663881, 41.5928992 ], [ 32.0662165, 41.5930035 ], [ 32.0661414, 41.5931559 ], [ 32.066195, 41.5933084 ], [ 32.0664418, 41.5934047 ], [ 32.0666671, 41.5933244 ], [ 32.0670318, 41.5930837 ], [ 32.0711303, 41.5926344 ], [ 32.072643, 41.5925702 ], [ 32.0741129, 41.5926504 ], [ 32.0755935, 41.5929152 ], [ 32.0820844, 41.5944638 ], [ 32.0847988, 41.5951378 ], [ 32.0855069, 41.5951057 ], [ 32.0861828, 41.5949131 ], [ 32.0866871, 41.5945922 ], [ 32.0870519, 41.594191 ], [ 32.0891264, 41.5894636 ], [ 32.0895754, 41.5893356 ], [ 32.0904291, 41.5893089 ], [ 32.0912689, 41.5893182 ], [ 32.0924837, 41.5893298 ], [ 32.0939895, 41.5894223 ], [ 32.0949129, 41.589552 ], [ 32.0949082, 41.5898465 ], [ 32.0953023, 41.5900025 ], [ 32.0958346, 41.5906082 ], [ 32.0960757, 41.5901853 ], [ 32.0964861, 41.5900998 ], [ 32.0973323, 41.5902392 ], [ 32.0977482, 41.590432 ], [ 32.0982152, 41.5903435 ], [ 32.0987433, 41.5903608 ], [ 32.0994394, 41.5904841 ], [ 32.0998163, 41.5907391 ], [ 32.0998031, 41.5909252 ], [ 32.1002911, 41.5908517 ], [ 32.1007955, 41.5909854 ], [ 32.1015096, 41.5911219 ], [ 32.1019154, 41.59178 ], [ 32.1023177, 41.5920021 ], [ 32.1032812, 41.5922523 ], [ 32.1055477, 41.5926299 ], [ 32.105484, 41.5928353 ], [ 32.1053571, 41.5932853 ], [ 32.1055284, 41.5934084 ], [ 32.105724, 41.5934141 ], [ 32.1059631, 41.5932896 ], [ 32.1063058, 41.5929861 ], [ 32.1066344, 41.5930118 ], [ 32.1069569, 41.5931556 ], [ 32.106962, 41.5935129 ], [ 32.1072235, 41.5936187 ], [ 32.1077606, 41.5934847 ], [ 32.1079417, 41.5936642 ], [ 32.1080424, 41.59387 ], [ 32.1087451, 41.5941732 ], [ 32.1091086, 41.5941401 ], [ 32.109747, 41.5943146 ], [ 32.1110104, 41.5942225 ], [ 32.1111798, 41.5942581 ], [ 32.1118349, 41.5943417 ], [ 32.1124569, 41.594367 ], [ 32.1128794, 41.5943846 ], [ 32.1133622, 41.5945269 ], [ 32.1138779, 41.5945884 ], [ 32.1143822, 41.5948042 ], [ 32.1148127, 41.5950736 ], [ 32.1147698, 41.5952942 ], [ 32.1145338, 41.5956272 ], [ 32.1145294, 41.5957382 ], [ 32.1149039, 41.5957556 ], [ 32.115262, 41.595589 ], [ 32.115944, 41.5956017 ], [ 32.1163952, 41.5956513 ], [ 32.116583, 41.5958559 ], [ 32.116406, 41.5960525 ], [ 32.1164328, 41.5961126 ], [ 32.1166474, 41.5960444 ], [ 32.1170175, 41.5960123 ], [ 32.1176451, 41.5959482 ], [ 32.1181172, 41.5960324 ], [ 32.1182191, 41.596245 ], [ 32.1188905, 41.5962578 ], [ 32.1188168, 41.5961116 ], [ 32.1190131, 41.5959923 ], [ 32.1195459, 41.5959521 ], [ 32.1207231, 41.5962046 ], [ 32.1211141, 41.5962445 ], [ 32.1214783, 41.5963176 ], [ 32.1217982, 41.5963441 ], [ 32.1222158, 41.596477 ], [ 32.1234064, 41.5965966 ], [ 32.1240017, 41.5968358 ], [ 32.1245348, 41.5968358 ], [ 32.1253788, 41.5970285 ], [ 32.1263029, 41.5974205 ], [ 32.1271469, 41.5974205 ], [ 32.1277422, 41.5975933 ], [ 32.1285241, 41.5979521 ], [ 32.1291638, 41.5980385 ], [ 32.1292407, 41.5980621 ], [ 32.13031, 41.5983906 ], [ 32.1308342, 41.5984438 ], [ 32.1312518, 41.5986232 ], [ 32.1319625, 41.5987295 ], [ 32.1323446, 41.5989487 ], [ 32.1340683, 41.5994072 ], [ 32.134788, 41.5995135 ], [ 32.1363961, 41.6001314 ], [ 32.1374534, 41.6003639 ], [ 32.1390438, 41.6007692 ], [ 32.1406431, 41.6013207 ], [ 32.1412295, 41.6015599 ], [ 32.1411318, 41.601912 ], [ 32.1420736, 41.6027093 ], [ 32.1422602, 41.6030282 ], [ 32.1431753, 41.6036195 ], [ 32.1433797, 41.604337 ], [ 32.1435307, 41.6044566 ], [ 32.1439838, 41.6046359 ], [ 32.1448279, 41.6045164 ], [ 32.1450234, 41.6047356 ], [ 32.1450411, 41.6050877 ], [ 32.1452988, 41.6052671 ], [ 32.1453699, 41.6058717 ], [ 32.1458852, 41.6063035 ], [ 32.1467559, 41.6064696 ], [ 32.1478221, 41.6068482 ], [ 32.1487639, 41.606815 ], [ 32.1493651, 41.607002 ], [ 32.1498745, 41.6071605 ], [ 32.1502122, 41.6072402 ], [ 32.1506742, 41.6075126 ], [ 32.1513761, 41.6077584 ], [ 32.1518914, 41.6080241 ], [ 32.1528688, 41.6083629 ], [ 32.1535973, 41.6086818 ], [ 32.1539083, 41.6090273 ], [ 32.1544503, 41.6093661 ], [ 32.1554454, 41.6101832 ], [ 32.1558097, 41.6108807 ], [ 32.1560407, 41.6114254 ], [ 32.1560496, 41.6117775 ], [ 32.156014, 41.6123023 ], [ 32.1558896, 41.6127008 ], [ 32.1555964, 41.6127008 ], [ 32.1552766, 41.6127606 ], [ 32.1549212, 41.6127872 ], [ 32.1547257, 41.6127075 ], [ 32.1547079, 41.6125879 ], [ 32.1543614, 41.6125613 ], [ 32.1542637, 41.6129267 ], [ 32.1541038, 41.6129466 ], [ 32.1539971, 41.6127739 ], [ 32.1537928, 41.6127673 ], [ 32.1538194, 41.6129798 ], [ 32.1542903, 41.6133651 ], [ 32.1551078, 41.6136707 ], [ 32.1555076, 41.6136972 ], [ 32.1556853, 41.6138035 ], [ 32.1559785, 41.6137504 ], [ 32.1559163, 41.6136242 ], [ 32.1560496, 41.6133518 ], [ 32.1564405, 41.6133452 ], [ 32.1567604, 41.6134648 ], [ 32.1568581, 41.6138367 ], [ 32.1570447, 41.6141689 ], [ 32.1564849, 41.6141755 ], [ 32.1564672, 41.6143084 ], [ 32.1565649, 41.6144678 ], [ 32.1569558, 41.6144545 ], [ 32.1571868, 41.6146804 ], [ 32.1574267, 41.6146804 ], [ 32.15764, 41.6147866 ], [ 32.1576844, 41.6148863 ], [ 32.1575422, 41.6150125 ], [ 32.1573645, 41.6148796 ], [ 32.157249, 41.6149394 ], [ 32.1573912, 41.6151719 ], [ 32.1578443, 41.6154376 ], [ 32.1580487, 41.6157432 ], [ 32.1586262, 41.6159889 ], [ 32.1589905, 41.616248 ], [ 32.1589816, 41.6165934 ], [ 32.1598612, 41.6167927 ], [ 32.1604209, 41.6172045 ], [ 32.160723, 41.6177093 ], [ 32.1609274, 41.6179019 ], [ 32.1609007, 41.6180614 ], [ 32.1604298, 41.6181344 ], [ 32.1604387, 41.6182872 ], [ 32.1612828, 41.618606 ], [ 32.1615582, 41.6190643 ], [ 32.1614161, 41.6194761 ], [ 32.1616826, 41.619961 ], [ 32.162038, 41.6201935 ], [ 32.1620202, 41.6205588 ], [ 32.1615671, 41.6205987 ], [ 32.1607319, 41.6203662 ], [ 32.1601366, 41.6203064 ], [ 32.1601189, 41.6203795 ], [ 32.1606697, 41.6207381 ], [ 32.1609807, 41.62113 ], [ 32.1616026, 41.6208178 ], [ 32.1618603, 41.6207514 ], [ 32.1619225, 41.6210171 ], [ 32.1628199, 41.6211964 ], [ 32.1629531, 41.6210702 ], [ 32.1629087, 41.6209042 ], [ 32.1627044, 41.6203928 ], [ 32.1633796, 41.6212496 ], [ 32.1638683, 41.6213691 ], [ 32.1641793, 41.621316 ], [ 32.1646057, 41.6216946 ], [ 32.16497, 41.6217942 ], [ 32.1654942, 41.621595 ], [ 32.1658852, 41.6218739 ], [ 32.1667914, 41.6220599 ], [ 32.1668357, 41.622086 ], [ 32.167209, 41.6223056 ], [ 32.167751, 41.6222525 ], [ 32.167982, 41.6223056 ], [ 32.1685513, 41.6221733 ], [ 32.1690393, 41.6220599 ], [ 32.1694836, 41.6223986 ], [ 32.1698656, 41.622837 ], [ 32.1712605, 41.6236938 ], [ 32.1711983, 41.6242118 ], [ 32.1713227, 41.624524 ], [ 32.170994, 41.6247099 ], [ 32.1707452, 41.6249225 ], [ 32.1707896, 41.6252147 ], [ 32.1711717, 41.6255866 ], [ 32.1713316, 41.6259187 ], [ 32.172229, 41.6263305 ], [ 32.1728776, 41.6263305 ], [ 32.1733041, 41.6265031 ], [ 32.1740859, 41.62645 ], [ 32.1746013, 41.6267356 ], [ 32.174548, 41.6269946 ], [ 32.1749478, 41.6272138 ], [ 32.1757918, 41.6272071 ], [ 32.1759162, 41.6273864 ], [ 32.1759962, 41.6276786 ], [ 32.1762433, 41.6280692 ], [ 32.1769924, 41.6287933 ], [ 32.1769272, 41.6292047 ], [ 32.1765894, 41.6293908 ], [ 32.1771317, 41.6296102 ], [ 32.1771051, 41.6298228 ], [ 32.1767414, 41.6300273 ], [ 32.1779764, 41.6299491 ], [ 32.1782574, 41.6302081 ], [ 32.1779995, 41.6304607 ], [ 32.1793437, 41.6313463 ], [ 32.1795678, 41.6317018 ], [ 32.180215, 41.632683 ], [ 32.180547, 41.633456 ], [ 32.1809216, 41.634127 ], [ 32.1812683, 41.635043 ], [ 32.1814343, 41.6358838 ], [ 32.181534, 41.636543 ], [ 32.1814708, 41.6373656 ], [ 32.1813035, 41.6375138 ], [ 32.1808914, 41.6375545 ], [ 32.1804455, 41.637499 ], [ 32.1799592, 41.6381253 ], [ 32.1799925, 41.6386961 ], [ 32.1796287, 41.639496 ], [ 32.1792835, 41.6394388 ], [ 32.1792828, 41.6399748 ], [ 32.1785338, 41.6401362 ], [ 32.177558, 41.639852 ], [ 32.1769375, 41.6406507 ], [ 32.175842, 41.640224 ], [ 32.175161, 41.639962 ], [ 32.173794, 41.639825 ], [ 32.1736398, 41.6399159 ], [ 32.1736331, 41.640305 ], [ 32.1741677, 41.6406703 ], [ 32.1754841, 41.6408878 ], [ 32.1761254, 41.6412731 ], [ 32.1776563, 41.6416649 ], [ 32.1786441, 41.6420717 ], [ 32.17958, 41.642511 ], [ 32.1803304, 41.6426575 ], [ 32.1806694, 41.6429697 ], [ 32.1823488, 41.643562 ], [ 32.1829546, 41.6438077 ], [ 32.1840387, 41.6442778 ], [ 32.1846355, 41.6441714 ], [ 32.1850962, 41.6444372 ], [ 32.1851163, 41.6445553 ], [ 32.1846362, 41.6446084 ], [ 32.1851515, 41.6449579 ], [ 32.1857476, 41.645047 ], [ 32.1862989, 41.644954 ], [ 32.1860123, 41.6445384 ], [ 32.1867418, 41.6442311 ], [ 32.1874192, 41.6443028 ], [ 32.1874182, 41.6443988 ], [ 32.187759, 41.645058 ], [ 32.1879834, 41.6452023 ], [ 32.1883402, 41.6456141 ], [ 32.1889897, 41.6461705 ], [ 32.1901697, 41.6462188 ], [ 32.191508, 41.64624 ], [ 32.191847, 41.646499 ], [ 32.1913671, 41.6471864 ], [ 32.1922721, 41.6471303 ], [ 32.1924874, 41.6480635 ], [ 32.1930338, 41.6483632 ], [ 32.1927704, 41.648636 ], [ 32.1930945, 41.6486793 ], [ 32.1934424, 41.6485729 ], [ 32.194054, 41.6489626 ], [ 32.1947042, 41.6497199 ], [ 32.1945164, 41.6498853 ], [ 32.194539, 41.65024 ], [ 32.1949768, 41.65065 ], [ 32.194873, 41.650884 ], [ 32.194527, 41.651138 ], [ 32.1932815, 41.6513965 ], [ 32.1922855, 41.6519826 ], [ 32.192885, 41.6521512 ], [ 32.1932757, 41.6526429 ], [ 32.1945928, 41.6530813 ], [ 32.1944647, 41.6535216 ], [ 32.1945676, 41.6537837 ], [ 32.1950351, 41.6537574 ], [ 32.195198, 41.6539857 ], [ 32.1987115, 41.6534383 ], [ 32.1995378, 41.6536 ], [ 32.2000972, 41.6536184 ], [ 32.2013037, 41.6538235 ], [ 32.2023255, 41.654081 ], [ 32.203314, 41.654531 ], [ 32.2035493, 41.6550578 ], [ 32.2038566, 41.6550119 ], [ 32.204247, 41.6548484 ], [ 32.2049882, 41.6552826 ], [ 32.2054449, 41.6554857 ], [ 32.2059055, 41.6557849 ], [ 32.2061347, 41.6562821 ], [ 32.2065161, 41.6566721 ], [ 32.2073681, 41.6566988 ], [ 32.2073691, 41.656971 ], [ 32.2078109, 41.6574314 ], [ 32.2084939, 41.6581171 ], [ 32.2090207, 41.6580984 ], [ 32.2093993, 41.6579276 ], [ 32.2098837, 41.6578001 ], [ 32.2104223, 41.6578352 ], [ 32.2109323, 41.6583133 ], [ 32.2118723, 41.6586533 ], [ 32.2120349, 41.6587141 ], [ 32.2121463, 41.6587557 ], [ 32.2124058, 41.6588763 ], [ 32.2131975, 41.6592773 ], [ 32.2137264, 41.6595448 ], [ 32.2144855, 41.6600028 ], [ 32.2154215, 41.6606373 ], [ 32.219365, 41.663374 ], [ 32.220043, 41.663893 ], [ 32.2226571, 41.6659642 ], [ 32.223772, 41.666998 ], [ 32.224111, 41.667257 ], [ 32.225294, 41.668421 ], [ 32.226054, 41.6691847 ], [ 32.226648, 41.669713 ], [ 32.2272914, 41.6705632 ], [ 32.2276659, 41.671054 ], [ 32.227996, 41.671519 ], [ 32.228333, 41.672035 ], [ 32.2286809, 41.6724269 ], [ 32.2288657, 41.6727502 ], [ 32.229341, 41.673582 ], [ 32.22968, 41.673841 ], [ 32.23001, 41.67487 ], [ 32.230007, 41.675127 ], [ 32.229662, 41.675381 ], [ 32.229314, 41.675892 ], [ 32.2291736, 41.6763718 ], [ 32.2286448, 41.6771531 ], [ 32.2288382, 41.6776432 ], [ 32.22809, 41.678065 ], [ 32.226714, 41.67857 ], [ 32.2254993, 41.6789434 ], [ 32.2251316, 41.6793139 ], [ 32.225159, 41.679715 ], [ 32.224987, 41.679841 ], [ 32.2244168, 41.6800645 ], [ 32.2237446, 41.6801888 ], [ 32.2235727, 41.680572 ], [ 32.2244841, 41.6807118 ], [ 32.2245098, 41.6809034 ], [ 32.2243598, 41.6809565 ], [ 32.2243479, 41.6811129 ], [ 32.2248585, 41.6812361 ], [ 32.2246483, 41.6814989 ], [ 32.2259041, 41.681479 ], [ 32.2262314, 41.6818985 ], [ 32.2259853, 41.6821535 ], [ 32.2255994, 41.6822228 ], [ 32.2261506, 41.6823489 ], [ 32.2250852, 41.6827381 ], [ 32.225633, 41.683055 ], [ 32.225269, 41.6833983 ], [ 32.2249635, 41.6833511 ], [ 32.2246264, 41.6831466 ], [ 32.2241417, 41.6833826 ], [ 32.22391, 41.6835793 ], [ 32.2240025, 41.6842451 ], [ 32.2240862, 41.6848475 ], [ 32.2240188, 41.6849532 ], [ 32.2249695, 41.6851446 ], [ 32.2259202, 41.6853359 ], [ 32.2260416, 41.6854568 ], [ 32.2258326, 41.6863229 ], [ 32.225927, 41.6864588 ], [ 32.2261225, 41.6864941 ], [ 32.2262328, 41.6864583 ], [ 32.2262851, 41.6863888 ], [ 32.2262611, 41.6862762 ], [ 32.2262827, 41.6862216 ], [ 32.227102, 41.686051 ], [ 32.2294701, 41.685558 ], [ 32.2313798, 41.6851604 ], [ 32.2319547, 41.6850407 ], [ 32.2318834, 41.6848391 ], [ 32.2319118, 41.6847887 ], [ 32.2323078, 41.6845293 ], [ 32.2323842, 41.6845047 ], [ 32.2330463, 41.6842914 ], [ 32.2341588, 41.6840195 ], [ 32.2347656, 41.6837198 ], [ 32.2348926, 41.6838282 ], [ 32.2355109, 41.6835455 ], [ 32.2354609, 41.6834575 ], [ 32.2362939, 41.6828919 ], [ 32.2363744, 41.6827914 ], [ 32.2365122, 41.6827816 ], [ 32.2366882, 41.6828628 ], [ 32.2367828, 41.6829591 ], [ 32.237414, 41.6833902 ], [ 32.2374355, 41.6835231 ], [ 32.2376945, 41.6837568 ], [ 32.2378077, 41.6840508 ], [ 32.2378779, 41.6841153 ], [ 32.23777, 41.6841959 ], [ 32.237716, 41.6844134 ], [ 32.2376135, 41.6844215 ], [ 32.2373978, 41.6846189 ], [ 32.2373468, 41.6847216 ], [ 32.2373535, 41.6848056 ], [ 32.2374904, 41.6849031 ], [ 32.2374108, 41.6849652 ], [ 32.2372803, 41.6848719 ], [ 32.2371879, 41.6848834 ], [ 32.2370748, 41.6849736 ], [ 32.2367853, 41.6851392 ], [ 32.236122, 41.68535 ], [ 32.2360472, 41.6853399 ], [ 32.235976, 41.6853731 ], [ 32.2360025, 41.6853943 ], [ 32.2361816, 41.6855128 ], [ 32.236102, 41.6855748 ], [ 32.2358771, 41.6854255 ], [ 32.2357704, 41.6854385 ], [ 32.2355662, 41.6855042 ], [ 32.2327904, 41.686055 ], [ 32.2325312, 41.6860172 ], [ 32.2324993, 41.6861638 ], [ 32.2324304, 41.6862961 ], [ 32.232247, 41.6864516 ], [ 32.2321402, 41.6865622 ], [ 32.2320481, 41.6866195 ], [ 32.2318714, 41.6866596 ], [ 32.231711, 41.6866994 ], [ 32.2318255, 41.686801 ], [ 32.2318542, 41.6869059 ], [ 32.2318584, 41.6870087 ], [ 32.2310287, 41.6889419 ], [ 32.2275889, 41.688947 ], [ 32.2273402, 41.6888723 ], [ 32.2243539, 41.6877841 ], [ 32.2238187, 41.6872945 ], [ 32.2234768, 41.6871791 ], [ 32.2231873, 41.6872935 ], [ 32.2232449, 41.6874911 ], [ 32.2240157, 41.687792 ], [ 32.2271676, 41.688995 ], [ 32.2275784, 41.6890581 ], [ 32.2309861, 41.6890651 ], [ 32.2322547, 41.6890677 ], [ 32.2332071, 41.6889418 ], [ 32.2343871, 41.6893446 ], [ 32.234511, 41.6892224 ], [ 32.234582, 41.6891523 ], [ 32.2351794, 41.689288 ], [ 32.2356609, 41.6895063 ], [ 32.2357721, 41.6896913 ], [ 32.2355429, 41.689896 ], [ 32.2356693, 41.6902993 ], [ 32.236316, 41.6903149 ], [ 32.2368145, 41.6906412 ], [ 32.2375051, 41.6904226 ], [ 32.2387384, 41.6908618 ], [ 32.2390421, 41.691318 ], [ 32.239383, 41.6916523 ], [ 32.2395623, 41.691706 ], [ 32.2397819, 41.6919366 ], [ 32.2407406, 41.6920716 ], [ 32.2417351, 41.6926436 ], [ 32.2424463, 41.6929952 ], [ 32.2430259, 41.6929032 ], [ 32.2436717, 41.6928566 ], [ 32.244538, 41.6930826 ], [ 32.2450478, 41.6930393 ], [ 32.2460781, 41.6930841 ], [ 32.2468502, 41.6932059 ], [ 32.2476103, 41.693437 ], [ 32.2484819, 41.6938397 ], [ 32.248674, 41.6941983 ], [ 32.2490108, 41.6944296 ], [ 32.2496646, 41.6946492 ], [ 32.2504215, 41.6947188 ], [ 32.2510377, 41.6950617 ], [ 32.2514252, 41.6953605 ], [ 32.2513032, 41.6955861 ], [ 32.2514104, 41.695705 ], [ 32.252073, 41.6962333 ], [ 32.2524783, 41.696616 ], [ 32.25303, 41.697612 ], [ 32.2533611, 41.6985401 ], [ 32.253529, 41.6986762 ], [ 32.2537598, 41.698751 ], [ 32.254728, 41.6989589 ], [ 32.255067, 41.699165 ], [ 32.255233, 41.699679 ], [ 32.255574, 41.69981 ], [ 32.256257, 41.699943 ], [ 32.256422, 41.700457 ], [ 32.256762, 41.700716 ], [ 32.256928, 41.701231 ], [ 32.2573429, 41.7014435 ], [ 32.2575191, 41.7018334 ], [ 32.2577645, 41.7017687 ], [ 32.258058, 41.7020004 ], [ 32.2581242, 41.702599 ], [ 32.2583047, 41.7028069 ], [ 32.2582632, 41.7030714 ], [ 32.2584743, 41.7030584 ], [ 32.2588482, 41.7034026 ], [ 32.2589592, 41.7036381 ], [ 32.2591813, 41.7036627 ], [ 32.2593835, 41.7038179 ], [ 32.2597338, 41.7037078 ], [ 32.2597582, 41.7034435 ], [ 32.2603835, 41.7033662 ], [ 32.2610138, 41.7033463 ], [ 32.2612729, 41.7034535 ], [ 32.2616859, 41.7038652 ], [ 32.2616057, 41.7044838 ], [ 32.2619877, 41.7046786 ], [ 32.2626016, 41.7047479 ], [ 32.2633897, 41.7049572 ], [ 32.264419, 41.705129 ], [ 32.2645572, 41.7058635 ], [ 32.2647383, 41.706107 ], [ 32.2644298, 41.7062706 ], [ 32.264557, 41.7066482 ], [ 32.2648225, 41.7069668 ], [ 32.2650033, 41.7080587 ], [ 32.2654767, 41.7080216 ], [ 32.2656358, 41.708241 ], [ 32.2653163, 41.7082976 ], [ 32.2654445, 41.7083889 ], [ 32.2652026, 41.7084915 ], [ 32.2655741, 41.7088503 ], [ 32.266092, 41.7085689 ], [ 32.2665118, 41.7085655 ], [ 32.2672062, 41.7083381 ], [ 32.2677453, 41.708249 ], [ 32.2682182, 41.7083881 ], [ 32.2680994, 41.7087275 ], [ 32.2693139, 41.7090047 ], [ 32.2699289, 41.7093855 ], [ 32.27014, 41.7095787 ], [ 32.2698688, 41.709979 ], [ 32.2704541, 41.7108322 ], [ 32.27088, 41.7109349 ], [ 32.2704012, 41.7109884 ], [ 32.2702435, 41.7111293 ], [ 32.2705616, 41.7114639 ], [ 32.2709023, 41.7114465 ], [ 32.271362, 41.712105 ], [ 32.2715707, 41.7126396 ], [ 32.2721018, 41.7124939 ], [ 32.2723453, 41.7128156 ], [ 32.2726535, 41.7128461 ], [ 32.2728911, 41.7129892 ], [ 32.273103, 41.7129822 ], [ 32.2741107, 41.713481 ], [ 32.2750973, 41.7140542 ], [ 32.275369, 41.7142995 ], [ 32.2760172, 41.7147358 ], [ 32.2763375, 41.7147894 ], [ 32.2765601, 41.7146068 ], [ 32.2768023, 41.71456 ], [ 32.2768149, 41.714818 ], [ 32.2771537, 41.7151654 ], [ 32.2775306, 41.7153438 ], [ 32.2778224, 41.7154537 ], [ 32.2787139, 41.7154369 ], [ 32.279315, 41.7155793 ], [ 32.2797085, 41.7159785 ], [ 32.2802385, 41.7160836 ], [ 32.2794684, 41.7168308 ], [ 32.2797179, 41.7171527 ], [ 32.2795599, 41.7173279 ], [ 32.2796471, 41.7175772 ], [ 32.2798222, 41.717552 ], [ 32.2800526, 41.7176791 ], [ 32.28022, 41.7175822 ], [ 32.2803077, 41.7176399 ], [ 32.2808967, 41.7175157 ], [ 32.2813919, 41.7176689 ], [ 32.2811845, 41.7179948 ], [ 32.2814895, 41.71818 ], [ 32.2817768, 41.7181964 ], [ 32.2819034, 41.7180367 ], [ 32.2822966, 41.7181728 ], [ 32.282134, 41.718401 ], [ 32.2825785, 41.718529 ], [ 32.2831922, 41.718528 ], [ 32.2829998, 41.7186503 ], [ 32.2832139, 41.7187126 ], [ 32.283598, 41.7186727 ], [ 32.2835347, 41.7188059 ], [ 32.2840934, 41.7188745 ], [ 32.2843906, 41.7191148 ], [ 32.2843592, 41.7193957 ], [ 32.283735, 41.7198303 ], [ 32.284172, 41.7200663 ], [ 32.2848229, 41.7201971 ], [ 32.2852221, 41.7203444 ], [ 32.2856885, 41.7201098 ], [ 32.2861812, 41.7203785 ], [ 32.2875347, 41.720169 ], [ 32.2886303, 41.7204279 ], [ 32.2890209, 41.7204225 ], [ 32.2896051, 41.7208587 ], [ 32.2896877, 41.7213028 ], [ 32.2898813, 41.721297 ], [ 32.290053, 41.7212311 ], [ 32.2903432, 41.7212745 ], [ 32.2910398, 41.7210699 ], [ 32.2916805, 41.7209919 ], [ 32.2920257, 41.7208946 ], [ 32.2922744, 41.7206842 ], [ 32.2925622, 41.720735 ], [ 32.2925029, 41.7209514 ], [ 32.2927843, 41.7212567 ], [ 32.2930541, 41.7214271 ], [ 32.2936815, 41.7215744 ], [ 32.2943386, 41.7217454 ], [ 32.2947906, 41.7219536 ], [ 32.2948539, 41.7221532 ], [ 32.295047, 41.7225936 ], [ 32.2953643, 41.7228805 ], [ 32.2956129, 41.7230941 ], [ 32.2957838, 41.7229522 ], [ 32.295934, 41.7231063 ], [ 32.296203, 41.7230084 ], [ 32.2961317, 41.7229336 ], [ 32.2962679, 41.7228749 ], [ 32.2964272, 41.7229644 ], [ 32.2968773, 41.7227622 ], [ 32.296997, 41.722982 ], [ 32.2972349, 41.7231814 ], [ 32.2978421, 41.7228455 ], [ 32.29836, 41.7231392 ], [ 32.2986999, 41.7230805 ], [ 32.2991677, 41.7230236 ], [ 32.2992428, 41.7232459 ], [ 32.29968, 41.722805 ], [ 32.2996655, 41.7225832 ], [ 32.3001555, 41.722541 ], [ 32.300199, 41.722423 ], [ 32.3005144, 41.7227562 ], [ 32.3010294, 41.7226281 ], [ 32.3012818, 41.7226217 ], [ 32.3015259, 41.7230475 ], [ 32.3018461, 41.7230567 ], [ 32.3021066, 41.7231918 ], [ 32.3015768, 41.7235099 ], [ 32.3018716, 41.7238428 ], [ 32.3029753, 41.723604 ], [ 32.3031912, 41.7236046 ], [ 32.302753, 41.7237293 ], [ 32.3027178, 41.7238106 ], [ 32.3038253, 41.7235303 ], [ 32.3039854, 41.7237095 ], [ 32.3035708, 41.7242272 ], [ 32.3038315, 41.7243881 ], [ 32.30446, 41.724375 ], [ 32.3044637, 41.7247883 ], [ 32.3040986, 41.7248101 ], [ 32.3037896, 41.7250798 ], [ 32.304141, 41.7251705 ], [ 32.3040088, 41.7255656 ], [ 32.304383, 41.7253498 ], [ 32.3044251, 41.7250666 ], [ 32.3045876, 41.7250658 ], [ 32.3047346, 41.7250996 ], [ 32.3049108, 41.7250135 ], [ 32.3052093, 41.7252918 ], [ 32.3054325, 41.7248838 ], [ 32.305789, 41.7246904 ], [ 32.3057364, 41.7245029 ], [ 32.3054314, 41.724437 ], [ 32.306007, 41.723998 ], [ 32.3069775, 41.7237285 ], [ 32.3074455, 41.7235872 ], [ 32.3086377, 41.7235283 ], [ 32.3091862, 41.7231459 ], [ 32.309786, 41.723123 ], [ 32.3102894, 41.722905 ], [ 32.3111114, 41.7227455 ], [ 32.3116738, 41.7228048 ], [ 32.3130374, 41.7228777 ], [ 32.3136288, 41.7230507 ], [ 32.3138691, 41.7232761 ], [ 32.3137701, 41.723403 ], [ 32.3138691, 41.7235678 ], [ 32.3142682, 41.7234805 ], [ 32.3148006, 41.7236204 ], [ 32.3152609, 41.7234553 ], [ 32.3159639, 41.7232246 ], [ 32.3160809, 41.7233562 ], [ 32.3164439, 41.723191 ], [ 32.3169665, 41.7231498 ], [ 32.3168708, 41.7233063 ], [ 32.3175942, 41.7232557 ], [ 32.3173396, 41.7234447 ], [ 32.3185158, 41.7237513 ], [ 32.3193215, 41.7237447 ], [ 32.3201369, 41.7236857 ], [ 32.3204623, 41.7235964 ], [ 32.3205159, 41.7237976 ], [ 32.3205285, 41.7240977 ], [ 32.3207463, 41.7243015 ], [ 32.3207074, 41.7249018 ], [ 32.3214759, 41.725091 ], [ 32.322524, 41.7248399 ], [ 32.3233003, 41.7245629 ], [ 32.3238225, 41.7245357 ], [ 32.3244652, 41.7242935 ], [ 32.3247715, 41.7237588 ], [ 32.3255619, 41.7235892 ], [ 32.325942, 41.7234356 ], [ 32.3262644, 41.7237744 ], [ 32.3269838, 41.7235584 ], [ 32.3274773, 41.7232669 ], [ 32.3277029, 41.7229958 ], [ 32.327612, 41.7225164 ], [ 32.3274872, 41.7224203 ], [ 32.32744, 41.7220905 ], [ 32.3272453, 41.7217094 ], [ 32.3274451, 41.7218063 ], [ 32.3273789, 41.721581 ], [ 32.3274803, 41.7216021 ], [ 32.327449, 41.721431 ], [ 32.3273526, 41.7214067 ], [ 32.3273237, 41.7212115 ], [ 32.327116, 41.7208479 ], [ 32.3271656, 41.7206822 ], [ 32.3279708, 41.7203114 ], [ 32.3283198, 41.7203184 ], [ 32.3290904, 41.7201532 ], [ 32.3300168, 41.7204725 ], [ 32.3308899, 41.7204581 ], [ 32.3308931, 41.7202775 ], [ 32.3314153, 41.7203224 ], [ 32.3315014, 41.7204241 ], [ 32.3318335, 41.720544 ], [ 32.3320164, 41.720966 ], [ 32.3323646, 41.7212199 ], [ 32.3327476, 41.7214055 ], [ 32.3330201, 41.7214982 ], [ 32.3334205, 41.7216487 ], [ 32.3336609, 41.7215494 ], [ 32.3340758, 41.7216385 ], [ 32.333998, 41.7217384 ], [ 32.333945, 41.722752 ], [ 32.3339401, 41.72313 ], [ 32.3341651, 41.7235734 ], [ 32.3344457, 41.7238224 ], [ 32.3349477, 41.7240998 ], [ 32.3354897, 41.7241891 ], [ 32.3371386, 41.7246798 ], [ 32.3377789, 41.7249347 ], [ 32.3385739, 41.7252129 ], [ 32.3389502, 41.7251733 ], [ 32.3391326, 41.7250662 ], [ 32.339161, 41.724889 ], [ 32.3391041, 41.7247877 ], [ 32.338911, 41.724667 ], [ 32.3387217, 41.724682 ], [ 32.3387289, 41.7247855 ], [ 32.3386108, 41.7248094 ], [ 32.3374999, 41.7244936 ], [ 32.3351642, 41.723805 ], [ 32.3348359, 41.7236933 ], [ 32.3344916, 41.7233994 ], [ 32.3343617, 41.7231283 ], [ 32.3343526, 41.7227848 ], [ 32.3345388, 41.7228128 ], [ 32.3347909, 41.722806 ], [ 32.3354775, 41.7214687 ], [ 32.3371507, 41.7219494 ], [ 32.3367706, 41.7226553 ], [ 32.3376171, 41.7229019 ], [ 32.3379033, 41.7224181 ], [ 32.3386407, 41.7226523 ], [ 32.3381907, 41.7234175 ], [ 32.3380779, 41.7234765 ], [ 32.3380919, 41.7235624 ], [ 32.338185, 41.7236276 ], [ 32.3383121, 41.723611 ], [ 32.3384151, 41.723553 ], [ 32.3386423, 41.7231031 ], [ 32.3391736, 41.722987 ], [ 32.3396956, 41.7229456 ], [ 32.3398385, 41.7229948 ], [ 32.3399724, 41.7229558 ], [ 32.3406247, 41.722972 ], [ 32.3406598, 41.7233127 ], [ 32.3413349, 41.7235255 ], [ 32.3416799, 41.723426 ], [ 32.3418513, 41.7236426 ], [ 32.3421045, 41.7240869 ], [ 32.3425068, 41.7242911 ], [ 32.3430505, 41.7247012 ], [ 32.3430711, 41.7249551 ], [ 32.3432111, 41.7251247 ], [ 32.3432584, 41.7253178 ], [ 32.3432508, 41.7255415 ], [ 32.3432447, 41.7257204 ], [ 32.3431545, 41.725954 ], [ 32.3428686, 41.7261758 ], [ 32.3427396, 41.7263373 ], [ 32.3428351, 41.726568 ], [ 32.3425411, 41.7271487 ], [ 32.3419524, 41.7275941 ], [ 32.3418523, 41.7278711 ], [ 32.3420192, 41.7280765 ], [ 32.3414149, 41.7284124 ], [ 32.34107, 41.729724 ], [ 32.3409849, 41.7299621 ], [ 32.3408513, 41.7302578 ], [ 32.3406322, 41.7303971 ], [ 32.3402497, 41.7304347 ], [ 32.3397591, 41.7305753 ], [ 32.3394955, 41.7310188 ], [ 32.3394657, 41.7312352 ], [ 32.3395169, 41.7313509 ], [ 32.3393895, 41.7315036 ], [ 32.3395888, 41.7314548 ], [ 32.3396465, 41.7316089 ], [ 32.3399166, 41.731676 ], [ 32.3399791, 41.7317837 ], [ 32.3401953, 41.7318695 ], [ 32.3412344, 41.7321998 ], [ 32.341947, 41.7324514 ], [ 32.3421069, 41.7323253 ], [ 32.3420809, 41.7319292 ], [ 32.3427364, 41.7324498 ], [ 32.3431427, 41.732465 ], [ 32.3431696, 41.7322046 ], [ 32.342808, 41.7314986 ], [ 32.3430175, 41.7316802 ], [ 32.3431505, 41.7315649 ], [ 32.3432883, 41.7317114 ], [ 32.3434078, 41.7316998 ], [ 32.3435352, 41.731974 ], [ 32.344298, 41.732438 ], [ 32.345664, 41.732959 ], [ 32.346692, 41.732965 ], [ 32.347036, 41.732839 ], [ 32.347201, 41.733353 ], [ 32.347199, 41.73361 ], [ 32.346853, 41.733865 ], [ 32.34667, 41.735147 ], [ 32.347354, 41.735279 ], [ 32.3478125, 41.7357704 ], [ 32.3483677, 41.7358705 ], [ 32.349062, 41.735802 ], [ 32.3492174, 41.7354098 ], [ 32.3495532, 41.7354454 ], [ 32.3497013, 41.7357052 ], [ 32.3499438, 41.7361075 ], [ 32.351118, 41.735814 ], [ 32.351461, 41.735816 ], [ 32.3517087, 41.7357216 ], [ 32.3520922, 41.7354202 ], [ 32.3526539, 41.7350507 ], [ 32.3529975, 41.7346549 ], [ 32.3528567, 41.7344965 ], [ 32.3530849, 41.7343889 ], [ 32.3531348, 41.7341563 ], [ 32.3532568, 41.7341164 ], [ 32.3533985, 41.7339912 ], [ 32.3534494, 41.7339142 ], [ 32.3535245, 41.7338669 ], [ 32.3535605, 41.7337504 ], [ 32.3545306, 41.7335248 ], [ 32.3548737, 41.7336459 ], [ 32.3549284, 41.7335592 ], [ 32.3551255, 41.7336689 ], [ 32.355232, 41.73352 ], [ 32.3553718, 41.7334595 ], [ 32.3555043, 41.7335436 ], [ 32.3555936, 41.7335118 ], [ 32.3560104, 41.733791 ], [ 32.356101, 41.7336091 ], [ 32.3566412, 41.7342304 ], [ 32.3568405, 41.7342151 ], [ 32.3570146, 41.734415 ], [ 32.3574083, 41.7344018 ], [ 32.3573982, 41.7347677 ], [ 32.3577082, 41.7348305 ], [ 32.3575044, 41.7345767 ], [ 32.3579673, 41.7346596 ], [ 32.3584818, 41.7347969 ], [ 32.3589623, 41.7349895 ], [ 32.3594858, 41.7349851 ], [ 32.3601333, 41.7350665 ], [ 32.3608579, 41.735313 ], [ 32.3614014, 41.7355322 ], [ 32.3622846, 41.7358897 ], [ 32.3630775, 41.7363489 ], [ 32.364035, 41.7371371 ], [ 32.3644175, 41.7378484 ], [ 32.3643794, 41.7382539 ], [ 32.3643515, 41.7386777 ], [ 32.3643172, 41.7389968 ], [ 32.3641364, 41.739301 ], [ 32.3638602, 41.7397266 ], [ 32.3636985, 41.739629 ], [ 32.3635565, 41.7395352 ], [ 32.3634712, 41.7394227 ], [ 32.3633741, 41.7393517 ], [ 32.363174, 41.739293 ], [ 32.363134, 41.7393944 ], [ 32.3630801, 41.7394891 ], [ 32.3631056, 41.7395932 ], [ 32.3631982, 41.7397253 ], [ 32.3634181, 41.7401544 ], [ 32.3636057, 41.7408958 ], [ 32.3636556, 41.7410905 ], [ 32.3636268, 41.7413307 ], [ 32.3636199, 41.7415515 ], [ 32.3637103, 41.7416489 ], [ 32.3636466, 41.7418804 ], [ 32.363765, 41.7420471 ], [ 32.3637454, 41.7421162 ], [ 32.3640171, 41.7425514 ], [ 32.3645654, 41.7429994 ], [ 32.3652417, 41.7431603 ], [ 32.3655248, 41.7430755 ], [ 32.3656008, 41.7430293 ], [ 32.3656555, 41.7429679 ], [ 32.3656863, 41.742924 ], [ 32.3657093, 41.7428901 ], [ 32.3657526, 41.7428654 ], [ 32.3657641, 41.7428588 ], [ 32.3658107, 41.7428572 ], [ 32.3659018, 41.7428402 ], [ 32.365975, 41.7428884 ], [ 32.3660171, 41.7429396 ], [ 32.3660473, 41.7430011 ], [ 32.3660373, 41.7430396 ], [ 32.3660373, 41.7430708 ], [ 32.3659812, 41.7431585 ], [ 32.3659238, 41.7432483 ], [ 32.3657765, 41.7433931 ], [ 32.3656302, 41.743448 ], [ 32.3655876, 41.7435114 ], [ 32.3654844, 41.7435488 ], [ 32.3654315, 41.7436335 ], [ 32.365331, 41.7436984 ], [ 32.365221, 41.7436991 ], [ 32.3649294, 41.7435715 ], [ 32.3648759, 41.7435775 ], [ 32.3648551, 41.7436208 ], [ 32.365182, 41.7438328 ], [ 32.3650886, 41.7439116 ], [ 32.3652168, 41.7439521 ], [ 32.3650265, 41.7441402 ], [ 32.3651209, 41.7441663 ], [ 32.365201, 41.7441292 ], [ 32.3653234, 41.7441045 ], [ 32.3659362, 41.7443913 ], [ 32.3675492, 41.744362 ], [ 32.3685457, 41.7445407 ], [ 32.3686157, 41.7446799 ], [ 32.369406, 41.7450773 ], [ 32.3695172, 41.7453342 ], [ 32.3691643, 41.7457049 ], [ 32.369527, 41.745799 ], [ 32.369927, 41.7457256 ], [ 32.3702478, 41.7455075 ], [ 32.3704899, 41.7456515 ], [ 32.3708376, 41.7458967 ], [ 32.3713582, 41.7458701 ], [ 32.3710088, 41.7455614 ], [ 32.371264, 41.745296 ], [ 32.3711678, 41.7446174 ], [ 32.372473, 41.7440832 ], [ 32.3728238, 41.7438307 ], [ 32.3731827, 41.7435409 ], [ 32.373448, 41.7435983 ], [ 32.374229, 41.7439315 ], [ 32.3744401, 41.7442307 ], [ 32.3744464, 41.7442601 ], [ 32.3743828, 41.7442844 ], [ 32.3744388, 41.7445457 ], [ 32.3744842, 41.7445882 ], [ 32.3749128, 41.7449882 ], [ 32.3749755, 41.7450339 ], [ 32.3751225, 41.7451411 ], [ 32.3752096, 41.7452218 ], [ 32.3755085, 41.7454985 ], [ 32.3756735, 41.7456512 ], [ 32.3759641, 41.7459203 ], [ 32.3760942, 41.74598 ], [ 32.3762639, 41.7460579 ], [ 32.3765612, 41.7461944 ], [ 32.3767317, 41.7463037 ], [ 32.3767365, 41.7465527 ], [ 32.3770963, 41.7468185 ], [ 32.3772922, 41.7467788 ], [ 32.3773503, 41.7467671 ], [ 32.3778996, 41.7470226 ], [ 32.3776959, 41.7473153 ], [ 32.3782073, 41.7476063 ], [ 32.3784903, 41.7474388 ], [ 32.3787096, 41.7475173 ], [ 32.3788069, 41.7476667 ], [ 32.3788485, 41.747691 ], [ 32.3793689, 41.7479941 ], [ 32.3798753, 41.747962 ], [ 32.3802892, 41.7479357 ], [ 32.3804641, 41.7479248 ], [ 32.3811791, 41.7479878 ], [ 32.3814738, 41.7480397 ], [ 32.3815056, 41.7480814 ], [ 32.3815748, 41.7481617 ], [ 32.3816919, 41.7481155 ], [ 32.3817586, 41.7482313 ], [ 32.3818456, 41.7480905 ], [ 32.3818966, 41.7481709 ], [ 32.3819768, 41.7481904 ], [ 32.3820614, 41.7481512 ], [ 32.3827857, 41.7482094 ], [ 32.3831695, 41.7482361 ], [ 32.3832634, 41.7482021 ], [ 32.3833293, 41.7481264 ], [ 32.3833, 41.7480238 ], [ 32.383227, 41.7478716 ], [ 32.3832291, 41.7477773 ], [ 32.3833077, 41.7475691 ], [ 32.383386, 41.7475077 ], [ 32.383503, 41.7474841 ], [ 32.3835827, 41.7474722 ], [ 32.3836316, 41.7474648 ], [ 32.3837505, 41.7474476 ], [ 32.3837703, 41.7474447 ], [ 32.3838219, 41.7474451 ], [ 32.3839681, 41.7474642 ], [ 32.3843076, 41.7475243 ], [ 32.3845857, 41.7476491 ], [ 32.3848183, 41.7478358 ], [ 32.384914, 41.7479126 ], [ 32.3850334, 41.7480084 ], [ 32.3850928, 41.7481409 ], [ 32.3852932, 41.7485874 ], [ 32.3852394, 41.749109 ], [ 32.3850757, 41.7494499 ], [ 32.3850049, 41.7494633 ], [ 32.3848508, 41.749478 ], [ 32.384656, 41.7494966 ], [ 32.3845293, 41.7494818 ], [ 32.3841225, 41.7494432 ], [ 32.3840131, 41.7494384 ], [ 32.3839785, 41.7495126 ], [ 32.383963, 41.7495494 ], [ 32.3843551, 41.7496792 ], [ 32.3844325, 41.7497322 ], [ 32.3844249, 41.7498364 ], [ 32.3843745, 41.7498652 ], [ 32.3843348, 41.7499068 ], [ 32.3843295, 41.7499589 ], [ 32.3843563, 41.7500013 ], [ 32.3843989, 41.7500462 ], [ 32.384455, 41.7500837 ], [ 32.3844936, 41.7501173 ], [ 32.3845171, 41.7501465 ], [ 32.3845794, 41.7502238 ], [ 32.3847189, 41.7502456 ], [ 32.384781, 41.7501313 ], [ 32.3849514, 41.7501752 ], [ 32.3850469, 41.7502095 ], [ 32.3858659, 41.7505969 ], [ 32.3860675, 41.7505956 ], [ 32.3860659, 41.7505204 ], [ 32.3859467, 41.7504858 ], [ 32.3860112, 41.7504572 ], [ 32.3861505, 41.7504299 ], [ 32.3862334, 41.7503872 ], [ 32.3862958, 41.750387 ], [ 32.3863552, 41.7503965 ], [ 32.3864007, 41.7504159 ], [ 32.3864548, 41.7504417 ], [ 32.3865058, 41.7504529 ], [ 32.3865753, 41.7504678 ], [ 32.3866481, 41.7504455 ], [ 32.3865911, 41.7503881 ], [ 32.3865352, 41.7503184 ], [ 32.3866185, 41.7502817 ], [ 32.3866694, 41.7503554 ], [ 32.3867003, 41.7503758 ], [ 32.3867279, 41.7503745 ], [ 32.3867647, 41.7504056 ], [ 32.3868291, 41.7504434 ], [ 32.3869092, 41.7504629 ], [ 32.3869685, 41.7504837 ], [ 32.3870855, 41.7505331 ], [ 32.3872294, 41.7505278 ], [ 32.3874843, 41.7505322 ], [ 32.3875572, 41.7505196 ], [ 32.3875885, 41.7504999 ], [ 32.3876173, 41.7505144 ], [ 32.3876345, 41.7505289 ], [ 32.3876485, 41.7505227 ], [ 32.3876504, 41.750511 ], [ 32.3876535, 41.7504848 ], [ 32.3876511, 41.7504626 ], [ 32.3876876, 41.7504316 ], [ 32.3877416, 41.7503907 ], [ 32.3878017, 41.7503964 ], [ 32.3878564, 41.7504107 ], [ 32.3878795, 41.7504403 ], [ 32.3879019, 41.750461 ], [ 32.3879435, 41.7504587 ], [ 32.3879838, 41.7504522 ], [ 32.3880015, 41.7504384 ], [ 32.3880299, 41.7504118 ], [ 32.3880748, 41.7504164 ], [ 32.3881275, 41.7504095 ], [ 32.3881433, 41.7503934 ], [ 32.3881254, 41.7503688 ], [ 32.3881196, 41.7503467 ], [ 32.3880817, 41.7503182 ], [ 32.3880483, 41.7502854 ], [ 32.3879992, 41.7502815 ], [ 32.3879663, 41.7502743 ], [ 32.3879352, 41.7502647 ], [ 32.3879485, 41.7502234 ], [ 32.387974, 41.7501979 ], [ 32.3880335, 41.7502069 ], [ 32.3881288, 41.7502399 ], [ 32.3882674, 41.7503326 ], [ 32.3883294, 41.7503092 ], [ 32.3883481, 41.7502892 ], [ 32.3884401, 41.7502901 ], [ 32.388536, 41.7503382 ], [ 32.3886013, 41.7503474 ], [ 32.3887529, 41.7504122 ], [ 32.3887801, 41.750424 ], [ 32.3888113, 41.7504462 ], [ 32.3889046, 41.7504125 ], [ 32.3889381, 41.7503106 ], [ 32.3889296, 41.7502844 ], [ 32.3889155, 41.7502586 ], [ 32.3888716, 41.7502256 ], [ 32.3888302, 41.7502022 ], [ 32.3887838, 41.7501852 ], [ 32.3886879, 41.750228 ], [ 32.3885956, 41.750215 ], [ 32.3885774, 41.7501767 ], [ 32.3886135, 41.7501492 ], [ 32.3887105, 41.7501114 ], [ 32.3887011, 41.7500572 ], [ 32.3887102, 41.7500313 ], [ 32.3886379, 41.7500175 ], [ 32.3885642, 41.75002 ], [ 32.3885145, 41.7500107 ], [ 32.388436, 41.7499923 ], [ 32.3884141, 41.7499902 ], [ 32.3883687, 41.7499858 ], [ 32.3883491, 41.7499673 ], [ 32.3883317, 41.7499509 ], [ 32.3882872, 41.7498839 ], [ 32.3883006, 41.7498486 ], [ 32.3883302, 41.7498172 ], [ 32.3884114, 41.7498053 ], [ 32.3884347, 41.7498019 ], [ 32.3884837, 41.7498085 ], [ 32.3885829, 41.7498218 ], [ 32.388927, 41.7499101 ], [ 32.388995, 41.749839 ], [ 32.3891214, 41.7499454 ], [ 32.3892574, 41.7499402 ], [ 32.3893986, 41.7498339 ], [ 32.3896913, 41.7498418 ], [ 32.390027, 41.7498443 ], [ 32.3903431, 41.7498126 ], [ 32.3907641, 41.750341 ], [ 32.391014, 41.750365 ], [ 32.3911164, 41.7501498 ], [ 32.3913443, 41.750111 ], [ 32.3939047, 41.7494534 ], [ 32.394309, 41.7493235 ], [ 32.394943, 41.7491148 ], [ 32.395811, 41.7487469 ], [ 32.3970779, 41.748301 ], [ 32.3982414, 41.7478264 ], [ 32.398288, 41.7476906 ], [ 32.3981934, 41.7475204 ], [ 32.3980886, 41.7474155 ], [ 32.3979156, 41.7474385 ], [ 32.3979343, 41.7475498 ], [ 32.3979807, 41.7477073 ], [ 32.396238, 41.748381 ], [ 32.395767, 41.7485398 ], [ 32.3943039, 41.7488972 ], [ 32.3942143, 41.7486478 ], [ 32.391667, 41.7492606 ], [ 32.3914758, 41.749334 ], [ 32.3908503, 41.7490296 ], [ 32.3907864, 41.7491047 ], [ 32.3903947, 41.7489445 ], [ 32.3898819, 41.748776 ], [ 32.3892368, 41.7486265 ], [ 32.3890346, 41.7487257 ], [ 32.3885464, 41.748607 ], [ 32.3884111, 41.7486545 ], [ 32.3883312, 41.7485787 ], [ 32.3882298, 41.7486001 ], [ 32.38828, 41.7486669 ], [ 32.3881493, 41.7487084 ], [ 32.3879169, 41.7483254 ], [ 32.3877286, 41.747609 ], [ 32.3877156, 41.747469 ], [ 32.3878924, 41.74651 ], [ 32.3879911, 41.7458501 ], [ 32.3879309, 41.745533 ], [ 32.3879991, 41.7453058 ], [ 32.3882308, 41.7450114 ], [ 32.3885758, 41.7446131 ], [ 32.3905468, 41.7441335 ], [ 32.3909879, 41.7440877 ], [ 32.3913778, 41.7441724 ], [ 32.3916494, 41.7443426 ], [ 32.3917564, 41.7443394 ], [ 32.391801, 41.7443072 ], [ 32.3917906, 41.7442236 ], [ 32.391324, 41.7439423 ], [ 32.3908323, 41.7439121 ], [ 32.389837, 41.7440244 ], [ 32.3895615, 41.7438021 ], [ 32.3895131, 41.7434742 ], [ 32.3898239, 41.7428826 ], [ 32.3902177, 41.7426705 ], [ 32.3912655, 41.7425119 ], [ 32.3916409, 41.7423036 ], [ 32.3924016, 41.7423558 ], [ 32.3930575, 41.7425599 ], [ 32.3938107, 41.7428674 ], [ 32.3940665, 41.7428767 ], [ 32.3955407, 41.7425041 ], [ 32.3958936, 41.742637 ], [ 32.3960449, 41.7428587 ], [ 32.3955279, 41.7452868 ], [ 32.3956621, 41.7454415 ], [ 32.3962898, 41.7427042 ], [ 32.3964483, 41.7423422 ], [ 32.3972618, 41.7421841 ], [ 32.3982451, 41.7419201 ], [ 32.3996584, 41.7415565 ], [ 32.4008903, 41.7410347 ], [ 32.4012326, 41.7412759 ], [ 32.4014614, 41.741108 ], [ 32.4014394, 41.7406358 ], [ 32.4019995, 41.7401835 ], [ 32.4024372, 41.7398296 ], [ 32.4032269, 41.739266 ], [ 32.403867, 41.738923 ], [ 32.4043105, 41.7384823 ], [ 32.4051967, 41.7384527 ], [ 32.4066687, 41.7390459 ], [ 32.4087211, 41.7384198 ], [ 32.409693, 41.738953 ], [ 32.4116243, 41.7393365 ], [ 32.41586, 41.739241 ], [ 32.416204, 41.739115 ], [ 32.416365, 41.740143 ], [ 32.416706, 41.740401 ], [ 32.4171889, 41.741503 ], [ 32.4176035, 41.7421896 ], [ 32.4181421, 41.7432631 ], [ 32.418732, 41.743749 ], [ 32.419072, 41.744007 ], [ 32.419068, 41.74452 ], [ 32.419235, 41.745035 ], [ 32.4195669, 41.7454229 ], [ 32.419907, 41.7453469 ], [ 32.4206559, 41.7453156 ], [ 32.4205883, 41.7455406 ], [ 32.420084, 41.745809 ], [ 32.4198405, 41.7462874 ], [ 32.419904, 41.746835 ], [ 32.42059, 41.746838 ], [ 32.420416, 41.747094 ], [ 32.420413, 41.747351 ], [ 32.420658, 41.7480957 ], [ 32.4210121, 41.7487248 ], [ 32.4215936, 41.7491739 ], [ 32.421934, 41.749797 ], [ 32.422442, 41.750441 ], [ 32.4229647, 41.75095 ], [ 32.4219069, 41.7506923 ], [ 32.4222459, 41.7515848 ], [ 32.4224068, 41.7521467 ], [ 32.423615, 41.753528 ], [ 32.4243, 41.753531 ], [ 32.4238423, 41.7540004 ], [ 32.4238316, 41.7546135 ], [ 32.4239217, 41.7552089 ], [ 32.424043, 41.7555587 ], [ 32.424278, 41.756098 ], [ 32.4246502, 41.7564039 ], [ 32.4250322, 41.7567312 ], [ 32.425457, 41.7572467 ], [ 32.4257542, 41.7577637 ], [ 32.4260203, 41.7579662 ], [ 32.4264934, 41.7574876 ], [ 32.4271554, 41.757502 ], [ 32.4277863, 41.7577092 ], [ 32.4282723, 41.7579574 ], [ 32.4285169, 41.7583615 ], [ 32.429054, 41.758689 ], [ 32.42922, 41.759203 ], [ 32.429379, 41.760744 ], [ 32.430064, 41.760748 ], [ 32.430233, 41.761005 ], [ 32.430396, 41.762033 ], [ 32.430738, 41.762162 ], [ 32.431078, 41.762421 ], [ 32.4317307, 41.762847 ], [ 32.4323058, 41.7632023 ], [ 32.4330279, 41.7631943 ], [ 32.4335997, 41.7631271 ], [ 32.4339699, 41.7635864 ], [ 32.4346533, 41.763708 ], [ 32.4354665, 41.7644515 ], [ 32.4359772, 41.7648084 ], [ 32.4365319, 41.7652533 ], [ 32.4370297, 41.7653606 ], [ 32.4376423, 41.7654774 ], [ 32.4383483, 41.766092 ], [ 32.4390875, 41.7664921 ], [ 32.4398836, 41.7669466 ], [ 32.440978, 41.767347 ], [ 32.441862, 41.7677396 ], [ 32.4423995, 41.7681765 ], [ 32.4431022, 41.7684038 ], [ 32.4440271, 41.7684742 ], [ 32.444203, 41.7692464 ], [ 32.446264, 41.770581 ], [ 32.446432, 41.771096 ], [ 32.4470595, 41.77144 ], [ 32.4476818, 41.7719865 ], [ 32.4485401, 41.7723881 ], [ 32.449163, 41.77252 ], [ 32.449504, 41.772778 ], [ 32.4504949, 41.7732387 ], [ 32.4512255, 41.7733483 ], [ 32.4515742, 41.773858 ], [ 32.4522223, 41.7741445 ], [ 32.4529701, 41.7745557 ], [ 32.453428, 41.77498 ], [ 32.453769, 41.775238 ], [ 32.453936, 41.775752 ], [ 32.454966, 41.775628 ], [ 32.455997, 41.775376 ], [ 32.456494, 41.7749656 ], [ 32.4584831, 41.7752852 ], [ 32.459773, 41.774881 ], [ 32.4601402, 41.7747179 ], [ 32.4604551, 41.7745147 ], [ 32.4606986, 41.7739126 ], [ 32.4613938, 41.7734589 ], [ 32.4621389, 41.7732265 ], [ 32.4630107, 41.7732109 ], [ 32.4632569, 41.7735509 ], [ 32.4639961, 41.7735557 ], [ 32.4644903, 41.7736834 ], [ 32.4653407, 41.7737565 ], [ 32.4658472, 41.7738287 ], [ 32.4670883, 41.7742208 ], [ 32.4680945, 41.7745279 ], [ 32.4689835, 41.7749864 ], [ 32.4693729, 41.7755008 ], [ 32.4698455, 41.7760045 ], [ 32.4703951, 41.7763564 ], [ 32.4705992, 41.776421 ], [ 32.4705242, 41.7766007 ], [ 32.470544, 41.7766804 ], [ 32.4709122, 41.7768107 ], [ 32.4711313, 41.7770687 ], [ 32.4710308, 41.7774483 ], [ 32.4715025, 41.7773999 ], [ 32.4717826, 41.7776976 ], [ 32.4722652, 41.7780479 ], [ 32.4728167, 41.7779541 ], [ 32.4733071, 41.7779375 ], [ 32.4735743, 41.7780264 ], [ 32.4737288, 41.778234 ], [ 32.4743602, 41.7783404 ], [ 32.4745334, 41.7785388 ], [ 32.474293, 41.7786711 ], [ 32.474486, 41.778928 ], [ 32.4745704, 41.7791073 ], [ 32.4750357, 41.779311 ], [ 32.4751499, 41.7791238 ], [ 32.4754239, 41.779166 ], [ 32.4761416, 41.7786487 ], [ 32.4766353, 41.7787469 ], [ 32.4768927, 41.7784848 ], [ 32.4773648, 41.7788708 ], [ 32.4780461, 41.7791705 ], [ 32.4789489, 41.7792321 ], [ 32.4790948, 41.7795469 ], [ 32.4787826, 41.7797001 ], [ 32.4792659, 41.7798021 ], [ 32.4792455, 41.7801069 ], [ 32.479102, 41.780489 ], [ 32.4787882, 41.7806897 ], [ 32.4783848, 41.7807673 ], [ 32.4788611, 41.7809961 ], [ 32.4797342, 41.7812198 ], [ 32.479848, 41.7805498 ], [ 32.4798876, 41.7803218 ], [ 32.4803112, 41.7802222 ], [ 32.4810818, 41.7801885 ], [ 32.4824384, 41.780441 ], [ 32.4831154, 41.7805962 ], [ 32.4837674, 41.7808578 ], [ 32.4842119, 41.7810446 ], [ 32.4849007, 41.7813102 ], [ 32.485267, 41.781544 ], [ 32.4853673, 41.7816719 ], [ 32.4853665, 41.7820698 ], [ 32.4857035, 41.7824654 ], [ 32.4858336, 41.7832435 ], [ 32.4857987, 41.7849039 ], [ 32.4863738, 41.7850327 ], [ 32.4870851, 41.7851771 ], [ 32.4868238, 41.7855999 ], [ 32.4865401, 41.7856787 ], [ 32.4868174, 41.7859195 ], [ 32.486326, 41.7859539 ], [ 32.4868732, 41.7861151 ], [ 32.4871918, 41.7864579 ], [ 32.4878576, 41.7864935 ], [ 32.4883602, 41.7867063 ], [ 32.4892421, 41.7869963 ], [ 32.489854, 41.787083 ], [ 32.4900768, 41.7871495 ], [ 32.4902581, 41.7873055 ], [ 32.4906374, 41.7876986 ], [ 32.4911218, 41.788065 ], [ 32.4912865, 41.788333 ], [ 32.4914029, 41.7887322 ], [ 32.491904, 41.7890386 ], [ 32.4938604, 41.7898917 ], [ 32.4949579, 41.7904716 ], [ 32.4960453, 41.7911936 ], [ 32.4969465, 41.7915695 ], [ 32.4980725, 41.7923059 ], [ 32.4988015, 41.7925154 ], [ 32.4997145, 41.7929486 ], [ 32.500567, 41.7937993 ], [ 32.5008314, 41.7945447 ], [ 32.5002236, 41.7947967 ], [ 32.501282, 41.794963 ], [ 32.5013968, 41.7955106 ], [ 32.5012461, 41.7958001 ], [ 32.5013196, 41.7964428 ], [ 32.501096, 41.796887 ], [ 32.5008985, 41.7971871 ], [ 32.500576, 41.797527 ], [ 32.4998277, 41.7979021 ], [ 32.4994045, 41.7989963 ], [ 32.4995729, 41.8003972 ], [ 32.4990059, 41.8005371 ], [ 32.4989721, 41.8008523 ], [ 32.4994812, 41.8009582 ], [ 32.4993406, 41.8014705 ], [ 32.5000541, 41.8020652 ], [ 32.5006104, 41.8019676 ], [ 32.5009044, 41.8021659 ], [ 32.5010717, 41.8022895 ], [ 32.5015975, 41.8022979 ], [ 32.5018045, 41.8021079 ], [ 32.5012627, 41.8018496 ], [ 32.5014558, 41.8017608 ], [ 32.5017364, 41.801828 ], [ 32.5017949, 41.801706 ], [ 32.5013759, 41.801077 ], [ 32.5012364, 41.8007255 ], [ 32.5017868, 41.8004676 ], [ 32.5024187, 41.80039 ], [ 32.5030019, 41.799501 ], [ 32.5029262, 41.7990807 ], [ 32.5032105, 41.7986156 ], [ 32.5037084, 41.798438 ], [ 32.5042528, 41.7986616 ], [ 32.5045238, 41.7989575 ], [ 32.5045687, 41.7992367 ], [ 32.5042019, 41.7997325 ], [ 32.5045039, 41.80045 ], [ 32.5043226, 41.8008031 ], [ 32.5038714, 41.8009366 ], [ 32.5039079, 41.801299 ], [ 32.5057928, 41.8012366 ], [ 32.5068229, 41.8010074 ], [ 32.5070005, 41.8011966 ], [ 32.5068154, 41.8018704 ], [ 32.5071716, 41.8018608 ], [ 32.5079039, 41.801722 ], [ 32.5082177, 41.8021795 ], [ 32.5085374, 41.802523 ], [ 32.5090551, 41.8025514 ], [ 32.5098104, 41.8031576 ], [ 32.5101854, 41.8037531 ], [ 32.5101731, 41.8038452 ], [ 32.5101339, 41.8041378 ], [ 32.5101333, 41.8042981 ], [ 32.5097809, 41.8044041 ], [ 32.5091827, 41.804496 ], [ 32.5090508, 41.8048411 ], [ 32.509385, 41.8049883 ], [ 32.5097905, 41.8051818 ], [ 32.51043, 41.8056157 ], [ 32.5114991, 41.8057412 ], [ 32.5132924, 41.8058228 ], [ 32.5134694, 41.8054333 ], [ 32.5135649, 41.8051934 ], [ 32.5137543, 41.8060032 ], [ 32.5140965, 41.8061767 ], [ 32.5146485, 41.8060819 ], [ 32.5144141, 41.8057604 ], [ 32.5146105, 41.8056105 ], [ 32.5144812, 41.8051854 ], [ 32.5152123, 41.805179 ], [ 32.5154892, 41.8055449 ], [ 32.5154795, 41.8059052 ], [ 32.5161779, 41.8057812 ], [ 32.5167895, 41.8059932 ], [ 32.5171827, 41.8061523 ], [ 32.5176886, 41.8059708 ], [ 32.5179879, 41.8055817 ], [ 32.5179595, 41.8053286 ], [ 32.5184938, 41.805255 ], [ 32.5189551, 41.8053054 ], [ 32.5190667, 41.8056853 ], [ 32.519898, 41.805695 ], [ 32.520057, 41.8060176 ], [ 32.5198553, 41.8061311 ], [ 32.5199336, 41.806559 ], [ 32.5197088, 41.8067017 ], [ 32.5197962, 41.8069025 ], [ 32.5203348, 41.8069708 ], [ 32.5213771, 41.8069992 ], [ 32.5224838, 41.8068413 ], [ 32.52242, 41.8064398 ], [ 32.5220305, 41.8060459 ], [ 32.5221287, 41.8057169 ], [ 32.5229736, 41.8055513 ], [ 32.5231453, 41.8060911 ], [ 32.5237541, 41.8061403 ], [ 32.5238217, 41.8064746 ], [ 32.5241699, 41.8059796 ], [ 32.5246451, 41.805948 ], [ 32.5251027, 41.8063518 ], [ 32.524694, 41.806465 ], [ 32.5244338, 41.8069456 ], [ 32.5244365, 41.8074063 ], [ 32.5253463, 41.8073707 ], [ 32.5255179, 41.8069644 ], [ 32.5259315, 41.807092 ], [ 32.5259986, 41.8072799 ], [ 32.526406, 41.807134 ], [ 32.5262496, 41.8068329 ], [ 32.5258473, 41.8065694 ], [ 32.5266713, 41.8064254 ], [ 32.5271069, 41.8064118 ], [ 32.5274486, 41.8064558 ], [ 32.5276412, 41.8066062 ], [ 32.5283187, 41.8066625 ], [ 32.5285086, 41.8069364 ], [ 32.5285826, 41.8072555 ], [ 32.5286352, 41.8075418 ], [ 32.5289281, 41.8077965 ], [ 32.5297639, 41.807715 ], [ 32.5297301, 41.8074659 ], [ 32.5303073, 41.8073815 ], [ 32.5307316, 41.8078297 ], [ 32.5312284, 41.807753 ], [ 32.5309709, 41.8082644 ], [ 32.5317981, 41.8082688 ], [ 32.5320244, 41.8085699 ], [ 32.5326183, 41.8086762 ], [ 32.5323549, 41.8092264 ], [ 32.5329428, 41.808807 ], [ 32.5336402, 41.8091196 ], [ 32.5342775, 41.8090405 ], [ 32.5345039, 41.8094071 ], [ 32.5345806, 41.8087858 ], [ 32.534315, 41.8084227 ], [ 32.534624, 41.8084739 ], [ 32.5351208, 41.808799 ], [ 32.5350076, 41.8085047 ], [ 32.535316, 41.808582 ], [ 32.5356181, 41.808749 ], [ 32.5355768, 41.8091037 ], [ 32.5361341, 41.8093803 ], [ 32.5367548, 41.8096594 ], [ 32.5371072, 41.8098454 ], [ 32.537383, 41.8100021 ], [ 32.5378577, 41.8099601 ], [ 32.5383405, 41.8099681 ], [ 32.538385, 41.8093784 ], [ 32.5381136, 41.8090221 ], [ 32.539088, 41.808854 ], [ 32.5393442, 41.8090861 ], [ 32.5396832, 41.8092088 ], [ 32.5400957, 41.8091356 ], [ 32.5403141, 41.8090193 ], [ 32.5407711, 41.809214 ], [ 32.541146, 41.808991 ], [ 32.541318, 41.808735 ], [ 32.5415967, 41.8084307 ], [ 32.5415018, 41.8082016 ], [ 32.5416568, 41.8079637 ], [ 32.541476, 41.807635 ], [ 32.5415946, 41.8073967 ], [ 32.5413778, 41.8066373 ], [ 32.5415259, 41.806607 ], [ 32.5417131, 41.8065686 ], [ 32.5429619, 41.8062247 ], [ 32.5436979, 41.8060423 ], [ 32.5444511, 41.8060715 ], [ 32.5455669, 41.8062527 ], [ 32.5460878, 41.806509 ], [ 32.546415, 41.8069372 ], [ 32.5457944, 41.8073039 ], [ 32.5456345, 41.8080441 ], [ 32.5465057, 41.807737 ], [ 32.546812, 41.808243 ], [ 32.5463769, 41.8084575 ], [ 32.5467127, 41.8087334 ], [ 32.5468007, 41.8089061 ], [ 32.546923, 41.8092252 ], [ 32.5470968, 41.8097826 ], [ 32.547657, 41.810043 ], [ 32.5479187, 41.8105255 ], [ 32.549602, 41.8104095 ], [ 32.5500537, 41.8109621 ], [ 32.5513766, 41.8108054 ], [ 32.5519828, 41.8105327 ], [ 32.552455, 41.810832 ], [ 32.552798, 41.810962 ], [ 32.5533796, 41.8111748 ], [ 32.553459, 41.8115491 ], [ 32.5541682, 41.8115579 ], [ 32.5541532, 41.8112092 ], [ 32.554171, 41.810839 ], [ 32.554515, 41.810712 ], [ 32.5549976, 41.8105703 ], [ 32.5563708, 41.8103704 ], [ 32.5570553, 41.8103368 ], [ 32.557772, 41.8110653 ], [ 32.5590144, 41.8109917 ], [ 32.5593749, 41.8112828 ], [ 32.5597966, 41.8106055 ], [ 32.5605047, 41.81026 ], [ 32.5613823, 41.8101776 ], [ 32.5622567, 41.8106878 ], [ 32.5630152, 41.8107694 ], [ 32.5638499, 41.8109941 ], [ 32.5661663, 41.8106127 ], [ 32.5672638, 41.8104711 ], [ 32.568061, 41.810735 ], [ 32.568827, 41.810663 ], [ 32.5693238, 41.810839 ], [ 32.5700018, 41.8108742 ], [ 32.5704353, 41.8109981 ], [ 32.5709878, 41.8110893 ], [ 32.5713075, 41.8111365 ], [ 32.5717556, 41.8112117 ], [ 32.5722796, 41.8112996 ], [ 32.5731325, 41.8116474 ], [ 32.573862, 41.8120449 ], [ 32.574273, 41.8125143 ], [ 32.5746839, 41.8132092 ], [ 32.5751538, 41.8133907 ], [ 32.5756527, 41.8136873 ], [ 32.5762905, 41.8142131 ], [ 32.5767728, 41.814431 ], [ 32.5773109, 41.8148388 ], [ 32.577815, 41.815549 ], [ 32.5776145, 41.8159666 ], [ 32.5779819, 41.8162329 ], [ 32.5781509, 41.8165484 ], [ 32.5782888, 41.8172852 ], [ 32.5778468, 41.8177238 ], [ 32.5773221, 41.8179885 ], [ 32.5774477, 41.8182067 ], [ 32.5775802, 41.8182155 ], [ 32.5776805, 41.8184302 ], [ 32.5775038, 41.8185413 ], [ 32.5776923, 41.8186281 ], [ 32.5777481, 41.8192841 ], [ 32.5773489, 41.8201089 ], [ 32.5767846, 41.8209333 ], [ 32.5775388, 41.821066 ], [ 32.5777266, 41.8213202 ], [ 32.5774289, 41.8219458 ], [ 32.5777218, 41.8219454 ], [ 32.5775936, 41.8221026 ], [ 32.5777159, 41.8221197 ], [ 32.5778028, 41.821975 ], [ 32.5780152, 41.8220182 ], [ 32.5783376, 41.8220986 ], [ 32.5786906, 41.8222968 ], [ 32.5788676, 41.8225779 ], [ 32.5788279, 41.8232563 ], [ 32.5787072, 41.8235381 ], [ 32.5789486, 41.8243208 ], [ 32.5789293, 41.8247278 ], [ 32.5787029, 41.8251707 ], [ 32.578436, 41.825434 ], [ 32.5776987, 41.8258255 ], [ 32.5775721, 41.8260701 ], [ 32.5786943, 41.8256584 ], [ 32.5787201, 41.8259806 ], [ 32.579263, 41.8258766 ], [ 32.5793628, 41.8261453 ], [ 32.5798337, 41.8267033 ], [ 32.580323, 41.8269607 ], [ 32.5808648, 41.826836 ], [ 32.5810048, 41.8270247 ], [ 32.5814431, 41.8269631 ], [ 32.5818411, 41.8272837 ], [ 32.5822987, 41.8274388 ], [ 32.5835416, 41.8272286 ], [ 32.5839976, 41.8275132 ], [ 32.5844858, 41.8275292 ], [ 32.5859234, 41.8272198 ], [ 32.5876717, 41.8270695 ], [ 32.5877994, 41.8272258 ], [ 32.588059, 41.8270323 ], [ 32.5888771, 41.8268816 ], [ 32.5891813, 41.8269843 ], [ 32.5895106, 41.8271162 ], [ 32.5899398, 41.8274276 ], [ 32.5908737, 41.8276435 ], [ 32.5915518, 41.8277142 ], [ 32.5926499, 41.8278126 ], [ 32.5930329, 41.8277522 ], [ 32.5935677, 41.8277622 ], [ 32.594263, 41.8279473 ], [ 32.5953074, 41.8284046 ], [ 32.596059, 41.8280396 ], [ 32.5964669, 41.8280868 ], [ 32.5965766, 41.8283624 ], [ 32.5963157, 41.82864 ], [ 32.5965313, 41.8289924 ], [ 32.596729, 41.8292588 ], [ 32.596954, 41.8293679 ], [ 32.5974934, 41.8292946 ], [ 32.5978708, 41.8294506 ], [ 32.5987873, 41.8298146 ], [ 32.5995059, 41.8300906 ], [ 32.6003384, 41.8299683 ], [ 32.6014341, 41.8297564 ], [ 32.6024815, 41.8298486 ], [ 32.6035426, 41.82978 ], [ 32.6044173, 41.830102 ], [ 32.605138, 41.8300626 ], [ 32.6061197, 41.829783 ], [ 32.607439, 41.8298136 ], [ 32.607994, 41.8299225 ], [ 32.6090846, 41.8298424 ], [ 32.6095403, 41.829802 ], [ 32.6101258, 41.8298148 ], [ 32.6109377, 41.8301945 ], [ 32.611866, 41.8304489 ], [ 32.6129008, 41.8304044 ], [ 32.6138409, 41.8307453 ], [ 32.6143613, 41.8309907 ], [ 32.6146477, 41.8311416 ], [ 32.6149578, 41.8310683 ], [ 32.6159636, 41.8312226 ], [ 32.6157914, 41.8313769 ], [ 32.6165661, 41.8314448 ], [ 32.6177698, 41.8310331 ], [ 32.6182988, 41.8308317 ], [ 32.6180332, 41.8307068 ], [ 32.6180053, 41.8305301 ], [ 32.618435, 41.8304387 ], [ 32.6188848, 41.8304373 ], [ 32.6192011, 41.8304248 ], [ 32.6186949, 41.8302405 ], [ 32.618645, 41.8301314 ], [ 32.6188899, 41.8292612 ], [ 32.6193743, 41.8290485 ], [ 32.6196243, 41.8290833 ], [ 32.6194403, 41.8288291 ], [ 32.6198421, 41.8288391 ], [ 32.6196673, 41.828727 ], [ 32.6198775, 41.8286396 ], [ 32.6196304, 41.8285444 ], [ 32.6194205, 41.8284635 ], [ 32.6195669, 41.8283874 ], [ 32.6196139, 41.8283112 ], [ 32.6198035, 41.8281547 ], [ 32.6200889, 41.8281144 ], [ 32.6206189, 41.8280672 ], [ 32.6212969, 41.8281775 ], [ 32.6217363, 41.8282802 ], [ 32.6218911, 41.8284553 ], [ 32.6217993, 41.8286702 ], [ 32.6220705, 41.8287507 ], [ 32.6223317, 41.8289142 ], [ 32.6225887, 41.82916 ], [ 32.6228355, 41.8295358 ], [ 32.6228558, 41.8298188 ], [ 32.6227727, 41.8299483 ], [ 32.6222196, 41.8302757 ], [ 32.6217535, 41.8305607 ], [ 32.6227974, 41.8306074 ], [ 32.6227604, 41.8307957 ], [ 32.623706, 41.830854 ], [ 32.624048, 41.830983 ], [ 32.625763, 41.831245 ], [ 32.626106, 41.831246 ], [ 32.62851, 41.830997 ], [ 32.630228, 41.830746 ], [ 32.6314086, 41.8307029 ], [ 32.6323742, 41.8308258 ], [ 32.6333921, 41.8310998 ], [ 32.6339698, 41.8313987 ], [ 32.6343547, 41.8312969 ], [ 32.6344436, 41.8309748 ], [ 32.6356439, 41.8312027 ], [ 32.6360932, 41.8314047 ], [ 32.637434, 41.831026 ], [ 32.637779, 41.83077 ], [ 32.63881, 41.830517 ], [ 32.639153, 41.830518 ], [ 32.639495, 41.830648 ], [ 32.6395946, 41.8303339 ], [ 32.6402269, 41.8304319 ], [ 32.6410192, 41.8310056 ], [ 32.6420345, 41.8312959 ], [ 32.6426451, 41.8318986 ], [ 32.6438021, 41.8319817 ], [ 32.644638, 41.831562 ], [ 32.6457447, 41.8314819 ], [ 32.648825, 41.831123 ], [ 32.649105, 41.830805 ], [ 32.649792, 41.830551 ], [ 32.6508716, 41.8304319 ], [ 32.651167, 41.83017 ], [ 32.651341, 41.829657 ], [ 32.6514624, 41.8293439 ], [ 32.6520086, 41.8293629 ], [ 32.6533155, 41.8299187 ], [ 32.6540015, 41.829674 ], [ 32.6543156, 41.8294008 ], [ 32.6548742, 41.8293688 ], [ 32.6551421, 41.8295696 ], [ 32.6555699, 41.8301154 ], [ 32.655976, 41.8302224 ], [ 32.6564032, 41.8302398 ], [ 32.6589131, 41.8299989 ], [ 32.6595689, 41.8297928 ], [ 32.6611584, 41.8296257 ], [ 32.6618817, 41.8296228 ], [ 32.6626716, 41.829512 ], [ 32.663184, 41.829307 ], [ 32.6640373, 41.8291384 ], [ 32.6645388, 41.8289722 ], [ 32.6652453, 41.8290984 ], [ 32.6661031, 41.8294662 ], [ 32.6666741, 41.8298661 ], [ 32.6668062, 41.8301333 ], [ 32.6667314, 41.8305028 ], [ 32.6665712, 41.8308483 ], [ 32.6666336, 41.8314795 ], [ 32.6668743, 41.8318582 ], [ 32.6677126, 41.831619 ], [ 32.6681941, 41.8316722 ], [ 32.6689521, 41.832031 ], [ 32.6694514, 41.8320908 ], [ 32.6697368, 41.832011 ], [ 32.6698349, 41.8318715 ], [ 32.6705304, 41.8318715 ], [ 32.6725457, 41.8321041 ], [ 32.6726973, 41.8319645 ], [ 32.6726171, 41.8317386 ], [ 32.6723406, 41.8317386 ], [ 32.6716272, 41.8316589 ], [ 32.6714132, 41.8316988 ], [ 32.6699062, 41.8314596 ], [ 32.6694425, 41.8312469 ], [ 32.6695228, 41.8307619 ], [ 32.6700935, 41.8303965 ], [ 32.6707979, 41.8300775 ], [ 32.6712349, 41.8299845 ], [ 32.6717075, 41.8299313 ], [ 32.671868, 41.8300975 ], [ 32.6718056, 41.8310675 ], [ 32.671975, 41.8311008 ], [ 32.6720553, 41.8307287 ], [ 32.6732234, 41.8313267 ], [ 32.6734107, 41.8314994 ], [ 32.6735623, 41.8314197 ], [ 32.673491, 41.8312669 ], [ 32.6733368, 41.8311334 ], [ 32.673161, 41.8309812 ], [ 32.6730094, 41.8306556 ], [ 32.6733572, 41.8303167 ], [ 32.673919, 41.8300842 ], [ 32.6745789, 41.8299845 ], [ 32.6752566, 41.8300576 ], [ 32.6755419, 41.8302104 ], [ 32.6754884, 41.8306689 ], [ 32.6757559, 41.8304563 ], [ 32.6759432, 41.8303765 ], [ 32.676068, 41.8302171 ], [ 32.6764872, 41.8301174 ], [ 32.677477, 41.830237 ], [ 32.6781814, 41.8304629 ], [ 32.6788681, 41.8308018 ], [ 32.6795814, 41.8309745 ], [ 32.6804197, 41.83132 ], [ 32.6809815, 41.8316788 ], [ 32.6812579, 41.831938 ], [ 32.6814273, 41.8328549 ], [ 32.6814719, 41.8333598 ], [ 32.6813292, 41.8341106 ], [ 32.6813203, 41.8343365 ], [ 32.6817573, 41.8348215 ], [ 32.6821853, 41.8348414 ], [ 32.6829165, 41.8350341 ], [ 32.6832821, 41.8352866 ], [ 32.6836879, 41.8358448 ], [ 32.6840268, 41.8361105 ], [ 32.6842408, 41.8364693 ], [ 32.6846778, 41.8368813 ], [ 32.6855161, 41.8367816 ], [ 32.686283, 41.8370275 ], [ 32.6870767, 41.8369079 ], [ 32.6876742, 41.8369809 ], [ 32.6881647, 41.8371803 ], [ 32.68911, 41.8372467 ], [ 32.6907866, 41.8373331 ], [ 32.6924721, 41.8376454 ], [ 32.6934353, 41.8380241 ], [ 32.6948711, 41.83825 ], [ 32.6966279, 41.838363 ], [ 32.698032, 41.8382234 ], [ 32.7000436, 41.8383829 ], [ 32.7005251, 41.8385822 ], [ 32.7018361, 41.8385822 ], [ 32.7027814, 41.8381769 ], [ 32.7038516, 41.8377783 ], [ 32.7049209, 41.8374681 ], [ 32.707763, 41.8379 ], [ 32.708106, 41.837901 ], [ 32.7085912, 41.8380382 ], [ 32.7090576, 41.8382951 ], [ 32.709301, 41.839316 ], [ 32.7094212, 41.8401458 ], [ 32.7108019, 41.84072 ], [ 32.7112229, 41.8418702 ], [ 32.7116857, 41.8425111 ], [ 32.7120015, 41.8425638 ], [ 32.712374, 41.842918 ], [ 32.712716, 41.843175 ], [ 32.713055, 41.844203 ], [ 32.713053, 41.844716 ], [ 32.712879, 41.845229 ], [ 32.713222, 41.845358 ], [ 32.713565, 41.845359 ], [ 32.713909, 41.845232 ], [ 32.714079, 41.845489 ], [ 32.714077, 41.846003 ], [ 32.713902, 41.846772 ], [ 32.7144949, 41.8469079 ], [ 32.714929, 41.847545 ], [ 32.715958, 41.847675 ], [ 32.7162608, 41.8481078 ], [ 32.716643, 41.84819 ], [ 32.7168584, 41.8480679 ], [ 32.7175809, 41.8478753 ], [ 32.7180983, 41.8476161 ], [ 32.7197841, 41.8474699 ], [ 32.7200874, 41.8471444 ], [ 32.7205869, 41.8469051 ], [ 32.7227276, 41.8479018 ], [ 32.7231558, 41.8480081 ], [ 32.7262064, 41.8480879 ], [ 32.7265453, 41.8479882 ], [ 32.7265988, 41.8477689 ], [ 32.7263669, 41.8477091 ], [ 32.7239942, 41.8477424 ], [ 32.7237891, 41.8475829 ], [ 32.7229417, 41.847563 ], [ 32.7230042, 41.8473703 ], [ 32.7218446, 41.8467855 ], [ 32.7221925, 41.8458619 ], [ 32.7217643, 41.8456626 ], [ 32.7214967, 41.845729 ], [ 32.7211756, 41.8457423 ], [ 32.7211934, 41.84545 ], [ 32.721354, 41.8449649 ], [ 32.7216929, 41.8447523 ], [ 32.7221122, 41.8447655 ], [ 32.7233163, 41.8452506 ], [ 32.7237623, 41.8453171 ], [ 32.7241994, 41.845224 ], [ 32.7246543, 41.8463536 ], [ 32.7249308, 41.8464002 ], [ 32.7249933, 41.8467191 ], [ 32.7252787, 41.8467125 ], [ 32.7253233, 41.8466128 ], [ 32.7247881, 41.8452573 ], [ 32.7252073, 41.8448121 ], [ 32.7254928, 41.8447257 ], [ 32.7256979, 41.8449184 ], [ 32.7293283, 41.8459815 ], [ 32.7295424, 41.8464002 ], [ 32.7308625, 41.8468985 ], [ 32.7315761, 41.8477357 ], [ 32.7333829, 41.8485023 ], [ 32.7348459, 41.8487767 ], [ 32.736896, 41.848752 ], [ 32.7380104, 41.8489939 ], [ 32.739298, 41.849014 ], [ 32.7399542, 41.8489374 ], [ 32.7408692, 41.8486103 ], [ 32.7417713, 41.848455 ], [ 32.744107, 41.848255 ], [ 32.7445045, 41.8483822 ], [ 32.7451688, 41.8483842 ], [ 32.7471251, 41.8486927 ], [ 32.7481939, 41.8491302 ], [ 32.7498911, 41.8487691 ], [ 32.7505864, 41.848125 ], [ 32.7509938, 41.8479288 ], [ 32.7515073, 41.8476272 ], [ 32.752007, 41.847502 ], [ 32.752693, 41.847504 ], [ 32.75338, 41.847505 ], [ 32.75441, 41.847507 ], [ 32.754753, 41.847508 ], [ 32.7556928, 41.8476209 ], [ 32.7562311, 41.8477879 ], [ 32.7577593, 41.8485979 ], [ 32.7581166, 41.8487813 ], [ 32.7583814, 41.8488602 ], [ 32.758351, 41.849185 ], [ 32.7580901, 41.849452 ], [ 32.7579044, 41.8499337 ], [ 32.758522, 41.8498593 ], [ 32.7593386, 41.8496579 ], [ 32.7602725, 41.8497105 ], [ 32.7606556, 41.8499862 ], [ 32.7614271, 41.8500515 ], [ 32.7626438, 41.8500434 ], [ 32.7631104, 41.8498725 ], [ 32.763671, 41.849709 ], [ 32.7639643, 41.8494327 ], [ 32.7645012, 41.8492521 ], [ 32.7650013, 41.84934 ], [ 32.7656366, 41.8490223 ], [ 32.7659479, 41.8491741 ], [ 32.766591, 41.849202 ], [ 32.766761, 41.849715 ], [ 32.7670775, 41.8501728 ], [ 32.7677196, 41.8504824 ], [ 32.7683527, 41.8507075 ], [ 32.7685179, 41.8511738 ], [ 32.768814, 41.851516 ], [ 32.7691656, 41.8516526 ], [ 32.7698869, 41.8520982 ], [ 32.7702007, 41.8524611 ], [ 32.7702244, 41.8527853 ], [ 32.7710345, 41.8533574 ], [ 32.7715893, 41.8536442 ], [ 32.7719058, 41.8535916 ], [ 32.7722145, 41.8537474 ], [ 32.7722433, 41.8538992 ], [ 32.7724453, 41.8540312 ], [ 32.7728559, 41.8544056 ], [ 32.7732945, 41.8546605 ], [ 32.7737434, 41.8547203 ], [ 32.7739341, 41.854952 ], [ 32.7750879, 41.8553217 ], [ 32.7756768, 41.8555544 ], [ 32.7762307, 41.8558575 ], [ 32.7766087, 41.8558757 ], [ 32.776867, 41.855896 ], [ 32.7774385, 41.8562526 ], [ 32.7773129, 41.857016 ], [ 32.7770438, 41.8571759 ], [ 32.776862, 41.85718 ], [ 32.776387, 41.8573282 ], [ 32.7757002, 41.8578162 ], [ 32.775176, 41.8577219 ], [ 32.7746851, 41.8579336 ], [ 32.7747206, 41.8582114 ], [ 32.7750445, 41.8585252 ], [ 32.7754947, 41.8588546 ], [ 32.7759009, 41.8591487 ], [ 32.7764471, 41.8591942 ], [ 32.7767634, 41.859196 ], [ 32.7781725, 41.8590184 ], [ 32.7783697, 41.8584983 ], [ 32.7791878, 41.8582266 ], [ 32.7795661, 41.8582342 ], [ 32.7798572, 41.8583338 ], [ 32.7801737, 41.8584926 ], [ 32.780605, 41.8587036 ], [ 32.7816251, 41.8590612 ], [ 32.7822055, 41.8593051 ], [ 32.7827339, 41.8596738 ], [ 32.783173, 41.8599778 ], [ 32.7835689, 41.8600639 ], [ 32.7841846, 41.8600974 ], [ 32.7846521, 41.8600261 ], [ 32.785611, 41.859634 ], [ 32.7861159, 41.8594779 ], [ 32.786986, 41.859123 ], [ 32.7875285, 41.8590718 ], [ 32.7877629, 41.858942 ], [ 32.7879047, 41.8590085 ], [ 32.7888599, 41.8587389 ], [ 32.7892448, 41.8589279 ], [ 32.7893937, 41.8588222 ], [ 32.7895009, 41.8588621 ], [ 32.7894741, 41.8590579 ], [ 32.7901511, 41.8593807 ], [ 32.791052, 41.8593457 ], [ 32.7912294, 41.8592668 ], [ 32.7915823, 41.8592736 ], [ 32.7916789, 41.8593695 ], [ 32.7922207, 41.8593695 ], [ 32.7923119, 41.8592337 ], [ 32.792823, 41.859134 ], [ 32.7933172, 41.8590138 ], [ 32.7940588, 41.8589746 ], [ 32.7952119, 41.8590225 ], [ 32.7976307, 41.8590268 ], [ 32.798318, 41.858887 ], [ 32.7988441, 41.8588078 ], [ 32.7994841, 41.8585718 ], [ 32.8001929, 41.8584926 ], [ 32.8011478, 41.8582868 ], [ 32.8017479, 41.8583427 ], [ 32.8022261, 41.8585126 ], [ 32.8026062, 41.8585065 ], [ 32.8029671, 41.8582765 ], [ 32.8039216, 41.8580608 ], [ 32.804791, 41.857847 ], [ 32.805473, 41.8578627 ], [ 32.8062136, 41.8576999 ], [ 32.8079413, 41.8576729 ], [ 32.808859, 41.8575308 ], [ 32.8091916, 41.8575688 ], [ 32.8097016, 41.8574179 ], [ 32.8097452, 41.8574876 ], [ 32.8105187, 41.8573678 ], [ 32.8115427, 41.8574207 ], [ 32.8138806, 41.8578325 ], [ 32.8139614, 41.857503 ], [ 32.8143328, 41.857244 ], [ 32.8143058, 41.8571209 ], [ 32.814467, 41.8568342 ], [ 32.8149572, 41.8566408 ], [ 32.8150785, 41.8564449 ], [ 32.8150409, 41.856357 ], [ 32.8154715, 41.8561743 ], [ 32.8162031, 41.8564445 ], [ 32.8164599, 41.8562298 ], [ 32.8164006, 41.8558634 ], [ 32.8168093, 41.8556581 ], [ 32.8178787, 41.8557177 ], [ 32.8179309, 41.8558999 ], [ 32.8184044, 41.8562491 ], [ 32.819065, 41.8564081 ], [ 32.8195639, 41.8564877 ], [ 32.819847, 41.8568587 ], [ 32.8202454, 41.8571468 ], [ 32.820588, 41.85716 ], [ 32.8208834, 41.8575417 ], [ 32.8212509, 41.8576282 ], [ 32.8213472, 41.8578132 ], [ 32.8223258, 41.8582508 ], [ 32.8219771, 41.8583547 ], [ 32.822355, 41.858542 ], [ 32.822644, 41.858527 ], [ 32.8227939, 41.858836 ], [ 32.8227389, 41.8590493 ], [ 32.823039, 41.859441 ], [ 32.8231191, 41.8597949 ], [ 32.823665, 41.8602037 ], [ 32.8244211, 41.8605047 ], [ 32.8255684, 41.8606827 ], [ 32.8262815, 41.8609544 ], [ 32.8269799, 41.8611921 ], [ 32.8269518, 41.8613692 ], [ 32.8270759, 41.8613942 ], [ 32.8274832, 41.8613383 ], [ 32.828191, 41.8615673 ], [ 32.8293109, 41.8616895 ], [ 32.8309098, 41.8620084 ], [ 32.8312572, 41.8620177 ], [ 32.831569, 41.8618269 ], [ 32.8319502, 41.8619957 ], [ 32.8323419, 41.8620966 ], [ 32.8326527, 41.8619777 ], [ 32.832696, 41.8618429 ], [ 32.833335, 41.86151 ], [ 32.834022, 41.861255 ], [ 32.834366, 41.860999 ], [ 32.83471, 41.860742 ], [ 32.8348984, 41.860462 ], [ 32.8352102, 41.8603978 ], [ 32.8355811, 41.8604777 ], [ 32.8358382, 41.8606358 ], [ 32.8361705, 41.8605959 ], [ 32.836772, 41.860232 ], [ 32.837116, 41.859976 ], [ 32.8377822, 41.8600088 ], [ 32.8381078, 41.8602139 ], [ 32.838488, 41.86062 ], [ 32.83889, 41.8608858 ], [ 32.8392713, 41.8609869 ], [ 32.8399911, 41.8608694 ], [ 32.840243, 41.8607519 ], [ 32.8406936, 41.8608278 ], [ 32.8408062, 41.860696 ], [ 32.841579, 41.860239 ], [ 32.8419596, 41.8602396 ], [ 32.8420615, 41.8604044 ], [ 32.8422225, 41.8606441 ], [ 32.8423351, 41.8608958 ], [ 32.8424424, 41.8610276 ], [ 32.842775, 41.8610516 ], [ 32.8431291, 41.8609477 ], [ 32.8433222, 41.860708 ], [ 32.8436494, 41.8605082 ], [ 32.8438994, 41.8604595 ], [ 32.8441322, 41.8605682 ], [ 32.8442288, 41.8605955 ], [ 32.8444058, 41.8605722 ], [ 32.8444863, 41.8606601 ], [ 32.8445077, 41.8608279 ], [ 32.8445399, 41.8609757 ], [ 32.8447223, 41.8609557 ], [ 32.8449744, 41.8605476 ], [ 32.8452641, 41.8604357 ], [ 32.845763, 41.8603958 ], [ 32.8463424, 41.8603324 ], [ 32.8465408, 41.8604004 ], [ 32.8469807, 41.8603444 ], [ 32.8474045, 41.8603205 ], [ 32.8476513, 41.8602006 ], [ 32.8479088, 41.8600688 ], [ 32.8480751, 41.8600368 ], [ 32.8482521, 41.8600847 ], [ 32.8483379, 41.8601646 ], [ 32.8485418, 41.8601646 ], [ 32.8487402, 41.8601167 ], [ 32.8495235, 41.8601081 ], [ 32.8500706, 41.8602645 ], [ 32.850371, 41.8606001 ], [ 32.8504622, 41.8607519 ], [ 32.8505856, 41.8608039 ], [ 32.8507144, 41.860728 ], [ 32.8508538, 41.8605482 ], [ 32.851106, 41.8604563 ], [ 32.8514976, 41.8604084 ], [ 32.8516799, 41.8605082 ], [ 32.8517926, 41.8605961 ], [ 32.8518462, 41.8605482 ], [ 32.8520018, 41.8603878 ], [ 32.8522539, 41.8602605 ], [ 32.8526294, 41.8600248 ], [ 32.8529513, 41.859869 ], [ 32.853359, 41.8597651 ], [ 32.8537935, 41.8598051 ], [ 32.8550864, 41.8600648 ], [ 32.8564167, 41.8603604 ], [ 32.8571087, 41.8606201 ], [ 32.8574682, 41.8607919 ], [ 32.8576505, 41.8608598 ], [ 32.8578812, 41.8608752 ], [ 32.858069, 41.8608159 ], [ 32.858305, 41.8606595 ], [ 32.8582943, 41.8605402 ], [ 32.8581655, 41.8603924 ], [ 32.8579188, 41.8602679 ], [ 32.8573823, 41.8600927 ], [ 32.8569639, 41.8599729 ], [ 32.8568083, 41.8599323 ], [ 32.8568083, 41.859861 ], [ 32.8569854, 41.859829 ], [ 32.8569854, 41.8597651 ], [ 32.8567761, 41.8598171 ], [ 32.8567708, 41.8596287 ], [ 32.8567976, 41.8594854 ], [ 32.8568459, 41.8593975 ], [ 32.8570497, 41.8593096 ], [ 32.8573072, 41.8591738 ], [ 32.8577793, 41.858982 ], [ 32.8579241, 41.8588462 ], [ 32.858065, 41.85872 ], [ 32.8582943, 41.8587183 ], [ 32.8585571, 41.8586824 ], [ 32.858761, 41.8586264 ], [ 32.8588728, 41.85852 ], [ 32.8590828, 41.8585066 ], [ 32.8593242, 41.8585385 ], [ 32.8594208, 41.8586218 ], [ 32.8595442, 41.8586664 ], [ 32.8596998, 41.8586698 ], [ 32.8598446, 41.8585905 ], [ 32.860263, 41.8586824 ], [ 32.8606653, 41.8587623 ], [ 32.8610087, 41.8587863 ], [ 32.8614915, 41.8588662 ], [ 32.8618509, 41.8589221 ], [ 32.8619743, 41.85899 ], [ 32.8619582, 41.8591458 ], [ 32.8620011, 41.8593136 ], [ 32.8621298, 41.8594415 ], [ 32.862323, 41.8596333 ], [ 32.8625804, 41.8596766 ], [ 32.8627253, 41.8597571 ], [ 32.8628487, 41.8597571 ], [ 32.8629238, 41.859837 ], [ 32.8629291, 41.859901 ], [ 32.8628755, 41.8600168 ], [ 32.8628701, 41.8601287 ], [ 32.8628862, 41.8602326 ], [ 32.8629774, 41.8603284 ], [ 32.8630954, 41.8604283 ], [ 32.863074, 41.8606561 ], [ 32.8629935, 41.8608239 ], [ 32.8629399, 41.8609231 ], [ 32.8627843, 41.8609871 ], [ 32.8626171, 41.8610071 ], [ 32.8624839, 41.861023 ], [ 32.8622371, 41.861011 ], [ 32.8619153, 41.861055 ], [ 32.8616041, 41.8611395 ], [ 32.8614486, 41.8611994 ], [ 32.8613413, 41.8611994 ], [ 32.8614164, 41.8612673 ], [ 32.8613681, 41.8613227 ], [ 32.8612125, 41.8613313 ], [ 32.8610784, 41.8613792 ], [ 32.8608692, 41.8614026 ], [ 32.8603971, 41.8614265 ], [ 32.8600956, 41.8613944 ], [ 32.8598875, 41.8614671 ], [ 32.859512, 41.8614391 ], [ 32.8594744, 41.8614991 ], [ 32.8594852, 41.8616189 ], [ 32.8598553, 41.8617068 ], [ 32.8615129, 41.8619385 ], [ 32.8615558, 41.8620744 ], [ 32.8613627, 41.8621742 ], [ 32.8610838, 41.8622501 ], [ 32.8611374, 41.862358 ], [ 32.8613359, 41.862402 ], [ 32.8617436, 41.8625618 ], [ 32.8618884, 41.8626696 ], [ 32.8618777, 41.8628414 ], [ 32.8618133, 41.8628808 ], [ 32.8615773, 41.8627895 ], [ 32.8613949, 41.8628254 ], [ 32.8614164, 41.8629373 ], [ 32.861529, 41.8630686 ], [ 32.8616685, 41.863153 ], [ 32.861926, 41.8632923 ], [ 32.8622639, 41.8634727 ], [ 32.8627414, 41.8636438 ], [ 32.8633368, 41.8638003 ], [ 32.8639376, 41.8639401 ], [ 32.8651124, 41.8643675 ], [ 32.8655792, 41.8644195 ], [ 32.8664321, 41.8645913 ], [ 32.867285, 41.8648549 ], [ 32.8678215, 41.8650227 ], [ 32.8683523, 41.8650986 ], [ 32.869055, 41.8652904 ], [ 32.8697202, 41.865634 ], [ 32.8699563, 41.8658217 ], [ 32.8703693, 41.8661773 ], [ 32.8714261, 41.8668085 ], [ 32.8719786, 41.8672239 ], [ 32.8728369, 41.8677552 ], [ 32.8732554, 41.8677393 ], [ 32.8736148, 41.8678152 ], [ 32.8743175, 41.867915 ], [ 32.8750471, 41.867951 ], [ 32.8760073, 41.867911 ], [ 32.876694, 41.867935 ], [ 32.877386, 41.8680668 ], [ 32.878137, 41.8681347 ], [ 32.8784535, 41.8680828 ], [ 32.8789363, 41.8680988 ], [ 32.8790919, 41.8680628 ], [ 32.8793708, 41.8679869 ], [ 32.8794781, 41.8678911 ], [ 32.8796286, 41.8678265 ], [ 32.8799341, 41.8678192 ], [ 32.8801379, 41.8678631 ], [ 32.8803528, 41.8678825 ], [ 32.8805402, 41.8677992 ], [ 32.8806529, 41.8677712 ], [ 32.8809211, 41.8677632 ], [ 32.8810984, 41.8676707 ], [ 32.8817151, 41.8674716 ], [ 32.8828469, 41.8672359 ], [ 32.8835336, 41.867188 ], [ 32.8839413, 41.8671201 ], [ 32.8842685, 41.8670521 ], [ 32.8852395, 41.8669563 ], [ 32.88613, 41.8670242 ], [ 32.8889946, 41.8675116 ], [ 32.8924546, 41.8682346 ], [ 32.8946916, 41.8686461 ], [ 32.8958718, 41.8689017 ], [ 32.8986827, 41.8695689 ], [ 32.901399, 41.8703323 ], [ 32.9021461, 41.8705219 ], [ 32.9030726, 41.8707578 ], [ 32.905128, 41.8712532 ], [ 32.906698, 41.8716217 ], [ 32.907104, 41.8717031 ], [ 32.907835, 41.871862 ], [ 32.9101203, 41.8725236 ], [ 32.9142913, 41.8737312 ], [ 32.9188172, 41.874987 ], [ 32.9219184, 41.8759744 ], [ 32.9289504, 41.8782076 ], [ 32.9317656, 41.879144 ], [ 32.9338537, 41.8799772 ], [ 32.9343108, 41.8802202 ], [ 32.934365, 41.8804734 ], [ 32.9341043, 41.8808089 ], [ 32.9341794, 41.8809128 ], [ 32.9342792, 41.8809287 ], [ 32.9345152, 41.8806412 ], [ 32.9347158, 41.8805853 ], [ 32.9352233, 41.880721 ], [ 32.935749, 41.8809687 ], [ 32.9361106, 41.8811764 ], [ 32.9357994, 41.8820391 ], [ 32.9357705, 41.8822068 ], [ 32.935896, 41.8822867 ], [ 32.9359926, 41.8821828 ], [ 32.9361052, 41.8816397 ], [ 32.9373266, 41.8817095 ], [ 32.9379216, 41.8817435 ], [ 32.9392895, 41.8818833 ], [ 32.9410544, 41.882103 ], [ 32.9426176, 41.8823985 ], [ 32.947787, 41.8836887 ], [ 32.9520257, 41.8847837 ], [ 32.9565325, 41.8860258 ], [ 32.9595292, 41.8869572 ], [ 32.9625006, 41.8879095 ], [ 32.9681418, 41.8898 ], [ 32.9720366, 41.8912869 ], [ 32.9738004, 41.8920456 ], [ 32.9752365, 41.8926801 ], [ 32.9765073, 41.8933335 ], [ 32.976873, 41.8935853 ], [ 32.9771591, 41.893836 ], [ 32.9771376, 41.8939318 ], [ 32.9771376, 41.8940476 ], [ 32.9772718, 41.8941036 ], [ 32.9774579, 41.8940011 ], [ 32.9775883, 41.8940237 ], [ 32.9782534, 41.8943312 ], [ 32.9783468, 41.8944252 ], [ 32.9781891, 41.8947744 ], [ 32.9781783, 41.8949182 ], [ 32.978232, 41.8949661 ], [ 32.9783339, 41.8949621 ], [ 32.9784412, 41.8948942 ], [ 32.978527, 41.8947624 ], [ 32.9786075, 41.8943871 ], [ 32.9787899, 41.8943391 ], [ 32.9791708, 41.8943551 ], [ 32.9794014, 41.8945268 ], [ 32.9795194, 41.8946985 ], [ 32.9791278, 41.8949022 ], [ 32.979101, 41.894998 ], [ 32.9791869, 41.8950939 ], [ 32.9792995, 41.8951138 ], [ 32.9799486, 41.8947105 ], [ 32.9814935, 41.895565 ], [ 32.9819782, 41.8963638 ], [ 32.9821456, 41.8968678 ], [ 32.9822861, 41.8972449 ], [ 32.9825656, 41.8981757 ], [ 32.9807962, 41.8990868 ], [ 32.9807318, 41.8991427 ], [ 32.9807747, 41.8992226 ], [ 32.980882, 41.8992226 ], [ 32.982663, 41.8982962 ], [ 32.9829098, 41.8982004 ], [ 32.9832477, 41.8981685 ], [ 32.9835589, 41.8982204 ], [ 32.98412, 41.898432 ], [ 32.9839813, 41.8986048 ], [ 32.983929, 41.8986756 ], [ 32.983296, 41.8985079 ], [ 32.9831351, 41.8984599 ], [ 32.9827059, 41.8986277 ], [ 32.9800076, 41.9001369 ], [ 32.9800173, 41.9002687 ], [ 32.9801321, 41.9002998 ], [ 32.9803121, 41.9002773 ], [ 32.9805132, 41.9000663 ], [ 32.9828995, 41.8987257 ], [ 32.9832469, 41.8986577 ], [ 32.983768, 41.8987802 ], [ 32.9850754, 41.8992225 ], [ 32.9856331, 41.8993178 ], [ 32.9859074, 41.8998826 ], [ 32.9859806, 41.9009306 ], [ 32.9859349, 41.9013933 ], [ 32.9857886, 41.9015974 ], [ 32.9856697, 41.9019581 ], [ 32.9842892, 41.9024072 ], [ 32.9841703, 41.9023255 ], [ 32.9842526, 41.9022371 ], [ 32.9840332, 41.9019921 ], [ 32.9829086, 41.9023528 ], [ 32.9829909, 41.9025705 ], [ 32.9818298, 41.9034415 ], [ 32.9813086, 41.9031217 ], [ 32.9814549, 41.9029856 ], [ 32.9817201, 41.9028563 ], [ 32.9817932, 41.9027679 ], [ 32.9817018, 41.902659 ], [ 32.9814824, 41.9027202 ], [ 32.9811075, 41.9029856 ], [ 32.9795258, 41.9019649 ], [ 32.9789773, 41.9014613 ], [ 32.9782824, 41.9006924 ], [ 32.978191, 41.9002977 ], [ 32.9779533, 41.900148 ], [ 32.9776698, 41.900182 ], [ 32.9775693, 41.9003589 ], [ 32.9789133, 41.9018968 ], [ 32.979535, 41.9023868 ], [ 32.9820401, 41.9040812 ], [ 32.9819578, 41.9041628 ], [ 32.9819669, 41.9043125 ], [ 32.9817932, 41.9044486 ], [ 32.9818572, 41.9054625 ], [ 32.9818389, 41.9061973 ], [ 32.9815006, 41.9064491 ], [ 32.9814184, 41.9067621 ], [ 32.9814352, 41.9069231 ], [ 32.9818466, 41.9069231 ], [ 32.9820204, 41.9072837 ], [ 32.9822672, 41.9073858 ], [ 32.9820844, 41.9075354 ], [ 32.9821666, 41.9075967 ], [ 32.9827792, 41.9071884 ], [ 32.9832546, 41.9070932 ], [ 32.9839952, 41.9073653 ], [ 32.9845346, 41.9080322 ], [ 32.9851563, 41.9084676 ], [ 32.985778, 41.908767 ], [ 32.985842, 41.909046 ], [ 32.9855586, 41.9092569 ], [ 32.9859974, 41.9093862 ], [ 32.9862626, 41.9092161 ], [ 32.9866374, 41.9092025 ], [ 32.9867654, 41.9089983 ], [ 32.9870214, 41.9091276 ], [ 32.9874694, 41.9091276 ], [ 32.9876065, 41.9095495 ], [ 32.9875608, 41.909774 ], [ 32.9878168, 41.9098556 ], [ 32.9880545, 41.9096855 ], [ 32.9882922, 41.9098012 ], [ 32.9887128, 41.9096107 ], [ 32.9891151, 41.9097536 ], [ 32.9894168, 41.9097196 ], [ 32.9901391, 41.9098897 ], [ 32.9913916, 41.909706 ], [ 32.9922785, 41.9096583 ], [ 32.9930099, 41.9099781 ], [ 32.9936956, 41.9099305 ], [ 32.994171, 41.9100325 ], [ 32.9947287, 41.9098352 ], [ 32.996283, 41.9100734 ], [ 32.9971332, 41.9100598 ], [ 32.9979652, 41.910155 ], [ 32.9995286, 41.9104476 ], [ 33.0004155, 41.9105973 ], [ 33.0013313, 41.9107847 ], [ 33.0021833, 41.9109644 ], [ 33.0036611, 41.911162 ], [ 33.0047053, 41.9112798 ], [ 33.0058695, 41.9115023 ], [ 33.0063056, 41.9115654 ], [ 33.0081879, 41.9124997 ], [ 33.00869, 41.9126747 ], [ 33.0090988, 41.9129405 ], [ 33.00919, 41.9130763 ], [ 33.0093688, 41.913269 ], [ 33.0097277, 41.9133977 ], [ 33.0103003, 41.9137012 ], [ 33.0106866, 41.9140343 ], [ 33.0108736, 41.9143576 ], [ 33.0109602, 41.9147329 ], [ 33.0114045, 41.9156093 ], [ 33.0116576, 41.9158267 ], [ 33.0117309, 41.9159772 ], [ 33.0121672, 41.9162139 ], [ 33.0130697, 41.9164623 ], [ 33.014489, 41.9164832 ], [ 33.0147962, 41.9162981 ], [ 33.015604, 41.9163668 ], [ 33.0157403, 41.9163141 ], [ 33.0160242, 41.9162698 ], [ 33.0159277, 41.9161221 ], [ 33.0159441, 41.9159269 ], [ 33.0161695, 41.9158191 ], [ 33.017031, 41.9157491 ], [ 33.017605, 41.9160155 ], [ 33.0180341, 41.916255 ], [ 33.0183796, 41.9166135 ], [ 33.0180846, 41.9167173 ], [ 33.0181221, 41.9167691 ], [ 33.0190824, 41.9171244 ], [ 33.0197883, 41.9171092 ], [ 33.0201906, 41.9171971 ], [ 33.0202603, 41.9169696 ], [ 33.0205658, 41.9170129 ], [ 33.0208311, 41.9172402 ], [ 33.0207378, 41.9174405 ], [ 33.0209515, 41.9175018 ], [ 33.0212867, 41.9178665 ], [ 33.0216197, 41.9181582 ], [ 33.022462, 41.9183778 ], [ 33.0226868, 41.9185171 ], [ 33.0228267, 41.9188089 ], [ 33.0227083, 41.919064 ], [ 33.0229072, 41.9193837 ], [ 33.0235988, 41.9196587 ], [ 33.0241138, 41.9200259 ], [ 33.0239725, 41.9201229 ], [ 33.0241507, 41.9202142 ], [ 33.0244034, 41.9201936 ], [ 33.0244695, 41.9203775 ], [ 33.0248487, 41.9202694 ], [ 33.026113, 41.9209811 ], [ 33.026555, 41.9212477 ], [ 33.0270431, 41.9214553 ], [ 33.0271769, 41.921383 ], [ 33.0273324, 41.9215427 ], [ 33.0272631, 41.9216948 ], [ 33.0275524, 41.9217423 ], [ 33.0274433, 41.9220947 ], [ 33.0276761, 41.9224013 ], [ 33.027733, 41.9226415 ], [ 33.0275452, 41.9231844 ], [ 33.0273757, 41.9233233 ], [ 33.0268604, 41.923259 ], [ 33.0268657, 41.9233668 ], [ 33.02707, 41.9234989 ], [ 33.0274562, 41.9236585 ], [ 33.0275613, 41.9240465 ], [ 33.0274112, 41.9244855 ], [ 33.027379, 41.9250722 ], [ 33.0273006, 41.9254945 ], [ 33.0268532, 41.9257388 ], [ 33.0268983, 41.9259974 ], [ 33.027379, 41.9265171 ], [ 33.0271393, 41.9266875 ], [ 33.0272949, 41.9267872 ], [ 33.0274004, 41.9267087 ], [ 33.0275041, 41.9267992 ], [ 33.0275041, 41.9269349 ], [ 33.0276279, 41.927091 ], [ 33.0279444, 41.9273863 ], [ 33.0281156, 41.9272502 ], [ 33.0282712, 41.9272742 ], [ 33.0281585, 41.9274418 ], [ 33.0283467, 41.927518 ], [ 33.0284858, 41.9274258 ], [ 33.0286793, 41.9276178 ], [ 33.0289797, 41.9277016 ], [ 33.0290634, 41.9275188 ], [ 33.0298465, 41.9274869 ], [ 33.0300794, 41.9271508 ], [ 33.0303365, 41.9271265 ], [ 33.030868, 41.9271229 ], [ 33.0312413, 41.9273591 ], [ 33.0318529, 41.9277423 ], [ 33.0324591, 41.9279419 ], [ 33.0328524, 41.92824 ], [ 33.0331961, 41.9282923 ], [ 33.0343227, 41.9287034 ], [ 33.0352722, 41.9289428 ], [ 33.0356101, 41.9289588 ], [ 33.0361895, 41.9290226 ], [ 33.0366186, 41.9290705 ], [ 33.0373267, 41.928863 ], [ 33.0378396, 41.9288199 ], [ 33.038376, 41.9289716 ], [ 33.0392311, 41.929306 ], [ 33.0392146, 41.9294533 ], [ 33.0399334, 41.9296688 ], [ 33.0404628, 41.9298895 ], [ 33.0410224, 41.9299841 ], [ 33.0409419, 41.9301557 ], [ 33.0410975, 41.9301996 ], [ 33.0412799, 41.9301557 ], [ 33.0421526, 41.9304003 ], [ 33.0425624, 41.9305552 ], [ 33.0429271, 41.9308944 ], [ 33.0426911, 41.9314611 ], [ 33.0431074, 41.9316015 ], [ 33.0430452, 41.9317963 ], [ 33.0439518, 41.9320916 ], [ 33.0445151, 41.9320717 ], [ 33.0447489, 41.931837 ], [ 33.0451159, 41.9313693 ], [ 33.0450944, 41.9309223 ], [ 33.045545, 41.9309702 ], [ 33.0461458, 41.9311298 ], [ 33.0463439, 41.9309259 ], [ 33.0466876, 41.9309064 ], [ 33.0471039, 41.9310069 ], [ 33.0473792, 41.9311254 ], [ 33.0473153, 41.931497 ], [ 33.0474011, 41.9315489 ], [ 33.0476908, 41.9316327 ], [ 33.0477497, 41.931493 ], [ 33.0483878, 41.9317081 ], [ 33.0484418, 41.9318163 ], [ 33.0487043, 41.9320194 ], [ 33.0484397, 41.9322754 ], [ 33.0489568, 41.9324229 ], [ 33.048863, 41.932597 ], [ 33.0484953, 41.9328896 ], [ 33.0481306, 41.9330933 ], [ 33.0487208, 41.9332928 ], [ 33.0486819, 41.9335168 ], [ 33.0487847, 41.9335518 ], [ 33.0489564, 41.9333962 ], [ 33.0492836, 41.9334162 ], [ 33.0492997, 41.9333324 ], [ 33.0491602, 41.9332885 ], [ 33.049284, 41.9331132 ], [ 33.0493054, 41.9328658 ], [ 33.0496971, 41.9326822 ], [ 33.0499829, 41.9325935 ], [ 33.0501852, 41.9325306 ], [ 33.0508178, 41.9325222 ], [ 33.0508983, 41.9326499 ], [ 33.0515746, 41.93279 ], [ 33.0518907, 41.9327617 ], [ 33.0526261, 41.9329496 ], [ 33.0536392, 41.9330007 ], [ 33.0538921, 41.9330135 ], [ 33.0550079, 41.9331252 ], [ 33.0558014, 41.9333004 ], [ 33.0563253, 41.9335331 ], [ 33.0567888, 41.9337078 ], [ 33.0569905, 41.9335817 ], [ 33.057218, 41.9335083 ], [ 33.057969, 41.9334285 ], [ 33.0588037, 41.9334812 ], [ 33.0598787, 41.9337198 ], [ 33.0604903, 41.9339553 ], [ 33.0610911, 41.9341668 ], [ 33.0618958, 41.9340511 ], [ 33.0632261, 41.934099 ], [ 33.0651788, 41.9344821 ], [ 33.0676625, 41.9350288 ], [ 33.0693447, 41.9355324 ], [ 33.0702213, 41.9358548 ], [ 33.0708759, 41.9363736 ], [ 33.0709134, 41.9366729 ], [ 33.0709809, 41.9367695 ], [ 33.0715464, 41.9367527 ], [ 33.0721257, 41.9369083 ], [ 33.072179, 41.9370596 ], [ 33.072297, 41.9371673 ], [ 33.0726403, 41.9371713 ], [ 33.0729032, 41.9369957 ], [ 33.0761544, 41.9376346 ], [ 33.0762613, 41.9378337 ], [ 33.0774955, 41.9379937 ], [ 33.079255, 41.9383449 ], [ 33.0803258, 41.9387008 ], [ 33.0809094, 41.9389834 ], [ 33.0814866, 41.9388397 ], [ 33.0818943, 41.9387599 ], [ 33.0835709, 41.9390772 ], [ 33.0882454, 41.9398245 ], [ 33.0906791, 41.9406003 ], [ 33.0909688, 41.9408396 ], [ 33.0912542, 41.9410384 ], [ 33.0930137, 41.9411541 ], [ 33.0932057, 41.9413703 ], [ 33.093009, 41.9419118 ], [ 33.0931853, 41.9420878 ], [ 33.0942636, 41.9423072 ], [ 33.0948751, 41.9421197 ], [ 33.0962807, 41.9425985 ], [ 33.0964637, 41.9428894 ], [ 33.0966246, 41.9428016 ], [ 33.0967587, 41.9429692 ], [ 33.0968982, 41.9427458 ], [ 33.0976385, 41.9429891 ], [ 33.0975956, 41.9428096 ], [ 33.0978202, 41.9425866 ], [ 33.0982171, 41.9426345 ], [ 33.0994832, 41.9429018 ], [ 33.1003797, 41.943065 ], [ 33.1009627, 41.9433654 ], [ 33.1019776, 41.9434165 ], [ 33.1032543, 41.9434285 ], [ 33.1035769, 41.9431767 ], [ 33.1041241, 41.9431767 ], [ 33.1040955, 41.9434891 ], [ 33.1043702, 41.9436399 ], [ 33.1045854, 41.9433443 ], [ 33.1047732, 41.9433961 ], [ 33.1047034, 41.9437353 ], [ 33.1048804, 41.9437513 ], [ 33.1050782, 41.9436439 ], [ 33.1051648, 41.9435198 ], [ 33.1056261, 41.9436395 ], [ 33.1056261, 41.9438151 ], [ 33.105899, 41.943983 ], [ 33.1061679, 41.9438231 ], [ 33.1072337, 41.9442432 ], [ 33.1068807, 41.9447691 ], [ 33.1074607, 41.945072 ], [ 33.1077182, 41.9451517 ], [ 33.1078094, 41.9449682 ], [ 33.1079221, 41.9449363 ], [ 33.1079113, 41.9451956 ], [ 33.1082493, 41.9451637 ], [ 33.1086563, 41.9454793 ], [ 33.1088662, 41.9454909 ], [ 33.109461, 41.9458464 ], [ 33.1103569, 41.9461456 ], [ 33.1113439, 41.9463252 ], [ 33.1121593, 41.9461895 ], [ 33.113039, 41.9464848 ], [ 33.1131095, 41.9467437 ], [ 33.1136566, 41.9465123 ], [ 33.1138176, 41.9467437 ], [ 33.1137156, 41.9471228 ], [ 33.1137793, 41.9473306 ], [ 33.1139302, 41.9472824 ], [ 33.1139403, 41.9468638 ], [ 33.1143111, 41.9469472 ], [ 33.1143594, 41.9467397 ], [ 33.1154752, 41.9465243 ], [ 33.1155288, 41.9467357 ], [ 33.1153464, 41.9469751 ], [ 33.1155281, 41.9474185 ], [ 33.1160277, 41.9477053 ], [ 33.1167029, 41.9477057 ], [ 33.116768, 41.9477931 ], [ 33.1179368, 41.9474982 ], [ 33.1183934, 41.9479766 ], [ 33.118912, 41.9481533 ], [ 33.1200825, 41.9483999 ], [ 33.1205499, 41.9483038 ], [ 33.1205338, 41.948607 ], [ 33.121376, 41.948611 ], [ 33.121767, 41.9484797 ], [ 33.122298, 41.9490862 ], [ 33.122872, 41.9489784 ], [ 33.1230819, 41.9488424 ], [ 33.1241273, 41.9488668 ], [ 33.1245983, 41.9487198 ], [ 33.1247234, 41.9488823 ], [ 33.1253511, 41.9488942 ], [ 33.125335, 41.9491416 ], [ 33.1259565, 41.9492258 ], [ 33.127051, 41.9493495 ], [ 33.1277322, 41.9494851 ], [ 33.1287622, 41.9494133 ], [ 33.1298082, 41.9494692 ], [ 33.1306612, 41.9494492 ], [ 33.1316965, 41.9497764 ], [ 33.131724, 41.9499475 ], [ 33.1327694, 41.9500756 ], [ 33.1334458, 41.9500752 ], [ 33.133757, 41.9499794 ], [ 33.134229, 41.9499236 ], [ 33.1347548, 41.9497401 ], [ 33.135141, 41.9495007 ], [ 33.135311, 41.9492346 ], [ 33.1352252, 41.9491069 ], [ 33.1350873, 41.9490778 ], [ 33.1350552, 41.948982 ], [ 33.1352054, 41.9488863 ], [ 33.1355701, 41.9487187 ], [ 33.1361495, 41.9486549 ], [ 33.1365679, 41.9487107 ], [ 33.1370829, 41.9488384 ], [ 33.1372975, 41.9489262 ], [ 33.1374906, 41.9491496 ], [ 33.1376081, 41.9493255 ], [ 33.1374742, 41.9496827 ], [ 33.1377052, 41.9495246 ], [ 33.1379198, 41.9494608 ], [ 33.1380163, 41.9493491 ], [ 33.1381665, 41.9492932 ], [ 33.1382631, 41.949365 ], [ 33.1382845, 41.9492453 ], [ 33.1384133, 41.9491017 ], [ 33.1387995, 41.9489022 ], [ 33.1391536, 41.9487905 ], [ 33.139454, 41.9488065 ], [ 33.1397222, 41.9488464 ], [ 33.1398831, 41.9489421 ], [ 33.1400226, 41.9490219 ], [ 33.1399904, 41.9491336 ], [ 33.1396793, 41.9493969 ], [ 33.1395935, 41.9494767 ], [ 33.1396793, 41.9494847 ], [ 33.1398617, 41.9493491 ], [ 33.1400441, 41.9492054 ], [ 33.1402586, 41.9490937 ], [ 33.1405054, 41.9489661 ], [ 33.1405912, 41.9487506 ], [ 33.1406771, 41.948599 ], [ 33.1409775, 41.9484793 ], [ 33.141353, 41.9484155 ], [ 33.1419645, 41.9484953 ], [ 33.1427477, 41.9486788 ], [ 33.1431876, 41.9487745 ], [ 33.1434022, 41.9489501 ], [ 33.1434129, 41.9491975 ], [ 33.1434773, 41.949389 ], [ 33.1434451, 41.9496283 ], [ 33.1436382, 41.9496922 ], [ 33.1438099, 41.9497879 ], [ 33.1438635, 41.9499236 ], [ 33.1439816, 41.9500433 ], [ 33.1441854, 41.9499954 ], [ 33.1443785, 41.9498837 ], [ 33.1445824, 41.9499156 ], [ 33.144754, 41.950139 ], [ 33.1449579, 41.9502268 ], [ 33.145151, 41.9502188 ], [ 33.1452905, 41.9503465 ], [ 33.1455372, 41.9506098 ], [ 33.1456767, 41.9508811 ], [ 33.1457518, 41.9509928 ], [ 33.1458376, 41.951288 ], [ 33.1460522, 41.9514317 ], [ 33.1466423, 41.9516152 ], [ 33.1469642, 41.9517827 ], [ 33.1471144, 41.9519264 ], [ 33.1472753, 41.9521977 ], [ 33.1473933, 41.9523652 ], [ 33.147399, 41.952535 ], [ 33.1475972, 41.9525168 ], [ 33.1478547, 41.952461 ], [ 33.148198, 41.9524689 ], [ 33.1484769, 41.9525727 ], [ 33.1487022, 41.9527482 ], [ 33.1488954, 41.9529796 ], [ 33.1491421, 41.9530355 ], [ 33.1495069, 41.9530195 ], [ 33.149818, 41.9529716 ], [ 33.1502365, 41.9528759 ], [ 33.1506656, 41.9528759 ], [ 33.150848, 41.9528998 ], [ 33.1510197, 41.9530035 ], [ 33.151084, 41.9531392 ], [ 33.1512342, 41.9532269 ], [ 33.151481, 41.953211 ], [ 33.1517492, 41.9531551 ], [ 33.1518565, 41.9531711 ], [ 33.1520604, 41.9531551 ], [ 33.152048, 41.9530327 ], [ 33.1520818, 41.9528679 ], [ 33.1523286, 41.9526924 ], [ 33.1527148, 41.9525088 ], [ 33.1532191, 41.9525248 ], [ 33.1537432, 41.9525938 ], [ 33.1539808, 41.9526844 ], [ 33.1541739, 41.952836 ], [ 33.1543778, 41.9529876 ], [ 33.1546675, 41.9530035 ], [ 33.1549142, 41.9529397 ], [ 33.1555047, 41.9530218 ], [ 33.1557215, 41.9531453 ], [ 33.1557401, 41.9533127 ], [ 33.1557446, 41.954168 ], [ 33.1557854, 41.9542082 ], [ 33.1558572, 41.9542318 ], [ 33.155941, 41.9542318 ], [ 33.1560317, 41.9541859 ], [ 33.1560479, 41.9540194 ], [ 33.155952, 41.9540058 ], [ 33.1559564, 41.9537354 ], [ 33.1560679, 41.9537294 ], [ 33.1560667, 41.953523 ], [ 33.1568556, 41.9535057 ], [ 33.1568414, 41.9534189 ], [ 33.1573176, 41.9534093 ], [ 33.1573429, 41.9538609 ], [ 33.157339, 41.9540495 ], [ 33.1574504, 41.9541033 ], [ 33.1569074, 41.9546238 ], [ 33.1567648, 41.9547297 ], [ 33.1566241, 41.954777 ], [ 33.1554984, 41.9547767 ], [ 33.1554517, 41.9547353 ], [ 33.1554575, 41.9546788 ], [ 33.1553325, 41.9546642 ], [ 33.1552319, 41.9547324 ], [ 33.1552083, 41.9548339 ], [ 33.155245, 41.9549259 ], [ 33.1553933, 41.9549918 ], [ 33.1564836, 41.9550125 ], [ 33.1568289, 41.954991 ], [ 33.1570985, 41.9548911 ], [ 33.157299, 41.9547208 ], [ 33.1575785, 41.9543872 ], [ 33.1578934, 41.9541432 ], [ 33.158016, 41.9540725 ], [ 33.1581524, 41.954031 ], [ 33.1583797, 41.9539929 ], [ 33.1585513, 41.953977 ], [ 33.1587981, 41.9538812 ], [ 33.1591736, 41.9536817 ], [ 33.1596886, 41.9535621 ], [ 33.1605791, 41.953594 ], [ 33.1612872, 41.9537296 ], [ 33.1614266, 41.9538812 ], [ 33.1619524, 41.9541605 ], [ 33.1624673, 41.9542403 ], [ 33.1629823, 41.9542323 ], [ 33.163669, 41.9541126 ], [ 33.1642591, 41.9541764 ], [ 33.1650959, 41.9542642 ], [ 33.1657718, 41.9544956 ], [ 33.1671129, 41.9549264 ], [ 33.1681965, 41.9552695 ], [ 33.1689905, 41.9555488 ], [ 33.1693338, 41.9558041 ], [ 33.169484, 41.9560036 ], [ 33.1695269, 41.956203 ], [ 33.1695055, 41.9563387 ], [ 33.1694625, 41.9566658 ], [ 33.169484, 41.9568174 ], [ 33.1694733, 41.9569211 ], [ 33.1693767, 41.9571365 ], [ 33.1693016, 41.9574397 ], [ 33.1690978, 41.9577189 ], [ 33.1689046, 41.9578466 ], [ 33.1687437, 41.9580221 ], [ 33.1686793, 41.9581657 ], [ 33.1706642, 41.9585965 ], [ 33.1713868, 41.9585965 ], [ 33.1714703, 41.9585223 ], [ 33.1717761, 41.9585781 ], [ 33.1719048, 41.9586619 ], [ 33.1722964, 41.9588932 ], [ 33.1725593, 41.9591805 ], [ 33.1727524, 41.9594118 ], [ 33.1729187, 41.9597429 ], [ 33.1725848, 41.9601207 ], [ 33.1726062, 41.9603601 ], [ 33.1725848, 41.9605834 ], [ 33.1727886, 41.9608068 ], [ 33.1729388, 41.9609026 ], [ 33.1729817, 41.9610222 ], [ 33.1729817, 41.9611977 ], [ 33.1731212, 41.9613015 ], [ 33.1733358, 41.9613892 ], [ 33.1735718, 41.9615248 ], [ 33.1737328, 41.9617083 ], [ 33.1737006, 41.9618838 ], [ 33.173722, 41.9620753 ], [ 33.1738508, 41.9620992 ], [ 33.1740117, 41.9622428 ], [ 33.1740868, 41.9624503 ], [ 33.1743229, 41.9626258 ], [ 33.1747091, 41.9628651 ], [ 33.1748915, 41.962889 ], [ 33.1750846, 41.9630247 ], [ 33.1752455, 41.9632241 ], [ 33.1752777, 41.9633757 ], [ 33.1752563, 41.9634874 ], [ 33.175503, 41.9635671 ], [ 33.1761253, 41.9638703 ], [ 33.1766403, 41.9641415 ], [ 33.1769729, 41.964317 ], [ 33.1772196, 41.9643569 ], [ 33.1774986, 41.9644606 ], [ 33.1778419, 41.9647478 ], [ 33.178153, 41.9651228 ], [ 33.1784642, 41.9654818 ], [ 33.1787002, 41.9657211 ], [ 33.1790435, 41.9658088 ], [ 33.1791723, 41.9659524 ], [ 33.1793225, 41.9661359 ], [ 33.1791723, 41.9663114 ], [ 33.1789684, 41.966455 ], [ 33.179065, 41.9666704 ], [ 33.1792152, 41.9667501 ], [ 33.1796765, 41.9668299 ], [ 33.1798804, 41.96679 ], [ 33.180095, 41.9667182 ], [ 33.1802559, 41.9667262 ], [ 33.1803525, 41.9665427 ], [ 33.1802452, 41.966447 ], [ 33.180331, 41.9663513 ], [ 33.1804812, 41.9661678 ], [ 33.1808567, 41.9662157 ], [ 33.1813395, 41.9661598 ], [ 33.1817258, 41.9661199 ], [ 33.1820262, 41.9662077 ], [ 33.1823051, 41.9662476 ], [ 33.1827021, 41.9661678 ], [ 33.1831741, 41.9662795 ], [ 33.1838286, 41.9664231 ], [ 33.1843865, 41.9665188 ], [ 33.1846976, 41.9666704 ], [ 33.1849444, 41.9669097 ], [ 33.1850946, 41.9670772 ], [ 33.1854701, 41.9671809 ], [ 33.1855881, 41.9671171 ], [ 33.1855881, 41.9669815 ], [ 33.1857598, 41.9668858 ], [ 33.1860709, 41.9669256 ], [ 33.1864679, 41.9668937 ], [ 33.1868434, 41.9669256 ], [ 33.1871545, 41.9670453 ], [ 33.1874549, 41.9672048 ], [ 33.1876803, 41.9674282 ], [ 33.1880021, 41.9675319 ], [ 33.1882811, 41.9676675 ], [ 33.1887639, 41.9678271 ], [ 33.189193, 41.967851 ], [ 33.1894612, 41.967851 ], [ 33.1898368, 41.9679467 ], [ 33.1900621, 41.9680504 ], [ 33.1902444, 41.9682419 ], [ 33.1904268, 41.9685211 ], [ 33.1904805, 41.9687045 ], [ 33.1904161, 41.9689119 ], [ 33.1904376, 41.9691353 ], [ 33.1903839, 41.9693826 ], [ 33.1905234, 41.9695341 ], [ 33.190459, 41.9697017 ], [ 33.1904161, 41.9698612 ], [ 33.1905449, 41.9699489 ], [ 33.1907702, 41.9699649 ], [ 33.1908023, 41.9700766 ], [ 33.1911349, 41.9701484 ], [ 33.1913602, 41.9701484 ], [ 33.1912851, 41.9698054 ], [ 33.1914783, 41.9697974 ], [ 33.1917679, 41.9699011 ], [ 33.1920576, 41.9700606 ], [ 33.1921971, 41.9701882 ], [ 33.1924546, 41.9703797 ], [ 33.1927335, 41.9704595 ], [ 33.1928301, 41.9706908 ], [ 33.1930232, 41.9708104 ], [ 33.1930876, 41.9709141 ], [ 33.1931198, 41.9711534 ], [ 33.1932592, 41.9712571 ], [ 33.1935918, 41.9712571 ], [ 33.1938601, 41.9712651 ], [ 33.1940317, 41.9711455 ], [ 33.194139, 41.9711455 ], [ 33.1942678, 41.9714406 ], [ 33.1945961, 41.9715251 ], [ 33.1945896, 41.9713927 ], [ 33.1948364, 41.9712412 ], [ 33.1956411, 41.9713369 ], [ 33.1963921, 41.9715443 ], [ 33.1971753, 41.9718634 ], [ 33.1975401, 41.971991 ], [ 33.1978512, 41.9720787 ], [ 33.1980765, 41.9721505 ], [ 33.1984198, 41.9724935 ], [ 33.1988168, 41.9727168 ], [ 33.1994927, 41.9728604 ], [ 33.1999862, 41.972996 ], [ 33.2004261, 41.9732513 ], [ 33.2008231, 41.9736979 ], [ 33.2011235, 41.9737857 ], [ 33.2014239, 41.9739293 ], [ 33.2016599, 41.9740649 ], [ 33.202368, 41.9739771 ], [ 33.2026512, 41.9739383 ], [ 33.2031834, 41.9738655 ], [ 33.2038486, 41.9738814 ], [ 33.2049537, 41.9740649 ], [ 33.206048, 41.974352 ], [ 33.206166, 41.9745594 ], [ 33.2063806, 41.9747428 ], [ 33.2068634, 41.9749263 ], [ 33.2070887, 41.9751018 ], [ 33.2074642, 41.9752533 ], [ 33.2079363, 41.9754926 ], [ 33.2081616, 41.975692 ], [ 33.2083976, 41.9760988 ], [ 33.2084835, 41.9763062 ], [ 33.2088375, 41.9764896 ], [ 33.208741, 41.9767528 ], [ 33.2087302, 41.9769123 ], [ 33.2089985, 41.97704 ], [ 33.2092023, 41.9769921 ], [ 33.209213, 41.9768166 ], [ 33.2092238, 41.9766013 ], [ 33.2094812, 41.9764178 ], [ 33.2098246, 41.9765135 ], [ 33.2100177, 41.9768326 ], [ 33.2099104, 41.9770798 ], [ 33.2099104, 41.977351 ], [ 33.2101786, 41.9775584 ], [ 33.210597, 41.9776063 ], [ 33.2109296, 41.9776701 ], [ 33.2111764, 41.9774786 ], [ 33.2111013, 41.9777099 ], [ 33.2114232, 41.9777817 ], [ 33.2115948, 41.9775664 ], [ 33.2116699, 41.9778136 ], [ 33.2123244, 41.9780369 ], [ 33.2129896, 41.9782922 ], [ 33.2130969, 41.9784995 ], [ 33.213054, 41.978667 ], [ 33.2128244, 41.9787915 ], [ 33.2125175, 41.9787627 ], [ 33.2122386, 41.9787388 ], [ 33.2120133, 41.9789462 ], [ 33.2120776, 41.9791456 ], [ 33.2123351, 41.979329 ], [ 33.2126033, 41.9793928 ], [ 33.2128608, 41.9795364 ], [ 33.2131612, 41.9795125 ], [ 33.2136655, 41.9795922 ], [ 33.2138479, 41.9796241 ], [ 33.213908, 41.9793418 ], [ 33.2136925, 41.9792248 ], [ 33.2135153, 41.9790419 ], [ 33.2137513, 41.9787308 ], [ 33.2142127, 41.9785155 ], [ 33.2145774, 41.9785314 ], [ 33.2147813, 41.9783879 ], [ 33.2149637, 41.978348 ], [ 33.2152212, 41.9785314 ], [ 33.2156289, 41.978683 ], [ 33.2159829, 41.9788664 ], [ 33.2161224, 41.9788425 ], [ 33.2164013, 41.9788026 ], [ 33.2165945, 41.9788904 ], [ 33.2166803, 41.9791456 ], [ 33.2167661, 41.9791695 ], [ 33.2170022, 41.979321 ], [ 33.2175279, 41.9795284 ], [ 33.2176888, 41.979656 ], [ 33.217957, 41.979648 ], [ 33.218118, 41.9795842 ], [ 33.2180965, 41.9794247 ], [ 33.2183218, 41.979345 ], [ 33.2186866, 41.9793051 ], [ 33.2189226, 41.9791296 ], [ 33.2191265, 41.9789063 ], [ 33.2193947, 41.9787069 ], [ 33.2196307, 41.9787787 ], [ 33.2198989, 41.9788585 ], [ 33.2201886, 41.9788425 ], [ 33.2206285, 41.9788106 ], [ 33.2209396, 41.97901 ], [ 33.2210898, 41.9791775 ], [ 33.2212186, 41.9794885 ], [ 33.2216156, 41.9798076 ], [ 33.2220233, 41.9800548 ], [ 33.222803, 41.980008 ], [ 33.224869, 41.980517 ], [ 33.225214, 41.980773 ], [ 33.225558, 41.980772 ], [ 33.226933, 41.980513 ], [ 33.227276, 41.980255 ], [ 33.227963, 41.979997 ], [ 33.2284191, 41.9800693 ], [ 33.2291741, 41.9803286 ], [ 33.2301364, 41.9806459 ], [ 33.2310374, 41.9808394 ], [ 33.2310021, 41.9810114 ], [ 33.2310585, 41.9810301 ], [ 33.231408, 41.981146 ], [ 33.2320008, 41.981066 ], [ 33.2330044, 41.9812022 ], [ 33.2334288, 41.9813561 ], [ 33.2342872, 41.9815658 ], [ 33.235193, 41.981523 ], [ 33.2357836, 41.9818378 ], [ 33.2365741, 41.9821376 ], [ 33.2377067, 41.9827121 ], [ 33.2381411, 41.9831214 ], [ 33.2383665, 41.9833943 ], [ 33.2382588, 41.9839667 ], [ 33.238939, 41.9841568 ], [ 33.24002, 41.9846692 ], [ 33.2399416, 41.9849543 ], [ 33.2408737, 41.9851394 ], [ 33.2425016, 41.9853749 ], [ 33.2432131, 41.9852574 ], [ 33.243406, 41.9847345 ], [ 33.2440487, 41.9847197 ], [ 33.244674, 41.9848596 ], [ 33.2445595, 41.9855987 ], [ 33.2453269, 41.9853192 ], [ 33.245635, 41.9851528 ], [ 33.2463843, 41.9857217 ], [ 33.2477422, 41.985602 ], [ 33.2487699, 41.9859626 ], [ 33.2490429, 41.9863979 ], [ 33.2499742, 41.9868651 ], [ 33.25191, 41.987404 ], [ 33.2521989, 41.9877936 ], [ 33.2545549, 41.9883934 ], [ 33.256207, 41.988409 ], [ 33.2560684, 41.9886023 ], [ 33.2565141, 41.9882696 ], [ 33.2582276, 41.9887309 ], [ 33.2595781, 41.9890168 ], [ 33.2606291, 41.9893914 ], [ 33.2617595, 41.9896445 ], [ 33.2634751, 41.9901835 ], [ 33.2649325, 41.9905411 ], [ 33.2662342, 41.9910099 ], [ 33.2668406, 41.9914303 ], [ 33.2672883, 41.9921103 ], [ 33.2677136, 41.9922824 ], [ 33.268845, 41.9922002 ], [ 33.2693161, 41.9922111 ], [ 33.2697003, 41.9925016 ], [ 33.2697527, 41.9930267 ], [ 33.2692037, 41.9931241 ], [ 33.2690661, 41.9934454 ], [ 33.2703361, 41.9935669 ], [ 33.2710452, 41.9938966 ], [ 33.2720021, 41.9937665 ], [ 33.272336, 41.993889 ], [ 33.2726005, 41.9942197 ], [ 33.273028, 41.9944179 ], [ 33.274129, 41.995683 ], [ 33.274818, 41.99581 ], [ 33.275162, 41.995809 ], [ 33.275678, 41.995936 ], [ 33.276024, 41.996192 ], [ 33.276199, 41.996705 ], [ 33.276543, 41.996832 ], [ 33.2768499, 41.9971383 ], [ 33.2771034, 41.9974701 ], [ 33.2773488, 41.9980867 ], [ 33.2777541, 41.9985519 ], [ 33.2778741, 41.9990162 ], [ 33.2783949, 41.9997839 ], [ 33.2787633, 41.999875 ], [ 33.2792034, 41.9996191 ], [ 33.2796737, 41.9997544 ], [ 33.2807685, 42.000158 ], [ 33.2817351, 42.0005519 ], [ 33.2831125, 42.0010855 ], [ 33.2833644, 42.0011073 ], [ 33.2846578, 42.0014962 ], [ 33.2861418, 42.0020567 ], [ 33.2869508, 42.002306 ], [ 33.2885649, 42.0026018 ], [ 33.2897598, 42.00296 ], [ 33.2909964, 42.0034179 ], [ 33.2919663, 42.0038411 ], [ 33.292824, 42.0042808 ], [ 33.2935765, 42.0046519 ], [ 33.294475, 42.005002 ], [ 33.295508, 42.005256 ], [ 33.296197, 42.005383 ], [ 33.29637, 42.005639 ], [ 33.296715, 42.005895 ], [ 33.297061, 42.006151 ], [ 33.297407, 42.006663 ], [ 33.297582, 42.007176 ], [ 33.298271, 42.007302 ], [ 33.298961, 42.007557 ], [ 33.299305, 42.007556 ], [ 33.299649, 42.007555 ], [ 33.300683, 42.007809 ], [ 33.301028, 42.008065 ], [ 33.301372, 42.008064 ], [ 33.301716, 42.008063 ], [ 33.302062, 42.008319 ], [ 33.30344, 42.008572 ], [ 33.304474, 42.008826 ], [ 33.305162, 42.008824 ], [ 33.305506, 42.008823 ], [ 33.306883, 42.00882 ], [ 33.307227, 42.008819 ], [ 33.30826, 42.008945 ], [ 33.308433, 42.009201 ], [ 33.308608, 42.009714 ], [ 33.309297, 42.00984 ], [ 33.309985, 42.009838 ], [ 33.310328, 42.00958 ], [ 33.310672, 42.009579 ], [ 33.311362, 42.009834 ], [ 33.312051, 42.009961 ], [ 33.312224, 42.010217 ], [ 33.31257, 42.01073 ], [ 33.312916, 42.010986 ], [ 33.313091, 42.011498 ], [ 33.313436, 42.011626 ], [ 33.3137343, 42.0119222 ], [ 33.3139169, 42.0121888 ], [ 33.3142193, 42.0124764 ], [ 33.3149875, 42.0127938 ], [ 33.3154968, 42.0130181 ], [ 33.31565, 42.0133691 ], [ 33.3164892, 42.0136769 ], [ 33.3170473, 42.0138221 ], [ 33.3177059, 42.0142037 ], [ 33.3184715, 42.0143401 ], [ 33.3183908, 42.0145408 ], [ 33.318613, 42.014564 ], [ 33.3189326, 42.0147744 ], [ 33.3192715, 42.0149819 ], [ 33.3196152, 42.0153481 ], [ 33.3199845, 42.0154167 ], [ 33.3211921, 42.015137 ], [ 33.3216041, 42.0153956 ], [ 33.321533, 42.0155909 ], [ 33.3219308, 42.0160448 ], [ 33.322009, 42.0160817 ], [ 33.321849, 42.015481 ], [ 33.3223002, 42.0154273 ], [ 33.3228543, 42.0156701 ], [ 33.3234012, 42.0160078 ], [ 33.3234126, 42.0155862 ], [ 33.3235646, 42.0154273 ], [ 33.3239197, 42.0155698 ], [ 33.3238206, 42.01586 ], [ 33.324128, 42.016088 ], [ 33.3248645, 42.0165831 ], [ 33.3249142, 42.0162559 ], [ 33.3250918, 42.0163508 ], [ 33.3251131, 42.0165672 ], [ 33.3252481, 42.0166939 ], [ 33.3253475, 42.0168733 ], [ 33.3255748, 42.0168944 ], [ 33.3258185, 42.0165286 ], [ 33.3259229, 42.0165408 ], [ 33.325918, 42.016814 ], [ 33.3265105, 42.0173111 ], [ 33.3269315, 42.0172586 ], [ 33.3269812, 42.0170316 ], [ 33.3271833, 42.0169278 ], [ 33.3277516, 42.0172055 ], [ 33.3284587, 42.0171002 ], [ 33.329019, 42.0173401 ], [ 33.3292407, 42.0177702 ], [ 33.3295659, 42.0176816 ], [ 33.3299504, 42.0179235 ], [ 33.3301717, 42.017483 ], [ 33.3302468, 42.0178039 ], [ 33.3310849, 42.0181222 ], [ 33.3318642, 42.0184564 ], [ 33.332055, 42.01799 ], [ 33.332742, 42.017732 ], [ 33.334119, 42.017728 ], [ 33.3350931, 42.0186047 ], [ 33.3355335, 42.0184039 ], [ 33.3363158, 42.0187697 ], [ 33.336807, 42.0188337 ], [ 33.3378268, 42.0194855 ], [ 33.3386943, 42.0194806 ], [ 33.3386416, 42.0189613 ], [ 33.339287, 42.018483 ], [ 33.3401556, 42.0181937 ], [ 33.340593, 42.0181546 ], [ 33.3408761, 42.0182001 ], [ 33.3410278, 42.0186461 ], [ 33.3412714, 42.0188064 ], [ 33.3411593, 42.0190317 ], [ 33.3418225, 42.0191014 ], [ 33.3427007, 42.0194334 ], [ 33.343625, 42.0196115 ], [ 33.3444924, 42.0196008 ], [ 33.3449983, 42.0193405 ], [ 33.3452863, 42.0191465 ], [ 33.3459102, 42.0187507 ], [ 33.3465969, 42.0184797 ], [ 33.3468973, 42.0180812 ], [ 33.3471011, 42.017866 ], [ 33.3476681, 42.0180624 ], [ 33.348387, 42.0184052 ], [ 33.3488268, 42.0186523 ], [ 33.3493434, 42.0187268 ], [ 33.3494813, 42.0185008 ], [ 33.3498354, 42.0182697 ], [ 33.3503611, 42.0181661 ], [ 33.3506631, 42.0183681 ], [ 33.350919, 42.018724 ], [ 33.3512516, 42.0187718 ], [ 33.35167, 42.01874 ], [ 33.3519167, 42.0185247 ], [ 33.3522815, 42.0183175 ], [ 33.3527536, 42.0181501 ], [ 33.3529896, 42.0182139 ], [ 33.3532579, 42.0183175 ], [ 33.3536119, 42.01819 ], [ 33.3539445, 42.0179429 ], [ 33.3544058, 42.0175284 ], [ 33.3547508, 42.0173718 ], [ 33.3551783, 42.0173052 ], [ 33.3555324, 42.0174726 ], [ 33.3557365, 42.0175246 ], [ 33.3562676, 42.0175087 ], [ 33.3564982, 42.0175007 ], [ 33.3567249, 42.0177225 ], [ 33.3571916, 42.0181888 ], [ 33.357378, 42.0182938 ], [ 33.3575497, 42.0182779 ], [ 33.3576194, 42.0181583 ], [ 33.3575711, 42.0180387 ], [ 33.3575027, 42.0179895 ], [ 33.3573364, 42.0179576 ], [ 33.3571151, 42.0177358 ], [ 33.3583449, 42.0170529 ], [ 33.3585327, 42.0172163 ], [ 33.3596579, 42.0169228 ], [ 33.3602211, 42.0180905 ], [ 33.360087, 42.0182858 ], [ 33.3585971, 42.0185993 ], [ 33.35842, 42.0188264 ], [ 33.3565854, 42.0192409 ], [ 33.3564352, 42.0192369 ], [ 33.356348, 42.0191746 ], [ 33.3562032, 42.0191506 ], [ 33.3561066, 42.0192184 ], [ 33.3560637, 42.0193579 ], [ 33.356112, 42.0194814 ], [ 33.3563011, 42.0195637 ], [ 33.3567074, 42.0195492 ], [ 33.3596042, 42.0188677 ], [ 33.3605001, 42.0186963 ], [ 33.3607147, 42.0185688 ], [ 33.3608394, 42.018392 ], [ 33.3609078, 42.018226 ], [ 33.3609024, 42.0180587 ], [ 33.3608541, 42.0178594 ], [ 33.3603405, 42.0167859 ], [ 33.3607844, 42.0164527 ], [ 33.3612364, 42.0161761 ], [ 33.3618519, 42.0159625 ], [ 33.3628121, 42.015815 ], [ 33.3636007, 42.0157592 ], [ 33.3647594, 42.0156835 ], [ 33.365489, 42.0157353 ], [ 33.3657254, 42.0157757 ], [ 33.3667014, 42.0159426 ], [ 33.3672807, 42.0159864 ], [ 33.3678171, 42.0160183 ], [ 33.3685789, 42.0159067 ], [ 33.370034, 42.0156939 ], [ 33.3714489, 42.0156038 ], [ 33.372114, 42.0156038 ], [ 33.3725341, 42.0156435 ], [ 33.3729991, 42.0157037 ], [ 33.3733853, 42.0157754 ], [ 33.373822, 42.0159021 ], [ 33.3742651, 42.0161261 ], [ 33.3747801, 42.0164051 ], [ 33.3751663, 42.0165486 ], [ 33.3756169, 42.0166598 ], [ 33.3757993, 42.0167076 ], [ 33.3758422, 42.016883 ], [ 33.3757135, 42.0173533 ], [ 33.3757027, 42.0175366 ], [ 33.3759173, 42.0176322 ], [ 33.3761963, 42.0175446 ], [ 33.3764323, 42.0172736 ], [ 33.3767864, 42.0170823 ], [ 33.3769902, 42.0170583 ], [ 33.3773121, 42.0172178 ], [ 33.3777734, 42.0176004 ], [ 33.3780953, 42.0178076 ], [ 33.3784171, 42.0178554 ], [ 33.3789643, 42.0179192 ], [ 33.3794149, 42.0178714 ], [ 33.3800479, 42.0177677 ], [ 33.3805093, 42.0176083 ], [ 33.3810886, 42.0173054 ], [ 33.3813965, 42.0171137 ], [ 33.3816251, 42.0167873 ], [ 33.3819223, 42.0165239 ], [ 33.3820542, 42.0162138 ], [ 33.3821797, 42.0159819 ], [ 33.3824726, 42.0155363 ], [ 33.3829662, 42.0152493 ], [ 33.3833417, 42.0152015 ], [ 33.3836099, 42.0152493 ], [ 33.3839715, 42.0153282 ], [ 33.3845755, 42.0155921 ], [ 33.3849617, 42.0157355 ], [ 33.3852729, 42.0156798 ], [ 33.3859273, 42.0156558 ], [ 33.386453, 42.0155522 ], [ 33.386761, 42.0154797 ], [ 33.3869895, 42.0156 ], [ 33.3868286, 42.0157355 ], [ 33.3870753, 42.0159508 ], [ 33.3873865, 42.0160464 ], [ 33.3876118, 42.0160225 ], [ 33.3877802, 42.0158384 ], [ 33.3879551, 42.0155363 ], [ 33.388234, 42.0152493 ], [ 33.3885237, 42.0151377 ], [ 33.388985, 42.0151696 ], [ 33.3893391, 42.0152413 ], [ 33.3898541, 42.0156319 ], [ 33.3901652, 42.0157276 ], [ 33.390133, 42.0159189 ], [ 33.3902189, 42.0161979 ], [ 33.3903798, 42.0162457 ], [ 33.3905515, 42.0161979 ], [ 33.3907875, 42.0162696 ], [ 33.3909484, 42.0162616 ], [ 33.3910879, 42.0161102 ], [ 33.3912917, 42.015895 ], [ 33.3917424, 42.0156877 ], [ 33.3919891, 42.0156957 ], [ 33.3922681, 42.015616 ], [ 33.3925545, 42.0153442 ], [ 33.3924397, 42.0145797 ], [ 33.3925591, 42.0142899 ], [ 33.392881, 42.0141648 ], [ 33.394104, 42.0140054 ], [ 33.3944688, 42.0140532 ], [ 33.3948336, 42.0143083 ], [ 33.3950053, 42.0146271 ], [ 33.3949624, 42.0148184 ], [ 33.3945761, 42.014946 ], [ 33.3945332, 42.0151373 ], [ 33.394619, 42.015217 ], [ 33.3949838, 42.0152011 ], [ 33.3955632, 42.0150895 ], [ 33.396164, 42.0148503 ], [ 33.396459, 42.0145753 ], [ 33.3966575, 42.0140691 ], [ 33.3969096, 42.0137941 ], [ 33.3966951, 42.0133637 ], [ 33.3968292, 42.0129053 ], [ 33.3973012, 42.0120284 ], [ 33.3978591, 42.011598 ], [ 33.3985243, 42.0114226 ], [ 33.3989749, 42.0115501 ], [ 33.3991466, 42.0117096 ], [ 33.399211, 42.0121241 ], [ 33.3991895, 42.0125705 ], [ 33.399726, 42.0128256 ], [ 33.4000478, 42.0128415 ], [ 33.4007559, 42.0129372 ], [ 33.4010563, 42.0131126 ], [ 33.4014211, 42.0132082 ], [ 33.4019093, 42.0132361 ], [ 33.4020648, 42.0128415 ], [ 33.4025155, 42.0128415 ], [ 33.4029231, 42.0129531 ], [ 33.4027086, 42.0132561 ], [ 33.4032021, 42.0132242 ], [ 33.4037385, 42.0131604 ], [ 33.4041462, 42.0133198 ], [ 33.4041248, 42.0137981 ], [ 33.4044466, 42.0138619 ], [ 33.4060774, 42.0134952 ], [ 33.4063778, 42.0131604 ], [ 33.4065495, 42.0128575 ], [ 33.4069572, 42.0125386 ], [ 33.4071664, 42.0121839 ], [ 33.4072791, 42.0119168 ], [ 33.4072147, 42.0116139 ], [ 33.4074293, 42.0113907 ], [ 33.4074293, 42.0110718 ], [ 33.4075795, 42.0108965 ], [ 33.4080944, 42.0107211 ], [ 33.4089742, 42.0105138 ], [ 33.4098111, 42.0101631 ], [ 33.4105406, 42.0097804 ], [ 33.4115706, 42.0092224 ], [ 33.412622, 42.0086325 ], [ 33.4130512, 42.0084579 ], [ 33.4138666, 42.0084898 ], [ 33.4144245, 42.0085368 ], [ 33.4154748, 42.0085527 ], [ 33.4170198, 42.008426 ], [ 33.417406, 42.0082665 ], [ 33.4177922, 42.0078998 ], [ 33.4183287, 42.0077563 ], [ 33.4187149, 42.0077563 ], [ 33.4195303, 42.0079636 ], [ 33.4206247, 42.0081231 ], [ 33.4213328, 42.0082984 ], [ 33.422234, 42.0081071 ], [ 33.4226417, 42.0081549 ], [ 33.4232425, 42.0082187 ], [ 33.4237575, 42.0082665 ], [ 33.4246372, 42.0085209 ], [ 33.4251308, 42.0086325 ], [ 33.4252166, 42.0088557 ], [ 33.4256028, 42.009063 ], [ 33.4260534, 42.0091267 ], [ 33.4265684, 42.0089513 ], [ 33.4274482, 42.0085846 ], [ 33.4284138, 42.0082506 ], [ 33.4293579, 42.0082825 ], [ 33.4306025, 42.0084738 ], [ 33.4324478, 42.0088078 ], [ 33.4332203, 42.009621 ], [ 33.433864, 42.0097166 ], [ 33.4350228, 42.0099558 ], [ 33.4362244, 42.0103703 ], [ 33.4363531, 42.0106254 ], [ 33.4366535, 42.0109124 ], [ 33.4370827, 42.0111356 ], [ 33.437705, 42.0108646 ], [ 33.4382629, 42.0108168 ], [ 33.4403807, 42.0112122 ], [ 33.4412492, 42.0113966 ], [ 33.4418897, 42.0116134 ], [ 33.4418929, 42.0119705 ], [ 33.4428328, 42.0121076 ], [ 33.4429443, 42.0117314 ], [ 33.4440988, 42.0112945 ], [ 33.4449356, 42.0110075 ], [ 33.4453862, 42.0107365 ], [ 33.446678, 42.010153 ], [ 33.4486038, 42.0096348 ], [ 33.4494675, 42.009579 ], [ 33.4506648, 42.0097002 ], [ 33.4512377, 42.0098062 ], [ 33.452087, 42.0101591 ], [ 33.4527076, 42.0105037 ], [ 33.4537333, 42.0108322 ], [ 33.4548705, 42.0111032 ], [ 33.455879, 42.0109916 ], [ 33.4568489, 42.0106153 ], [ 33.4576386, 42.010306 ], [ 33.4583681, 42.0103698 ], [ 33.4594839, 42.0103937 ], [ 33.4602993, 42.0102423 ], [ 33.4625416, 42.0097002 ], [ 33.4626013, 42.0094662 ], [ 33.4625524, 42.0093653 ], [ 33.4623163, 42.0093335 ], [ 33.4621185, 42.0093619 ], [ 33.4619415, 42.0095852 ], [ 33.4601062, 42.0100031 ], [ 33.4592693, 42.0101067 ], [ 33.4581321, 42.0099951 ], [ 33.4580523, 42.009912 ], [ 33.4579712, 42.0093215 ], [ 33.4580469, 42.0087122 ], [ 33.4582715, 42.0082294 ], [ 33.4587061, 42.0078069 ], [ 33.4595083, 42.0073663 ], [ 33.4600646, 42.0071688 ], [ 33.4604417, 42.0071225 ], [ 33.4606487, 42.0073092 ], [ 33.460713, 42.0075961 ], [ 33.4606973, 42.0077214 ], [ 33.4604138, 42.0077701 ], [ 33.4604753, 42.0083792 ], [ 33.4608668, 42.0083513 ], [ 33.4608508, 42.0087021 ], [ 33.4609612, 42.0087245 ], [ 33.4610939, 42.0087242 ], [ 33.4613346, 42.008317 ], [ 33.4611147, 42.0077869 ], [ 33.4611791, 42.0072328 ], [ 33.4611445, 42.0071548 ], [ 33.4614104, 42.0068508 ], [ 33.4615927, 42.0067546 ], [ 33.4621006, 42.0066314 ], [ 33.4636199, 42.0062722 ], [ 33.4649358, 42.0060323 ], [ 33.4665338, 42.0059237 ], [ 33.4668163, 42.0059048 ], [ 33.467685, 42.0061829 ], [ 33.468067, 42.0061606 ], [ 33.468215, 42.005801 ], [ 33.4686077, 42.0056408 ], [ 33.4690583, 42.0056567 ], [ 33.469333, 42.0057141 ], [ 33.4697021, 42.005848 ], [ 33.4704102, 42.0057524 ], [ 33.472616, 42.0053793 ], [ 33.4731138, 42.0053538 ], [ 33.4734142, 42.0055132 ], [ 33.4734142, 42.0057683 ], [ 33.4744399, 42.0059533 ], [ 33.4752553, 42.0054909 ], [ 33.4765857, 42.0053952 ], [ 33.4775513, 42.0052198 ], [ 33.477959, 42.0047574 ], [ 33.4786993, 42.0047558 ], [ 33.4786134, 42.005003 ], [ 33.4791606, 42.0049806 ], [ 33.4791863, 42.0047797 ], [ 33.480388, 42.0048276 ], [ 33.4805811, 42.0049711 ], [ 33.4813493, 42.0050923 ], [ 33.4820788, 42.0047574 ], [ 33.4824651, 42.0045023 ], [ 33.4831946, 42.0046139 ], [ 33.4835423, 42.0047797 ], [ 33.4853189, 42.0045342 ], [ 33.4862631, 42.004232 ], [ 33.4867609, 42.0038709 ], [ 33.4872716, 42.0039769 ], [ 33.4879582, 42.003961 ], [ 33.4883659, 42.0037377 ], [ 33.4893966, 42.003881 ], [ 33.4892909, 42.0042047 ], [ 33.4900188, 42.0040644 ], [ 33.4902259, 42.0039091 ], [ 33.4900181, 42.003723 ], [ 33.4904051, 42.0036498 ], [ 33.4907055, 42.0039448 ], [ 33.4919715, 42.0038491 ], [ 33.491893, 42.004091 ], [ 33.4921324, 42.004184 ], [ 33.4927332, 42.0041441 ], [ 33.4928388, 42.0039151 ], [ 33.4925904, 42.0038574 ], [ 33.4927691, 42.0034789 ], [ 33.4934249, 42.0032194 ], [ 33.4939386, 42.0028099 ], [ 33.49441, 42.002518 ], [ 33.4951627, 42.0025674 ], [ 33.4958303, 42.0028632 ], [ 33.495963, 42.003153 ], [ 33.4956438, 42.0034828 ], [ 33.4960592, 42.0037455 ], [ 33.4967599, 42.0035262 ], [ 33.497513, 42.003275 ], [ 33.4982255, 42.0037353 ], [ 33.4987199, 42.0037535 ], [ 33.500267, 42.003391 ], [ 33.5003381, 42.0031092 ], [ 33.5017044, 42.0030554 ], [ 33.501644, 42.003385 ], [ 33.503705, 42.002991 ], [ 33.5050042, 42.0029453 ], [ 33.505422, 42.00247 ], [ 33.5057962, 42.002491 ], [ 33.5061828, 42.0023999 ], [ 33.5064238, 42.0026737 ], [ 33.5071011, 42.0026867 ], [ 33.507317, 42.002847 ], [ 33.5066271, 42.0033788 ], [ 33.5068395, 42.0035434 ], [ 33.5074186, 42.0034682 ], [ 33.508524, 42.0032893 ], [ 33.5088848, 42.0027843 ], [ 33.5094997, 42.0028695 ], [ 33.5094058, 42.0030997 ], [ 33.5098464, 42.003554 ], [ 33.5102641, 42.0035781 ], [ 33.511622, 42.003085 ], [ 33.5125407, 42.0027544 ], [ 33.5125947, 42.0025118 ], [ 33.512765, 42.0022767 ], [ 33.5131288, 42.0020232 ], [ 33.5139787, 42.0023191 ], [ 33.514026, 42.00256 ], [ 33.5142677, 42.0030103 ], [ 33.5160769, 42.0026488 ], [ 33.5174214, 42.0024016 ], [ 33.5173852, 42.002072 ], [ 33.5182328, 42.0015853 ], [ 33.5186701, 42.0010614 ], [ 33.5200059, 42.0008275 ], [ 33.520892, 42.000476 ], [ 33.52239, 42.0003457 ], [ 33.5235303, 42.0002694 ], [ 33.525018, 42.000072 ], [ 33.5266149, 42.0000142 ], [ 33.5273227, 42.0001575 ], [ 33.5274327, 42.000573 ], [ 33.528465, 42.000698 ], [ 33.528976, 42.000488 ], [ 33.5298883, 42.0002444 ], [ 33.5310909, 41.9999499 ], [ 33.531899, 41.999784 ], [ 33.532587, 41.99978 ], [ 33.5332346, 41.9999664 ], [ 33.5332777, 42.0001755 ], [ 33.5339445, 42.0001825 ], [ 33.5343177, 41.9999793 ], [ 33.5348243, 41.9999444 ], [ 33.5352099, 42.0001309 ], [ 33.5354233, 41.9997591 ], [ 33.537401, 41.999373 ], [ 33.5377725, 41.9991789 ], [ 33.5380619, 41.9988406 ], [ 33.5380713, 41.9985587 ], [ 33.5384166, 41.9984515 ], [ 33.5385668, 41.9986827 ], [ 33.5390164, 41.9985772 ], [ 33.5389695, 41.9982715 ], [ 33.53968, 41.9981334 ], [ 33.5396505, 41.9984601 ], [ 33.5397041, 41.998603 ], [ 33.5405222, 41.9984117 ], [ 33.540657, 41.997818 ], [ 33.540654, 41.997561 ], [ 33.5408672, 41.9974007 ], [ 33.5414362, 41.997181 ], [ 33.5423153, 41.9970007 ], [ 33.5431951, 41.9969231 ], [ 33.5435821, 41.9971204 ], [ 33.544267, 41.997415 ], [ 33.546676, 41.997404 ], [ 33.548051, 41.997269 ], [ 33.5484453, 41.9970758 ], [ 33.5487957, 41.9967532 ], [ 33.5490663, 41.9967571 ], [ 33.54925, 41.99675 ], [ 33.549597, 41.997005 ], [ 33.549774, 41.997518 ], [ 33.5504717, 41.9976172 ], [ 33.551149, 41.997382 ], [ 33.5516412, 41.9973313 ], [ 33.5522414, 41.9969677 ], [ 33.5528684, 41.9970561 ], [ 33.5533297, 41.9969445 ], [ 33.553208, 41.996731 ], [ 33.5536117, 41.9964811 ], [ 33.5541612, 41.9964536 ], [ 33.5544777, 41.9966654 ], [ 33.5550785, 41.9966096 ], [ 33.555613, 41.996334 ], [ 33.5557973, 41.996502 ], [ 33.5561031, 41.9964422 ], [ 33.5561246, 41.9963026 ], [ 33.5563981, 41.9962787 ], [ 33.5567522, 41.9963863 ], [ 33.5568649, 41.9963265 ], [ 33.5565545, 41.9958021 ], [ 33.5571921, 41.9957644 ], [ 33.5572082, 41.9960156 ], [ 33.5574423, 41.9960861 ], [ 33.5583476, 41.9959387 ], [ 33.5583079, 41.9956767 ], [ 33.5593474, 41.9953722 ], [ 33.5592949, 41.9951863 ], [ 33.5588926, 41.9950986 ], [ 33.5588014, 41.9948195 ], [ 33.5586458, 41.99468 ], [ 33.5585976, 41.9943969 ], [ 33.5588573, 41.9941659 ], [ 33.5591681, 41.994015 ], [ 33.5595021, 41.9941156 ], [ 33.5600958, 41.9944663 ], [ 33.5614996, 41.9942654 ], [ 33.5619731, 41.9941032 ], [ 33.5627566, 41.994051 ], [ 33.5629933, 41.9939054 ], [ 33.5630809, 41.9937653 ], [ 33.562985, 41.993347 ], [ 33.563327, 41.993088 ], [ 33.563672, 41.9930285 ], [ 33.5642752, 41.9929263 ], [ 33.5646145, 41.9930219 ], [ 33.565263, 41.9928616 ], [ 33.5656893, 41.9929337 ], [ 33.5658288, 41.99285 ], [ 33.5655445, 41.992551 ], [ 33.5659215, 41.9923963 ], [ 33.5664743, 41.9921616 ], [ 33.5667882, 41.9923701 ], [ 33.56695, 41.9923197 ], [ 33.566848, 41.991937 ], [ 33.5669776, 41.9917405 ], [ 33.5674703, 41.9915303 ], [ 33.568407, 41.9913722 ], [ 33.5689484, 41.9913459 ], [ 33.5691841, 41.9915041 ], [ 33.5692777, 41.9917726 ], [ 33.570024, 41.9917427 ], [ 33.5705227, 41.9915502 ], [ 33.5711449, 41.9913748 ], [ 33.5713627, 41.9908357 ], [ 33.5722165, 41.9906161 ], [ 33.5735918, 41.9904139 ], [ 33.5748921, 41.9902843 ], [ 33.575518, 41.990332 ], [ 33.5758198, 41.9905802 ], [ 33.576552, 41.990584 ], [ 33.5774743, 41.9909506 ], [ 33.5780007, 41.991144 ], [ 33.5785838, 41.990876 ], [ 33.579303, 41.990442 ], [ 33.5797412, 41.9901122 ], [ 33.580612, 41.9898016 ], [ 33.581017, 41.989663 ], [ 33.5819209, 41.9894259 ], [ 33.5829741, 41.9892499 ], [ 33.58342, 41.989138 ], [ 33.5845801, 41.9888991 ], [ 33.5861931, 41.9885935 ], [ 33.5871108, 41.9888247 ], [ 33.5902078, 41.9884293 ], [ 33.5915565, 41.9883964 ], [ 33.5925597, 41.988508 ], [ 33.594422, 41.988182 ], [ 33.596484, 41.987915 ], [ 33.5986426, 41.9876558 ], [ 33.600954, 41.987635 ], [ 33.601298, 41.987633 ], [ 33.6018854, 41.9876807 ], [ 33.60268, 41.9877145 ], [ 33.6044999, 41.9878004 ], [ 33.6064912, 41.9877216 ], [ 33.6073954, 41.9876971 ], [ 33.60857, 41.9875369 ], [ 33.6096052, 41.9872221 ], [ 33.6103974, 41.9870305 ], [ 33.6118115, 41.9867807 ], [ 33.6137035, 41.9866576 ], [ 33.6146933, 41.9865104 ], [ 33.6153495, 41.986415 ], [ 33.6160656, 41.9865464 ], [ 33.6163451, 41.9875803 ], [ 33.616438, 41.98781 ], [ 33.616785, 41.988064 ], [ 33.617499, 41.9882703 ], [ 33.61885, 41.988182 ], [ 33.6199674, 41.9881009 ], [ 33.6214678, 41.9879964 ], [ 33.621827, 41.9878971 ], [ 33.6218323, 41.9876715 ], [ 33.6217013, 41.9875361 ], [ 33.6214818, 41.9875599 ], [ 33.6212836, 41.9877653 ], [ 33.6203491, 41.9877867 ], [ 33.618848, 41.987925 ], [ 33.6176989, 41.9879618 ], [ 33.61747, 41.9878198 ], [ 33.6170335, 41.9877288 ], [ 33.6167527, 41.9873748 ], [ 33.6173535, 41.9866188 ], [ 33.6174558, 41.9861879 ], [ 33.6176718, 41.9858785 ], [ 33.6183738, 41.9856416 ], [ 33.6196204, 41.9855555 ], [ 33.6203608, 41.9855272 ], [ 33.6204004, 41.9857787 ], [ 33.6201127, 41.9857991 ], [ 33.6200891, 41.986167 ], [ 33.620403, 41.9861879 ], [ 33.6203759, 41.9867034 ], [ 33.6202981, 41.9868218 ], [ 33.6203477, 41.9869718 ], [ 33.6204885, 41.9869983 ], [ 33.6206168, 41.9869244 ], [ 33.620603, 41.9864403 ], [ 33.6209716, 41.9861036 ], [ 33.621741, 41.9855971 ], [ 33.6225593, 41.9854425 ], [ 33.6236445, 41.9853271 ], [ 33.6244769, 41.9852209 ], [ 33.625358, 41.985194 ], [ 33.6259602, 41.9851272 ], [ 33.6269063, 41.9851132 ], [ 33.6280681, 41.9850753 ], [ 33.6285301, 41.9851461 ], [ 33.628914, 41.9852669 ], [ 33.6293093, 41.9855662 ], [ 33.6303122, 41.9855808 ], [ 33.630502, 41.985756 ], [ 33.6312686, 41.9858733 ], [ 33.631901, 41.985801 ], [ 33.6321685, 41.98565 ], [ 33.6324945, 41.9854575 ], [ 33.6330789, 41.9852282 ], [ 33.6334238, 41.9850738 ], [ 33.6338077, 41.9849929 ], [ 33.6345463, 41.9848959 ], [ 33.6354448, 41.9847146 ], [ 33.6362814, 41.9846633 ], [ 33.6371436, 41.9844994 ], [ 33.6377252, 41.9844045 ], [ 33.639856, 41.9841916 ], [ 33.6409042, 41.9841463 ], [ 33.6415654, 41.9840899 ], [ 33.6421817, 41.9840426 ], [ 33.6442334, 41.9842201 ], [ 33.6445312, 41.9842736 ], [ 33.6447761, 41.9842273 ], [ 33.6449321, 41.9841053 ], [ 33.6452833, 41.9840256 ], [ 33.6463513, 41.9840458 ], [ 33.6468864, 41.984065 ], [ 33.6473564, 41.9841234 ], [ 33.6481597, 41.9841357 ], [ 33.6487949, 41.9842314 ], [ 33.649552, 41.984312 ], [ 33.6503862, 41.984425 ], [ 33.6508544, 41.9846548 ], [ 33.651721, 41.9847365 ], [ 33.6526408, 41.9847476 ], [ 33.6542531, 41.9844745 ], [ 33.6558969, 41.9843204 ], [ 33.6564279, 41.9843093 ], [ 33.6590975, 41.9843478 ], [ 33.6597855, 41.9843529 ], [ 33.6608206, 41.9842546 ], [ 33.6617337, 41.9841866 ], [ 33.6631747, 41.9840426 ], [ 33.663535, 41.983953 ], [ 33.6639817, 41.9838763 ], [ 33.665593, 41.983428 ], [ 33.6659309, 41.9833141 ], [ 33.6669075, 41.9829856 ], [ 33.6674666, 41.9827315 ], [ 33.6684041, 41.9824706 ], [ 33.6692436, 41.9821552 ], [ 33.6700028, 41.9819788 ], [ 33.670983, 41.9817007 ], [ 33.6728041, 41.9814297 ], [ 33.674513, 41.981066 ], [ 33.6765506, 41.9808726 ], [ 33.6782473, 41.9806569 ], [ 33.6799724, 41.9804836 ], [ 33.6806889, 41.980528 ], [ 33.6833829, 41.980639 ], [ 33.683918, 41.9806914 ], [ 33.6849972, 41.9806355 ], [ 33.6858814, 41.9805856 ], [ 33.6864165, 41.9804899 ], [ 33.6869678, 41.9804839 ], [ 33.6883429, 41.9804245 ], [ 33.689137, 41.98041 ], [ 33.689297, 41.980208 ], [ 33.689641, 41.980206 ], [ 33.6925439, 41.980152 ], [ 33.6928859, 41.9801799 ], [ 33.693083, 41.980314 ], [ 33.6935666, 41.9803724 ], [ 33.6941512, 41.9805704 ], [ 33.695053, 41.9805045 ], [ 33.6961062, 41.9804028 ], [ 33.696868, 41.980419 ], [ 33.697212, 41.980417 ], [ 33.6979819, 41.9803875 ], [ 33.699018, 41.9801456 ], [ 33.7000458, 41.9800521 ], [ 33.700831, 41.9800777 ], [ 33.7018337, 41.9800391 ], [ 33.7029153, 41.97997 ], [ 33.7043855, 41.9798714 ], [ 33.7051231, 41.9798726 ], [ 33.7088565, 41.9798591 ], [ 33.7129918, 41.9800881 ], [ 33.7156537, 41.9804252 ], [ 33.7166873, 41.9805237 ], [ 33.7173854, 41.980447 ], [ 33.717852, 41.98029 ], [ 33.7185812, 41.98018 ], [ 33.7197369, 41.9801468 ], [ 33.720492, 41.9800086 ], [ 33.7215327, 41.9792326 ], [ 33.7250253, 41.9786878 ], [ 33.7257264, 41.9785784 ], [ 33.7272073, 41.9786048 ], [ 33.7278806, 41.9785469 ], [ 33.7281942, 41.9784714 ], [ 33.7285078, 41.9783958 ], [ 33.7295415, 41.9781068 ], [ 33.7303586, 41.9780106 ], [ 33.7334444, 41.9777876 ], [ 33.7365747, 41.9776904 ], [ 33.7398425, 41.977542 ], [ 33.7430679, 41.9774685 ], [ 33.7469162, 41.9776147 ], [ 33.747046, 41.9776128 ], [ 33.7495643, 41.977576 ], [ 33.7517072, 41.9779755 ], [ 33.7528054, 41.9780866 ], [ 33.7542582, 41.9782855 ], [ 33.7554749, 41.9785522 ], [ 33.7563047, 41.9788763 ], [ 33.7570013, 41.9791359 ], [ 33.7576635, 41.9792142 ], [ 33.7583991, 41.9793756 ], [ 33.7585265, 41.9793792 ], [ 33.7586725, 41.9794104 ], [ 33.7592986, 41.9794942 ], [ 33.759975, 41.9795833 ], [ 33.7608419, 41.979697 ], [ 33.7610881, 41.9797265 ], [ 33.7630015, 41.9801104 ], [ 33.7633599, 41.9803614 ], [ 33.7640499, 41.9806979 ], [ 33.7641365, 41.9811552 ], [ 33.7641685, 41.9813208 ], [ 33.7643826, 41.9813866 ], [ 33.7675392, 41.9819342 ], [ 33.7682114, 41.9818613 ], [ 33.7708466, 41.9810921 ], [ 33.7715208, 41.9809126 ], [ 33.773247, 41.980957 ], [ 33.774217, 41.981363 ], [ 33.7772907, 41.9820021 ], [ 33.7775707, 41.9819282 ], [ 33.777652, 41.9816865 ], [ 33.7775165, 41.9815589 ], [ 33.7771401, 41.981522 ], [ 33.7770199, 41.9816075 ], [ 33.7749782, 41.9810888 ], [ 33.7751753, 41.9805516 ], [ 33.7730086, 41.9800621 ], [ 33.7729595, 41.9802716 ], [ 33.7727217, 41.9802441 ], [ 33.7713788, 41.9805646 ], [ 33.7683948, 41.9811845 ], [ 33.766767, 41.9814313 ], [ 33.7647511, 41.9810589 ], [ 33.7650131, 41.980314 ], [ 33.7659983, 41.9791616 ], [ 33.7658158, 41.9790661 ], [ 33.7672409, 41.9782078 ], [ 33.7673927, 41.9782236 ], [ 33.7675052, 41.9784173 ], [ 33.7687374, 41.978063 ], [ 33.7694197, 41.9793029 ], [ 33.7705536, 41.9789677 ], [ 33.7697607, 41.9775445 ], [ 33.7704204, 41.9771403 ], [ 33.7711373, 41.9764651 ], [ 33.77149, 41.976133 ], [ 33.771597, 41.9759011 ], [ 33.7716594, 41.9758149 ], [ 33.7720516, 41.9756625 ], [ 33.7725241, 41.9756493 ], [ 33.7727202, 41.97553 ], [ 33.7729876, 41.975477 ], [ 33.7733263, 41.975583 ], [ 33.7736115, 41.9754438 ], [ 33.7738166, 41.9753842 ], [ 33.7739146, 41.9752848 ], [ 33.7745475, 41.9750065 ], [ 33.7750734, 41.9749468 ], [ 33.7760718, 41.9747878 ], [ 33.7765799, 41.9748275 ], [ 33.7774534, 41.9747347 ], [ 33.7785766, 41.9745161 ], [ 33.7790579, 41.9743371 ], [ 33.7796462, 41.973913 ], [ 33.7801632, 41.9736148 ], [ 33.7809744, 41.9734226 ], [ 33.7817945, 41.973237 ], [ 33.7838892, 41.9731244 ], [ 33.7845756, 41.9732834 ], [ 33.7848073, 41.9732857 ], [ 33.7849589, 41.9732834 ], [ 33.7858057, 41.9731509 ], [ 33.7869467, 41.9731244 ], [ 33.7882125, 41.973078 ], [ 33.7899061, 41.9732039 ], [ 33.7905568, 41.9732105 ], [ 33.7910738, 41.9732768 ], [ 33.7918939, 41.9734557 ], [ 33.792821, 41.9737009 ], [ 33.7934182, 41.9739196 ], [ 33.7938104, 41.97441 ], [ 33.7943007, 41.9748143 ], [ 33.795709, 41.9754505 ], [ 33.7966628, 41.9760137 ], [ 33.7974205, 41.9765372 ], [ 33.7979108, 41.9767294 ], [ 33.7985704, 41.9766499 ], [ 33.7987398, 41.9765041 ], [ 33.7994796, 41.9762258 ], [ 33.8001392, 41.975636 ], [ 33.8009415, 41.9755101 ], [ 33.8016457, 41.9754372 ], [ 33.8027867, 41.9756426 ], [ 33.8031789, 41.9758216 ], [ 33.8034909, 41.9762523 ], [ 33.8037048, 41.9764378 ], [ 33.8039276, 41.9764577 ], [ 33.8040792, 41.9762258 ], [ 33.8043912, 41.9757619 ], [ 33.8049795, 41.975245 ], [ 33.8054252, 41.9749932 ], [ 33.8062007, 41.9748607 ], [ 33.8071545, 41.9750263 ], [ 33.8077606, 41.9754571 ], [ 33.8082776, 41.9757155 ], [ 33.8090531, 41.9757951 ], [ 33.810096, 41.9757752 ], [ 33.8113796, 41.9758878 ], [ 33.8120036, 41.976239 ], [ 33.8123513, 41.9762192 ], [ 33.8127346, 41.9759872 ], [ 33.8129931, 41.9756161 ], [ 33.8134298, 41.9752053 ], [ 33.8138755, 41.9749534 ], [ 33.8144906, 41.9748275 ], [ 33.8152928, 41.9747613 ], [ 33.8160327, 41.974695 ], [ 33.8174411, 41.9745757 ], [ 33.818903, 41.9742576 ], [ 33.8207927, 41.9740721 ], [ 33.8219515, 41.9740654 ], [ 33.8231135, 41.9741025 ], [ 33.8242691, 41.9739793 ], [ 33.8245722, 41.9738401 ], [ 33.8253744, 41.9736744 ], [ 33.8263104, 41.9733961 ], [ 33.8271037, 41.9733298 ], [ 33.8280397, 41.9731575 ], [ 33.8286369, 41.972846 ], [ 33.8289281, 41.9726273 ], [ 33.8295283, 41.9723954 ], [ 33.8300944, 41.9725008 ], [ 33.8308521, 41.9724279 ], [ 33.8318504, 41.9724611 ], [ 33.8335529, 41.972587 ], [ 33.8341857, 41.9727129 ], [ 33.8347473, 41.9730641 ], [ 33.83571, 41.9734485 ], [ 33.8380453, 41.9734816 ], [ 33.83973, 41.973687 ], [ 33.8401667, 41.9735943 ], [ 33.8405055, 41.9735943 ], [ 33.8419762, 41.973422 ], [ 33.8434648, 41.9735015 ], [ 33.8450157, 41.9736274 ], [ 33.8471728, 41.9739587 ], [ 33.8485901, 41.9743166 ], [ 33.8497756, 41.9744491 ], [ 33.8507561, 41.9743563 ], [ 33.8525744, 41.9743365 ], [ 33.8548474, 41.9747539 ], [ 33.8555426, 41.9747076 ], [ 33.8564964, 41.9743033 ], [ 33.8570045, 41.9741774 ], [ 33.8591081, 41.9741045 ], [ 33.8612919, 41.9741575 ], [ 33.8630924, 41.974522 ], [ 33.863752, 41.974681 ], [ 33.8645543, 41.9744955 ], [ 33.8659715, 41.9741708 ], [ 33.8677097, 41.9741111 ], [ 33.8684495, 41.9739919 ], [ 33.8692695, 41.9738394 ], [ 33.8709542, 41.9737666 ], [ 33.8717921, 41.9737931 ], [ 33.8726834, 41.9737732 ], [ 33.8739135, 41.973581 ], [ 33.8744483, 41.9734882 ], [ 33.8766411, 41.9733093 ], [ 33.8794577, 41.9734087 ], [ 33.8811428, 41.9737663 ], [ 33.8821645, 41.9740566 ], [ 33.8836921, 41.9744918 ], [ 33.8847821, 41.9743173 ], [ 33.8863123, 41.9745286 ], [ 33.8868649, 41.9745684 ], [ 33.8876939, 41.9744093 ], [ 33.8880237, 41.974416 ], [ 33.8882287, 41.9746148 ], [ 33.8910008, 41.9757877 ], [ 33.8916069, 41.9759534 ], [ 33.8920437, 41.9759534 ], [ 33.8946108, 41.975178 ], [ 33.8946821, 41.9750124 ], [ 33.8945217, 41.9748931 ], [ 33.8942988, 41.9749329 ], [ 33.893969, 41.9751052 ], [ 33.8920437, 41.9756485 ], [ 33.8916426, 41.9756419 ], [ 33.8889329, 41.9746148 ], [ 33.8886565, 41.9743828 ], [ 33.8891379, 41.9733424 ], [ 33.8908136, 41.9725803 ], [ 33.8918476, 41.9726069 ], [ 33.8919724, 41.9731966 ], [ 33.8915445, 41.973243 ], [ 33.8916426, 41.973634 ], [ 33.8922041, 41.9735876 ], [ 33.8922665, 41.9739786 ], [ 33.8921596, 41.9740913 ], [ 33.8921774, 41.974184 ], [ 33.8923289, 41.9742636 ], [ 33.8924626, 41.9742636 ], [ 33.8925518, 41.9741178 ], [ 33.89232, 41.9725406 ], [ 33.8933094, 41.9718448 ], [ 33.8938723, 41.9716623 ], [ 33.8946746, 41.971543 ], [ 33.8956552, 41.9715695 ], [ 33.8977857, 41.9714834 ], [ 33.8990515, 41.97149 ], [ 33.9016901, 41.9717087 ], [ 33.9043644, 41.9720136 ], [ 33.9055946, 41.9722389 ], [ 33.9073774, 41.9728023 ], [ 33.9080549, 41.9730673 ], [ 33.9080192, 41.9732927 ], [ 33.9081173, 41.9738494 ], [ 33.9083312, 41.9739355 ], [ 33.9084471, 41.9738295 ], [ 33.9083223, 41.9733788 ], [ 33.90867, 41.9732861 ], [ 33.9093029, 41.9735246 ], [ 33.909294, 41.9737897 ], [ 33.909499, 41.9735578 ], [ 33.9097397, 41.9736704 ], [ 33.9102478, 41.973571 ], [ 33.9111392, 41.9735909 ], [ 33.9122446, 41.9733722 ], [ 33.9128864, 41.9730806 ], [ 33.913662, 41.9729215 ], [ 33.9150258, 41.9728486 ], [ 33.9158816, 41.9729547 ], [ 33.9173703, 41.9733391 ], [ 33.9183865, 41.9733855 ], [ 33.9194295, 41.9735048 ], [ 33.9202585, 41.9735777 ], [ 33.9204635, 41.9734517 ], [ 33.9210519, 41.9731137 ], [ 33.921346, 41.9730408 ], [ 33.9220681, 41.9730077 ], [ 33.9234159, 41.9731766 ], [ 33.9250098, 41.9735246 ], [ 33.9253664, 41.9737367 ], [ 33.926026, 41.9737698 ], [ 33.9264271, 41.9738626 ], [ 33.9275771, 41.973909 ], [ 33.9282635, 41.9740813 ], [ 33.9290836, 41.9742271 ], [ 33.9294134, 41.9744525 ], [ 33.9293332, 41.9745983 ], [ 33.9295471, 41.9745055 ], [ 33.9300731, 41.9746446 ], [ 33.9305544, 41.9745386 ], [ 33.9318203, 41.9739355 ], [ 33.9327473, 41.9738361 ], [ 33.9338973, 41.9739554 ], [ 33.9345213, 41.9738427 ], [ 33.9352612, 41.9737831 ], [ 33.9366785, 41.9738295 ], [ 33.9379087, 41.9739289 ], [ 33.9397718, 41.9740681 ], [ 33.9410465, 41.9743 ], [ 33.9415279, 41.9742205 ], [ 33.9427402, 41.9742139 ], [ 33.9432572, 41.9738891 ], [ 33.9436049, 41.9737632 ], [ 33.9442645, 41.9737698 ], [ 33.9457711, 41.9740283 ], [ 33.9475985, 41.9743663 ], [ 33.9484008, 41.9746778 ], [ 33.9499384, 41.9749518 ], [ 33.9512118, 41.9751017 ], [ 33.952054, 41.975249 ], [ 33.9530055, 41.9753686 ], [ 33.953778, 41.975492 ], [ 33.9547939, 41.9757741 ], [ 33.9561179, 41.9760927 ], [ 33.9571416, 41.976246 ], [ 33.9574367, 41.976246 ], [ 33.9576673, 41.9762301 ], [ 33.9587456, 41.9761264 ], [ 33.959636, 41.976213 ], [ 33.9606982, 41.9764175 ], [ 33.9620072, 41.976504 ], [ 33.9626365, 41.9766735 ], [ 33.9635311, 41.9769786 ], [ 33.9636056, 41.9778726 ], [ 33.9637004, 41.9781017 ], [ 33.9638595, 41.9783069 ], [ 33.9644597, 41.978782 ], [ 33.9645801, 41.9787982 ], [ 33.9646914, 41.9787729 ], [ 33.9647618, 41.9787 ], [ 33.9647816, 41.9786218 ], [ 33.9647472, 41.9785461 ], [ 33.9646552, 41.9784878 ], [ 33.9645446, 41.9784742 ], [ 33.9644304, 41.9784888 ], [ 33.964362, 41.9784312 ], [ 33.9645967, 41.9782723 ], [ 33.9641986, 41.9779379 ], [ 33.9641394, 41.9774356 ], [ 33.9644894, 41.9774165 ], [ 33.9644796, 41.9773299 ], [ 33.9661031, 41.9777316 ], [ 33.9667248, 41.978137 ], [ 33.9670093, 41.9783634 ], [ 33.9672316, 41.9786026 ], [ 33.9673751, 41.9788905 ], [ 33.9674413, 41.97918 ], [ 33.9675118, 41.9797816 ], [ 33.9669617, 41.9797984 ], [ 33.9668807, 41.9798697 ], [ 33.966129, 41.979953 ], [ 33.96593, 41.9799515 ], [ 33.9657413, 41.9799173 ], [ 33.9641064, 41.9794047 ], [ 33.9634438, 41.9791969 ], [ 33.9634552, 41.9791082 ], [ 33.9634052, 41.9790195 ], [ 33.9632967, 41.9789579 ], [ 33.9631627, 41.978936 ], [ 33.963046, 41.9789482 ], [ 33.9629396, 41.9789926 ], [ 33.9628636, 41.9790688 ], [ 33.9628475, 41.979169 ], [ 33.9628998, 41.9792642 ], [ 33.963009, 41.9793425 ], [ 33.96329, 41.9794572 ], [ 33.9654773, 41.9801501 ], [ 33.9656938, 41.9801876 ], [ 33.9659125, 41.9802012 ], [ 33.9661246, 41.9802019 ], [ 33.9670517, 41.9800987 ], [ 33.9673441, 41.9800855 ], [ 33.967603, 41.9801106 ], [ 33.9680899, 41.9802301 ], [ 33.96891, 41.9804059 ], [ 33.9690313, 41.9806003 ], [ 33.9696878, 41.9808006 ], [ 33.9700995, 41.9808126 ], [ 33.9708879, 41.9806819 ], [ 33.9710562, 41.9805465 ], [ 33.971049, 41.9804113 ], [ 33.9714336, 41.9803451 ], [ 33.972614, 41.9802747 ], [ 33.9725883, 41.98007 ], [ 33.972799, 41.9800372 ], [ 33.973013, 41.9800058 ], [ 33.9731383, 41.9801223 ], [ 33.973364, 41.9801408 ], [ 33.9742363, 41.9800096 ], [ 33.974834, 41.9798291 ], [ 33.9757676, 41.9796498 ], [ 33.9762738, 41.9795263 ], [ 33.9766932, 41.9794561 ], [ 33.9799708, 41.9795066 ], [ 33.9800696, 41.9795109 ], [ 33.980168, 41.9795213 ], [ 33.9802655, 41.9795376 ], [ 33.9803618, 41.9795599 ], [ 33.9804566, 41.979588 ], [ 33.9806455, 41.9796512 ], [ 33.9806184, 41.9797027 ], [ 33.9806296, 41.9797573 ], [ 33.980676, 41.9798005 ], [ 33.9807453, 41.9798207 ], [ 33.981165, 41.9798554 ], [ 33.9812385, 41.9798471 ], [ 33.9812966, 41.9798125 ], [ 33.9813237, 41.979761 ], [ 33.9813125, 41.9797063 ], [ 33.981266, 41.9796631 ], [ 33.9811967, 41.979643 ], [ 33.981146, 41.9796388 ], [ 33.9810963, 41.9795368 ], [ 33.9811243, 41.9794664 ], [ 33.9811733, 41.9794043 ], [ 33.9813301, 41.9793018 ], [ 33.9815074, 41.97923 ], [ 33.9816882, 41.9791836 ], [ 33.9818656, 41.9791508 ], [ 33.9820502, 41.9791307 ], [ 33.982234, 41.9791338 ], [ 33.9824191, 41.9791522 ], [ 33.9831336, 41.979271 ], [ 33.9833129, 41.9793223 ], [ 33.9834796, 41.9793864 ], [ 33.9836292, 41.9794652 ], [ 33.9837641, 41.9795573 ], [ 33.9838208, 41.9796135 ], [ 33.9838339, 41.979647 ], [ 33.9838362, 41.9796828 ], [ 33.9837995, 41.9798583 ], [ 33.983652, 41.9798461 ], [ 33.9835784, 41.9798544 ], [ 33.9835203, 41.9798889 ], [ 33.9834932, 41.9799404 ], [ 33.9835044, 41.9799951 ], [ 33.9835509, 41.9800383 ], [ 33.9836202, 41.9800584 ], [ 33.9840398, 41.9800931 ], [ 33.9841133, 41.9800848 ], [ 33.9841715, 41.9800503 ], [ 33.9841985, 41.9799988 ], [ 33.9841873, 41.9799441 ], [ 33.9841409, 41.9799009 ], [ 33.9840716, 41.9798808 ], [ 33.9838199, 41.9798599 ], [ 33.9838905, 41.9796714 ], [ 33.9840119, 41.9795335 ], [ 33.9841963, 41.979439 ], [ 33.9844205, 41.9793958 ], [ 33.9846439, 41.9793891 ], [ 33.9848473, 41.9794274 ], [ 33.985037, 41.9794891 ], [ 33.985209, 41.9795902 ], [ 33.9852996, 41.9796734 ], [ 33.9853108, 41.9796907 ], [ 33.9853036, 41.979709 ], [ 33.9852342, 41.9797848 ], [ 33.9852301, 41.9798032 ], [ 33.9852399, 41.9798206 ], [ 33.9852644, 41.9798271 ], [ 33.9852904, 41.9798234 ], [ 33.985496, 41.9796708 ], [ 33.9856707, 41.9795974 ], [ 33.9858841, 41.9795607 ], [ 33.9861028, 41.9795567 ], [ 33.986224, 41.9795707 ], [ 33.9863389, 41.9795944 ], [ 33.9864403, 41.9796333 ], [ 33.9865309, 41.9796807 ], [ 33.986675, 41.9798046 ], [ 33.9867173, 41.9798806 ], [ 33.9867396, 41.9799603 ], [ 33.9867188, 41.9800997 ], [ 33.9865268, 41.9800838 ], [ 33.9864532, 41.9800921 ], [ 33.9863951, 41.9801267 ], [ 33.9863681, 41.9801782 ], [ 33.9863792, 41.9802329 ], [ 33.9864257, 41.9802761 ], [ 33.986495, 41.9802962 ], [ 33.9869146, 41.9803309 ], [ 33.9869882, 41.9803226 ], [ 33.9870463, 41.9802881 ], [ 33.9870734, 41.9802365 ], [ 33.9870622, 41.9801819 ], [ 33.9870157, 41.9801387 ], [ 33.9869464, 41.9801185 ], [ 33.9867545, 41.9801027 ], [ 33.9867754, 41.9799631 ], [ 33.9868424, 41.9798863 ], [ 33.9869175, 41.9798197 ], [ 33.9870172, 41.9797697 ], [ 33.9871218, 41.9797342 ], [ 33.987239, 41.9797092 ], [ 33.9873529, 41.979703 ], [ 33.9874728, 41.9797056 ], [ 33.9875937, 41.9797203 ], [ 33.9877121, 41.979747 ], [ 33.9878181, 41.9797842 ], [ 33.9879252, 41.9798303 ], [ 33.9880141, 41.9798839 ], [ 33.9880896, 41.9799537 ], [ 33.9881399, 41.9800336 ], [ 33.9881486, 41.9801227 ], [ 33.9881233, 41.9802159 ], [ 33.9879642, 41.9802027 ], [ 33.9878907, 41.980211 ], [ 33.9878326, 41.9802456 ], [ 33.9878055, 41.9802971 ], [ 33.9878167, 41.9803518 ], [ 33.9878631, 41.980395 ], [ 33.9879324, 41.9804151 ], [ 33.988352, 41.9804498 ], [ 33.9884256, 41.9804415 ], [ 33.9884837, 41.9804069 ], [ 33.9885108, 41.9803554 ], [ 33.9884996, 41.9803007 ], [ 33.9884531, 41.9802576 ], [ 33.9883838, 41.9802374 ], [ 33.9882365, 41.9802252 ], [ 33.9882671, 41.9801319 ], [ 33.9883248, 41.9800545 ], [ 33.9884096, 41.9799955 ], [ 33.9884982, 41.9799573 ], [ 33.9886034, 41.9799238 ], [ 33.9887076, 41.9799057 ], [ 33.9889423, 41.9799064 ], [ 33.9891651, 41.9799474 ], [ 33.9893572, 41.9800227 ], [ 33.9894254, 41.980085 ], [ 33.9894719, 41.9801566 ], [ 33.9895014, 41.9802277 ], [ 33.989513, 41.9803308 ], [ 33.9894016, 41.9803216 ], [ 33.9893281, 41.9803299 ], [ 33.98927, 41.9803645 ], [ 33.9892429, 41.980416 ], [ 33.9892541, 41.9804707 ], [ 33.9893006, 41.9805138 ], [ 33.9893698, 41.980534 ], [ 33.9897895, 41.9805687 ], [ 33.989863, 41.9805604 ], [ 33.9899211, 41.9805258 ], [ 33.9899482, 41.9804743 ], [ 33.989937, 41.9804196 ], [ 33.9898906, 41.9803764 ], [ 33.9898213, 41.9803563 ], [ 33.989861, 41.9803144 ], [ 33.9899142, 41.9802793 ], [ 33.9899796, 41.9802584 ], [ 33.9900495, 41.980247 ], [ 33.9901865, 41.9802392 ], [ 33.990323, 41.9802562 ], [ 33.9905569, 41.9803311 ], [ 33.9906627, 41.9803869 ], [ 33.9907364, 41.9804661 ], [ 33.9907074, 41.9804833 ], [ 33.9906803, 41.9805349 ], [ 33.9906915, 41.9805895 ], [ 33.990738, 41.9806327 ], [ 33.9908073, 41.9806529 ], [ 33.9912269, 41.9806876 ], [ 33.9913004, 41.9806793 ], [ 33.9913585, 41.9806447 ], [ 33.9913856, 41.9805932 ], [ 33.9913744, 41.9805385 ], [ 33.991328, 41.9804953 ], [ 33.9912587, 41.9804752 ], [ 33.9912556, 41.9804344 ], [ 33.9912713, 41.9803987 ], [ 33.9913389, 41.9803474 ], [ 33.9914229, 41.9803139 ], [ 33.9915167, 41.9802911 ], [ 33.9917222, 41.9802747 ], [ 33.9919199, 41.9802858 ], [ 33.9969416, 41.9811727 ], [ 33.9982026, 41.9812479 ], [ 33.999412, 41.9813201 ], [ 33.9997896, 41.9813972 ], [ 34.001834, 41.9813747 ], [ 34.0019065, 41.9813873 ], [ 34.0023284, 41.9813771 ], [ 34.0023996, 41.9813611 ], [ 34.0028064, 41.9813163 ], [ 34.0032252, 41.981302 ], [ 34.0032795, 41.9813398 ], [ 34.003352, 41.9813524 ], [ 34.003774, 41.9813422 ], [ 34.0038452, 41.9813261 ], [ 34.003896, 41.9812858 ], [ 34.0039129, 41.9812319 ], [ 34.0038914, 41.981179 ], [ 34.0038371, 41.9811412 ], [ 34.0038147, 41.9810614 ], [ 34.0038428, 41.980985 ], [ 34.0038981, 41.9809246 ], [ 34.0039784, 41.9808723 ], [ 34.0041725, 41.980819 ], [ 34.0043744, 41.9808005 ], [ 34.004564, 41.9808318 ], [ 34.0047253, 41.9808926 ], [ 34.0048463, 41.9809911 ], [ 34.0048889, 41.9810575 ], [ 34.0049023, 41.9811311 ], [ 34.0047975, 41.9811285 ], [ 34.004725, 41.9811411 ], [ 34.0046708, 41.9811789 ], [ 34.0046492, 41.9812319 ], [ 34.0046661, 41.9812857 ], [ 34.004717, 41.9813261 ], [ 34.0047882, 41.9813421 ], [ 34.0052102, 41.9813523 ], [ 34.0052826, 41.9813397 ], [ 34.0053369, 41.9813019 ], [ 34.0053585, 41.9812489 ], [ 34.0053416, 41.9811951 ], [ 34.0052887, 41.98116 ], [ 34.0052195, 41.9811387 ], [ 34.0050335, 41.9811342 ], [ 34.0049818, 41.9810433 ], [ 34.0049813, 41.9809465 ], [ 34.0051053, 41.9807694 ], [ 34.0052924, 41.9806457 ], [ 34.0055045, 41.9805659 ], [ 34.0057282, 41.9805339 ], [ 34.0059504, 41.9805384 ], [ 34.0061641, 41.9805641 ], [ 34.006365, 41.9806387 ], [ 34.0064651, 41.9806556 ], [ 34.0065613, 41.9806443 ], [ 34.0068677, 41.9805684 ], [ 34.0072046, 41.9805358 ], [ 34.0075497, 41.9805638 ], [ 34.0077136, 41.9806067 ], [ 34.007831, 41.9806879 ], [ 34.007913, 41.9807168 ], [ 34.0080123, 41.9807177 ], [ 34.0082229, 41.9806724 ], [ 34.0084483, 41.9806559 ], [ 34.0086811, 41.9806661 ], [ 34.0088974, 41.9807081 ], [ 34.0091019, 41.9807881 ], [ 34.0092747, 41.9809101 ], [ 34.0093311, 41.9809851 ], [ 34.0093613, 41.9810706 ], [ 34.0093216, 41.9812456 ], [ 34.009136, 41.981239 ], [ 34.0090633, 41.9812507 ], [ 34.0090082, 41.9812879 ], [ 34.0089855, 41.9813406 ], [ 34.0090013, 41.9813946 ], [ 34.0090513, 41.9814355 ], [ 34.0091222, 41.9814524 ], [ 34.0095439, 41.9814675 ], [ 34.0096166, 41.9814558 ], [ 34.0096717, 41.9814186 ], [ 34.0096944, 41.981366 ], [ 34.0096786, 41.9813119 ], [ 34.0096286, 41.981271 ], [ 34.0095577, 41.9812541 ], [ 34.0094279, 41.9812494 ], [ 34.009397, 41.9811655 ], [ 34.0094225, 41.9810802 ], [ 34.0094715, 41.9810057 ], [ 34.0095392, 41.9809432 ], [ 34.0097018, 41.9808562 ], [ 34.0098788, 41.9807861 ], [ 34.0100617, 41.9807484 ], [ 34.0102683, 41.9807437 ], [ 34.0104636, 41.9807736 ], [ 34.0105598, 41.9807991 ], [ 34.010636, 41.9808358 ], [ 34.0106716, 41.9808794 ], [ 34.0107121, 41.9809062 ], [ 34.0107759, 41.9809185 ], [ 34.0108384, 41.9809123 ], [ 34.0110422, 41.9808337 ], [ 34.0112506, 41.9807821 ], [ 34.0114781, 41.9807595 ], [ 34.0117102, 41.980772 ], [ 34.0118317, 41.9807995 ], [ 34.0119441, 41.9808391 ], [ 34.0120497, 41.9808905 ], [ 34.012139, 41.9809536 ], [ 34.0121668, 41.9809938 ], [ 34.0121494, 41.981347 ], [ 34.0120252, 41.9813425 ], [ 34.0119525, 41.9813542 ], [ 34.0118975, 41.9813914 ], [ 34.0118748, 41.9814441 ], [ 34.0118905, 41.9814981 ], [ 34.0119405, 41.9815391 ], [ 34.0120114, 41.9815559 ], [ 34.0124331, 41.9815711 ], [ 34.0125058, 41.9815593 ], [ 34.0125609, 41.9815222 ], [ 34.0125836, 41.9814695 ], [ 34.0125678, 41.9814154 ], [ 34.0125178, 41.9813745 ], [ 34.012447, 41.9813576 ], [ 34.0121966, 41.9813486 ], [ 34.0122506, 41.9811585 ], [ 34.0123041, 41.981064 ], [ 34.0123698, 41.9809931 ], [ 34.0124444, 41.980933 ], [ 34.0125354, 41.9808909 ], [ 34.0127324, 41.9808243 ], [ 34.0131317, 41.9807616 ], [ 34.0135525, 41.9807599 ], [ 34.0142668, 41.9808567 ], [ 34.0149121, 41.9809414 ], [ 34.0174573, 41.9811555 ], [ 34.017989, 41.9812151 ], [ 34.0185132, 41.9813039 ], [ 34.0190273, 41.9814212 ], [ 34.0197704, 41.9816446 ], [ 34.0200429, 41.9818219 ], [ 34.0204122, 41.9819844 ], [ 34.0207688, 41.9821032 ], [ 34.0211523, 41.982182 ], [ 34.0251419, 41.9824613 ], [ 34.025339, 41.9823352 ], [ 34.0253493, 41.982157 ], [ 34.0251593, 41.9820282 ], [ 34.0248963, 41.9820216 ], [ 34.0247295, 41.9821475 ], [ 34.0243683, 41.9821303 ], [ 34.024279, 41.982006 ], [ 34.0238788, 41.9819959 ], [ 34.0237023, 41.9820986 ], [ 34.0227438, 41.9820327 ], [ 34.0211143, 41.9819207 ], [ 34.0210312, 41.9817405 ], [ 34.0201494, 41.9814659 ], [ 34.0199016, 41.9813086 ], [ 34.0196287, 41.9808759 ], [ 34.0197857, 41.9805926 ], [ 34.0194638, 41.980483 ], [ 34.019477, 41.9800328 ], [ 34.0195146, 41.9798748 ], [ 34.0196256, 41.9797476 ], [ 34.0197753, 41.9796736 ], [ 34.0199587, 41.9796346 ], [ 34.0203201, 41.9795971 ], [ 34.0211499, 41.9796116 ], [ 34.0219349, 41.9796636 ], [ 34.021921, 41.9797331 ], [ 34.0229959, 41.9798698 ], [ 34.023029, 41.9799875 ], [ 34.022804, 41.9807344 ], [ 34.0229357, 41.9807549 ], [ 34.0228666, 41.9810078 ], [ 34.0227112, 41.9812614 ], [ 34.0227034, 41.981322 ], [ 34.0227447, 41.9813726 ], [ 34.0228241, 41.9813883 ], [ 34.0229012, 41.9813741 ], [ 34.0234141, 41.9810763 ], [ 34.023983, 41.9803346 ], [ 34.0243659, 41.9800112 ], [ 34.0248019, 41.9797392 ], [ 34.0253201, 41.979537 ], [ 34.0258914, 41.9794178 ], [ 34.0264627, 41.9793856 ], [ 34.0269861, 41.9795196 ], [ 34.0269377, 41.9804688 ], [ 34.0269809, 41.9805159 ], [ 34.0270523, 41.9805393 ], [ 34.0271303, 41.9805193 ], [ 34.027165, 41.9804741 ], [ 34.0271955, 41.9799606 ], [ 34.0274713, 41.9798562 ], [ 34.0277348, 41.9797884 ], [ 34.0283219, 41.9796866 ], [ 34.0289138, 41.9796301 ], [ 34.0295047, 41.9796239 ], [ 34.0295138, 41.9797713 ], [ 34.0295453, 41.9797921 ], [ 34.0295825, 41.9797987 ], [ 34.0296183, 41.9797892 ], [ 34.0296418, 41.9797688 ], [ 34.029685, 41.9794154 ], [ 34.0302638, 41.9793176 ], [ 34.0311011, 41.9792861 ], [ 34.0325948, 41.9794356 ], [ 34.0355887, 41.9794363 ], [ 34.037107, 41.9794601 ], [ 34.0374972, 41.9795473 ], [ 34.0376498, 41.9796066 ], [ 34.0378024, 41.9796525 ], [ 34.0379914, 41.9796554 ], [ 34.0381774, 41.9796268 ], [ 34.0385707, 41.9796283 ], [ 34.040054, 41.9796578 ], [ 34.0415527, 41.9797291 ], [ 34.0441289, 41.9802573 ], [ 34.0446556, 41.9804138 ], [ 34.0450094, 41.9805234 ], [ 34.0452371, 41.980619 ], [ 34.0454932, 41.98075 ], [ 34.0456667, 41.980828 ], [ 34.0458365, 41.9809012 ], [ 34.0459419, 41.9809696 ], [ 34.0460312, 41.9810283 ], [ 34.0461056, 41.9811054 ], [ 34.0461837, 41.9812273 ], [ 34.0461186, 41.9814039 ], [ 34.0459753, 41.9814613 ], [ 34.045965, 41.9814892 ], [ 34.04608, 41.9814929 ], [ 34.0463679, 41.9814363 ], [ 34.0468337, 41.9813872 ], [ 34.0470817, 41.9813349 ], [ 34.0471523, 41.9812305 ], [ 34.0471067, 41.9811196 ], [ 34.0473298, 41.9810565 ], [ 34.0475242, 41.9809588 ], [ 34.0476637, 41.980817 ], [ 34.0479783, 41.9807036 ], [ 34.0483594, 41.9804156 ], [ 34.0488725, 41.9800059 ], [ 34.0491464, 41.9798849 ], [ 34.04952, 41.9798101 ], [ 34.0502582, 41.9798143 ], [ 34.0507981, 41.9798498 ], [ 34.0513453, 41.9799066 ], [ 34.05171, 41.9799892 ], [ 34.0520738, 41.9800717 ], [ 34.0529468, 41.9801453 ], [ 34.0531981, 41.9802789 ], [ 34.0545945, 41.9803225 ], [ 34.0561861, 41.9803903 ], [ 34.0569481, 41.9803863 ], [ 34.0587111, 41.9800522 ], [ 34.0603789, 41.9798398 ], [ 34.0609368, 41.9797975 ], [ 34.0614899, 41.9797052 ], [ 34.0616831, 41.9796428 ], [ 34.0626197, 41.9793403 ], [ 34.0640503, 41.9792014 ], [ 34.0658458, 41.9789826 ], [ 34.066322, 41.978994 ], [ 34.0667942, 41.9790185 ], [ 34.0674731, 41.9790403 ], [ 34.0683076, 41.9789992 ], [ 34.068814, 41.9789372 ], [ 34.0697704, 41.9787288 ], [ 34.0708211, 41.9785675 ], [ 34.0734011, 41.9784506 ], [ 34.0747642, 41.9783864 ], [ 34.0773208, 41.978322 ], [ 34.0783776, 41.9783177 ], [ 34.0820682, 41.9783238 ], [ 34.0843427, 41.978284 ], [ 34.0861988, 41.9783478 ], [ 34.0881729, 41.9785791 ], [ 34.0907049, 41.9788901 ], [ 34.0922391, 41.9790417 ], [ 34.0934515, 41.9793368 ], [ 34.0944278, 41.9793527 ], [ 34.0954792, 41.9792889 ], [ 34.0963697, 41.9790496 ], [ 34.0980112, 41.9790337 ], [ 34.0991056, 41.9788901 ], [ 34.0997268, 41.978792 ], [ 34.1005754, 41.9785472 ], [ 34.1011869, 41.9783238 ], [ 34.1022491, 41.9782202 ], [ 34.103043, 41.97826 ], [ 34.1040408, 41.9782202 ], [ 34.1044378, 41.9781883 ], [ 34.1057134, 41.9778349 ], [ 34.1065717, 41.9775295 ], [ 34.1079461, 41.9771115 ], [ 34.1083753, 41.9769679 ], [ 34.1091156, 41.9768882 ], [ 34.1096735, 41.9766569 ], [ 34.1101991, 41.9764416 ], [ 34.1106176, 41.9760347 ], [ 34.1112173, 41.9759127 ], [ 34.1117119, 41.9758114 ], [ 34.1124522, 41.9755083 ], [ 34.1128707, 41.9750936 ], [ 34.1134179, 41.9749339 ], [ 34.1142225, 41.9748463 ], [ 34.1152846, 41.9747426 ], [ 34.1164326, 41.9746309 ], [ 34.11713, 41.9745751 ], [ 34.117685, 41.9744753 ], [ 34.1182351, 41.974477 ], [ 34.118911, 41.9744075 ], [ 34.1202198, 41.973849 ], [ 34.1220126, 41.9732102 ], [ 34.1249619, 41.9724133 ], [ 34.1270434, 41.9720863 ], [ 34.1308951, 41.971193 ], [ 34.1339324, 41.9706975 ], [ 34.1375587, 41.9700195 ], [ 34.1411206, 41.9693494 ], [ 34.1429328, 41.9691033 ], [ 34.1452513, 41.9686714 ], [ 34.1464304, 41.9685529 ], [ 34.1484377, 41.9682885 ], [ 34.1500567, 41.9680264 ], [ 34.151356, 41.9677461 ], [ 34.1533719, 41.9673963 ], [ 34.1536938, 41.9676675 ], [ 34.1541015, 41.9676276 ], [ 34.1544341, 41.9674601 ], [ 34.1543805, 41.9673564 ], [ 34.1557645, 41.9668937 ], [ 34.1560542, 41.9671088 ], [ 34.1561507, 41.9673404 ], [ 34.1563224, 41.9674441 ], [ 34.1567944, 41.9674361 ], [ 34.1570197, 41.9671888 ], [ 34.157288, 41.9669096 ], [ 34.1578936, 41.9669417 ], [ 34.1580926, 41.967157 ], [ 34.1582643, 41.9673723 ], [ 34.158554, 41.9673484 ], [ 34.1588115, 41.9672527 ], [ 34.159305, 41.9673165 ], [ 34.1597449, 41.9673962 ], [ 34.1598951, 41.967492 ], [ 34.160174, 41.967484 ], [ 34.1602703, 41.9671319 ], [ 34.1605399, 41.967076 ], [ 34.1608607, 41.9669575 ], [ 34.1611396, 41.9669176 ], [ 34.1618692, 41.9668777 ], [ 34.1622769, 41.9669017 ], [ 34.1625344, 41.9670133 ], [ 34.1625773, 41.9669017 ], [ 34.162235, 41.966709 ], [ 34.1619765, 41.9665826 ], [ 34.1619014, 41.966431 ], [ 34.1619775, 41.9661506 ], [ 34.162117, 41.9659113 ], [ 34.1623949, 41.9656093 ], [ 34.1628466, 41.9653369 ], [ 34.163339, 41.9652025 ], [ 34.1637467, 41.9651626 ], [ 34.164133, 41.9652184 ], [ 34.1644548, 41.9653541 ], [ 34.1646265, 41.9655056 ], [ 34.1646909, 41.9656811 ], [ 34.164605, 41.9658008 ], [ 34.1646158, 41.9659205 ], [ 34.1648014, 41.9660289 ], [ 34.1650449, 41.9661279 ], [ 34.1652595, 41.9661199 ], [ 34.1654955, 41.9661119 ], [ 34.1656779, 41.9661837 ], [ 34.1660105, 41.9662236 ], [ 34.1667937, 41.9662475 ], [ 34.167298, 41.9662316 ], [ 34.1678988, 41.9662794 ], [ 34.1687249, 41.9663193 ], [ 34.1692517, 41.9661267 ], [ 34.1732535, 41.964946 ], [ 34.1733501, 41.9647865 ], [ 34.1731881, 41.9646201 ], [ 34.1729091, 41.9645723 ], [ 34.1727375, 41.9646441 ], [ 34.1726731, 41.9647956 ], [ 34.1707966, 41.9652811 ], [ 34.1706776, 41.9651626 ], [ 34.1690146, 41.9656412 ], [ 34.169079, 41.9657928 ], [ 34.1689298, 41.9658634 ], [ 34.1686283, 41.9659524 ], [ 34.1683505, 41.9659193 ], [ 34.1679095, 41.9656971 ], [ 34.1669654, 41.9650509 ], [ 34.1667723, 41.9647637 ], [ 34.1668044, 41.9641335 ], [ 34.1668795, 41.9635352 ], [ 34.1669868, 41.963232 ], [ 34.1672336, 41.9628252 ], [ 34.1676316, 41.9623054 ], [ 34.167931, 41.9618997 ], [ 34.1683494, 41.9616046 ], [ 34.1688966, 41.9613333 ], [ 34.1691862, 41.9612854 ], [ 34.1709887, 41.963599 ], [ 34.1710852, 41.9637426 ], [ 34.171096, 41.9638782 ], [ 34.1712462, 41.9639979 ], [ 34.1713749, 41.9640218 ], [ 34.1715155, 41.9639488 ], [ 34.171482, 41.963851 ], [ 34.170159, 41.9621182 ], [ 34.170361, 41.9617558 ], [ 34.1707223, 41.9613882 ], [ 34.1712032, 41.9608942 ], [ 34.1719453, 41.9603511 ], [ 34.1726569, 41.9599847 ], [ 34.1734348, 41.9596416 ], [ 34.1744344, 41.9593179 ], [ 34.1755824, 41.9591663 ], [ 34.1768197, 41.9590273 ], [ 34.1776834, 41.958784 ], [ 34.1790371, 41.9584961 ], [ 34.1797559, 41.9583884 ], [ 34.180861, 41.9582408 ], [ 34.1835199, 41.9579662 ], [ 34.1842406, 41.9578659 ], [ 34.1848932, 41.9578425 ], [ 34.1852472, 41.9578904 ], [ 34.1853135, 41.9579776 ], [ 34.1859661, 41.9578665 ], [ 34.1861323, 41.9577548 ], [ 34.1864454, 41.9577183 ], [ 34.1869048, 41.9577189 ], [ 34.1869657, 41.9577621 ], [ 34.1868995, 41.9577907 ], [ 34.1868941, 41.9578585 ], [ 34.1875129, 41.9578659 ], [ 34.1875504, 41.9577382 ], [ 34.1877202, 41.9577069 ], [ 34.1880815, 41.9577143 ], [ 34.1882424, 41.9577781 ], [ 34.1883371, 41.9578904 ], [ 34.1887896, 41.9578539 ], [ 34.1888575, 41.957679 ], [ 34.189013, 41.9576151 ], [ 34.1893725, 41.9575912 ], [ 34.1898518, 41.9576824 ], [ 34.1899679, 41.9577268 ], [ 34.1899947, 41.9578226 ], [ 34.1900698, 41.9579742 ], [ 34.1901288, 41.958034 ], [ 34.1905097, 41.9580739 ], [ 34.1906438, 41.958038 ], [ 34.1906135, 41.9579656 ], [ 34.1904775, 41.9578585 ], [ 34.1905097, 41.9578026 ], [ 34.1908584, 41.9578665 ], [ 34.1910086, 41.9579143 ], [ 34.1910998, 41.9579941 ], [ 34.1913948, 41.95803 ], [ 34.1919063, 41.9580374 ], [ 34.1925536, 41.958042 ], [ 34.1927842, 41.95803 ], [ 34.1933582, 41.9579662 ], [ 34.1940306, 41.957822 ], [ 34.1943077, 41.957659 ], [ 34.1947012, 41.9573712 ], [ 34.1950158, 41.9570766 ], [ 34.1951821, 41.9568931 ], [ 34.1954342, 41.9567056 ], [ 34.1958706, 41.9565654 ], [ 34.1964159, 41.9564662 ], [ 34.1977589, 41.956334 ], [ 34.1990571, 41.9561664 ], [ 34.1998564, 41.9561266 ], [ 34.2009596, 41.9561192 ], [ 34.2018949, 41.9560707 ], [ 34.2033272, 41.9559311 ], [ 34.2038861, 41.9558002 ], [ 34.2046462, 41.9557158 ], [ 34.2061709, 41.9554625 ], [ 34.2072506, 41.9552653 ], [ 34.2097256, 41.9550676 ], [ 34.212577, 41.9547984 ], [ 34.2141025, 41.9546861 ], [ 34.2161105, 41.954535 ], [ 34.218507, 41.9544035 ], [ 34.2212206, 41.9543041 ], [ 34.2226623, 41.9542708 ], [ 34.2244148, 41.9543576 ], [ 34.2272359, 41.9547768 ], [ 34.2279622, 41.9546952 ], [ 34.228226, 41.954659 ], [ 34.2290225, 41.9546546 ], [ 34.2297109, 41.9545569 ], [ 34.230634, 41.9542785 ], [ 34.2311211, 41.9540898 ], [ 34.2317685, 41.953737 ], [ 34.2324287, 41.9533604 ], [ 34.2331723, 41.9530029 ], [ 34.2336338, 41.952693 ], [ 34.2341659, 41.9522211 ], [ 34.2352299, 41.9515918 ], [ 34.2369285, 41.9507099 ], [ 34.2375793, 41.9506974 ], [ 34.2386733, 41.9504116 ], [ 34.2409088, 41.9500211 ], [ 34.2427427, 41.9496838 ], [ 34.2454883, 41.9493946 ], [ 34.2494191, 41.9489782 ], [ 34.2530011, 41.9486706 ], [ 34.2556615, 41.9484938 ], [ 34.2577592, 41.9483979 ], [ 34.2613832, 41.9481174 ], [ 34.2632848, 41.947957 ], [ 34.2649127, 41.9478172 ], [ 34.2682407, 41.9475988 ], [ 34.2720512, 41.9473695 ], [ 34.2742089, 41.9470772 ], [ 34.2756832, 41.9469627 ], [ 34.2763691, 41.946958 ], [ 34.276587, 41.9470247 ], [ 34.2768947, 41.9471677 ], [ 34.276805, 41.9472536 ], [ 34.2768242, 41.9473537 ], [ 34.2770757, 41.9473869 ], [ 34.2772511, 41.947498 ], [ 34.277368, 41.9474642 ], [ 34.277264, 41.9473193 ], [ 34.2775693, 41.9473676 ], [ 34.2777058, 41.9472806 ], [ 34.2780695, 41.9473482 ], [ 34.2788165, 41.9474545 ], [ 34.2790114, 41.947585 ], [ 34.2792842, 41.9475946 ], [ 34.2795505, 41.9475222 ], [ 34.2795765, 41.9473676 ], [ 34.2794386, 41.947301 ], [ 34.2793362, 41.9472516 ], [ 34.2792128, 41.947126 ], [ 34.278927, 41.9469569 ], [ 34.2786736, 41.9466864 ], [ 34.2782904, 41.9463772 ], [ 34.2780955, 41.9460969 ], [ 34.2780955, 41.945836 ], [ 34.2782059, 41.9455317 ], [ 34.2782841, 41.9454437 ], [ 34.2784723, 41.9452321 ], [ 34.2789659, 41.9447973 ], [ 34.279544, 41.9444639 ], [ 34.2804599, 41.9441257 ], [ 34.2816292, 41.9438165 ], [ 34.2828309, 41.9436039 ], [ 34.2839157, 41.9435169 ], [ 34.2843704, 41.9435653 ], [ 34.2847406, 41.9437682 ], [ 34.2850264, 41.9438793 ], [ 34.2854681, 41.9439083 ], [ 34.2859358, 41.9438745 ], [ 34.2863321, 41.9437585 ], [ 34.2865724, 41.9435024 ], [ 34.2867998, 41.9430579 ], [ 34.2869037, 41.9426521 ], [ 34.2870206, 41.942425 ], [ 34.2872675, 41.9422946 ], [ 34.287956, 41.9421399 ], [ 34.2891208, 41.9420483 ], [ 34.2902586, 41.9419998 ], [ 34.2918368, 41.9419813 ], [ 34.2922302, 41.9420026 ], [ 34.2926459, 41.9422172 ], [ 34.2928668, 41.9423574 ], [ 34.2930876, 41.9424637 ], [ 34.2935358, 41.9424975 ], [ 34.2942179, 41.9423719 ], [ 34.2946011, 41.9421786 ], [ 34.294783, 41.9419805 ], [ 34.2949941, 41.9415638 ], [ 34.2952864, 41.9413463 ], [ 34.2956193, 41.9412014 ], [ 34.2961633, 41.9410746 ], [ 34.2974056, 41.9408813 ], [ 34.298924, 41.9407243 ], [ 34.3001907, 41.9406639 ], [ 34.3023938, 41.9407981 ], [ 34.3039866, 41.9409166 ], [ 34.3052785, 41.9410653 ], [ 34.3079467, 41.9412684 ], [ 34.3081156, 41.9412775 ], [ 34.3096293, 41.9413588 ], [ 34.3097607, 41.9413671 ], [ 34.3111012, 41.9414518 ], [ 34.3114452, 41.9414666 ], [ 34.3116078, 41.9414736 ], [ 34.3118503, 41.941484 ], [ 34.3123337, 41.9415281 ], [ 34.3127533, 41.9417252 ], [ 34.3130181, 41.9419944 ], [ 34.3133624, 41.9422308 ], [ 34.3136618, 41.9423989 ], [ 34.3139217, 41.9424745 ], [ 34.3142494, 41.9424619 ], [ 34.3146053, 41.9423737 ], [ 34.3149726, 41.9422056 ], [ 34.3154594, 41.9420097 ], [ 34.3155718, 41.9420112 ], [ 34.3158607, 41.9419452 ], [ 34.3163633, 41.9418887 ], [ 34.3166164, 41.9419156 ], [ 34.3179909, 41.9419558 ], [ 34.3188008, 41.9420434 ], [ 34.3191057, 41.9422151 ], [ 34.3192881, 41.9422709 ], [ 34.3195939, 41.9421831 ], [ 34.3199801, 41.9421472 ], [ 34.3207879, 41.9423346 ], [ 34.3210572, 41.9423971 ], [ 34.3216377, 41.9425582 ], [ 34.322539, 41.942654 ], [ 34.3226987, 41.9426664 ], [ 34.3228746, 41.9426801 ], [ 34.3243801, 41.942797 ], [ 34.3244702, 41.9428694 ], [ 34.324615, 41.942872 ], [ 34.3246955, 41.9428734 ], [ 34.3251407, 41.9429014 ], [ 34.3260956, 41.9430929 ], [ 34.3264354, 41.9431972 ], [ 34.3266374, 41.9432605 ], [ 34.3266308, 41.9434343 ], [ 34.3274769, 41.9437586 ], [ 34.3283353, 41.9440715 ], [ 34.3288035, 41.9443884 ], [ 34.3292147, 41.9447602 ], [ 34.3296278, 41.945105 ], [ 34.3300673, 41.9454574 ], [ 34.330604, 41.9459328 ], [ 34.3309625, 41.9464101 ], [ 34.3313143, 41.9473594 ], [ 34.3319136, 41.9481939 ], [ 34.3331293, 41.9485069 ], [ 34.3338403, 41.9489555 ], [ 34.334507, 41.9495641 ], [ 34.3351268, 41.9499425 ], [ 34.3363844, 41.9505097 ], [ 34.3372645, 41.9508361 ], [ 34.3383403, 41.9510452 ], [ 34.3395501, 41.9511218 ], [ 34.3406868, 41.9511285 ], [ 34.3412501, 41.9512122 ], [ 34.3416738, 41.9511803 ], [ 34.3419029, 41.951117 ], [ 34.3420926, 41.9510222 ], [ 34.342276, 41.9508504 ], [ 34.3425157, 41.9504354 ], [ 34.3425984, 41.9503386 ], [ 34.3427838, 41.9501184 ], [ 34.343222, 41.9499574 ], [ 34.3437836, 41.9497998 ], [ 34.3442412, 41.9497931 ], [ 34.3450323, 41.9498694 ], [ 34.3453395, 41.9499742 ], [ 34.3493441, 41.9504458 ], [ 34.3494825, 41.9504077 ], [ 34.3495667, 41.950322 ], [ 34.3496717, 41.9501542 ], [ 34.3496243, 41.9500448 ], [ 34.3492905, 41.9499197 ], [ 34.3491092, 41.9499741 ], [ 34.3489844, 41.9500087 ], [ 34.34758, 41.949874 ], [ 34.3454365, 41.9496827 ], [ 34.3444962, 41.949598 ], [ 34.3443829, 41.9493451 ], [ 34.3444377, 41.949228 ], [ 34.3443775, 41.9490498 ], [ 34.3445262, 41.9488271 ], [ 34.3445075, 41.9486595 ], [ 34.3445432, 41.9482252 ], [ 34.3445109, 41.9480312 ], [ 34.3447536, 41.9478827 ], [ 34.3449805, 41.9477496 ], [ 34.3455021, 41.9472081 ], [ 34.3457484, 41.9470516 ], [ 34.3461731, 41.9469199 ], [ 34.347925, 41.9463935 ], [ 34.3479721, 41.9467063 ], [ 34.3477792, 41.9467455 ], [ 34.3481008, 41.9479331 ], [ 34.3483422, 41.9478772 ], [ 34.3484818, 41.9482483 ], [ 34.348251, 41.9485515 ], [ 34.3478809, 41.9486991 ], [ 34.3476502, 41.9489066 ], [ 34.3476663, 41.9489984 ], [ 34.3478376, 41.9490578 ], [ 34.3480311, 41.9489704 ], [ 34.3485676, 41.9484916 ], [ 34.348648, 41.9482403 ], [ 34.3484227, 41.9473666 ], [ 34.348589, 41.9472548 ], [ 34.3493342, 41.9467637 ], [ 34.3500638, 41.9463487 ], [ 34.3512272, 41.9460257 ], [ 34.3527708, 41.9459207 ], [ 34.353897, 41.945801 ], [ 34.355272, 41.945785 ], [ 34.355616, 41.945781 ], [ 34.356304, 41.945773 ], [ 34.35734, 41.946017 ], [ 34.357684, 41.946013 ], [ 34.358372, 41.946005 ], [ 34.360096, 41.946242 ], [ 34.36182, 41.946478 ], [ 34.362513, 41.946726 ], [ 34.362857, 41.946722 ], [ 34.3634288, 41.9469666 ], [ 34.3642249, 41.9471199 ], [ 34.3652316, 41.9473198 ], [ 34.3661594, 41.9475592 ], [ 34.36666, 41.947704 ], [ 34.36804, 41.947944 ], [ 34.368733, 41.948192 ], [ 34.369679, 41.948658 ], [ 34.3703114, 41.9489646 ], [ 34.3707271, 41.949149 ], [ 34.3712015, 41.9493388 ], [ 34.371857, 41.949567 ], [ 34.372204, 41.949691 ], [ 34.3727757, 41.9501239 ], [ 34.3731439, 41.9502801 ], [ 34.3734748, 41.9503834 ], [ 34.3739514, 41.9506222 ], [ 34.374599, 41.9509751 ], [ 34.375133, 41.9512334 ], [ 34.375688, 41.951832 ], [ 34.3757802, 41.9521077 ], [ 34.3763698, 41.9523765 ], [ 34.3769278, 41.9524121 ], [ 34.377415, 41.952195 ], [ 34.3778319, 41.9520666 ], [ 34.379123, 41.951661 ], [ 34.379467, 41.951657 ], [ 34.3811619, 41.951885 ], [ 34.3827691, 41.952284 ], [ 34.3837223, 41.9526743 ], [ 34.3842995, 41.9530775 ], [ 34.3848417, 41.9533702 ], [ 34.3853227, 41.9534677 ], [ 34.3855414, 41.9533832 ], [ 34.385725, 41.953149 ], [ 34.3859349, 41.953058 ], [ 34.3862235, 41.9529864 ], [ 34.3865558, 41.9527588 ], [ 34.3867854, 41.952588 ], [ 34.3869756, 41.9524466 ], [ 34.3877802, 41.9524141 ], [ 34.3881125, 41.9523165 ], [ 34.3885061, 41.952219 ], [ 34.3887772, 41.9521149 ], [ 34.389129, 41.9521255 ], [ 34.3894913, 41.9521363 ], [ 34.389643, 41.9521409 ], [ 34.3900977, 41.9523816 ], [ 34.3902464, 41.9525117 ], [ 34.3907274, 41.952206 ], [ 34.3911297, 41.9520889 ], [ 34.3918993, 41.9520824 ], [ 34.3925115, 41.9522385 ], [ 34.3928996, 41.9522146 ], [ 34.393578, 41.952257 ], [ 34.394959, 41.952497 ], [ 34.395652, 41.952745 ], [ 34.396002, 41.952998 ], [ 34.396695, 41.953246 ], [ 34.397157, 41.9535585 ], [ 34.3973771, 41.9537883 ], [ 34.3982443, 41.9546527 ], [ 34.398627, 41.955148 ], [ 34.3989574, 41.9556167 ], [ 34.399157, 41.955783 ], [ 34.39985, 41.956031 ], [ 34.4007983, 41.9564074 ], [ 34.401237, 41.956527 ], [ 34.4021439, 41.9568738 ], [ 34.4031568, 41.9571853 ], [ 34.4035454, 41.9573395 ], [ 34.4042207, 41.9576354 ], [ 34.4046397, 41.9579035 ], [ 34.4050187, 41.9581051 ], [ 34.4057582, 41.9583846 ], [ 34.407083, 41.9586458 ], [ 34.40782, 41.958757 ], [ 34.4083757, 41.9589264 ], [ 34.4087701, 41.9589676 ], [ 34.4091596, 41.9589664 ], [ 34.4095397, 41.9588961 ], [ 34.4098741, 41.9588296 ], [ 34.4102022, 41.9588681 ], [ 34.4105482, 41.958922 ], [ 34.4116049, 41.9590164 ], [ 34.4130231, 41.9594276 ], [ 34.412411, 41.9609083 ], [ 34.4124573, 41.9610259 ], [ 34.4126075, 41.9610698 ], [ 34.4127738, 41.9610179 ], [ 34.4129026, 41.9608903 ], [ 34.4127524, 41.9607466 ], [ 34.4131602, 41.959719 ], [ 34.4133321, 41.9597663 ], [ 34.4157369, 41.960351 ], [ 34.4160491, 41.9605437 ], [ 34.4165712, 41.9610527 ], [ 34.4157696, 41.9617069 ], [ 34.4150896, 41.9620221 ], [ 34.4140881, 41.9620351 ], [ 34.4140291, 41.9621348 ], [ 34.4112825, 41.9615125 ], [ 34.4112021, 41.9612692 ], [ 34.4108266, 41.9611934 ], [ 34.4106013, 41.9612892 ], [ 34.4104403, 41.9615285 ], [ 34.4104886, 41.9617559 ], [ 34.4107085, 41.9619114 ], [ 34.413836, 41.9625497 ], [ 34.4143671, 41.9626733 ], [ 34.4149089, 41.9626254 ], [ 34.4155115, 41.9625173 ], [ 34.4160255, 41.9622907 ], [ 34.4167964, 41.9616913 ], [ 34.4170925, 41.9613966 ], [ 34.417503, 41.961205 ], [ 34.417847, 41.9612 ], [ 34.4182902, 41.9616561 ], [ 34.418549, 41.961834 ], [ 34.418895, 41.961957 ], [ 34.419245, 41.96221 ], [ 34.419594, 41.962462 ], [ 34.4201455, 41.9628054 ], [ 34.4204298, 41.9629407 ], [ 34.4206501, 41.9631369 ], [ 34.420817, 41.963346 ], [ 34.420651, 41.963605 ], [ 34.422024, 41.963459 ], [ 34.422362, 41.963198 ], [ 34.423044, 41.962933 ], [ 34.426136, 41.962767 ], [ 34.426147, 41.96328 ], [ 34.42752, 41.963134 ], [ 34.428204, 41.962998 ], [ 34.428216, 41.963511 ], [ 34.428562, 41.963634 ], [ 34.428912, 41.963887 ], [ 34.4291307, 41.9639046 ], [ 34.43029, 41.963998 ], [ 34.430302, 41.964512 ], [ 34.431333, 41.964499 ], [ 34.431345, 41.965012 ], [ 34.432385, 41.965383 ], [ 34.4329275, 41.9654572 ], [ 34.43411, 41.965619 ], [ 34.4349524, 41.9659205 ], [ 34.435496, 41.966115 ], [ 34.437213, 41.965965 ], [ 34.4379291, 41.9656688 ], [ 34.4382371, 41.9651642 ], [ 34.4380635, 41.9641381 ], [ 34.4384485, 41.9636013 ], [ 34.439218, 41.963373 ], [ 34.4397192, 41.9631139 ], [ 34.4403646, 41.9629911 ], [ 34.440588, 41.9631 ], [ 34.440932, 41.963095 ], [ 34.4413672, 41.9628964 ], [ 34.4418489, 41.9627136 ], [ 34.44417, 41.9627953 ], [ 34.445398, 41.96291 ], [ 34.446092, 41.963158 ], [ 34.4462994, 41.9633785 ], [ 34.4465727, 41.9634619 ], [ 34.446788, 41.963535 ], [ 34.4471587, 41.9638231 ], [ 34.4474689, 41.9639752 ], [ 34.4477137, 41.9639965 ], [ 34.447831, 41.964035 ], [ 34.448178, 41.964159 ], [ 34.448527, 41.964411 ], [ 34.449221, 41.964659 ], [ 34.44992, 41.965163 ], [ 34.451639, 41.965142 ], [ 34.45233, 41.965262 ], [ 34.4525145, 41.9652229 ], [ 34.452656, 41.9651834 ], [ 34.4528952, 41.9652802 ], [ 34.4530846, 41.9652741 ], [ 34.453362, 41.965249 ], [ 34.453708, 41.965372 ], [ 34.454396, 41.965363 ], [ 34.4572515, 41.9649381 ], [ 34.458166, 41.964802 ], [ 34.45851, 41.964798 ], [ 34.4596112, 41.9649204 ], [ 34.460579, 41.965028 ], [ 34.460929, 41.96528 ], [ 34.465742, 41.965219 ], [ 34.46678, 41.965462 ], [ 34.467129, 41.965715 ], [ 34.4683212, 41.9663013 ], [ 34.468655, 41.9664799 ], [ 34.469052, 41.9666414 ], [ 34.4694865, 41.9666369 ], [ 34.4707389, 41.966551 ], [ 34.4719605, 41.9665722 ], [ 34.4725243, 41.9662989 ], [ 34.4733587, 41.9659634 ], [ 34.4738771, 41.9657489 ], [ 34.4744965, 41.9656384 ], [ 34.4757958, 41.9657278 ], [ 34.476419, 41.965852 ], [ 34.4767565, 41.9659314 ], [ 34.4771215, 41.9660173 ], [ 34.477456, 41.966096 ], [ 34.4775203, 41.9661423 ], [ 34.477806, 41.966348 ], [ 34.4820192, 41.9694579 ], [ 34.4819176, 41.9696393 ], [ 34.4819948, 41.9698448 ], [ 34.4810029, 41.9700594 ], [ 34.4825396, 41.9702529 ], [ 34.4846536, 41.9708514 ], [ 34.4850358, 41.9712322 ], [ 34.4853976, 41.9715828 ], [ 34.4856334, 41.9719365 ], [ 34.486032, 41.972531 ], [ 34.487081, 41.973287 ], [ 34.487437, 41.973796 ], [ 34.4885413, 41.9750406 ], [ 34.4887908, 41.9753402 ], [ 34.489204, 41.975826 ], [ 34.4895044, 41.9764416 ], [ 34.4901481, 41.9765532 ], [ 34.4912049, 41.9762103 ], [ 34.4917842, 41.9762023 ], [ 34.4926157, 41.9759909 ], [ 34.4935, 41.975642 ], [ 34.494445, 41.9753608 ], [ 34.4947668, 41.9751534 ], [ 34.4950082, 41.9749779 ], [ 34.4954374, 41.9748264 ], [ 34.4959846, 41.9745831 ], [ 34.4969072, 41.9742641 ], [ 34.49739, 41.9740009 ], [ 34.4978514, 41.9737775 ], [ 34.4983127, 41.9735223 ], [ 34.4988438, 41.9733308 ], [ 34.4998738, 41.9728004 ], [ 34.5001098, 41.9724973 ], [ 34.500469, 41.9722547 ], [ 34.500806, 41.971825 ], [ 34.5010261, 41.9716607 ], [ 34.5012568, 41.9715171 ], [ 34.501415, 41.9713456 ], [ 34.5015304, 41.9710565 ], [ 34.501801, 41.970272 ], [ 34.5019515, 41.9700756 ], [ 34.5019834, 41.9697098 ], [ 34.5020907, 41.9693544 ], [ 34.5020288, 41.9690637 ], [ 34.5022022, 41.968886 ], [ 34.5023845, 41.9687856 ], [ 34.5026468, 41.9686326 ], [ 34.5029549, 41.9684757 ], [ 34.5031275, 41.9684104 ], [ 34.5032646, 41.9683944 ], [ 34.5034602, 41.9683062 ], [ 34.5036697, 41.9682638 ], [ 34.503944, 41.9681619 ], [ 34.5041304, 41.9680462 ], [ 34.5044739, 41.9679488 ], [ 34.5047882, 41.9677552 ], [ 34.5050855, 41.9677278 ], [ 34.5052272, 41.9676075 ], [ 34.5055985, 41.9675181 ], [ 34.5057926, 41.9673864 ], [ 34.50603, 41.967264 ], [ 34.5068817, 41.9669523 ], [ 34.5071914, 41.966832 ], [ 34.5075288, 41.9666957 ], [ 34.508075, 41.966468 ], [ 34.5088875, 41.9662066 ], [ 34.509003, 41.9660646 ], [ 34.5089368, 41.9659042 ], [ 34.5088521, 41.9658114 ], [ 34.5086854, 41.9657992 ], [ 34.508564, 41.965816 ], [ 34.5084293, 41.9658718 ], [ 34.5083643, 41.9661045 ], [ 34.5076853, 41.966369 ], [ 34.5068208, 41.9667148 ], [ 34.5059894, 41.9670353 ], [ 34.505217, 41.9673481 ], [ 34.5043917, 41.9676927 ], [ 34.5037595, 41.9679315 ], [ 34.5032981, 41.9681144 ], [ 34.5029667, 41.9682398 ], [ 34.5027112, 41.9683359 ], [ 34.5025765, 41.9683003 ], [ 34.5024647, 41.9682474 ], [ 34.5023579, 41.968179 ], [ 34.5023164, 41.9681052 ], [ 34.5023204, 41.9680205 ], [ 34.5023913, 41.9679878 ], [ 34.5020579, 41.9674629 ], [ 34.5012938, 41.9662831 ], [ 34.5010535, 41.9663702 ], [ 34.5008418, 41.9663637 ], [ 34.5006774, 41.9663281 ], [ 34.5006284, 41.9663038 ], [ 34.5004439, 41.9661579 ], [ 34.4999916, 41.9661463 ], [ 34.4997521, 41.9660802 ], [ 34.4992642, 41.9658595 ], [ 34.4992073, 41.9656691 ], [ 34.4993943, 41.9651492 ], [ 34.4995163, 41.964865 ], [ 34.4997012, 41.9648091 ], [ 34.5000407, 41.964738 ], [ 34.5001932, 41.9646534 ], [ 34.5002399, 41.9644811 ], [ 34.5000671, 41.9643345 ], [ 34.5000183, 41.9641682 ], [ 34.4998781, 41.9639853 ], [ 34.4998354, 41.9638281 ], [ 34.4999065, 41.9635772 ], [ 34.4999533, 41.9634095 ], [ 34.5002033, 41.9628411 ], [ 34.5006583, 41.9624802 ], [ 34.500921, 41.96207 ], [ 34.5011819, 41.9618264 ], [ 34.5013066, 41.9615562 ], [ 34.5015869, 41.961252 ], [ 34.5019265, 41.9611218 ], [ 34.5022778, 41.9610759 ], [ 34.5026382, 41.9610782 ], [ 34.5029864, 41.9611286 ], [ 34.503138, 41.961271 ], [ 34.5033346, 41.9614196 ], [ 34.5034937, 41.9615881 ], [ 34.5035124, 41.9617456 ], [ 34.5037377, 41.961957 ], [ 34.5043573, 41.9625454 ], [ 34.5047704, 41.9630041 ], [ 34.5050869, 41.9633332 ], [ 34.5053417, 41.9635286 ], [ 34.505495, 41.964151 ], [ 34.5055482, 41.9643204 ], [ 34.5055429, 41.964486 ], [ 34.5055553, 41.9645666 ], [ 34.5056126, 41.9646256 ], [ 34.5056894, 41.964652 ], [ 34.5057735, 41.9646575 ], [ 34.5058825, 41.9646195 ], [ 34.5059425, 41.9645617 ], [ 34.505913, 41.9644341 ], [ 34.5058272, 41.9642426 ], [ 34.505726, 41.963972 ], [ 34.5056019, 41.9635326 ], [ 34.5052693, 41.96303 ], [ 34.5049367, 41.9627209 ], [ 34.5045424, 41.96232 ], [ 34.50425, 41.9620089 ], [ 34.5037538, 41.9615302 ], [ 34.5034078, 41.9611732 ], [ 34.5032013, 41.9609478 ], [ 34.5031584, 41.9608082 ], [ 34.5034132, 41.9606806 ], [ 34.5039443, 41.9605828 ], [ 34.5043359, 41.960166 ], [ 34.5047865, 41.9599167 ], [ 34.5058348, 41.9596767 ], [ 34.50619, 41.959434 ], [ 34.5065148, 41.9590563 ], [ 34.5068161, 41.9588409 ], [ 34.5072583, 41.958633 ], [ 34.5079879, 41.9583298 ], [ 34.5090018, 41.9583896 ], [ 34.5093591, 41.9584232 ], [ 34.5099597, 41.958261 ], [ 34.5106344, 41.9580548 ], [ 34.5111551, 41.9576859 ], [ 34.51867, 41.956446 ], [ 34.519008, 41.956185 ], [ 34.519168, 41.955669 ], [ 34.519509, 41.955536 ], [ 34.519847, 41.955275 ], [ 34.520528, 41.955009 ], [ 34.521553, 41.954739 ], [ 34.526707, 41.954543 ], [ 34.526713, 41.954799 ], [ 34.524653, 41.954954 ], [ 34.524484, 41.955085 ], [ 34.524325, 41.955601 ], [ 34.524666, 41.955468 ], [ 34.526722, 41.955184 ], [ 34.528432, 41.954776 ], [ 34.52842, 41.954263 ], [ 34.529104, 41.954125 ], [ 34.530454, 41.95308 ], [ 34.53148, 41.95281 ], [ 34.532508, 41.952668 ], [ 34.532496, 41.952155 ], [ 34.533536, 41.952526 ], [ 34.53457, 41.952641 ], [ 34.534558, 41.952128 ], [ 34.534905, 41.952251 ], [ 34.536967, 41.952223 ], [ 34.537317, 41.952475 ], [ 34.537664, 41.952599 ], [ 34.537652, 41.952086 ], [ 34.537992, 41.951953 ], [ 34.538336, 41.951948 ], [ 34.538683, 41.952073 ], [ 34.538842, 41.951557 ], [ 34.539179, 41.951296 ], [ 34.53934, 41.95078 ], [ 34.540033, 41.951028 ], [ 34.540198, 41.950769 ], [ 34.540352, 41.949997 ], [ 34.540699, 41.95012 ], [ 34.541049, 41.950372 ], [ 34.541737, 41.950363 ], [ 34.542421, 41.950226 ], [ 34.542408, 41.949712 ], [ 34.54448, 41.950069 ], [ 34.544827, 41.950193 ], [ 34.544992, 41.949934 ], [ 34.54514, 41.948906 ], [ 34.546512, 41.948758 ], [ 34.54823, 41.948735 ], [ 34.548911, 41.948469 ], [ 34.549249, 41.948208 ], [ 34.549937, 41.948199 ], [ 34.5507366, 41.9482444 ], [ 34.5511912, 41.9483336 ], [ 34.5516838, 41.9486013 ], [ 34.5515133, 41.9489254 ], [ 34.5516901, 41.9493622 ], [ 34.5526184, 41.9491884 ], [ 34.5528458, 41.9489207 ], [ 34.5540141, 41.9488033 ], [ 34.5563443, 41.9485262 ], [ 34.5568748, 41.9484181 ], [ 34.5571148, 41.9482491 ], [ 34.5570453, 41.947986 ], [ 34.5566727, 41.9475445 ], [ 34.5567548, 41.9473801 ], [ 34.5568622, 41.9471265 ], [ 34.5573042, 41.9468635 ], [ 34.5579484, 41.946685 ], [ 34.5590219, 41.9466239 ], [ 34.5600071, 41.9464783 ], [ 34.5609859, 41.9465206 ], [ 34.56163, 41.9466615 ], [ 34.5621668, 41.9469011 ], [ 34.5625394, 41.9473473 ], [ 34.5625583, 41.9474976 ], [ 34.5622805, 41.9476666 ], [ 34.5620658, 41.9478404 ], [ 34.5616553, 41.947878 ], [ 34.5615164, 41.9479344 ], [ 34.5615985, 41.9480283 ], [ 34.5619774, 41.9480471 ], [ 34.5625394, 41.9482162 ], [ 34.5631393, 41.9479954 ], [ 34.5635688, 41.9479719 ], [ 34.563815, 41.9478592 ], [ 34.5639666, 41.9476197 ], [ 34.5643771, 41.9475727 ], [ 34.5661706, 41.9480471 ], [ 34.5664547, 41.9483054 ], [ 34.5664547, 41.948559 ], [ 34.5660885, 41.948761 ], [ 34.5665116, 41.9488127 ], [ 34.5667452, 41.948714 ], [ 34.5671999, 41.9486154 ], [ 34.5677304, 41.9484369 ], [ 34.5686903, 41.9484228 ], [ 34.5693912, 41.9482678 ], [ 34.5696565, 41.9483195 ], [ 34.5706606, 41.9479954 ], [ 34.5712731, 41.9479625 ], [ 34.5720688, 41.9479297 ], [ 34.5726119, 41.947662 ], [ 34.5734897, 41.9476807 ], [ 34.574437, 41.947568 ], [ 34.5747275, 41.9473848 ], [ 34.5753084, 41.947305 ], [ 34.5762557, 41.9471171 ], [ 34.5767925, 41.9471688 ], [ 34.5769032, 41.947149 ], [ 34.5772914, 41.9470795 ], [ 34.5779039, 41.9470748 ], [ 34.5781927, 41.9472834 ], [ 34.5783002, 41.947397 ], [ 34.5784163, 41.9473821 ], [ 34.5786095, 41.9472105 ], [ 34.5789222, 41.9471477 ], [ 34.5794195, 41.947197 ], [ 34.5797467, 41.9474499 ], [ 34.5798363, 41.9474611 ], [ 34.580031, 41.9473622 ], [ 34.5802757, 41.9473177 ], [ 34.5806587, 41.947422 ], [ 34.5812825, 41.9473895 ], [ 34.5816866, 41.9474694 ], [ 34.5817394, 41.947658 ], [ 34.5818005, 41.9477274 ], [ 34.5818843, 41.9477466 ], [ 34.5821287, 41.9477324 ], [ 34.5823308, 41.9477324 ], [ 34.582817, 41.9478592 ], [ 34.5836696, 41.9481739 ], [ 34.5848947, 41.9487234 ], [ 34.5861261, 41.949118 ], [ 34.5873323, 41.9492448 ], [ 34.5897383, 41.9495548 ], [ 34.5899011, 41.9496931 ], [ 34.5899445, 41.9506976 ], [ 34.5900828, 41.9507848 ], [ 34.5902094, 41.9507018 ], [ 34.5902303, 41.9496369 ], [ 34.5906465, 41.9493731 ], [ 34.5908135, 41.9492014 ], [ 34.5908308, 41.9489818 ], [ 34.5907361, 41.9487939 ], [ 34.5907249, 41.9483655 ], [ 34.5908651, 41.9478801 ], [ 34.5909144, 41.9476798 ], [ 34.5911971, 41.94777 ], [ 34.5913042, 41.9477872 ], [ 34.5916961, 41.9477217 ], [ 34.5916632, 41.9483921 ], [ 34.5917523, 41.948591 ], [ 34.5917633, 41.9488642 ], [ 34.5919748, 41.9492081 ], [ 34.5920484, 41.949416 ], [ 34.5923605, 41.9495592 ], [ 34.5923956, 41.950627 ], [ 34.5925107, 41.9507185 ], [ 34.5926415, 41.9506557 ], [ 34.5926964, 41.9496443 ], [ 34.5935968, 41.9495595 ], [ 34.594923, 41.9493763 ], [ 34.5951222, 41.9492902 ], [ 34.5953524, 41.9492542 ], [ 34.5957124, 41.9491602 ], [ 34.596426, 41.9490851 ], [ 34.5972911, 41.9489019 ], [ 34.5984089, 41.9484745 ], [ 34.5992109, 41.9479438 ], [ 34.5997793, 41.9473332 ], [ 34.6002529, 41.9470044 ], [ 34.6006129, 41.9468353 ], [ 34.6014434, 41.9466986 ], [ 34.6020508, 41.9466027 ], [ 34.6023053, 41.946577 ], [ 34.6031894, 41.9466286 ], [ 34.6040041, 41.9469058 ], [ 34.6041935, 41.9468682 ], [ 34.6042124, 41.9467789 ], [ 34.6040925, 41.9466521 ], [ 34.6038904, 41.9466239 ], [ 34.6033157, 41.9464595 ], [ 34.6032715, 41.9463233 ], [ 34.6025263, 41.946328 ], [ 34.6023558, 41.9462388 ], [ 34.6019423, 41.9459346 ], [ 34.6019297, 41.9457416 ], [ 34.6021131, 41.9455161 ], [ 34.602388, 41.9454847 ], [ 34.6032636, 41.9451922 ], [ 34.6041057, 41.9451862 ], [ 34.6043196, 41.9453392 ], [ 34.6043388, 41.9455293 ], [ 34.6041746, 41.945736 ], [ 34.6041999, 41.945797 ], [ 34.6042946, 41.9458205 ], [ 34.6044146, 41.9457078 ], [ 34.6045093, 41.945379 ], [ 34.6047268, 41.9452596 ], [ 34.6065437, 41.9449627 ], [ 34.6071777, 41.9447222 ], [ 34.6081723, 41.9444618 ], [ 34.6086086, 41.9443212 ], [ 34.6094774, 41.9440837 ], [ 34.6100483, 41.9438776 ], [ 34.6110536, 41.943677 ], [ 34.6118183, 41.9434924 ], [ 34.6130318, 41.9432642 ], [ 34.6135906, 41.9431121 ], [ 34.614134, 41.9429884 ], [ 34.6147344, 41.9429116 ], [ 34.6155634, 41.9426839 ], [ 34.6187197, 41.9423165 ], [ 34.6203177, 41.9422124 ], [ 34.6208973, 41.9421579 ], [ 34.6226382, 41.9422648 ], [ 34.6233554, 41.9422133 ], [ 34.6239841, 41.9422339 ], [ 34.6251354, 41.9422431 ], [ 34.6268311, 41.942315 ], [ 34.6279602, 41.9423387 ], [ 34.6288303, 41.9422089 ], [ 34.6295846, 41.9421518 ], [ 34.6307315, 41.942132 ], [ 34.6312447, 41.9421507 ], [ 34.6318703, 41.9421798 ], [ 34.6323267, 41.942098 ], [ 34.6327736, 41.9421265 ], [ 34.6334829, 41.9420732 ], [ 34.6342956, 41.9421256 ], [ 34.6362254, 41.9420725 ], [ 34.637109, 41.941855 ], [ 34.637452, 41.94185 ], [ 34.63814, 41.94184 ], [ 34.639521, 41.942077 ], [ 34.639865, 41.942072 ], [ 34.642607, 41.941776 ], [ 34.643288, 41.94151 ], [ 34.648443, 41.941436 ], [ 34.649131, 41.941426 ], [ 34.649474, 41.941421 ], [ 34.650512, 41.941663 ], [ 34.651893, 41.9419 ], [ 34.6529885, 41.9420012 ], [ 34.6535212, 41.9418975 ], [ 34.6542341, 41.9421072 ], [ 34.6549557, 41.9420584 ], [ 34.6563674, 41.9421595 ], [ 34.6567611, 41.9419778 ], [ 34.6571529, 41.9418807 ], [ 34.657722, 41.941302 ], [ 34.658403, 41.941036 ], [ 34.6590833, 41.9410785 ], [ 34.6600102, 41.9411512 ], [ 34.6617243, 41.9414783 ], [ 34.6626241, 41.9414633 ], [ 34.6635635, 41.9415509 ], [ 34.6652476, 41.9416878 ], [ 34.6666919, 41.9419231 ], [ 34.6677633, 41.9421408 ], [ 34.6684056, 41.9421383 ], [ 34.6692937, 41.942321 ], [ 34.6709609, 41.9425137 ], [ 34.6730178, 41.942759 ], [ 34.6749455, 41.9431061 ], [ 34.6766894, 41.9432845 ], [ 34.6783134, 41.943464 ], [ 34.6796667, 41.9435573 ], [ 34.680815, 41.9438268 ], [ 34.6813679, 41.9438901 ], [ 34.6820945, 41.9440954 ], [ 34.6830947, 41.9442631 ], [ 34.6839805, 41.9445401 ], [ 34.6846458, 41.9447686 ], [ 34.6852784, 41.9449145 ], [ 34.6861642, 41.945169 ], [ 34.686589, 41.9452616 ], [ 34.6879273, 41.9458322 ], [ 34.6884302, 41.9457879 ], [ 34.6898726, 41.9459673 ], [ 34.691062, 41.9461933 ], [ 34.6920493, 41.9463542 ], [ 34.692582, 41.946441 ], [ 34.694647, 41.946539 ], [ 34.694812, 41.94628 ], [ 34.695149, 41.946018 ], [ 34.695308, 41.945503 ], [ 34.695648, 41.945369 ], [ 34.696332, 41.945231 ], [ 34.696483, 41.944458 ], [ 34.6969144, 41.9440327 ], [ 34.6974197, 41.943819 ], [ 34.6981801, 41.9436649 ], [ 34.6996318, 41.9435486 ], [ 34.7014813, 41.9434958 ], [ 34.703382, 41.9434564 ], [ 34.7044798, 41.9435943 ], [ 34.7056787, 41.9436874 ], [ 34.7071133, 41.9439201 ], [ 34.7082405, 41.944104 ], [ 34.7092902, 41.9440814 ], [ 34.7100845, 41.943975 ], [ 34.7112593, 41.9440032 ], [ 34.7121798, 41.9438149 ], [ 34.7127328, 41.9438049 ], [ 34.7140077, 41.9441937 ], [ 34.7142391, 41.944197 ], [ 34.7144795, 41.9439682 ], [ 34.7152, 41.943667 ], [ 34.7152803, 41.9435383 ], [ 34.7156283, 41.9434392 ], [ 34.716908, 41.9433528 ], [ 34.7173252, 41.9433478 ], [ 34.7179471, 41.9433741 ], [ 34.7186517, 41.9434429 ], [ 34.7194051, 41.9435843 ], [ 34.7199116, 41.9436573 ], [ 34.720358, 41.943718 ], [ 34.7214202, 41.9439084 ], [ 34.722771, 41.943938 ], [ 34.723115, 41.943933 ], [ 34.723458, 41.943928 ], [ 34.725184, 41.944159 ], [ 34.725871, 41.944148 ], [ 34.726215, 41.944143 ], [ 34.727253, 41.944384 ], [ 34.728978, 41.944615 ], [ 34.729329, 41.944866 ], [ 34.73071, 41.945102 ], [ 34.733119, 41.945194 ], [ 34.733133, 41.945708 ], [ 34.73348, 41.94583 ], [ 34.735206, 41.946061 ], [ 34.735556, 41.946312 ], [ 34.736938, 41.946548 ], [ 34.737633, 41.946794 ], [ 34.738327, 41.94704 ], [ 34.739709, 41.947276 ], [ 34.740059, 41.947527 ], [ 34.741441, 41.947763 ], [ 34.741792, 41.948015 ], [ 34.742479, 41.948004 ], [ 34.742823, 41.947999 ], [ 34.743173, 41.94825 ], [ 34.743524, 41.948502 ], [ 34.744215, 41.94862 ], [ 34.744229, 41.949133 ], [ 34.744913, 41.948994 ], [ 34.745253, 41.948861 ], [ 34.745267, 41.949374 ], [ 34.745614, 41.949497 ], [ 34.745965, 41.949748 ], [ 34.746309, 41.949743 ], [ 34.746652, 41.949737 ], [ 34.747347, 41.949984 ], [ 34.748041, 41.95023 ], [ 34.748385, 41.950225 ], [ 34.748729, 41.950219 ], [ 34.749079, 41.950471 ], [ 34.749774, 41.950717 ], [ 34.751843, 41.950942 ], [ 34.752187, 41.950937 ], [ 34.753218, 41.950921 ], [ 34.7546, 41.951156 ], [ 34.75495, 41.951408 ], [ 34.755301, 41.951659 ], [ 34.755645, 41.951654 ], [ 34.756332, 41.951643 ], [ 34.757027, 41.951889 ], [ 34.757721, 41.952135 ], [ 34.758065, 41.95213 ], [ 34.758749, 41.951992 ], [ 34.758763, 41.952505 ], [ 34.759798, 41.952617 ], [ 34.760829, 41.952601 ], [ 34.76118, 41.952852 ], [ 34.7627096, 41.9529163 ], [ 34.7636145, 41.9530527 ], [ 34.7646971, 41.9533203 ], [ 34.7656174, 41.9535279 ], [ 34.7663197, 41.9533589 ], [ 34.7669258, 41.9529601 ], [ 34.7674981, 41.9528619 ], [ 34.7682881, 41.9529266 ], [ 34.768752, 41.953121 ], [ 34.7693192, 41.9535016 ], [ 34.7706233, 41.9532151 ], [ 34.7716464, 41.9528937 ], [ 34.7719903, 41.9524652 ], [ 34.7720868, 41.952094 ], [ 34.7722387, 41.952035 ], [ 34.7724669, 41.9519464 ], [ 34.772638, 41.9521164 ], [ 34.7732352, 41.9523434 ], [ 34.7738268, 41.9519651 ], [ 34.774212, 41.951625 ], [ 34.7743756, 41.9514819 ], [ 34.7749413, 41.9513012 ], [ 34.7775197, 41.9514124 ], [ 34.7779758, 41.9512759 ], [ 34.7790452, 41.9513283 ], [ 34.780399, 41.951529 ], [ 34.781781, 41.951764 ], [ 34.7827717, 41.9520515 ], [ 34.7830502, 41.9526948 ], [ 34.7833198, 41.9528785 ], [ 34.784219, 41.952882 ], [ 34.7845046, 41.9532805 ], [ 34.7846977, 41.953613 ], [ 34.7856491, 41.9539147 ], [ 34.7859942, 41.9536613 ], [ 34.7859993, 41.9533477 ], [ 34.7865102, 41.9532641 ], [ 34.7872807, 41.9533757 ], [ 34.787849, 41.953596 ], [ 34.788026, 41.953769 ], [ 34.7878412, 41.9540182 ], [ 34.788036, 41.954106 ], [ 34.788723, 41.954095 ], [ 34.7890091, 41.9546915 ], [ 34.788744, 41.9552219 ], [ 34.7892097, 41.9554179 ], [ 34.7901764, 41.9556632 ], [ 34.7906419, 41.9558916 ], [ 34.791183, 41.955982 ], [ 34.79187, 41.955971 ], [ 34.793242, 41.955822 ], [ 34.793406, 41.955562 ], [ 34.793742, 41.9553 ], [ 34.7938593, 41.9551153 ], [ 34.794071, 41.954782 ], [ 34.7945107, 41.9546296 ], [ 34.7955095, 41.9546045 ], [ 34.7962522, 41.9546646 ], [ 34.7967386, 41.9547802 ], [ 34.7975603, 41.9546576 ], [ 34.7985279, 41.954682 ], [ 34.799403, 41.954826 ], [ 34.800442, 41.955067 ], [ 34.802526, 41.955804 ], [ 34.8030861, 41.9562045 ], [ 34.803228, 41.956306 ], [ 34.8041921, 41.9567211 ], [ 34.805319, 41.9573 ], [ 34.806014, 41.957546 ], [ 34.806716, 41.958048 ], [ 34.808105, 41.95854 ], [ 34.808456, 41.958791 ], [ 34.809494, 41.959031 ], [ 34.809845, 41.959282 ], [ 34.81193, 41.960019 ], [ 34.8123782, 41.960387 ], [ 34.812691, 41.960526 ], [ 34.813039, 41.960641 ], [ 34.8137845, 41.9610517 ], [ 34.8140559, 41.9613057 ], [ 34.8145138, 41.9615389 ], [ 34.814731, 41.961772 ], [ 34.815082, 41.962023 ], [ 34.815776, 41.962269 ], [ 34.8163533, 41.9627491 ], [ 34.817192, 41.963659 ], [ 34.817883, 41.963775 ], [ 34.81823, 41.963899 ], [ 34.8183802, 41.9638384 ], [ 34.818914, 41.963759 ], [ 34.819265, 41.96401 ], [ 34.820304, 41.96425 ], [ 34.820998, 41.964496 ], [ 34.82135, 41.964747 ], [ 34.822044, 41.964993 ], [ 34.822732, 41.964982 ], [ 34.823785, 41.965735 ], [ 34.825168, 41.96597 ], [ 34.82587, 41.966472 ], [ 34.826565, 41.966718 ], [ 34.826916, 41.966969 ], [ 34.827607, 41.967087 ], [ 34.8278635, 41.9673606 ], [ 34.828664, 41.967968 ], [ 34.831824, 41.970228 ], [ 34.832519, 41.970473 ], [ 34.8339585, 41.9713659 ], [ 34.834592, 41.9716976 ], [ 34.834794, 41.971849 ], [ 34.835111, 41.9717997 ], [ 34.8353598, 41.971982 ], [ 34.835424, 41.9724305 ], [ 34.835956, 41.9725791 ], [ 34.836353, 41.9728643 ], [ 34.836795, 41.9731264 ], [ 34.838154, 41.9741475 ], [ 34.838822, 41.974351 ], [ 34.839001, 41.974605 ], [ 34.840054, 41.975358 ], [ 34.840241, 41.975868 ], [ 34.841273, 41.975852 ], [ 34.841288, 41.976365 ], [ 34.841635, 41.976487 ], [ 34.842689, 41.977241 ], [ 34.84338, 41.977358 ], [ 34.843395, 41.977871 ], [ 34.843743, 41.977994 ], [ 34.844445, 41.978496 ], [ 34.845133, 41.978485 ], [ 34.845473, 41.978351 ], [ 34.845846, 41.979372 ], [ 34.846194, 41.979494 ], [ 34.846896, 41.979996 ], [ 34.847591, 41.980242 ], [ 34.848997, 41.981246 ], [ 34.849692, 41.981491 ], [ 34.851799, 41.982997 ], [ 34.852495, 41.983243 ], [ 34.8556861, 41.9854021 ], [ 34.856581, 41.9859178 ], [ 34.856878, 41.986124 ], [ 34.8581783, 41.9869878 ], [ 34.8589886, 41.9875467 ], [ 34.860321, 41.988383 ], [ 34.8609622, 41.9888926 ], [ 34.8613102, 41.9893426 ], [ 34.8620555, 41.9899011 ], [ 34.8627192, 41.9904666 ], [ 34.863035, 41.990773 ], [ 34.8634149, 41.9910455 ], [ 34.8640177, 41.9915228 ], [ 34.8643612, 41.9917537 ], [ 34.8647038, 41.9919527 ], [ 34.865664, 41.992572 ], [ 34.8663486, 41.9928988 ], [ 34.8669604, 41.9932096 ], [ 34.86788, 41.9938408 ], [ 34.8685934, 41.9942488 ], [ 34.8697054, 41.9950244 ], [ 34.870048, 41.995279 ], [ 34.8714831, 41.996218 ], [ 34.872202, 41.9967865 ], [ 34.8726676, 41.9971002 ], [ 34.8732805, 41.997448 ], [ 34.8741379, 41.9980364 ], [ 34.8748471, 41.9985218 ], [ 34.8751843, 41.9987965 ], [ 34.8755192, 41.9990675 ], [ 34.8761417, 41.9995296 ], [ 34.8769078, 42.0000347 ], [ 34.8775286, 42.0005056 ], [ 34.87778, 42.000799 ], [ 34.8783057, 42.0012279 ], [ 34.8786104, 42.001418 ], [ 34.8792769, 42.0019014 ], [ 34.8800734, 42.0023823 ], [ 34.880767, 42.002932 ], [ 34.882173, 42.003936 ], [ 34.8826125, 42.0044281 ], [ 34.882884, 42.004694 ], [ 34.8832966, 42.0051103 ], [ 34.8837823, 42.0056661 ], [ 34.884126, 42.005957 ], [ 34.8848233, 42.0065148 ], [ 34.8854606, 42.0069322 ], [ 34.8858274, 42.007241 ], [ 34.8863748, 42.0075676 ], [ 34.886766, 42.007967 ], [ 34.8876386, 42.008712 ], [ 34.8881049, 42.0090725 ], [ 34.8893434, 42.0100595 ], [ 34.8895196, 42.0102827 ], [ 34.8896995, 42.0103981 ], [ 34.8900676, 42.0106932 ], [ 34.8900998, 42.0108367 ], [ 34.8904599, 42.0110408 ], [ 34.8909179, 42.0114781 ], [ 34.891181, 42.011745 ], [ 34.891529, 42.011867 ], [ 34.8922576, 42.012255 ], [ 34.8926189, 42.0124652 ], [ 34.893454, 42.012991 ], [ 34.8937922, 42.0132778 ], [ 34.8942013, 42.0136574 ], [ 34.894509, 42.013743 ], [ 34.894861, 42.013994 ], [ 34.8951885, 42.0142579 ], [ 34.8958627, 42.0148103 ], [ 34.897155, 42.015881 ], [ 34.8977826, 42.0163647 ], [ 34.898033, 42.016509 ], [ 34.898385, 42.016759 ], [ 34.8988144, 42.0171863 ], [ 34.899261, 42.0175489 ], [ 34.8996917, 42.0179244 ], [ 34.899975, 42.018144 ], [ 34.900327, 42.018395 ], [ 34.901206, 42.019023 ], [ 34.9016991, 42.0194901 ], [ 34.9022426, 42.0200013 ], [ 34.9028591, 42.0205959 ], [ 34.9036232, 42.0213507 ], [ 34.903839, 42.021563 ], [ 34.9040374, 42.0216342 ], [ 34.9043184, 42.0218608 ], [ 34.9046644, 42.0222404 ], [ 34.905097, 42.0225701 ], [ 34.905309, 42.0227912 ], [ 34.9055698, 42.0230285 ], [ 34.9064406, 42.0237878 ], [ 34.9067706, 42.0239529 ], [ 34.9069985, 42.0241376 ], [ 34.9072966, 42.0244096 ], [ 34.9073989, 42.0246842 ], [ 34.9076879, 42.0248895 ], [ 34.9080181, 42.0251777 ], [ 34.9082051, 42.0253534 ], [ 34.9083665, 42.0255112 ], [ 34.9085038, 42.0257673 ], [ 34.9087436, 42.0260618 ], [ 34.9089493, 42.0263602 ], [ 34.9091874, 42.0264984 ], [ 34.9094097, 42.026668 ], [ 34.9096623, 42.026843 ], [ 34.9099334, 42.0270636 ], [ 34.9100954, 42.0274047 ], [ 34.9103413, 42.0277186 ], [ 34.9117663, 42.0292045 ], [ 34.9127071, 42.0303302 ], [ 34.9135462, 42.0309941 ], [ 34.9140236, 42.0314723 ], [ 34.9146204, 42.0321348 ], [ 34.915214, 42.0329362 ], [ 34.9162116, 42.0341143 ], [ 34.9165867, 42.0346297 ], [ 34.9165209, 42.0347934 ], [ 34.9166706, 42.0350691 ], [ 34.9169298, 42.035255 ], [ 34.9172675, 42.0353317 ], [ 34.9174587, 42.035629 ], [ 34.9176054, 42.0359587 ], [ 34.9180093, 42.0365187 ], [ 34.9186216, 42.0371108 ], [ 34.9193255, 42.0378958 ], [ 34.9196704, 42.0383119 ], [ 34.9198989, 42.0388016 ], [ 34.9200698, 42.0390865 ], [ 34.9202056, 42.0395145 ], [ 34.9201524, 42.0398629 ], [ 34.9200202, 42.0400873 ], [ 34.9197445, 42.0400738 ], [ 34.919443, 42.0401176 ], [ 34.919573, 42.040278 ], [ 34.919384, 42.040427 ], [ 34.9194686, 42.0404965 ], [ 34.9198242, 42.0404352 ], [ 34.9201385, 42.0404843 ], [ 34.9204323, 42.0407179 ], [ 34.9207366, 42.0409445 ], [ 34.9210099, 42.0411201 ], [ 34.9214912, 42.0415336 ], [ 34.9220075, 42.0420273 ], [ 34.9225343, 42.0425311 ], [ 34.9228599, 42.0428845 ], [ 34.9231389, 42.0429894 ], [ 34.923271, 42.043039 ], [ 34.9235164, 42.0432578 ], [ 34.9236917, 42.043546 ], [ 34.9239264, 42.0440466 ], [ 34.9246412, 42.044923 ], [ 34.924828, 42.0451198 ], [ 34.9250041, 42.0454297 ], [ 34.9250777, 42.0456794 ], [ 34.9249924, 42.0458527 ], [ 34.9242097, 42.0464215 ], [ 34.9239509, 42.0467068 ], [ 34.9238675, 42.0471808 ], [ 34.9239887, 42.0474491 ], [ 34.9243422, 42.0478337 ], [ 34.9246947, 42.0480504 ], [ 34.9254215, 42.0480719 ], [ 34.9259937, 42.0481823 ], [ 34.9271853, 42.0490441 ], [ 34.9273068, 42.0491319 ], [ 34.927595, 42.049383 ], [ 34.9278495, 42.0498314 ], [ 34.9279403, 42.0500814 ], [ 34.9284475, 42.0506701 ], [ 34.9290034, 42.0510977 ], [ 34.9292994, 42.0513597 ], [ 34.9297737, 42.0516693 ], [ 34.9300886, 42.0520565 ], [ 34.9305714, 42.0525174 ], [ 34.9311309, 42.0529189 ], [ 34.9315327, 42.0533702 ], [ 34.9319034, 42.0535976 ], [ 34.9323234, 42.054035 ], [ 34.9325096, 42.0543716 ], [ 34.9329135, 42.0548416 ], [ 34.9332826, 42.0550471 ], [ 34.9336425, 42.0552893 ], [ 34.9339236, 42.0554678 ], [ 34.9340518, 42.0555494 ], [ 34.9346371, 42.0562404 ], [ 34.9349876, 42.0564345 ], [ 34.9352093, 42.0568038 ], [ 34.9353467, 42.0569739 ], [ 34.9354948, 42.0571214 ], [ 34.9363666, 42.057994 ], [ 34.9370607, 42.0587983 ], [ 34.9370972, 42.0592041 ], [ 34.936856, 42.059494 ], [ 34.9365983, 42.0597928 ], [ 34.9369443, 42.0600389 ], [ 34.9375156, 42.0603277 ], [ 34.9381245, 42.0607466 ], [ 34.9383783, 42.0610656 ], [ 34.9384134, 42.0614402 ], [ 34.9385928, 42.0617296 ], [ 34.9386651, 42.0620063 ], [ 34.9387526, 42.0623387 ], [ 34.9386148, 42.0628145 ], [ 34.9385434, 42.0631843 ], [ 34.9386544, 42.0636496 ], [ 34.9388473, 42.0635239 ], [ 34.9391577, 42.0634281 ], [ 34.9395585, 42.063481 ], [ 34.9398364, 42.063375 ], [ 34.940024, 42.0635751 ], [ 34.9399343, 42.0638422 ], [ 34.9400391, 42.0640027 ], [ 34.9400247, 42.0642734 ], [ 34.9397904, 42.0643091 ], [ 34.9397246, 42.0644191 ], [ 34.9395129, 42.0644218 ], [ 34.93932, 42.0645868 ], [ 34.9391358, 42.0644851 ], [ 34.9387633, 42.0646104 ], [ 34.9389989, 42.0647053 ], [ 34.9389187, 42.0650265 ], [ 34.9390757, 42.0649845 ], [ 34.9391098, 42.0649126 ], [ 34.939203, 42.0648382 ], [ 34.9393108, 42.0648872 ], [ 34.9393045, 42.0650099 ], [ 34.939227, 42.0650925 ], [ 34.9390499, 42.0651222 ], [ 34.9390589, 42.0652571 ], [ 34.939278, 42.0654235 ], [ 34.9394037, 42.0653996 ], [ 34.9392996, 42.0651779 ], [ 34.9400268, 42.0657453 ], [ 34.9404829, 42.0656705 ], [ 34.940832, 42.0656985 ], [ 34.94134, 42.0656478 ], [ 34.9416521, 42.0657387 ], [ 34.9418511, 42.065793 ], [ 34.9419571, 42.0658549 ], [ 34.942016, 42.0660046 ], [ 34.9423426, 42.0663759 ], [ 34.9425888, 42.0667504 ], [ 34.9429955, 42.0672827 ], [ 34.9433639, 42.0675089 ], [ 34.9439017, 42.0681889 ], [ 34.9441371, 42.0683848 ], [ 34.9443774, 42.0686406 ], [ 34.944375, 42.068864 ], [ 34.945079, 42.069365 ], [ 34.945264, 42.0697056 ], [ 34.9452649, 42.0701039 ], [ 34.9451618, 42.0703269 ], [ 34.9450112, 42.0704939 ], [ 34.9447846, 42.070585 ], [ 34.9449389, 42.0706959 ], [ 34.9447704, 42.0708 ], [ 34.9449874, 42.0707899 ], [ 34.9451919, 42.070928 ], [ 34.9454295, 42.0708699 ], [ 34.9455953, 42.0708294 ], [ 34.945988, 42.07089 ], [ 34.9461365, 42.070977 ], [ 34.9461644, 42.0711698 ], [ 34.9464267, 42.0714297 ], [ 34.9468221, 42.0718126 ], [ 34.9470649, 42.0719128 ], [ 34.9472312, 42.0720521 ], [ 34.9472497, 42.0721914 ], [ 34.9475129, 42.0723254 ], [ 34.9476982, 42.0725697 ], [ 34.9478851, 42.0728312 ], [ 34.9480914, 42.0729441 ], [ 34.9484265, 42.073158 ], [ 34.948648, 42.073411 ], [ 34.9487016, 42.0734963 ], [ 34.9492669, 42.0743967 ], [ 34.9493267, 42.0744919 ], [ 34.9494578, 42.0747487 ], [ 34.9495612, 42.0750149 ], [ 34.949586, 42.075212 ], [ 34.9495325, 42.0753836 ], [ 34.9495443, 42.0754884 ], [ 34.9496076, 42.0756511 ], [ 34.9496718, 42.0758249 ], [ 34.9496932, 42.0759849 ], [ 34.9497152, 42.0761173 ], [ 34.9497188, 42.0762609 ], [ 34.9496627, 42.0764384 ], [ 34.9495047, 42.0765511 ], [ 34.9492107, 42.0765378 ], [ 34.9488974, 42.0765807 ], [ 34.9484191, 42.0766315 ], [ 34.9483918, 42.0766697 ], [ 34.948509, 42.0767487 ], [ 34.9486556, 42.0768468 ], [ 34.9486945, 42.0769609 ], [ 34.9486363, 42.0770597 ], [ 34.9484066, 42.0770364 ], [ 34.9482483, 42.0769096 ], [ 34.9480864, 42.0768591 ], [ 34.9480573, 42.0769593 ], [ 34.9479279, 42.0770233 ], [ 34.9478029, 42.0770972 ], [ 34.9477462, 42.0772193 ], [ 34.947724, 42.077386 ], [ 34.9476245, 42.0775859 ], [ 34.9475633, 42.077713 ], [ 34.9475243, 42.0778182 ], [ 34.9474653, 42.0779238 ], [ 34.9474127, 42.0780116 ], [ 34.9473459, 42.0780869 ], [ 34.9472649, 42.0781324 ], [ 34.9470972, 42.0781509 ], [ 34.9470781, 42.0782324 ], [ 34.9471368, 42.0783481 ], [ 34.9470002, 42.0784125 ], [ 34.9470032, 42.0785484 ], [ 34.9469012, 42.07858 ], [ 34.9467468, 42.0786215 ], [ 34.9466522, 42.0787062 ], [ 34.946667, 42.0788003 ], [ 34.9467804, 42.0789207 ], [ 34.9466193, 42.078992 ], [ 34.9465476, 42.0790682 ], [ 34.9465343, 42.0791815 ], [ 34.946647, 42.0792786 ], [ 34.9466207, 42.0794014 ], [ 34.9465736, 42.0794493 ], [ 34.9466278, 42.0795481 ], [ 34.9465603, 42.0795431 ], [ 34.9464403, 42.0794459 ], [ 34.946391, 42.0794982 ], [ 34.9464186, 42.0796734 ], [ 34.9463494, 42.0798305 ], [ 34.9461711, 42.0799016 ], [ 34.9460246, 42.0800067 ], [ 34.9460203, 42.0800725 ], [ 34.9460318, 42.0802008 ], [ 34.9459048, 42.0802734 ], [ 34.9459648, 42.0803834 ], [ 34.9460717, 42.0804738 ], [ 34.9463497, 42.0804996 ], [ 34.9464979, 42.0805977 ], [ 34.9465548, 42.0806376 ], [ 34.9465902, 42.0806707 ], [ 34.9466177, 42.0806949 ], [ 34.9466799, 42.0807307 ], [ 34.9467048, 42.0807826 ], [ 34.9467283, 42.0808326 ], [ 34.9467596, 42.0808718 ], [ 34.9467778, 42.0809074 ], [ 34.9468081, 42.0809366 ], [ 34.9468418, 42.0809651 ], [ 34.9469223, 42.0809905 ], [ 34.9469976, 42.0810001 ], [ 34.9470684, 42.081016 ], [ 34.947226, 42.0810558 ], [ 34.9473346, 42.081101 ], [ 34.9474069, 42.0811666 ], [ 34.9474467, 42.0811963 ], [ 34.9474736, 42.0812282 ], [ 34.9475249, 42.0813121 ], [ 34.947502, 42.0814193 ], [ 34.9474285, 42.0815305 ], [ 34.9472911, 42.0816031 ], [ 34.9471987, 42.0816496 ], [ 34.9470633, 42.0816386 ], [ 34.9469355, 42.0816283 ], [ 34.946869, 42.081662 ], [ 34.9469925, 42.0818338 ], [ 34.9470133, 42.0818921 ], [ 34.947026, 42.0819826 ], [ 34.9470466, 42.0820532 ], [ 34.9470827, 42.0821202 ], [ 34.9473324, 42.0822469 ], [ 34.9475358, 42.0822778 ], [ 34.9475219, 42.0823552 ], [ 34.947466, 42.0824417 ], [ 34.9473719, 42.0825466 ], [ 34.9473525, 42.0826383 ], [ 34.9473817, 42.0827246 ], [ 34.9473308, 42.0827835 ], [ 34.9472344, 42.0828447 ], [ 34.9471691, 42.0833074 ], [ 34.9470113, 42.0831405 ], [ 34.9469188, 42.0830841 ], [ 34.9468092, 42.0831288 ], [ 34.9468389, 42.0832237 ], [ 34.9470297, 42.083474 ], [ 34.9469199, 42.0834694 ], [ 34.9468025, 42.0833369 ], [ 34.9466667, 42.0832226 ], [ 34.9466235, 42.0832452 ], [ 34.9465984, 42.0832851 ], [ 34.946628, 42.0833411 ], [ 34.9467301, 42.0833855 ], [ 34.9468585, 42.0834515 ], [ 34.946845, 42.0834909 ], [ 34.9468483, 42.0835203 ], [ 34.9468524, 42.0835566 ], [ 34.9468733, 42.0835886 ], [ 34.9470783, 42.0836323 ], [ 34.9473415, 42.0836843 ], [ 34.9475768, 42.0837083 ], [ 34.9474725, 42.083867 ], [ 34.9475031, 42.0840001 ], [ 34.9478139, 42.0840225 ], [ 34.9479286, 42.0841546 ], [ 34.9479771, 42.0842896 ], [ 34.9479281, 42.0843874 ], [ 34.9478182, 42.0844649 ], [ 34.9477455, 42.0845961 ], [ 34.9477208, 42.0847163 ], [ 34.9477637, 42.0848297 ], [ 34.9477665, 42.084968 ], [ 34.9477864, 42.0851113 ], [ 34.9478614, 42.0852371 ], [ 34.9478879, 42.0853312 ], [ 34.9478779, 42.0854523 ], [ 34.9479597, 42.0855532 ], [ 34.9478326, 42.0857953 ], [ 34.9478272, 42.0859792 ], [ 34.9476499, 42.0862451 ], [ 34.9475362, 42.0865122 ], [ 34.9477356, 42.0866119 ], [ 34.9476843, 42.0866703 ], [ 34.9474911, 42.0866867 ], [ 34.9475335, 42.0868087 ], [ 34.9475302, 42.0869621 ], [ 34.9473827, 42.0870176 ], [ 34.9472787, 42.0869522 ], [ 34.9471799, 42.0869923 ], [ 34.9471746, 42.0871294 ], [ 34.9471533, 42.0872551 ], [ 34.9473708, 42.0871933 ], [ 34.947523, 42.087291 ], [ 34.9478384, 42.0873448 ], [ 34.9477096, 42.0874015 ], [ 34.9477533, 42.0874423 ], [ 34.9481762, 42.0875412 ], [ 34.9482077, 42.0876156 ], [ 34.9481653, 42.0876763 ], [ 34.9479828, 42.0877997 ], [ 34.9479243, 42.087908 ], [ 34.9479326, 42.0880594 ], [ 34.9479617, 42.0881206 ], [ 34.9481434, 42.0881312 ], [ 34.9481667, 42.0882267 ], [ 34.9481197, 42.0882944 ], [ 34.9481102, 42.088362 ], [ 34.9482184, 42.0884516 ], [ 34.9482549, 42.0886913 ], [ 34.9484607, 42.0889073 ], [ 34.9487571, 42.0889343 ], [ 34.9490062, 42.0888658 ], [ 34.9492959, 42.0888998 ], [ 34.9493971, 42.088958 ], [ 34.949472, 42.089054 ], [ 34.9495025, 42.0891971 ], [ 34.9494679, 42.089322 ], [ 34.9493718, 42.0893886 ], [ 34.9492432, 42.0894251 ], [ 34.9490754, 42.0895343 ], [ 34.9487973, 42.0897299 ], [ 34.9483736, 42.0898261 ], [ 34.94795, 42.089978 ], [ 34.947837, 42.0900719 ], [ 34.9478002, 42.0902181 ], [ 34.9476335, 42.0903022 ], [ 34.947448, 42.0905145 ], [ 34.9472947, 42.0905878 ], [ 34.9470575, 42.0906305 ], [ 34.9469031, 42.0907943 ], [ 34.9468679, 42.0907158 ], [ 34.9468536, 42.090608 ], [ 34.9466834, 42.0907602 ], [ 34.9465528, 42.090923 ], [ 34.946544, 42.0911452 ], [ 34.9465198, 42.0913204 ], [ 34.9463991, 42.0914956 ], [ 34.9459826, 42.0919606 ], [ 34.9458748, 42.0920761 ], [ 34.9460299, 42.0921295 ], [ 34.9461273, 42.0922463 ], [ 34.9460163, 42.0923803 ], [ 34.9459191, 42.0925591 ], [ 34.9457062, 42.0928026 ], [ 34.9453993, 42.0929056 ], [ 34.9452841, 42.092989 ], [ 34.9452547, 42.0931521 ], [ 34.9450133, 42.0929431 ], [ 34.944916, 42.0929817 ], [ 34.9448003, 42.0931912 ], [ 34.9442393, 42.0934087 ], [ 34.9434495, 42.0934089 ], [ 34.943229, 42.0933547 ], [ 34.9429258, 42.0933887 ], [ 34.942615, 42.0935142 ], [ 34.9424587, 42.0937806 ], [ 34.9424672, 42.094034 ], [ 34.9424738, 42.0942327 ], [ 34.9425271, 42.0944444 ], [ 34.9427082, 42.0946005 ], [ 34.9427483, 42.0948127 ], [ 34.942936, 42.095069 ], [ 34.9431409, 42.0948932 ], [ 34.943486, 42.0946679 ], [ 34.9438028, 42.0945019 ], [ 34.9440115, 42.0945491 ], [ 34.9441972, 42.0944563 ], [ 34.9442953, 42.0944481 ], [ 34.9443922, 42.0944745 ], [ 34.9444721, 42.0946126 ], [ 34.9443667, 42.0947646 ], [ 34.9444387, 42.094882 ], [ 34.9446297, 42.0949907 ], [ 34.94483, 42.095037 ], [ 34.9450232, 42.095287 ], [ 34.9450533, 42.0955412 ], [ 34.9449523, 42.0957189 ], [ 34.944861, 42.096063 ], [ 34.9447839, 42.0962435 ], [ 34.944525, 42.096325 ], [ 34.9439438, 42.096555 ], [ 34.9442448, 42.0965701 ], [ 34.9443425, 42.0966877 ], [ 34.9441442, 42.0969569 ], [ 34.9440769, 42.0973594 ], [ 34.9439273, 42.0977258 ], [ 34.9441555, 42.0976176 ], [ 34.9442789, 42.0975815 ], [ 34.9443275, 42.0979923 ], [ 34.944436, 42.0980451 ], [ 34.9445857, 42.0979146 ], [ 34.944754, 42.0976814 ], [ 34.9449448, 42.0976675 ], [ 34.945087, 42.0977397 ], [ 34.9452498, 42.0977122 ], [ 34.9452852, 42.0974011 ], [ 34.945491, 42.0972345 ], [ 34.945758, 42.097202 ], [ 34.9459871, 42.0972622 ], [ 34.946265, 42.097166 ], [ 34.946443, 42.097063 ], [ 34.9465256, 42.0968629 ], [ 34.9466969, 42.0967211 ], [ 34.9468742, 42.0964859 ], [ 34.9470629, 42.0962849 ], [ 34.9473508, 42.0962519 ], [ 34.9478306, 42.0965109 ], [ 34.9479709, 42.0968098 ], [ 34.9483851, 42.0971189 ], [ 34.9486826, 42.0973129 ], [ 34.9491954, 42.0974085 ], [ 34.9497313, 42.0974549 ], [ 34.9500426, 42.0974092 ], [ 34.9502156, 42.0971947 ], [ 34.9502651, 42.0968278 ], [ 34.9496234, 42.0960989 ], [ 34.9491972, 42.0958635 ], [ 34.9490658, 42.0956592 ], [ 34.9491784, 42.0955634 ], [ 34.9493549, 42.0955892 ], [ 34.9495665, 42.0957172 ], [ 34.9495855, 42.0959031 ], [ 34.9498434, 42.0961091 ], [ 34.9500547, 42.0960956 ], [ 34.9501656, 42.096152 ], [ 34.9501418, 42.0963118 ], [ 34.9503268, 42.0964808 ], [ 34.9504453, 42.0965469 ], [ 34.9505326, 42.0964712 ], [ 34.950557, 42.096351 ], [ 34.9506454, 42.0963839 ], [ 34.9507225, 42.0965307 ], [ 34.9509191, 42.0965906 ], [ 34.9511782, 42.0964493 ], [ 34.9515116, 42.0962686 ], [ 34.9515607, 42.0963404 ], [ 34.951461, 42.0964775 ], [ 34.951413, 42.0965612 ], [ 34.951261, 42.0966351 ], [ 34.9512423, 42.0967424 ], [ 34.9512484, 42.0968496 ], [ 34.9512494, 42.0969091 ], [ 34.9511974, 42.0969817 ], [ 34.9513673, 42.0969072 ], [ 34.951442, 42.0968468 ], [ 34.9516154, 42.0968191 ], [ 34.9518391, 42.0966524 ], [ 34.9518037, 42.096612 ], [ 34.9518705, 42.0965648 ], [ 34.9518855, 42.0964742 ], [ 34.9517402, 42.0963763 ], [ 34.9520339, 42.0963883 ], [ 34.9520581, 42.0963436 ], [ 34.9519839, 42.0961531 ], [ 34.9518784, 42.0961481 ], [ 34.9518925, 42.0960939 ], [ 34.9520621, 42.0961076 ], [ 34.9521821, 42.0962335 ], [ 34.9523016, 42.0963013 ], [ 34.9523787, 42.0964396 ], [ 34.9525733, 42.096555 ], [ 34.9528183, 42.0966945 ], [ 34.9530504, 42.0967575 ], [ 34.9533793, 42.0968049 ], [ 34.9535677, 42.0967741 ], [ 34.9540484, 42.0965092 ], [ 34.9541125, 42.0962597 ], [ 34.9541327, 42.0959499 ], [ 34.9542059, 42.0962324 ], [ 34.9544459, 42.0963476 ], [ 34.9545984, 42.0964067 ], [ 34.9546822, 42.0963967 ], [ 34.9547391, 42.096293 ], [ 34.9546474, 42.0961739 ], [ 34.9547311, 42.0961649 ], [ 34.9548301, 42.0962073 ], [ 34.9549211, 42.0961215 ], [ 34.9550536, 42.0961812 ], [ 34.9551453, 42.0961486 ], [ 34.9550492, 42.0960103 ], [ 34.9548736, 42.0959015 ], [ 34.954992, 42.0958652 ], [ 34.9551349, 42.0959253 ], [ 34.9551641, 42.0958035 ], [ 34.9552365, 42.0958175 ], [ 34.9552851, 42.0959565 ], [ 34.9554328, 42.0960325 ], [ 34.955712, 42.095878 ], [ 34.955876, 42.095619 ], [ 34.9561563, 42.0953241 ], [ 34.9561431, 42.0950027 ], [ 34.9562242, 42.0949087 ], [ 34.9562267, 42.0944742 ], [ 34.9561424, 42.0941671 ], [ 34.9564502, 42.0942226 ], [ 34.956722, 42.095091 ], [ 34.95707, 42.095213 ], [ 34.957422, 42.095464 ], [ 34.957771, 42.095586 ], [ 34.957747, 42.094817 ], [ 34.958088, 42.094682 ], [ 34.958432, 42.094676 ], [ 34.959473, 42.094915 ], [ 34.960162, 42.094904 ], [ 34.960851, 42.094892 ], [ 34.961544, 42.095009 ], [ 34.96156, 42.095522 ], [ 34.962938, 42.095498 ], [ 34.962773, 42.095758 ], [ 34.962609, 42.096017 ], [ 34.962957, 42.096139 ], [ 34.963302, 42.096133 ], [ 34.963987, 42.095994 ], [ 34.964003, 42.096507 ], [ 34.964343, 42.096372 ], [ 34.96468, 42.09611 ], [ 34.966402, 42.09608 ], [ 34.96675, 42.096203 ], [ 34.9671739, 42.09569 ], [ 34.967075, 42.095555 ], [ 34.967764, 42.095543 ], [ 34.968801, 42.095655 ], [ 34.968957, 42.095138 ], [ 34.968949, 42.094882 ], [ 34.968769, 42.094628 ], [ 34.96911, 42.094494 ], [ 34.9702389, 42.094352 ], [ 34.9706236, 42.0941295 ], [ 34.9710542, 42.0938259 ], [ 34.9714673, 42.0938458 ], [ 34.9717699, 42.0937264 ], [ 34.9719124, 42.0935341 ], [ 34.972001, 42.093289 ], [ 34.971993, 42.093033 ], [ 34.9719393, 42.0928407 ], [ 34.9717945, 42.0926536 ], [ 34.9719393, 42.0925541 ], [ 34.97215, 42.092517 ], [ 34.972843, 42.092633 ], [ 34.9729961, 42.0927651 ], [ 34.9732643, 42.0928128 ], [ 34.9737686, 42.0928049 ], [ 34.974228, 42.092866 ], [ 34.974577, 42.092988 ], [ 34.97474, 42.092729 ], [ 34.9747986, 42.0925143 ], [ 34.9747288, 42.0922157 ], [ 34.9744391, 42.0922038 ], [ 34.9746859, 42.0919411 ], [ 34.974874, 42.091443 ], [ 34.9750785, 42.0914728 ], [ 34.9752693, 42.0917507 ], [ 34.9752223, 42.0919172 ], [ 34.9753457, 42.0922197 ], [ 34.9756024, 42.0923453 ], [ 34.9757159, 42.0927412 ], [ 34.975955, 42.092965 ], [ 34.9761689, 42.0931706 ], [ 34.9763435, 42.0932666 ], [ 34.976601, 42.0932109 ], [ 34.9767821, 42.0931208 ], [ 34.9769068, 42.0929562 ], [ 34.9773105, 42.0928057 ], [ 34.9775038, 42.0925673 ], [ 34.977657, 42.092293 ], [ 34.977993, 42.092031 ], [ 34.979019, 42.091756 ], [ 34.980048, 42.091611 ], [ 34.980064, 42.092124 ], [ 34.980412, 42.092246 ], [ 34.980757, 42.09224 ], [ 34.981097, 42.092106 ], [ 34.981277, 42.09236 ], [ 34.981629, 42.09261 ], [ 34.981645, 42.093123 ], [ 34.981477, 42.093254 ], [ 34.981309, 42.093386 ], [ 34.981141, 42.093517 ], [ 34.980972, 42.093648 ], [ 34.980816, 42.094164 ], [ 34.981157, 42.09403 ], [ 34.9815332, 42.094239 ], [ 34.9818313, 42.0943295 ], [ 34.982194, 42.09414 ], [ 34.982358, 42.093881 ], [ 34.982678, 42.093105 ], [ 34.983007, 42.092586 ], [ 34.983156, 42.091814 ], [ 34.983844, 42.091802 ], [ 34.984024, 42.092055 ], [ 34.984032, 42.092312 ], [ 34.984048, 42.092825 ], [ 34.984237, 42.093335 ], [ 34.984585, 42.093457 ], [ 34.984938, 42.093708 ], [ 34.985282, 42.093702 ], [ 34.985967, 42.093562 ], [ 34.985983, 42.094075 ], [ 34.986676, 42.094191 ], [ 34.988062, 42.094423 ], [ 34.988406, 42.094418 ], [ 34.98875, 42.094411 ], [ 34.989099, 42.094534 ], [ 34.989075, 42.093765 ], [ 34.9891675, 42.0939026 ], [ 34.990801, 42.093863 ], [ 34.992179, 42.093839 ], [ 34.992515, 42.093576 ], [ 34.993544, 42.09343 ], [ 34.993528, 42.092917 ], [ 34.993869, 42.092783 ], [ 34.994205, 42.09252 ], [ 34.995575, 42.09224 ], [ 34.995919, 42.092234 ], [ 34.996608, 42.092222 ], [ 34.996944, 42.091959 ], [ 34.997629, 42.091819 ], [ 34.997613, 42.091306 ], [ 34.998302, 42.091294 ], [ 34.998482, 42.091548 ], [ 34.998834, 42.091798 ], [ 34.998842, 42.092055 ], [ 34.998687, 42.092571 ], [ 34.999035, 42.092693 ], [ 34.999383, 42.092815 ], [ 34.999359, 42.092046 ], [ 34.9997, 42.091911 ], [ 35.0, 42.09167707142857 ], [ 35.0, 40.0 ], [ 30.0, 40.0 ], [ 30.0, 41.137216375331803 ], [ 30.0001907, 41.1369329 ] ] ], [ [ [ 34.9986165, 44.8342939 ], [ 34.9976487, 44.833798 ], [ 34.9961049, 44.8332064 ], [ 34.9955423, 44.8328714 ], [ 34.9947628, 44.8319777 ], [ 34.9944075, 44.8318502 ], [ 34.9944118, 44.8316826 ], [ 34.9937546, 44.831413 ], [ 34.9936752, 44.8312543 ], [ 34.9920059, 44.8305103 ], [ 34.9909158, 44.8303294 ], [ 34.9904144, 44.8300062 ], [ 34.9901944, 44.8299848 ], [ 34.9899745, 44.8301736 ], [ 34.989013, 44.8302171 ], [ 34.9887595, 44.8301261 ], [ 34.9885747, 44.8301942 ], [ 34.9885132, 44.8306753 ], [ 34.9880588, 44.8314184 ], [ 34.9877693, 44.8315912 ], [ 34.9878963, 44.8320232 ], [ 34.9878502, 44.8324563 ], [ 34.988054, 44.8326351 ], [ 34.9881264, 44.8329298 ], [ 34.988215, 44.8333769 ], [ 34.9882901, 44.833453 ], [ 34.9882892, 44.8337254 ], [ 34.9881399, 44.8338905 ], [ 34.9881452, 44.8342062 ], [ 34.988399, 44.8344311 ], [ 34.9883618, 44.8345259 ], [ 34.9881854, 44.834716 ], [ 34.9879839, 44.8348086 ], [ 34.9879086, 44.8348674 ], [ 34.9877846, 44.8349721 ], [ 34.9876229, 44.8351602 ], [ 34.9874423, 44.8353196 ], [ 34.9870235, 44.8355615 ], [ 34.9867115, 44.8357016 ], [ 34.9864915, 44.8358004 ], [ 34.9862508, 44.835891 ], [ 34.9856847, 44.8361536 ], [ 34.9850432, 44.8364281 ], [ 34.984512, 44.836679 ], [ 34.9843805, 44.8367287 ], [ 34.9835259, 44.8370515 ], [ 34.982222, 44.8374844 ], [ 34.9812018, 44.8378155 ], [ 34.979159, 44.838312 ], [ 34.978631, 44.8384277 ], [ 34.9772241, 44.8388998 ], [ 34.9764676, 44.8391062 ], [ 34.975904, 44.8392438 ], [ 34.9757234, 44.8392863 ], [ 34.97523, 44.839406 ], [ 34.9747405, 44.8395527 ], [ 34.9740733, 44.8397611 ], [ 34.972788, 44.8400359 ], [ 34.9724967, 44.8401544 ], [ 34.9721266, 44.8402172 ], [ 34.9705493, 44.8404098 ], [ 34.9705003, 44.8404048 ], [ 34.9691519, 44.8406297 ], [ 34.9686297, 44.8406873 ], [ 34.967345, 44.840825 ], [ 34.9661117, 44.8408769 ], [ 34.9660664, 44.8408732 ], [ 34.965428, 44.8408955 ], [ 34.9646335, 44.8409517 ], [ 34.9641017, 44.8409389 ], [ 34.9636086, 44.8409019 ], [ 34.9630764, 44.8407829 ], [ 34.9625473, 44.840489 ], [ 34.9621371, 44.840012 ], [ 34.9619439, 44.8396809 ], [ 34.9617084, 44.8390463 ], [ 34.9614876, 44.839026 ], [ 34.9611279, 44.8390444 ], [ 34.9602315, 44.8389974 ], [ 34.9596982, 44.8387315 ], [ 34.9594704, 44.8386382 ], [ 34.959429, 44.8385437 ], [ 34.9592417, 44.8383926 ], [ 34.959138, 44.8382875 ], [ 34.9590674, 44.8382632 ], [ 34.9589494, 44.8383355 ], [ 34.9587536, 44.8382937 ], [ 34.9584962, 44.838222 ], [ 34.9582171, 44.8382594 ], [ 34.9576833, 44.8385796 ], [ 34.9575775, 44.8386157 ], [ 34.9561561, 44.8385609 ], [ 34.9557545, 44.8385219 ], [ 34.955444, 44.8385323 ], [ 34.9554368, 44.8385009 ], [ 34.9553672, 44.8384873 ], [ 34.9553057, 44.8384933 ], [ 34.9552854, 44.8384029 ], [ 34.9550394, 44.8384428 ], [ 34.9547001, 44.8384675 ], [ 34.9546251, 44.8384859 ], [ 34.9540865, 44.8385848 ], [ 34.9538974, 44.8386102 ], [ 34.9533955, 44.8386766 ], [ 34.9525872, 44.8386712 ], [ 34.9521755, 44.8385846 ], [ 34.9520749, 44.838499 ], [ 34.9514604, 44.8383418 ], [ 34.9512427, 44.8382711 ], [ 34.9510864, 44.8380655 ], [ 34.9506638, 44.8380685 ], [ 34.9501276, 44.8382652 ], [ 34.9494519, 44.8383548 ], [ 34.9490467, 44.8382784 ], [ 34.9488063, 44.8382066 ], [ 34.948357, 44.8379834 ], [ 34.9480852, 44.8377536 ], [ 34.9479886, 44.8376675 ], [ 34.9477804, 44.8373387 ], [ 34.9476042, 44.8371798 ], [ 34.9476063, 44.8370859 ], [ 34.947381, 44.8369566 ], [ 34.9470651, 44.8368329 ], [ 34.9466911, 44.8367249 ], [ 34.9463377, 44.8366213 ], [ 34.9460139, 44.8364423 ], [ 34.9458937, 44.8363555 ], [ 34.9453752, 44.8363175 ], [ 34.9450945, 44.8362723 ], [ 34.9440502, 44.8362305 ], [ 34.941507, 44.8367095 ], [ 34.9411159, 44.8366316 ], [ 34.9408262, 44.8365738 ], [ 34.9405379, 44.8364206 ], [ 34.940151, 44.8362659 ], [ 34.9399266, 44.8360879 ], [ 34.9398191, 44.8358168 ], [ 34.9399755, 44.8356657 ], [ 34.9399982, 44.8356033 ], [ 34.9399714, 44.8355424 ], [ 34.9399225, 44.8354899 ], [ 34.9398092, 44.8353685 ], [ 34.9397296, 44.8352674 ], [ 34.9395346, 44.8352087 ], [ 34.9393241, 44.8351689 ], [ 34.9391545, 44.8352062 ], [ 34.9389702, 44.8351948 ], [ 34.9386557, 44.8350513 ], [ 34.9385042, 44.8347578 ], [ 34.9383469, 44.8343816 ], [ 34.9378355, 44.8340577 ], [ 34.9373395, 44.8338291 ], [ 34.936932, 44.8335939 ], [ 34.9366427, 44.8333524 ], [ 34.9365976, 44.8330703 ], [ 34.9364812, 44.8329275 ], [ 34.9362703, 44.8328648 ], [ 34.9358589, 44.8327466 ], [ 34.9355894, 44.8325963 ], [ 34.9355183, 44.8324368 ], [ 34.9354646, 44.8323226 ], [ 34.9353247, 44.832192 ], [ 34.9351025, 44.8320411 ], [ 34.9345589, 44.8318283 ], [ 34.9336238, 44.8315585 ], [ 34.932412, 44.831416 ], [ 34.931691, 44.831428 ], [ 34.9310568, 44.8315604 ], [ 34.9305372, 44.8316924 ], [ 34.9298891, 44.8318606 ], [ 34.9294135, 44.8320843 ], [ 34.9289054, 44.8320699 ], [ 34.9283684, 44.8320216 ], [ 34.9281623, 44.8319451 ], [ 34.9278863, 44.8319177 ], [ 34.9275081, 44.8316427 ], [ 34.9273259, 44.8313263 ], [ 34.9271915, 44.8310233 ], [ 34.9268665, 44.8308466 ], [ 34.9265203, 44.8309394 ], [ 34.9260784, 44.831227 ], [ 34.9260153, 44.8314724 ], [ 34.9247353, 44.8311729 ], [ 34.9239393, 44.8311388 ], [ 34.9234496, 44.8311739 ], [ 34.9232501, 44.8311558 ], [ 34.922933, 44.8310628 ], [ 34.9226981, 44.8309451 ], [ 34.9222427, 44.8308619 ], [ 34.9218196, 44.8308489 ], [ 34.9214278, 44.8308274 ], [ 34.9209538, 44.8308123 ], [ 34.9205208, 44.8307629 ], [ 34.9201247, 44.8306926 ], [ 34.9198031, 44.8306138 ], [ 34.9196134, 44.8304432 ], [ 34.9195544, 44.8304228 ], [ 34.918379, 44.829924 ], [ 34.9175719, 44.8293763 ], [ 34.9167887, 44.8285749 ], [ 34.9161825, 44.8279939 ], [ 34.9156295, 44.8272668 ], [ 34.915247, 44.8265802 ], [ 34.9152173, 44.8262329 ], [ 34.9154285, 44.8256774 ], [ 34.9162369, 44.8251171 ], [ 34.9165805, 44.8249507 ], [ 34.9170022, 44.8248418 ], [ 34.9174985, 44.8246508 ], [ 34.9180872, 44.8244408 ], [ 34.9186416, 44.8240481 ], [ 34.9189388, 44.823708 ], [ 34.9189967, 44.8233362 ], [ 34.9190523, 44.8229306 ], [ 34.9189693, 44.8225136 ], [ 34.9188148, 44.8225981 ], [ 34.9183969, 44.8226698 ], [ 34.9178653, 44.8221684 ], [ 34.9175239, 44.8221322 ], [ 34.9174107, 44.8219903 ], [ 34.9173621, 44.8217914 ], [ 34.9173381, 44.8216881 ], [ 34.9171256, 44.8214665 ], [ 34.9167378, 44.8213455 ], [ 34.9162936, 44.8215201 ], [ 34.9160857, 44.8215998 ], [ 34.915791, 44.8215159 ], [ 34.915424, 44.8215519 ], [ 34.9149273, 44.8214783 ], [ 34.9145035, 44.8214212 ], [ 34.9136613, 44.8212892 ], [ 34.9125275, 44.8213917 ], [ 34.9115005, 44.8214691 ], [ 34.9109954, 44.821511 ], [ 34.9105038, 44.8214455 ], [ 34.9102318, 44.8214027 ], [ 34.9099894, 44.8212534 ], [ 34.9097181, 44.8210091 ], [ 34.9092638, 44.8197694 ], [ 34.9090517, 44.8190298 ], [ 34.9091216, 44.8189257 ], [ 34.9091211, 44.8184182 ], [ 34.9091395, 44.8182877 ], [ 34.9091625, 44.8181805 ], [ 34.9091286, 44.8180626 ], [ 34.9090179, 44.8179847 ], [ 34.9089334, 44.8179104 ], [ 34.9088691, 44.8177657 ], [ 34.9088806, 44.8176842 ], [ 34.9089128, 44.8176024 ], [ 34.9090549, 44.8175072 ], [ 34.9091247, 44.8174026 ], [ 34.9092802, 44.8173037 ], [ 34.9094573, 44.8170468 ], [ 34.9096531, 44.8169098 ], [ 34.9098167, 44.8168508 ], [ 34.9101057, 44.8167906 ], [ 34.9103374, 44.8168721 ], [ 34.9105318, 44.8169377 ], [ 34.9106718, 44.8169189 ], [ 34.9108206, 44.8169116 ], [ 34.9108623, 44.816849 ], [ 34.9108065, 44.8167558 ], [ 34.9108294, 44.8166681 ], [ 34.9107605, 44.8166066 ], [ 34.9107243, 44.8165251 ], [ 34.9106093, 44.8164738 ], [ 34.9105436, 44.8164058 ], [ 34.9103892, 44.8163386 ], [ 34.9103367, 44.8162757 ], [ 34.9103268, 44.8162035 ], [ 34.9101813, 44.8161669 ], [ 34.9099276, 44.8161025 ], [ 34.9094781, 44.8160614 ], [ 34.9089856, 44.8160582 ], [ 34.9087632, 44.8160839 ], [ 34.908473, 44.816168 ], [ 34.9081447, 44.8163317 ], [ 34.9077888, 44.8165555 ], [ 34.9075951, 44.8167584 ], [ 34.9073827, 44.8169975 ], [ 34.9072906, 44.8171561 ], [ 34.9071783, 44.8173666 ], [ 34.907155, 44.8175083 ], [ 34.9072108, 44.8177035 ], [ 34.9072865, 44.8179265 ], [ 34.9073194, 44.8179684 ], [ 34.9074085, 44.8179766 ], [ 34.9074606, 44.8180267 ], [ 34.9074015, 44.8181222 ], [ 34.907427, 44.8181843 ], [ 34.9075967, 44.8182979 ], [ 34.907715, 44.8184447 ], [ 34.907763, 44.818598 ], [ 34.9077966, 44.8188362 ], [ 34.9078751, 44.8192072 ], [ 34.907922, 44.819339 ], [ 34.9078948, 44.8194515 ], [ 34.9079093, 44.8196014 ], [ 34.9078007, 44.8198675 ], [ 34.9077311, 44.820057 ], [ 34.9074836, 44.8201411 ], [ 34.9073869, 44.8203203 ], [ 34.9072247, 44.8204514 ], [ 34.907107, 44.8204531 ], [ 34.906867, 44.8204185 ], [ 34.9067043, 44.8205018 ], [ 34.9065727, 44.8204824 ], [ 34.9064586, 44.8203688 ], [ 34.9064131, 44.8203933 ], [ 34.9063653, 44.8204798 ], [ 34.9064647, 44.8205543 ], [ 34.9063854, 44.8206297 ], [ 34.9060853, 44.8206487 ], [ 34.9058453, 44.820806 ], [ 34.9054933, 44.8209052 ], [ 34.9049617, 44.8208993 ], [ 34.9042945, 44.8207861 ], [ 34.9041487, 44.8205442 ], [ 34.904, 44.820269 ], [ 34.9037769, 44.8200616 ], [ 34.9033646, 44.8199507 ], [ 34.9032183, 44.8199616 ], [ 34.9029963, 44.8198625 ], [ 34.9028153, 44.8197719 ], [ 34.9027638, 44.8195904 ], [ 34.9025445, 44.8195868 ], [ 34.9023758, 44.819512 ], [ 34.9024178, 44.8194381 ], [ 34.9022721, 44.8193715 ], [ 34.9021495, 44.8194319 ], [ 34.9015971, 44.81935 ], [ 34.9013705, 44.8192673 ], [ 34.901126, 44.8191563 ], [ 34.9005645, 44.8191138 ], [ 34.900025, 44.818917 ], [ 34.8995769, 44.8187606 ], [ 34.8991697, 44.8186176 ], [ 34.8989198, 44.8183196 ], [ 34.8988897, 44.8179764 ], [ 34.8985625, 44.8177039 ], [ 34.8982369, 44.8174052 ], [ 34.897866, 44.816987 ], [ 34.89767, 44.816477 ], [ 34.8972611, 44.8162644 ], [ 34.8968443, 44.8160536 ], [ 34.8962515, 44.8158831 ], [ 34.895135, 44.816134 ], [ 34.8948721, 44.8161784 ], [ 34.8946119, 44.816108 ], [ 34.894459, 44.8162164 ], [ 34.8939673, 44.816165 ], [ 34.893334, 44.816164 ], [ 34.892974, 44.816169 ], [ 34.892253, 44.816181 ], [ 34.8919052, 44.8161871 ], [ 34.891172, 44.816199 ], [ 34.889019, 44.816492 ], [ 34.887947, 44.816766 ], [ 34.887595, 44.817028 ], [ 34.887243, 44.817291 ], [ 34.886891, 44.817553 ], [ 34.886179, 44.817821 ], [ 34.885475, 44.818346 ], [ 34.8851826, 44.8190181 ], [ 34.885147, 44.8198184 ], [ 34.8851388, 44.8200026 ], [ 34.8850653, 44.820247 ], [ 34.8849139, 44.8204841 ], [ 34.884465, 44.8213522 ], [ 34.8842561, 44.8214745 ], [ 34.8830872, 44.8217419 ], [ 34.8819618, 44.8219787 ], [ 34.8798219, 44.8222214 ], [ 34.876593, 44.822341 ], [ 34.8759082, 44.8222043 ], [ 34.8753054, 44.8221944 ], [ 34.8747147, 44.8222815 ], [ 34.874037, 44.8223427 ], [ 34.8730016, 44.8223211 ], [ 34.8708167, 44.8221177 ], [ 34.870091, 44.821934 ], [ 34.869063, 44.8216354 ], [ 34.8686789, 44.8216053 ], [ 34.8678496, 44.8217826 ], [ 34.8668223, 44.8218667 ], [ 34.8660825, 44.8219109 ], [ 34.8649598, 44.8219646 ], [ 34.8633105, 44.8215722 ], [ 34.8611602, 44.8206022 ], [ 34.8602102, 44.8200099 ], [ 34.8598031, 44.8196841 ], [ 34.8596966, 44.8196334 ], [ 34.8594638, 44.8195226 ], [ 34.8589785, 44.8192916 ], [ 34.856653, 44.818818 ], [ 34.855924, 44.818574 ], [ 34.855556, 44.818323 ], [ 34.8548447, 44.817981 ], [ 34.853446, 44.8174627 ], [ 34.852641, 44.817344 ], [ 34.8515879, 44.8169592 ], [ 34.8504709, 44.8166704 ], [ 34.850094, 44.816616 ], [ 34.8493853, 44.8162335 ], [ 34.847903, 44.8158855 ], [ 34.8465042, 44.8158781 ], [ 34.8456708, 44.8156872 ], [ 34.8456017, 44.8156465 ], [ 34.84556, 44.8155795 ], [ 34.8455928, 44.8155213 ], [ 34.8457528, 44.8154951 ], [ 34.8458668, 44.8154491 ], [ 34.8456937, 44.8153821 ], [ 34.845482, 44.8152681 ], [ 34.845347, 44.8152535 ], [ 34.8452275, 44.8152185 ], [ 34.8450706, 44.8152059 ], [ 34.8447272, 44.8152012 ], [ 34.8445719, 44.8151835 ], [ 34.8443701, 44.8151335 ], [ 34.8443184, 44.8151321 ], [ 34.8442734, 44.8151526 ], [ 34.8442581, 44.8151902 ], [ 34.8442662, 44.8152831 ], [ 34.8442513, 44.8153641 ], [ 34.8442992, 44.8153954 ], [ 34.8444441, 44.8154311 ], [ 34.8446226, 44.8155068 ], [ 34.844559, 44.8156523 ], [ 34.8444161, 44.8157972 ], [ 34.8440992, 44.8158876 ], [ 34.8437258, 44.8159579 ], [ 34.8431602, 44.8161356 ], [ 34.8427286, 44.8163052 ], [ 34.8422233, 44.8164848 ], [ 34.8408073, 44.8168769 ], [ 34.8407421, 44.8168925 ], [ 34.838942, 44.817309 ], [ 34.8385602, 44.8174418 ], [ 34.8382646, 44.8176033 ], [ 34.8378046, 44.8178353 ], [ 34.8373355, 44.817927 ], [ 34.8367709, 44.8180103 ], [ 34.8362701, 44.8180836 ], [ 34.835732, 44.818387 ], [ 34.8349926, 44.8187542 ], [ 34.8337481, 44.8190177 ], [ 34.8328141, 44.8190368 ], [ 34.8326435, 44.8189144 ], [ 34.8320362, 44.8190259 ], [ 34.831073, 44.819232 ], [ 34.829992, 44.819249 ], [ 34.8289831, 44.8191429 ], [ 34.8277935, 44.8190288 ], [ 34.8263262, 44.818877 ], [ 34.8258041, 44.8189409 ], [ 34.8253798, 44.8189791 ], [ 34.8244584, 44.8192203 ], [ 34.823507, 44.819353 ], [ 34.8229379, 44.8193668 ], [ 34.8220651, 44.8193836 ], [ 34.820685, 44.8193857 ], [ 34.8192129, 44.8193343 ], [ 34.8179345, 44.8193465 ], [ 34.8171173, 44.8194087 ], [ 34.8166499, 44.8194713 ], [ 34.815079, 44.8196412 ], [ 34.81393, 44.8198178 ], [ 34.8130148, 44.8199264 ], [ 34.812444, 44.8200058 ], [ 34.8115404, 44.8200288 ], [ 34.8103278, 44.8200214 ], [ 34.8098953, 44.8200623 ], [ 34.8086324, 44.8201816 ], [ 34.8078497, 44.8201963 ], [ 34.807217, 44.820193 ], [ 34.8065528, 44.8201591 ], [ 34.8055301, 44.8201166 ], [ 34.8049249, 44.8201102 ], [ 34.8040527, 44.8200669 ], [ 34.8028483, 44.8199477 ], [ 34.8024454, 44.8198238 ], [ 34.8021149, 44.8198781 ], [ 34.8013172, 44.819844 ], [ 34.8010726, 44.8198346 ], [ 34.7999563, 44.8197739 ], [ 34.7991955, 44.8197195 ], [ 34.7987615, 44.8196778 ], [ 34.7973466, 44.819508 ], [ 34.7971375, 44.8195134 ], [ 34.7963046, 44.8194029 ], [ 34.7951559, 44.8192699 ], [ 34.7943228, 44.8191565 ], [ 34.7935393, 44.8190089 ], [ 34.7924062, 44.8188026 ], [ 34.7918648, 44.8185408 ], [ 34.7914794, 44.8183974 ], [ 34.7909735, 44.8182547 ], [ 34.7900058, 44.8181093 ], [ 34.7886985, 44.8181751 ], [ 34.7876274, 44.8182779 ], [ 34.7870842, 44.8183977 ], [ 34.785648, 44.8189297 ], [ 34.7847667, 44.8191195 ], [ 34.7827168, 44.8192004 ], [ 34.7804682, 44.8190652 ], [ 34.7798075, 44.8191008 ], [ 34.7783597, 44.8190982 ], [ 34.7762905, 44.818987 ], [ 34.7724692, 44.8184879 ], [ 34.7707924, 44.8181237 ], [ 34.7698146, 44.817792 ], [ 34.7688439, 44.8174963 ], [ 34.7682951, 44.8174406 ], [ 34.7677479, 44.8173798 ], [ 34.7663149, 44.8174146 ], [ 34.7621711, 44.8168742 ], [ 34.7594225, 44.8163105 ], [ 34.7575074, 44.8156712 ], [ 34.7561771, 44.8150737 ], [ 34.7552007, 44.8144648 ], [ 34.7539616, 44.8133993 ], [ 34.753566, 44.813137 ], [ 34.753198, 44.812886 ], [ 34.7527858, 44.812576 ], [ 34.752279, 44.812258 ], [ 34.7517075, 44.812046 ], [ 34.7515173, 44.8119523 ], [ 34.7514456, 44.81182 ], [ 34.7512055, 44.8116829 ], [ 34.751047, 44.8115673 ], [ 34.7508435, 44.8114653 ], [ 34.7502419, 44.8113194 ], [ 34.7494095, 44.8108894 ], [ 34.7481143, 44.8105222 ], [ 34.7464836, 44.8104081 ], [ 34.7449225, 44.810606 ], [ 34.7439757, 44.8111026 ], [ 34.7418755, 44.8116716 ], [ 34.7410119, 44.8117096 ], [ 34.7406354, 44.8117882 ], [ 34.7400087, 44.8119189 ], [ 34.738968, 44.8119988 ], [ 34.7381826, 44.8121553 ], [ 34.737879, 44.8122158 ], [ 34.734244, 44.8120549 ], [ 34.7330539, 44.81219 ], [ 34.7320479, 44.8123185 ], [ 34.7307015, 44.8122196 ], [ 34.7291389, 44.8120437 ], [ 34.7247597, 44.8108169 ], [ 34.7226743, 44.8103132 ], [ 34.7205438, 44.8093098 ], [ 34.7197093, 44.8090786 ], [ 34.71937, 44.809011 ], [ 34.7178888, 44.8083585 ], [ 34.7162528, 44.8075412 ], [ 34.7142307, 44.8060386 ], [ 34.7139391, 44.8059203 ], [ 34.7128839, 44.8056936 ], [ 34.7104711, 44.8048677 ], [ 34.7088986, 44.8041116 ], [ 34.7088567, 44.8038391 ], [ 34.7079371, 44.8038185 ], [ 34.7076854, 44.8039146 ], [ 34.7062042, 44.8040452 ], [ 34.705653, 44.803953 ], [ 34.7027782, 44.8031214 ], [ 34.7022683, 44.802978 ], [ 34.7018708, 44.8028918 ], [ 34.7014541, 44.8028669 ], [ 34.700845, 44.802735 ], [ 34.700091, 44.802528 ], [ 34.6991845, 44.8021846 ], [ 34.6986908, 44.8019935 ], [ 34.6982741, 44.8018297 ], [ 34.6975753, 44.8015249 ], [ 34.697172, 44.801289 ], [ 34.6965366, 44.800979 ], [ 34.6961455, 44.8007334 ], [ 34.6957929, 44.8004832 ], [ 34.6952544, 44.8001693 ], [ 34.694969, 44.799911 ], [ 34.6945443, 44.7996563 ], [ 34.694277, 44.799408 ], [ 34.6938252, 44.7991281 ], [ 34.6933225, 44.7987984 ], [ 34.6926675, 44.7983935 ], [ 34.6923616, 44.7982385 ], [ 34.691667, 44.797907 ], [ 34.6907199, 44.7976199 ], [ 34.690258, 44.7974474 ], [ 34.6902363, 44.7974393 ], [ 34.6895172, 44.7971277 ], [ 34.6889, 44.7968658 ], [ 34.6884355, 44.7966897 ], [ 34.6880091, 44.7965272 ], [ 34.687435, 44.796276 ], [ 34.686776, 44.7959683 ], [ 34.6862383, 44.7956477 ], [ 34.6859946, 44.7954765 ], [ 34.6853581, 44.7950041 ], [ 34.6848486, 44.794628 ], [ 34.6847416, 44.7945507 ], [ 34.6833063, 44.7935135 ], [ 34.6820274, 44.7928984 ], [ 34.6810224, 44.7922434 ], [ 34.6801526, 44.7915037 ], [ 34.6798897, 44.7911308 ], [ 34.6795864, 44.7909601 ], [ 34.6791818, 44.7908021 ], [ 34.6773386, 44.790684 ], [ 34.6763524, 44.7905876 ], [ 34.6753089, 44.7903048 ], [ 34.6745753, 44.7900139 ], [ 34.6742614, 44.7899175 ], [ 34.6734862, 44.789553 ], [ 34.6728081, 44.789241 ], [ 34.6702588, 44.7879033 ], [ 34.6696524, 44.7877042 ], [ 34.6683325, 44.7875969 ], [ 34.667879, 44.7874979 ], [ 34.6671232, 44.7874608 ], [ 34.6661702, 44.7875595 ], [ 34.6655353, 44.7875479 ], [ 34.6651377, 44.7874835 ], [ 34.6647402, 44.78738 ], [ 34.663973, 44.787153 ], [ 34.6630825, 44.7870859 ], [ 34.6622011, 44.7870278 ], [ 34.6607341, 44.7873015 ], [ 34.6599661, 44.7873423 ], [ 34.6572923, 44.7874661 ], [ 34.6555238, 44.7873992 ], [ 34.6540221, 44.787391 ], [ 34.653529, 44.7873539 ], [ 34.6520227, 44.7871378 ], [ 34.6514557, 44.7870284 ], [ 34.6509603, 44.7868978 ], [ 34.650448, 44.786802 ], [ 34.6497699, 44.7866465 ], [ 34.6489806, 44.786422 ], [ 34.648091, 44.786101 ], [ 34.6470357, 44.7856727 ], [ 34.646441, 44.785543 ], [ 34.6458306, 44.7854099 ], [ 34.6440364, 44.7849792 ], [ 34.6425677, 44.7844195 ], [ 34.6412086, 44.7838756 ], [ 34.6402273, 44.7833933 ], [ 34.6399745, 44.7832659 ], [ 34.6385286, 44.7824908 ], [ 34.6375725, 44.7821472 ], [ 34.6366697, 44.7816059 ], [ 34.6361041, 44.7810619 ], [ 34.6355832, 44.7806745 ], [ 34.6351803, 44.7802925 ], [ 34.6348607, 44.7800736 ], [ 34.634461, 44.7799513 ], [ 34.6323254, 44.7793422 ], [ 34.6304929, 44.7790074 ], [ 34.6292435, 44.7787819 ], [ 34.6273764, 44.7784615 ], [ 34.6260318, 44.777993 ], [ 34.6249801, 44.7775592 ], [ 34.6243008, 44.7770775 ], [ 34.6235157, 44.7764517 ], [ 34.6226206, 44.7760882 ], [ 34.62114, 44.775711 ], [ 34.6200825, 44.7753843 ], [ 34.6182956, 44.7749251 ], [ 34.617628, 44.7745798 ], [ 34.6159563, 44.7744405 ], [ 34.6150985, 44.7747381 ], [ 34.6130909, 44.7750799 ], [ 34.611447, 44.7747901 ], [ 34.6103467, 44.7745117 ], [ 34.6101584, 44.774457 ], [ 34.608777, 44.7740775 ], [ 34.6087361, 44.7740574 ], [ 34.607616, 44.7736689 ], [ 34.6070071, 44.7734589 ], [ 34.6050936, 44.773036 ], [ 34.6040918, 44.7726769 ], [ 34.6029188, 44.7720224 ], [ 34.6023537, 44.7717606 ], [ 34.6019309, 44.7715511 ], [ 34.6014626, 44.7713124 ], [ 34.6004995, 44.7707613 ], [ 34.5998638, 44.7703835 ], [ 34.5995791, 44.7702117 ], [ 34.598895, 44.7697016 ], [ 34.5985516, 44.7694306 ], [ 34.5981732, 44.7691216 ], [ 34.5977612, 44.7687908 ], [ 34.5971357, 44.7683665 ], [ 34.5963694, 44.7678575 ], [ 34.5953072, 44.7671358 ], [ 34.5943529, 44.7664583 ], [ 34.5933342, 44.7657476 ], [ 34.592575, 44.765209 ], [ 34.5922045, 44.7649607 ], [ 34.5911136, 44.7641928 ], [ 34.5905765, 44.7638027 ], [ 34.5898462, 44.7632503 ], [ 34.5886691, 44.7620314 ], [ 34.588367, 44.7617186 ], [ 34.5877944, 44.7608254 ], [ 34.5876187, 44.7605878 ], [ 34.587493, 44.7603177 ], [ 34.5873673, 44.7601585 ], [ 34.5870314, 44.7599877 ], [ 34.5869402, 44.7599456 ], [ 34.5868333, 44.7599549 ], [ 34.5866627, 44.7599839 ], [ 34.5865775, 44.759978 ], [ 34.5865509, 44.7599582 ], [ 34.586557, 44.7599396 ], [ 34.5865159, 44.7598975 ], [ 34.5865495, 44.7598583 ], [ 34.5865922, 44.7597937 ], [ 34.5865379, 44.7597262 ], [ 34.5864733, 44.7596936 ], [ 34.5864088, 44.7596683 ], [ 34.5863663, 44.7596622 ], [ 34.586327, 44.7596731 ], [ 34.5862321, 44.7596345 ], [ 34.5861753, 44.7595955 ], [ 34.5860882, 44.759619 ], [ 34.5860506, 44.7596477 ], [ 34.5859219, 44.7596066 ], [ 34.5857164, 44.7597409 ], [ 34.5857464, 44.759819 ], [ 34.5854034, 44.759871 ], [ 34.5852468, 44.7598868 ], [ 34.584952, 44.7598289 ], [ 34.5847721, 44.7597419 ], [ 34.5846574, 44.7596877 ], [ 34.5845798, 44.7596516 ], [ 34.5844828, 44.7595731 ], [ 34.5844454, 44.7594934 ], [ 34.5842774, 44.759432 ], [ 34.5835461, 44.7594432 ], [ 34.5833088, 44.7594075 ], [ 34.5830944, 44.7594886 ], [ 34.5829914, 44.7595276 ], [ 34.5825581, 44.7594841 ], [ 34.581828, 44.7591987 ], [ 34.5813916, 44.7590297 ], [ 34.5802869, 44.7587285 ], [ 34.5793909, 44.7584051 ], [ 34.5785047, 44.7583011 ], [ 34.5780978, 44.7581611 ], [ 34.5771673, 44.7579667 ], [ 34.5764408, 44.7579469 ], [ 34.5752933, 44.757861 ], [ 34.5742531, 44.7576144 ], [ 34.5732643, 44.7573692 ], [ 34.5721933, 44.7570971 ], [ 34.5713531, 44.7568318 ], [ 34.5705506, 44.7565227 ], [ 34.5698761, 44.7562795 ], [ 34.5692948, 44.75606 ], [ 34.5685969, 44.7559044 ], [ 34.5685375, 44.755882 ], [ 34.5679471, 44.7556591 ], [ 34.5676728, 44.755624 ], [ 34.567453, 44.7555693 ], [ 34.5670653, 44.7554853 ], [ 34.5668059, 44.7554129 ], [ 34.5664565, 44.7553865 ], [ 34.5661598, 44.7554827 ], [ 34.5658151, 44.7554582 ], [ 34.5654394, 44.755426 ], [ 34.5651906, 44.7553731 ], [ 34.5649024, 44.7553341 ], [ 34.5647524, 44.7553546 ], [ 34.5646438, 44.7553331 ], [ 34.5645764, 44.7553379 ], [ 34.5645281, 44.7552929 ], [ 34.5643976, 44.7553086 ], [ 34.5642713, 44.7553699 ], [ 34.564122, 44.755435 ], [ 34.563757, 44.7555296 ], [ 34.5633546, 44.7555716 ], [ 34.5629563, 44.7556032 ], [ 34.5624751, 44.7556448 ], [ 34.5620132, 44.7556841 ], [ 34.5617212, 44.7556652 ], [ 34.5614316, 44.7556137 ], [ 34.5614085, 44.7556089 ], [ 34.5608964, 44.7554415 ], [ 34.5601475, 44.7552205 ], [ 34.5598859, 44.7551538 ], [ 34.559673, 44.7550959 ], [ 34.5594775, 44.7550371 ], [ 34.5592794, 44.754956 ], [ 34.5591037, 44.7549655 ], [ 34.5587867, 44.7548933 ], [ 34.5585, 44.7547964 ], [ 34.5580947, 44.7546499 ], [ 34.557777, 44.7544869 ], [ 34.5577652, 44.7544809 ], [ 34.5572362, 44.7542538 ], [ 34.5573547, 44.7541851 ], [ 34.557277, 44.7541029 ], [ 34.5571076, 44.7541492 ], [ 34.5570158, 44.7540694 ], [ 34.5571637, 44.7539775 ], [ 34.5571295, 44.7539491 ], [ 34.5568106, 44.754029 ], [ 34.5566301, 44.7540119 ], [ 34.5563671, 44.7539723 ], [ 34.556086, 44.7538428 ], [ 34.5552793, 44.7535303 ], [ 34.5544115, 44.7535272 ], [ 34.5537401, 44.7532156 ], [ 34.5533659, 44.7529947 ], [ 34.5530568, 44.7528114 ], [ 34.5525858, 44.7523535 ], [ 34.5520939, 44.7520056 ], [ 34.5514677, 44.751777 ], [ 34.5508458, 44.7517116 ], [ 34.55055, 44.751681 ], [ 34.5499955, 44.7515148 ], [ 34.5492775, 44.7511978 ], [ 34.5485592, 44.7508439 ], [ 34.5481183, 44.7505576 ], [ 34.5475934, 44.7502701 ], [ 34.5469807, 44.7498221 ], [ 34.5465082, 44.7494777 ], [ 34.5459979, 44.7491091 ], [ 34.5455655, 44.7488165 ], [ 34.5449411, 44.7484496 ], [ 34.5449122, 44.7484267 ], [ 34.5445064, 44.7482008 ], [ 34.5442049, 44.7480345 ], [ 34.543719, 44.7477501 ], [ 34.5430027, 44.7472892 ], [ 34.542016, 44.746404 ], [ 34.5415704, 44.7459389 ], [ 34.541276, 44.745645 ], [ 34.540909, 44.745393 ], [ 34.5406123, 44.7451447 ], [ 34.5402926, 44.7448997 ], [ 34.5400651, 44.7447231 ], [ 34.539413, 44.7441935 ], [ 34.5385, 44.7433406 ], [ 34.5381395, 44.743022 ], [ 34.5377987, 44.7426163 ], [ 34.5373873, 44.7419897 ], [ 34.536978, 44.7413114 ], [ 34.5369653, 44.7412706 ], [ 34.5366168, 44.7409309 ], [ 34.5363952, 44.7407553 ], [ 34.5355631, 44.7405029 ], [ 34.53479, 44.7400258 ], [ 34.5326949, 44.7389751 ], [ 34.5312018, 44.7385761 ], [ 34.530128, 44.7383055 ], [ 34.5300987, 44.7382981 ], [ 34.5295491, 44.7382054 ], [ 34.529014, 44.737984 ], [ 34.5286673, 44.7378655 ], [ 34.5282284, 44.7375454 ], [ 34.5267536, 44.7371999 ], [ 34.5260709, 44.7371462 ], [ 34.5252574, 44.736841 ], [ 34.525219, 44.7368266 ], [ 34.5238694, 44.7369333 ], [ 34.5237591, 44.736942 ], [ 34.5224594, 44.7366669 ], [ 34.5218415, 44.7369567 ], [ 34.5206599, 44.7369864 ], [ 34.5195403, 44.7367868 ], [ 34.5187729, 44.7369864 ], [ 34.5179606, 44.7370486 ], [ 34.5170484, 44.7367556 ], [ 34.516773, 44.7365972 ], [ 34.5159987, 44.736152 ], [ 34.5159736, 44.736152 ], [ 34.5153531, 44.7361523 ], [ 34.514974, 44.7360721 ], [ 34.5149517, 44.7360684 ], [ 34.5144225, 44.7358513 ], [ 34.5143991, 44.7358413 ], [ 34.5137277, 44.7354622 ], [ 34.5132916, 44.7353164 ], [ 34.5127371, 44.7351311 ], [ 34.5114956, 44.734951 ], [ 34.5109237, 44.7346752 ], [ 34.5101668, 44.7345142 ], [ 34.5094015, 44.7343516 ], [ 34.5079726, 44.7338002 ], [ 34.5066346, 44.7331854 ], [ 34.5049716, 44.7326395 ], [ 34.5044908, 44.7323843 ], [ 34.5039562, 44.7320103 ], [ 34.5036679, 44.7316518 ], [ 34.5033758, 44.7312856 ], [ 34.5025288, 44.7307367 ], [ 34.5016229, 44.7305764 ], [ 34.5010053, 44.7304585 ], [ 34.5008386, 44.7304202 ], [ 34.5000329, 44.7304365 ], [ 34.499007, 44.7304569 ], [ 34.4985729, 44.7303903 ], [ 34.4979625, 44.7301456 ], [ 34.4974279, 44.7301417 ], [ 34.4952127, 44.7289104 ], [ 34.4949223, 44.7287085 ], [ 34.4945531, 44.7284665 ], [ 34.4940967, 44.7283651 ], [ 34.4936138, 44.7281626 ], [ 34.4930009, 44.7281043 ], [ 34.4922262, 44.7279294 ], [ 34.4917782, 44.7276977 ], [ 34.490776, 44.7271403 ], [ 34.4900462, 44.7268837 ], [ 34.4900215, 44.7268731 ], [ 34.4893791, 44.7266976 ], [ 34.4890212, 44.726546 ], [ 34.4887565, 44.7263882 ], [ 34.4883981, 44.7261738 ], [ 34.488106, 44.7259226 ], [ 34.4880857, 44.7259072 ], [ 34.4878744, 44.7256722 ], [ 34.4876081, 44.7253429 ], [ 34.4875604, 44.7252985 ], [ 34.4874516, 44.7252303 ], [ 34.4872588, 44.7251308 ], [ 34.4870612, 44.7250564 ], [ 34.4868971, 44.7250073 ], [ 34.4868651, 44.7250034 ], [ 34.486544, 44.7249633 ], [ 34.4862123, 44.7249019 ], [ 34.4859434, 44.7248411 ], [ 34.485908, 44.7248311 ], [ 34.4853867, 44.7246922 ], [ 34.48495, 44.7245068 ], [ 34.4849123, 44.7244958 ], [ 34.4844532, 44.7242294 ], [ 34.4841262, 44.7239644 ], [ 34.484098, 44.7239358 ], [ 34.4838515, 44.7237751 ], [ 34.4835369, 44.7235916 ], [ 34.483481, 44.7235389 ], [ 34.4832543, 44.723338 ], [ 34.4829601, 44.7230986 ], [ 34.4829251, 44.7230753 ], [ 34.4826545, 44.7228701 ], [ 34.4823792, 44.7226989 ], [ 34.4823494, 44.7226797 ], [ 34.4820777, 44.7225026 ], [ 34.4817921, 44.7222946 ], [ 34.4817562, 44.722275 ], [ 34.4814629, 44.7220826 ], [ 34.4812139, 44.7218983 ], [ 34.4807837, 44.7217903 ], [ 34.4803497, 44.7213805 ], [ 34.4801268, 44.7211796 ], [ 34.479623, 44.7207074 ], [ 34.4792183, 44.7204043 ], [ 34.4785075, 44.7201933 ], [ 34.477619, 44.7200738 ], [ 34.4760812, 44.7195422 ], [ 34.475285, 44.7192615 ], [ 34.4744331, 44.7190502 ], [ 34.4737762, 44.7188769 ], [ 34.4733591, 44.7187093 ], [ 34.4725878, 44.7183085 ], [ 34.4718773, 44.717799 ], [ 34.4712886, 44.7171982 ], [ 34.4709934, 44.7168715 ], [ 34.4705926, 44.7166159 ], [ 34.4699246, 44.7163092 ], [ 34.4697243, 44.7163258 ], [ 34.4695238, 44.7162508 ], [ 34.469202, 44.7162416 ], [ 34.4687829, 44.7160324 ], [ 34.4685729, 44.7159668 ], [ 34.4681828, 44.715839 ], [ 34.4673619, 44.715443 ], [ 34.4673476, 44.7153569 ], [ 34.4672551, 44.7153035 ], [ 34.4671013, 44.7154552 ], [ 34.4664946, 44.7152141 ], [ 34.4665175, 44.7150154 ], [ 34.4662075, 44.7150837 ], [ 34.4658306, 44.7149346 ], [ 34.4649812, 44.7144396 ], [ 34.4642721, 44.7141401 ], [ 34.4638226, 44.7138066 ], [ 34.4628641, 44.7133222 ], [ 34.4620986, 44.7129958 ], [ 34.4613168, 44.7126815 ], [ 34.4609327, 44.7124909 ], [ 34.4606064, 44.7123407 ], [ 34.4604616, 44.7122304 ], [ 34.4602874, 44.7123068 ], [ 34.4600919, 44.7122574 ], [ 34.4594793, 44.7118781 ], [ 34.458825, 44.7113655 ], [ 34.4582187, 44.7109777 ], [ 34.4570366, 44.710369 ], [ 34.4560609, 44.7094616 ], [ 34.4552823, 44.7089083 ], [ 34.4548072, 44.7084975 ], [ 34.4540065, 44.707805 ], [ 34.4533619, 44.7074254 ], [ 34.4513999, 44.7055367 ], [ 34.4498324, 44.7042824 ], [ 34.449511, 44.704 ], [ 34.4479252, 44.7022617 ], [ 34.4473146, 44.7015982 ], [ 34.4470113, 44.7009395 ], [ 34.4469024, 44.7007029 ], [ 34.446814, 44.7006602 ], [ 34.4464223, 44.7001952 ], [ 34.4463755, 44.7001431 ], [ 34.4460477, 44.6996574 ], [ 34.4460383, 44.6995919 ], [ 34.4456992, 44.6991124 ], [ 34.4456444, 44.6990575 ], [ 34.4451352, 44.6986499 ], [ 34.4450598, 44.6985982 ], [ 34.4444811, 44.6982142 ], [ 34.4444291, 44.6981686 ], [ 34.4438625, 44.6978247 ], [ 34.4437852, 44.6977356 ], [ 34.4433351, 44.6973513 ], [ 34.4433739, 44.6972475 ], [ 34.4428243, 44.6967611 ], [ 34.4427987, 44.6967312 ], [ 34.4420522, 44.6956576 ], [ 34.4419825, 44.6955283 ], [ 34.4417391, 44.6954622 ], [ 34.4410051, 44.6940403 ], [ 34.4410451, 44.693944 ], [ 34.4409713, 44.693773 ], [ 34.4408349, 44.6935804 ], [ 34.4407485, 44.6935457 ], [ 34.4405943, 44.69333 ], [ 34.4404219, 44.6931374 ], [ 34.440456, 44.6930687 ], [ 34.4402495, 44.6928047 ], [ 34.4398498, 44.6926391 ], [ 34.439333, 44.692455 ], [ 34.4385237, 44.6921548 ], [ 34.438267, 44.6919061 ], [ 34.4381911, 44.6919029 ], [ 34.4378622, 44.6916119 ], [ 34.4378755, 44.6915538 ], [ 34.4377761, 44.6914663 ], [ 34.4374004, 44.691231 ], [ 34.4369795, 44.6909308 ], [ 34.4362852, 44.690111 ], [ 34.4363648, 44.6898404 ], [ 34.4358869, 44.6894692 ], [ 34.4356127, 44.6892601 ], [ 34.4352074, 44.6889576 ], [ 34.434935, 44.6887288 ], [ 34.4342851, 44.6884834 ], [ 34.4338965, 44.6883343 ], [ 34.4338285, 44.6884097 ], [ 34.4330745, 44.6880427 ], [ 34.4328953, 44.6879107 ], [ 34.4325729, 44.6877077 ], [ 34.4324262, 44.6876166 ], [ 34.4320959, 44.6874025 ], [ 34.4317174, 44.6871068 ], [ 34.4316999, 44.6870744 ], [ 34.4315686, 44.6869758 ], [ 34.4311696, 44.6865479 ], [ 34.4304653, 44.6857843 ], [ 34.4300854, 44.6855105 ], [ 34.429851, 44.685364 ], [ 34.4298356, 44.6853586 ], [ 34.429447, 44.6850567 ], [ 34.4291397, 44.6848386 ], [ 34.4288798, 44.6845359 ], [ 34.4287229, 44.6843067 ], [ 34.4286668, 44.684275 ], [ 34.4282159, 44.6837743 ], [ 34.4275582, 44.6833428 ], [ 34.4274192, 44.6833124 ], [ 34.4268834, 44.6827369 ], [ 34.4264842, 44.6822768 ], [ 34.4264588, 44.6822346 ], [ 34.4262102, 44.681685 ], [ 34.4261586, 44.6816039 ], [ 34.4258982, 44.6810521 ], [ 34.4258403, 44.6809618 ], [ 34.4252774, 44.6805703 ], [ 34.4251054, 44.6806162 ], [ 34.4244188, 44.6802102 ], [ 34.4243319, 44.6801984 ], [ 34.423793, 44.679801 ], [ 34.4237372, 44.6796677 ], [ 34.4233451, 44.6792663 ], [ 34.4229418, 44.6788535 ], [ 34.4228836, 44.6788032 ], [ 34.4223916, 44.6783782 ], [ 34.42235, 44.6783423 ], [ 34.4218815, 44.6779449 ], [ 34.4218325, 44.6779025 ], [ 34.4217816, 44.6778592 ], [ 34.421457, 44.6774077 ], [ 34.4211073, 44.6773037 ], [ 34.4206974, 44.6770199 ], [ 34.4204262, 44.676849 ], [ 34.4196692, 44.6759366 ], [ 34.4198404, 44.6758717 ], [ 34.4197394, 44.6756528 ], [ 34.4195678, 44.6756332 ], [ 34.4194666, 44.6755454 ], [ 34.4190592, 44.6752169 ], [ 34.418813, 44.6751646 ], [ 34.4185962, 44.675162 ], [ 34.4182067, 44.674919 ], [ 34.4175599, 44.6746002 ], [ 34.4173872, 44.6745375 ], [ 34.4169406, 44.6742612 ], [ 34.4164207, 44.6737378 ], [ 34.4161341, 44.673338 ], [ 34.4158572, 44.6729733 ], [ 34.4156968, 44.6726926 ], [ 34.4158732, 44.6725514 ], [ 34.4157631, 44.6721895 ], [ 34.4155259, 44.6717345 ], [ 34.4154771, 44.6716409 ], [ 34.4152287, 44.6712154 ], [ 34.4151998, 44.6711608 ], [ 34.4149597, 44.6707069 ], [ 34.4149194, 44.6706435 ], [ 34.4146435, 44.6702102 ], [ 34.4146929, 44.6701789 ], [ 34.4143976, 44.6697216 ], [ 34.4141899, 44.6697709 ], [ 34.4140618, 44.6695718 ], [ 34.4141745, 44.6695354 ], [ 34.4139015, 44.6691015 ], [ 34.4138158, 44.6691262 ], [ 34.4135993, 44.6688881 ], [ 34.413583, 44.6688324 ], [ 34.4138457, 44.6687404 ], [ 34.413806, 44.6686904 ], [ 34.4136986, 44.6685495 ], [ 34.4134372, 44.6680158 ], [ 34.4133681, 44.6678047 ], [ 34.4133811, 44.6676681 ], [ 34.4132431, 44.6673819 ], [ 34.4131547, 44.6671383 ], [ 34.4128359, 44.666694 ], [ 34.4126558, 44.6661959 ], [ 34.4126987, 44.6661101 ], [ 34.4126742, 44.666063 ], [ 34.4125915, 44.665904 ], [ 34.412562, 44.6656236 ], [ 34.4126183, 44.6655912 ], [ 34.4125956, 44.665548 ], [ 34.4123554, 44.6650895 ], [ 34.4124615, 44.6650382 ], [ 34.4124451, 44.6649896 ], [ 34.4123238, 44.6646308 ], [ 34.4122664, 44.6644609 ], [ 34.4120106, 44.6639194 ], [ 34.4119748, 44.6638452 ], [ 34.4117873, 44.6634572 ], [ 34.4117797, 44.6634415 ], [ 34.4117467, 44.6633934 ], [ 34.4114844, 44.6630119 ], [ 34.4114326, 44.6629488 ], [ 34.4112651, 44.6627448 ], [ 34.4109081, 44.6625124 ], [ 34.4108655, 44.6624759 ], [ 34.4104861, 44.6621507 ], [ 34.4104456, 44.6621028 ], [ 34.4102574, 44.6619242 ], [ 34.4101169, 44.6617001 ], [ 34.4100872, 44.6616674 ], [ 34.4099018, 44.6614244 ], [ 34.4097024, 44.6612369 ], [ 34.4096506, 44.6611881 ], [ 34.4091616, 44.6608737 ], [ 34.4090841, 44.6608239 ], [ 34.408887, 44.660635 ], [ 34.4086269, 44.660511 ], [ 34.4081977, 44.6600845 ], [ 34.407784, 44.659623 ], [ 34.4074333, 44.6591163 ], [ 34.4071511, 44.6586374 ], [ 34.4071038, 44.658557 ], [ 34.4068512, 44.6581272 ], [ 34.4068211, 44.6580629 ], [ 34.4065846, 44.6576014 ], [ 34.4065738, 44.6575529 ], [ 34.4063221, 44.6571151 ], [ 34.4062852, 44.6570504 ], [ 34.4060134, 44.6565734 ], [ 34.4057429, 44.6561113 ], [ 34.4057227, 44.6560421 ], [ 34.4056106, 44.6555487 ], [ 34.4054871, 44.6549527 ], [ 34.4055077, 44.6546349 ], [ 34.4053784, 44.6544487 ], [ 34.4052373, 44.654294 ], [ 34.4044332, 44.6537771 ], [ 34.4041554, 44.6535307 ], [ 34.403859, 44.653385 ], [ 34.4036674, 44.6532002 ], [ 34.4032208, 44.6522531 ], [ 34.4030912, 44.6519099 ], [ 34.4028405, 44.6513114 ], [ 34.4025796, 44.6506885 ], [ 34.4023675, 44.6500931 ], [ 34.4021377, 44.649528 ], [ 34.4019655, 44.648663 ], [ 34.4015298, 44.6479412 ], [ 34.4014248, 44.6474962 ], [ 34.4013716, 44.6472576 ], [ 34.40152, 44.6471961 ], [ 34.4014052, 44.647045 ], [ 34.4014247, 44.6469471 ], [ 34.4013438, 44.6468899 ], [ 34.4012792, 44.6466606 ], [ 34.4012671, 44.6466028 ], [ 34.4010653, 44.6460643 ], [ 34.4010979, 44.6460055 ], [ 34.4009593, 44.6454865 ], [ 34.4010204, 44.6454281 ], [ 34.4008781, 44.6449023 ], [ 34.4008973, 44.6448547 ], [ 34.4007686, 44.6443305 ], [ 34.4007961, 44.6442925 ], [ 34.4006254, 44.6437507 ], [ 34.4006531, 44.6437076 ], [ 34.4005136, 44.643175 ], [ 34.4005243, 44.6431297 ], [ 34.40034, 44.6426154 ], [ 34.4004625, 44.6425592 ], [ 34.4002981, 44.6423234 ], [ 34.4002381, 44.6420327 ], [ 34.4004166, 44.6419773 ], [ 34.4001724, 44.6416296 ], [ 34.4001489, 44.6414443 ], [ 34.4002964, 44.6413862 ], [ 34.4001151, 44.6411781 ], [ 34.4000414, 44.6408769 ], [ 34.400029, 44.6408357 ], [ 34.4002493, 44.640819 ], [ 34.4000924, 44.6406429 ], [ 34.399976, 44.6405057 ], [ 34.3999268, 44.6403078 ], [ 34.399919, 44.6402662 ], [ 34.3999192, 44.6402494 ], [ 34.3998761, 44.6395881 ], [ 34.3996182, 44.6393663 ], [ 34.3993719, 44.6392184 ], [ 34.3980594, 44.6386761 ], [ 34.3973056, 44.6380905 ], [ 34.3968448, 44.6376529 ], [ 34.3965447, 44.6373697 ], [ 34.3967016, 44.6372777 ], [ 34.3960712, 44.6367486 ], [ 34.3954133, 44.6361905 ], [ 34.3948928, 44.6358432 ], [ 34.3948647, 44.6358245 ], [ 34.3943811, 44.635498 ], [ 34.3943204, 44.635457 ], [ 34.3939017, 44.6350836 ], [ 34.3938382, 44.635027 ], [ 34.3934561, 44.6346775 ], [ 34.3933796, 44.6346076 ], [ 34.3925144, 44.6338371 ], [ 34.3917573, 44.633136 ], [ 34.3912022, 44.6326702 ], [ 34.3906558, 44.6322134 ], [ 34.3899915, 44.631673 ], [ 34.3895621, 44.6315047 ], [ 34.389108, 44.6311645 ], [ 34.3885485, 44.6307671 ], [ 34.3880611, 44.6303239 ], [ 34.3874671, 44.6297793 ], [ 34.3871459, 44.6293409 ], [ 34.3867854, 44.6288568 ], [ 34.3864738, 44.6284118 ], [ 34.3863993, 44.6283079 ], [ 34.3861353, 44.6279398 ], [ 34.3859696, 44.6277223 ], [ 34.3857125, 44.6276365 ], [ 34.3854393, 44.6275164 ], [ 34.3852491, 44.6274039 ], [ 34.3847789, 44.6267956 ], [ 34.3842206, 44.6260733 ], [ 34.3836398, 44.6253219 ], [ 34.3829124, 44.6239959 ], [ 34.3823105, 44.6226432 ], [ 34.3815868, 44.6205378 ], [ 34.3816052, 44.6203524 ], [ 34.381306, 44.619408 ], [ 34.3809926, 44.6181048 ], [ 34.3809162, 44.6176342 ], [ 34.3807186, 44.6169765 ], [ 34.3806473, 44.6167122 ], [ 34.3806013, 44.616642 ], [ 34.3805479, 44.6165607 ], [ 34.3804323, 44.6164605 ], [ 34.3800125, 44.6161979 ], [ 34.3795927, 44.6159806 ], [ 34.3792429, 44.6157859 ], [ 34.3785496, 44.6154282 ], [ 34.3782432, 44.6151908 ], [ 34.3781159, 44.6150954 ], [ 34.3775573, 44.6146766 ], [ 34.3770527, 44.6141459 ], [ 34.3769952, 44.6140831 ], [ 34.3766575, 44.6136461 ], [ 34.3762773, 44.6131564 ], [ 34.3759033, 44.6126738 ], [ 34.3756945, 44.6123641 ], [ 34.3755778, 44.6121005 ], [ 34.3754658, 44.611505 ], [ 34.3752678, 44.6103939 ], [ 34.3754648, 44.610189 ], [ 34.3754648, 44.6095094 ], [ 34.3756508, 44.6090962 ], [ 34.3755735, 44.6085393 ], [ 34.375513, 44.6080298 ], [ 34.3755709, 44.6079387 ], [ 34.3749415, 44.6075375 ], [ 34.3747113, 44.6075124 ], [ 34.3746936, 44.6072418 ], [ 34.3746598, 44.6069495 ], [ 34.3742918, 44.6066304 ], [ 34.3742083, 44.6065651 ], [ 34.3741692, 44.6065811 ], [ 34.3737454, 44.606203 ], [ 34.3736462, 44.6060245 ], [ 34.3735844, 44.6059471 ], [ 34.3735011, 44.6058859 ], [ 34.3733156, 44.6055693 ], [ 34.3731642, 44.6052838 ], [ 34.3732357, 44.6052457 ], [ 34.3732315, 44.6051876 ], [ 34.3731448, 44.6051546 ], [ 34.373057, 44.6051457 ], [ 34.3729282, 44.6048252 ], [ 34.3730095, 44.6048102 ], [ 34.3730779, 44.6047333 ], [ 34.3730255, 44.6046353 ], [ 34.3728946, 44.6045714 ], [ 34.3728422, 44.6045974 ], [ 34.3728249, 44.6045635 ], [ 34.3725061, 44.6036121 ], [ 34.3724599, 44.6032116 ], [ 34.3723388, 44.6028791 ], [ 34.3722436, 44.6025254 ], [ 34.3721259, 44.6022067 ], [ 34.3720793, 44.6021682 ], [ 34.3720444, 44.6021176 ], [ 34.372027, 44.6020413 ], [ 34.3720331, 44.6019729 ], [ 34.3721021, 44.6018722 ], [ 34.3722644, 44.6017481 ], [ 34.3723449, 44.6016813 ], [ 34.3723918, 44.6016202 ], [ 34.372538, 44.601434 ], [ 34.3725675, 44.6012869 ], [ 34.3726292, 44.6012353 ], [ 34.3726846, 44.6011944 ], [ 34.3726922, 44.6011589 ], [ 34.3726694, 44.6011208 ], [ 34.3726506, 44.6010558 ], [ 34.3726082, 44.6010139 ], [ 34.3725802, 44.6010152 ], [ 34.3725688, 44.6009966 ], [ 34.3725849, 44.6009699 ], [ 34.3726003, 44.6009575 ], [ 34.3726037, 44.6009441 ], [ 34.3725876, 44.6009045 ], [ 34.372537, 44.6008453 ], [ 34.3725681, 44.6007779 ], [ 34.372536, 44.6007254 ], [ 34.3725961, 44.6006645 ], [ 34.3725708, 44.6006233 ], [ 34.3725212, 44.6006051 ], [ 34.3724689, 44.6006175 ], [ 34.3724568, 44.6005946 ], [ 34.3724861, 44.6005633 ], [ 34.3726097, 44.6005306 ], [ 34.3726795, 44.6004485 ], [ 34.3727814, 44.600417 ], [ 34.3728189, 44.6003731 ], [ 34.3728509, 44.600315 ], [ 34.3728858, 44.600144 ], [ 34.3728134, 44.5999435 ], [ 34.3728938, 44.5998098 ], [ 34.3728187, 44.599722 ], [ 34.3727383, 44.5997373 ], [ 34.3725612, 44.59934 ], [ 34.3724379, 44.5988549 ], [ 34.3723413, 44.598853 ], [ 34.3723118, 44.598705 ], [ 34.372407, 44.5986917 ], [ 34.3723923, 44.5985465 ], [ 34.3722595, 44.5980404 ], [ 34.3722193, 44.5979372 ], [ 34.3721361, 44.5978493 ], [ 34.3720557, 44.5977806 ], [ 34.3720114, 44.5976193 ], [ 34.3719993, 44.5973099 ], [ 34.3719289, 44.5971986 ], [ 34.371829, 44.5969947 ], [ 34.3718012, 44.5968604 ], [ 34.3717544, 44.5967591 ], [ 34.3717354, 44.5965995 ], [ 34.3717467, 44.5965143 ], [ 34.3717517, 44.5963754 ], [ 34.3720172, 44.5963716 ], [ 34.372011, 44.59634 ], [ 34.3717486, 44.596336 ], [ 34.3715192, 44.5963339 ], [ 34.3715594, 44.5959796 ], [ 34.3715587, 44.5959485 ], [ 34.3715662, 44.5958771 ], [ 34.3715671, 44.5958201 ], [ 34.3715742, 44.5958067 ], [ 34.371638, 44.5957162 ], [ 34.3715659, 44.5953931 ], [ 34.3715551, 44.5953361 ], [ 34.3715903, 44.5952796 ], [ 34.3718667, 44.5952835 ], [ 34.3721519, 44.5952876 ], [ 34.3721601, 44.5951173 ], [ 34.3721602, 44.5950989 ], [ 34.3721612, 44.5950715 ], [ 34.3722044, 44.595054 ], [ 34.3722166, 44.5950077 ], [ 34.3721648, 44.5949701 ], [ 34.3721679, 44.5948846 ], [ 34.3720095, 44.5948745 ], [ 34.372008, 44.5948053 ], [ 34.3718629, 44.5947997 ], [ 34.3718355, 44.5947759 ], [ 34.3718211, 44.5946873 ], [ 34.372093, 44.5946264 ], [ 34.3719161, 44.5941978 ], [ 34.3719256, 44.5940536 ], [ 34.3718058, 44.5940399 ], [ 34.3717029, 44.5941451 ], [ 34.3716973, 44.5941862 ], [ 34.3716501, 44.5941749 ], [ 34.3715544, 44.5941213 ], [ 34.3715166, 44.5940977 ], [ 34.3716649, 44.5940273 ], [ 34.3713058, 44.5938005 ], [ 34.3711687, 44.5936795 ], [ 34.3709682, 44.5937509 ], [ 34.3709362, 44.5936197 ], [ 34.3709223, 44.5933713 ], [ 34.3709447, 44.593148 ], [ 34.3709536, 44.5929496 ], [ 34.3710231, 44.5927718 ], [ 34.3710952, 44.5926567 ], [ 34.3710398, 44.5925853 ], [ 34.3708607, 44.5925598 ], [ 34.3707102, 44.592539 ], [ 34.3705488, 44.5924758 ], [ 34.3703107, 44.5923926 ], [ 34.3701721, 44.5923173 ], [ 34.370056, 44.5922417 ], [ 34.369952, 44.5921418 ], [ 34.3699258, 44.5920326 ], [ 34.3699177, 44.5919772 ], [ 34.3699361, 44.5919122 ], [ 34.3700372, 44.5918607 ], [ 34.3702211, 44.591823 ], [ 34.3703994, 44.5917881 ], [ 34.3703088, 44.5915212 ], [ 34.3701689, 44.5915382 ], [ 34.3696595, 44.5911846 ], [ 34.3693748, 44.5911005 ], [ 34.3685674, 44.5909334 ], [ 34.368164, 44.5908499 ], [ 34.3681334, 44.5908436 ], [ 34.3676441, 44.5908154 ], [ 34.3670739, 44.5909257 ], [ 34.3668886, 44.5910869 ], [ 34.3667962, 44.5912324 ], [ 34.3668036, 44.5912404 ], [ 34.3668541, 44.591295 ], [ 34.3667327, 44.5913854 ], [ 34.3664087, 44.5914552 ], [ 34.3657521, 44.5920229 ], [ 34.3656089, 44.5921097 ], [ 34.3654072, 44.5921605 ], [ 34.365184, 44.5921367 ], [ 34.3651653, 44.5921838 ], [ 34.363613, 44.5920718 ], [ 34.3631315, 44.5919458 ], [ 34.3629202, 44.5917532 ], [ 34.3627538, 44.5919209 ], [ 34.3626073, 44.5918909 ], [ 34.3619326, 44.5916113 ], [ 34.3612519, 44.5912183 ], [ 34.360631, 44.5907917 ], [ 34.3600217, 44.590363 ], [ 34.3593844, 44.5899381 ], [ 34.3586958, 44.5894739 ], [ 34.3579683, 44.5891626 ], [ 34.3571958, 44.5888741 ], [ 34.3564827, 44.5885504 ], [ 34.3556388, 44.5882486 ], [ 34.3549159, 44.5879114 ], [ 34.3542039, 44.5875305 ], [ 34.353932, 44.5874587 ], [ 34.353166, 44.5872804 ], [ 34.3528604, 44.5871316 ], [ 34.3526266, 44.5869486 ], [ 34.352128, 44.5864432 ], [ 34.3520326, 44.5862021 ], [ 34.3519567, 44.5860103 ], [ 34.3518989, 44.5858642 ], [ 34.3516249, 44.5852627 ], [ 34.3515492, 44.5850302 ], [ 34.3513958, 44.5845589 ], [ 34.3514054, 44.584442 ], [ 34.3513975, 44.5844356 ], [ 34.3508389, 44.5839802 ], [ 34.3503063, 44.5836105 ], [ 34.3502972, 44.5836035 ], [ 34.3500573, 44.5837304 ], [ 34.3496935, 44.5833912 ], [ 34.3496522, 44.5833512 ], [ 34.3494266, 44.5830556 ], [ 34.3492301, 44.5828069 ], [ 34.3489164, 44.5820668 ], [ 34.3488511, 44.5817857 ], [ 34.3488265, 44.5816797 ], [ 34.3488369, 44.5816077 ], [ 34.3488877, 44.5815986 ], [ 34.3495878, 44.5814472 ], [ 34.3491894, 44.5804802 ], [ 34.3491027, 44.5804709 ], [ 34.3490605, 44.5802195 ], [ 34.3490566, 44.5801354 ], [ 34.3491559, 44.5801211 ], [ 34.3492565, 44.5801278 ], [ 34.3493329, 44.5800886 ], [ 34.3494348, 44.5801192 ], [ 34.3495697, 44.5801248 ], [ 34.3498278, 44.5799883 ], [ 34.3498506, 44.5798689 ], [ 34.349986, 44.579887 ], [ 34.350068, 44.57983 ], [ 34.3501657, 44.5797075 ], [ 34.3502137, 44.5795956 ], [ 34.3502703, 44.5794964 ], [ 34.3502475, 44.5792031 ], [ 34.350318, 44.5790995 ], [ 34.3503535, 44.5789652 ], [ 34.350188, 44.5789683 ], [ 34.3500591, 44.5790111 ], [ 34.3500665, 44.5788286 ], [ 34.3501456, 44.5787964 ], [ 34.3502019, 44.5787302 ], [ 34.3501577, 44.5787102 ], [ 34.3501295, 44.5786615 ], [ 34.3500611, 44.5786013 ], [ 34.3501134, 44.578522 ], [ 34.3500611, 44.5784484 ], [ 34.3500307, 44.5784891 ], [ 34.3500108, 44.5784456 ], [ 34.3500008, 44.5784055 ], [ 34.350041, 44.5782555 ], [ 34.3500998, 44.5782254 ], [ 34.3501295, 44.5781905 ], [ 34.3501688, 44.5781429 ], [ 34.3501349, 44.5780635 ], [ 34.350151, 44.5780157 ], [ 34.3501259, 44.5779279 ], [ 34.3501222, 44.5778631 ], [ 34.3502367, 44.5778372 ], [ 34.3503159, 44.5778906 ], [ 34.3504532, 44.5779397 ], [ 34.3504641, 44.5778796 ], [ 34.3504162, 44.5778648 ], [ 34.3503818, 44.5778063 ], [ 34.3502489, 44.5778017 ], [ 34.3501188, 44.5778457 ], [ 34.3500651, 44.5777779 ], [ 34.349973, 44.5777295 ], [ 34.3499391, 44.5776938 ], [ 34.3500222, 44.5776632 ], [ 34.3500281, 44.5776392 ], [ 34.3500145, 44.5776231 ], [ 34.3500285, 44.5775918 ], [ 34.3500935, 44.5776166 ], [ 34.3501495, 44.5776218 ], [ 34.3502157, 44.5775769 ], [ 34.3502486, 44.577537 ], [ 34.3501563, 44.5775055 ], [ 34.3500781, 44.5774927 ], [ 34.3499854, 44.5774729 ], [ 34.3497252, 44.5774167 ], [ 34.3497237, 44.5773463 ], [ 34.3496587, 44.5773024 ], [ 34.3495917, 44.5772439 ], [ 34.3495869, 44.5771742 ], [ 34.3495722, 44.5770566 ], [ 34.3495396, 44.5769912 ], [ 34.349429, 44.5768716 ], [ 34.3493189, 44.5766763 ], [ 34.3491644, 44.576532 ], [ 34.3490573, 44.5765131 ], [ 34.3489919, 44.576275 ], [ 34.3489587, 44.5761539 ], [ 34.348944, 44.5759361 ], [ 34.3490191, 44.5759437 ], [ 34.3489827, 44.575861 ], [ 34.3489665, 44.575808 ], [ 34.3489125, 44.5755754 ], [ 34.3490242, 44.5755529 ], [ 34.3489974, 44.5754698 ], [ 34.3489667, 44.5753847 ], [ 34.348927, 44.5753183 ], [ 34.3489065, 44.5751486 ], [ 34.3488973, 44.5750727 ], [ 34.348929, 44.5750382 ], [ 34.348974, 44.5749891 ], [ 34.3489599, 44.5749055 ], [ 34.3490391, 44.5748163 ], [ 34.3490177, 44.5747639 ], [ 34.3489587, 44.5747429 ], [ 34.3488716, 44.574679 ], [ 34.3488656, 44.574646 ], [ 34.3487925, 44.5745815 ], [ 34.348736, 44.5745413 ], [ 34.3485294, 44.5744725 ], [ 34.348314, 44.5744874 ], [ 34.3483011, 44.5745023 ], [ 34.3481723, 44.5745704 ], [ 34.3481435, 44.5746524 ], [ 34.3481211, 44.5747476 ], [ 34.3480579, 44.5747943 ], [ 34.3479381, 44.5747696 ], [ 34.3478121, 44.5747133 ], [ 34.3477531, 44.5746808 ], [ 34.3477062, 44.5746483 ], [ 34.3475963, 44.5745721 ], [ 34.3473232, 44.5742075 ], [ 34.347226, 44.5739366 ], [ 34.346976, 44.5736032 ], [ 34.3469466, 44.5735447 ], [ 34.346599, 44.5725321 ], [ 34.3461677, 44.5711838 ], [ 34.3459306, 44.570439 ], [ 34.3459532, 44.5702296 ], [ 34.346004, 44.5698956 ], [ 34.3458077, 44.5692825 ], [ 34.3457584, 44.5688993 ], [ 34.3457452, 44.5687558 ], [ 34.3457292, 44.5685787 ], [ 34.3457779, 44.5683205 ], [ 34.3458149, 44.5681664 ], [ 34.3458598, 44.5681137 ], [ 34.3459085, 44.5681081 ], [ 34.3459572, 44.5680706 ], [ 34.3459182, 44.568029 ], [ 34.3459455, 44.5679887 ], [ 34.3459689, 44.5679499 ], [ 34.3460312, 44.5679707 ], [ 34.3460721, 44.5679401 ], [ 34.3460936, 44.5678916 ], [ 34.3460682, 44.567843 ], [ 34.3461033, 44.5678055 ], [ 34.3461793, 44.5677958 ], [ 34.3462183, 44.5678319 ], [ 34.3462436, 44.567861 ], [ 34.3463001, 44.5678582 ], [ 34.3463644, 44.5678694 ], [ 34.3464599, 44.5678305 ], [ 34.3465183, 44.5678458 ], [ 34.3465183, 44.5677986 ], [ 34.3464716, 44.5677639 ], [ 34.3464579, 44.5677083 ], [ 34.3464618, 44.5676611 ], [ 34.3465222, 44.5676417 ], [ 34.3466138, 44.56765 ], [ 34.3465261, 44.567582 ], [ 34.3465476, 44.5675404 ], [ 34.3466236, 44.5675529 ], [ 34.3466664, 44.5675126 ], [ 34.3466333, 44.5674501 ], [ 34.3467513, 44.567359 ], [ 34.3468048, 44.5673724 ], [ 34.3469002, 44.567278 ], [ 34.3470113, 44.5673557 ], [ 34.3470483, 44.5674376 ], [ 34.3471282, 44.5674446 ], [ 34.3473659, 44.5673599 ], [ 34.3473406, 44.5673196 ], [ 34.3474224, 44.5672697 ], [ 34.3475218, 44.5672141 ], [ 34.3475432, 44.5671628 ], [ 34.347514, 44.5670545 ], [ 34.3474205, 44.5669782 ], [ 34.3472997, 44.5669212 ], [ 34.3473231, 44.5668699 ], [ 34.347288, 44.5668407 ], [ 34.3472178, 44.566856 ], [ 34.3471672, 44.5668227 ], [ 34.3472354, 44.5667602 ], [ 34.3472237, 44.5666866 ], [ 34.3472977, 44.5666408 ], [ 34.3472899, 44.5665936 ], [ 34.3473133, 44.5665395 ], [ 34.3473328, 44.5665131 ], [ 34.3473796, 44.5665159 ], [ 34.347514, 44.5665839 ], [ 34.3475783, 44.5666519 ], [ 34.3476192, 44.5666603 ], [ 34.347705, 44.5666783 ], [ 34.3477654, 44.5666672 ], [ 34.3477809, 44.5666075 ], [ 34.3477576, 44.5665353 ], [ 34.3476582, 44.5664673 ], [ 34.3475374, 44.5664049 ], [ 34.3474107, 44.5663507 ], [ 34.3473133, 44.5662438 ], [ 34.3471341, 44.5661286 ], [ 34.3472743, 44.5660897 ], [ 34.347308, 44.565999 ], [ 34.3473094, 44.5659953 ], [ 34.347249, 44.5659537 ], [ 34.3472217, 44.5659093 ], [ 34.3472841, 44.5658593 ], [ 34.3473484, 44.5658426 ], [ 34.3473562, 44.5657968 ], [ 34.3473094, 44.5657552 ], [ 34.3472821, 44.5657233 ], [ 34.3473211, 44.5656691 ], [ 34.3473094, 44.5656108 ], [ 34.347362, 44.5655289 ], [ 34.3474458, 44.5655303 ], [ 34.3474439, 44.565472 ], [ 34.3473854, 44.5654428 ], [ 34.3473737, 44.5654109 ], [ 34.3473601, 44.5653873 ], [ 34.3474283, 44.5653707 ], [ 34.3476562, 44.5654748 ], [ 34.3477517, 44.565472 ], [ 34.3477712, 44.5653707 ], [ 34.3477595, 44.5652901 ], [ 34.3477225, 44.5652193 ], [ 34.3477459, 44.5651624 ], [ 34.3478784, 44.5651791 ], [ 34.3479661, 44.5652193 ], [ 34.3481395, 44.5652013 ], [ 34.3481804, 44.5651555 ], [ 34.3483441, 44.5651791 ], [ 34.348385, 44.5651444 ], [ 34.3484259, 44.5651 ], [ 34.3485233, 44.5650791 ], [ 34.3485077, 44.5650403 ], [ 34.3484454, 44.5650361 ], [ 34.3483265, 44.5650028 ], [ 34.3483129, 44.5649736 ], [ 34.3482315, 44.5649398 ], [ 34.3483713, 44.5648306 ], [ 34.3485564, 44.5648723 ], [ 34.3485701, 44.5648057 ], [ 34.348574, 44.5646738 ], [ 34.3484746, 44.5646266 ], [ 34.348461, 44.5646696 ], [ 34.3483616, 44.5645933 ], [ 34.3483772, 44.564535 ], [ 34.3483713, 44.5644836 ], [ 34.3483343, 44.5644586 ], [ 34.3482856, 44.5644878 ], [ 34.3482915, 44.5645516 ], [ 34.3481999, 44.5645183 ], [ 34.3481921, 44.5644517 ], [ 34.3481648, 44.5643906 ], [ 34.3481765, 44.5643364 ], [ 34.3482661, 44.5643545 ], [ 34.3482856, 44.564342 ], [ 34.3483402, 44.5642282 ], [ 34.3480732, 44.5640935 ], [ 34.3482057, 44.5639963 ], [ 34.3481784, 44.5639713 ], [ 34.3482564, 44.5639047 ], [ 34.3482622, 44.5638311 ], [ 34.3480537, 44.5637131 ], [ 34.3480323, 44.5636479 ], [ 34.3480381, 44.5635785 ], [ 34.3480635, 44.5635257 ], [ 34.3481356, 44.5635007 ], [ 34.3481083, 44.5634577 ], [ 34.3481414, 44.563398 ], [ 34.3483265, 44.5634938 ], [ 34.3483402, 44.5634785 ], [ 34.3484668, 44.5634952 ], [ 34.3485448, 44.5634466 ], [ 34.3485506, 44.5633786 ], [ 34.3484766, 44.5633286 ], [ 34.3484688, 44.563298 ], [ 34.3483616, 44.5631731 ], [ 34.3482427, 44.5631065 ], [ 34.3481434, 44.5630218 ], [ 34.3480167, 44.5629579 ], [ 34.3480148, 44.562883 ], [ 34.347929, 44.5627761 ], [ 34.3478745, 44.5626136 ], [ 34.3479301, 44.5625863 ], [ 34.3479309, 44.5625656 ], [ 34.3479097, 44.5625395 ], [ 34.3478695, 44.5625254 ], [ 34.3477908, 44.5625309 ], [ 34.3477852, 44.562509 ], [ 34.3478541, 44.5624935 ], [ 34.3478465, 44.562464 ], [ 34.3478203, 44.5624458 ], [ 34.3477647, 44.5624485 ], [ 34.3477533, 44.5624894 ], [ 34.3477239, 44.5624788 ], [ 34.3476782, 44.5624875 ], [ 34.3476234, 44.562442 ], [ 34.3476569, 44.5623031 ], [ 34.347733, 44.562186 ], [ 34.3478944, 44.5620776 ], [ 34.3477787, 44.5618021 ], [ 34.3477756, 44.5616979 ], [ 34.3476721, 44.5616589 ], [ 34.3475716, 44.5614767 ], [ 34.3475442, 44.5612359 ], [ 34.3475747, 44.5610081 ], [ 34.3475747, 44.5609279 ], [ 34.3476143, 44.5608888 ], [ 34.3476995, 44.5609084 ], [ 34.3477604, 44.5608867 ], [ 34.3477421, 44.5608259 ], [ 34.3477878, 44.5607999 ], [ 34.3479248, 44.560776 ], [ 34.3480044, 44.5606321 ], [ 34.3479807, 44.5605149 ], [ 34.347875, 44.5604412 ], [ 34.3478488, 44.5603698 ], [ 34.3478609, 44.5603205 ], [ 34.3479126, 44.5602945 ], [ 34.3479794, 44.5602223 ], [ 34.3479538, 44.5601262 ], [ 34.3478788, 44.5600838 ], [ 34.3478, 44.5600428 ], [ 34.3477307, 44.5600478 ], [ 34.3476995, 44.560032 ], [ 34.3476612, 44.5600313 ], [ 34.347634, 44.5599936 ], [ 34.3475764, 44.5599361 ], [ 34.3473829, 44.5599821 ], [ 34.347336, 44.5599519 ], [ 34.347276, 44.5599149 ], [ 34.3472862, 44.5598021 ], [ 34.3471152, 44.5599107 ], [ 34.3469593, 44.559909 ], [ 34.3468172, 44.5597772 ], [ 34.3467754, 44.5595451 ], [ 34.3466527, 44.5590138 ], [ 34.3465749, 44.5587129 ], [ 34.3465122, 44.5584311 ], [ 34.3464431, 44.5579756 ], [ 34.3465264, 44.5576458 ], [ 34.3465599, 44.557166 ], [ 34.3465198, 44.556894 ], [ 34.3464747, 44.5566702 ], [ 34.3464543, 44.5565394 ], [ 34.3465487, 44.5564591 ], [ 34.3464634, 44.5563745 ], [ 34.3465274, 44.5562877 ], [ 34.3467344, 44.5562313 ], [ 34.3468033, 44.5561834 ], [ 34.3468854, 44.5561754 ], [ 34.3469105, 44.5561324 ], [ 34.3469921, 44.5561369 ], [ 34.3470125, 44.5561829 ], [ 34.3470593, 44.5562331 ], [ 34.3471578, 44.5562752 ], [ 34.3471779, 44.5562284 ], [ 34.3471105, 44.5561554 ], [ 34.3471307, 44.556129 ], [ 34.3473737, 44.5559428 ], [ 34.3474346, 44.5558842 ], [ 34.3474803, 44.5558994 ], [ 34.347529, 44.5559233 ], [ 34.3476417, 44.5558994 ], [ 34.3476356, 44.5558625 ], [ 34.347526, 44.5558452 ], [ 34.3475016, 44.5558278 ], [ 34.3475442, 44.5557714 ], [ 34.3476599, 44.5557194 ], [ 34.3475838, 44.5556651 ], [ 34.347596, 44.5556391 ], [ 34.3476843, 44.5556391 ], [ 34.3476021, 44.5555697 ], [ 34.3476356, 44.5555068 ], [ 34.3477056, 44.5554395 ], [ 34.3476812, 44.5553657 ], [ 34.3475899, 44.5553419 ], [ 34.347599, 44.5552594 ], [ 34.3476965, 44.5551835 ], [ 34.3477878, 44.555164 ], [ 34.347733, 44.5550186 ], [ 34.3478578, 44.5548494 ], [ 34.347937, 44.5547409 ], [ 34.3477452, 44.5546368 ], [ 34.3476143, 44.5545305 ], [ 34.3476203, 44.5544589 ], [ 34.3477421, 44.5543526 ], [ 34.3475655, 44.5542159 ], [ 34.3476356, 44.5540944 ], [ 34.3476678, 44.5538706 ], [ 34.3478152, 44.5539599 ], [ 34.3479126, 44.553897 ], [ 34.3478639, 44.553743 ], [ 34.3478091, 44.5536215 ], [ 34.3479218, 44.5535325 ], [ 34.3478, 44.5534523 ], [ 34.3478974, 44.553385 ], [ 34.3478304, 44.5531637 ], [ 34.3479552, 44.5530032 ], [ 34.3479309, 44.5529034 ], [ 34.3477939, 44.5526821 ], [ 34.347873, 44.5526127 ], [ 34.3479826, 44.5526192 ], [ 34.3480435, 44.5525541 ], [ 34.3481136, 44.5525324 ], [ 34.3482719, 44.5525541 ], [ 34.3482871, 44.5525302 ], [ 34.3483023, 44.5524934 ], [ 34.3482475, 44.5524478 ], [ 34.3481958, 44.552463 ], [ 34.3480862, 44.5524521 ], [ 34.3480466, 44.5524934 ], [ 34.3479705, 44.5524565 ], [ 34.3479309, 44.5524001 ], [ 34.3480192, 44.5523068 ], [ 34.3479552, 44.5522048 ], [ 34.3478152, 44.5521137 ], [ 34.3476325, 44.552079 ], [ 34.3476538, 44.5519575 ], [ 34.3477269, 44.5519163 ], [ 34.3478182, 44.5518316 ], [ 34.3479065, 44.5517362 ], [ 34.3478822, 44.5515995 ], [ 34.3478152, 44.5514823 ], [ 34.3476599, 44.5513847 ], [ 34.3474438, 44.5513131 ], [ 34.347322, 44.5511005 ], [ 34.347252, 44.5508119 ], [ 34.3472672, 44.5505668 ], [ 34.3473616, 44.5504995 ], [ 34.3473981, 44.5504496 ], [ 34.3473951, 44.5503476 ], [ 34.3471484, 44.5503802 ], [ 34.3470906, 44.5502847 ], [ 34.347115, 44.5501025 ], [ 34.3474773, 44.5501155 ], [ 34.3477239, 44.5501003 ], [ 34.3476934, 44.5499029 ], [ 34.3476082, 44.5498703 ], [ 34.3475138, 44.5499007 ], [ 34.3474346, 44.5499137 ], [ 34.3473372, 44.5498551 ], [ 34.3472581, 44.5498421 ], [ 34.3472124, 44.5495753 ], [ 34.3472794, 44.5495557 ], [ 34.3473037, 44.549482 ], [ 34.3474773, 44.5494885 ], [ 34.3474255, 44.5493757 ], [ 34.3473677, 44.5493626 ], [ 34.3473555, 44.5492108 ], [ 34.3473859, 44.5491392 ], [ 34.3473281, 44.5490762 ], [ 34.3472033, 44.549022 ], [ 34.3471637, 44.5488918 ], [ 34.346984, 44.548805 ], [ 34.3468653, 44.5487595 ], [ 34.3467496, 44.5487638 ], [ 34.3467466, 44.5487117 ], [ 34.3467618, 44.5486466 ], [ 34.3466278, 44.5486271 ], [ 34.3466278, 44.5485816 ], [ 34.3466187, 44.5485382 ], [ 34.3465426, 44.5484861 ], [ 34.3464391, 44.5484752 ], [ 34.3463599, 44.5485273 ], [ 34.3463295, 44.5486163 ], [ 34.3462503, 44.548549 ], [ 34.3461651, 44.5484948 ], [ 34.3460859, 44.5484427 ], [ 34.3459641, 44.5483646 ], [ 34.3458789, 44.5483906 ], [ 34.3458819, 44.5484427 ], [ 34.3459093, 44.5484904 ], [ 34.3459093, 44.5485186 ], [ 34.3458119, 44.5485317 ], [ 34.345751, 44.5485208 ], [ 34.3456566, 44.5484535 ], [ 34.345702, 44.5484204 ], [ 34.3456079, 44.5483017 ], [ 34.3454892, 44.548178 ], [ 34.3453187, 44.5481737 ], [ 34.3451665, 44.548165 ], [ 34.3451086, 44.5481064 ], [ 34.3448529, 44.5481259 ], [ 34.3447463, 44.548178 ], [ 34.344722, 44.5482648 ], [ 34.3445698, 44.5483364 ], [ 34.3443506, 44.5483125 ], [ 34.3440887, 44.5482865 ], [ 34.3438978, 44.5482469 ], [ 34.3437751, 44.5482214 ], [ 34.3432637, 44.5480869 ], [ 34.3425665, 44.5479133 ], [ 34.3421707, 44.5478569 ], [ 34.342055, 44.5478222 ], [ 34.3418602, 44.547794 ], [ 34.3417018, 44.5477354 ], [ 34.341577, 44.5476768 ], [ 34.3413426, 44.5476833 ], [ 34.3410838, 44.5476312 ], [ 34.3407611, 44.5476009 ], [ 34.3403958, 44.5476377 ], [ 34.3401948, 44.5475683 ], [ 34.3399756, 44.5475531 ], [ 34.3399452, 44.5474989 ], [ 34.3398508, 44.5474815 ], [ 34.3396925, 44.5474208 ], [ 34.3393941, 44.5474208 ], [ 34.3393637, 44.5473492 ], [ 34.3392876, 44.547334 ], [ 34.3390897, 44.5473383 ], [ 34.3389222, 44.5473296 ], [ 34.3388522, 44.5473861 ], [ 34.3387091, 44.5474056 ], [ 34.3386421, 44.5473687 ], [ 34.3385721, 44.5473882 ], [ 34.3384503, 44.5474316 ], [ 34.338362, 44.5475227 ], [ 34.3383397, 44.5474886 ], [ 34.3382463, 44.5475054 ], [ 34.3380454, 44.5475054 ], [ 34.337846, 44.5474827 ], [ 34.3377562, 44.5474577 ], [ 34.3376405, 44.5475184 ], [ 34.3376374, 44.5475748 ], [ 34.3375461, 44.5475466 ], [ 34.3374061, 44.5475466 ], [ 34.3372325, 44.5475813 ], [ 34.3371998, 44.5475877 ], [ 34.3370559, 44.547616 ], [ 34.3369037, 44.5476573 ], [ 34.3368017, 44.5476653 ], [ 34.3367089, 44.5476725 ], [ 34.3365993, 44.5477093 ], [ 34.3363801, 44.5477245 ], [ 34.3362918, 44.5477375 ], [ 34.3362065, 44.5476942 ], [ 34.3360817, 44.5476464 ], [ 34.3359569, 44.5476942 ], [ 34.3359021, 44.5476703 ], [ 34.3358656, 44.5476963 ], [ 34.3357834, 44.5477397 ], [ 34.3357529, 44.5477115 ], [ 34.3357803, 44.547679 ], [ 34.3357925, 44.5476486 ], [ 34.3357894, 44.5475987 ], [ 34.335689, 44.5475553 ], [ 34.3356281, 44.5475943 ], [ 34.3356098, 44.5476486 ], [ 34.3356524, 44.547679 ], [ 34.3356981, 44.5477137 ], [ 34.3356951, 44.5477484 ], [ 34.3356372, 44.5477614 ], [ 34.3355276, 44.5477375 ], [ 34.3354414, 44.5477966 ], [ 34.3352841, 44.5478612 ], [ 34.3351562, 44.5478439 ], [ 34.3350618, 44.5479068 ], [ 34.3349796, 44.5478938 ], [ 34.33487, 44.547948 ], [ 34.3346812, 44.5479957 ], [ 34.3346721, 44.5479545 ], [ 34.3346386, 44.5479155 ], [ 34.3345503, 44.5479719 ], [ 34.3345351, 44.548037 ], [ 34.3344103, 44.5480738 ], [ 34.3342093, 44.5481151 ], [ 34.3340784, 44.548165 ], [ 34.333914, 44.5481802 ], [ 34.3337983, 44.5482301 ], [ 34.3336431, 44.5482431 ], [ 34.333503, 44.5482214 ], [ 34.3334208, 44.5481932 ], [ 34.3333538, 44.5482344 ], [ 34.3334086, 44.5483364 ], [ 34.3330007, 44.5484579 ], [ 34.3326597, 44.5485165 ], [ 34.3326079, 44.5484622 ], [ 34.3325044, 44.5484796 ], [ 34.3324131, 44.5484557 ], [ 34.3323187, 44.5484557 ], [ 34.3323157, 44.5484969 ], [ 34.3322122, 44.5485533 ], [ 34.3322304, 44.5485924 ], [ 34.3321695, 44.5486401 ], [ 34.3320812, 44.5486098 ], [ 34.3319473, 44.5486401 ], [ 34.3318651, 44.5487096 ], [ 34.3314602, 44.5486575 ], [ 34.3314236, 44.5486206 ], [ 34.3313627, 44.5486249 ], [ 34.3312471, 44.5486749 ], [ 34.3311344, 44.5487595 ], [ 34.3310096, 44.5487486 ], [ 34.3309456, 44.5487812 ], [ 34.3310735, 44.5488614 ], [ 34.3308878, 44.5488983 ], [ 34.3307599, 44.5488549 ], [ 34.3305925, 44.5488853 ], [ 34.3305194, 44.5488549 ], [ 34.3304311, 44.5488658 ], [ 34.3304403, 44.5489591 ], [ 34.3303763, 44.5490003 ], [ 34.3302454, 44.5489699 ], [ 34.3301328, 44.5489005 ], [ 34.3300749, 44.5488745 ], [ 34.3299836, 44.5489461 ], [ 34.3299501, 44.5489938 ], [ 34.3300079, 44.549022 ], [ 34.3300414, 44.5490611 ], [ 34.3300049, 44.5490893 ], [ 34.3299166, 44.5490567 ], [ 34.329804, 44.5490741 ], [ 34.3297035, 44.5491565 ], [ 34.3294417, 44.5491435 ], [ 34.3289667, 44.5492129 ], [ 34.3284889, 44.5491466 ], [ 34.3280703, 44.5494246 ], [ 34.3246167, 44.5507513 ], [ 34.323865, 44.55104 ], [ 34.3225189, 44.5516837 ], [ 34.3223688, 44.5517555 ], [ 34.3214662, 44.5521294 ], [ 34.3208197, 44.5523268 ], [ 34.32023, 44.5524827 ], [ 34.3191446, 44.5527696 ], [ 34.317839, 44.5530448 ], [ 34.3167732, 44.5532039 ], [ 34.3167176, 44.5532695 ], [ 34.3160171, 44.5532931 ], [ 34.3159724, 44.5532769 ], [ 34.3143952, 44.553362 ], [ 34.3144005, 44.5534144 ], [ 34.3144008, 44.5536013 ], [ 34.3136334, 44.5536652 ], [ 34.313578, 44.5536701 ], [ 34.3131078, 44.553679 ], [ 34.3128544, 44.5536728 ], [ 34.3122044, 44.5536568 ], [ 34.3121338, 44.5536551 ], [ 34.31155, 44.5536504 ], [ 34.3110088, 44.5536461 ], [ 34.3109401, 44.5536402 ], [ 34.3103323, 44.553588 ], [ 34.309997, 44.5535594 ], [ 34.3096188, 44.5535447 ], [ 34.3093043, 44.5535325 ], [ 34.3088956, 44.5534389 ], [ 34.3085867, 44.5534023 ], [ 34.3081613, 44.553396 ], [ 34.3069998, 44.5532617 ], [ 34.3067329, 44.5531541 ], [ 34.3066807, 44.5531331 ], [ 34.3061602, 44.5529984 ], [ 34.3058411, 44.5529356 ], [ 34.3047538, 44.5525467 ], [ 34.3042864, 44.5523486 ], [ 34.303978, 44.5521106 ], [ 34.3035212, 44.551831 ], [ 34.3034495, 44.5517643 ], [ 34.3030392, 44.5515109 ], [ 34.3030265, 44.551499 ], [ 34.3029799, 44.5515359 ], [ 34.3029517, 44.5515256 ], [ 34.3021097, 44.5508339 ], [ 34.3021334, 44.5507542 ], [ 34.3022196, 44.5506842 ], [ 34.3028864, 44.5507464 ], [ 34.3036001, 44.5511145 ], [ 34.3035669, 44.5511468 ], [ 34.3038338, 44.5512862 ], [ 34.3039648, 44.5511568 ], [ 34.3039107, 44.551061 ], [ 34.3039727, 44.5509818 ], [ 34.3039805, 44.5509329 ], [ 34.3039447, 44.5508699 ], [ 34.3037327, 44.5507532 ], [ 34.303416, 44.5506706 ], [ 34.3029518, 44.5505497 ], [ 34.3021263, 44.5505641 ], [ 34.3020085, 44.5505291 ], [ 34.3017452, 44.5504008 ], [ 34.3016593, 44.5503318 ], [ 34.3016075, 44.5502997 ], [ 34.3014336, 44.5501921 ], [ 34.3011542, 44.5500829 ], [ 34.3007167, 44.5500433 ], [ 34.3001493, 44.5499412 ], [ 34.2993486, 44.5497938 ], [ 34.2992704, 44.5498117 ], [ 34.299225, 44.5498244 ], [ 34.2989483, 44.5498053 ], [ 34.298634, 44.549723 ], [ 34.2980864, 44.549394 ], [ 34.2976136, 44.5489824 ], [ 34.2970129, 44.5485448 ], [ 34.2969833, 44.5485232 ], [ 34.2965678, 44.5481759 ], [ 34.2962074, 44.5477143 ], [ 34.2960788, 44.5475497 ], [ 34.2960466, 44.5473544 ], [ 34.2960735, 44.5473123 ], [ 34.2961003, 44.5471783 ], [ 34.2962965, 44.5471534 ], [ 34.2963529, 44.5471055 ], [ 34.2963824, 44.5470021 ], [ 34.2965356, 44.5468872 ], [ 34.2965114, 44.5468125 ], [ 34.2965356, 44.5466919 ], [ 34.2965786, 44.5466038 ], [ 34.2963851, 44.5465253 ], [ 34.2962857, 44.5465636 ], [ 34.2961164, 44.546577 ], [ 34.2959203, 44.5464851 ], [ 34.2956946, 44.5463281 ], [ 34.2956651, 44.5460811 ], [ 34.2956436, 44.5459738 ], [ 34.2957564, 44.5459719 ], [ 34.2959579, 44.5459336 ], [ 34.296119, 44.5458928 ], [ 34.296232, 44.545836 ], [ 34.2963394, 44.5457039 ], [ 34.2963502, 44.5456062 ], [ 34.2961245, 44.5454875 ], [ 34.2958504, 44.5454775 ], [ 34.2958128, 44.5453458 ], [ 34.295563, 44.5452749 ], [ 34.2953615, 44.545229 ], [ 34.295211, 44.5452558 ], [ 34.2951707, 44.5454281 ], [ 34.2951761, 44.5455411 ], [ 34.2951304, 44.5456445 ], [ 34.2950095, 44.5457057 ], [ 34.2947343, 44.5457177 ], [ 34.2945286, 44.5456617 ], [ 34.2942471, 44.5456487 ], [ 34.2939642, 44.5455676 ], [ 34.2938784, 44.5455371 ], [ 34.2937882, 44.5455671 ], [ 34.2937158, 44.5455876 ], [ 34.2934377, 44.545543 ], [ 34.2932104, 44.5455847 ], [ 34.293067, 44.5455985 ], [ 34.2926816, 44.5456129 ], [ 34.2924624, 44.545633 ], [ 34.2918502, 44.5456793 ], [ 34.2915167, 44.5456311 ], [ 34.2911939, 44.5455572 ], [ 34.2910774, 44.5455321 ], [ 34.2909981, 44.5455124 ], [ 34.290356, 44.545307 ], [ 34.29027, 44.5452768 ], [ 34.2897016, 44.5450429 ], [ 34.2891721, 44.5447814 ], [ 34.2890153, 44.5446794 ], [ 34.2890496, 44.5446104 ], [ 34.2890506, 44.5445782 ], [ 34.2890529, 44.544509 ], [ 34.2889428, 44.5443941 ], [ 34.2888165, 44.5443328 ], [ 34.288615, 44.5442562 ], [ 34.2884377, 44.544216 ], [ 34.2882818, 44.5442102 ], [ 34.2882336, 44.5442619 ], [ 34.2882129, 44.544284 ], [ 34.2881985, 44.5443041 ], [ 34.2879272, 44.5442773 ], [ 34.2877391, 44.5442486 ], [ 34.2872958, 44.5442275 ], [ 34.2870325, 44.5442217 ], [ 34.2867369, 44.5441643 ], [ 34.2856754, 44.543789 ], [ 34.2851117, 44.5434848 ], [ 34.2846367, 44.5432271 ], [ 34.2843163, 44.5430061 ], [ 34.2840987, 44.5428299 ], [ 34.2842147, 44.5427443 ], [ 34.2842416, 44.5426028 ], [ 34.2842147, 44.5425684 ], [ 34.2842651, 44.542384 ], [ 34.2840667, 44.5423818 ], [ 34.2840636, 44.542292 ], [ 34.2840877, 44.5422096 ], [ 34.2840798, 44.5421101 ], [ 34.2840342, 44.54202 ], [ 34.2839644, 44.5419817 ], [ 34.2838677, 44.5419988 ], [ 34.2838164, 44.5420486 ], [ 34.2837105, 44.5419165 ], [ 34.2836393, 44.5419605 ], [ 34.2835469, 44.5419452 ], [ 34.2835424, 44.5420064 ], [ 34.2834932, 44.542058 ], [ 34.2834154, 44.542035 ], [ 34.2833058, 44.5421066 ], [ 34.2831097, 44.5421173 ], [ 34.2830348, 44.5420792 ], [ 34.2830721, 44.541993 ], [ 34.2829997, 44.5419567 ], [ 34.2829487, 44.5419777 ], [ 34.2828467, 44.5419702 ], [ 34.2828602, 44.5420752 ], [ 34.2827471, 44.5421692 ], [ 34.2825223, 44.5421765 ], [ 34.2823845, 44.5421176 ], [ 34.282175, 44.5420869 ], [ 34.2820353, 44.5419606 ], [ 34.2820553, 44.541877 ], [ 34.2820729, 44.5418035 ], [ 34.2820714, 44.541658 ], [ 34.2821185, 44.5416982 ], [ 34.2822583, 44.5416752 ], [ 34.2822824, 44.5416044 ], [ 34.2821831, 44.5415507 ], [ 34.2820622, 44.541589 ], [ 34.2819082, 44.5415878 ], [ 34.2818606, 44.5415144 ], [ 34.2817424, 44.5415029 ], [ 34.2816161, 44.5415948 ], [ 34.2816967, 44.5416791 ], [ 34.2815919, 44.5419222 ], [ 34.2815166, 44.5420009 ], [ 34.2815058, 44.5421269 ], [ 34.2814012, 44.5422167 ], [ 34.2813125, 44.5422306 ], [ 34.2812211, 44.542353 ], [ 34.2810579, 44.5424232 ], [ 34.2809256, 44.5424182 ], [ 34.2808175, 44.542434 ], [ 34.280716, 44.5424489 ], [ 34.2804715, 44.5424221 ], [ 34.2803372, 44.5424005 ], [ 34.2802244, 44.542378 ], [ 34.27951, 44.5421227 ], [ 34.2790154, 44.5417509 ], [ 34.2786286, 44.541477 ], [ 34.2781654, 44.5411521 ], [ 34.2780757, 44.5411582 ], [ 34.2780056, 44.5411653 ], [ 34.2779313, 44.5411203 ], [ 34.2777935, 44.5410608 ], [ 34.2775405, 44.5408566 ], [ 34.2774761, 44.5408595 ], [ 34.2773962, 44.5408475 ], [ 34.2772289, 44.5407389 ], [ 34.2769387, 44.5405057 ], [ 34.2765489, 44.5402144 ], [ 34.2764371, 44.5400913 ], [ 34.2762962, 44.5399363 ], [ 34.2760918, 44.5397006 ], [ 34.2760369, 44.5396455 ], [ 34.2759989, 44.5396079 ], [ 34.2758837, 44.5394834 ], [ 34.2757871, 44.5393748 ], [ 34.2757008, 44.5392096 ], [ 34.2754323, 44.5386955 ], [ 34.275408, 44.538649 ], [ 34.2752415, 44.5381532 ], [ 34.2751521, 44.5378649 ], [ 34.2750368, 44.537631 ], [ 34.2749859, 44.5374517 ], [ 34.2748478, 44.5371196 ], [ 34.2748357, 44.5370994 ], [ 34.2746338, 44.5366421 ], [ 34.2746137, 44.5365964 ], [ 34.2745912, 44.5365332 ], [ 34.2745011, 44.5363197 ], [ 34.2742902, 44.5358088 ], [ 34.2741705, 44.5354757 ], [ 34.2739699, 44.5347234 ], [ 34.2739236, 44.5343612 ], [ 34.2739727, 44.5343019 ], [ 34.2740145, 44.5342625 ], [ 34.273801, 44.5337535 ], [ 34.2737858, 44.5337165 ], [ 34.2738336, 44.5336803 ], [ 34.2736674, 44.5332727 ], [ 34.2736845, 44.5332494 ], [ 34.2737064, 44.5332072 ], [ 34.2734422, 44.532673 ], [ 34.2734669, 44.5326148 ], [ 34.2734017, 44.5326003 ], [ 34.2730959, 44.5321044 ], [ 34.2731122, 44.5320725 ], [ 34.2730811, 44.5320642 ], [ 34.2730409, 44.5319943 ], [ 34.2728409, 44.5316362 ], [ 34.2728408, 44.5314467 ], [ 34.2727064, 44.5311366 ], [ 34.2726618, 44.5306836 ], [ 34.2727325, 44.5304089 ], [ 34.2728337, 44.5302349 ], [ 34.2729383, 44.5298833 ], [ 34.2732667, 44.5293266 ], [ 34.273232, 44.5288257 ], [ 34.2734923, 44.5283463 ], [ 34.2732754, 44.5277275 ], [ 34.273006, 44.5271034 ], [ 34.2727816, 44.5265914 ], [ 34.2723252, 44.52617 ], [ 34.2718837, 44.5258179 ], [ 34.271651, 44.5256076 ], [ 34.2716457, 44.525366 ], [ 34.2705101, 44.5245435 ], [ 34.2701325, 44.5246236 ], [ 34.269611, 44.5233655 ], [ 34.2695271, 44.5232981 ], [ 34.2692587, 44.5230823 ], [ 34.2691532, 44.5226414 ], [ 34.269135, 44.5224231 ], [ 34.2690764, 44.522187 ], [ 34.2688453, 44.5218215 ], [ 34.2683808, 44.5213976 ], [ 34.2682126, 44.5212656 ], [ 34.2680946, 44.5211193 ], [ 34.267645, 44.5207643 ], [ 34.2672697, 44.5205311 ], [ 34.2668943, 44.5203457 ], [ 34.2664625, 44.520071 ], [ 34.2661504, 44.5198727 ], [ 34.2658099, 44.5196825 ], [ 34.265492, 44.5193547 ], [ 34.265535, 44.5192352 ], [ 34.2656019, 44.5192126 ], [ 34.265644, 44.5191723 ], [ 34.2655375, 44.5190796 ], [ 34.2652934, 44.518687 ], [ 34.2650267, 44.518339 ], [ 34.2650494, 44.518246 ], [ 34.2651402, 44.5182176 ], [ 34.2652764, 44.5181529 ], [ 34.2653615, 44.5181003 ], [ 34.2654126, 44.5180355 ], [ 34.2653956, 44.5180072 ], [ 34.2652934, 44.5180477 ], [ 34.2650664, 44.5181084 ], [ 34.2648507, 44.5179101 ], [ 34.2646832, 44.5175838 ], [ 34.264618, 44.5174568 ], [ 34.2647182, 44.5173721 ], [ 34.2648053, 44.5172909 ], [ 34.2645045, 44.5168903 ], [ 34.2643172, 44.5168984 ], [ 34.2641753, 44.5166272 ], [ 34.2639881, 44.5163318 ], [ 34.2640015, 44.516296 ], [ 34.2640108, 44.5162711 ], [ 34.2635397, 44.5157531 ], [ 34.2635603, 44.5157188 ], [ 34.2635738, 44.5156965 ], [ 34.2631481, 44.5152594 ], [ 34.2631418, 44.5152212 ], [ 34.2631367, 44.5151906 ], [ 34.2629835, 44.5150773 ], [ 34.2626373, 44.5147697 ], [ 34.2625719, 44.5147713 ], [ 34.2625124, 44.5147697 ], [ 34.2621335, 44.5143644 ], [ 34.2620244, 44.5142476 ], [ 34.2616725, 44.5139198 ], [ 34.2610916, 44.5134184 ], [ 34.2610255, 44.5133613 ], [ 34.2608325, 44.5132116 ], [ 34.260702, 44.5131509 ], [ 34.2606112, 44.5131792 ], [ 34.2605147, 44.5131509 ], [ 34.2603331, 44.5130376 ], [ 34.2600663, 44.5127624 ], [ 34.2599415, 44.5126652 ], [ 34.2597428, 44.5124791 ], [ 34.2595272, 44.5123455 ], [ 34.2588688, 44.511957 ], [ 34.258744, 44.5118679 ], [ 34.2586759, 44.5118194 ], [ 34.2585453, 44.5117708 ], [ 34.2584208, 44.5116733 ], [ 34.2581991, 44.5114996 ], [ 34.2579494, 44.5112609 ], [ 34.2575351, 44.5110261 ], [ 34.2569959, 44.5107954 ], [ 34.256644, 44.5105607 ], [ 34.2561616, 44.5102774 ], [ 34.2554238, 44.5098524 ], [ 34.2545158, 44.5094922 ], [ 34.2534488, 44.5090753 ], [ 34.2527848, 44.5086099 ], [ 34.2517518, 44.5077721 ], [ 34.2511162, 44.5068249 ], [ 34.2505089, 44.5066954 ], [ 34.2495449, 44.506575 ], [ 34.2489425, 44.506153 ], [ 34.2486023, 44.50609 ], [ 34.247907, 44.5060501 ], [ 34.2463517, 44.5057906 ], [ 34.2457621, 44.5057584 ], [ 34.2444131, 44.5056846 ], [ 34.2441285, 44.505669 ], [ 34.2427888, 44.5055958 ], [ 34.2426518, 44.5055688 ], [ 34.2420828, 44.5054567 ], [ 34.2419842, 44.5054259 ], [ 34.2419697, 44.5054284 ], [ 34.2419169, 44.5054374 ], [ 34.2417369, 44.5054682 ], [ 34.2415099, 44.505506 ], [ 34.2412306, 44.5054778 ], [ 34.2410591, 44.5055139 ], [ 34.2410819, 44.5055771 ], [ 34.240959, 44.5055976 ], [ 34.2407018, 44.5056414 ], [ 34.2405123, 44.5056791 ], [ 34.2402932, 44.505739 ], [ 34.2400196, 44.5058139 ], [ 34.240009, 44.5058132 ], [ 34.2397242, 44.5057945 ], [ 34.2394666, 44.505782 ], [ 34.2394888, 44.5058505 ], [ 34.2391463, 44.50589 ], [ 34.2384738, 44.5058024 ], [ 34.238432, 44.5058028 ], [ 34.2382898, 44.5057482 ], [ 34.2380358, 44.5056701 ], [ 34.2374969, 44.5055044 ], [ 34.2372678, 44.5053817 ], [ 34.2371972, 44.5053392 ], [ 34.2371864, 44.5052279 ], [ 34.2365279, 44.5049618 ], [ 34.2364747, 44.5048986 ], [ 34.2358314, 44.5046433 ], [ 34.2349491, 44.5044981 ], [ 34.2342673, 44.5044172 ], [ 34.2340896, 44.5043707 ], [ 34.2334299, 44.5042278 ], [ 34.2331457, 44.5041414 ], [ 34.2327121, 44.5040091 ], [ 34.2326464, 44.5039897 ], [ 34.2325385, 44.5039579 ], [ 34.2323525, 44.5039423 ], [ 34.2322019, 44.5039104 ], [ 34.2320556, 44.5038613 ], [ 34.2319204, 44.5038239 ], [ 34.2318123, 44.5038177 ], [ 34.2317888, 44.5037959 ], [ 34.2316978, 44.5037848 ], [ 34.23157, 44.5037761 ], [ 34.2314836, 44.503788 ], [ 34.2314077, 44.5037921 ], [ 34.2312401, 44.5038295 ], [ 34.2310886, 44.5038478 ], [ 34.2309259, 44.5038894 ], [ 34.2308616, 44.5038988 ], [ 34.2307689, 44.5039136 ], [ 34.2306849, 44.503927 ], [ 34.2304529, 44.5040723 ], [ 34.2303012, 44.5040903 ], [ 34.2299263, 44.5041139 ], [ 34.2297132, 44.5041262 ], [ 34.2289291, 44.5041483 ], [ 34.2288453, 44.5040592 ], [ 34.228245, 44.504072 ], [ 34.2281023, 44.5040128 ], [ 34.2272811, 44.5039588 ], [ 34.2272919, 44.5038881 ], [ 34.2264866, 44.5038439 ], [ 34.2257046, 44.5037727 ], [ 34.2257209, 44.5036581 ], [ 34.22512, 44.5036021 ], [ 34.2244673, 44.5035668 ], [ 34.223452, 44.5035015 ], [ 34.2233865, 44.5035015 ], [ 34.2225428, 44.5035023 ], [ 34.2218087, 44.5034093 ], [ 34.2218108, 44.503592 ], [ 34.2217698, 44.5033669 ], [ 34.22144, 44.5033372 ], [ 34.221388, 44.5033637 ], [ 34.2208887, 44.5033147 ], [ 34.2202383, 44.5032526 ], [ 34.2198051, 44.503249 ], [ 34.2195738, 44.5032588 ], [ 34.2191228, 44.5032977 ], [ 34.2189924, 44.5033062 ], [ 34.2189419, 44.5033277 ], [ 34.2188056, 44.5033341 ], [ 34.218077, 44.5034115 ], [ 34.2178092, 44.5034615 ], [ 34.2173867, 44.5035235 ], [ 34.2173958, 44.5035617 ], [ 34.2170361, 44.5036081 ], [ 34.2166247, 44.5036508 ], [ 34.2166539, 44.5037607 ], [ 34.2165819, 44.5037787 ], [ 34.2165632, 44.5037834 ], [ 34.2157891, 44.503857 ], [ 34.2157391, 44.503851 ], [ 34.2150374, 44.5038122 ], [ 34.2142278, 44.5036873 ], [ 34.2133666, 44.5036048 ], [ 34.2133014, 44.5035896 ], [ 34.2124867, 44.5035158 ], [ 34.2124549, 44.503468 ], [ 34.2116169, 44.503298 ], [ 34.210954, 44.5030727 ], [ 34.2109108, 44.503058 ], [ 34.2108765, 44.5030456 ], [ 34.2106823, 44.502975 ], [ 34.2103923, 44.5028818 ], [ 34.2102872, 44.5027987 ], [ 34.2104325, 44.5027755 ], [ 34.2105, 44.502667 ], [ 34.2103367, 44.5025611 ], [ 34.2101706, 44.502533 ], [ 34.2099561, 44.5024904 ], [ 34.2098132, 44.5024401 ], [ 34.2097744, 44.502344 ], [ 34.2098322, 44.5022134 ], [ 34.2098338, 44.5020775 ], [ 34.2096379, 44.5019194 ], [ 34.2093842, 44.5018543 ], [ 34.2092345, 44.5018005 ], [ 34.2090741, 44.5017246 ], [ 34.2088103, 44.5016762 ], [ 34.2085926, 44.5016324 ], [ 34.2084277, 44.5015879 ], [ 34.2082446, 44.5015344 ], [ 34.2080349, 44.5014986 ], [ 34.2078906, 44.5014671 ], [ 34.2076733, 44.5014262 ], [ 34.2073545, 44.5013381 ], [ 34.2070953, 44.5012836 ], [ 34.2069281, 44.5012208 ], [ 34.2068267, 44.5010732 ], [ 34.2067799, 44.5008647 ], [ 34.2069128, 44.500288 ], [ 34.2070199, 44.4998137 ], [ 34.2071202, 44.4992799 ], [ 34.2071214, 44.4990592 ], [ 34.2069669, 44.4988494 ], [ 34.2067675, 44.4987498 ], [ 34.2061361, 44.4985302 ], [ 34.2047166, 44.4980636 ], [ 34.2038293, 44.4977595 ], [ 34.2035451, 44.4977351 ], [ 34.2034782, 44.497633 ], [ 34.2031933, 44.4975249 ], [ 34.2030669, 44.4975451 ], [ 34.2028287, 44.4975031 ], [ 34.2025255, 44.4975647 ], [ 34.2031042, 44.4976826 ], [ 34.2030931, 44.4978348 ], [ 34.2034921, 44.4978984 ], [ 34.2041291, 44.4981139 ], [ 34.2045057, 44.4982617 ], [ 34.2067412, 44.4990547 ], [ 34.2064414, 44.5008626 ], [ 34.2064539, 44.5008786 ], [ 34.2064248, 44.5009365 ], [ 34.2054409, 44.5006085 ], [ 34.2032584, 44.4998055 ], [ 34.2030956, 44.5000367 ], [ 34.2016136, 44.4996632 ], [ 34.2013411, 44.4995808 ], [ 34.2010136, 44.4995116 ], [ 34.2007604, 44.4994342 ], [ 34.2003226, 44.4993473 ], [ 34.200037, 44.4992719 ], [ 34.1997339, 44.4992081 ], [ 34.1990095, 44.4990519 ], [ 34.1989719, 44.4991536 ], [ 34.1999735, 44.4994045 ], [ 34.1998605, 44.499623 ], [ 34.1992942, 44.4994882 ], [ 34.1992399, 44.4995947 ], [ 34.1985165, 44.4993747 ], [ 34.1984047, 44.4993336 ], [ 34.198401, 44.4992961 ], [ 34.1983188, 44.4992306 ], [ 34.1982379, 44.499167 ], [ 34.1982506, 44.4989728 ], [ 34.1977319, 44.4989457 ], [ 34.1973122, 44.4992494 ], [ 34.1973939, 44.4993238 ], [ 34.1974268, 44.499402 ], [ 34.197394, 44.499633 ], [ 34.1973481, 44.4996577 ], [ 34.1971287, 44.4997016 ], [ 34.1968232, 44.4997103 ], [ 34.1965745, 44.4997109 ], [ 34.1965698, 44.4999071 ], [ 34.1959602, 44.4999133 ], [ 34.1957793, 44.4999104 ], [ 34.1956684, 44.4999087 ], [ 34.1956636, 44.4999646 ], [ 34.195373, 44.4999573 ], [ 34.1949206, 44.4999303 ], [ 34.1948817, 44.4999283 ], [ 34.1948245, 44.4999253 ], [ 34.1947443, 44.4999211 ], [ 34.1945434, 44.4999405 ], [ 34.1942983, 44.4999593 ], [ 34.1940264, 44.4999777 ], [ 34.1938011, 44.5000109 ], [ 34.1933351, 44.5000314 ], [ 34.1930772, 44.5000178 ], [ 34.1928822, 44.5000168 ], [ 34.192442, 44.5002182 ], [ 34.1921766, 44.5002803 ], [ 34.1920357, 44.5003097 ], [ 34.1919906, 44.5003191 ], [ 34.1917744, 44.5003092 ], [ 34.1914577, 44.5002962 ], [ 34.1912499, 44.5002481 ], [ 34.1909231, 44.5002408 ], [ 34.1905853, 44.5001648 ], [ 34.1904072, 44.500132 ], [ 34.1903649, 44.5003038 ], [ 34.1898859, 44.5002126 ], [ 34.1896242, 44.5001727 ], [ 34.1893344, 44.5001286 ], [ 34.1892985, 44.5001213 ], [ 34.189271, 44.5001158 ], [ 34.1889714, 44.5000801 ], [ 34.1887032, 44.5000138 ], [ 34.1881351, 44.4998697 ], [ 34.1880566, 44.4999254 ], [ 34.1877703, 44.4998551 ], [ 34.1875472, 44.4997817 ], [ 34.1874364, 44.4997482 ], [ 34.1869421, 44.4996374 ], [ 34.1868957, 44.4996741 ], [ 34.1867844, 44.4997062 ], [ 34.1865874, 44.4996615 ], [ 34.1864374, 44.4996297 ], [ 34.1863592, 44.4996131 ], [ 34.1859446, 44.4995404 ], [ 34.1857199, 44.4995147 ], [ 34.1855639, 44.4995106 ], [ 34.1852483, 44.499495 ], [ 34.1849067, 44.49945 ], [ 34.1846276, 44.4993739 ], [ 34.1844993, 44.4993164 ], [ 34.1844597, 44.4993018 ], [ 34.184346, 44.4993305 ], [ 34.1840247, 44.4992318 ], [ 34.1838656, 44.4991853 ], [ 34.1837203, 44.4991889 ], [ 34.1834524, 44.4991197 ], [ 34.1833093, 44.4990747 ], [ 34.183169, 44.4991303 ], [ 34.1830165, 44.4990659 ], [ 34.1828843, 44.4990133 ], [ 34.1829937, 44.4988746 ], [ 34.1829653, 44.4988632 ], [ 34.1828456, 44.4990148 ], [ 34.1826507, 44.4989423 ], [ 34.1825587, 44.4988982 ], [ 34.1827123, 44.4987259 ], [ 34.1826906, 44.498716 ], [ 34.1825109, 44.4989176 ], [ 34.1823219, 44.4988362 ], [ 34.1822264, 44.4987854 ], [ 34.1822069, 44.4987477 ], [ 34.1821519, 44.498718 ], [ 34.1819579, 44.4986312 ], [ 34.1819389, 44.4986127 ], [ 34.181915, 44.4986112 ], [ 34.1819916, 44.4985196 ], [ 34.1819622, 44.498507 ], [ 34.1818739, 44.4986126 ], [ 34.1817899, 44.4985753 ], [ 34.181767, 44.4985728 ], [ 34.181672, 44.4985337 ], [ 34.1815066, 44.4984346 ], [ 34.181408, 44.4983471 ], [ 34.1813986, 44.4982879 ], [ 34.1813816, 44.4982386 ], [ 34.1812919, 44.49819 ], [ 34.1812527, 44.4981812 ], [ 34.181365, 44.4979519 ], [ 34.1812913, 44.4979335 ], [ 34.1811782, 44.4981646 ], [ 34.1811482, 44.4981579 ], [ 34.1810881, 44.4981559 ], [ 34.1809977, 44.4981938 ], [ 34.1807496, 44.4981818 ], [ 34.1807298, 44.4982066 ], [ 34.1805967, 44.4981846 ], [ 34.1805112, 44.4981601 ], [ 34.1804226, 44.4981266 ], [ 34.1805068, 44.4979429 ], [ 34.1804625, 44.4979326 ], [ 34.1804199, 44.4980255 ], [ 34.1804008, 44.4980211 ], [ 34.1803185, 44.4982005 ], [ 34.1802706, 44.4981857 ], [ 34.1801739, 44.4981562 ], [ 34.1800902, 44.4981258 ], [ 34.1799909, 44.498086 ], [ 34.1799111, 44.4980443 ], [ 34.1797534, 44.4979548 ], [ 34.1796499, 44.4978991 ], [ 34.1797004, 44.4977996 ], [ 34.1796564, 44.4977882 ], [ 34.1796322, 44.4978358 ], [ 34.1796128, 44.4978308 ], [ 34.1795352, 44.4979836 ], [ 34.1793182, 44.4978879 ], [ 34.1790739, 44.4977727 ], [ 34.1788948, 44.4976653 ], [ 34.1788435, 44.497638 ], [ 34.1788835, 44.4975505 ], [ 34.178843, 44.4975411 ], [ 34.1788229, 44.4975851 ], [ 34.1787977, 44.4975793 ], [ 34.1787166, 44.4977569 ], [ 34.1786543, 44.4977419 ], [ 34.1784846, 44.497684 ], [ 34.1783031, 44.4976115 ], [ 34.1781148, 44.4975076 ], [ 34.1780031, 44.4974585 ], [ 34.1780319, 44.497391 ], [ 34.1779679, 44.4973771 ], [ 34.1778863, 44.4975683 ], [ 34.1777711, 44.4975338 ], [ 34.1776273, 44.4974855 ], [ 34.1774016, 44.4973818 ], [ 34.1772417, 44.4973009 ], [ 34.1771712, 44.4972525 ], [ 34.1771907, 44.4972082 ], [ 34.1771245, 44.4971933 ], [ 34.1770408, 44.4973824 ], [ 34.1769004, 44.4973302 ], [ 34.176801, 44.4972862 ], [ 34.1766817, 44.4972245 ], [ 34.1765982, 44.4971593 ], [ 34.1764353, 44.4970739 ], [ 34.176318, 44.4970046 ], [ 34.1763397, 44.4969705 ], [ 34.1762742, 44.4969493 ], [ 34.1761905, 44.4970808 ], [ 34.1759805, 44.4970031 ], [ 34.1758822, 44.496947 ], [ 34.1757724, 44.4968597 ], [ 34.1756745, 44.4967686 ], [ 34.1756903, 44.4967487 ], [ 34.1756255, 44.4967227 ], [ 34.1754953, 44.4968874 ], [ 34.1754445, 44.4968693 ], [ 34.1752511, 44.4967551 ], [ 34.1749587, 44.4965253 ], [ 34.174696, 44.4963152 ], [ 34.1746463, 44.4962129 ], [ 34.1748132, 44.4960874 ], [ 34.1747812, 44.4960654 ], [ 34.1745376, 44.4962455 ], [ 34.1743988, 44.4961548 ], [ 34.1743239, 44.4960548 ], [ 34.1743148, 44.496015 ], [ 34.174439, 44.4958972 ], [ 34.174261, 44.4957887 ], [ 34.1740886, 44.4956612 ], [ 34.1739558, 44.4955559 ], [ 34.174023, 44.4955247 ], [ 34.1740792, 44.4955603 ], [ 34.1742955, 44.4954263 ], [ 34.1743153, 44.4953835 ], [ 34.1742897, 44.4953177 ], [ 34.1742439, 44.4952765 ], [ 34.1741809, 44.4952293 ], [ 34.1740967, 44.4951685 ], [ 34.1740476, 44.4951218 ], [ 34.1739694, 44.4950704 ], [ 34.1738722, 44.495043 ], [ 34.1737857, 44.4950159 ], [ 34.173717, 44.4950011 ], [ 34.1736119, 44.4949876 ], [ 34.173495, 44.4949879 ], [ 34.1734192, 44.4949878 ], [ 34.1732879, 44.4949738 ], [ 34.1730511, 44.494967 ], [ 34.1729048, 44.4949865 ], [ 34.1727727, 44.494917 ], [ 34.1726478, 44.4948115 ], [ 34.1725692, 44.4946666 ], [ 34.1724264, 44.4945792 ], [ 34.1722158, 44.4944943 ], [ 34.171611, 44.4939752 ], [ 34.1715423, 44.4938607 ], [ 34.1714936, 44.4938442 ], [ 34.1711272, 44.4935794 ], [ 34.1707762, 44.4932967 ], [ 34.1706856, 44.4931872 ], [ 34.1705311, 44.4930659 ], [ 34.170537, 44.4930056 ], [ 34.1702146, 44.4926907 ], [ 34.1701848, 44.4925863 ], [ 34.1700635, 44.4923971 ], [ 34.1699374, 44.4922729 ], [ 34.1698517, 44.492083 ], [ 34.1697708, 44.4919693 ], [ 34.1694835, 44.4914596 ], [ 34.1693165, 44.4913301 ], [ 34.169188, 44.4912632 ], [ 34.1687332, 44.4914264 ], [ 34.1688274, 44.4915845 ], [ 34.1690906, 44.4914893 ], [ 34.1704617, 44.4935814 ], [ 34.1718939, 44.4947966 ], [ 34.1708668, 44.4956584 ], [ 34.1707737, 44.4957106 ], [ 34.1707001, 44.4957472 ], [ 34.170638, 44.4957727 ], [ 34.1705778, 44.4957859 ], [ 34.1704976, 44.4957866 ], [ 34.1704264, 44.4957776 ], [ 34.1702896, 44.4957606 ], [ 34.1702626, 44.4957573 ], [ 34.1702739, 44.495717 ], [ 34.1684167, 44.495492 ], [ 34.1675828, 44.4948967 ], [ 34.166631, 44.494201 ], [ 34.166577, 44.4942486 ], [ 34.1665008, 44.4943188 ], [ 34.1662915, 44.4941019 ], [ 34.1662711, 44.4940808 ], [ 34.1661575, 44.493963 ], [ 34.1661061, 44.4939098 ], [ 34.165946, 44.4937438 ], [ 34.1659309, 44.4937283 ], [ 34.1658013, 44.4935939 ], [ 34.1659981, 44.4934311 ], [ 34.1664687, 44.4930419 ], [ 34.1670216, 44.4929972 ], [ 34.167014, 44.4929415 ], [ 34.1664195, 44.4929924 ], [ 34.1663909, 44.4930128 ], [ 34.1663345, 44.4929835 ], [ 34.1660309, 44.4932281 ], [ 34.1660727, 44.4932578 ], [ 34.1659119, 44.4933787 ], [ 34.1654043, 44.4931394 ], [ 34.1651288, 44.4929472 ], [ 34.1646946, 44.4923703 ], [ 34.164599, 44.4922012 ], [ 34.164166, 44.4914749 ], [ 34.1636973, 44.4906374 ], [ 34.1637541, 44.490484 ], [ 34.1638053, 44.490266 ], [ 34.1634362, 44.4894715 ], [ 34.1632413, 44.4893109 ], [ 34.1632038, 44.48928 ], [ 34.1631936, 44.4890678 ], [ 34.1630482, 44.4890154 ], [ 34.1626861, 44.4886657 ], [ 34.1626516, 44.4887022 ], [ 34.1626044, 44.4886438 ], [ 34.1624412, 44.4886771 ], [ 34.1622898, 44.4885116 ], [ 34.1622206, 44.4884192 ], [ 34.1615747, 44.4875437 ], [ 34.1615478, 44.4874785 ], [ 34.1612793, 44.4871199 ], [ 34.1612374, 44.4870337 ], [ 34.1609056, 44.4863568 ], [ 34.1606228, 44.4859567 ], [ 34.1604751, 44.4857424 ], [ 34.1602973, 44.4854148 ], [ 34.160148, 44.4851136 ], [ 34.16, 44.4848481 ], [ 34.1596935, 44.4842588 ], [ 34.1593591, 44.4836817 ], [ 34.1593328, 44.4836341 ], [ 34.1596344, 44.4835464 ], [ 34.159517, 44.483386 ], [ 34.1594514, 44.4831457 ], [ 34.1592386, 44.4826452 ], [ 34.1590553, 44.4826849 ], [ 34.1588829, 44.4827223 ], [ 34.1587263, 44.48216 ], [ 34.1585168, 44.4816009 ], [ 34.1584121, 44.4812378 ], [ 34.158611, 44.4812005 ], [ 34.1584783, 44.4809908 ], [ 34.1583539, 44.4806379 ], [ 34.1583811, 44.480525 ], [ 34.1582407, 44.4800794 ], [ 34.1581987, 44.4796612 ], [ 34.1581941, 44.4796141 ], [ 34.1580464, 44.4791558 ], [ 34.1580166, 44.4791352 ], [ 34.1579699, 44.4790654 ], [ 34.1577008, 44.4785981 ], [ 34.1576959, 44.4785452 ], [ 34.1573647, 44.4780413 ], [ 34.1571767, 44.4777612 ], [ 34.1569223, 44.477382 ], [ 34.1568745, 44.477326 ], [ 34.1565257, 44.4769167 ], [ 34.1560647, 44.4763835 ], [ 34.1557068, 44.4758678 ], [ 34.1556711, 44.4758239 ], [ 34.1554001, 44.475326 ], [ 34.1554927, 44.475289 ], [ 34.1550918, 44.4746711 ], [ 34.1547706, 44.4743943 ], [ 34.1546552, 44.4742423 ], [ 34.1545354, 44.4741695 ], [ 34.154516, 44.4741251 ], [ 34.1541944, 44.4738758 ], [ 34.1540789, 44.4737863 ], [ 34.1540882, 44.4736752 ], [ 34.1535993, 44.4733312 ], [ 34.153477, 44.4732971 ], [ 34.1534166, 44.4733204 ], [ 34.1532957, 44.4735177 ], [ 34.1530657, 44.4734497 ], [ 34.1530315, 44.4732806 ], [ 34.1526595, 44.4732187 ], [ 34.1526344, 44.4732373 ], [ 34.1521174, 44.4728712 ], [ 34.1517317, 44.472443 ], [ 34.1514815, 44.4720182 ], [ 34.1513998, 44.4718732 ], [ 34.1511943, 44.4715087 ], [ 34.1508596, 44.4710293 ], [ 34.150614, 44.4705377 ], [ 34.1505921, 44.4704945 ], [ 34.1505721, 44.4704548 ], [ 34.1504606, 44.4702343 ], [ 34.1503811, 44.4698778 ], [ 34.1502236, 44.469294 ], [ 34.1500772, 44.4688047 ], [ 34.1499349, 44.4682965 ], [ 34.1498216, 44.4677384 ], [ 34.1496566, 44.4671745 ], [ 34.1497379, 44.467138 ], [ 34.1496031, 44.467022 ], [ 34.1494832, 44.466672 ], [ 34.149621, 44.4666511 ], [ 34.1493654, 44.466126 ], [ 34.1491747, 44.4654923 ], [ 34.1491682, 44.4654674 ], [ 34.1490802, 44.4649456 ], [ 34.1491012, 44.4644264 ], [ 34.149129, 44.4642788 ], [ 34.1491174, 44.4640384 ], [ 34.1491435, 44.463932 ], [ 34.1491825, 44.463773 ], [ 34.1490291, 44.4634463 ], [ 34.1490988, 44.4634297 ], [ 34.1490488, 44.4632926 ], [ 34.1487572, 44.4631029 ], [ 34.1483515, 44.4627267 ], [ 34.148165, 44.4625818 ], [ 34.1481239, 44.4625554 ], [ 34.1479675, 44.4624717 ], [ 34.1478882, 44.4623777 ], [ 34.1476413, 44.4619966 ], [ 34.1472059, 44.4612454 ], [ 34.146933, 44.4606267 ], [ 34.1467376, 44.4603451 ], [ 34.1464015, 44.4600606 ], [ 34.1459432, 44.4597678 ], [ 34.1456217, 44.4595159 ], [ 34.1456092, 44.4595061 ], [ 34.1455638, 44.4595357 ], [ 34.1455464, 44.4595271 ], [ 34.1451622, 44.4593379 ], [ 34.1449398, 44.4591056 ], [ 34.1446401, 44.4587926 ], [ 34.1445464, 44.4585335 ], [ 34.1444434, 44.4583289 ], [ 34.1443268, 44.4580643 ], [ 34.14431, 44.4580233 ], [ 34.1440723, 44.4574006 ], [ 34.1441626, 44.4573933 ], [ 34.1440328, 44.4571684 ], [ 34.1439545, 44.4568022 ], [ 34.1438283, 44.4562113 ], [ 34.1437586, 44.4558596 ], [ 34.1437493, 44.4557302 ], [ 34.1438632, 44.4557253 ], [ 34.1439969, 44.4556512 ], [ 34.144135, 44.4555542 ], [ 34.1441222, 44.4555379 ], [ 34.1438828, 44.4556459 ], [ 34.1438608, 44.4556208 ], [ 34.143768, 44.4556017 ], [ 34.1438632, 44.4555378 ], [ 34.1439213, 44.4554565 ], [ 34.1437925, 44.455433 ], [ 34.1438818, 44.4551862 ], [ 34.1437772, 44.4551397 ], [ 34.1436143, 44.4551208 ], [ 34.1435332, 44.4551878 ], [ 34.1433311, 44.4551383 ], [ 34.1432052, 44.4551392 ], [ 34.1428611, 44.4550775 ], [ 34.1427338, 44.4550933 ], [ 34.1425037, 44.4550136 ], [ 34.1421914, 44.454793 ], [ 34.142062, 44.454758 ], [ 34.1418368, 44.4546224 ], [ 34.1414132, 44.4543313 ], [ 34.141353, 44.4542916 ], [ 34.1411247, 44.4538944 ], [ 34.1411573, 44.4537434 ], [ 34.1410938, 44.4536463 ], [ 34.1412523, 44.4535585 ], [ 34.1412011, 44.4534988 ], [ 34.1411451, 44.4534815 ], [ 34.1409633, 44.4532123 ], [ 34.1408193, 44.4529402 ], [ 34.1407481, 44.4528636 ], [ 34.1404861, 44.4524765 ], [ 34.1401871, 44.4522681 ], [ 34.140058, 44.4521804 ], [ 34.139675, 44.4516288 ], [ 34.1394426, 44.4511667 ], [ 34.1392467, 44.4506972 ], [ 34.1391572, 44.4504207 ], [ 34.1390686, 44.4502637 ], [ 34.1388475, 44.4501056 ], [ 34.1386165, 44.4498849 ], [ 34.1383773, 44.4496981 ], [ 34.1381503, 44.4495369 ], [ 34.1380178, 44.4493293 ], [ 34.1378405, 44.4488193 ], [ 34.137612, 44.4483418 ], [ 34.1374251, 44.4481592 ], [ 34.1369477, 44.4478819 ], [ 34.1366492, 44.4477782 ], [ 34.1364774, 44.4477788 ], [ 34.1364051, 44.447779 ], [ 34.1358333, 44.4473709 ], [ 34.135558, 44.4468067 ], [ 34.1354271, 44.4465048 ], [ 34.1353153, 44.4462163 ], [ 34.1352117, 44.4459859 ], [ 34.1351013, 44.4455512 ], [ 34.1350635, 44.4451892 ], [ 34.1350303, 44.4450036 ], [ 34.1350148, 44.4447428 ], [ 34.1350442, 44.4444059 ], [ 34.1351466, 44.4441678 ], [ 34.1352389, 44.4440987 ], [ 34.1352881, 44.4440635 ], [ 34.1352388, 44.4437779 ], [ 34.1352277, 44.4435877 ], [ 34.1352245, 44.4435342 ], [ 34.1349613, 44.4431528 ], [ 34.1348986, 44.4431533 ], [ 34.1348061, 44.4431487 ], [ 34.1346172, 44.4429126 ], [ 34.1345426, 44.4428943 ], [ 34.1343452, 44.442679 ], [ 34.1342268, 44.4425045 ], [ 34.133978, 44.442138 ], [ 34.1339624, 44.4421019 ], [ 34.1338459, 44.4418328 ], [ 34.1338029, 44.4416803 ], [ 34.1337325, 44.4414306 ], [ 34.133708, 44.4412258 ], [ 34.1336946, 44.4411133 ], [ 34.1336493, 44.4407989 ], [ 34.1336413, 44.4407837 ], [ 34.1335477, 44.4405984 ], [ 34.1334149, 44.4404264 ], [ 34.1333996, 44.4404097 ], [ 34.1331781, 44.4401662 ], [ 34.1330665, 44.4400353 ], [ 34.1329989, 44.4399561 ], [ 34.1327948, 44.4398487 ], [ 34.1326124, 44.4397165 ], [ 34.1325377, 44.4396624 ], [ 34.1324908, 44.439559 ], [ 34.1323298, 44.4394465 ], [ 34.1321927, 44.4392708 ], [ 34.1320192, 44.4388991 ], [ 34.1318551, 44.438523 ], [ 34.1317619, 44.4381721 ], [ 34.1317144, 44.4379561 ], [ 34.1315945, 44.4376253 ], [ 34.1315801, 44.437483 ], [ 34.1315074, 44.4370385 ], [ 34.1314918, 44.4369046 ], [ 34.1313612, 44.4364969 ], [ 34.1314737, 44.4363362 ], [ 34.13129, 44.4359424 ], [ 34.1309766, 44.4357378 ], [ 34.1309312, 44.4355451 ], [ 34.1309018, 44.4354739 ], [ 34.130749, 44.4351367 ], [ 34.1307342, 44.435087 ], [ 34.130643, 44.4346886 ], [ 34.1306323, 44.4346503 ], [ 34.1305205, 44.4342522 ], [ 34.130366, 44.4342214 ], [ 34.1303785, 44.4341128 ], [ 34.1305508, 44.4339407 ], [ 34.1306098, 44.4339187 ], [ 34.1306556, 44.433919 ], [ 34.1306839, 44.4339092 ], [ 34.1307425, 44.4338459 ], [ 34.1307866, 44.4338546 ], [ 34.1308168, 44.4338718 ], [ 34.1308686, 44.4338572 ], [ 34.1308974, 44.4338264 ], [ 34.1308892, 44.433807 ], [ 34.1308046, 44.4338089 ], [ 34.130761, 44.4337851 ], [ 34.1307251, 44.43371 ], [ 34.1306536, 44.4336656 ], [ 34.1306695, 44.433601 ], [ 34.1306328, 44.4335654 ], [ 34.130579, 44.4335435 ], [ 34.1305329, 44.4334885 ], [ 34.1304124, 44.4334666 ], [ 34.1298074, 44.4332469 ], [ 34.1297642, 44.4331965 ], [ 34.1297338, 44.4332119 ], [ 34.129669, 44.4332268 ], [ 34.12961, 44.433236 ], [ 34.1295485, 44.4332107 ], [ 34.1294691, 44.4331078 ], [ 34.1293998, 44.4330566 ], [ 34.1292947, 44.4330028 ], [ 34.1290871, 44.4329467 ], [ 34.1289307, 44.4328754 ], [ 34.1287145, 44.4328395 ], [ 34.1285449, 44.4327328 ], [ 34.1284792, 44.4326396 ], [ 34.1283275, 44.432571 ], [ 34.1281595, 44.4325547 ], [ 34.1281582, 44.4324792 ], [ 34.1279931, 44.4324268 ], [ 34.1278329, 44.4321026 ], [ 34.1277796, 44.4316688 ], [ 34.1278702, 44.4316465 ], [ 34.1279602, 44.4314909 ], [ 34.1279803, 44.4314152 ], [ 34.1280854, 44.4313261 ], [ 34.1281209, 44.4312646 ], [ 34.1281914, 44.4312241 ], [ 34.1281915, 44.4311577 ], [ 34.1281819, 44.4310122 ], [ 34.1281174, 44.4309179 ], [ 34.1280992, 44.4308433 ], [ 34.1281214, 44.4308275 ], [ 34.128103, 44.4307627 ], [ 34.1281244, 44.4307321 ], [ 34.1283274, 44.4307154 ], [ 34.1284596, 44.4306907 ], [ 34.1285326, 44.4306967 ], [ 34.1286101, 44.4306719 ], [ 34.1286519, 44.4306519 ], [ 34.1286948, 44.4306465 ], [ 34.1287382, 44.4306219 ], [ 34.1287219, 44.4305981 ], [ 34.1287765, 44.4305767 ], [ 34.1288186, 44.4305845 ], [ 34.1288505, 44.4305696 ], [ 34.128853, 44.4305471 ], [ 34.128731, 44.4305109 ], [ 34.1286393, 44.4305043 ], [ 34.1286189, 44.4304532 ], [ 34.1285501, 44.4303881 ], [ 34.1284206, 44.4303156 ], [ 34.1282494, 44.430188 ], [ 34.1282061, 44.4301542 ], [ 34.128257, 44.4301041 ], [ 34.1282841, 44.4300675 ], [ 34.128285, 44.4300176 ], [ 34.1282395, 44.4299678 ], [ 34.1282282, 44.4299496 ], [ 34.1281614, 44.4298803 ], [ 34.1281171, 44.4298507 ], [ 34.1281434, 44.429803 ], [ 34.1281245, 44.4297605 ], [ 34.1280692, 44.4296863 ], [ 34.1280781, 44.4296618 ], [ 34.1280635, 44.429647 ], [ 34.1280281, 44.4296493 ], [ 34.1279835, 44.429634 ], [ 34.1279626, 44.4296124 ], [ 34.1279727, 44.429593 ], [ 34.1279861, 44.4295795 ], [ 34.1279328, 44.4295543 ], [ 34.1279496, 44.4294989 ], [ 34.1279004, 44.4294601 ], [ 34.1278291, 44.4294806 ], [ 34.1277939, 44.4294798 ], [ 34.1275836, 44.4294662 ], [ 34.1274025, 44.4295395 ], [ 34.1273298, 44.4295459 ], [ 34.1272245, 44.4294628 ], [ 34.1270488, 44.4294408 ], [ 34.1270307, 44.4293447 ], [ 34.1268794, 44.429294 ], [ 34.1269125, 44.4291793 ], [ 34.1266715, 44.4289565 ], [ 34.1265262, 44.4289875 ], [ 34.1264399, 44.4288519 ], [ 34.12618, 44.4287203 ], [ 34.1259768, 44.4287878 ], [ 34.125624, 44.428628 ], [ 34.1255372, 44.4284874 ], [ 34.1252111, 44.4283355 ], [ 34.1247249, 44.4281429 ], [ 34.124247, 44.4280486 ], [ 34.123865, 44.4278936 ], [ 34.1228226, 44.4277131 ], [ 34.1224929, 44.4276872 ], [ 34.1223507, 44.427549 ], [ 34.1222115, 44.427637 ], [ 34.1218212, 44.4276162 ], [ 34.1214376, 44.4275703 ], [ 34.1213613, 44.4275007 ], [ 34.1209049, 44.4274669 ], [ 34.1205834, 44.4274054 ], [ 34.1199461, 44.4274215 ], [ 34.1197041, 44.4274734 ], [ 34.1194773, 44.427387 ], [ 34.1193805, 44.4274431 ], [ 34.1192685, 44.4274971 ], [ 34.1190508, 44.4274145 ], [ 34.118833, 44.4275382 ], [ 34.1186515, 44.427549 ], [ 34.1183884, 44.427657 ], [ 34.1177229, 44.4277995 ], [ 34.1175687, 44.4279351 ], [ 34.1173993, 44.4279572 ], [ 34.1172057, 44.4280566 ], [ 34.1169304, 44.4281344 ], [ 34.1168768, 44.428212 ], [ 34.1161145, 44.4284357 ], [ 34.115778, 44.4285361 ], [ 34.1154423, 44.4286096 ], [ 34.1153027, 44.428667 ], [ 34.1152178, 44.4287019 ], [ 34.1145382, 44.4288824 ], [ 34.1144559, 44.42889 ], [ 34.1143352, 44.4289012 ], [ 34.1138966, 44.428953 ], [ 34.1127061, 44.4290426 ], [ 34.1119737, 44.429052 ], [ 34.1112877, 44.4290498 ], [ 34.1107539, 44.4290481 ], [ 34.1106547, 44.4290457 ], [ 34.1102297, 44.4290354 ], [ 34.1099062, 44.4290064 ], [ 34.1098405, 44.4290005 ], [ 34.109192, 44.4289266 ], [ 34.1087485, 44.4288493 ], [ 34.1083152, 44.4287477 ], [ 34.1078623, 44.4286614 ], [ 34.1076082, 44.428588 ], [ 34.1073801, 44.4285262 ], [ 34.1070577, 44.4284389 ], [ 34.1064668, 44.4282128 ], [ 34.1063769, 44.4283048 ], [ 34.1057154, 44.4279189 ], [ 34.1059544, 44.4277215 ], [ 34.1059245, 44.4275802 ], [ 34.105805, 44.4275161 ], [ 34.105622, 44.4276708 ], [ 34.1051013, 44.4273406 ], [ 34.1050715, 44.4273862 ], [ 34.1045048, 44.4270522 ], [ 34.104026, 44.4267409 ], [ 34.1040973, 44.426673 ], [ 34.1042029, 44.4265787 ], [ 34.104129, 44.4265372 ], [ 34.1038992, 44.4267569 ], [ 34.1036273, 44.4266107 ], [ 34.103299, 44.4264834 ], [ 34.103236, 44.4265293 ], [ 34.103171, 44.4265069 ], [ 34.1027809, 44.4263666 ], [ 34.1021828, 44.4262683 ], [ 34.1020585, 44.4261788 ], [ 34.101992, 44.426055 ], [ 34.1019227, 44.4261582 ], [ 34.1018161, 44.4261478 ], [ 34.1014285, 44.4263119 ], [ 34.1012812, 44.4263996 ], [ 34.1012297, 44.4264994 ], [ 34.1001802, 44.426876 ], [ 34.1000641, 44.4268305 ], [ 34.0988018, 44.4272829 ], [ 34.0984174, 44.4273634 ], [ 34.0975505, 44.4277027 ], [ 34.0968552, 44.42799 ], [ 34.0966679, 44.4280446 ], [ 34.0960739, 44.4282177 ], [ 34.0953399, 44.4283498 ], [ 34.0949642, 44.4283972 ], [ 34.0944238, 44.4283952 ], [ 34.0938248, 44.4283637 ], [ 34.0937332, 44.4283457 ], [ 34.0933363, 44.4282499 ], [ 34.0932257, 44.4282232 ], [ 34.093132, 44.4282634 ], [ 34.0926289, 44.4281089 ], [ 34.0925627, 44.4281215 ], [ 34.0920817, 44.4279703 ], [ 34.0920484, 44.4279555 ], [ 34.0920094, 44.4279254 ], [ 34.0912183, 44.4276842 ], [ 34.0907974, 44.4275858 ], [ 34.090624, 44.4275344 ], [ 34.0903599, 44.4274487 ], [ 34.0898465, 44.427329 ], [ 34.0895582, 44.4272279 ], [ 34.0889961, 44.4270154 ], [ 34.0887667, 44.4269114 ], [ 34.0885491, 44.4268596 ], [ 34.0881519, 44.4266767 ], [ 34.0880078, 44.4266191 ], [ 34.0879637, 44.4266012 ], [ 34.0874515, 44.4263934 ], [ 34.0869549, 44.4261555 ], [ 34.0865217, 44.4261776 ], [ 34.086265, 44.4261156 ], [ 34.0860751, 44.4260697 ], [ 34.0859453, 44.4261307 ], [ 34.0858059, 44.4260769 ], [ 34.0851751, 44.4256392 ], [ 34.085076, 44.4254917 ], [ 34.0849585, 44.4254168 ], [ 34.0846592, 44.4252261 ], [ 34.0837196, 44.4249508 ], [ 34.0832878, 44.4248074 ], [ 34.0832579, 44.4248346 ], [ 34.0831949, 44.4248433 ], [ 34.0828429, 44.4247715 ], [ 34.0826031, 44.4246803 ], [ 34.0822121, 44.4245118 ], [ 34.0819636, 44.4243381 ], [ 34.0806686, 44.4236123 ], [ 34.0806742, 44.4236251 ], [ 34.0805818, 44.423586 ], [ 34.0804393, 44.4235349 ], [ 34.0799428, 44.4233986 ], [ 34.0793747, 44.4232562 ], [ 34.0788345, 44.4232407 ], [ 34.0787325, 44.4232831 ], [ 34.0783583, 44.4232798 ], [ 34.0782012, 44.4232468 ], [ 34.0779702, 44.4232501 ], [ 34.0778686, 44.4233128 ], [ 34.0774494, 44.4233257 ], [ 34.0770394, 44.423293 ], [ 34.0768531, 44.4233051 ], [ 34.0764237, 44.4233041 ], [ 34.076104, 44.4232435 ], [ 34.0757874, 44.4231173 ], [ 34.0755266, 44.4229847 ], [ 34.0752494, 44.4228212 ], [ 34.0750666, 44.422706 ], [ 34.0746932, 44.4224181 ], [ 34.0745819, 44.4223246 ], [ 34.0740486, 44.4218976 ], [ 34.073919, 44.4218216 ], [ 34.073565, 44.421528 ], [ 34.0737472, 44.4214062 ], [ 34.0738217, 44.4213033 ], [ 34.0737714, 44.4212298 ], [ 34.0736627, 44.421271 ], [ 34.0735964, 44.4213445 ], [ 34.0734667, 44.4213926 ], [ 34.0732589, 44.4212491 ], [ 34.0730949, 44.4211898 ], [ 34.0729936, 44.4211765 ], [ 34.0729056, 44.4212034 ], [ 34.0727218, 44.4213772 ], [ 34.0727142, 44.421574 ], [ 34.0727565, 44.4216373 ], [ 34.0722215, 44.421939 ], [ 34.072259, 44.4220156 ], [ 34.0719976, 44.4221625 ], [ 34.0717135, 44.4222527 ], [ 34.0716758, 44.4223509 ], [ 34.071082, 44.4224741 ], [ 34.071028, 44.4226018 ], [ 34.0703771, 44.4226597 ], [ 34.0704101, 44.4228243 ], [ 34.0694403, 44.4228391 ], [ 34.0686781, 44.4228366 ], [ 34.0686324, 44.4226091 ], [ 34.0685919, 44.4226065 ], [ 34.068634, 44.4228353 ], [ 34.0681888, 44.4227649 ], [ 34.0678632, 44.4227901 ], [ 34.0678632, 44.4226619 ], [ 34.0678174, 44.4226606 ], [ 34.0678143, 44.4228193 ], [ 34.0670658, 44.4228026 ], [ 34.0670729, 44.4226179 ], [ 34.0670327, 44.4226189 ], [ 34.0670253, 44.4227913 ], [ 34.0662995, 44.4227677 ], [ 34.0663194, 44.4225216 ], [ 34.0662669, 44.4225176 ], [ 34.066245, 44.4228103 ], [ 34.0655305, 44.4227911 ], [ 34.0655252, 44.4227909 ], [ 34.0655645, 44.422526 ], [ 34.0655205, 44.4225235 ], [ 34.0654743, 44.4227759 ], [ 34.0651768, 44.422711 ], [ 34.0647538, 44.4226121 ], [ 34.0648524, 44.422419 ], [ 34.0648241, 44.4224102 ], [ 34.0647059, 44.4226011 ], [ 34.0646911, 44.422634 ], [ 34.0641163, 44.4224309 ], [ 34.0641903, 44.4223486 ], [ 34.0642049, 44.4223578 ], [ 34.0643901, 44.4221928 ], [ 34.0643214, 44.422155 ], [ 34.0640947, 44.4223655 ], [ 34.063904, 44.4222433 ], [ 34.0639874, 44.4221215 ], [ 34.0636918, 44.4219387 ], [ 34.0636585, 44.4218884 ], [ 34.0636337, 44.4218645 ], [ 34.0633491, 44.4221013 ], [ 34.0629151, 44.4218434 ], [ 34.0630703, 44.4216657 ], [ 34.0630442, 44.4216506 ], [ 34.0628761, 44.4218266 ], [ 34.0624281, 44.4216951 ], [ 34.0623139, 44.4216309 ], [ 34.0624345, 44.4214652 ], [ 34.0624078, 44.4214418 ], [ 34.062257, 44.4216234 ], [ 34.0620379, 44.4215422 ], [ 34.0618929, 44.4214693 ], [ 34.0617588, 44.4213921 ], [ 34.0618929, 44.4212115 ], [ 34.0618566, 44.4211943 ], [ 34.0616849, 44.4214097 ], [ 34.0615454, 44.4213548 ], [ 34.0615676, 44.4213376 ], [ 34.061578, 44.4213053 ], [ 34.0615322, 44.4212856 ], [ 34.0614692, 44.4212837 ], [ 34.0613553, 44.4212148 ], [ 34.0610476, 44.4211138 ], [ 34.0610369, 44.4210336 ], [ 34.0609534, 44.4210124 ], [ 34.0609288, 44.4209896 ], [ 34.0608711, 44.4209737 ], [ 34.060793, 44.4209795 ], [ 34.0607871, 44.4209678 ], [ 34.0608003, 44.4209493 ], [ 34.0607767, 44.4209184 ], [ 34.0606912, 44.4209239 ], [ 34.0605683, 44.4209512 ], [ 34.0604893, 44.4209876 ], [ 34.0604539, 44.4209941 ], [ 34.0604264, 44.4209782 ], [ 34.0603668, 44.4209941 ], [ 34.0603427, 44.4210279 ], [ 34.0602716, 44.4210239 ], [ 34.0602399, 44.421029 ], [ 34.0601161, 44.4210192 ], [ 34.0600142, 44.420996 ], [ 34.0595725, 44.420818 ], [ 34.0593631, 44.4206893 ], [ 34.0592012, 44.420553 ], [ 34.0590914, 44.4204465 ], [ 34.059033, 44.4203879 ], [ 34.0589415, 44.4202631 ], [ 34.0589647, 44.4202041 ], [ 34.0590166, 44.4201506 ], [ 34.0589933, 44.4200869 ], [ 34.0590455, 44.4200556 ], [ 34.0590407, 44.4199981 ], [ 34.0590743, 44.4199655 ], [ 34.0590606, 44.4199029 ], [ 34.0589611, 44.4198138 ], [ 34.058913, 44.4198166 ], [ 34.05885, 44.4197596 ], [ 34.0587978, 44.4197793 ], [ 34.058728, 44.4198181 ], [ 34.0586913, 44.4197913 ], [ 34.058701, 44.4197518 ], [ 34.0586787, 44.4197125 ], [ 34.0586234, 44.4197178 ], [ 34.0585585, 44.4197096 ], [ 34.0584934, 44.4197421 ], [ 34.0583945, 44.419739 ], [ 34.0581721, 44.4197305 ], [ 34.0579304, 44.4196445 ], [ 34.0578195, 44.4196111 ], [ 34.0577973, 44.4195615 ], [ 34.0577631, 44.4195361 ], [ 34.0576866, 44.4195363 ], [ 34.0576124, 44.4194782 ], [ 34.0575207, 44.4194932 ], [ 34.0574617, 44.4194904 ], [ 34.0573988, 44.4194407 ], [ 34.0573899, 44.4193968 ], [ 34.0574228, 44.4193643 ], [ 34.0574802, 44.4193672 ], [ 34.057536, 44.4193504 ], [ 34.0575419, 44.4193345 ], [ 34.0575209, 44.4193162 ], [ 34.0575261, 44.4192928 ], [ 34.0575234, 44.4192777 ], [ 34.057505, 44.4192716 ], [ 34.0574783, 44.4192614 ], [ 34.0573931, 44.4192858 ], [ 34.0573682, 44.4193162 ], [ 34.0573918, 44.4193476 ], [ 34.057378, 44.4193724 ], [ 34.0573262, 44.4193738 ], [ 34.0572912, 44.4193617 ], [ 34.0571613, 44.4192596 ], [ 34.0571273, 44.4191978 ], [ 34.0571512, 44.4191618 ], [ 34.0571325, 44.4191182 ], [ 34.057114, 44.4190997 ], [ 34.0571103, 44.4190686 ], [ 34.0570818, 44.4190594 ], [ 34.0569935, 44.4190534 ], [ 34.0569674, 44.4189969 ], [ 34.0569318, 44.4189985 ], [ 34.0569173, 44.4189574 ], [ 34.0569075, 44.4188629 ], [ 34.0568724, 44.4187717 ], [ 34.056882, 44.4187289 ], [ 34.0569311, 44.4186963 ], [ 34.0569108, 44.4186184 ], [ 34.0568728, 44.4185866 ], [ 34.0568971, 44.4184924 ], [ 34.0568351, 44.4184365 ], [ 34.0568428, 44.4183413 ], [ 34.0568398, 44.4183109 ], [ 34.0568916, 44.4182543 ], [ 34.05688, 44.4181853 ], [ 34.0568405, 44.4181101 ], [ 34.0567703, 44.4180643 ], [ 34.0567024, 44.4180405 ], [ 34.0566448, 44.4180301 ], [ 34.0566147, 44.418012 ], [ 34.0566058, 44.4179816 ], [ 34.056564, 44.4179266 ], [ 34.0563908, 44.4179613 ], [ 34.0563414, 44.4179821 ], [ 34.0562327, 44.4179453 ], [ 34.0561934, 44.4179103 ], [ 34.0561476, 44.4178864 ], [ 34.0561093, 44.4179082 ], [ 34.0560904, 44.4179607 ], [ 34.0560054, 44.4179384 ], [ 34.0559109, 44.4179722 ], [ 34.0556844, 44.4179389 ], [ 34.0556238, 44.4178697 ], [ 34.0556465, 44.4177787 ], [ 34.0556522, 44.4177292 ], [ 34.0556099, 44.4176992 ], [ 34.0556237, 44.4176795 ], [ 34.0556778, 44.4176658 ], [ 34.0557275, 44.4176869 ], [ 34.0557252, 44.4177044 ], [ 34.0556965, 44.417717 ], [ 34.0557301, 44.4177575 ], [ 34.0558064, 44.4177359 ], [ 34.0559177, 44.4177269 ], [ 34.0559744, 44.4177524 ], [ 34.0559918, 44.4177892 ], [ 34.0560206, 44.4178049 ], [ 34.0560469, 44.4177927 ], [ 34.0560583, 44.4177641 ], [ 34.0560108, 44.4177167 ], [ 34.0560017, 44.4176774 ], [ 34.0559648, 44.417655 ], [ 34.0558783, 44.4176569 ], [ 34.0558568, 44.4176279 ], [ 34.0557728, 44.4176084 ], [ 34.0557749, 44.4175619 ], [ 34.0557514, 44.4174984 ], [ 34.0556928, 44.4174579 ], [ 34.0556316, 44.4174519 ], [ 34.0555845, 44.417351 ], [ 34.0555257, 44.41736 ], [ 34.055505, 44.4174085 ], [ 34.0555399, 44.4175049 ], [ 34.0554934, 44.417532 ], [ 34.0553686, 44.4175215 ], [ 34.0554017, 44.4174883 ], [ 34.0553983, 44.4174118 ], [ 34.0553104, 44.4173994 ], [ 34.0552285, 44.4174189 ], [ 34.0551628, 44.4174405 ], [ 34.0550521, 44.4174234 ], [ 34.0549699, 44.4174274 ], [ 34.0549429, 44.4174639 ], [ 34.0549916, 44.4175433 ], [ 34.0550353, 44.417539 ], [ 34.0550752, 44.4175735 ], [ 34.0551733, 44.4175756 ], [ 34.0552091, 44.4176047 ], [ 34.0552207, 44.4176478 ], [ 34.0552838, 44.4177304 ], [ 34.0550965, 44.4178558 ], [ 34.054992, 44.4178463 ], [ 34.0549179, 44.417808 ], [ 34.054946, 44.4177486 ], [ 34.0549035, 44.4177006 ], [ 34.0548526, 44.4176945 ], [ 34.0548154, 44.4176578 ], [ 34.0548345, 44.4176182 ], [ 34.0548156, 44.4175713 ], [ 34.0547432, 44.4175421 ], [ 34.0546285, 44.4175523 ], [ 34.0545637, 44.4175836 ], [ 34.0545256, 44.417631 ], [ 34.0544524, 44.4176383 ], [ 34.0543789, 44.4176908 ], [ 34.0543947, 44.4177584 ], [ 34.0545878, 44.4178326 ], [ 34.0546321, 44.4178421 ], [ 34.0546989, 44.4178481 ], [ 34.0546533, 44.417892 ], [ 34.0545141, 44.4179043 ], [ 34.0544248, 44.417875 ], [ 34.0543142, 44.4178778 ], [ 34.0543063, 44.4179134 ], [ 34.0541606, 44.4179236 ], [ 34.0537106, 44.4180884 ], [ 34.0536147, 44.4181295 ], [ 34.0535426, 44.4181808 ], [ 34.0534787, 44.4181772 ], [ 34.0533829, 44.418242 ], [ 34.0533174, 44.4183452 ], [ 34.0532808, 44.4184243 ], [ 34.0531562, 44.4184624 ], [ 34.0529297, 44.4184665 ], [ 34.0526502, 44.4184261 ], [ 34.0524545, 44.4183899 ], [ 34.0523424, 44.4183463 ], [ 34.0521361, 44.4182763 ], [ 34.0519706, 44.4180899 ], [ 34.0518288, 44.4180309 ], [ 34.051794, 44.4180057 ], [ 34.0514968, 44.4177912 ], [ 34.0513895, 44.4177204 ], [ 34.0513452, 44.4175756 ], [ 34.0512199, 44.4174257 ], [ 34.0510722, 44.4173132 ], [ 34.050803, 44.4172359 ], [ 34.0504867, 44.4172185 ], [ 34.0500949, 44.4171437 ], [ 34.0498209, 44.417017 ], [ 34.0494255, 44.4167707 ], [ 34.0492156, 44.4165852 ], [ 34.0490168, 44.4164704 ], [ 34.0488814, 44.4164277 ], [ 34.0486959, 44.4162708 ], [ 34.0485395, 44.4161163 ], [ 34.0483576, 44.4159274 ], [ 34.0482373, 44.415752 ], [ 34.0480466, 44.4155328 ], [ 34.0479029, 44.4154366 ], [ 34.0478626, 44.4154097 ], [ 34.0476818, 44.4152893 ], [ 34.0475288, 44.4151875 ], [ 34.0470211, 44.4148772 ], [ 34.0465599, 44.4147474 ], [ 34.0460434, 44.4147349 ], [ 34.0445496, 44.4149071 ], [ 34.044093, 44.4149597 ], [ 34.0438964, 44.4149365 ], [ 34.0433666, 44.414854 ], [ 34.0428732, 44.4146255 ], [ 34.0425525, 44.4144156 ], [ 34.0420442, 44.4139577 ], [ 34.0418914, 44.413813 ], [ 34.0416254, 44.4133642 ], [ 34.0414546, 44.4129902 ], [ 34.0415483, 44.4125927 ], [ 34.0415971, 44.4119946 ], [ 34.0415937, 44.4114556 ], [ 34.0415199, 44.4110795 ], [ 34.0412667, 44.4108047 ], [ 34.0409668, 44.4105632 ], [ 34.0407312, 44.4103317 ], [ 34.0406647, 44.4102976 ], [ 34.0404785, 44.4100797 ], [ 34.0402519, 44.4098265 ], [ 34.0400187, 44.4095598 ], [ 34.0397631, 44.4093457 ], [ 34.0395876, 44.4092384 ], [ 34.0386015, 44.4086264 ], [ 34.0384127, 44.4085042 ], [ 34.0383633, 44.4084722 ], [ 34.0376626, 44.4080585 ], [ 34.037055, 44.4077404 ], [ 34.0365289, 44.4074351 ], [ 34.0364755, 44.4074563 ], [ 34.0364259, 44.4074926 ], [ 34.0358546, 44.4071221 ], [ 34.0352863, 44.4067548 ], [ 34.0346865, 44.4063526 ], [ 34.0343564, 44.4060974 ], [ 34.033978, 44.4059387 ], [ 34.034017, 44.405885 ], [ 34.0339334, 44.40585 ], [ 34.0341912, 44.4055074 ], [ 34.0340921, 44.4054699 ], [ 34.0339645, 44.405663 ], [ 34.0336777, 44.4055525 ], [ 34.0337392, 44.4054656 ], [ 34.0336837, 44.4054463 ], [ 34.0335891, 44.405575 ], [ 34.0336206, 44.4055879 ], [ 34.0334949, 44.4057458 ], [ 34.0332587, 44.4056619 ], [ 34.0332482, 44.4055911 ], [ 34.033095, 44.4055568 ], [ 34.0330275, 44.40559 ], [ 34.0328443, 44.405531 ], [ 34.032823, 44.4055564 ], [ 34.0327977, 44.4055857 ], [ 34.0324372, 44.4054612 ], [ 34.0324299, 44.4054458 ], [ 34.0324433, 44.4054199 ], [ 34.032434, 44.4054079 ], [ 34.0323991, 44.4053907 ], [ 34.0323763, 44.4053736 ], [ 34.0324118, 44.4053347 ], [ 34.0324304, 44.4052986 ], [ 34.0324325, 44.4052677 ], [ 34.0323998, 44.4052604 ], [ 34.0323615, 44.4052623 ], [ 34.0323359, 44.4052747 ], [ 34.0322832, 44.4053318 ], [ 34.0322744, 44.4053591 ], [ 34.0322922, 44.4053715 ], [ 34.0323179, 44.4053802 ], [ 34.0323523, 44.4053824 ], [ 34.0323733, 44.4053876 ], [ 34.0323642, 44.405419 ], [ 34.0323508, 44.4054412 ], [ 34.0319937, 44.4054158 ], [ 34.0319889, 44.4053822 ], [ 34.031711, 44.4053293 ], [ 34.0314781, 44.4053175 ], [ 34.0310848, 44.4052853 ], [ 34.0310313, 44.4053264 ], [ 34.0306925, 44.4053297 ], [ 34.0305081, 44.4053248 ], [ 34.0304008, 44.4052903 ], [ 34.0303045, 44.4052552 ], [ 34.0302711, 44.4052309 ], [ 34.0302556, 44.4052094 ], [ 34.0302555, 44.4051831 ], [ 34.0302593, 44.4051691 ], [ 34.0302674, 44.4051509 ], [ 34.0302781, 44.4051301 ], [ 34.0302751, 44.405115 ], [ 34.0302691, 44.4051097 ], [ 34.0302597, 44.4050889 ], [ 34.0302221, 44.4050762 ], [ 34.030188, 44.405068 ], [ 34.0301618, 44.4050633 ], [ 34.0301282, 44.4050671 ], [ 34.0300947, 44.4050661 ], [ 34.030047, 44.4050736 ], [ 34.0300391, 44.4050867 ], [ 34.0300404, 44.4051083 ], [ 34.0300551, 44.4051342 ], [ 34.030088, 44.4051442 ], [ 34.0301135, 44.4051524 ], [ 34.0301302, 44.4051581 ], [ 34.0301363, 44.4051711 ], [ 34.0301222, 44.4051811 ], [ 34.0301209, 44.4051888 ], [ 34.030137, 44.4052008 ], [ 34.0301651, 44.4052209 ], [ 34.0301752, 44.4052309 ], [ 34.030169, 44.4052553 ], [ 34.0300734, 44.4052921 ], [ 34.0299791, 44.4053125 ], [ 34.0296546, 44.4053684 ], [ 34.0292528, 44.4053454 ], [ 34.0292425, 44.4053044 ], [ 34.0286442, 44.4052492 ], [ 34.0281824, 44.4052454 ], [ 34.0281543, 44.4053046 ], [ 34.0278445, 44.4052583 ], [ 34.027825, 44.4052937 ], [ 34.0278971, 44.4053463 ], [ 34.0276298, 44.4054761 ], [ 34.0275817, 44.4054621 ], [ 34.0274053, 44.405563 ], [ 34.0272198, 44.405578 ], [ 34.0271493, 44.4056423 ], [ 34.0270336, 44.405638 ], [ 34.02688, 44.4056177 ], [ 34.0268555, 44.4056992 ], [ 34.0268234, 44.4057088 ], [ 34.0251987, 44.4060567 ], [ 34.0238647, 44.4063502 ], [ 34.0235737, 44.4064168 ], [ 34.0230659, 44.4064669 ], [ 34.0226431, 44.4065249 ], [ 34.0220427, 44.4066478 ], [ 34.0217572, 44.4066857 ], [ 34.0212076, 44.4067965 ], [ 34.0211082, 44.4067653 ], [ 34.0209132, 44.4068431 ], [ 34.020854, 44.4068595 ], [ 34.0201768, 44.4068233 ], [ 34.0199446, 44.4071086 ], [ 34.0190906, 44.4072774 ], [ 34.0184985, 44.4073862 ], [ 34.0184584, 44.407263 ], [ 34.0183872, 44.4072737 ], [ 34.0184486, 44.4074786 ], [ 34.0189205, 44.4073935 ], [ 34.0189679, 44.4076307 ], [ 34.0184693, 44.4077372 ], [ 34.0184854, 44.4078187 ], [ 34.018202, 44.407827 ], [ 34.0180479, 44.4078358 ], [ 34.0179957, 44.407668 ], [ 34.0179621, 44.40766 ], [ 34.0179011, 44.407665 ], [ 34.0176488, 44.4076813 ], [ 34.0170931, 44.4075747 ], [ 34.0164554, 44.4074095 ], [ 34.0160344, 44.4073903 ], [ 34.0159333, 44.407295 ], [ 34.015864, 44.407207 ], [ 34.0155776, 44.4070399 ], [ 34.0151915, 44.4068077 ], [ 34.0151374, 44.4067752 ], [ 34.014739, 44.406536 ], [ 34.0145924, 44.4064367 ], [ 34.0145207, 44.4063979 ], [ 34.0143583, 44.4062777 ], [ 34.0140166, 44.406103 ], [ 34.0137261, 44.4058935 ], [ 34.013328, 44.405433 ], [ 34.0131548, 44.405214 ], [ 34.0131742, 44.405038 ], [ 34.0131672, 44.4049181 ], [ 34.0132862, 44.4048364 ], [ 34.0132485, 44.4047633 ], [ 34.0131229, 44.4047581 ], [ 34.0130015, 44.4049114 ], [ 34.0130367, 44.404968 ], [ 34.0129782, 44.4050264 ], [ 34.0128655, 44.4050455 ], [ 34.0128406, 44.4050497 ], [ 34.0127807, 44.4050386 ], [ 34.0127089, 44.4050252 ], [ 34.01266, 44.4050161 ], [ 34.0118883, 44.4048086 ], [ 34.0118396, 44.4047955 ], [ 34.0118207, 44.4047904 ], [ 34.0114286, 44.404547 ], [ 34.0113829, 44.4045187 ], [ 34.0111511, 44.4042965 ], [ 34.0110221, 44.4042036 ], [ 34.0110037, 44.4040263 ], [ 34.0108193, 44.4039139 ], [ 34.0106806, 44.4037728 ], [ 34.0105419, 44.4036317 ], [ 34.010177, 44.4033531 ], [ 34.0099919, 44.403251 ], [ 34.0097741, 44.4031773 ], [ 34.0095282, 44.4031121 ], [ 34.0093211, 44.4031 ], [ 34.0089836, 44.4030843 ], [ 34.008692, 44.4030676 ], [ 34.008456, 44.403038 ], [ 34.0081097, 44.4029722 ], [ 34.0076817, 44.4029012 ], [ 34.0073644, 44.4029002 ], [ 34.007274, 44.4028534 ], [ 34.0071288, 44.4027602 ], [ 34.0068905, 44.4026418 ], [ 34.006605, 44.4025459 ], [ 34.0058888, 44.4023346 ], [ 34.0057609, 44.402315 ], [ 34.0056847, 44.4022896 ], [ 34.0056018, 44.402252 ], [ 34.0055354, 44.4022388 ], [ 34.0054482, 44.4022227 ], [ 34.005352, 44.4022194 ], [ 34.0051979, 44.4022047 ], [ 34.0048734, 44.4021668 ], [ 34.0047451, 44.4021637 ], [ 34.0046218, 44.4021599 ], [ 34.0044676, 44.4021333 ], [ 34.0043805, 44.4021333 ], [ 34.004489, 44.4021787 ], [ 34.0046972, 44.4022328 ], [ 34.0048869, 44.4022939 ], [ 34.005128, 44.4023346 ], [ 34.0052288, 44.4023536 ], [ 34.0053057, 44.4023861 ], [ 34.005375, 44.4024253 ], [ 34.0053988, 44.4024607 ], [ 34.0053974, 44.4024872 ], [ 34.0053658, 44.4025031 ], [ 34.0053159, 44.4025024 ], [ 34.0052436, 44.4024937 ], [ 34.0050778, 44.4024333 ], [ 34.0048887, 44.4023881 ], [ 34.0048386, 44.4023991 ], [ 34.0048046, 44.4024251 ], [ 34.0047259, 44.4024965 ], [ 34.0045941, 44.4025815 ], [ 34.0043836, 44.402656 ], [ 34.0041707, 44.4027159 ], [ 34.0038693, 44.4027808 ], [ 34.0036515, 44.4027977 ], [ 34.0034005, 44.4028117 ], [ 34.0030731, 44.4028173 ], [ 34.0026247, 44.4028074 ], [ 34.0024092, 44.4027512 ], [ 34.0020166, 44.402622 ], [ 34.0018578, 44.4025624 ], [ 34.001602, 44.4024497 ], [ 34.0015717, 44.4024363 ], [ 34.0015631, 44.4024019 ], [ 34.001485, 44.4023532 ], [ 34.00142, 44.4023234 ], [ 34.0013102, 44.4022271 ], [ 34.0010967, 44.4020594 ], [ 34.0009538, 44.4019664 ], [ 34.0008231, 44.4018431 ], [ 34.0006271, 44.4016529 ], [ 34.0006689, 44.4013627 ], [ 34.0006212, 44.4011922 ], [ 34.0006291, 44.4011385 ], [ 34.000658, 44.4010926 ], [ 34.0007082, 44.4010622 ], [ 34.0007239, 44.4010014 ], [ 34.0007054, 44.4009583 ], [ 34.0006222, 44.4009126 ], [ 34.0006525, 44.4008963 ], [ 34.000838, 44.4009693 ], [ 34.0009942, 44.4010216 ], [ 34.0011873, 44.4009988 ], [ 34.0012585, 44.4010026 ], [ 34.0013132, 44.4009656 ], [ 34.0012531, 44.4007942 ], [ 34.0012937, 44.4006198 ], [ 34.0012062, 44.4005131 ], [ 34.0011974, 44.4004545 ], [ 34.0011727, 44.40038 ], [ 34.0011155, 44.4003478 ], [ 34.0010416, 44.4003059 ], [ 34.0009191, 44.4002724 ], [ 34.0008821, 44.4003343 ], [ 34.0007314, 44.4004549 ], [ 34.0004825, 44.4005894 ], [ 34.0003661, 44.4006532 ], [ 34.0003163, 44.4007013 ], [ 34.0003273, 44.4007877 ], [ 34.0003368, 44.4008728 ], [ 34.0004068, 44.4009077 ], [ 34.0003048, 44.4009627 ], [ 34.0001743, 44.4009589 ], [ 34.0000968, 44.4008811 ], [ 33.9999709, 44.4008581 ], [ 33.999804, 44.4008351 ], [ 33.999677, 44.4008693 ], [ 33.9995347, 44.4009209 ], [ 33.9994324, 44.4010114 ], [ 33.9993884, 44.4010756 ], [ 33.9992855, 44.4011606 ], [ 33.9989381, 44.4014495 ], [ 33.9986657, 44.4014544 ], [ 33.9984893, 44.4014872 ], [ 33.998317, 44.4015044 ], [ 33.998046, 44.4014891 ], [ 33.997776, 44.4015371 ], [ 33.9974564, 44.4015546 ], [ 33.9968867, 44.4014677 ], [ 33.9967852, 44.4014278 ], [ 33.9965644, 44.401292 ], [ 33.9965609, 44.4011774 ], [ 33.9963581, 44.4010531 ], [ 33.9961493, 44.4009483 ], [ 33.995797, 44.4008167 ], [ 33.9957211, 44.4005898 ], [ 33.9954458, 44.4005324 ], [ 33.995387, 44.400477 ], [ 33.99534, 44.4003731 ], [ 33.9950944, 44.4003188 ], [ 33.9951025, 44.4002522 ], [ 33.9950951, 44.4002069 ], [ 33.9950696, 44.4001692 ], [ 33.9950592, 44.4000823 ], [ 33.9950315, 44.4000333 ], [ 33.9948936, 44.4001127 ], [ 33.9948724, 44.4000966 ], [ 33.9949096, 44.4000519 ], [ 33.9948325, 44.400008 ], [ 33.9946806, 44.4000531 ], [ 33.9944753, 44.4000906 ], [ 33.9943915, 44.4000732 ], [ 33.9942943, 44.3999794 ], [ 33.9942766, 44.4000151 ], [ 33.9941896, 44.4000736 ], [ 33.9940718, 44.4000923 ], [ 33.9938855, 44.400052 ], [ 33.9937049, 44.3999505 ], [ 33.9935245, 44.3998622 ], [ 33.993244, 44.399763 ], [ 33.9930801, 44.3997367 ], [ 33.9928679, 44.3997719 ], [ 33.992746, 44.3997378 ], [ 33.9926629, 44.399791 ], [ 33.9924986, 44.399962 ], [ 33.9923045, 44.4000185 ], [ 33.99194, 44.4000789 ], [ 33.9917154, 44.4002818 ], [ 33.9917141, 44.4004337 ], [ 33.9914948, 44.4005581 ], [ 33.9913216, 44.4006635 ], [ 33.9911229, 44.4006559 ], [ 33.9908011, 44.4007973 ], [ 33.9906401, 44.4008795 ], [ 33.9905944, 44.4010348 ], [ 33.990387, 44.4010294 ], [ 33.9902322, 44.4010712 ], [ 33.9900759, 44.4011714 ], [ 33.9900173, 44.4012046 ], [ 33.9898179, 44.4011881 ], [ 33.9896747, 44.4012297 ], [ 33.9894443, 44.4012701 ], [ 33.9891631, 44.4012503 ], [ 33.9890252, 44.4012225 ], [ 33.9890026, 44.4011358 ], [ 33.9889493, 44.4011396 ], [ 33.988918, 44.4012116 ], [ 33.98872, 44.4012489 ], [ 33.988423, 44.4012011 ], [ 33.9883396, 44.4010536 ], [ 33.988065, 44.4009547 ], [ 33.9876919, 44.4008365 ], [ 33.9873998, 44.400773 ], [ 33.9872439, 44.4007446 ], [ 33.9865703, 44.4006247 ], [ 33.9847192, 44.4003726 ], [ 33.9841434, 44.4002094 ], [ 33.9838558, 44.4001262 ], [ 33.9833727, 44.4000199 ], [ 33.9829612, 44.3998072 ], [ 33.9825486, 44.3995824 ], [ 33.9819076, 44.3991518 ], [ 33.9815558, 44.3988057 ], [ 33.9812456, 44.3984288 ], [ 33.9810753, 44.398248 ], [ 33.980635, 44.3977843 ], [ 33.9806031, 44.3977567 ], [ 33.9803743, 44.3975308 ], [ 33.9801801, 44.3973696 ], [ 33.980118, 44.397188 ], [ 33.980079, 44.3969026 ], [ 33.9800599, 44.3967731 ], [ 33.9801172, 44.3965277 ], [ 33.9801823, 44.3962074 ], [ 33.9801781, 44.3959835 ], [ 33.9800784, 44.3956736 ], [ 33.980052, 44.3954305 ], [ 33.9799495, 44.3951782 ], [ 33.9798048, 44.3949649 ], [ 33.9796802, 44.3948381 ], [ 33.9793928, 44.3947574 ], [ 33.979045, 44.3946023 ], [ 33.978719, 44.3944579 ], [ 33.9783847, 44.3943894 ], [ 33.977959, 44.3942962 ], [ 33.9776127, 44.394212 ], [ 33.977365, 44.394134 ], [ 33.9771329, 44.3940117 ], [ 33.9769361, 44.3939899 ], [ 33.9766847, 44.393941 ], [ 33.976482, 44.3938314 ], [ 33.9763708, 44.3937084 ], [ 33.976259, 44.3936502 ], [ 33.9760277, 44.3936097 ], [ 33.9757499, 44.3935167 ], [ 33.9756004, 44.3933613 ], [ 33.9754928, 44.3932155 ], [ 33.9753423, 44.3930427 ], [ 33.9751304, 44.3929514 ], [ 33.9748668, 44.3928549 ], [ 33.9748425, 44.3928546 ], [ 33.9745782, 44.3928067 ], [ 33.9743526, 44.3927373 ], [ 33.9740074, 44.3926669 ], [ 33.9738819, 44.3926187 ], [ 33.9736721, 44.3925179 ], [ 33.9736537, 44.3925116 ], [ 33.9734245, 44.3923779 ], [ 33.9732469, 44.392373 ], [ 33.9731261, 44.3923112 ], [ 33.9728592, 44.392139 ], [ 33.9727441, 44.3920853 ], [ 33.9725835, 44.3920382 ], [ 33.9717593, 44.3918412 ], [ 33.971648, 44.3918226 ], [ 33.9714322, 44.3917903 ], [ 33.9709833, 44.391723 ], [ 33.9703165, 44.3916889 ], [ 33.9701531, 44.3916901 ], [ 33.9698845, 44.3916631 ], [ 33.9695648, 44.3916201 ], [ 33.9693784, 44.3916248 ], [ 33.968757, 44.3916018 ], [ 33.9686339, 44.3915605 ], [ 33.9685429, 44.3915817 ], [ 33.9684703, 44.391586 ], [ 33.9682782, 44.3916117 ], [ 33.9680529, 44.3916212 ], [ 33.9679472, 44.3915593 ], [ 33.9678502, 44.3915605 ], [ 33.9676509, 44.3915461 ], [ 33.9676415, 44.3915462 ], [ 33.9675089, 44.3915071 ], [ 33.9674524, 44.3914341 ], [ 33.9673331, 44.3914348 ], [ 33.9672185, 44.3914822 ], [ 33.967114, 44.3914894 ], [ 33.9668128, 44.391475 ], [ 33.9665759, 44.3913804 ], [ 33.9663179, 44.3913225 ], [ 33.9660613, 44.3912784 ], [ 33.9658957, 44.3912931 ], [ 33.9658767, 44.3912932 ], [ 33.9656363, 44.3912654 ], [ 33.9653876, 44.3912082 ], [ 33.9652531, 44.3911995 ], [ 33.9650099, 44.3912249 ], [ 33.9647685, 44.3911907 ], [ 33.9644775, 44.3911237 ], [ 33.9642505, 44.3911259 ], [ 33.9639017, 44.3911227 ], [ 33.9637445, 44.391154 ], [ 33.9636556, 44.3911747 ], [ 33.9634623, 44.391216 ], [ 33.9631636, 44.3912939 ], [ 33.9628818, 44.3913125 ], [ 33.9625305, 44.3913678 ], [ 33.9622284, 44.391425 ], [ 33.9620306, 44.3914274 ], [ 33.961862, 44.3914326 ], [ 33.9616697, 44.3913733 ], [ 33.961528, 44.391339 ], [ 33.9614413, 44.3913431 ], [ 33.9613858, 44.3913535 ], [ 33.9612394, 44.3913581 ], [ 33.9611942, 44.3913586 ], [ 33.9609812, 44.391312 ], [ 33.9607585, 44.3912945 ], [ 33.9605269, 44.3912798 ], [ 33.9602427, 44.3912461 ], [ 33.9600273, 44.3912383 ], [ 33.9598832, 44.3912462 ], [ 33.9597246, 44.3912609 ], [ 33.9596692, 44.3912614 ], [ 33.9593603, 44.3912742 ], [ 33.9590678, 44.391277 ], [ 33.9587643, 44.3912269 ], [ 33.9585184, 44.391206 ], [ 33.9583372, 44.3912044 ], [ 33.9580681, 44.3912136 ], [ 33.9579012, 44.3912119 ], [ 33.9564304, 44.3912454 ], [ 33.9557477, 44.3914105 ], [ 33.9554134, 44.3914925 ], [ 33.9552139, 44.391519 ], [ 33.9547913, 44.3914438 ], [ 33.9542147, 44.3913921 ], [ 33.953842, 44.3914266 ], [ 33.9531153, 44.3916498 ], [ 33.952439, 44.391716 ], [ 33.9518558, 44.3917357 ], [ 33.9510124, 44.391938 ], [ 33.950815, 44.3920089 ], [ 33.9504179, 44.3921514 ], [ 33.9494392, 44.3924537 ], [ 33.9486096, 44.3926387 ], [ 33.9476433, 44.3927037 ], [ 33.946795, 44.3926899 ], [ 33.9467118, 44.3926886 ], [ 33.9463548, 44.3926916 ], [ 33.9451458, 44.3925944 ], [ 33.9448989, 44.3925438 ], [ 33.9437399, 44.3923062 ], [ 33.9435383, 44.3922352 ], [ 33.9433779, 44.3920522 ], [ 33.9425843, 44.3918579 ], [ 33.9413066, 44.3919932 ], [ 33.940633, 44.391943 ], [ 33.9404132, 44.3920572 ], [ 33.9403018, 44.392354 ], [ 33.9397854, 44.3928752 ], [ 33.9397258, 44.3930616 ], [ 33.939675, 44.3932205 ], [ 33.9393794, 44.3934665 ], [ 33.93896, 44.393713 ], [ 33.9385888, 44.3939392 ], [ 33.9383311, 44.3940687 ], [ 33.937452, 44.394406 ], [ 33.9370298, 44.3945932 ], [ 33.9361685, 44.3947837 ], [ 33.9354461, 44.3948604 ], [ 33.934956, 44.39494 ], [ 33.933944, 44.3948345 ], [ 33.9328906, 44.3948602 ], [ 33.9319318, 44.3951402 ], [ 33.9314308, 44.3953358 ], [ 33.9307987, 44.3956119 ], [ 33.9306988, 44.3956584 ], [ 33.9301529, 44.3959334 ], [ 33.9295619, 44.396129 ], [ 33.9290104, 44.396248 ], [ 33.9284726, 44.3964213 ], [ 33.9279812, 44.3964578 ], [ 33.927462, 44.396284 ], [ 33.9267764, 44.3962823 ], [ 33.9260375, 44.3963507 ], [ 33.9252616, 44.3965785 ], [ 33.9247879, 44.3967582 ], [ 33.9244009, 44.3968247 ], [ 33.923896, 44.397082 ], [ 33.9235026, 44.3972569 ], [ 33.9227193, 44.3976193 ], [ 33.9226331, 44.3976549 ], [ 33.922119, 44.397867 ], [ 33.9215234, 44.3981394 ], [ 33.9211236, 44.3982914 ], [ 33.9201693, 44.3986847 ], [ 33.919623, 44.3987329 ], [ 33.9194894, 44.3987447 ], [ 33.9192666, 44.3987643 ], [ 33.9183915, 44.3987721 ], [ 33.9176344, 44.3989273 ], [ 33.917162, 44.3989897 ], [ 33.9167342, 44.3990004 ], [ 33.916056, 44.399198 ], [ 33.915698, 44.399201 ], [ 33.9151257, 44.3992518 ], [ 33.9148689, 44.3993896 ], [ 33.9142155, 44.3995943 ], [ 33.9133456, 44.3997096 ], [ 33.9131022, 44.3997182 ], [ 33.912485, 44.39974 ], [ 33.9122719, 44.3997418 ], [ 33.91177, 44.399746 ], [ 33.911546, 44.3998377 ], [ 33.9109292, 44.3998864 ], [ 33.9109317, 44.3999608 ], [ 33.9105579, 44.4000264 ], [ 33.9100937, 44.4000463 ], [ 33.9100822, 44.4000468 ], [ 33.9094007, 44.3999959 ], [ 33.9093504, 44.4000685 ], [ 33.908686, 44.4000583 ], [ 33.9086692, 44.4000021 ], [ 33.9071096, 44.4002267 ], [ 33.9069836, 44.4002983 ], [ 33.9068789, 44.400362 ], [ 33.9065243, 44.4003885 ], [ 33.9062511, 44.4005489 ], [ 33.9057007, 44.4007045 ], [ 33.9055524, 44.4007454 ], [ 33.9050071, 44.4008086 ], [ 33.904678, 44.4007784 ], [ 33.9040804, 44.4007557 ], [ 33.9038557, 44.4007471 ], [ 33.9020944, 44.4011827 ], [ 33.9018064, 44.40121 ], [ 33.901578, 44.401164 ], [ 33.9014255, 44.4012239 ], [ 33.9009768, 44.4015603 ], [ 33.9006017, 44.4018197 ], [ 33.9005406, 44.4020674 ], [ 33.9002783, 44.4022904 ], [ 33.9003934, 44.4023503 ], [ 33.9001685, 44.4025209 ], [ 33.8997867, 44.4027735 ], [ 33.8993418, 44.403065 ], [ 33.8989258, 44.40322 ], [ 33.8982824, 44.4033226 ], [ 33.8978637, 44.4033062 ], [ 33.897507, 44.403194 ], [ 33.8971907, 44.4030197 ], [ 33.8970824, 44.4029601 ], [ 33.8970198, 44.4029256 ], [ 33.897109, 44.4028452 ], [ 33.8970762, 44.4028129 ], [ 33.8967507, 44.4027323 ], [ 33.8956407, 44.4022133 ], [ 33.8951403, 44.4022259 ], [ 33.894389, 44.4022841 ], [ 33.8935803, 44.4022958 ], [ 33.8928211, 44.4025026 ], [ 33.8924389, 44.4026195 ], [ 33.8920729, 44.402735 ], [ 33.8917112, 44.4028907 ], [ 33.8913592, 44.4029371 ], [ 33.890704, 44.402991 ], [ 33.8903179, 44.4029717 ], [ 33.8900076, 44.4028763 ], [ 33.8894152, 44.4029224 ], [ 33.888988, 44.4030593 ], [ 33.8886642, 44.4030538 ], [ 33.8883118, 44.4029709 ], [ 33.8874733, 44.4030206 ], [ 33.8870915, 44.4030017 ], [ 33.8867212, 44.4030642 ], [ 33.8861824, 44.4030468 ], [ 33.8854741, 44.4031111 ], [ 33.8849301, 44.4034649 ], [ 33.8847915, 44.4037266 ], [ 33.8844541, 44.4039038 ], [ 33.8842714, 44.4039017 ], [ 33.8840258, 44.403827 ], [ 33.8837552, 44.4037975 ], [ 33.8832983, 44.4039447 ], [ 33.8830738, 44.4039774 ], [ 33.8827896, 44.4038226 ], [ 33.882536, 44.4037428 ], [ 33.8823697, 44.4037313 ], [ 33.8822946, 44.4038194 ], [ 33.8822892, 44.4039727 ], [ 33.8822182, 44.404097 ], [ 33.8818654, 44.4042372 ], [ 33.8812976, 44.4044515 ], [ 33.8808535, 44.4044855 ], [ 33.8803761, 44.4044859 ], [ 33.8801102, 44.4044939 ], [ 33.88009, 44.4042412 ], [ 33.8798752, 44.4042046 ], [ 33.8794166, 44.4041816 ], [ 33.8788614, 44.4041874 ], [ 33.8784899, 44.4042356 ], [ 33.8783544, 44.404287 ], [ 33.8782697, 44.4042815 ], [ 33.8781909, 44.4040801 ], [ 33.8780352, 44.4040666 ], [ 33.8778609, 44.4041126 ], [ 33.8776302, 44.4041893 ], [ 33.8775502, 44.4042613 ], [ 33.877617, 44.4044178 ], [ 33.8774183, 44.4044748 ], [ 33.8771463, 44.404516 ], [ 33.8763204, 44.4045751 ], [ 33.8753551, 44.4045911 ], [ 33.8744905, 44.4046213 ], [ 33.874077, 44.4045605 ], [ 33.8735997, 44.4043563 ], [ 33.8735392, 44.4043072 ], [ 33.8733139, 44.4041243 ], [ 33.8732072, 44.4040389 ], [ 33.8729123, 44.4038928 ], [ 33.8725751, 44.4038311 ], [ 33.8717325, 44.4037836 ], [ 33.8715141, 44.4037943 ], [ 33.8712763, 44.4038215 ], [ 33.870887, 44.4038284 ], [ 33.8703085, 44.4038585 ], [ 33.8696973, 44.403937 ], [ 33.8689046, 44.4040993 ], [ 33.8683514, 44.4042394 ], [ 33.8679495, 44.4043742 ], [ 33.8674784, 44.4046218 ], [ 33.8667002, 44.4048164 ], [ 33.8662948, 44.4048547 ], [ 33.8662213, 44.4048617 ], [ 33.8660433, 44.4048785 ], [ 33.8655192, 44.4051211 ], [ 33.8648119, 44.4054597 ], [ 33.8644053, 44.4056684 ], [ 33.8641657, 44.4058378 ], [ 33.863547, 44.406022 ], [ 33.8631693, 44.4062595 ], [ 33.8628246, 44.4064297 ], [ 33.8626031, 44.4066454 ], [ 33.8624631, 44.4068953 ], [ 33.8620994, 44.407034 ], [ 33.8619736, 44.4071024 ], [ 33.8610052, 44.4071538 ], [ 33.8598951, 44.4069872 ], [ 33.859685, 44.4069557 ], [ 33.8592608, 44.4067642 ], [ 33.8588171, 44.4065592 ], [ 33.8584658, 44.4061804 ], [ 33.8583612, 44.4060022 ], [ 33.8585197, 44.4058906 ], [ 33.8581292, 44.4058617 ], [ 33.8580144, 44.4057305 ], [ 33.8579321, 44.4057031 ], [ 33.8577229, 44.4057337 ], [ 33.8576692, 44.4056954 ], [ 33.8576961, 44.4056705 ], [ 33.8577738, 44.4055881 ], [ 33.8577229, 44.4055555 ], [ 33.8576183, 44.405544 ], [ 33.8574439, 44.4055881 ], [ 33.8573232, 44.4056015 ], [ 33.8571408, 44.4057357 ], [ 33.8570577, 44.4056954 ], [ 33.8570818, 44.4056188 ], [ 33.8571033, 44.4055613 ], [ 33.8570711, 44.405546 ], [ 33.8569021, 44.4056054 ], [ 33.8568726, 44.4055919 ], [ 33.8568753, 44.4054961 ], [ 33.8562636, 44.4053578 ], [ 33.8560468, 44.4051725 ], [ 33.856004, 44.4050768 ], [ 33.8557956, 44.4048383 ], [ 33.8554909, 44.4048414 ], [ 33.8550007, 44.4049014 ], [ 33.8548647, 44.4048937 ], [ 33.8546825, 44.4048924 ], [ 33.8544928, 44.4049345 ], [ 33.8541158, 44.4050494 ], [ 33.8532442, 44.4048008 ], [ 33.852805, 44.4047759 ], [ 33.8525104, 44.4047973 ], [ 33.8524292, 44.4048553 ], [ 33.851926, 44.4049945 ], [ 33.8514192, 44.4050522 ], [ 33.8509487, 44.405187 ], [ 33.8507344, 44.405303 ], [ 33.8502865, 44.405301 ], [ 33.8501064, 44.4051919 ], [ 33.8499411, 44.4051619 ], [ 33.8494901, 44.4051887 ], [ 33.8490171, 44.4052441 ], [ 33.8487438, 44.4052091 ], [ 33.8480914, 44.4051783 ], [ 33.8474133, 44.4051234 ], [ 33.847376, 44.4051142 ], [ 33.8468255, 44.4050862 ], [ 33.8467866, 44.4051605 ], [ 33.8467523, 44.4051574 ], [ 33.8463733, 44.4051218 ], [ 33.8461705, 44.4050921 ], [ 33.8459129, 44.4050007 ], [ 33.8459278, 44.4049401 ], [ 33.8455712, 44.4048945 ], [ 33.8451607, 44.4049221 ], [ 33.8446118, 44.4049821 ], [ 33.844068, 44.4051168 ], [ 33.8436233, 44.405191 ], [ 33.8431516, 44.4051703 ], [ 33.8427672, 44.4051331 ], [ 33.8418135, 44.4048826 ], [ 33.8411755, 44.4047932 ], [ 33.8408085, 44.4047061 ], [ 33.8400991, 44.4046866 ], [ 33.839547, 44.404661 ], [ 33.8393269, 44.4045863 ], [ 33.8392907, 44.4045946 ], [ 33.839229, 44.4046086 ], [ 33.8387357, 44.4044211 ], [ 33.8385545, 44.4043096 ], [ 33.8385171, 44.4042743 ], [ 33.8384847, 44.4042437 ], [ 33.8384104, 44.4041735 ], [ 33.8381416, 44.403732 ], [ 33.838018, 44.403524 ], [ 33.8380893, 44.4034827 ], [ 33.8380247, 44.4033952 ], [ 33.8379012, 44.4033743 ], [ 33.8376908, 44.4030899 ], [ 33.8375862, 44.4029881 ], [ 33.8374721, 44.4028426 ], [ 33.8371966, 44.4026433 ], [ 33.8368561, 44.4024999 ], [ 33.8366644, 44.4023587 ], [ 33.8365133, 44.4021738 ], [ 33.8363397, 44.4020259 ], [ 33.8360553, 44.4018677 ], [ 33.83586, 44.4017046 ], [ 33.835663, 44.4013898 ], [ 33.8356897, 44.4012165 ], [ 33.8356252, 44.4011328 ], [ 33.8351807, 44.400826 ], [ 33.8351821, 44.4006884 ], [ 33.8350338, 44.4006496 ], [ 33.8346225, 44.4005918 ], [ 33.8344053, 44.4005596 ], [ 33.8342962, 44.4005867 ], [ 33.8342294, 44.4005644 ], [ 33.8342561, 44.4005071 ], [ 33.8341693, 44.4004642 ], [ 33.8339798, 44.400526 ], [ 33.8333617, 44.4004976 ], [ 33.8330029, 44.4005199 ], [ 33.8324998, 44.4004976 ], [ 33.8319678, 44.4005071 ], [ 33.8316102, 44.4004949 ], [ 33.8313404, 44.400564 ], [ 33.831073, 44.4006344 ], [ 33.8306879, 44.4007473 ], [ 33.8304894, 44.4008319 ], [ 33.8304108, 44.4009074 ], [ 33.8303595, 44.4009705 ], [ 33.8302957, 44.4009451 ], [ 33.8301473, 44.4010685 ], [ 33.8300125, 44.4011293 ], [ 33.8297027, 44.4011761 ], [ 33.8294008, 44.4011605 ], [ 33.8292717, 44.4011066 ], [ 33.829232, 44.4009633 ], [ 33.8290684, 44.4009506 ], [ 33.8289083, 44.4010867 ], [ 33.8287322, 44.4011664 ], [ 33.828386, 44.4011449 ], [ 33.8280544, 44.4010527 ], [ 33.8277387, 44.400986 ], [ 33.8275649, 44.400868 ], [ 33.8274124, 44.4008155 ], [ 33.8270385, 44.4006026 ], [ 33.8266564, 44.4005476 ], [ 33.8264876, 44.4004582 ], [ 33.8263274, 44.4003249 ], [ 33.8261758, 44.4001886 ], [ 33.8261142, 44.4000936 ], [ 33.8261083, 44.400034 ], [ 33.8262473, 44.4000255 ], [ 33.8263029, 44.3999957 ], [ 33.8263565, 44.3999361 ], [ 33.82643, 44.3999517 ], [ 33.826567, 44.3999247 ], [ 33.8264955, 44.3998694 ], [ 33.8264379, 44.3998453 ], [ 33.8263823, 44.3998609 ], [ 33.8263029, 44.3998098 ], [ 33.8261039, 44.3997734 ], [ 33.8256526, 44.3998207 ], [ 33.8254887, 44.3999077 ], [ 33.825165, 44.3998836 ], [ 33.8249346, 44.3998084 ], [ 33.8248373, 44.3997672 ], [ 33.82475, 44.3997559 ], [ 33.8246288, 44.3997984 ], [ 33.8245137, 44.3997416 ], [ 33.8244322, 44.3997786 ], [ 33.8243512, 44.3997499 ], [ 33.8242926, 44.3996613 ], [ 33.8237911, 44.3995322 ], [ 33.8234555, 44.3997379 ], [ 33.8231179, 44.3995506 ], [ 33.8226987, 44.3995409 ], [ 33.8225062, 44.3994513 ], [ 33.8223168, 44.3993238 ], [ 33.8220349, 44.3990758 ], [ 33.8218483, 44.3987954 ], [ 33.8218142, 44.3985117 ], [ 33.8218603, 44.3981842 ], [ 33.8218638, 44.3981614 ], [ 33.8218886, 44.3978998 ], [ 33.8217351, 44.3976042 ], [ 33.8216683, 44.3975207 ], [ 33.8216094, 44.3972391 ], [ 33.8213702, 44.3968771 ], [ 33.8212122, 44.396789 ], [ 33.8210237, 44.3965588 ], [ 33.8207164, 44.3962335 ], [ 33.8205176, 44.395819 ], [ 33.8205525, 44.3957963 ], [ 33.820535, 44.3957441 ], [ 33.8204393, 44.3956727 ], [ 33.8204206, 44.3956374 ], [ 33.820365, 44.3955829 ], [ 33.8202395, 44.3955988 ], [ 33.8201982, 44.3956147 ], [ 33.8202602, 44.3956817 ], [ 33.8199552, 44.3957032 ], [ 33.819917, 44.3956737 ], [ 33.8197995, 44.3956363 ], [ 33.8197629, 44.3956873 ], [ 33.8197995, 44.3957339 ], [ 33.8194102, 44.3957237 ], [ 33.8189781, 44.3957623 ], [ 33.8187049, 44.395861 ], [ 33.8183395, 44.3958985 ], [ 33.8178998, 44.3959186 ], [ 33.8175862, 44.3959013 ], [ 33.8174196, 44.3958905 ], [ 33.8172624, 44.3958951 ], [ 33.8173084, 44.3958349 ], [ 33.8172338, 44.3957838 ], [ 33.8171641, 44.3958015 ], [ 33.8171543, 44.3958485 ], [ 33.8171877, 44.3958735 ], [ 33.8172369, 44.3958871 ], [ 33.8171924, 44.3959257 ], [ 33.8171289, 44.3958917 ], [ 33.8171149, 44.3958367 ], [ 33.8170632, 44.3958211 ], [ 33.8169898, 44.3957941 ], [ 33.8169779, 44.3958324 ], [ 33.8170176, 44.3958892 ], [ 33.8169679, 44.3959218 ], [ 33.816682, 44.3958934 ], [ 33.816513, 44.3958579 ], [ 33.8161776, 44.395858 ], [ 33.816116, 44.3957984 ], [ 33.8159775, 44.3957759 ], [ 33.8159174, 44.395848 ], [ 33.8157461, 44.3958735 ], [ 33.8155873, 44.3958416 ], [ 33.815444, 44.395856 ], [ 33.8153241, 44.3958185 ], [ 33.8150511, 44.3958699 ], [ 33.8147259, 44.395987 ], [ 33.8144181, 44.396026 ], [ 33.8141848, 44.396003 ], [ 33.8139187, 44.3959192 ], [ 33.8138174, 44.3959338 ], [ 33.8136138, 44.3958877 ], [ 33.8134599, 44.3959657 ], [ 33.8132722, 44.3959756 ], [ 33.813023, 44.3959391 ], [ 33.8128195, 44.3959356 ], [ 33.812581, 44.395876 ], [ 33.8122361, 44.3957955 ], [ 33.8122039, 44.3957458 ], [ 33.8123255, 44.3956873 ], [ 33.8123305, 44.3956447 ], [ 33.8122957, 44.3956021 ], [ 33.8122088, 44.3956145 ], [ 33.8121418, 44.3956926 ], [ 33.8121517, 44.3957476 ], [ 33.812122, 44.3958061 ], [ 33.8118489, 44.3958079 ], [ 33.811508, 44.395884 ], [ 33.8113301, 44.3959249 ], [ 33.8105929, 44.3958859 ], [ 33.8104787, 44.3958907 ], [ 33.810434, 44.3958626 ], [ 33.8100294, 44.3958433 ], [ 33.8097464, 44.3958451 ], [ 33.8096921, 44.3959155 ], [ 33.8096534, 44.3959168 ], [ 33.8093277, 44.3959069 ], [ 33.8090022, 44.3958756 ], [ 33.8085381, 44.3957756 ], [ 33.8085075, 44.3958028 ], [ 33.8084606, 44.3958444 ], [ 33.8083033, 44.3957796 ], [ 33.8079364, 44.3956284 ], [ 33.8076202, 44.3955129 ], [ 33.8075956, 44.3954879 ], [ 33.8075636, 44.3954554 ], [ 33.8073304, 44.3952728 ], [ 33.8071582, 44.3951331 ], [ 33.807022, 44.395018 ], [ 33.8071377, 44.3949215 ], [ 33.8065794, 44.3945647 ], [ 33.8063767, 44.3945376 ], [ 33.8061606, 44.3944059 ], [ 33.8060536, 44.3942408 ], [ 33.8058733, 44.3939747 ], [ 33.8057306, 44.3938816 ], [ 33.8055269, 44.3938196 ], [ 33.8053784, 44.3936994 ], [ 33.8052157, 44.3935813 ], [ 33.805274, 44.3934772 ], [ 33.8053129, 44.3934304 ], [ 33.805274, 44.3933679 ], [ 33.8052133, 44.393354 ], [ 33.8051161, 44.3934633 ], [ 33.8050947, 44.3935386 ], [ 33.8049825, 44.3935189 ], [ 33.8049971, 44.3934789 ], [ 33.8049145, 44.3934234 ], [ 33.8047882, 44.3934408 ], [ 33.8046061, 44.3934789 ], [ 33.8045235, 44.3934356 ], [ 33.8043632, 44.3934494 ], [ 33.804575, 44.3935883 ], [ 33.8041592, 44.3938417 ], [ 33.804068, 44.3939341 ], [ 33.803977, 44.3940152 ], [ 33.8037827, 44.3940708 ], [ 33.8035252, 44.3940274 ], [ 33.8031901, 44.3939597 ], [ 33.8029083, 44.3940378 ], [ 33.8027818, 44.394113 ], [ 33.8024779, 44.3943428 ], [ 33.802238, 44.3945255 ], [ 33.8019849, 44.3946729 ], [ 33.8019604, 44.3947692 ], [ 33.8018017, 44.3950166 ], [ 33.8015997, 44.3952999 ], [ 33.801485, 44.395473 ], [ 33.8014916, 44.3955642 ], [ 33.8012203, 44.39569 ], [ 33.8008683, 44.3957771 ], [ 33.8003956, 44.3958214 ], [ 33.7999228, 44.3957965 ], [ 33.7997015, 44.3957007 ], [ 33.7996246, 44.3956674 ], [ 33.7991834, 44.3955215 ], [ 33.7985515, 44.3951746 ], [ 33.7983422, 44.3949906 ], [ 33.7982912, 44.3949055 ], [ 33.7982984, 44.3946573 ], [ 33.7982499, 44.3944474 ], [ 33.7982772, 44.3944051 ], [ 33.7983082, 44.3943571 ], [ 33.7980823, 44.3941575 ], [ 33.7979114, 44.3939533 ], [ 33.7979303, 44.3939265 ], [ 33.797956, 44.3938902 ], [ 33.7976038, 44.3936265 ], [ 33.7976137, 44.3935797 ], [ 33.7974646, 44.3935063 ], [ 33.7969334, 44.3932447 ], [ 33.7968869, 44.3932631 ], [ 33.7968363, 44.3932863 ], [ 33.7967391, 44.3932759 ], [ 33.7965837, 44.3933089 ], [ 33.7961052, 44.3932325 ], [ 33.795865, 44.3932507 ], [ 33.795725, 44.393172 ], [ 33.7954543, 44.3929947 ], [ 33.7953863, 44.392908 ], [ 33.7954397, 44.3928715 ], [ 33.7954834, 44.3927899 ], [ 33.7954699, 44.3927699 ], [ 33.7953304, 44.3928125 ], [ 33.7952411, 44.3928124 ], [ 33.7951568, 44.3927494 ], [ 33.7949865, 44.3924854 ], [ 33.7947832, 44.3923343 ], [ 33.7946027, 44.3922353 ], [ 33.7944756, 44.392119 ], [ 33.7944347, 44.3920833 ], [ 33.7944203, 44.3920024 ], [ 33.7943694, 44.3919401 ], [ 33.79421, 44.3919129 ], [ 33.7940092, 44.39192 ], [ 33.7939216, 44.3919622 ], [ 33.7938819, 44.3920275 ], [ 33.7937547, 44.392043 ], [ 33.7935958, 44.392034 ], [ 33.7933202, 44.3920191 ], [ 33.793135, 44.3919834 ], [ 33.7928923, 44.3919217 ], [ 33.7926391, 44.3918626 ], [ 33.7923852, 44.391685 ], [ 33.7921458, 44.3914873 ], [ 33.7920433, 44.3913523 ], [ 33.7919095, 44.3911933 ], [ 33.7918665, 44.3908777 ], [ 33.7917768, 44.3908952 ], [ 33.7918013, 44.3907861 ], [ 33.7917772, 44.3906922 ], [ 33.7917206, 44.3905775 ], [ 33.7916308, 44.3904601 ], [ 33.7914844, 44.390237 ], [ 33.7914402, 44.3901814 ], [ 33.7911958, 44.3898743 ], [ 33.7910525, 44.389807 ], [ 33.7908837, 44.389715 ], [ 33.7902317, 44.3895901 ], [ 33.7899714, 44.3895402 ], [ 33.789605, 44.3894911 ], [ 33.7892666, 44.3894744 ], [ 33.7888992, 44.3893576 ], [ 33.7886381, 44.3892745 ], [ 33.7886243, 44.3892701 ], [ 33.788661, 44.3892183 ], [ 33.7881712, 44.38905 ], [ 33.787863, 44.388962 ], [ 33.7878218, 44.3889494 ], [ 33.787777, 44.388935 ], [ 33.7870261, 44.3886942 ], [ 33.786337, 44.3884911 ], [ 33.7855681, 44.3881074 ], [ 33.7855305, 44.3881867 ], [ 33.7848906, 44.3880194 ], [ 33.784594, 44.3879406 ], [ 33.7845468, 44.3880516 ], [ 33.7844447, 44.3880167 ], [ 33.784278, 44.3880129 ], [ 33.7839734, 44.3879435 ], [ 33.7839306, 44.3878888 ], [ 33.7838067, 44.3878118 ], [ 33.7836689, 44.3877329 ], [ 33.7835379, 44.3877221 ], [ 33.7834749, 44.387684 ], [ 33.7833515, 44.3877325 ], [ 33.7833336, 44.3877179 ], [ 33.7832912, 44.387683 ], [ 33.7828616, 44.3879208 ], [ 33.7828331, 44.3879365 ], [ 33.782881, 44.3880722 ], [ 33.7823919, 44.3883769 ], [ 33.7820499, 44.3884742 ], [ 33.781918, 44.3885061 ], [ 33.7815309, 44.3885632 ], [ 33.7811461, 44.3885933 ], [ 33.7808624, 44.3885427 ], [ 33.7804835, 44.3884976 ], [ 33.7802806, 44.3883783 ], [ 33.7800668, 44.3882594 ], [ 33.7800112, 44.3881302 ], [ 33.7799779, 44.3879638 ], [ 33.7800167, 44.3878034 ], [ 33.7798468, 44.387588 ], [ 33.7795841, 44.3874427 ], [ 33.7792615, 44.3873939 ], [ 33.7789731, 44.3874888 ], [ 33.7788034, 44.3874033 ], [ 33.7786614, 44.3872235 ], [ 33.7785955, 44.3871926 ], [ 33.778468, 44.387133 ], [ 33.778107, 44.386879 ], [ 33.777975, 44.3868732 ], [ 33.7778498, 44.3867918 ], [ 33.7775841, 44.3866535 ], [ 33.7775835, 44.3865016 ], [ 33.7774065, 44.3864747 ], [ 33.7772198, 44.3864121 ], [ 33.7769839, 44.3865274 ], [ 33.7766976, 44.3864906 ], [ 33.7765374, 44.3865026 ], [ 33.7760047, 44.3867223 ], [ 33.7752471, 44.3870861 ], [ 33.7749649, 44.3874098 ], [ 33.774897, 44.387671 ], [ 33.774543, 44.38793 ], [ 33.774187, 44.388061 ], [ 33.773342, 44.3886052 ], [ 33.772764, 44.388711 ], [ 33.7720857, 44.3887157 ], [ 33.772049, 44.388716 ], [ 33.770888, 44.3884236 ], [ 33.7707571, 44.3885367 ], [ 33.7703454, 44.38838 ], [ 33.7701542, 44.3883189 ], [ 33.7700762, 44.3882339 ], [ 33.7697808, 44.3881459 ], [ 33.7697347, 44.3882591 ], [ 33.769537, 44.38822 ], [ 33.76889, 44.3880755 ], [ 33.7683741, 44.3881084 ], [ 33.7680715, 44.388185 ], [ 33.767761, 44.3879602 ], [ 33.7675747, 44.3881021 ], [ 33.7674733, 44.3884627 ], [ 33.7669674, 44.3886574 ], [ 33.7665363, 44.3888669 ], [ 33.765615, 44.389273 ], [ 33.765257, 44.389275 ], [ 33.764542, 44.3891318 ], [ 33.7642847, 44.3892813 ], [ 33.7641589, 44.3893544 ], [ 33.7635958, 44.38956 ], [ 33.7632347, 44.3895172 ], [ 33.7617836, 44.3893566 ], [ 33.7608617, 44.389689 ], [ 33.7602664, 44.39022 ], [ 33.7596694, 44.3905548 ], [ 33.7595342, 44.3906324 ], [ 33.7594941, 44.3906554 ], [ 33.7591471, 44.3907838 ], [ 33.7585674, 44.3909179 ], [ 33.7580877, 44.3909554 ], [ 33.7574955, 44.3908759 ], [ 33.7574186, 44.3909165 ], [ 33.7570426, 44.3908503 ], [ 33.7567106, 44.3907454 ], [ 33.7565348, 44.3906346 ], [ 33.7560425, 44.3906093 ], [ 33.7555819, 44.390698 ], [ 33.755256, 44.390625 ], [ 33.7546535, 44.3903927 ], [ 33.7542833, 44.3901643 ], [ 33.753814, 44.389864 ], [ 33.753099, 44.389869 ], [ 33.7505603, 44.3900758 ], [ 33.7502668, 44.3898163 ], [ 33.7499699, 44.3899576 ], [ 33.7498755, 44.3897635 ], [ 33.749659, 44.3893183 ], [ 33.7494255, 44.3891019 ], [ 33.7491432, 44.3890139 ], [ 33.7491539, 44.3889248 ], [ 33.7489361, 44.3888548 ], [ 33.748792, 44.388871 ], [ 33.748434, 44.388874 ], [ 33.7482406, 44.388771 ], [ 33.7481903, 44.3889123 ], [ 33.7480413, 44.3889804 ], [ 33.7477951, 44.3890558 ], [ 33.7476232, 44.3889357 ], [ 33.7473145, 44.3889218 ], [ 33.7472789, 44.3888084 ], [ 33.7469732, 44.3886253 ], [ 33.7467506, 44.3887192 ], [ 33.7467023, 44.3884815 ], [ 33.7465333, 44.3884604 ], [ 33.746426, 44.3885026 ], [ 33.7463563, 44.3884662 ], [ 33.7463, 44.3884355 ], [ 33.7463, 44.3883838 ], [ 33.7461578, 44.3883646 ], [ 33.7462946, 44.3882822 ], [ 33.7460639, 44.3882764 ], [ 33.7460183, 44.3883589 ], [ 33.7458923, 44.3883416 ], [ 33.7459196, 44.388313 ], [ 33.7458805, 44.3881986 ], [ 33.7457477, 44.3881092 ], [ 33.7455835, 44.3880506 ], [ 33.7453999, 44.3880841 ], [ 33.7453139, 44.3880729 ], [ 33.745271, 44.3881734 ], [ 33.7450326, 44.388246 ], [ 33.7450404, 44.388179 ], [ 33.7449545, 44.3882181 ], [ 33.7448294, 44.3881651 ], [ 33.744677, 44.3881204 ], [ 33.7445989, 44.3882014 ], [ 33.7444621, 44.3882432 ], [ 33.7445622, 44.3883806 ], [ 33.7444934, 44.3884443 ], [ 33.7443504, 44.3884598 ], [ 33.7443037, 44.3882419 ], [ 33.744173, 44.3882225 ], [ 33.74413, 44.3884108 ], [ 33.7441339, 44.3885504 ], [ 33.7440433, 44.3886206 ], [ 33.7435549, 44.388577 ], [ 33.743061, 44.388395 ], [ 33.7428299, 44.3883206 ], [ 33.7425627, 44.388337 ], [ 33.7421894, 44.3881975 ], [ 33.7419369, 44.388048 ], [ 33.74177, 44.3876928 ], [ 33.7414868, 44.3874153 ], [ 33.7411893, 44.3873675 ], [ 33.740832, 44.3873889 ], [ 33.7403811, 44.3875474 ], [ 33.7400579, 44.3875719 ], [ 33.7400302, 44.387574 ], [ 33.7399302, 44.3875816 ], [ 33.7396932, 44.3875135 ], [ 33.7393651, 44.3873662 ], [ 33.7392334, 44.3873756 ], [ 33.738355, 44.3873056 ], [ 33.7379063, 44.3874156 ], [ 33.7374953, 44.3877044 ], [ 33.73733, 44.387919 ], [ 33.7369458, 44.3881516 ], [ 33.7367169, 44.3882007 ], [ 33.7364634, 44.3880694 ], [ 33.7364269, 44.3883261 ], [ 33.7362978, 44.3886475 ], [ 33.735554, 44.388957 ], [ 33.7348553, 44.3893037 ], [ 33.7344197, 44.3895477 ], [ 33.7341786, 44.389605 ], [ 33.7342287, 44.3898352 ], [ 33.7341389, 44.389937 ], [ 33.7337668, 44.3900652 ], [ 33.7333711, 44.3901664 ], [ 33.7326034, 44.3900713 ], [ 33.7321608, 44.3900549 ], [ 33.7319309, 44.3901757 ], [ 33.7313747, 44.3905621 ], [ 33.73128, 44.390524 ], [ 33.730923, 44.3907095 ], [ 33.7309244, 44.3908838 ], [ 33.7307107, 44.3912492 ], [ 33.730353, 44.3916377 ], [ 33.7301636, 44.3917453 ], [ 33.7299705, 44.3920181 ], [ 33.7295936, 44.3921772 ], [ 33.7291081, 44.3922581 ], [ 33.7289097, 44.3922145 ], [ 33.7282457, 44.3922363 ], [ 33.7276706, 44.3923866 ], [ 33.7274062, 44.3925558 ], [ 33.7270108, 44.3930207 ], [ 33.726727, 44.3932506 ], [ 33.7265377, 44.3935357 ], [ 33.7264157, 44.394019 ], [ 33.7261674, 44.3944294 ], [ 33.7259791, 44.3945103 ], [ 33.7257566, 44.3946143 ], [ 33.7254157, 44.3949757 ], [ 33.7250531, 44.3952892 ], [ 33.7247656, 44.3956663 ], [ 33.7247122, 44.3959499 ], [ 33.7248801, 44.3961135 ], [ 33.724734, 44.396596 ], [ 33.7242075, 44.3970565 ], [ 33.724031, 44.397627 ], [ 33.7237735, 44.3978802 ], [ 33.7237201, 44.3981747 ], [ 33.7237888, 44.3985673 ], [ 33.7236209, 44.3988399 ], [ 33.7234072, 44.3989435 ], [ 33.7235745, 44.3990047 ], [ 33.7233309, 44.3992979 ], [ 33.7232119, 44.3993019 ], [ 33.7230241, 44.3993888 ], [ 33.723341, 44.399684 ], [ 33.723079, 44.3998323 ], [ 33.7232317, 44.4001431 ], [ 33.7230867, 44.4002194 ], [ 33.7232469, 44.4004048 ], [ 33.7231019, 44.4005793 ], [ 33.7227319, 44.4012035 ], [ 33.7225524, 44.4012116 ], [ 33.7221012, 44.4017703 ], [ 33.7220319, 44.402256 ], [ 33.7218885, 44.402515 ], [ 33.7221327, 44.402504 ], [ 33.7222164, 44.4030205 ], [ 33.7218253, 44.4036707 ], [ 33.721608, 44.404313 ], [ 33.7215059, 44.4047627 ], [ 33.7210218, 44.405061 ], [ 33.721263, 44.405342 ], [ 33.7212319, 44.4055554 ], [ 33.7209904, 44.405644 ], [ 33.7211348, 44.4058144 ], [ 33.7211034, 44.4060432 ], [ 33.7206137, 44.4060432 ], [ 33.719666, 44.406378 ], [ 33.7194147, 44.4066486 ], [ 33.719492, 44.406892 ], [ 33.7193393, 44.4071016 ], [ 33.7193393, 44.4078281 ], [ 33.7189806, 44.4078535 ], [ 33.7186425, 44.4078774 ], [ 33.718612, 44.408052 ], [ 33.7176369, 44.4084153 ], [ 33.7171359, 44.4087743 ], [ 33.7169224, 44.4093842 ], [ 33.717021, 44.40973 ], [ 33.7167341, 44.4099941 ], [ 33.716735, 44.4107322 ], [ 33.7165574, 44.410844 ], [ 33.716326, 44.4109897 ], [ 33.7160794, 44.4114787 ], [ 33.7160459, 44.4121318 ], [ 33.7159372, 44.4122785 ], [ 33.7157569, 44.412522 ], [ 33.7156051, 44.4125528 ], [ 33.7153682, 44.4126009 ], [ 33.7149159, 44.4124103 ], [ 33.7144086, 44.4124024 ], [ 33.7142742, 44.4122354 ], [ 33.7141638, 44.4122519 ], [ 33.7141701, 44.4124703 ], [ 33.7135243, 44.4123987 ], [ 33.7134847, 44.4121709 ], [ 33.7133978, 44.4121731 ], [ 33.7134267, 44.4123778 ], [ 33.7125971, 44.4125278 ], [ 33.7124054, 44.4125513 ], [ 33.7123972, 44.4123858 ], [ 33.712342, 44.4123889 ], [ 33.7123357, 44.4125598 ], [ 33.7122596, 44.4125677 ], [ 33.7122442, 44.4126437 ], [ 33.712163, 44.4126726 ], [ 33.7120982, 44.4126837 ], [ 33.7116583, 44.4127589 ], [ 33.7112519, 44.4124905 ], [ 33.711186, 44.4124121 ], [ 33.7111092, 44.4124217 ], [ 33.7110367, 44.4124682 ], [ 33.7110475, 44.412536 ], [ 33.7110519, 44.4125634 ], [ 33.7112632, 44.412914 ], [ 33.7111989, 44.4131244 ], [ 33.7108778, 44.413386 ], [ 33.7106575, 44.4135321 ], [ 33.710271, 44.413878 ], [ 33.709916, 44.414137 ], [ 33.7097333, 44.4144043 ], [ 33.709564, 44.414652 ], [ 33.7092931, 44.4148831 ], [ 33.709215, 44.415424 ], [ 33.7089684, 44.4157858 ], [ 33.708864, 44.415939 ], [ 33.708867, 44.416196 ], [ 33.7091574, 44.4169996 ], [ 33.709237, 44.41722 ], [ 33.7094511, 44.4180956 ], [ 33.7098046, 44.4185241 ], [ 33.7098454, 44.4186992 ], [ 33.7098507, 44.418722 ], [ 33.7098575, 44.4187511 ], [ 33.7098633, 44.4187759 ], [ 33.7098662, 44.4187885 ], [ 33.7098714, 44.4188108 ], [ 33.709878, 44.4188389 ], [ 33.7098833, 44.4188617 ], [ 33.7098863, 44.4188748 ], [ 33.7099055, 44.418957 ], [ 33.7099093, 44.4189733 ], [ 33.7099139, 44.4189933 ], [ 33.7099201, 44.4190199 ], [ 33.7099261, 44.4190454 ], [ 33.7099571, 44.4191785 ], [ 33.7098285, 44.4192466 ], [ 33.7096646, 44.4194735 ], [ 33.7095782, 44.4195931 ], [ 33.7093736, 44.4198738 ], [ 33.7087238, 44.4203622 ], [ 33.7083068, 44.4206164 ], [ 33.7082638, 44.4206426 ], [ 33.7074217, 44.4209765 ], [ 33.70681, 44.4211391 ], [ 33.70617, 44.4214166 ], [ 33.705533, 44.4216949 ], [ 33.7049539, 44.421829 ], [ 33.7046075, 44.421842 ], [ 33.7043347, 44.4217615 ], [ 33.7041511, 44.4216396 ], [ 33.7041577, 44.4215472 ], [ 33.7041489, 44.4214481 ], [ 33.7039978, 44.4213405 ], [ 33.7038919, 44.4213387 ], [ 33.7038967, 44.4213084 ], [ 33.7039346, 44.4212602 ], [ 33.7039084, 44.4212241 ], [ 33.7038534, 44.4212259 ], [ 33.7036959, 44.421222 ], [ 33.7037058, 44.4212807 ], [ 33.7035879, 44.4213399 ], [ 33.7035045, 44.4213402 ], [ 33.7031656, 44.4212922 ], [ 33.7029812, 44.4213081 ], [ 33.7028009, 44.4213065 ], [ 33.7025924, 44.4213504 ], [ 33.7021553, 44.421453 ], [ 33.7020205, 44.4214448 ], [ 33.7020442, 44.4214076 ], [ 33.7020214, 44.4213551 ], [ 33.7019111, 44.4213731 ], [ 33.7017975, 44.4213668 ], [ 33.7017492, 44.4214282 ], [ 33.7015855, 44.4214614 ], [ 33.7014157, 44.4214444 ], [ 33.7012324, 44.42139 ], [ 33.7011082, 44.4214303 ], [ 33.7008756, 44.4213911 ], [ 33.7007287, 44.421314 ], [ 33.7006676, 44.4211684 ], [ 33.7006863, 44.4210939 ], [ 33.7006456, 44.4209972 ], [ 33.7006174, 44.4209412 ], [ 33.7006441, 44.4208873 ], [ 33.7006326, 44.4208743 ], [ 33.7005893, 44.4208853 ], [ 33.700533, 44.4207733 ], [ 33.7004602, 44.4207318 ], [ 33.7003995, 44.4207242 ], [ 33.7003455, 44.4207549 ], [ 33.700151, 44.420739 ], [ 33.6999185, 44.4206575 ], [ 33.6996921, 44.4206014 ], [ 33.699432, 44.420487 ], [ 33.6991592, 44.4204613 ], [ 33.6990997, 44.4204316 ], [ 33.6990679, 44.420433 ], [ 33.6990519, 44.4204571 ], [ 33.6990394, 44.4204561 ], [ 33.6990218, 44.4204422 ], [ 33.6989873, 44.4204347 ], [ 33.6989714, 44.4204897 ], [ 33.6987271, 44.4204914 ], [ 33.6987025, 44.4204117 ], [ 33.6985928, 44.4204322 ], [ 33.698594, 44.4204924 ], [ 33.6984863, 44.4204931 ], [ 33.6984366, 44.4204186 ], [ 33.6984085, 44.4204066 ], [ 33.6983558, 44.4204446 ], [ 33.6982804, 44.4204587 ], [ 33.6982618, 44.4204285 ], [ 33.6981892, 44.4204169 ], [ 33.6981634, 44.4204237 ], [ 33.6981781, 44.4204636 ], [ 33.698144, 44.4204842 ], [ 33.6980653, 44.4204805 ], [ 33.6979172, 44.4204727 ], [ 33.6978138, 44.4203988 ], [ 33.6975086, 44.4204051 ], [ 33.6974344, 44.4204494 ], [ 33.6973818, 44.4204469 ], [ 33.696827, 44.4203173 ], [ 33.6966941, 44.4202589 ], [ 33.6965761, 44.4201292 ], [ 33.696437, 44.4199476 ], [ 33.6964501, 44.4197776 ], [ 33.6963768, 44.4196491 ], [ 33.6963403, 44.4196307 ], [ 33.696231, 44.41964 ], [ 33.6961629, 44.4195378 ], [ 33.6962211, 44.4194894 ], [ 33.6962157, 44.4194636 ], [ 33.6960537, 44.4194392 ], [ 33.6959929, 44.4193774 ], [ 33.6960366, 44.4193467 ], [ 33.6960191, 44.4193184 ], [ 33.6958569, 44.419284 ], [ 33.6957671, 44.4192223 ], [ 33.6955888, 44.419123 ], [ 33.6956666, 44.4190528 ], [ 33.6955628, 44.4189806 ], [ 33.6954728, 44.4190314 ], [ 33.6952896, 44.4189638 ], [ 33.6950947, 44.4189086 ], [ 33.6940704, 44.4188291 ], [ 33.6938507, 44.4188856 ], [ 33.6938046, 44.4189307 ], [ 33.693686, 44.418983 ], [ 33.692973, 44.419243 ], [ 33.6927283, 44.4193861 ], [ 33.6926476, 44.4193777 ], [ 33.692519, 44.4194767 ], [ 33.6922189, 44.4194447 ], [ 33.6917783, 44.4194301 ], [ 33.691573, 44.4193825 ], [ 33.6913484, 44.4193333 ], [ 33.6909802, 44.4190827 ], [ 33.6905558, 44.4189868 ], [ 33.6902483, 44.4190796 ], [ 33.6899601, 44.4189975 ], [ 33.6899191, 44.4188817 ], [ 33.689745, 44.41875 ], [ 33.6897101, 44.4187197 ], [ 33.689694, 44.4186914 ], [ 33.6895903, 44.4186462 ], [ 33.6894668, 44.4187003 ], [ 33.6894113, 44.4187281 ], [ 33.6893002, 44.4188101 ], [ 33.6892465, 44.4188205 ], [ 33.6891956, 44.4187653 ], [ 33.6891072, 44.4187867 ], [ 33.6887219, 44.4188527 ], [ 33.6883686, 44.4189002 ], [ 33.687955, 44.418761 ], [ 33.6875458, 44.4186435 ], [ 33.6870477, 44.4187239 ], [ 33.68652, 44.418513 ], [ 33.6861945, 44.4183032 ], [ 33.6859563, 44.4180557 ], [ 33.6862229, 44.4179568 ], [ 33.6861977, 44.4179151 ], [ 33.6863479, 44.4178355 ], [ 33.6863049, 44.4177413 ], [ 33.6862421, 44.4177371 ], [ 33.6857961, 44.4176505 ], [ 33.6855494, 44.4174892 ], [ 33.68525, 44.41711 ], [ 33.6849559, 44.4169452 ], [ 33.6846743, 44.4169081 ], [ 33.6840897, 44.4169174 ], [ 33.6839348, 44.4168782 ], [ 33.6837373, 44.4168617 ], [ 33.6834735, 44.4169258 ], [ 33.6832627, 44.4170278 ], [ 33.6832563, 44.417212 ], [ 33.6828701, 44.4173471 ], [ 33.6827946, 44.4172392 ], [ 33.6827696, 44.4172501 ], [ 33.6816964, 44.4176562 ], [ 33.6811564, 44.4178865 ], [ 33.6806272, 44.4180349 ], [ 33.6803733, 44.4180196 ], [ 33.6799719, 44.4179595 ], [ 33.6797674, 44.4178392 ], [ 33.6791307, 44.4176041 ], [ 33.6787236, 44.4176629 ], [ 33.6782818, 44.4176907 ], [ 33.6770389, 44.4177309 ], [ 33.6764585, 44.4177247 ], [ 33.6761034, 44.4176629 ], [ 33.6760124, 44.4175113 ], [ 33.6754451, 44.4174742 ], [ 33.675053, 44.417555 ], [ 33.674698, 44.417813 ], [ 33.6742517, 44.4179098 ], [ 33.673718, 44.4180401 ], [ 33.6733907, 44.4180075 ], [ 33.6729214, 44.4179194 ], [ 33.672925, 44.4178288 ], [ 33.6728588, 44.4178199 ], [ 33.6721949, 44.4177393 ], [ 33.6721319, 44.4177323 ], [ 33.672114, 44.4178255 ], [ 33.671937, 44.4178523 ], [ 33.6711953, 44.4179385 ], [ 33.670763, 44.418093 ], [ 33.6701012, 44.4181827 ], [ 33.6698971, 44.4183152 ], [ 33.6695929, 44.4182571 ], [ 33.668976, 44.41836 ], [ 33.6688286, 44.4182804 ], [ 33.6683542, 44.4183097 ], [ 33.667189, 44.418627 ], [ 33.6663447, 44.4189439 ], [ 33.6655867, 44.4192625 ], [ 33.6654384, 44.4195699 ], [ 33.6650546, 44.4197981 ], [ 33.664878, 44.420052 ], [ 33.6645552, 44.4200572 ], [ 33.664222, 44.4203161 ], [ 33.6635891, 44.4207551 ], [ 33.6629672, 44.4206445 ], [ 33.6623599, 44.4210921 ], [ 33.662438, 44.4212551 ], [ 33.662697, 44.4212736 ], [ 33.6626566, 44.4216504 ], [ 33.6621905, 44.4216764 ], [ 33.661874, 44.4218388 ], [ 33.6616515, 44.4217781 ], [ 33.6611613, 44.4219241 ], [ 33.6606971, 44.4221368 ], [ 33.6606079, 44.4222457 ], [ 33.6604433, 44.4222137 ], [ 33.6604007, 44.4223588 ], [ 33.6598597, 44.4225211 ], [ 33.6596007, 44.4224492 ], [ 33.659428, 44.4226526 ], [ 33.6592028, 44.4226678 ], [ 33.6590194, 44.4227472 ], [ 33.6587921, 44.4226033 ], [ 33.658372, 44.4227307 ], [ 33.6581964, 44.4226485 ], [ 33.6579605, 44.4229506 ], [ 33.6576547, 44.4229361 ], [ 33.6574328, 44.423178 ], [ 33.6570022, 44.4233309 ], [ 33.6570315, 44.4234891 ], [ 33.6566783, 44.4236594 ], [ 33.6558172, 44.4239172 ], [ 33.655644, 44.4242244 ], [ 33.6542879, 44.4246737 ], [ 33.654086, 44.4248293 ], [ 33.6538614, 44.4249116 ], [ 33.653786, 44.4251045 ], [ 33.6531972, 44.4253115 ], [ 33.652673, 44.4254214 ], [ 33.6524703, 44.4254065 ], [ 33.6523867, 44.4254365 ], [ 33.6523872, 44.4255566 ], [ 33.6510585, 44.4260434 ], [ 33.6507087, 44.4260609 ], [ 33.6505958, 44.4263093 ], [ 33.6505623, 44.4263829 ], [ 33.6501887, 44.4266076 ], [ 33.6497659, 44.4267469 ], [ 33.6496701, 44.4265739 ], [ 33.6493031, 44.4266363 ], [ 33.6490816, 44.4268788 ], [ 33.6492312, 44.4269569 ], [ 33.6491765, 44.4270884 ], [ 33.649211, 44.4273268 ], [ 33.649001, 44.4274316 ], [ 33.6489299, 44.427614 ], [ 33.6487859, 44.4277369 ], [ 33.6487024, 44.4280239 ], [ 33.6484868, 44.4282557 ], [ 33.648501, 44.428357 ], [ 33.6482333, 44.4286135 ], [ 33.6478624, 44.4288581 ], [ 33.6469696, 44.429385 ], [ 33.6467804, 44.4298999 ], [ 33.6468394, 44.4303925 ], [ 33.6471401, 44.4306861 ], [ 33.6472337, 44.4312646 ], [ 33.6467476, 44.4319093 ], [ 33.6462514, 44.4323753 ], [ 33.6459428, 44.4327621 ], [ 33.6457284, 44.4330926 ], [ 33.6457883, 44.4331404 ], [ 33.6457741, 44.4333327 ], [ 33.645869, 44.4333792 ], [ 33.6459324, 44.4333442 ], [ 33.6459382, 44.4333051 ], [ 33.6460362, 44.4333051 ], [ 33.6460708, 44.4332557 ], [ 33.646238, 44.4332138 ], [ 33.6463476, 44.4332063 ], [ 33.646434, 44.433229 ], [ 33.6464485, 44.433301 ], [ 33.646331, 44.4333236 ], [ 33.6462409, 44.4333381 ], [ 33.6461665, 44.433399 ], [ 33.646016, 44.4336036 ], [ 33.6459019, 44.4337292 ], [ 33.6460074, 44.4338712 ], [ 33.6458719, 44.4340626 ], [ 33.6460074, 44.4341018 ], [ 33.6459728, 44.4343385 ], [ 33.645944, 44.434569 ], [ 33.6458529, 44.4345568 ], [ 33.6457278, 44.4346905 ], [ 33.6456153, 44.4348325 ], [ 33.6455134, 44.4351451 ], [ 33.6454885, 44.4353759 ], [ 33.645466, 44.4355501 ], [ 33.6455346, 44.4356332 ], [ 33.6455231, 44.4357526 ], [ 33.6455058, 44.4358905 ], [ 33.6455557, 44.4359298 ], [ 33.6454597, 44.4361252 ], [ 33.6454107, 44.4363125 ], [ 33.6453761, 44.4364751 ], [ 33.6453818, 44.4365842 ], [ 33.6454716, 44.43667 ], [ 33.6453271, 44.4366109 ], [ 33.6451303, 44.4367152 ], [ 33.6450907, 44.4368497 ], [ 33.6449465, 44.436932 ], [ 33.6449638, 44.4367859 ], [ 33.644836, 44.436845 ], [ 33.6446756, 44.4370267 ], [ 33.6446323, 44.4369753 ], [ 33.6445084, 44.4371317 ], [ 33.6444421, 44.4371358 ], [ 33.6443934, 44.4372281 ], [ 33.6443642, 44.4376998 ], [ 33.6442662, 44.43792 ], [ 33.6441336, 44.4380065 ], [ 33.6440984, 44.4381423 ], [ 33.6440642, 44.4382944 ], [ 33.6439837, 44.4384511 ], [ 33.6439376, 44.4384634 ], [ 33.6438107, 44.4385622 ], [ 33.6438625, 44.4386317 ], [ 33.6437116, 44.4388424 ], [ 33.6434451, 44.439043 ], [ 33.6432232, 44.4393839 ], [ 33.6430918, 44.4397742 ], [ 33.6429993, 44.4399318 ], [ 33.6427668, 44.4401222 ], [ 33.6427197, 44.4402463 ], [ 33.6425283, 44.4403388 ], [ 33.6423468, 44.4404042 ], [ 33.6423311, 44.4404993 ], [ 33.6423028, 44.4405631 ], [ 33.6423018, 44.4406251 ], [ 33.6423181, 44.4406626 ], [ 33.6426344, 44.4407357 ], [ 33.6428352, 44.4409666 ], [ 33.6432639, 44.4411584 ], [ 33.6431727, 44.4412479 ], [ 33.6430373, 44.4413808 ], [ 33.6428373, 44.4415573 ], [ 33.6428905, 44.4417007 ], [ 33.6432349, 44.4419643 ], [ 33.6433651, 44.4420967 ], [ 33.6433461, 44.4421633 ], [ 33.6432252, 44.4422392 ], [ 33.6433616, 44.4423623 ], [ 33.6433499, 44.4423711 ], [ 33.643101, 44.442559 ], [ 33.6430507, 44.4426992 ], [ 33.643075, 44.4427964 ], [ 33.6429635, 44.4429264 ], [ 33.6428819, 44.443144 ], [ 33.6427367, 44.4434476 ], [ 33.6425453, 44.4437467 ], [ 33.6425048, 44.4440314 ], [ 33.6424644, 44.4442594 ], [ 33.642426, 44.4444889 ], [ 33.6424189, 44.4446511 ], [ 33.6424317, 44.4448022 ], [ 33.6424724, 44.4448531 ], [ 33.6424619, 44.4449157 ], [ 33.6423483, 44.4449714 ], [ 33.6422674, 44.4450296 ], [ 33.642247, 44.445079 ], [ 33.6422443, 44.4452407 ], [ 33.6422782, 44.4454278 ], [ 33.6425328, 44.4453836 ], [ 33.6428882, 44.4453943 ], [ 33.6428934, 44.4455134 ], [ 33.6429214, 44.4456146 ], [ 33.6430374, 44.4457689 ], [ 33.6430833, 44.4458941 ], [ 33.642995, 44.4459462 ], [ 33.6430217, 44.4460941 ], [ 33.6430451, 44.4461287 ], [ 33.6430078, 44.4461619 ], [ 33.6430117, 44.4462322 ], [ 33.6429555, 44.4462437 ], [ 33.6429256, 44.4462803 ], [ 33.6429852, 44.4463457 ], [ 33.6429684, 44.4463794 ], [ 33.6428872, 44.4465642 ], [ 33.6429406, 44.4466727 ], [ 33.6429146, 44.4468056 ], [ 33.642975, 44.446862 ], [ 33.6428856, 44.4469978 ], [ 33.6428944, 44.4470767 ], [ 33.6427833, 44.447196 ], [ 33.6428206, 44.4473043 ], [ 33.6428906, 44.4473516 ], [ 33.642809, 44.4474365 ], [ 33.6428224, 44.447505 ], [ 33.6426745, 44.4476219 ], [ 33.6427672, 44.4477161 ], [ 33.6428318, 44.4477787 ], [ 33.6428414, 44.4479023 ], [ 33.6427494, 44.447964 ], [ 33.6427013, 44.4479955 ], [ 33.6426174, 44.4480548 ], [ 33.6427051, 44.4481212 ], [ 33.6425211, 44.4482437 ], [ 33.6425664, 44.4483317 ], [ 33.6426695, 44.4484028 ], [ 33.6425798, 44.4484702 ], [ 33.6426872, 44.4485126 ], [ 33.6426019, 44.4486063 ], [ 33.6427202, 44.4487232 ], [ 33.6427078, 44.4487678 ], [ 33.6426729, 44.4490634 ], [ 33.6426318, 44.4491416 ], [ 33.6425683, 44.4490892 ], [ 33.6424092, 44.4490551 ], [ 33.642304, 44.4491171 ], [ 33.6423232, 44.44919 ], [ 33.6424193, 44.4492684 ], [ 33.6423665, 44.4493555 ], [ 33.6423892, 44.4494004 ], [ 33.6422569, 44.4493888 ], [ 33.6421972, 44.4493981 ], [ 33.6420921, 44.4492971 ], [ 33.6420119, 44.449225 ], [ 33.6419377, 44.4491968 ], [ 33.6417836, 44.4491363 ], [ 33.6416897, 44.4491439 ], [ 33.6415869, 44.4491835 ], [ 33.6414901, 44.4492006 ], [ 33.6414135, 44.4492933 ], [ 33.6414316, 44.4493638 ], [ 33.6414027, 44.4494445 ], [ 33.6413963, 44.4495447 ], [ 33.6414644, 44.4496398 ], [ 33.6415154, 44.449703 ], [ 33.6416119, 44.4497586 ], [ 33.6417296, 44.4497926 ], [ 33.6418751, 44.4497883 ], [ 33.6422069, 44.4497191 ], [ 33.642525, 44.4497162 ], [ 33.6425827, 44.4499017 ], [ 33.6427145, 44.4498905 ], [ 33.6426838, 44.4503038 ], [ 33.642658, 44.4505398 ], [ 33.6427492, 44.4505742 ], [ 33.6428002, 44.4506489 ], [ 33.6426667, 44.4506469 ], [ 33.6426714, 44.4507925 ], [ 33.6427403, 44.4509413 ], [ 33.6429148, 44.4509964 ], [ 33.6429908, 44.4511674 ], [ 33.6430211, 44.4512907 ], [ 33.643044, 44.4514535 ], [ 33.6431218, 44.4515479 ], [ 33.6430955, 44.4517578 ], [ 33.6430737, 44.4518491 ], [ 33.642946, 44.4518898 ], [ 33.6429619, 44.4521259 ], [ 33.6431607, 44.4521774 ], [ 33.6430586, 44.4522294 ], [ 33.6430217, 44.4522753 ], [ 33.6430084, 44.4523368 ], [ 33.6431552, 44.4524305 ], [ 33.6431821, 44.452505 ], [ 33.6430879, 44.4526699 ], [ 33.6430373, 44.4531223 ], [ 33.6430935, 44.4531954 ], [ 33.6430512, 44.453265 ], [ 33.6431348, 44.4533291 ], [ 33.642851, 44.4536341 ], [ 33.6429604, 44.4537286 ], [ 33.6429679, 44.4538158 ], [ 33.6429068, 44.4541613 ], [ 33.642699, 44.454304 ], [ 33.6425158, 44.4544524 ], [ 33.6424233, 44.4544725 ], [ 33.642343, 44.454563 ], [ 33.6421926, 44.4546744 ], [ 33.6421564, 44.4548267 ], [ 33.6420813, 44.4548965 ], [ 33.6421102, 44.4549424 ], [ 33.6420344, 44.454997 ], [ 33.6418748, 44.4549597 ], [ 33.6417994, 44.4549937 ], [ 33.6418399, 44.4550334 ], [ 33.6418707, 44.4551186 ], [ 33.641974, 44.4551081 ], [ 33.6419767, 44.4551684 ], [ 33.6420475, 44.4552037 ], [ 33.6420833, 44.4552603 ], [ 33.6420334, 44.4553536 ], [ 33.6419526, 44.4554154 ], [ 33.6418345, 44.4555034 ], [ 33.6418278, 44.4554977 ], [ 33.6417782, 44.4554661 ], [ 33.6417192, 44.4554709 ], [ 33.6416951, 44.4555216 ], [ 33.6417009, 44.4555585 ], [ 33.6417353, 44.4555915 ], [ 33.6418017, 44.4555771 ], [ 33.6418788, 44.4556662 ], [ 33.6418037, 44.455737 ], [ 33.6419185, 44.4558547 ], [ 33.6417258, 44.4561233 ], [ 33.6416448, 44.4561834 ], [ 33.6416187, 44.4562127 ], [ 33.6416347, 44.4562731 ], [ 33.6416978, 44.4563228 ], [ 33.6418193, 44.456365 ], [ 33.6418109, 44.456624 ], [ 33.6417042, 44.4568634 ], [ 33.6417233, 44.456924 ], [ 33.6417749, 44.4569374 ], [ 33.6418538, 44.4570011 ], [ 33.6418004, 44.4571336 ], [ 33.6417198, 44.4571577 ], [ 33.6417172, 44.4571863 ], [ 33.6418205, 44.4572198 ], [ 33.6418063, 44.4574118 ], [ 33.6414092, 44.4577223 ], [ 33.6412961, 44.4578592 ], [ 33.6412612, 44.4578362 ], [ 33.6412158, 44.4578627 ], [ 33.6411855, 44.457887 ], [ 33.6411037, 44.4578257 ], [ 33.6410383, 44.457818 ], [ 33.6407962, 44.4578888 ], [ 33.6407516, 44.4579683 ], [ 33.6406919, 44.4580325 ], [ 33.640632, 44.4581329 ], [ 33.6406092, 44.4582032 ], [ 33.6406571, 44.4582909 ], [ 33.640702, 44.4583292 ], [ 33.6408559, 44.4583279 ], [ 33.6408448, 44.4583886 ], [ 33.6408971, 44.4584431 ], [ 33.6410727, 44.4584917 ], [ 33.6410788, 44.4586327 ], [ 33.6410058, 44.4586757 ], [ 33.6409119, 44.4588002 ], [ 33.6409226, 44.4589035 ], [ 33.6409814, 44.4589775 ], [ 33.6408979, 44.4591278 ], [ 33.6410117, 44.4592085 ], [ 33.6408067, 44.4592664 ], [ 33.640448, 44.4593384 ], [ 33.6401294, 44.4594808 ], [ 33.640065, 44.4594425 ], [ 33.6399774, 44.4594999 ], [ 33.6397505, 44.4598728 ], [ 33.6397055, 44.46005 ], [ 33.6397468, 44.4602538 ], [ 33.6398569, 44.4604284 ], [ 33.6398013, 44.4606498 ], [ 33.6398444, 44.4609553 ], [ 33.6398067, 44.4611121 ], [ 33.6398166, 44.4613298 ], [ 33.6398373, 44.4614942 ], [ 33.6398776, 44.4616021 ], [ 33.639845, 44.461666 ], [ 33.6398211, 44.4618097 ], [ 33.6396423, 44.4617614 ], [ 33.6395342, 44.4617472 ], [ 33.6394635, 44.461893 ], [ 33.639405, 44.4620746 ], [ 33.6392936, 44.4622902 ], [ 33.6392565, 44.4624509 ], [ 33.6394508, 44.46259 ], [ 33.6395541, 44.4626547 ], [ 33.6395569, 44.4627142 ], [ 33.6396598, 44.462847 ], [ 33.6397051, 44.4629699 ], [ 33.6397072, 44.4631331 ], [ 33.639549, 44.463275 ], [ 33.6393406, 44.4632387 ], [ 33.6391591, 44.4632242 ], [ 33.6390153, 44.4633258 ], [ 33.6387028, 44.4634196 ], [ 33.6383665, 44.4635739 ], [ 33.6379578, 44.4636586 ], [ 33.6379992, 44.4637494 ], [ 33.6379284, 44.4637702 ], [ 33.6378805, 44.4638475 ], [ 33.6379388, 44.4638936 ], [ 33.637955, 44.4639122 ], [ 33.6379354, 44.4639983 ], [ 33.6380425, 44.4640216 ], [ 33.6380133, 44.4641027 ], [ 33.6382373, 44.4643159 ], [ 33.6381857, 44.4644371 ], [ 33.6382407, 44.464632 ], [ 33.6381207, 44.4646332 ], [ 33.6380275, 44.464695 ], [ 33.6379931, 44.4647741 ], [ 33.6381573, 44.464871 ], [ 33.6381761, 44.4649851 ], [ 33.6383706, 44.4651363 ], [ 33.6384175, 44.4653167 ], [ 33.6383705, 44.4654738 ], [ 33.6383018, 44.4655391 ], [ 33.6383194, 44.4656697 ], [ 33.6385137, 44.4657177 ], [ 33.6385605, 44.4658436 ], [ 33.6384292, 44.4661837 ], [ 33.6383931, 44.4663296 ], [ 33.638214, 44.4664423 ], [ 33.6381417, 44.4665323 ], [ 33.6380291, 44.4665428 ], [ 33.6380292, 44.466626 ], [ 33.6379831, 44.4668776 ], [ 33.6379049, 44.4669656 ], [ 33.6379208, 44.4670998 ], [ 33.6378842, 44.4672292 ], [ 33.6377876, 44.4673885 ], [ 33.6377388, 44.4674618 ], [ 33.6377519, 44.4675427 ], [ 33.6376661, 44.4676987 ], [ 33.6375911, 44.4677558 ], [ 33.6376044, 44.4678176 ], [ 33.6375378, 44.4678508 ], [ 33.637506, 44.4679316 ], [ 33.6375878, 44.4680137 ], [ 33.6376509, 44.4680701 ], [ 33.6376611, 44.4681123 ], [ 33.6375828, 44.4681575 ], [ 33.6376177, 44.4682297 ], [ 33.6375893, 44.4683044 ], [ 33.6375492, 44.4683687 ], [ 33.6376407, 44.4684435 ], [ 33.6377079, 44.4685368 ], [ 33.6377558, 44.4686365 ], [ 33.6377782, 44.4686958 ], [ 33.6377789, 44.4687868 ], [ 33.6377635, 44.4688792 ], [ 33.6377493, 44.4689349 ], [ 33.6377185, 44.4689862 ], [ 33.6376731, 44.4689889 ], [ 33.6376318, 44.4689905 ], [ 33.6375991, 44.4689964 ], [ 33.6375603, 44.4689863 ], [ 33.6375381, 44.4689659 ], [ 33.6375345, 44.4689836 ], [ 33.6374966, 44.4689942 ], [ 33.6374443, 44.4690102 ], [ 33.637417, 44.4689841 ], [ 33.6373908, 44.4689624 ], [ 33.6373573, 44.4689461 ], [ 33.6372654, 44.4689589 ], [ 33.6372171, 44.4689746 ], [ 33.6372013, 44.4689973 ], [ 33.6372011, 44.4690406 ], [ 33.6371877, 44.4690641 ], [ 33.6371358, 44.4690448 ], [ 33.6371248, 44.4690436 ], [ 33.6370987, 44.4690582 ], [ 33.6370613, 44.4690666 ], [ 33.6370323, 44.4691056 ], [ 33.6370252, 44.4690797 ], [ 33.6369727, 44.469065 ], [ 33.6368968, 44.4690687 ], [ 33.6368406, 44.4690821 ], [ 33.6368245, 44.4691003 ], [ 33.6368175, 44.4691271 ], [ 33.6368636, 44.4691873 ], [ 33.6369485, 44.4692095 ], [ 33.6370033, 44.4691852 ], [ 33.6370298, 44.469151 ], [ 33.6370606, 44.4691922 ], [ 33.6371115, 44.4692585 ], [ 33.6371805, 44.4692625 ], [ 33.6370693, 44.4693708 ], [ 33.6370505, 44.4694493 ], [ 33.6369801, 44.4694225 ], [ 33.6368968, 44.4694421 ], [ 33.6368553, 44.4695493 ], [ 33.6368899, 44.4695862 ], [ 33.63694, 44.4695953 ], [ 33.6370049, 44.4695804 ], [ 33.6370518, 44.4697241 ], [ 33.6369892, 44.469788 ], [ 33.6370332, 44.4698718 ], [ 33.6370129, 44.4699207 ], [ 33.6369227, 44.4699946 ], [ 33.6369083, 44.4700787 ], [ 33.6369418, 44.4701382 ], [ 33.636978, 44.4701377 ], [ 33.6370008, 44.4701027 ], [ 33.6370411, 44.4701131 ], [ 33.6371336, 44.4702136 ], [ 33.6370491, 44.4703831 ], [ 33.6369136, 44.4705172 ], [ 33.6366185, 44.4705324 ], [ 33.6363593, 44.4706546 ], [ 33.6364213, 44.4708311 ], [ 33.6363892, 44.4710091 ], [ 33.6362832, 44.471121 ], [ 33.6359907, 44.4712992 ], [ 33.6359297, 44.471532 ], [ 33.6357388, 44.4716797 ], [ 33.6357309, 44.4718648 ], [ 33.6358174, 44.4720611 ], [ 33.635674, 44.4722479 ], [ 33.6352868, 44.4723927 ], [ 33.6349744, 44.4724612 ], [ 33.6342914, 44.4726109 ], [ 33.6337346, 44.472726 ], [ 33.6335066, 44.4728687 ], [ 33.6332584, 44.473018 ], [ 33.633054, 44.473345 ], [ 33.6330542, 44.473548 ], [ 33.6331291, 44.4737155 ], [ 33.6328431, 44.4740958 ], [ 33.6327, 44.4741967 ], [ 33.6325959, 44.4743057 ], [ 33.632538, 44.475401 ], [ 33.632188, 44.476172 ], [ 33.6321234, 44.4763144 ], [ 33.631838, 44.476944 ], [ 33.631482, 44.477203 ], [ 33.6311898, 44.4780686 ], [ 33.631135, 44.478231 ], [ 33.6309765, 44.4786583 ], [ 33.6308145, 44.4788684 ], [ 33.6305624, 44.4790898 ], [ 33.630252, 44.47939 ], [ 33.629897, 44.479648 ], [ 33.6296024, 44.4798846 ], [ 33.629199, 44.4801579 ], [ 33.6291332, 44.4802023 ], [ 33.6290976, 44.4802225 ], [ 33.6289544, 44.4803332 ], [ 33.6284289, 44.4806074 ], [ 33.62776, 44.480943 ], [ 33.6273362, 44.4810853 ], [ 33.6263467, 44.4815233 ], [ 33.6258645, 44.4816905 ], [ 33.6253119, 44.4819985 ], [ 33.6249265, 44.4822591 ], [ 33.624948, 44.4823432 ], [ 33.6248051, 44.4824303 ], [ 33.6247783, 44.482503 ], [ 33.6244403, 44.4827824 ], [ 33.6234875, 44.4833908 ], [ 33.6226557, 44.4837116 ], [ 33.6225057, 44.4836278 ], [ 33.6224042, 44.4836113 ], [ 33.6222336, 44.4837293 ], [ 33.6221542, 44.4837363 ], [ 33.6219586, 44.4836603 ], [ 33.6219001, 44.4836593 ], [ 33.6218604, 44.4836679 ], [ 33.6218841, 44.483728 ], [ 33.6219534, 44.4837537 ], [ 33.6219283, 44.4837732 ], [ 33.6218925, 44.4837755 ], [ 33.6214669, 44.4837272 ], [ 33.6213983, 44.48374 ], [ 33.6214641, 44.4838034 ], [ 33.6215851, 44.4839325 ], [ 33.6215932, 44.4841155 ], [ 33.621345, 44.484314 ], [ 33.6202324, 44.4846392 ], [ 33.619559, 44.484836 ], [ 33.619203, 44.485095 ], [ 33.6188755, 44.4851519 ], [ 33.6187016, 44.4853303 ], [ 33.6183184, 44.485742 ], [ 33.6180163, 44.4862767 ], [ 33.6176338, 44.4867732 ], [ 33.6175668, 44.4868749 ], [ 33.6174107, 44.4871899 ], [ 33.617191, 44.4875119 ], [ 33.6169174, 44.487821 ], [ 33.6166205, 44.4881302 ], [ 33.6160235, 44.4884306 ], [ 33.6157554, 44.4885887 ], [ 33.6145761, 44.4888834 ], [ 33.6138576, 44.4890518 ], [ 33.61272, 44.489372 ], [ 33.6121852, 44.4895269 ], [ 33.6121712, 44.4896575 ], [ 33.6117387, 44.4898119 ], [ 33.6115452, 44.4897456 ], [ 33.6109822, 44.4898578 ], [ 33.6099627, 44.4900469 ], [ 33.6095859, 44.490132 ], [ 33.6092455, 44.4901908 ], [ 33.6084237, 44.4903268 ], [ 33.607704, 44.4904338 ], [ 33.6074111, 44.4907042 ], [ 33.6070114, 44.490907 ], [ 33.6065152, 44.490997 ], [ 33.6061754, 44.4909567 ], [ 33.6057128, 44.491193 ], [ 33.6053106, 44.4913702 ], [ 33.6053459, 44.4914626 ], [ 33.605192, 44.4915416 ], [ 33.6050056, 44.4915046 ], [ 33.6049084, 44.4915474 ], [ 33.6044704, 44.4916909 ], [ 33.6042449, 44.4919477 ], [ 33.6038441, 44.4922628 ], [ 33.6035952, 44.4925563 ], [ 33.6033999, 44.4927277 ], [ 33.603203, 44.4929051 ], [ 33.6029962, 44.4928225 ], [ 33.6028446, 44.4927619 ], [ 33.6022964, 44.4927862 ], [ 33.6020606, 44.4928967 ], [ 33.6016643, 44.4927553 ], [ 33.6013967, 44.4931028 ], [ 33.601365, 44.493144 ], [ 33.601371, 44.4932094 ], [ 33.6014301, 44.4932499 ], [ 33.6013863, 44.4932765 ], [ 33.6013295, 44.4932952 ], [ 33.6012136, 44.4933077 ], [ 33.6009959, 44.493389 ], [ 33.6008155, 44.4935807 ], [ 33.6006877, 44.4936457 ], [ 33.6005419, 44.4937065 ], [ 33.6005006, 44.4937554 ], [ 33.6000114, 44.4935936 ], [ 33.5999527, 44.4935253 ], [ 33.5999307, 44.4935184 ], [ 33.5998545, 44.4934946 ], [ 33.5997773, 44.4935589 ], [ 33.5997595, 44.4935866 ], [ 33.5995598, 44.493667 ], [ 33.5993761, 44.4936232 ], [ 33.5993194, 44.4935876 ], [ 33.5992538, 44.4935256 ], [ 33.5992496, 44.4935193 ], [ 33.5991824, 44.4935655 ], [ 33.5991566, 44.4935785 ], [ 33.5991283, 44.4936697 ], [ 33.5989998, 44.4937022 ], [ 33.598965, 44.4937351 ], [ 33.5989108, 44.493778 ], [ 33.5988737, 44.4937787 ], [ 33.5988109, 44.4937408 ], [ 33.5987926, 44.4937298 ], [ 33.5987584, 44.4937435 ], [ 33.5987276, 44.4937644 ], [ 33.5986676, 44.4937905 ], [ 33.5986529, 44.4937592 ], [ 33.5986104, 44.4937623 ], [ 33.5986075, 44.4937937 ], [ 33.5985397, 44.493812 ], [ 33.5984618, 44.4938257 ], [ 33.598362, 44.4937882 ], [ 33.5983321, 44.4937415 ], [ 33.598322, 44.4937257 ], [ 33.5982294, 44.493721 ], [ 33.5981469, 44.4936845 ], [ 33.598099, 44.4936891 ], [ 33.5979886, 44.4936715 ], [ 33.5979357, 44.4936891 ], [ 33.5979052, 44.4936888 ], [ 33.5977765, 44.4936876 ], [ 33.5977729, 44.4936554 ], [ 33.5977124, 44.4936408 ], [ 33.5975862, 44.4936724 ], [ 33.5975862, 44.4936891 ], [ 33.597551, 44.4936944 ], [ 33.5975144, 44.4936787 ], [ 33.5975958, 44.4936407 ], [ 33.5975769, 44.4936184 ], [ 33.5974497, 44.4936436 ], [ 33.5974324, 44.4936732 ], [ 33.5974915, 44.4937052 ], [ 33.5972663, 44.4937334 ], [ 33.5972862, 44.4937995 ], [ 33.597063, 44.4938177 ], [ 33.5970059, 44.49378 ], [ 33.5968164, 44.4937853 ], [ 33.596764, 44.4938103 ], [ 33.5967065, 44.4937759 ], [ 33.5966776, 44.4937034 ], [ 33.5966127, 44.4936732 ], [ 33.5965868, 44.4936273 ], [ 33.5965555, 44.4935866 ], [ 33.5964813, 44.4935815 ], [ 33.5964574, 44.4935525 ], [ 33.5963852, 44.4935475 ], [ 33.5962945, 44.4935817 ], [ 33.5962241, 44.4936079 ], [ 33.5962372, 44.4936438 ], [ 33.5961858, 44.4937129 ], [ 33.5961663, 44.4937794 ], [ 33.5961663, 44.4938708 ], [ 33.5962393, 44.4939141 ], [ 33.5961273, 44.4939149 ], [ 33.5960778, 44.4939651 ], [ 33.5962459, 44.4939784 ], [ 33.5961295, 44.4940929 ], [ 33.5960547, 44.4941845 ], [ 33.595903, 44.494266 ], [ 33.5957928, 44.4942991 ], [ 33.5957267, 44.4943493 ], [ 33.5957381, 44.4943865 ], [ 33.5956795, 44.494393 ], [ 33.5956303, 44.4944723 ], [ 33.5955252, 44.49448 ], [ 33.5953692, 44.4946069 ], [ 33.5954241, 44.494715 ], [ 33.5955226, 44.4948203 ], [ 33.5956807, 44.4948695 ], [ 33.5956305, 44.4948834 ], [ 33.5956156, 44.4949312 ], [ 33.5956938, 44.494948 ], [ 33.5958928, 44.4949183 ], [ 33.5960208, 44.4949283 ], [ 33.5970322, 44.4950283 ], [ 33.5969945, 44.4951299 ], [ 33.5979669, 44.4954735 ], [ 33.5983987, 44.4959107 ], [ 33.5985185, 44.4960722 ], [ 33.5985176, 44.4961776 ], [ 33.5985437, 44.4964994 ], [ 33.5986178, 44.4964964 ], [ 33.5987544, 44.4969401 ], [ 33.5987451, 44.4970285 ], [ 33.598947, 44.4971227 ], [ 33.5991269, 44.4971887 ], [ 33.5992108, 44.4972332 ], [ 33.5992364, 44.4972468 ], [ 33.5992635, 44.4972612 ], [ 33.5997473, 44.4975179 ], [ 33.5999055, 44.4976425 ], [ 33.6002354, 44.4980272 ], [ 33.6003606, 44.4981754 ], [ 33.6002627, 44.4982879 ], [ 33.600292, 44.4983152 ], [ 33.600386, 44.498403 ], [ 33.6005126, 44.4983657 ], [ 33.6006093, 44.4985509 ], [ 33.6005769, 44.4989651 ], [ 33.6004228, 44.4993279 ], [ 33.6003938, 44.4993963 ], [ 33.6002962, 44.4995284 ], [ 33.6000968, 44.4997983 ], [ 33.6000629, 44.4998441 ], [ 33.5999775, 44.4998389 ], [ 33.5999209, 44.4999082 ], [ 33.5998709, 44.4999695 ], [ 33.5998433, 44.5000032 ], [ 33.5996582, 44.5002301 ], [ 33.5994173, 44.5005273 ], [ 33.5994211, 44.5007858 ], [ 33.5994182, 44.501137 ], [ 33.5994388, 44.5012944 ], [ 33.5994789, 44.5016701 ], [ 33.5991808, 44.5022756 ], [ 33.5990294, 44.5025954 ], [ 33.598752, 44.5031815 ], [ 33.5986741, 44.5031602 ], [ 33.5986502, 44.5033526 ], [ 33.5985272, 44.5033452 ], [ 33.5985505, 44.5031161 ], [ 33.5984622, 44.5031171 ], [ 33.598413, 44.5034842 ], [ 33.5981808, 44.5034741 ], [ 33.5982005, 44.5032346 ], [ 33.5982286, 44.5026352 ], [ 33.5981058, 44.5026393 ], [ 33.5980697, 44.5034534 ], [ 33.5976204, 44.5034196 ], [ 33.5977607, 44.5025712 ], [ 33.5977009, 44.5025678 ], [ 33.5976468, 44.5025647 ], [ 33.5975243, 44.5034094 ], [ 33.5972468, 44.5033968 ], [ 33.5971012, 44.5026913 ], [ 33.597052, 44.50269 ], [ 33.5970484, 44.5023237 ], [ 33.5970505, 44.5019636 ], [ 33.5969599, 44.5019619 ], [ 33.5969654, 44.5016971 ], [ 33.5968893, 44.5016923 ], [ 33.5967558, 44.5014943 ], [ 33.5966941, 44.5014123 ], [ 33.5966954, 44.5013205 ], [ 33.5966967, 44.5012414 ], [ 33.5967034, 44.5009764 ], [ 33.5967137, 44.500941 ], [ 33.5967717, 44.5009458 ], [ 33.5967712, 44.5009292 ], [ 33.5968419, 44.5009319 ], [ 33.5968458, 44.500958 ], [ 33.5968759, 44.5009638 ], [ 33.5968792, 44.5009306 ], [ 33.5969313, 44.5009316 ], [ 33.5969356, 44.5008919 ], [ 33.5969433, 44.500822 ], [ 33.5970133, 44.5004443 ], [ 33.5969866, 44.5004391 ], [ 33.597019, 44.5002799 ], [ 33.5971842, 44.5003025 ], [ 33.5972467, 44.4999594 ], [ 33.5972326, 44.499958 ], [ 33.5973231, 44.4993818 ], [ 33.597843, 44.4986932 ], [ 33.5980171, 44.4977419 ], [ 33.5978158, 44.4977375 ], [ 33.5978189, 44.4976589 ], [ 33.5973825, 44.4968873 ], [ 33.5972377, 44.4966759 ], [ 33.5971669, 44.4965908 ], [ 33.5970752, 44.4965297 ], [ 33.5963777, 44.4963351 ], [ 33.5962661, 44.4963234 ], [ 33.5961798, 44.4963346 ], [ 33.5958767, 44.4964027 ], [ 33.5948471, 44.4967784 ], [ 33.5947596, 44.4967642 ], [ 33.59454, 44.4966962 ], [ 33.5943114, 44.4966501 ], [ 33.5940808, 44.4965958 ], [ 33.593734, 44.4963883 ], [ 33.5936569, 44.4963299 ], [ 33.5935714, 44.4962774 ], [ 33.5934724, 44.4962125 ], [ 33.5933899, 44.4959593 ], [ 33.5932856, 44.4958675 ], [ 33.5931426, 44.4958535 ], [ 33.5928946, 44.4958851 ], [ 33.5926748, 44.4958776 ], [ 33.5926315, 44.4957964 ], [ 33.5924741, 44.4956824 ], [ 33.5923543, 44.4955187 ], [ 33.5923021, 44.4953111 ], [ 33.5923091, 44.4951874 ], [ 33.5924469, 44.4950859 ], [ 33.5925032, 44.495051 ], [ 33.592516, 44.4950151 ], [ 33.5925429, 44.4949789 ], [ 33.5925886, 44.4949431 ], [ 33.5926725, 44.4950283 ], [ 33.5928663, 44.4948531 ], [ 33.5929882, 44.4946548 ], [ 33.5929176, 44.4945086 ], [ 33.5927755, 44.4943526 ], [ 33.5929519, 44.4942088 ], [ 33.5930236, 44.4940097 ], [ 33.5928889, 44.4937864 ], [ 33.5931535, 44.4937684 ], [ 33.5933511, 44.493548 ], [ 33.5932884, 44.4932341 ], [ 33.5934317, 44.4930879 ], [ 33.5939443, 44.4930071 ], [ 33.5940585, 44.4926897 ], [ 33.5939649, 44.4926633 ], [ 33.5938276, 44.4926498 ], [ 33.5936839, 44.4926695 ], [ 33.5935782, 44.4925924 ], [ 33.5932417, 44.4925369 ], [ 33.5930581, 44.4925378 ], [ 33.5921457, 44.4923142 ], [ 33.5917109, 44.4917384 ], [ 33.591313, 44.491657 ], [ 33.5908714, 44.4915811 ], [ 33.5905083, 44.4914999 ], [ 33.5892212, 44.491336 ], [ 33.5889772, 44.4909861 ], [ 33.5885708, 44.4908687 ], [ 33.5880582, 44.4908215 ], [ 33.5870534, 44.4906897 ], [ 33.5853433, 44.490574 ], [ 33.5845472, 44.4902286 ], [ 33.5837139, 44.490398 ], [ 33.5835674, 44.490612 ], [ 33.582701, 44.490675 ], [ 33.5822411, 44.490803 ], [ 33.5818809, 44.4907646 ], [ 33.5819232, 44.4908671 ], [ 33.5818157, 44.4909233 ], [ 33.5816952, 44.4908703 ], [ 33.5816172, 44.4907979 ], [ 33.5814932, 44.4908089 ], [ 33.5813857, 44.4908257 ], [ 33.5813622, 44.4908857 ], [ 33.5814755, 44.4909035 ], [ 33.581628, 44.490937 ], [ 33.5816057, 44.4910177 ], [ 33.5814558, 44.4910611 ], [ 33.581283, 44.4910258 ], [ 33.5811149, 44.4910459 ], [ 33.5809656, 44.4911768 ], [ 33.5808227, 44.4912455 ], [ 33.5807895, 44.4913799 ], [ 33.5803829, 44.4914189 ], [ 33.5802683, 44.491583 ], [ 33.5797883, 44.4916995 ], [ 33.5796638, 44.4916867 ], [ 33.5795128, 44.4918095 ], [ 33.5792132, 44.4918677 ], [ 33.5784025, 44.4919429 ], [ 33.576979, 44.491987 ], [ 33.5766736, 44.4918665 ], [ 33.5758334, 44.4918331 ], [ 33.5757154, 44.4919364 ], [ 33.5752219, 44.4919747 ], [ 33.5751173, 44.4919345 ], [ 33.575061, 44.4918427 ], [ 33.5752487, 44.491791 ], [ 33.5751843, 44.4915385 ], [ 33.5749158, 44.4915132 ], [ 33.5745621, 44.4915729 ], [ 33.5738808, 44.4916418 ], [ 33.573748, 44.49149 ], [ 33.573389, 44.491492 ], [ 33.572314, 44.491497 ], [ 33.571597, 44.491501 ], [ 33.571239, 44.491503 ], [ 33.570519, 44.49125 ], [ 33.570158, 44.490995 ], [ 33.5698, 44.490997 ], [ 33.5689703, 44.4910612 ], [ 33.568364, 44.490747 ], [ 33.5677562, 44.4906614 ], [ 33.567284, 44.49024 ], [ 33.566206, 44.489988 ], [ 33.565845, 44.489734 ], [ 33.5651153, 44.4893892 ], [ 33.562972, 44.489235 ], [ 33.5621475, 44.4889162 ], [ 33.5612784, 44.4891075 ], [ 33.56082, 44.488989 ], [ 33.560461, 44.48899 ], [ 33.560103, 44.488992 ], [ 33.559025, 44.488741 ], [ 33.558667, 44.488743 ], [ 33.5585011, 44.4886215 ], [ 33.5577392, 44.4883532 ], [ 33.557228, 44.488237 ], [ 33.555792, 44.487987 ], [ 33.554766, 44.48786 ], [ 33.552927, 44.488257 ], [ 33.552213, 44.488517 ], [ 33.549348, 44.488788 ], [ 33.548992, 44.489046 ], [ 33.548577, 44.4892619 ], [ 33.547921, 44.489564 ], [ 33.547207, 44.489824 ], [ 33.546134, 44.490086 ], [ 33.54542, 44.490346 ], [ 33.545062, 44.490477 ], [ 33.5447863, 44.4908059 ], [ 33.54435, 44.490993 ], [ 33.5440138, 44.4913453 ], [ 33.543637, 44.491381 ], [ 33.543279, 44.491383 ], [ 33.5428755, 44.4917223 ], [ 33.5423551, 44.4919311 ], [ 33.54221, 44.492157 ], [ 33.541854, 44.492416 ], [ 33.5407289, 44.4930621 ], [ 33.5404525, 44.4934276 ], [ 33.5404443, 44.4936364 ], [ 33.540076, 44.493964 ], [ 33.5393711, 44.4942744 ], [ 33.5389564, 44.4943382 ], [ 33.53865, 44.49474 ], [ 33.537935, 44.495 ], [ 33.537221, 44.49526 ], [ 33.536148, 44.495522 ], [ 33.535075, 44.495783 ], [ 33.534001, 44.496045 ], [ 33.533645, 44.496303 ], [ 33.532572, 44.496565 ], [ 33.531858, 44.496824 ], [ 33.5309723, 44.496803 ], [ 33.5306456, 44.4969894 ], [ 33.5303963, 44.4970499 ], [ 33.5298615, 44.4971843 ], [ 33.5295645, 44.4972776 ], [ 33.5294209, 44.497276 ], [ 33.529113, 44.4974852 ], [ 33.5289467, 44.4975741 ], [ 33.5285693, 44.4976716 ], [ 33.5285368, 44.4975911 ], [ 33.52828, 44.497611 ], [ 33.5278537, 44.4975614 ], [ 33.5277596, 44.4976757 ], [ 33.5276577, 44.4978497 ], [ 33.5274498, 44.497858 ], [ 33.5269817, 44.497969 ], [ 33.5265409, 44.4981038 ], [ 33.5262336, 44.4984102 ], [ 33.526136, 44.49839 ], [ 33.5257153, 44.4985317 ], [ 33.5255404, 44.4984386 ], [ 33.52542, 44.498522 ], [ 33.5249074, 44.4992011 ], [ 33.5249965, 44.4994257 ], [ 33.5248734, 44.4995222 ], [ 33.5247292, 44.4994638 ], [ 33.524717, 44.499548 ], [ 33.5248659, 44.499645 ], [ 33.524874, 44.4997166 ], [ 33.5246447, 44.4998936 ], [ 33.5243787, 44.5000993 ], [ 33.5240283, 44.5002137 ], [ 33.5236362, 44.50029 ], [ 33.5234848, 44.5002261 ], [ 33.5230363, 44.5003451 ], [ 33.5230897, 44.5004552 ], [ 33.5229531, 44.5005272 ], [ 33.5228521, 44.5004594 ], [ 33.5226823, 44.500446 ], [ 33.5226462, 44.500637 ], [ 33.522393, 44.500845 ], [ 33.522039, 44.50136 ], [ 33.5220219, 44.5013773 ], [ 33.5216802, 44.5017242 ], [ 33.5210784, 44.5017963 ], [ 33.5204752, 44.501754 ], [ 33.5200871, 44.5017064 ], [ 33.5196522, 44.501529 ], [ 33.518992, 44.501245 ], [ 33.5187293, 44.5008404 ], [ 33.5181742, 44.5010693 ], [ 33.5173488, 44.5010403 ], [ 33.5169638, 44.5008466 ], [ 33.5163995, 44.5008786 ], [ 33.5160032, 44.5010353 ], [ 33.5157191, 44.5011362 ], [ 33.5154419, 44.5011122 ], [ 33.515131, 44.5011362 ], [ 33.5147614, 44.5011602 ], [ 33.5144004, 44.5009942 ], [ 33.5142751, 44.5009155 ], [ 33.5137617, 44.5006868 ], [ 33.5136525, 44.5008007 ], [ 33.513784, 44.5010192 ], [ 33.5137772, 44.5012886 ], [ 33.5133079, 44.5014435 ], [ 33.5131118, 44.5014478 ], [ 33.5131178, 44.5013461 ], [ 33.5129099, 44.5013461 ], [ 33.512797, 44.5014224 ], [ 33.5129985, 44.5015334 ], [ 33.513025, 44.5016559 ], [ 33.5126732, 44.5017912 ], [ 33.5125161, 44.5018516 ], [ 33.5122844, 44.5018347 ], [ 33.5121478, 44.5018008 ], [ 33.511928, 44.5018516 ], [ 33.5118805, 44.5019406 ], [ 33.5119078, 44.5020291 ], [ 33.5117617, 44.5022075 ], [ 33.5115775, 44.5021185 ], [ 33.5113942, 44.5022141 ], [ 33.511307, 44.5024422 ], [ 33.5103758, 44.5027641 ], [ 33.51026, 44.5027539 ], [ 33.5101751, 44.5027569 ], [ 33.5099959, 44.5027519 ], [ 33.5098471, 44.5027617 ], [ 33.5096911, 44.5027769 ], [ 33.5096168, 44.5027717 ], [ 33.5089952, 44.5028731 ], [ 33.508799, 44.5029319 ], [ 33.5086706, 44.5029949 ], [ 33.5085206, 44.5030249 ], [ 33.5082268, 44.5030301 ], [ 33.5074638, 44.5033242 ], [ 33.5065289, 44.5036268 ], [ 33.505709, 44.5038131 ], [ 33.5053944, 44.5038393 ], [ 33.5048939, 44.5039148 ], [ 33.5044753, 44.503891 ], [ 33.503924, 44.5038794 ], [ 33.5031244, 44.5038719 ], [ 33.5025512, 44.5038573 ], [ 33.5013837, 44.5038752 ], [ 33.5002234, 44.5038223 ], [ 33.4994039, 44.5036757 ], [ 33.4991635, 44.5035666 ], [ 33.4986428, 44.5034861 ], [ 33.4984506, 44.5035286 ], [ 33.4978036, 44.5034786 ], [ 33.4972167, 44.503367 ], [ 33.496626, 44.5031502 ], [ 33.4960304, 44.5027997 ], [ 33.4954556, 44.5024865 ], [ 33.4950728, 44.5023157 ], [ 33.494705, 44.5019465 ], [ 33.494615, 44.501482 ], [ 33.4941374, 44.5012105 ], [ 33.4937491, 44.5009189 ], [ 33.4929754, 44.5007389 ], [ 33.492457, 44.500593 ], [ 33.492096, 44.500338 ], [ 33.491959, 44.5000635 ], [ 33.4917038, 44.4997544 ], [ 33.4913474, 44.4991257 ], [ 33.4910421, 44.4988668 ], [ 33.4907656, 44.4986512 ], [ 33.4904104, 44.4984526 ], [ 33.4902357, 44.4983434 ], [ 33.4903158, 44.4981822 ], [ 33.4905654, 44.4979551 ], [ 33.490563, 44.4978425 ], [ 33.4904746, 44.4977689 ], [ 33.4902351, 44.4977123 ], [ 33.4902452, 44.4975405 ], [ 33.4899838, 44.4974743 ], [ 33.4898249, 44.4977128 ], [ 33.4896321, 44.4977638 ], [ 33.4894711, 44.4977469 ], [ 33.4894382, 44.4978302 ], [ 33.4892402, 44.4978884 ], [ 33.4890475, 44.4979775 ], [ 33.4887014, 44.4979575 ], [ 33.4885883, 44.4978274 ], [ 33.4885093, 44.4977783 ], [ 33.4884, 44.4978056 ], [ 33.4883991, 44.49797 ], [ 33.4881269, 44.4981329 ], [ 33.4880067, 44.4980511 ], [ 33.4879903, 44.4981212 ], [ 33.4879248, 44.4981602 ], [ 33.4877744, 44.4981705 ], [ 33.4876022, 44.4981754 ], [ 33.487515, 44.4980784 ], [ 33.4874549, 44.4978796 ], [ 33.4873402, 44.4978134 ], [ 33.4873511, 44.4980472 ], [ 33.4871435, 44.4981018 ], [ 33.4870793, 44.4982125 ], [ 33.4869353, 44.4982568 ], [ 33.4867611, 44.4984758 ], [ 33.4864934, 44.4987486 ], [ 33.4863488, 44.4987183 ], [ 33.4861637, 44.4987457 ], [ 33.4860673, 44.4987993 ], [ 33.4862367, 44.4988694 ], [ 33.486333, 44.4989765 ], [ 33.485992, 44.49921 ], [ 33.486173, 44.499466 ], [ 33.4861628, 44.4997294 ], [ 33.485644, 44.500494 ], [ 33.4855046, 44.5007047 ], [ 33.4852533, 44.5009385 ], [ 33.4851987, 44.5011411 ], [ 33.4849123, 44.5017897 ], [ 33.4846302, 44.5021051 ], [ 33.4841677, 44.5025762 ], [ 33.4838114, 44.5028088 ], [ 33.4834529, 44.5029826 ], [ 33.4831312, 44.5029102 ], [ 33.4829437, 44.5029667 ], [ 33.4828575, 44.5029242 ], [ 33.482788, 44.5030445 ], [ 33.4827631, 44.5030846 ], [ 33.4828433, 44.5030881 ], [ 33.4829843, 44.5030691 ], [ 33.4830154, 44.5030943 ], [ 33.4831305, 44.5031913 ], [ 33.4830833, 44.5032926 ], [ 33.4829519, 44.5035267 ], [ 33.4828919, 44.5036743 ], [ 33.4828754, 44.5037518 ], [ 33.4827105, 44.5038981 ], [ 33.4823935, 44.504005 ], [ 33.4823026, 44.5040848 ], [ 33.4821353, 44.504105 ], [ 33.482166, 44.5042105 ], [ 33.4822361, 44.5041945 ], [ 33.4822351, 44.5043427 ], [ 33.4825015, 44.5044903 ], [ 33.4825701, 44.5047115 ], [ 33.4824202, 44.5047043 ], [ 33.4822546, 44.5050677 ], [ 33.4823857, 44.5056452 ], [ 33.4823313, 44.5061879 ], [ 33.4823649, 44.5063276 ], [ 33.4823201, 44.5063914 ], [ 33.4822308, 44.5063513 ], [ 33.4821678, 44.5064106 ], [ 33.4822509, 44.5064331 ], [ 33.4823024, 44.5064576 ], [ 33.4822971, 44.506617 ], [ 33.4821964, 44.5069297 ], [ 33.4821162, 44.507179 ], [ 33.4820922, 44.5072475 ], [ 33.4819838, 44.5072212 ], [ 33.4819156, 44.5072873 ], [ 33.4820159, 44.5073548 ], [ 33.4821162, 44.5073752 ], [ 33.4820406, 44.507527 ], [ 33.482042, 44.5076931 ], [ 33.4820024, 44.5078996 ], [ 33.4819698, 44.5079013 ], [ 33.4818404, 44.5084071 ], [ 33.4815889, 44.5087104 ], [ 33.4811447, 44.5089032 ], [ 33.4810293, 44.5088044 ], [ 33.4808188, 44.5088726 ], [ 33.4808087, 44.5089319 ], [ 33.4805831, 44.508852 ], [ 33.4805016, 44.5088916 ], [ 33.4804127, 44.5088731 ], [ 33.480435, 44.5088282 ], [ 33.4803262, 44.50883 ], [ 33.4802313, 44.5087965 ], [ 33.4801441, 44.508829 ], [ 33.4802243, 44.5088908 ], [ 33.4802125, 44.5089399 ], [ 33.4803168, 44.5089804 ], [ 33.4803807, 44.5089568 ], [ 33.4805798, 44.508977 ], [ 33.4806888, 44.5089922 ], [ 33.4808049, 44.5090565 ], [ 33.4807002, 44.5093095 ], [ 33.4806379, 44.5095045 ], [ 33.4803943, 44.5096546 ], [ 33.4800868, 44.5095374 ], [ 33.4798168, 44.5094508 ], [ 33.4794781, 44.509408 ], [ 33.479276, 44.5093495 ], [ 33.4792814, 44.5094391 ], [ 33.4791394, 44.5094196 ], [ 33.4790138, 44.5095482 ], [ 33.4787602, 44.5095258 ], [ 33.4785683, 44.5096657 ], [ 33.4784966, 44.5097108 ], [ 33.4784432, 44.5097262 ], [ 33.4783214, 44.5096874 ], [ 33.4778125, 44.5095244 ], [ 33.4774974, 44.5096288 ], [ 33.4776358, 44.509803 ], [ 33.477875, 44.5098115 ], [ 33.478141, 44.5099567 ], [ 33.4782638, 44.510021 ], [ 33.4783552, 44.5100159 ], [ 33.4783644, 44.5100137 ], [ 33.4784816, 44.509973 ], [ 33.4786013, 44.5099521 ], [ 33.4786291, 44.5099729 ], [ 33.4786258, 44.5100159 ], [ 33.4786644, 44.5100911 ], [ 33.4789809, 44.5101862 ], [ 33.4791861, 44.5103006 ], [ 33.4792372, 44.5103521 ], [ 33.4792113, 44.5104262 ], [ 33.4790642, 44.510462 ], [ 33.4792041, 44.5107188 ], [ 33.479274, 44.5107238 ], [ 33.4792495, 44.5110922 ], [ 33.4791307, 44.5113945 ], [ 33.4791866, 44.5114319 ], [ 33.4792251, 44.5115354 ], [ 33.4790755, 44.5117899 ], [ 33.4788508, 44.5120422 ], [ 33.4786678, 44.5121384 ], [ 33.4785773, 44.5121142 ], [ 33.47781, 44.5125222 ], [ 33.4776534, 44.5124947 ], [ 33.4775529, 44.5124448 ], [ 33.4773868, 44.5125352 ], [ 33.4772905, 44.5126855 ], [ 33.477195, 44.5126502 ], [ 33.4771063, 44.5126629 ], [ 33.4770588, 44.5128872 ], [ 33.476847, 44.5128558 ], [ 33.4766955, 44.5129983 ], [ 33.4767505, 44.5130706 ], [ 33.4766025, 44.5130767 ], [ 33.4764461, 44.513152 ], [ 33.476068, 44.513235 ], [ 33.4759183, 44.5133144 ], [ 33.4759271, 44.5134172 ], [ 33.4757042, 44.5135045 ], [ 33.4755862, 44.5135169 ], [ 33.4753546, 44.5136291 ], [ 33.4753065, 44.5135138 ], [ 33.4752409, 44.513464 ], [ 33.4751972, 44.5133331 ], [ 33.4750271, 44.5134056 ], [ 33.4751365, 44.5137977 ], [ 33.4747492, 44.51392 ], [ 33.4746466, 44.5141005 ], [ 33.4741287, 44.5145181 ], [ 33.4742887, 44.514742 ], [ 33.4744344, 44.5151433 ], [ 33.4743887, 44.5153334 ], [ 33.4743389, 44.515385 ], [ 33.4743796, 44.5155563 ], [ 33.4743487, 44.5156896 ], [ 33.4743206, 44.5158228 ], [ 33.4742652, 44.5159591 ], [ 33.4741561, 44.516107 ], [ 33.4739826, 44.5162793 ], [ 33.4738359, 44.5164304 ], [ 33.4736593, 44.5165735 ], [ 33.4735024, 44.5166978 ], [ 33.473406, 44.51671 ], [ 33.4733468, 44.5168109 ], [ 33.4732253, 44.5168923 ], [ 33.4731509, 44.5169731 ], [ 33.4730163, 44.5170656 ], [ 33.4729051, 44.5170983 ], [ 33.4728325, 44.5171279 ], [ 33.4728859, 44.5171966 ], [ 33.4729169, 44.5172499 ], [ 33.4728696, 44.5172939 ], [ 33.4727999, 44.5173467 ], [ 33.4727125, 44.5173805 ], [ 33.4725954, 44.5173995 ], [ 33.4724813, 44.5174355 ], [ 33.4723856, 44.5174466 ], [ 33.4723064, 44.5174872 ], [ 33.4722471, 44.5175306 ], [ 33.4721848, 44.517557 ], [ 33.4719492, 44.5175845 ], [ 33.4717743, 44.5176088 ], [ 33.4716549, 44.5176563 ], [ 33.471423, 44.5176532 ], [ 33.4712822, 44.5176426 ], [ 33.4712081, 44.5176775 ], [ 33.4711177, 44.5176701 ], [ 33.4710569, 44.5176838 ], [ 33.4709784, 44.5176584 ], [ 33.4707338, 44.5176384 ], [ 33.4705056, 44.5176532 ], [ 33.4703633, 44.5176563 ], [ 33.4703244, 44.5176347 ], [ 33.4703485, 44.5174682 ], [ 33.4703322, 44.5174175 ], [ 33.4703455, 44.5173678 ], [ 33.4703025, 44.517259 ], [ 33.4702655, 44.5171924 ], [ 33.4702044, 44.5171703 ], [ 33.4701472, 44.517191 ], [ 33.4701365, 44.5172664 ], [ 33.4701128, 44.5172939 ], [ 33.4700639, 44.5173594 ], [ 33.4700491, 44.5173308 ], [ 33.4700374, 44.5173013 ], [ 33.469982, 44.5172547 ], [ 33.4699839, 44.517166 ], [ 33.4699379, 44.5170814 ], [ 33.4699196, 44.517022 ], [ 33.4698149, 44.5169715 ], [ 33.4697556, 44.5169472 ], [ 33.4696964, 44.5169357 ], [ 33.4696297, 44.5170381 ], [ 33.4695992, 44.517099 ], [ 33.4696356, 44.5172125 ], [ 33.4696676, 44.5173 ], [ 33.4696546, 44.5173181 ], [ 33.4696264, 44.5173109 ], [ 33.4695704, 44.517175 ], [ 33.4695506, 44.5171108 ], [ 33.4695367, 44.5170655 ], [ 33.4695096, 44.5170213 ], [ 33.469414, 44.5169988 ], [ 33.4693461, 44.5170273 ], [ 33.4693042, 44.5170004 ], [ 33.4692354, 44.5170199 ], [ 33.4691487, 44.5171046 ], [ 33.4691134, 44.5172545 ], [ 33.4690527, 44.5173127 ], [ 33.4690088, 44.5173846 ], [ 33.4689889, 44.5175115 ], [ 33.4690128, 44.5175638 ], [ 33.4689772, 44.5176176 ], [ 33.4688954, 44.517664 ], [ 33.4687906, 44.5176968 ], [ 33.4687719, 44.5177469 ], [ 33.4687424, 44.5178015 ], [ 33.4687823, 44.5178373 ], [ 33.4688661, 44.5178523 ], [ 33.4688787, 44.5178822 ], [ 33.4688172, 44.517918 ], [ 33.4687613, 44.5179225 ], [ 33.4687068, 44.5179733 ], [ 33.4687432, 44.5180139 ], [ 33.4688555, 44.5180819 ], [ 33.4689242, 44.5180782 ], [ 33.4689898, 44.5181034 ], [ 33.4690568, 44.5180974 ], [ 33.4690292, 44.5181307 ], [ 33.4689204, 44.5182342 ], [ 33.4689982, 44.5183216 ], [ 33.4689541, 44.5183783 ], [ 33.4689794, 44.5184079 ], [ 33.4690631, 44.5184486 ], [ 33.469147, 44.5184038 ], [ 33.469212, 44.5183978 ], [ 33.469214, 44.5184307 ], [ 33.4692036, 44.5184591 ], [ 33.4691575, 44.5185099 ], [ 33.469134, 44.5185521 ], [ 33.4690678, 44.5186567 ], [ 33.4691481, 44.5186819 ], [ 33.4691449, 44.5187236 ], [ 33.4691428, 44.5188013 ], [ 33.4692623, 44.5187864 ], [ 33.4693237, 44.5188392 ], [ 33.4693229, 44.5190833 ], [ 33.4693419, 44.5191929 ], [ 33.4692392, 44.5193079 ], [ 33.4691143, 44.5193734 ], [ 33.468828, 44.5196156 ], [ 33.4686694, 44.5198034 ], [ 33.4681325, 44.5199208 ], [ 33.4677928, 44.5203355 ], [ 33.4679687, 44.5204746 ], [ 33.4680618, 44.5206532 ], [ 33.4681259, 44.5207621 ], [ 33.4684264, 44.5207585 ], [ 33.4685249, 44.5209798 ], [ 33.4685009, 44.5218339 ], [ 33.468071, 44.52212 ], [ 33.4675217, 44.5224027 ], [ 33.4668495, 44.5225706 ], [ 33.4664638, 44.5223407 ], [ 33.466103, 44.522642 ], [ 33.466284, 44.522897 ], [ 33.466286, 44.523154 ], [ 33.4658426, 44.5232449 ], [ 33.4641651, 44.5232563 ], [ 33.4636464, 44.5236159 ], [ 33.4633154, 44.5240247 ], [ 33.46307, 44.5247574 ], [ 33.4629972, 44.5247733 ], [ 33.4629598, 44.5248593 ], [ 33.4630055, 44.5249897 ], [ 33.4631095, 44.5250994 ], [ 33.463072, 44.5252032 ], [ 33.4629099, 44.5253722 ], [ 33.4627293, 44.525397 ], [ 33.4624483, 44.5253988 ], [ 33.462181, 44.525608 ], [ 33.4620616, 44.5257457 ], [ 33.4617834, 44.5258215 ], [ 33.461468, 44.526124 ], [ 33.4614603, 44.5263163 ], [ 33.4612965, 44.5265046 ], [ 33.4610221, 44.5265876 ], [ 33.4608558, 44.5267269 ], [ 33.4606258, 44.5267857 ], [ 33.4603978, 44.5269606 ], [ 33.4602596, 44.527011 ], [ 33.4601832, 44.5270843 ], [ 33.460095, 44.5272101 ], [ 33.4600537, 44.5272329 ], [ 33.4599068, 44.5273421 ], [ 33.4598833, 44.5274553 ], [ 33.4598421, 44.5275769 ], [ 33.4597334, 44.5277346 ], [ 33.459604, 44.5278033 ], [ 33.4594334, 44.5278976 ], [ 33.4593833, 44.5279298 ], [ 33.4594775, 44.5280129 ], [ 33.4595363, 44.528124 ], [ 33.4594187, 44.5281743 ], [ 33.4592314, 44.5281576 ], [ 33.4588101, 44.5281722 ], [ 33.4585572, 44.5282099 ], [ 33.4583769, 44.5283633 ], [ 33.4582603, 44.5284363 ], [ 33.4582309, 44.5285285 ], [ 33.4583073, 44.5286543 ], [ 33.4582456, 44.5287046 ], [ 33.4582239, 44.5287311 ], [ 33.4582515, 44.5289855 ], [ 33.458178, 44.5291322 ], [ 33.4581222, 44.5292599 ], [ 33.4581809, 44.5294885 ], [ 33.4581339, 44.5295409 ], [ 33.4580398, 44.52952 ], [ 33.4578869, 44.5294697 ], [ 33.4576329, 44.5294927 ], [ 33.45683, 44.529818 ], [ 33.4563587, 44.5298791 ], [ 33.4558581, 44.5299308 ], [ 33.4555767, 44.5299518 ], [ 33.4552952, 44.5301673 ], [ 33.4552922, 44.5302638 ], [ 33.4551276, 44.5303204 ], [ 33.4548823, 44.5303661 ], [ 33.4543849, 44.530535 ], [ 33.4536581, 44.5307929 ], [ 33.4533576, 44.5309575 ], [ 33.4529421, 44.5310414 ], [ 33.4527519, 44.5311315 ], [ 33.4525079, 44.5311671 ], [ 33.452019, 44.5311931 ], [ 33.4514525, 44.5315281 ], [ 33.4512965, 44.5318043 ], [ 33.4510437, 44.53207 ], [ 33.4502461, 44.5325673 ], [ 33.4497546, 44.5328734 ], [ 33.4494307, 44.5330998 ], [ 33.4490509, 44.5333831 ], [ 33.4489384, 44.5335398 ], [ 33.4486684, 44.5335824 ], [ 33.4479372, 44.5338653 ], [ 33.4475859, 44.5340826 ], [ 33.4473531, 44.5341089 ], [ 33.4470008, 44.5343299 ], [ 33.4467538, 44.5344242 ], [ 33.4467025, 44.5345178 ], [ 33.4463275, 44.5347198 ], [ 33.4463922, 44.5347826 ], [ 33.4462363, 44.5348371 ], [ 33.4461775, 44.5348015 ], [ 33.4460247, 44.5348099 ], [ 33.4458688, 44.5348329 ], [ 33.4456924, 44.5348853 ], [ 33.4456601, 44.5349985 ], [ 33.4455896, 44.5351108 ], [ 33.4453989, 44.5351952 ], [ 33.4452483, 44.5353893 ], [ 33.4449956, 44.5355728 ], [ 33.4449234, 44.5356817 ], [ 33.4446163, 44.5359563 ], [ 33.4445017, 44.536013 ], [ 33.4443517, 44.5361156 ], [ 33.4442378, 44.5362311 ], [ 33.4441694, 44.5363943 ], [ 33.4440106, 44.5365012 ], [ 33.4436704, 44.536757 ], [ 33.4434886, 44.536846 ], [ 33.4433329, 44.5369403 ], [ 33.443255, 44.5369822 ], [ 33.4431756, 44.537044 ], [ 33.4430267, 44.5370925 ], [ 33.4427684, 44.5372012 ], [ 33.4426834, 44.537223 ], [ 33.4425742, 44.5372453 ], [ 33.442461, 44.5372496 ], [ 33.4423009, 44.5372793 ], [ 33.4420285, 44.5373697 ], [ 33.4419828, 44.5374038 ], [ 33.4419724, 44.5374616 ], [ 33.4419424, 44.5374854 ], [ 33.4419142, 44.5375416 ], [ 33.441829, 44.5376172 ], [ 33.4417458, 44.537675 ], [ 33.4416876, 44.5377342 ], [ 33.4415955, 44.537791 ], [ 33.441567, 44.5378483 ], [ 33.4414901, 44.5378987 ], [ 33.4414651, 44.5379595 ], [ 33.44133, 44.5380232 ], [ 33.4412052, 44.5380721 ], [ 33.4411491, 44.5380632 ], [ 33.4410204, 44.5380885 ], [ 33.4406314, 44.5381136 ], [ 33.44049, 44.5381077 ], [ 33.4403029, 44.538121 ], [ 33.4400763, 44.5381136 ], [ 33.4399557, 44.5381358 ], [ 33.4398497, 44.5381284 ], [ 33.4397014, 44.5381593 ], [ 33.4394541, 44.5382612 ], [ 33.4392228, 44.5383914 ], [ 33.439064, 44.5386792 ], [ 33.4390974, 44.5388708 ], [ 33.4387658, 44.5391972 ], [ 33.4385864, 44.5393737 ], [ 33.4383926, 44.5395424 ], [ 33.437899, 44.539815 ], [ 33.4376072, 44.5398895 ], [ 33.4374651, 44.5398986 ], [ 33.4371332, 44.5400106 ], [ 33.4364949, 44.5402062 ], [ 33.4363963, 44.5402212 ], [ 33.4364506, 44.5403549 ], [ 33.4364417, 44.5404601 ], [ 33.4363679, 44.5405272 ], [ 33.4362965, 44.5406478 ], [ 33.4360876, 44.5406988 ], [ 33.4360234, 44.5406908 ], [ 33.4358179, 44.5407212 ], [ 33.4356554, 44.5408383 ], [ 33.4351104, 44.540953 ], [ 33.4349581, 44.5410415 ], [ 33.4349237, 44.5412829 ], [ 33.4350074, 44.5414034 ], [ 33.4352225, 44.541455 ], [ 33.4353116, 44.5416383 ], [ 33.4352656, 44.5419286 ], [ 33.4353079, 44.5419705 ], [ 33.4353361, 44.5420278 ], [ 33.4353024, 44.5420977 ], [ 33.4352911, 44.5422117 ], [ 33.4351449, 44.5422781 ], [ 33.4349193, 44.5423805 ], [ 33.4346077, 44.5425007 ], [ 33.4345018, 44.5425725 ], [ 33.4342025, 44.5426063 ], [ 33.4341322, 44.5425924 ], [ 33.4340253, 44.5426052 ], [ 33.4339286, 44.5425764 ], [ 33.4337976, 44.5425803 ], [ 33.4336045, 44.5426013 ], [ 33.4334064, 44.5426719 ], [ 33.4333145, 44.5426728 ], [ 33.4331985, 44.542659 ], [ 33.4330342, 44.542689 ], [ 33.4329636, 44.5427248 ], [ 33.4330688, 44.5428151 ], [ 33.4329803, 44.542838 ], [ 33.4329093, 44.5428658 ], [ 33.4328332, 44.5428219 ], [ 33.4325726, 44.5428524 ], [ 33.432523, 44.5429069 ], [ 33.4325056, 44.5429518 ], [ 33.4321475, 44.5429967 ], [ 33.4319915, 44.5430287 ], [ 33.4312382, 44.5429872 ], [ 33.4310281, 44.5430493 ], [ 33.4308129, 44.5431346 ], [ 33.4304604, 44.543035 ], [ 33.4299696, 44.5429891 ], [ 33.4299289, 44.5430295 ], [ 33.429822, 44.5430674 ], [ 33.4297616, 44.5430942 ], [ 33.4297187, 44.5430951 ], [ 33.4296356, 44.5431362 ], [ 33.429594, 44.5431793 ], [ 33.4298139, 44.5432079 ], [ 33.4298153, 44.5432471 ], [ 33.4298756, 44.5433312 ], [ 33.4297831, 44.5433723 ], [ 33.4296611, 44.5434039 ], [ 33.4296034, 44.5433542 ], [ 33.4294304, 44.5433924 ], [ 33.4293833, 44.5433751 ], [ 33.4292708, 44.5433819 ], [ 33.4290321, 44.5434631 ], [ 33.4288685, 44.5434976 ], [ 33.4287893, 44.5435042 ], [ 33.4287263, 44.543532 ], [ 33.4287129, 44.5435893 ], [ 33.428775, 44.5436737 ], [ 33.4287974, 44.5437671 ], [ 33.4286981, 44.5438512 ], [ 33.428615, 44.5438436 ], [ 33.4284782, 44.5438646 ], [ 33.42832, 44.5439334 ], [ 33.4282127, 44.543943 ], [ 33.4281483, 44.5439678 ], [ 33.4281924, 44.5441019 ], [ 33.4284594, 44.5442297 ], [ 33.4286066, 44.5443389 ], [ 33.4284601, 44.5445358 ], [ 33.4285638, 44.5446211 ], [ 33.4286478, 44.5448772 ], [ 33.4285976, 44.5450686 ], [ 33.4285333, 44.5451489 ], [ 33.4285104, 44.5452021 ], [ 33.428469, 44.5452292 ], [ 33.4284226, 44.5452322 ], [ 33.4284071, 44.5452488 ], [ 33.4284064, 44.545276 ], [ 33.4285286, 44.5453064 ], [ 33.428528, 44.5453984 ], [ 33.4284943, 44.5454954 ], [ 33.4285413, 44.5455331 ], [ 33.4285533, 44.545618 ], [ 33.4283528, 44.5458515 ], [ 33.4281734, 44.5460878 ], [ 33.427835, 44.5460997 ], [ 33.4276791, 44.546116 ], [ 33.4275966, 44.5460947 ], [ 33.4274824, 44.5461636 ], [ 33.4274371, 44.5461814 ], [ 33.4273097, 44.5462011 ], [ 33.427236, 44.5462143 ], [ 33.4271791, 44.5462519 ], [ 33.4270831, 44.54626 ], [ 33.4270395, 44.5463092 ], [ 33.4269833, 44.5463457 ], [ 33.4269099, 44.5463597 ], [ 33.4268594, 44.546351 ], [ 33.4268207, 44.5463594 ], [ 33.4267528, 44.5463495 ], [ 33.4266609, 44.5463637 ], [ 33.4266496, 44.5464003 ], [ 33.4265955, 44.5464513 ], [ 33.4266838, 44.5465055 ], [ 33.4267666, 44.5464982 ], [ 33.4268192, 44.5465111 ], [ 33.4267955, 44.5466039 ], [ 33.4266321, 44.5466795 ], [ 33.4265079, 44.5466924 ], [ 33.4263883, 44.5466707 ], [ 33.4262963, 44.5466794 ], [ 33.426083, 44.546603 ], [ 33.4256539, 44.5465256 ], [ 33.4254594, 44.5465045 ], [ 33.4251644, 44.5464558 ], [ 33.4250665, 44.5465122 ], [ 33.4249739, 44.5464921 ], [ 33.4248184, 44.546538 ], [ 33.4247639, 44.546597 ], [ 33.4246847, 44.5465982 ], [ 33.4246172, 44.5466403 ], [ 33.4245837, 44.54671 ], [ 33.4248345, 44.5467635 ], [ 33.4251084, 44.5468073 ], [ 33.4253202, 44.5468397 ], [ 33.425573, 44.546918 ], [ 33.4254822, 44.5470952 ], [ 33.4253722, 44.5472204 ], [ 33.425336, 44.5472032 ], [ 33.4253092, 44.5472405 ], [ 33.4253709, 44.5472749 ], [ 33.4253843, 44.5473265 ], [ 33.4253068, 44.5474445 ], [ 33.4251161, 44.5476276 ], [ 33.4250097, 44.5476727 ], [ 33.4248157, 44.5476276 ], [ 33.424695, 44.5476429 ], [ 33.4245166, 44.5476916 ], [ 33.4243642, 44.5476786 ], [ 33.4242117, 44.5476577 ], [ 33.4239265, 44.5476696 ], [ 33.4236476, 44.5477843 ], [ 33.4235175, 44.5477977 ], [ 33.423429, 44.5477986 ], [ 33.4233955, 44.5478359 ], [ 33.4234343, 44.5478761 ], [ 33.4235041, 44.5479143 ], [ 33.4233995, 44.5479888 ], [ 33.4232399, 44.5480223 ], [ 33.4229784, 44.5480299 ], [ 33.4228577, 44.548114 ], [ 33.4227745, 44.5481121 ], [ 33.4227222, 44.5480663 ], [ 33.4223183, 44.5481088 ], [ 33.4220329, 44.5481045 ], [ 33.421685, 44.5483248 ], [ 33.4213382, 44.5484275 ], [ 33.4211987, 44.54859 ], [ 33.4207535, 44.5486454 ], [ 33.4205859, 44.5485714 ], [ 33.4203805, 44.5486077 ], [ 33.4199991, 44.5486559 ], [ 33.4196477, 44.5487668 ], [ 33.4195807, 44.5487381 ], [ 33.4194318, 44.5487152 ], [ 33.4192749, 44.5486932 ], [ 33.418912, 44.5488096 ], [ 33.4187331, 44.5488423 ], [ 33.4185024, 44.5489379 ], [ 33.4184247, 44.5490086 ], [ 33.4183174, 44.5490812 ], [ 33.4182882, 44.5491469 ], [ 33.4180156, 44.5491797 ], [ 33.4178346, 44.5491653 ], [ 33.4177622, 44.5491271 ], [ 33.417671, 44.5490956 ], [ 33.4175704, 44.5490908 ], [ 33.4175503, 44.5491366 ], [ 33.4176185, 44.549213 ], [ 33.4175892, 44.5493182 ], [ 33.417465, 44.5493985 ], [ 33.4174296, 44.5493259 ], [ 33.4173263, 44.5493402 ], [ 33.4173022, 44.5493832 ], [ 33.4173799, 44.5494348 ], [ 33.4172592, 44.5494511 ], [ 33.417042, 44.5493651 ], [ 33.416936, 44.5493737 ], [ 33.4167818, 44.5493412 ], [ 33.4166303, 44.5493316 ], [ 33.4165257, 44.5493431 ], [ 33.4166169, 44.5494616 ], [ 33.4165471, 44.5494788 ], [ 33.4164412, 44.5493995 ], [ 33.4163097, 44.5494215 ], [ 33.4161354, 44.5493871 ], [ 33.4160724, 44.5494234 ], [ 33.4161448, 44.5495027 ], [ 33.4163151, 44.549583 ], [ 33.4165324, 44.5495495 ], [ 33.4166289, 44.5495753 ], [ 33.4167295, 44.5496642 ], [ 33.4166115, 44.5496671 ], [ 33.4164793, 44.549708 ], [ 33.4163996, 44.5497368 ], [ 33.4161355, 44.5497158 ], [ 33.4160858, 44.5497732 ], [ 33.4161998, 44.5498687 ], [ 33.4163111, 44.5499872 ], [ 33.4161931, 44.5499987 ], [ 33.4158497, 44.5500159 ], [ 33.415689, 44.5500539 ], [ 33.4156727, 44.5500952 ], [ 33.4159383, 44.5502539 ], [ 33.4158846, 44.5503552 ], [ 33.4157264, 44.5503963 ], [ 33.4156325, 44.5504393 ], [ 33.4157464, 44.5505136 ], [ 33.4156285, 44.5505731 ], [ 33.4155118, 44.5506381 ], [ 33.4153863, 44.5507619 ], [ 33.415198, 44.5507384 ], [ 33.4151631, 44.5506979 ], [ 33.4150223, 44.5506926 ], [ 33.4148913, 44.5507373 ], [ 33.4147889, 44.5508197 ], [ 33.4148426, 44.5509152 ], [ 33.4150646, 44.5509473 ], [ 33.4153146, 44.5509477 ], [ 33.4155467, 44.5509649 ], [ 33.4157103, 44.5510261 ], [ 33.4158028, 44.5511284 ], [ 33.4157316, 44.5511699 ], [ 33.4157009, 44.5513004 ], [ 33.4156124, 44.5513635 ], [ 33.415544, 44.5513319 ], [ 33.4154715, 44.5512736 ], [ 33.4153978, 44.5512794 ], [ 33.4152892, 44.5513788 ], [ 33.4154179, 44.5514418 ], [ 33.4153683, 44.5515345 ], [ 33.415151, 44.5515384 ], [ 33.4150598, 44.5515995 ], [ 33.4149204, 44.551653 ], [ 33.414746, 44.5516473 ], [ 33.4147085, 44.5517085 ], [ 33.4149847, 44.551804 ], [ 33.4153602, 44.551806 ], [ 33.4154765, 44.5518645 ], [ 33.4154005, 44.5520296 ], [ 33.4154862, 44.5521472 ], [ 33.4155936, 44.5523526 ], [ 33.4154328, 44.5525097 ], [ 33.4151169, 44.5527463 ], [ 33.4146165, 44.5531148 ], [ 33.4139352, 44.5533648 ], [ 33.4135955, 44.5535024 ], [ 33.4135364, 44.5534562 ], [ 33.4135202, 44.5533866 ], [ 33.4134755, 44.553352 ], [ 33.4134128, 44.5533162 ], [ 33.4133267, 44.5533159 ], [ 33.4132743, 44.5533378 ], [ 33.4132567, 44.5534231 ], [ 33.4132786, 44.5535168 ], [ 33.413139, 44.5535647 ], [ 33.4129706, 44.5536283 ], [ 33.4127615, 44.5537411 ], [ 33.4126442, 44.5537549 ], [ 33.4125474, 44.5537286 ], [ 33.4124143, 44.5537455 ], [ 33.4122767, 44.5537946 ], [ 33.4121058, 44.553802 ], [ 33.4119907, 44.5537458 ], [ 33.4118948, 44.5537154 ], [ 33.41174, 44.5537269 ], [ 33.4116894, 44.5537703 ], [ 33.4116025, 44.5537727 ], [ 33.4113248, 44.5537465 ], [ 33.411325, 44.5537144 ], [ 33.4114045, 44.5536728 ], [ 33.4114165, 44.5536484 ], [ 33.4113671, 44.5536197 ], [ 33.4112913, 44.5536045 ], [ 33.4111073, 44.553674 ], [ 33.4108625, 44.553785 ], [ 33.4108344, 44.5537528 ], [ 33.4109951, 44.5536562 ], [ 33.4109915, 44.5535929 ], [ 33.4108864, 44.5535387 ], [ 33.4108299, 44.5534743 ], [ 33.4108203, 44.553452 ], [ 33.4107848, 44.5534407 ], [ 33.410672, 44.5534165 ], [ 33.4104545, 44.5534516 ], [ 33.4103016, 44.5535147 ], [ 33.4104052, 44.553624 ], [ 33.410653, 44.5537785 ], [ 33.4106415, 44.5538637 ], [ 33.4106784, 44.553962 ], [ 33.4106435, 44.5540804 ], [ 33.4101058, 44.5540671 ], [ 33.4100575, 44.5541292 ], [ 33.4099534, 44.5541624 ], [ 33.4098788, 44.5541568 ], [ 33.4098236, 44.5542044 ], [ 33.4097984, 44.5542696 ], [ 33.4097332, 44.5542864 ], [ 33.4097069, 44.5543594 ], [ 33.4095725, 44.5544331 ], [ 33.4095691, 44.554526 ], [ 33.4095869, 44.5545531 ], [ 33.4095498, 44.5545761 ], [ 33.4095408, 44.5546072 ], [ 33.4095658, 44.5546205 ], [ 33.4097289, 44.5546375 ], [ 33.4097464, 44.5546896 ], [ 33.4097716, 44.5547643 ], [ 33.409748, 44.5548462 ], [ 33.4097301, 44.5549339 ], [ 33.4096337, 44.5549807 ], [ 33.4095321, 44.5550273 ], [ 33.4095162, 44.5550789 ], [ 33.4096136, 44.5551366 ], [ 33.4096372, 44.5552669 ], [ 33.4094809, 44.5554516 ], [ 33.409319, 44.5556207 ], [ 33.4091946, 44.5556887 ], [ 33.4091174, 44.5556907 ], [ 33.4090544, 44.5556668 ], [ 33.4089401, 44.5556105 ], [ 33.4088777, 44.5556394 ], [ 33.4088188, 44.5556482 ], [ 33.4087796, 44.5556245 ], [ 33.4087705, 44.5555932 ], [ 33.4087202, 44.5555763 ], [ 33.4086922, 44.5555678 ], [ 33.4086483, 44.555592 ], [ 33.4085803, 44.5555899 ], [ 33.4084591, 44.555621 ], [ 33.4084195, 44.5556047 ], [ 33.4083924, 44.5555796 ], [ 33.4083409, 44.5555643 ], [ 33.4082788, 44.555553 ], [ 33.4080452, 44.5556616 ], [ 33.4079625, 44.5557084 ], [ 33.4079411, 44.5557726 ], [ 33.4079866, 44.5558143 ], [ 33.4079871, 44.5558362 ], [ 33.4079651, 44.5558699 ], [ 33.407975, 44.5558749 ], [ 33.4080221, 44.5558706 ], [ 33.4081417, 44.5558689 ], [ 33.4082226, 44.5558545 ], [ 33.4082568, 44.5558541 ], [ 33.4082874, 44.5558688 ], [ 33.4083657, 44.5558762 ], [ 33.4084698, 44.5560284 ], [ 33.4084111, 44.5562401 ], [ 33.4083691, 44.556407 ], [ 33.4082542, 44.556506 ], [ 33.4081303, 44.5565599 ], [ 33.4080188, 44.5565574 ], [ 33.4079144, 44.5565551 ], [ 33.4077468, 44.5566248 ], [ 33.4075134, 44.5566764 ], [ 33.4075161, 44.5566984 ], [ 33.4077963, 44.5567348 ], [ 33.4078017, 44.5568213 ], [ 33.4077275, 44.5568627 ], [ 33.4076886, 44.5569533 ], [ 33.4075853, 44.5570209 ], [ 33.4075094, 44.5570028 ], [ 33.4074083, 44.5570056 ], [ 33.4073737, 44.5570341 ], [ 33.4073161, 44.5570172 ], [ 33.4072531, 44.5570145 ], [ 33.4072379, 44.5569727 ], [ 33.407174, 44.5569971 ], [ 33.4071341, 44.5570043 ], [ 33.4070871, 44.5569648 ], [ 33.4069019, 44.5569306 ], [ 33.4066337, 44.5569211 ], [ 33.4065291, 44.5571514 ], [ 33.4065331, 44.5572326 ], [ 33.4063722, 44.5573301 ], [ 33.4064285, 44.557419 ], [ 33.4063628, 44.5574514 ], [ 33.4062179, 44.5573693 ], [ 33.4059364, 44.5572596 ], [ 33.4056721, 44.5572374 ], [ 33.405546, 44.5573473 ], [ 33.4058196, 44.5573932 ], [ 33.4059508, 44.5574813 ], [ 33.4058531, 44.5575174 ], [ 33.4056265, 44.5574734 ], [ 33.405487, 44.5574381 ], [ 33.4052993, 44.55744 ], [ 33.4050807, 44.5574266 ], [ 33.4050069, 44.5574706 ], [ 33.4050525, 44.5575585 ], [ 33.4055004, 44.5576072 ], [ 33.4051678, 44.5576894 ], [ 33.4046676, 44.557784 ], [ 33.4044396, 44.55787 ], [ 33.4043565, 44.5579684 ], [ 33.4045164, 44.5579687 ], [ 33.404547, 44.5580203 ], [ 33.4046126, 44.5580946 ], [ 33.4045764, 44.5581653 ], [ 33.4044799, 44.5582819 ], [ 33.4043927, 44.5582436 ], [ 33.4043176, 44.5582627 ], [ 33.4042519, 44.5583077 ], [ 33.4041553, 44.5583679 ], [ 33.4039731, 44.5584026 ], [ 33.4038576, 44.5583487 ], [ 33.4037718, 44.5584195 ], [ 33.4037047, 44.5585456 ], [ 33.4036189, 44.5586373 ], [ 33.4034766, 44.5587088 ], [ 33.4035455, 44.558802 ], [ 33.4033179, 44.5589899 ], [ 33.4031138, 44.5590181 ], [ 33.402954, 44.5589613 ], [ 33.4027753, 44.5589401 ], [ 33.4027157, 44.5588913 ], [ 33.4025936, 44.5589189 ], [ 33.4026144, 44.5589847 ], [ 33.4023541, 44.5589787 ], [ 33.4021437, 44.5589146 ], [ 33.4020037, 44.5590462 ], [ 33.4020329, 44.5591942 ], [ 33.4017952, 44.5592606 ], [ 33.4016641, 44.5592288 ], [ 33.4015926, 44.5593243 ], [ 33.4010175, 44.55945 ], [ 33.4008628, 44.5594495 ], [ 33.4007049, 44.5593943 ], [ 33.4007012, 44.5596097 ], [ 33.4009492, 44.5596618 ], [ 33.4008189, 44.5598258 ], [ 33.4008268, 44.5601197 ], [ 33.4010115, 44.5604646 ], [ 33.4012265, 44.5606414 ], [ 33.4014416, 44.5606789 ], [ 33.4015635, 44.5607006 ], [ 33.401819, 44.5608355 ], [ 33.4019673, 44.5609292 ], [ 33.4020474, 44.5610463 ], [ 33.4021288, 44.5613088 ], [ 33.401995, 44.561628 ], [ 33.4017581, 44.5617768 ], [ 33.4016749, 44.5618074 ], [ 33.4015797, 44.5617959 ], [ 33.4015381, 44.5618609 ], [ 33.4015475, 44.5619096 ], [ 33.4015549, 44.5619462 ], [ 33.401282, 44.5624 ], [ 33.4011503, 44.5625588 ], [ 33.4010222, 44.5626646 ], [ 33.4010329, 44.5627551 ], [ 33.4007406, 44.5630418 ], [ 33.4002674, 44.5632552 ], [ 33.400152, 44.563647 ], [ 33.4001434, 44.5640452 ], [ 33.4001032, 44.5644943 ], [ 33.4000849, 44.5646145 ], [ 33.4000659, 44.5647207 ], [ 33.3998948, 44.5649882 ], [ 33.3998397, 44.5651056 ], [ 33.3995522, 44.565192 ], [ 33.3993602, 44.5652084 ], [ 33.3989869, 44.565386 ], [ 33.3983003, 44.565666 ], [ 33.3978984, 44.5658192 ], [ 33.3977796, 44.5658499 ], [ 33.3977455, 44.565895 ], [ 33.3976737, 44.5659323 ], [ 33.3975475, 44.5659703 ], [ 33.3973459, 44.5660784 ], [ 33.3972748, 44.5660804 ], [ 33.3971366, 44.5661243 ], [ 33.3969822, 44.5661469 ], [ 33.3968362, 44.5662074 ], [ 33.3966987, 44.5662299 ], [ 33.3966082, 44.5662848 ], [ 33.3965586, 44.5663326 ], [ 33.3965573, 44.5663672 ], [ 33.3965103, 44.5663823 ], [ 33.3964352, 44.566366 ], [ 33.3963966, 44.5663825 ], [ 33.3963159, 44.5664845 ], [ 33.396159, 44.5665428 ], [ 33.3958384, 44.5666297 ], [ 33.3955313, 44.5668122 ], [ 33.3953838, 44.5668686 ], [ 33.3950607, 44.5670245 ], [ 33.3950378, 44.5671008 ], [ 33.3949292, 44.5671524 ], [ 33.3947492, 44.5671907 ], [ 33.3944349, 44.5675331 ], [ 33.3940798, 44.5677456 ], [ 33.3940424, 44.5678776 ], [ 33.3939448, 44.5680418 ], [ 33.3934969, 44.5682875 ], [ 33.3931263, 44.5686187 ], [ 33.3927147, 44.5689223 ], [ 33.3925219, 44.5690556 ], [ 33.392373, 44.5692142 ], [ 33.3923092, 44.5692735 ], [ 33.3920671, 44.5696132 ], [ 33.3920632, 44.5696957 ], [ 33.3920297, 44.5698113 ], [ 33.3919077, 44.5699145 ], [ 33.3918197, 44.5700033 ], [ 33.3917162, 44.570139 ], [ 33.3916998, 44.5702268 ], [ 33.3916555, 44.5703043 ], [ 33.3915591, 44.570394 ], [ 33.3915375, 44.5705011 ], [ 33.3915923, 44.5705966 ], [ 33.3915356, 44.5707895 ], [ 33.3915522, 44.5709263 ], [ 33.3915926, 44.5710233 ], [ 33.3915777, 44.5711527 ], [ 33.3915388, 44.571211 ], [ 33.3914771, 44.571211 ], [ 33.3914248, 44.5712387 ], [ 33.3913894, 44.5713089 ], [ 33.3912854, 44.5713839 ], [ 33.3912763, 44.5714507 ], [ 33.3911915, 44.5715348 ], [ 33.3911097, 44.5716036 ], [ 33.3911043, 44.5716695 ], [ 33.3910588, 44.5716858 ], [ 33.3910225, 44.571725 ], [ 33.3909514, 44.5717192 ], [ 33.3909018, 44.571768 ], [ 33.3908616, 44.5717832 ], [ 33.3909086, 44.5718033 ], [ 33.3909515, 44.5718319 ], [ 33.3909558, 44.5718765 ], [ 33.3910078, 44.5718969 ], [ 33.3910794, 44.5719622 ], [ 33.3911084, 44.5720383 ], [ 33.3910829, 44.5721596 ], [ 33.3907651, 44.5723774 ], [ 33.3907127, 44.5723651 ], [ 33.3906604, 44.5724233 ], [ 33.3906605, 44.5724988 ], [ 33.3905878, 44.5725463 ], [ 33.3903211, 44.5727405 ], [ 33.3901286, 44.572818 ], [ 33.3898834, 44.5729598 ], [ 33.3896683, 44.5731606 ], [ 33.3893256, 44.5734515 ], [ 33.3891125, 44.5736518 ], [ 33.3888883, 44.5739304 ], [ 33.3887971, 44.5741081 ], [ 33.3887247, 44.574217 ], [ 33.3886679, 44.5743269 ], [ 33.3885176, 44.5744927 ], [ 33.3883505, 44.5746412 ], [ 33.3882378, 44.5747023 ], [ 33.3881963, 44.5748026 ], [ 33.3881467, 44.5748781 ], [ 33.3881377, 44.5749631 ], [ 33.3880736, 44.5750085 ], [ 33.3880851, 44.5750601 ], [ 33.387979, 44.5752278 ], [ 33.3879166, 44.5752786 ], [ 33.3878167, 44.5754062 ], [ 33.3875242, 44.5756599 ], [ 33.3872234, 44.5757738 ], [ 33.3869169, 44.5759299 ], [ 33.3867908, 44.5760579 ], [ 33.3865534, 44.576199 ], [ 33.3863427, 44.5763769 ], [ 33.3860923, 44.5767016 ], [ 33.3854926, 44.5771049 ], [ 33.3851801, 44.5773475 ], [ 33.3849065, 44.5774947 ], [ 33.3846762, 44.5777378 ], [ 33.3844828, 44.5778472 ], [ 33.3843192, 44.5780142 ], [ 33.3838337, 44.5783601 ], [ 33.3835618, 44.5785478 ], [ 33.3831895, 44.5788547 ], [ 33.3829764, 44.5790366 ], [ 33.3826598, 44.5793635 ], [ 33.3825489, 44.5795112 ], [ 33.3824778, 44.5796478 ], [ 33.3824443, 44.5797729 ], [ 33.3823918, 44.5800406 ], [ 33.382356, 44.5801663 ], [ 33.3822807, 44.5804263 ], [ 33.3822136, 44.5808008 ], [ 33.3821172, 44.5810138 ], [ 33.3818529, 44.5813806 ], [ 33.3817174, 44.5814847 ], [ 33.3815457, 44.5816096 ], [ 33.3809804, 44.581966 ], [ 33.3805059, 44.5820963 ], [ 33.3797094, 44.5823771 ], [ 33.3792505, 44.5825692 ], [ 33.378985, 44.582746 ], [ 33.3788085, 44.5829643 ], [ 33.3787879, 44.5830981 ], [ 33.3787053, 44.583141 ], [ 33.378661, 44.5831725 ], [ 33.3786315, 44.5832088 ], [ 33.3786155, 44.5832465 ], [ 33.378606, 44.583289 ], [ 33.3786047, 44.5833301 ], [ 33.3786114, 44.5833731 ], [ 33.3786235, 44.5834075 ], [ 33.3786455, 44.583447 ], [ 33.3786744, 44.5834849 ], [ 33.3786866, 44.5835406 ], [ 33.3786835, 44.5837184 ], [ 33.3787018, 44.5838406 ], [ 33.3788187, 44.5840082 ], [ 33.378994, 44.584156 ], [ 33.380073, 44.58441 ], [ 33.382093, 44.5843926 ], [ 33.3825945, 44.5846497 ], [ 33.382918, 44.5848919 ], [ 33.38349, 44.585553 ], [ 33.3838337, 44.5860167 ], [ 33.384393, 44.586191 ], [ 33.38583, 44.586443 ], [ 33.386907, 44.586439 ], [ 33.388158, 44.5864297 ], [ 33.3893966, 44.5866154 ], [ 33.3900741, 44.5868473 ], [ 33.3906122, 44.5869695 ], [ 33.3911154, 44.5870207 ], [ 33.3926115, 44.5869702 ], [ 33.3929409, 44.5865947 ], [ 33.3932016, 44.5863846 ], [ 33.3937305, 44.5864285 ], [ 33.3941012, 44.5866914 ], [ 33.3946259, 44.586861 ], [ 33.394989, 44.587053 ], [ 33.3958259, 44.5878906 ], [ 33.396115, 44.5885339 ], [ 33.3961397, 44.5888782 ], [ 33.3963017, 44.5891311 ], [ 33.3966842, 44.5892457 ], [ 33.3969408, 44.5894729 ], [ 33.3970963, 44.5897174 ], [ 33.3971553, 44.589944 ], [ 33.3973967, 44.5903986 ], [ 33.3977079, 44.5906698 ], [ 33.3985072, 44.5910824 ], [ 33.3991724, 44.591257 ], [ 33.3995693, 44.5912531 ], [ 33.4005778, 44.591048 ], [ 33.4012752, 44.5908788 ], [ 33.402516, 44.5908772 ], [ 33.4026768, 44.5906084 ], [ 33.402188, 44.589594 ], [ 33.4019, 44.5893855 ], [ 33.4016881, 44.5887406 ], [ 33.401639, 44.588056 ], [ 33.4015856, 44.5877635 ], [ 33.401552, 44.5875793 ], [ 33.401452, 44.587031 ], [ 33.401091, 44.586776 ], [ 33.4008444, 44.5864911 ], [ 33.4006898, 44.5863124 ], [ 33.4007107, 44.5858535 ], [ 33.4008609, 44.5855919 ], [ 33.4008712, 44.585574 ], [ 33.4009298, 44.5854721 ], [ 33.4009382, 44.5854574 ], [ 33.4011372, 44.5851108 ], [ 33.4011855, 44.5844896 ], [ 33.401245, 44.5840319 ], [ 33.4014544, 44.583749 ], [ 33.4016554, 44.5834775 ], [ 33.4019762, 44.5831802 ], [ 33.4020235, 44.5829598 ], [ 33.4021469, 44.5827669 ], [ 33.4021846, 44.5827666 ], [ 33.4021844, 44.5827535 ], [ 33.4021631, 44.5827437 ], [ 33.4022783, 44.5826274 ], [ 33.4025601, 44.5826482 ], [ 33.4026701, 44.5826883 ], [ 33.4033405, 44.5825911 ], [ 33.403405, 44.5825164 ], [ 33.4038394, 44.5824842 ], [ 33.4039413, 44.582467 ], [ 33.4040218, 44.5824421 ], [ 33.4041022, 44.5824077 ], [ 33.4040995, 44.5823944 ], [ 33.4040192, 44.5823654 ], [ 33.4039332, 44.5823447 ], [ 33.4038152, 44.5823466 ], [ 33.4032815, 44.5823772 ], [ 33.4031795, 44.5823925 ], [ 33.4030697, 44.5824266 ], [ 33.4023051, 44.5824498 ], [ 33.4021181, 44.5821892 ], [ 33.4020735, 44.5820633 ], [ 33.4020503, 44.5819245 ], [ 33.4020664, 44.5818978 ], [ 33.4020289, 44.5818825 ], [ 33.4020396, 44.581701 ], [ 33.4020798, 44.5816781 ], [ 33.4021281, 44.5816647 ], [ 33.4020959, 44.5815252 ], [ 33.4020745, 44.5813705 ], [ 33.4021013, 44.5813667 ], [ 33.4022012, 44.5807983 ], [ 33.4022624, 44.5806204 ], [ 33.4023372, 44.5805108 ], [ 33.4024628, 44.5803744 ], [ 33.4026157, 44.5802402 ], [ 33.4029301, 44.5799816 ], [ 33.4030144, 44.5799041 ], [ 33.4030633, 44.5798555 ], [ 33.4030883, 44.5798154 ], [ 33.4031063, 44.5797224 ], [ 33.403102, 44.5796323 ], [ 33.4030776, 44.5794543 ], [ 33.4031192, 44.5792881 ], [ 33.4030828, 44.5792002 ], [ 33.4030651, 44.5791653 ], [ 33.4030555, 44.5790979 ], [ 33.4031258, 44.5789595 ], [ 33.4031387, 44.5787729 ], [ 33.4030936, 44.5782373 ], [ 33.402997, 44.57818 ], [ 33.4029273, 44.5781151 ], [ 33.4028765, 44.5780272 ], [ 33.4028657, 44.5779393 ], [ 33.4028228, 44.5778036 ], [ 33.4027405, 44.5776776 ], [ 33.4025948, 44.5774636 ], [ 33.4024983, 44.5772591 ], [ 33.4024232, 44.5771636 ], [ 33.402273, 44.5769439 ], [ 33.4022516, 44.5768996 ], [ 33.4022113, 44.5768426 ], [ 33.4021737, 44.5768102 ], [ 33.4021683, 44.5767777 ], [ 33.4022542, 44.5766554 ], [ 33.4023723, 44.5766474 ], [ 33.4023722, 44.5766287 ], [ 33.402273, 44.5766229 ], [ 33.4022944, 44.5765159 ], [ 33.4023561, 44.5764949 ], [ 33.4023481, 44.5764414 ], [ 33.4021871, 44.5764357 ], [ 33.4020289, 44.5762828 ], [ 33.4019913, 44.5760841 ], [ 33.4020181, 44.5756848 ], [ 33.4019886, 44.5754345 ], [ 33.4020128, 44.5752951 ], [ 33.4020809, 44.5751457 ], [ 33.4020959, 44.575125 ], [ 33.4020611, 44.5750696 ], [ 33.4020181, 44.5749512 ], [ 33.4020316, 44.5748843 ], [ 33.4020316, 44.5748117 ], [ 33.4020773, 44.5748132 ], [ 33.4020772, 44.5747792 ], [ 33.4020423, 44.5747677 ], [ 33.4020369, 44.5746607 ], [ 33.4019967, 44.5746015 ], [ 33.4019878, 44.5745001 ], [ 33.4020637, 44.5745232 ], [ 33.4020773, 44.5745094 ], [ 33.4020101, 44.574485 ], [ 33.4020745, 44.5743818 ], [ 33.4020262, 44.5743894 ], [ 33.40223, 44.5743493 ], [ 33.4022113, 44.5743073 ], [ 33.4020047, 44.5743397 ], [ 33.4019484, 44.5742538 ], [ 33.4019296, 44.5741926 ], [ 33.4019457, 44.5741429 ], [ 33.4019162, 44.5740818 ], [ 33.4019565, 44.5740226 ], [ 33.4019645, 44.5739825 ], [ 33.4019028, 44.5739347 ], [ 33.4019208, 44.5739017 ], [ 33.4018756, 44.5736551 ], [ 33.4020478, 44.5733601 ], [ 33.4023777, 44.5731033 ], [ 33.4021792, 44.5727502 ], [ 33.4021031, 44.5722427 ], [ 33.4016557, 44.5709687 ], [ 33.4016505, 44.5706876 ], [ 33.4017165, 44.5703345 ], [ 33.4015097, 44.5702556 ], [ 33.4017356, 44.5700613 ], [ 33.4018681, 44.5700171 ], [ 33.4022527, 44.569995 ], [ 33.402541, 44.5701087 ], [ 33.4029377, 44.5705187 ], [ 33.4031966, 44.5708814 ], [ 33.4035045, 44.5713056 ], [ 33.403679, 44.5715 ], [ 33.4038298, 44.5717601 ], [ 33.4042397, 44.572588 ], [ 33.4043486, 44.5727654 ], [ 33.404587, 44.573165 ], [ 33.404951, 44.573933 ], [ 33.4050765, 44.57427 ], [ 33.4053039, 44.5746074 ], [ 33.405678, 44.575214 ], [ 33.40604, 44.575725 ], [ 33.4063672, 44.5760002 ], [ 33.4068093, 44.5761994 ], [ 33.4068564, 44.5763164 ], [ 33.4070817, 44.5764763 ], [ 33.407186, 44.5766537 ], [ 33.40734, 44.5768325 ], [ 33.4076135, 44.5769716 ], [ 33.4080647, 44.5772916 ], [ 33.4081456, 44.5775963 ], [ 33.408265, 44.5776959 ], [ 33.4087834, 44.5775258 ], [ 33.4088697, 44.5770543 ], [ 33.4090715, 44.5766863 ], [ 33.4093032, 44.5764258 ], [ 33.410082, 44.5757269 ], [ 33.4101616, 44.5754555 ], [ 33.409984, 44.574942 ], [ 33.4099819, 44.5746674 ], [ 33.4099008, 44.5745254 ], [ 33.4097779, 44.5740237 ], [ 33.4096411, 44.5736578 ], [ 33.4095791, 44.5728363 ], [ 33.4094443, 44.5724485 ], [ 33.4095347, 44.5722952 ], [ 33.4094481, 44.5719699 ], [ 33.4096201, 44.571951 ], [ 33.4096111, 44.5710347 ], [ 33.409594, 44.5705922 ], [ 33.4097271, 44.5701839 ], [ 33.4099726, 44.5697695 ], [ 33.4100211, 44.5696878 ], [ 33.4102028, 44.5695635 ], [ 33.4104371, 44.5691871 ], [ 33.4104239, 44.5687591 ], [ 33.4103516, 44.5685833 ], [ 33.410296, 44.56827 ], [ 33.410288, 44.567243 ], [ 33.4103353, 44.5669564 ], [ 33.4106012, 44.5665633 ], [ 33.4107162, 44.5663366 ], [ 33.4107239, 44.56627 ], [ 33.4108025, 44.5659384 ], [ 33.4108721, 44.5657764 ], [ 33.4112633, 44.5657835 ], [ 33.4112783, 44.5655894 ], [ 33.4108043, 44.5655823 ], [ 33.4107868, 44.5652665 ], [ 33.410786, 44.5652516 ], [ 33.4105326, 44.5652331 ], [ 33.4105366, 44.5650638 ], [ 33.4105626, 44.5639588 ], [ 33.4107246, 44.5639034 ], [ 33.4110348, 44.5638747 ], [ 33.4109861, 44.5639886 ], [ 33.4109689, 44.5640819 ], [ 33.410989, 44.5641961 ], [ 33.4111286, 44.5643072 ], [ 33.4112835, 44.5643517 ], [ 33.4114202, 44.5643534 ], [ 33.4115612, 44.5642926 ], [ 33.4116341, 44.5642148 ], [ 33.4116211, 44.5641087 ], [ 33.4115992, 44.5640239 ], [ 33.4115045, 44.5638778 ], [ 33.4113631, 44.5638208 ], [ 33.4112777, 44.5638039 ], [ 33.4112129, 44.5638039 ], [ 33.4111264, 44.5638434 ], [ 33.4111135, 44.5638295 ], [ 33.4111848, 44.5637788 ], [ 33.4111724, 44.5632832 ], [ 33.411516, 44.563134 ], [ 33.4119165, 44.5631347 ], [ 33.412416, 44.563644 ], [ 33.4132426, 44.5653255 ], [ 33.4132022, 44.5664355 ], [ 33.4131968, 44.5668192 ], [ 33.4131921, 44.5671558 ], [ 33.4133411, 44.5671789 ], [ 33.4133138, 44.5672859 ], [ 33.4131542, 44.5673053 ], [ 33.413075, 44.5676553 ], [ 33.4131896, 44.5676915 ], [ 33.4131978, 44.5676942 ], [ 33.4130955, 44.567874 ], [ 33.4130136, 44.5680198 ], [ 33.4130715, 44.5683076 ], [ 33.4131978, 44.5683212 ], [ 33.4132388, 44.5684135 ], [ 33.4133616, 44.5684232 ], [ 33.4134776, 44.5685885 ], [ 33.413529, 44.568771 ], [ 33.4136208, 44.5688315 ], [ 33.4138528, 44.5692447 ], [ 33.4138121, 44.5693106 ], [ 33.4136891, 44.5693516 ], [ 33.4136004, 44.5693613 ], [ 33.4135935, 44.5694391 ], [ 33.41373, 44.5694926 ], [ 33.4137914, 44.5695266 ], [ 33.4138981, 44.5696599 ], [ 33.4138255, 44.5699446 ], [ 33.4136476, 44.5701068 ], [ 33.4133091, 44.5703369 ], [ 33.4126401, 44.5707657 ], [ 33.4128628, 44.5709946 ], [ 33.4127313, 44.5713614 ], [ 33.4128445, 44.5719129 ], [ 33.4120608, 44.5721662 ], [ 33.412932, 44.5723287 ], [ 33.4132184, 44.5725904 ], [ 33.4136299, 44.5733027 ], [ 33.4139351, 44.5737483 ], [ 33.414286, 44.574156 ], [ 33.415007, 44.574667 ], [ 33.4151791, 44.5754503 ], [ 33.415075, 44.5759264 ], [ 33.4149173, 44.5763922 ], [ 33.414663, 44.576721 ], [ 33.414306, 44.576979 ], [ 33.4140247, 44.576923 ], [ 33.4139882, 44.5771633 ], [ 33.4132817, 44.5776241 ], [ 33.4130022, 44.5779577 ], [ 33.4129282, 44.5783482 ], [ 33.4133938, 44.5785225 ], [ 33.4134786, 44.5789844 ], [ 33.4135199, 44.5793803 ], [ 33.4141153, 44.5799825 ], [ 33.414258, 44.5801624 ], [ 33.4142656, 44.5805552 ], [ 33.4144555, 44.580802 ], [ 33.4146668, 44.5809278 ], [ 33.4148637, 44.5811979 ], [ 33.4149678, 44.5815181 ], [ 33.4148921, 44.5823583 ], [ 33.4148433, 44.5828213 ], [ 33.41471, 44.583391 ], [ 33.414712, 44.583648 ], [ 33.4145268, 44.5841192 ], [ 33.414358, 44.584419 ], [ 33.4141035, 44.5847141 ], [ 33.413853, 44.5849957 ], [ 33.4137935, 44.5854885 ], [ 33.41401, 44.58596 ], [ 33.414191, 44.586087 ], [ 33.414371, 44.586215 ], [ 33.414552, 44.586342 ], [ 33.414732, 44.58647 ], [ 33.415095, 44.586982 ], [ 33.415457, 44.587494 ], [ 33.415795, 44.5877752 ], [ 33.4163057, 44.5878642 ], [ 33.4159463, 44.5913831 ], [ 33.4168631, 44.5927056 ], [ 33.4171238, 44.592596 ], [ 33.4162156, 44.591304 ], [ 33.4164001, 44.5893484 ], [ 33.4165605, 44.5877889 ], [ 33.4171198, 44.5874876 ], [ 33.4177648, 44.5873706 ], [ 33.4184509, 44.5872476 ], [ 33.4190147, 44.5870344 ], [ 33.4187648, 44.5865412 ], [ 33.4187975, 44.5855872 ], [ 33.4187277, 44.584841 ], [ 33.41854, 44.5843318 ], [ 33.4186526, 44.5839298 ], [ 33.4190206, 44.5834507 ], [ 33.4193382, 44.5830877 ], [ 33.4199283, 44.582758 ], [ 33.4206133, 44.5826484 ], [ 33.4214908, 44.5826865 ], [ 33.421551, 44.5818811 ], [ 33.421447, 44.5818093 ], [ 33.4215054, 44.5813692 ], [ 33.4218702, 44.5809657 ], [ 33.422493, 44.5805312 ], [ 33.4230305, 44.5802454 ], [ 33.4232955, 44.5799245 ], [ 33.4234842, 44.5797332 ], [ 33.4236053, 44.5794928 ], [ 33.4239951, 44.5791783 ], [ 33.4241068, 44.5792157 ], [ 33.4242163, 44.5792698 ], [ 33.4243348, 44.5792965 ], [ 33.424443, 44.5793414 ], [ 33.4244173, 44.5793699 ], [ 33.4245364, 44.5794236 ], [ 33.4250713, 44.5788301 ], [ 33.4249654, 44.5787753 ], [ 33.4249618, 44.5786981 ], [ 33.4250392, 44.5786728 ], [ 33.4252044, 44.5787478 ], [ 33.4253052, 44.5787416 ], [ 33.4253917, 44.5787059 ], [ 33.4254618, 44.5786598 ], [ 33.4254581, 44.578569 ], [ 33.4256231, 44.5782621 ], [ 33.4256732, 44.5780201 ], [ 33.42572, 44.5779474 ], [ 33.4258119, 44.5779535 ], [ 33.4261344, 44.5755765 ], [ 33.4260398, 44.5755672 ], [ 33.4260373, 44.5755479 ], [ 33.4260179, 44.575533 ], [ 33.4261846, 44.5751625 ], [ 33.4264751, 44.5741999 ], [ 33.4263051, 44.5740722 ], [ 33.4262786, 44.5738966 ], [ 33.4263021, 44.5737232 ], [ 33.4262506, 44.5734531 ], [ 33.4262738, 44.5732166 ], [ 33.4264355, 44.5731014 ], [ 33.426618, 44.573078 ], [ 33.4267309, 44.5730066 ], [ 33.4269527, 44.5730397 ], [ 33.4273125, 44.5730317 ], [ 33.4276314, 44.5732564 ], [ 33.4279029, 44.5734899 ], [ 33.4280316, 44.5736615 ], [ 33.4281756, 44.5738003 ], [ 33.4280833, 44.5739571 ], [ 33.4281365, 44.5739976 ], [ 33.4282862, 44.5740224 ], [ 33.4288745, 44.5741777 ], [ 33.4291441, 44.5742415 ], [ 33.4293332, 44.5742177 ], [ 33.4296315, 44.5740381 ], [ 33.4300825, 44.5737092 ], [ 33.4304992, 44.5736109 ], [ 33.4306983, 44.5736099 ], [ 33.4307679, 44.5737623 ], [ 33.4306968, 44.5738645 ], [ 33.430711, 44.5739141 ], [ 33.4308176, 44.5739242 ], [ 33.4310874, 44.5737927 ], [ 33.4314639, 44.5738382 ], [ 33.4320534, 44.5737478 ], [ 33.4324652, 44.5737725 ], [ 33.4328594, 44.5737042 ], [ 33.4333353, 44.5736687 ], [ 33.433733, 44.5737497 ], [ 33.4345035, 44.5736586 ], [ 33.435022, 44.5736991 ], [ 33.4353777, 44.5736654 ], [ 33.435544, 44.5736257 ], [ 33.4359059, 44.5733222 ], [ 33.435957, 44.5731544 ], [ 33.436137, 44.5731072 ], [ 33.4362577, 44.573006 ], [ 33.4361477, 44.5729023 ], [ 33.43586, 44.5729073 ], [ 33.4355752, 44.5728323 ], [ 33.4353522, 44.5727353 ], [ 33.4349497, 44.5726128 ], [ 33.4346101, 44.5726341 ], [ 33.4341292, 44.5725096 ], [ 33.4340234, 44.5724378 ], [ 33.4338821, 44.5723432 ], [ 33.4338892, 44.5722749 ], [ 33.4337813, 44.5721833 ], [ 33.4337365, 44.5720903 ], [ 33.4338502, 44.5719182 ], [ 33.4339389, 44.5718474 ], [ 33.4339993, 44.5717589 ], [ 33.4341335, 44.5717599 ], [ 33.4342699, 44.5718424 ], [ 33.4351294, 44.5711475 ], [ 33.4347503, 44.5709086 ], [ 33.4349667, 44.5707391 ], [ 33.4353453, 44.5709724 ], [ 33.4355116, 44.5708404 ], [ 33.4384824, 44.5727044 ], [ 33.4360086, 44.5747299 ], [ 33.4333062, 44.5750314 ], [ 33.433336, 44.575174 ], [ 33.434361, 44.5750606 ], [ 33.4344875, 44.5756993 ], [ 33.4336892, 44.5764766 ], [ 33.4328539, 44.5764656 ], [ 33.4328481, 44.5763129 ], [ 33.4303244, 44.5763597 ], [ 33.4304605, 44.5795688 ], [ 33.427987, 44.5813074 ], [ 33.4277836, 44.581283 ], [ 33.4262724, 44.5815305 ], [ 33.4250863, 44.5812566 ], [ 33.4250479, 44.5813575 ], [ 33.4260916, 44.5815928 ], [ 33.4260488, 44.5817205 ], [ 33.4272267, 44.5828897 ], [ 33.4269049, 44.5845159 ], [ 33.4266128, 44.5861291 ], [ 33.4268366, 44.5861503 ], [ 33.4268929, 44.5862379 ], [ 33.426985, 44.5862988 ], [ 33.4269061, 44.5865118 ], [ 33.4267943, 44.5873243 ], [ 33.4265839, 44.5881626 ], [ 33.4264721, 44.5889025 ], [ 33.4263175, 44.5895651 ], [ 33.4262376, 44.5900206 ], [ 33.4263808, 44.5901057 ], [ 33.4269095, 44.5901627 ], [ 33.4266388, 44.5914354 ], [ 33.4271641, 44.591818 ], [ 33.4270734, 44.592602 ], [ 33.4270468, 44.5928377 ], [ 33.427168, 44.593095 ], [ 33.426873, 44.5935552 ], [ 33.4259213, 44.5942926 ], [ 33.4251693, 44.5946377 ], [ 33.4242535, 44.5948736 ], [ 33.4236712, 44.5948658 ], [ 33.4232646, 44.5945791 ], [ 33.4229929, 44.5947357 ], [ 33.4204749, 44.592335 ], [ 33.4202216, 44.5924733 ], [ 33.4225267, 44.5946212 ], [ 33.4228593, 44.5949383 ], [ 33.4232466, 44.5953076 ], [ 33.4233243, 44.5957974 ], [ 33.4232417, 44.5962669 ], [ 33.4238543, 44.5971288 ], [ 33.424009, 44.597313 ], [ 33.4241359, 44.5974641 ], [ 33.4246384, 44.5979668 ], [ 33.4250756, 44.5982897 ], [ 33.4255255, 44.5985596 ], [ 33.425952, 44.598744 ], [ 33.4261458, 44.5987859 ], [ 33.426492, 44.59887 ], [ 33.4270999, 44.5988287 ], [ 33.4277448, 44.5987358 ], [ 33.4283124, 44.5986231 ], [ 33.4289516, 44.5983523 ], [ 33.4294081, 44.5977228 ], [ 33.429756, 44.5975275 ], [ 33.4299207, 44.5974162 ], [ 33.4300855, 44.5972415 ], [ 33.430259, 44.5968079 ], [ 33.430428, 44.5967199 ], [ 33.430597, 44.5966797 ], [ 33.430937, 44.5966632 ], [ 33.4315125, 44.5967677 ], [ 33.4317486, 44.5969697 ], [ 33.4317886, 44.5971568 ], [ 33.4317248, 44.5973322 ], [ 33.4313551, 44.5976213 ], [ 33.4313404, 44.5976851 ], [ 33.4313867, 44.5977108 ], [ 33.4314589, 44.5977108 ], [ 33.4316186, 44.5975641 ], [ 33.4318195, 44.5974393 ], [ 33.4320308, 44.5974467 ], [ 33.4322524, 44.5975716 ], [ 33.4323966, 44.5977071 ], [ 33.4324326, 44.5978319 ], [ 33.4323687, 44.5979566 ], [ 33.4318813, 44.5982354 ], [ 33.4318813, 44.5982831 ], [ 33.4319285, 44.5983096 ], [ 33.4322111, 44.5981841 ], [ 33.4324481, 44.5981364 ], [ 33.4326078, 44.5982061 ], [ 33.4327315, 44.5984115 ], [ 33.4327675, 44.598661 ], [ 33.4326875, 44.5988531 ], [ 33.4330664, 44.5991636 ], [ 33.4333858, 44.5995305 ], [ 33.4334991, 44.5996782 ], [ 33.4333858, 44.5997652 ], [ 33.4335896, 44.5999513 ], [ 33.4338807, 44.6005311 ], [ 33.4340762, 44.6012143 ], [ 33.4341347, 44.6018079 ], [ 33.4341174, 44.6022525 ], [ 33.4340235, 44.6026817 ], [ 33.4337833, 44.6033313 ], [ 33.4339422, 44.6036347 ], [ 33.4343401, 44.6038764 ], [ 33.4348399, 44.603903 ], [ 33.4352915, 44.6039537 ], [ 33.4355517, 44.6039512 ], [ 33.4359826, 44.6040587 ], [ 33.436228, 44.604221 ], [ 33.4371566, 44.6044173 ], [ 33.4374257, 44.6046289 ], [ 33.4381066, 44.6048023 ], [ 33.438239, 44.6050805 ], [ 33.4385252, 44.6052648 ], [ 33.4389462, 44.6053991 ], [ 33.4391882, 44.6053601 ], [ 33.4394956, 44.6052163 ], [ 33.4399341, 44.6048719 ], [ 33.4405578, 44.6046138 ], [ 33.4408248, 44.6042588 ], [ 33.4409321, 44.6036373 ], [ 33.4407263, 44.6029997 ], [ 33.4406067, 44.6028212 ], [ 33.4405266, 44.6025509 ], [ 33.4406014, 44.6022899 ], [ 33.4407605, 44.6020158 ], [ 33.4408407, 44.6017628 ], [ 33.4408696, 44.6016558 ], [ 33.4413132, 44.6015546 ], [ 33.4412935, 44.6014989 ], [ 33.4407948, 44.6016091 ], [ 33.4404962, 44.601045 ], [ 33.4401309, 44.6001997 ], [ 33.4400107, 44.6002122 ], [ 33.4400059, 44.6000617 ], [ 33.4400764, 44.6000445 ], [ 33.4397693, 44.5992647 ], [ 33.4397832, 44.599133 ], [ 33.4398909, 44.5990171 ], [ 33.4405026, 44.5987217 ], [ 33.4411886, 44.5985301 ], [ 33.4418036, 44.5983704 ], [ 33.442647, 44.598296 ], [ 33.443006, 44.598294 ], [ 33.4434719, 44.5981972 ], [ 33.4441004, 44.5987665 ], [ 33.4441712, 44.5987172 ], [ 33.444158, 44.5987042 ], [ 33.443653, 44.5982069 ], [ 33.4439832, 44.5977424 ], [ 33.444935, 44.5971868 ], [ 33.4449761, 44.5971628 ], [ 33.4453814, 44.5970702 ], [ 33.4454146, 44.5969325 ], [ 33.4460659, 44.5967758 ], [ 33.4464323, 44.5962953 ], [ 33.4467735, 44.596178 ], [ 33.4470076, 44.5959974 ], [ 33.4470106, 44.5958312 ], [ 33.4471777, 44.5955848 ], [ 33.447133, 44.595534 ], [ 33.4474189, 44.5949977 ], [ 33.4473733, 44.5949798 ], [ 33.4473939, 44.5949318 ], [ 33.4473827, 44.5949038 ], [ 33.4474322, 44.5948302 ], [ 33.4476057, 44.5947621 ], [ 33.4479284, 44.5947423 ], [ 33.4482371, 44.5948674 ], [ 33.4484887, 44.5950286 ], [ 33.4485829, 44.5953195 ], [ 33.4484849, 44.5959241 ], [ 33.4483423, 44.5959204 ], [ 33.4483378, 44.596071 ], [ 33.4483372, 44.5960928 ], [ 33.4483832, 44.5960937 ], [ 33.4483707, 44.5961663 ], [ 33.4484748, 44.5963353 ], [ 33.4486643, 44.5963323 ], [ 33.4486679, 44.5963805 ], [ 33.4487892, 44.5963797 ], [ 33.4487886, 44.5965099 ], [ 33.4488464, 44.596507 ], [ 33.4488521, 44.5967048 ], [ 33.4488578, 44.5969037 ], [ 33.4488634, 44.5971001 ], [ 33.4488685, 44.597278 ], [ 33.448742, 44.5972796 ], [ 33.4487393, 44.597388 ], [ 33.4485848, 44.5974247 ], [ 33.448586, 44.5974878 ], [ 33.4485869, 44.5975373 ], [ 33.4482337, 44.5978051 ], [ 33.4481728, 44.5979853 ], [ 33.4480842, 44.5979782 ], [ 33.4480506, 44.5980194 ], [ 33.447827, 44.5979627 ], [ 33.4477579, 44.5975179 ], [ 33.447741, 44.5974092 ], [ 33.4477093, 44.5972052 ], [ 33.4471919, 44.5972434 ], [ 33.4471331, 44.5975771 ], [ 33.4472127, 44.5980132 ], [ 33.4472279, 44.5980676 ], [ 33.4476061, 44.5981762 ], [ 33.4480665, 44.5982366 ], [ 33.4481498, 44.5983284 ], [ 33.4482572, 44.5984678 ], [ 33.4481518, 44.5985782 ], [ 33.4481762, 44.5985912 ], [ 33.4482248, 44.59854 ], [ 33.4482971, 44.5985746 ], [ 33.4483292, 44.5985241 ], [ 33.4486046, 44.5986641 ], [ 33.4489949, 44.59893 ], [ 33.4488369, 44.5990665 ], [ 33.4488588, 44.5990854 ], [ 33.4488183, 44.5991215 ], [ 33.4488902, 44.5991677 ], [ 33.448936, 44.5991267 ], [ 33.4490575, 44.599211 ], [ 33.449299, 44.599425 ], [ 33.4493199, 44.5997537 ], [ 33.449184, 44.5999088 ], [ 33.4492035, 44.6002627 ], [ 33.4494589, 44.6005002 ], [ 33.4492454, 44.6006089 ], [ 33.4494015, 44.6008585 ], [ 33.4496029, 44.6008045 ], [ 33.44967, 44.600963 ], [ 33.450035, 44.601731 ], [ 33.4500922, 44.6020288 ], [ 33.4500061, 44.60235 ], [ 33.4497065, 44.6024587 ], [ 33.4494229, 44.6026604 ], [ 33.4493138, 44.6028303 ], [ 33.4492815, 44.6031304 ], [ 33.4492786, 44.6031569 ], [ 33.4488481, 44.6035789 ], [ 33.4487055, 44.6035054 ], [ 33.4478876, 44.6044138 ], [ 33.4477517, 44.6043974 ], [ 33.4476041, 44.6047654 ], [ 33.4477444, 44.6048233 ], [ 33.447591, 44.6052233 ], [ 33.447549, 44.605333 ], [ 33.4473579, 44.606744 ], [ 33.4475738, 44.6069935 ], [ 33.4480094, 44.6072202 ], [ 33.448239, 44.6078076 ], [ 33.4486431, 44.608012 ], [ 33.448743, 44.6081482 ], [ 33.4489262, 44.6082368 ], [ 33.4500404, 44.6082559 ], [ 33.4501349, 44.6082856 ], [ 33.4502023, 44.608259 ], [ 33.4503423, 44.6082916 ], [ 33.4504367, 44.6083549 ], [ 33.4504337, 44.6084159 ], [ 33.450627, 44.608527 ], [ 33.4507622, 44.6085935 ], [ 33.4509185, 44.6087341 ], [ 33.451404, 44.6088254 ], [ 33.4514764, 44.6088933 ], [ 33.4517847, 44.608949 ], [ 33.4518679, 44.6088092 ], [ 33.4526103, 44.6088018 ], [ 33.4531729, 44.6088637 ], [ 33.4536567, 44.6089516 ], [ 33.4541003, 44.6089845 ], [ 33.4544239, 44.6089919 ], [ 33.4546404, 44.6089512 ], [ 33.4546908, 44.6088265 ], [ 33.4546996, 44.6087961 ], [ 33.4550193, 44.6087074 ], [ 33.4553439, 44.6087093 ], [ 33.4555052, 44.6087713 ], [ 33.4555857, 44.6087917 ], [ 33.4560144, 44.6089556 ], [ 33.4563679, 44.609146 ], [ 33.4563365, 44.6091328 ], [ 33.4564024, 44.6091636 ], [ 33.4571615, 44.6094697 ], [ 33.4572175, 44.6094998 ], [ 33.4578514, 44.6098758 ], [ 33.4570833, 44.610453 ], [ 33.4571256, 44.6104785 ], [ 33.4578992, 44.6098976 ], [ 33.458, 44.60991 ], [ 33.4581785, 44.6099386 ], [ 33.4584561, 44.6099516 ], [ 33.4587604, 44.6099308 ], [ 33.4589818, 44.6098448 ], [ 33.4592371, 44.60972 ], [ 33.4593522, 44.6095664 ], [ 33.459368, 44.6094373 ], [ 33.4593943, 44.609222 ], [ 33.4596564, 44.6090774 ], [ 33.4599672, 44.609057 ], [ 33.4603363, 44.6091299 ], [ 33.460724, 44.6092724 ], [ 33.4605805, 44.6094264 ], [ 33.4607327, 44.6095011 ], [ 33.4606109, 44.6095895 ], [ 33.4608353, 44.6097665 ], [ 33.4607974, 44.6098066 ], [ 33.4608396, 44.6098399 ], [ 33.4608995, 44.6098172 ], [ 33.4611026, 44.6099774 ], [ 33.4610249, 44.6100274 ], [ 33.4610772, 44.6100686 ], [ 33.4611549, 44.6100187 ], [ 33.4614279, 44.6103113 ], [ 33.4615563, 44.6102341 ], [ 33.4617811, 44.6102926 ], [ 33.462356, 44.6104826 ], [ 33.4625328, 44.6106234 ], [ 33.4627297, 44.6108815 ], [ 33.4629643, 44.6111089 ], [ 33.4630979, 44.6113023 ], [ 33.4631944, 44.6114292 ], [ 33.4635322, 44.611659 ], [ 33.4636267, 44.6116948 ], [ 33.4637763, 44.6116821 ], [ 33.4640132, 44.6115493 ], [ 33.4642335, 44.6114709 ], [ 33.4645151, 44.6114422 ], [ 33.4650328, 44.6118279 ], [ 33.4651347, 44.6117706 ], [ 33.4647115, 44.6114718 ], [ 33.4651076, 44.6112718 ], [ 33.4654143, 44.611165 ], [ 33.4657315, 44.6111419 ], [ 33.4661245, 44.6111756 ], [ 33.4665038, 44.6112029 ], [ 33.4668625, 44.6113393 ], [ 33.4669684, 44.6114058 ], [ 33.4671965, 44.6115632 ], [ 33.4672604, 44.6116122 ], [ 33.4668071, 44.6118948 ], [ 33.4668822, 44.6119482 ], [ 33.467462, 44.6116185 ], [ 33.4679234, 44.6117984 ], [ 33.4681923, 44.6120212 ], [ 33.4684046, 44.6120752 ], [ 33.4684502, 44.6120306 ], [ 33.4683797, 44.6118988 ], [ 33.468512, 44.6117544 ], [ 33.468634, 44.6115496 ], [ 33.4686068, 44.6114594 ], [ 33.4685579, 44.6113304 ], [ 33.4684237, 44.6111768 ], [ 33.4682819, 44.6110644 ], [ 33.4683307, 44.6110237 ], [ 33.4682832, 44.6108729 ], [ 33.4681713, 44.6104309 ], [ 33.4680946, 44.6101017 ], [ 33.4681092, 44.6099476 ], [ 33.4680069, 44.6097929 ], [ 33.4680617, 44.6095502 ], [ 33.4679897, 44.6094364 ], [ 33.4678805, 44.609166 ], [ 33.4679251, 44.6090201 ], [ 33.4678365, 44.6088245 ], [ 33.4678837, 44.6087255 ], [ 33.4680053, 44.6086117 ], [ 33.4682764, 44.608532 ], [ 33.468699, 44.6082863 ], [ 33.4687587, 44.6081899 ], [ 33.4686836, 44.6080944 ], [ 33.4687319, 44.6080734 ], [ 33.4685898, 44.6079207 ], [ 33.468748, 44.6078194 ], [ 33.4684959, 44.6076323 ], [ 33.4683108, 44.6077583 ], [ 33.4681328, 44.6076499 ], [ 33.4679829, 44.607617 ], [ 33.4678133, 44.6075445 ], [ 33.4674485, 44.6074853 ], [ 33.467076, 44.6074371 ], [ 33.4668745, 44.6073287 ], [ 33.4667635, 44.6072234 ], [ 33.4667143, 44.6071256 ], [ 33.4669313, 44.6070166 ], [ 33.4669011, 44.6069847 ], [ 33.4666778, 44.607095 ], [ 33.4664398, 44.6068709 ], [ 33.4665103, 44.6068379 ], [ 33.4664649, 44.6067808 ], [ 33.4663721, 44.6068287 ], [ 33.4661226, 44.6064392 ], [ 33.4661037, 44.6062672 ], [ 33.4661524, 44.6062029 ], [ 33.4660651, 44.6061853 ], [ 33.4660376, 44.6060894 ], [ 33.4660365, 44.6059121 ], [ 33.4660831, 44.6057966 ], [ 33.466179, 44.6056986 ], [ 33.4662744, 44.6056965 ], [ 33.4663114, 44.6060459 ], [ 33.4663741, 44.6060425 ], [ 33.4663453, 44.6057738 ], [ 33.4664137, 44.6057665 ], [ 33.4663807, 44.605392 ], [ 33.4662526, 44.6053935 ], [ 33.4662559, 44.6054323 ], [ 33.4661064, 44.6054468 ], [ 33.4659705, 44.6054117 ], [ 33.4658847, 44.6052707 ], [ 33.4658588, 44.6051252 ], [ 33.4659005, 44.6049844 ], [ 33.4662008, 44.6045368 ], [ 33.4662558, 44.6044413 ], [ 33.4662377, 44.6043723 ], [ 33.4662783, 44.6042886 ], [ 33.4663986, 44.604185 ], [ 33.4664629, 44.6040798 ], [ 33.4664346, 44.6039604 ], [ 33.466451, 44.6036239 ], [ 33.4665347, 44.6034268 ], [ 33.4666698, 44.6033706 ], [ 33.4667284, 44.6033136 ], [ 33.466727, 44.6032474 ], [ 33.4667516, 44.6032495 ], [ 33.4667689, 44.6029821 ], [ 33.4666379, 44.6029772 ], [ 33.4665109, 44.6025104 ], [ 33.4664743, 44.6023442 ], [ 33.4665327, 44.6021499 ], [ 33.4668524, 44.6020384 ], [ 33.4667397, 44.6018601 ], [ 33.4663625, 44.6019838 ], [ 33.4662642, 44.60194 ], [ 33.4662248, 44.6017274 ], [ 33.4661339, 44.6015347 ], [ 33.4659524, 44.6014189 ], [ 33.4658458, 44.6012997 ], [ 33.4658028, 44.6011908 ], [ 33.4658638, 44.6011023 ], [ 33.4662213, 44.6008228 ], [ 33.4664592, 44.6007588 ], [ 33.4667568, 44.6007613 ], [ 33.4669892, 44.6007983 ], [ 33.4671754, 44.6007968 ], [ 33.4674549, 44.6007261 ], [ 33.4675638, 44.6006615 ], [ 33.4677187, 44.6005467 ], [ 33.4678489, 44.6003951 ], [ 33.467916, 44.6000843 ], [ 33.4678492, 44.5997041 ], [ 33.4677411, 44.5994891 ], [ 33.4676713, 44.599432 ], [ 33.4676041, 44.5994308 ], [ 33.4674783, 44.5993336 ], [ 33.4673976, 44.5992006 ], [ 33.4673255, 44.5989808 ], [ 33.4673556, 44.5988142 ], [ 33.467448, 44.5987658 ], [ 33.467413, 44.5986286 ], [ 33.4674588, 44.5985081 ], [ 33.4676943, 44.5984163 ], [ 33.4675494, 44.5981246 ], [ 33.4675765, 44.5979459 ], [ 33.4674653, 44.5978939 ], [ 33.467477, 44.5977478 ], [ 33.4675874, 44.5973162 ], [ 33.4677974, 44.5969363 ], [ 33.4679189, 44.5963494 ], [ 33.4679661, 44.5961748 ], [ 33.468134, 44.5960368 ], [ 33.4682644, 44.5952697 ], [ 33.4683589, 44.5946568 ], [ 33.4683963, 44.5944786 ], [ 33.4685452, 44.5942689 ], [ 33.4687367, 44.5940611 ], [ 33.4690078, 44.5939171 ], [ 33.469269, 44.593848 ], [ 33.4700318, 44.5938577 ], [ 33.4701846, 44.5937842 ], [ 33.4702957, 44.5936369 ], [ 33.4705453, 44.5934888 ], [ 33.4708438, 44.593263 ], [ 33.4709274, 44.5931661 ], [ 33.4710457, 44.5931058 ], [ 33.4711339, 44.5929995 ], [ 33.4711448, 44.5929174 ], [ 33.471231, 44.5928418 ], [ 33.4712591, 44.5925941 ], [ 33.4714369, 44.5925618 ], [ 33.47158, 44.5925811 ], [ 33.471813, 44.5922798 ], [ 33.4719374, 44.5923447 ], [ 33.4718878, 44.5925149 ], [ 33.4717918, 44.5928812 ], [ 33.4709624, 44.5941468 ], [ 33.4709181, 44.5942458 ], [ 33.4705963, 44.5949654 ], [ 33.4703362, 44.5959251 ], [ 33.4701146, 44.596743 ], [ 33.4703825, 44.5973954 ], [ 33.4705983, 44.5984184 ], [ 33.4704132, 44.5984375 ], [ 33.4704615, 44.5986724 ], [ 33.4706293, 44.5986671 ], [ 33.470971, 44.6004922 ], [ 33.4710643, 44.6004766 ], [ 33.4708857, 44.6008227 ], [ 33.4708577, 44.6008549 ], [ 33.4712411, 44.6011994 ], [ 33.4708467, 44.6015294 ], [ 33.4709312, 44.6015803 ], [ 33.4713599, 44.6012374 ], [ 33.4716727, 44.601321 ], [ 33.4716429, 44.6013465 ], [ 33.4717079, 44.6013789 ], [ 33.4717578, 44.6013449 ], [ 33.4718381, 44.6014289 ], [ 33.4735166, 44.6015922 ], [ 33.4740089, 44.601651 ], [ 33.4741231, 44.6016072 ], [ 33.4743599, 44.60164 ], [ 33.4745954, 44.6017328 ], [ 33.4746027, 44.6018345 ], [ 33.4746244, 44.6018731 ], [ 33.4745675, 44.6018672 ], [ 33.474548, 44.6019212 ], [ 33.4745842, 44.6019295 ], [ 33.4746166, 44.6019689 ], [ 33.4744695, 44.6022832 ], [ 33.4744266, 44.6022804 ], [ 33.4744166, 44.6023054 ], [ 33.4728169, 44.6021203 ], [ 33.4728016, 44.6022003 ], [ 33.4743659, 44.6023725 ], [ 33.4741619, 44.6028427 ], [ 33.4741189, 44.6029027 ], [ 33.474027, 44.6029027 ], [ 33.4740329, 44.6028419 ], [ 33.4726587, 44.6027465 ], [ 33.4726417, 44.6027987 ], [ 33.4724663, 44.6027914 ], [ 33.4724572, 44.6028053 ], [ 33.471044, 44.6049653 ], [ 33.4707336, 44.6049321 ], [ 33.4707288, 44.6050112 ], [ 33.4723368, 44.6051878 ], [ 33.4726576, 44.6053463 ], [ 33.4730854, 44.605619 ], [ 33.47325, 44.6057784 ], [ 33.4733251, 44.6060038 ], [ 33.4734002, 44.6063723 ], [ 33.4733573, 44.6064124 ], [ 33.4734297, 44.6066588 ], [ 33.4735156, 44.6067791 ], [ 33.4735934, 44.606823 ], [ 33.4736899, 44.6070674 ], [ 33.4737758, 44.6071285 ], [ 33.4737918, 44.6071858 ], [ 33.4737087, 44.6072985 ], [ 33.4736497, 44.607413 ], [ 33.4736551, 44.6075276 ], [ 33.4737838, 44.6076536 ], [ 33.4737462, 44.607751 ], [ 33.4737758, 44.6079382 ], [ 33.4739099, 44.6079935 ], [ 33.4740037, 44.6080661 ], [ 33.4740279, 44.6082322 ], [ 33.4741137, 44.608301 ], [ 33.4741432, 44.6083926 ], [ 33.4742639, 44.6085569 ], [ 33.474339, 44.6087994 ], [ 33.4743551, 44.6088853 ], [ 33.4743384, 44.6089725 ], [ 33.47424, 44.6089689 ], [ 33.4742382, 44.6090044 ], [ 33.4743216, 44.6090072 ], [ 33.4741661, 44.6095189 ], [ 33.4738764, 44.6100325 ], [ 33.4737423, 44.6102521 ], [ 33.4736913, 44.6106053 ], [ 33.4738469, 44.6112202 ], [ 33.4739488, 44.6114531 ], [ 33.4739703, 44.6116517 ], [ 33.4739864, 44.6117663 ], [ 33.4740588, 44.611961 ], [ 33.4741929, 44.6120374 ], [ 33.4744021, 44.6121004 ], [ 33.4746462, 44.6121692 ], [ 33.4746677, 44.6121321 ], [ 33.4747494, 44.6121499 ], [ 33.4748269, 44.6121791 ], [ 33.4748962, 44.6121799 ], [ 33.4750023, 44.6121646 ], [ 33.4751622, 44.6122011 ], [ 33.4752064, 44.6121924 ], [ 33.4752221, 44.6121736 ], [ 33.4752535, 44.6121489 ], [ 33.475299, 44.6121477 ], [ 33.4753385, 44.6121173 ], [ 33.4753569, 44.6121261 ], [ 33.4754524, 44.6121122 ], [ 33.475529, 44.6121475 ], [ 33.475618, 44.612147 ], [ 33.475748, 44.6120872 ], [ 33.4758429, 44.6119716 ], [ 33.4759318, 44.6118386 ], [ 33.4761401, 44.6117186 ], [ 33.476333, 44.6115616 ], [ 33.4765554, 44.6114532 ], [ 33.4768644, 44.6111706 ], [ 33.4772938, 44.610863 ], [ 33.477632, 44.6107432 ], [ 33.4780346, 44.6107093 ], [ 33.4787714, 44.6107545 ], [ 33.4794208, 44.6108246 ], [ 33.4801847, 44.6109195 ], [ 33.4804663, 44.6108408 ], [ 33.4805387, 44.6106904 ], [ 33.4805559, 44.6103925 ], [ 33.4806521, 44.6100358 ], [ 33.4806521, 44.6098278 ], [ 33.4806555, 44.6096927 ], [ 33.4806775, 44.6095808 ], [ 33.4807232, 44.6094234 ], [ 33.4807557, 44.609413 ], [ 33.4807883, 44.6092255 ], [ 33.480764, 44.6091311 ], [ 33.4806986, 44.6089544 ], [ 33.4807225, 44.6088894 ], [ 33.480757, 44.6088341 ], [ 33.4807386, 44.6087975 ], [ 33.4807195, 44.6087595 ], [ 33.4805326, 44.6087131 ], [ 33.4804624, 44.6085998 ], [ 33.4805099, 44.608504 ], [ 33.4806095, 44.6083607 ], [ 33.4807353, 44.6082648 ], [ 33.4808411, 44.6082035 ], [ 33.4808954, 44.6081719 ], [ 33.4809696, 44.6081332 ], [ 33.4810882, 44.6080895 ], [ 33.4811651, 44.6080698 ], [ 33.4812156, 44.6080397 ], [ 33.4817839, 44.6079353 ], [ 33.4818253, 44.6080315 ], [ 33.4820392, 44.6079946 ], [ 33.4820526, 44.6080083 ], [ 33.4820701, 44.6080632 ], [ 33.4824798, 44.6082363 ], [ 33.4824379, 44.6083513 ], [ 33.4827929, 44.6084812 ], [ 33.4830986, 44.6086278 ], [ 33.4832726, 44.6085229 ], [ 33.4837993, 44.6088665 ], [ 33.4841105, 44.6089868 ], [ 33.4843572, 44.6088073 ], [ 33.4843795, 44.6087939 ], [ 33.4845935, 44.6088501 ], [ 33.4847992, 44.6089201 ], [ 33.4849139, 44.608971 ], [ 33.4850179, 44.609028 ], [ 33.4851009, 44.6090832 ], [ 33.485177, 44.6091931 ], [ 33.4852259, 44.6092974 ], [ 33.484899, 44.6100263 ], [ 33.4849104, 44.6100775 ], [ 33.4849856, 44.6101386 ], [ 33.4851382, 44.6106907 ], [ 33.485414, 44.611162 ], [ 33.4856049, 44.6114288 ], [ 33.4857555, 44.6115956 ], [ 33.4859277, 44.6116603 ], [ 33.4861682, 44.6116516 ], [ 33.4863656, 44.6117761 ], [ 33.4865267, 44.6119731 ], [ 33.486535, 44.6120416 ], [ 33.4865757, 44.6120944 ], [ 33.4864937, 44.6122663 ], [ 33.4865637, 44.6123548 ], [ 33.4867981, 44.6124706 ], [ 33.4869009, 44.6124706 ], [ 33.487073, 44.6124553 ], [ 33.4871711, 44.612525 ], [ 33.4872643, 44.612588 ], [ 33.4872428, 44.6126442 ], [ 33.4873228, 44.6126875 ], [ 33.4877571, 44.6127292 ], [ 33.4882122, 44.6126874 ], [ 33.4884075, 44.6125654 ], [ 33.4885121, 44.6124191 ], [ 33.4887125, 44.6122866 ], [ 33.4890829, 44.6122187 ], [ 33.4905672, 44.6127231 ], [ 33.4909804, 44.6129023 ], [ 33.4912409, 44.6129249 ], [ 33.4916822, 44.6131648 ], [ 33.4918241, 44.6133694 ], [ 33.4921632, 44.6134483 ], [ 33.492529, 44.6134929 ], [ 33.4926732, 44.6135509 ], [ 33.4929549, 44.613606 ], [ 33.4934216, 44.6137637 ], [ 33.4937647, 44.6139361 ], [ 33.4940342, 44.614083 ], [ 33.4942556, 44.6142205 ], [ 33.4942845, 44.6143176 ], [ 33.4943993, 44.6144316 ], [ 33.4947794, 44.6145676 ], [ 33.4948827, 44.6145762 ], [ 33.4949642, 44.6145464 ], [ 33.4951277, 44.6144871 ], [ 33.495169, 44.6144467 ], [ 33.4951714, 44.6143776 ], [ 33.4955843, 44.6140035 ], [ 33.4960612, 44.6137761 ], [ 33.4962163, 44.6136923 ], [ 33.4963222, 44.6135961 ], [ 33.496461, 44.613341 ], [ 33.4968681, 44.612974 ], [ 33.4969646, 44.6129542 ], [ 33.4970796, 44.6129022 ], [ 33.4971598, 44.6127773 ], [ 33.4974844, 44.6125833 ], [ 33.4975922, 44.6123706 ], [ 33.497684, 44.6122042 ], [ 33.4973137, 44.611737 ], [ 33.4974254, 44.6115772 ], [ 33.4971381, 44.611487 ], [ 33.4970796, 44.6115733 ], [ 33.4969124, 44.6114439 ], [ 33.4967937, 44.6114262 ], [ 33.4968281, 44.6112118 ], [ 33.496466, 44.6111642 ], [ 33.4964518, 44.6112253 ], [ 33.4967078, 44.6112641 ], [ 33.4966908, 44.6113829 ], [ 33.4966262, 44.6113771 ], [ 33.4966114, 44.6114766 ], [ 33.4958627, 44.6113814 ], [ 33.4955725, 44.6112728 ], [ 33.4954703, 44.6111958 ], [ 33.4953918, 44.6109012 ], [ 33.495307, 44.6107103 ], [ 33.4953263, 44.610479 ], [ 33.4954298, 44.6101257 ], [ 33.4956352, 44.6098368 ], [ 33.4957094, 44.6098852 ], [ 33.4959531, 44.609917 ], [ 33.4960523, 44.6098534 ], [ 33.4961107, 44.6098639 ], [ 33.4963551, 44.6091638 ], [ 33.4964986, 44.6087612 ], [ 33.4968919, 44.6084402 ], [ 33.4969691, 44.6084745 ], [ 33.4970408, 44.6083914 ], [ 33.4968917, 44.6083242 ], [ 33.4975034, 44.6076528 ], [ 33.4974541, 44.6076302 ], [ 33.4973967, 44.6076864 ], [ 33.4972883, 44.6076214 ], [ 33.4975402, 44.6073991 ], [ 33.4976988, 44.6073051 ], [ 33.4991272, 44.6073553 ], [ 33.4992374, 44.6072978 ], [ 33.4992505, 44.6071942 ], [ 33.4992779, 44.6069377 ], [ 33.4991908, 44.6065733 ], [ 33.499219, 44.6065403 ], [ 33.4991845, 44.6061521 ], [ 33.4992136, 44.6058409 ], [ 33.4994231, 44.6056129 ], [ 33.499482, 44.605591 ], [ 33.4995043, 44.6054765 ], [ 33.4995139, 44.6053747 ], [ 33.4997385, 44.6051282 ], [ 33.4999233, 44.6048542 ], [ 33.4999906, 44.6046716 ], [ 33.4999745, 44.604496 ], [ 33.499893, 44.6043539 ], [ 33.4996199, 44.604203 ], [ 33.4995727, 44.6040903 ], [ 33.4996521, 44.6039574 ], [ 33.4998493, 44.6038807 ], [ 33.5002242, 44.6038814 ], [ 33.5005119, 44.6040373 ], [ 33.5005149, 44.6041144 ], [ 33.5008015, 44.6042727 ], [ 33.5011013, 44.6045255 ], [ 33.5010997, 44.6046465 ], [ 33.5010335, 44.6048441 ], [ 33.5009273, 44.6048695 ], [ 33.5008347, 44.6049306 ], [ 33.5008316, 44.6049946 ], [ 33.5008857, 44.605069 ], [ 33.5006649, 44.6053762 ], [ 33.5004899, 44.6055727 ], [ 33.5004166, 44.6057516 ], [ 33.5003862, 44.6057535 ], [ 33.5003797, 44.6058719 ], [ 33.5003459, 44.6058718 ], [ 33.5003842, 44.6065561 ], [ 33.501074, 44.6076169 ], [ 33.5010206, 44.6077328 ], [ 33.5008308, 44.6080085 ], [ 33.5006975, 44.6081508 ], [ 33.5005942, 44.6082752 ], [ 33.5004367, 44.6083358 ], [ 33.5003711, 44.6083909 ], [ 33.5002533, 44.6084163 ], [ 33.4986604, 44.6082102 ], [ 33.4986114, 44.6082901 ], [ 33.4986386, 44.608302 ], [ 33.498593, 44.6083949 ], [ 33.4985345, 44.6084142 ], [ 33.4984718, 44.608508 ], [ 33.498476, 44.6085392 ], [ 33.4983798, 44.6086672 ], [ 33.4983443, 44.6086642 ], [ 33.4983046, 44.6087178 ], [ 33.4982615, 44.6087654 ], [ 33.4981656, 44.6088922 ], [ 33.4981049, 44.6088669 ], [ 33.4975309, 44.6095919 ], [ 33.4975719, 44.6096094 ], [ 33.4975558, 44.6096746 ], [ 33.4976273, 44.6096918 ], [ 33.4977551, 44.6097074 ], [ 33.4978092, 44.6097117 ], [ 33.4979011, 44.6097595 ], [ 33.4980286, 44.6097654 ], [ 33.4983234, 44.609758 ], [ 33.4986056, 44.609752 ], [ 33.498708, 44.609752 ], [ 33.4988, 44.6097565 ], [ 33.4988982, 44.609761 ], [ 33.499124, 44.6097967 ], [ 33.4993225, 44.6098205 ], [ 33.4996912, 44.6098664 ], [ 33.4998765, 44.6099172 ], [ 33.5000646, 44.6099455 ], [ 33.5003175, 44.6099901 ], [ 33.5005719, 44.6100381 ], [ 33.5007001, 44.6100854 ], [ 33.5009655, 44.6103279 ], [ 33.501218, 44.6106503 ], [ 33.5016323, 44.6108487 ], [ 33.5019689, 44.6110571 ], [ 33.5020337, 44.6111166 ], [ 33.5020065, 44.6111955 ], [ 33.5020525, 44.611185 ], [ 33.5021649, 44.6112719 ], [ 33.5022364, 44.6113874 ], [ 33.5023138, 44.6115199 ], [ 33.5023848, 44.6116449 ], [ 33.502435, 44.611755 ], [ 33.5024852, 44.6118324 ], [ 33.5025141, 44.6120321 ], [ 33.5025542, 44.6121091 ], [ 33.502619, 44.6121791 ], [ 33.5026963, 44.6123636 ], [ 33.5026587, 44.6124737 ], [ 33.5026691, 44.6125362 ], [ 33.5027172, 44.6125421 ], [ 33.5027527, 44.6125942 ], [ 33.5027402, 44.6127401 ], [ 33.5027632, 44.6127817 ], [ 33.5027862, 44.6129246 ], [ 33.5026749, 44.6130766 ], [ 33.50269, 44.6131418 ], [ 33.5026231, 44.613368 ], [ 33.5025625, 44.6134692 ], [ 33.5025438, 44.6135428 ], [ 33.502458, 44.6139111 ], [ 33.5024078, 44.6140882 ], [ 33.5022421, 44.6143465 ], [ 33.5020678, 44.6146538 ], [ 33.5019856, 44.614795 ], [ 33.501925, 44.6148753 ], [ 33.5019185, 44.6151223 ], [ 33.5019647, 44.6152086 ], [ 33.5022956, 44.6153139 ], [ 33.5025343, 44.6155282 ], [ 33.5028891, 44.6155525 ], [ 33.5032365, 44.6153423 ], [ 33.5036784, 44.6155561 ], [ 33.5041861, 44.6160368 ], [ 33.5046421, 44.6163996 ], [ 33.5053222, 44.6167481 ], [ 33.5067127, 44.6194276 ], [ 33.5067342, 44.6195994 ], [ 33.5071848, 44.6204776 ], [ 33.5074188, 44.6207986 ], [ 33.5075866, 44.6209989 ], [ 33.5076646, 44.6210273 ], [ 33.5077451, 44.6210178 ], [ 33.5077817, 44.6209503 ], [ 33.5076986, 44.6207648 ], [ 33.5077366, 44.620677 ], [ 33.5074377, 44.6201301 ], [ 33.5072622, 44.6198734 ], [ 33.5070203, 44.6193872 ], [ 33.5058973, 44.6171137 ], [ 33.5058571, 44.6166478 ], [ 33.5059, 44.6164645 ], [ 33.5059966, 44.6163041 ], [ 33.506128, 44.6161972 ], [ 33.5062111, 44.6161858 ], [ 33.5063614, 44.6160903 ], [ 33.5063533, 44.6160387 ], [ 33.5062916, 44.6159853 ], [ 33.5063238, 44.6159643 ], [ 33.5063855, 44.6160101 ], [ 33.5068763, 44.615739 ], [ 33.5070292, 44.6157428 ], [ 33.5070346, 44.6157905 ], [ 33.5070912, 44.6158035 ], [ 33.5072156, 44.615832 ], [ 33.507276, 44.6158459 ], [ 33.5076515, 44.6159204 ], [ 33.5079363, 44.6159842 ], [ 33.508035, 44.6160063 ], [ 33.5080216, 44.616054 ], [ 33.5093252, 44.6165829 ], [ 33.5093815, 44.6165218 ], [ 33.5096712, 44.6166554 ], [ 33.5097248, 44.6166745 ], [ 33.5097839, 44.6167585 ], [ 33.5097624, 44.6168674 ], [ 33.5097973, 44.6169781 ], [ 33.5099716, 44.6171843 ], [ 33.509918, 44.6172187 ], [ 33.509977, 44.6172778 ], [ 33.5100682, 44.6172798 ], [ 33.5103471, 44.6174898 ], [ 33.5104598, 44.617505 ], [ 33.5106341, 44.617568 ], [ 33.5108406, 44.6177532 ], [ 33.5108522, 44.6177838 ], [ 33.5109372, 44.6178201 ], [ 33.5110364, 44.6178296 ], [ 33.5111357, 44.6178105 ], [ 33.5112296, 44.6177723 ], [ 33.5117097, 44.6178277 ], [ 33.5117419, 44.6177991 ], [ 33.5116212, 44.6177552 ], [ 33.5115388, 44.6176671 ], [ 33.5111115, 44.6161418 ], [ 33.5117124, 44.615991 ], [ 33.5116855, 44.6159356 ], [ 33.511823, 44.6159641 ], [ 33.5119859, 44.6159165 ], [ 33.5122907, 44.6159597 ], [ 33.5128147, 44.6162182 ], [ 33.5131473, 44.6163079 ], [ 33.5134496, 44.6164141 ], [ 33.5138072, 44.6163996 ], [ 33.514165, 44.616366 ], [ 33.5145528, 44.6162908 ], [ 33.5150034, 44.6161648 ], [ 33.5153065, 44.6162029 ], [ 33.5153977, 44.6162793 ], [ 33.5155023, 44.6164053 ], [ 33.5156498, 44.6164416 ], [ 33.5157303, 44.6164931 ], [ 33.5158805, 44.6165351 ], [ 33.5157912, 44.6166109 ], [ 33.5158242, 44.616623 ], [ 33.517879, 44.6173794 ], [ 33.5182401, 44.6172284 ], [ 33.5183106, 44.6164922 ], [ 33.5187153, 44.6162674 ], [ 33.5191268, 44.6160388 ], [ 33.519319, 44.615932 ], [ 33.5192388, 44.6158545 ], [ 33.5190965, 44.615717 ], [ 33.5191281, 44.6155516 ], [ 33.5194321, 44.6153934 ], [ 33.518525, 44.6142807 ], [ 33.5184082, 44.6139509 ], [ 33.5184392, 44.6139346 ], [ 33.5185804, 44.6138607 ], [ 33.5186393, 44.6138239 ], [ 33.5186982, 44.613787 ], [ 33.5188829, 44.6136853 ], [ 33.5190623, 44.6135862 ], [ 33.5193901, 44.6138045 ], [ 33.5194791, 44.6138065 ], [ 33.5201892, 44.6140183 ], [ 33.5210296, 44.6144661 ], [ 33.5211148, 44.6145135 ], [ 33.5211825, 44.6145469 ], [ 33.520868, 44.6148252 ], [ 33.5214409, 44.615147 ], [ 33.5215554, 44.6152113 ], [ 33.5213124, 44.6154095 ], [ 33.5213357, 44.6156546 ], [ 33.5213408, 44.6157081 ], [ 33.5212074, 44.6157318 ], [ 33.5212202, 44.6159642 ], [ 33.5213044, 44.6159946 ], [ 33.5214517, 44.6162604 ], [ 33.5216446, 44.6166119 ], [ 33.5215953, 44.6166586 ], [ 33.5217492, 44.6169098 ], [ 33.5218209, 44.6169194 ], [ 33.5221579, 44.617429 ], [ 33.5222656, 44.6175265 ], [ 33.5225526, 44.6177184 ], [ 33.5226299, 44.6176977 ], [ 33.5227207, 44.6177584 ], [ 33.5231827, 44.6177646 ], [ 33.5233411, 44.6178672 ], [ 33.5233734, 44.6179269 ], [ 33.5234009, 44.6180143 ], [ 33.5234197, 44.6180652 ], [ 33.5234375, 44.618091 ], [ 33.5234684, 44.618124 ], [ 33.5235142, 44.6181412 ], [ 33.5236285, 44.6181771 ], [ 33.5237248, 44.6181542 ], [ 33.5237693, 44.6181083 ], [ 33.5238672, 44.6180946 ], [ 33.5240245, 44.6180734 ], [ 33.5242041, 44.6181021 ], [ 33.524361, 44.6181294 ], [ 33.5244787, 44.6181665 ], [ 33.524552, 44.618218 ], [ 33.5246412, 44.6182505 ], [ 33.5247746, 44.618302 ], [ 33.5248844, 44.6183644 ], [ 33.524895, 44.6183945 ], [ 33.5249204, 44.6184238 ], [ 33.5250321, 44.6184605 ], [ 33.5251574, 44.6184944 ], [ 33.5252555, 44.6185169 ], [ 33.5254129, 44.6185261 ], [ 33.5254787, 44.6185334 ], [ 33.526197, 44.6186065 ], [ 33.5268097, 44.6187533 ], [ 33.5268763, 44.6187609 ], [ 33.5268783, 44.6188182 ], [ 33.5270996, 44.6188069 ], [ 33.5270911, 44.6187292 ], [ 33.5271788, 44.6186851 ], [ 33.5271777, 44.6186486 ], [ 33.527437, 44.6186448 ], [ 33.5274364, 44.6186223 ], [ 33.5271771, 44.6186262 ], [ 33.5271759, 44.61855 ], [ 33.5271288, 44.6185064 ], [ 33.5271044, 44.6182978 ], [ 33.5270774, 44.6181298 ], [ 33.5270394, 44.617887 ], [ 33.5270196, 44.617761 ], [ 33.5270129, 44.6177211 ], [ 33.5270198, 44.6176633 ], [ 33.5270266, 44.6176053 ], [ 33.5269829, 44.6173151 ], [ 33.5269131, 44.6173162 ], [ 33.5267869, 44.6166567 ], [ 33.5267552, 44.616659 ], [ 33.5267322, 44.6165606 ], [ 33.5269986, 44.616507 ], [ 33.5269559, 44.6147115 ], [ 33.5279741, 44.6138374 ], [ 33.5278608, 44.6137556 ], [ 33.5279588, 44.6136555 ], [ 33.5280965, 44.6137008 ], [ 33.5285456, 44.6129298 ], [ 33.5288791, 44.6115631 ], [ 33.5286525, 44.6115673 ], [ 33.5286317, 44.6114711 ], [ 33.5288803, 44.6114514 ], [ 33.5288728, 44.6113764 ], [ 33.5286342, 44.6113907 ], [ 33.528574, 44.611144 ], [ 33.5285087, 44.61111 ], [ 33.5284668, 44.610771 ], [ 33.5284491, 44.6106277 ], [ 33.5286109, 44.6106274 ], [ 33.5285788, 44.6098836 ], [ 33.5285738, 44.6097682 ], [ 33.5285626, 44.6095091 ], [ 33.5284324, 44.6095079 ], [ 33.5284308, 44.6094229 ], [ 33.5284133, 44.6094229 ], [ 33.5283945, 44.6089857 ], [ 33.5284321, 44.6089866 ], [ 33.5284215, 44.6085288 ], [ 33.5285778, 44.6085232 ], [ 33.528861, 44.6077371 ], [ 33.5294131, 44.6065377 ], [ 33.5293494, 44.6065125 ], [ 33.5297174, 44.6058826 ], [ 33.5300358, 44.6051552 ], [ 33.5299863, 44.6051502 ], [ 33.5299831, 44.6050787 ], [ 33.5299783, 44.6049731 ], [ 33.5299736, 44.6048672 ], [ 33.5299438, 44.6042027 ], [ 33.529873, 44.6042078 ], [ 33.5298164, 44.603855 ], [ 33.5297456, 44.6036585 ], [ 33.529689, 44.6035526 ], [ 33.529873, 44.6034922 ], [ 33.5295497, 44.6029166 ], [ 33.5291652, 44.6022524 ], [ 33.5290378, 44.6022776 ], [ 33.5287632, 44.6018746 ], [ 33.5274212, 44.600968 ], [ 33.5273674, 44.6009316 ], [ 33.527353, 44.6009148 ], [ 33.5267113, 44.6001652 ], [ 33.5268297, 44.6001523 ], [ 33.5267594, 44.5997366 ], [ 33.5266566, 44.5993503 ], [ 33.5270243, 44.5986025 ], [ 33.5276999, 44.5978384 ], [ 33.5275997, 44.5977824 ], [ 33.5279646, 44.5971593 ], [ 33.5290232, 44.597562 ], [ 33.5289954, 44.5981579 ], [ 33.5286072, 44.5985961 ], [ 33.5288409, 44.5989866 ], [ 33.5289755, 44.5989447 ], [ 33.5293481, 44.5995596 ], [ 33.5297558, 44.5998507 ], [ 33.5296658, 44.599912 ], [ 33.5305556, 44.6005483 ], [ 33.5306377, 44.6004954 ], [ 33.5310014, 44.600779 ], [ 33.5309899, 44.6008523 ], [ 33.5308561, 44.6017027 ], [ 33.5309236, 44.6017108 ], [ 33.5309706, 44.6017165 ], [ 33.5311224, 44.6008922 ], [ 33.5317506, 44.6012595 ], [ 33.5316339, 44.6013867 ], [ 33.53243, 44.6018935 ], [ 33.5330606, 44.6025911 ], [ 33.5332818, 44.6029307 ], [ 33.5333545, 44.603064 ], [ 33.5334126, 44.6031705 ], [ 33.533428, 44.6031988 ], [ 33.5337877, 44.6037475 ], [ 33.5338198, 44.6040041 ], [ 33.5337646, 44.6041095 ], [ 33.5337704, 44.6042583 ], [ 33.5339039, 44.6043905 ], [ 33.5338892, 44.6045039 ], [ 33.5338549, 44.6047467 ], [ 33.5338538, 44.6047662 ], [ 33.533851, 44.6048179 ], [ 33.5338291, 44.605215 ], [ 33.5337925, 44.6054245 ], [ 33.5337789, 44.6055047 ], [ 33.5337461, 44.6056979 ], [ 33.5337054, 44.6058539 ], [ 33.533695, 44.6060517 ], [ 33.5337406, 44.6061446 ], [ 33.533727, 44.6062132 ], [ 33.5336811, 44.6064368 ], [ 33.5332601, 44.6071622 ], [ 33.5331029, 44.6071261 ], [ 33.5330665, 44.6073121 ], [ 33.5329762, 44.6076797 ], [ 33.5329633, 44.6077348 ], [ 33.5327112, 44.6084421 ], [ 33.5325777, 44.6088512 ], [ 33.5325225, 44.6090899 ], [ 33.532952, 44.6091632 ], [ 33.5329064, 44.6092617 ], [ 33.5327326, 44.6096949 ], [ 33.5326998, 44.610101 ], [ 33.5327203, 44.6105539 ], [ 33.5327613, 44.6110126 ], [ 33.5327761, 44.6114035 ], [ 33.532827, 44.6119591 ], [ 33.5328352, 44.6124384 ], [ 33.5328886, 44.6129613 ], [ 33.5329214, 44.6133265 ], [ 33.5329216, 44.6137016 ], [ 33.533441, 44.61369 ], [ 33.5335052, 44.6134707 ], [ 33.5336576, 44.613475 ], [ 33.5338244, 44.612286 ], [ 33.5338574, 44.6122858 ], [ 33.5343207, 44.6122823 ], [ 33.5344234, 44.6122815 ], [ 33.5343829, 44.6125708 ], [ 33.5342338, 44.6126052 ], [ 33.5340829, 44.613527 ], [ 33.5346091, 44.613562 ], [ 33.5348119, 44.6135766 ], [ 33.5348863, 44.6135547 ], [ 33.5351046, 44.613562 ], [ 33.5352227, 44.6135277 ], [ 33.535274, 44.6134506 ], [ 33.5354741, 44.6134683 ], [ 33.5356368, 44.6130019 ], [ 33.5357836, 44.6124198 ], [ 33.5358764, 44.612175 ], [ 33.5359362, 44.6119953 ], [ 33.5361612, 44.6115393 ], [ 33.5366942, 44.6108189 ], [ 33.5374063, 44.6111418 ], [ 33.5370134, 44.6117274 ], [ 33.5370838, 44.6143177 ], [ 33.5367244, 44.6148661 ], [ 33.536583, 44.6149445 ], [ 33.5362534, 44.6152059 ], [ 33.5353954, 44.615408 ], [ 33.5334116, 44.6158814 ], [ 33.5325612, 44.6161527 ], [ 33.5326145, 44.6162414 ], [ 33.5325274, 44.616275 ], [ 33.5324892, 44.6163241 ], [ 33.5324366, 44.61635 ], [ 33.5323858, 44.6163422 ], [ 33.5323259, 44.6163319 ], [ 33.5322945, 44.616343 ], [ 33.532275, 44.61635 ], [ 33.5321806, 44.6164262 ], [ 33.5321135, 44.6163823 ], [ 33.5318623, 44.6165975 ], [ 33.5318466, 44.616611 ], [ 33.5319229, 44.6166717 ], [ 33.5319009, 44.6166998 ], [ 33.5318793, 44.6167143 ], [ 33.5318957, 44.6167647 ], [ 33.5319066, 44.616797 ], [ 33.5319392, 44.6168319 ], [ 33.5319864, 44.6169043 ], [ 33.5320282, 44.6169521 ], [ 33.5320717, 44.6169844 ], [ 33.5321171, 44.6170115 ], [ 33.5321625, 44.6170231 ], [ 33.5322369, 44.6170283 ], [ 33.5323059, 44.6170218 ], [ 33.5323731, 44.6170128 ], [ 33.5325714, 44.6169176 ], [ 33.5329049, 44.6168319 ], [ 33.5330193, 44.6168306 ], [ 33.5333515, 44.6168099 ], [ 33.5339032, 44.6167592 ], [ 33.5346257, 44.6166123 ], [ 33.5353173, 44.6165166 ], [ 33.5357665, 44.6164199 ], [ 33.5364827, 44.6164016 ], [ 33.5365662, 44.6164275 ], [ 33.5369089, 44.6164026 ], [ 33.5372087, 44.6163808 ], [ 33.53731, 44.6163495 ], [ 33.5376154, 44.6162957 ], [ 33.5384747, 44.6162904 ], [ 33.5394815, 44.6159894 ], [ 33.5399026, 44.616023 ], [ 33.5400315, 44.6160347 ], [ 33.5401331, 44.6160321 ], [ 33.5403231, 44.615995 ], [ 33.5403981, 44.6159804 ], [ 33.5405669, 44.6159431 ], [ 33.5411432, 44.6157977 ], [ 33.5413784, 44.6157439 ], [ 33.5415109, 44.6157504 ], [ 33.5416034, 44.6157659 ], [ 33.5417015, 44.6157866 ], [ 33.5417864, 44.6158313 ], [ 33.5418181, 44.6158395 ], [ 33.5419284, 44.615868 ], [ 33.5420945, 44.6158836 ], [ 33.5421685, 44.6159048 ], [ 33.5424269, 44.6159838 ], [ 33.5427214, 44.6160527 ], [ 33.5428794, 44.6160538 ], [ 33.5431412, 44.6161671 ], [ 33.5436413, 44.616245 ], [ 33.5441545, 44.6161266 ], [ 33.5445721, 44.615983 ], [ 33.544965, 44.6160158 ], [ 33.5449898, 44.6163584 ], [ 33.5451102, 44.6163552 ], [ 33.5450889, 44.616046 ], [ 33.5452111, 44.6160337 ], [ 33.5453508, 44.6162576 ], [ 33.5454039, 44.616245 ], [ 33.5452764, 44.6160409 ], [ 33.5458569, 44.6158747 ], [ 33.5459772, 44.6160863 ], [ 33.5460267, 44.6160762 ], [ 33.5460551, 44.6161316 ], [ 33.5460869, 44.6161115 ], [ 33.5459949, 44.6159452 ], [ 33.5459489, 44.6159301 ], [ 33.54591, 44.615857 ], [ 33.5460055, 44.6158369 ], [ 33.5460161, 44.615716 ], [ 33.5463134, 44.6156958 ], [ 33.5468372, 44.6158243 ], [ 33.5470956, 44.6158722 ], [ 33.5484122, 44.6160712 ], [ 33.5488042, 44.6161122 ], [ 33.5490389, 44.6160774 ], [ 33.5495918, 44.6161708 ], [ 33.5498519, 44.6162147 ], [ 33.550282, 44.6163741 ], [ 33.5503937, 44.6165752 ], [ 33.5506136, 44.6169601 ], [ 33.5509271, 44.617481 ], [ 33.5510073, 44.6176142 ], [ 33.5540108, 44.6173996 ], [ 33.5545178, 44.6166401 ], [ 33.5547442, 44.6167233 ], [ 33.5554453, 44.6159241 ], [ 33.5552591, 44.6158451 ], [ 33.5554696, 44.6156265 ], [ 33.5554714, 44.615452 ], [ 33.5557751, 44.6154343 ], [ 33.5559367, 44.6148488 ], [ 33.5558495, 44.6147777 ], [ 33.5554319, 44.6144375 ], [ 33.5549545, 44.6140837 ], [ 33.554952, 44.6138388 ], [ 33.5550205, 44.6134802 ], [ 33.555321, 44.613077 ], [ 33.5563389, 44.6122419 ], [ 33.5565441, 44.6121733 ], [ 33.5568314, 44.6119512 ], [ 33.5575229, 44.6113638 ], [ 33.5577715, 44.6113619 ], [ 33.5578979, 44.6115299 ], [ 33.5570943, 44.6125034 ], [ 33.5563615, 44.6135096 ], [ 33.5563703, 44.6139502 ], [ 33.556429, 44.6143958 ], [ 33.5565122, 44.6145838 ], [ 33.5565415, 44.614643 ], [ 33.5567816, 44.6150531 ], [ 33.5570396, 44.6154636 ], [ 33.5573379, 44.6159002 ], [ 33.557598, 44.615798 ], [ 33.5579414, 44.6161124 ], [ 33.5582407, 44.6161639 ], [ 33.5585373, 44.6161823 ], [ 33.558869, 44.6163093 ], [ 33.5592877, 44.6163457 ], [ 33.560251, 44.6162674 ], [ 33.560521, 44.6161941 ], [ 33.5608096, 44.6161627 ], [ 33.5612681, 44.6160536 ], [ 33.5613652, 44.6159633 ], [ 33.5615089, 44.6159023 ], [ 33.5616235, 44.6158536 ], [ 33.5618066, 44.6158116 ], [ 33.5618202, 44.6158558 ], [ 33.5618354, 44.615909 ], [ 33.5618521, 44.6159816 ], [ 33.5621243, 44.6159499 ], [ 33.5623538, 44.6159232 ], [ 33.5623371, 44.6158507 ], [ 33.5623262, 44.6158042 ], [ 33.563, 44.6157263 ], [ 33.5638886, 44.6152783 ], [ 33.5639388, 44.6152265 ], [ 33.5641923, 44.6150732 ], [ 33.5648137, 44.6146622 ], [ 33.5658431, 44.6146723 ], [ 33.5658511, 44.6146056 ], [ 33.565988, 44.6145688 ], [ 33.5668415, 44.614372 ], [ 33.5668771, 44.6144406 ], [ 33.5696099, 44.6137615 ], [ 33.5696673, 44.6136776 ], [ 33.5708379, 44.6134305 ], [ 33.5710781, 44.613532 ], [ 33.5711884, 44.6135329 ], [ 33.5724452, 44.613196 ], [ 33.5724627, 44.6130179 ], [ 33.5725003, 44.6128907 ], [ 33.5730598, 44.6126171 ], [ 33.5734611, 44.6124147 ], [ 33.574092, 44.612194 ], [ 33.5746948, 44.6120899 ], [ 33.57539, 44.6120971 ], [ 33.5766462, 44.6121531 ], [ 33.5775355, 44.6121862 ], [ 33.5775259, 44.6123209 ], [ 33.5778972, 44.6123516 ], [ 33.5779139, 44.6122424 ], [ 33.5779642, 44.6122561 ], [ 33.5779666, 44.6123004 ], [ 33.5782229, 44.6123328 ], [ 33.5787427, 44.612297 ], [ 33.5789056, 44.6122902 ], [ 33.5789317, 44.6122435 ], [ 33.5791514, 44.6122095 ], [ 33.5792025, 44.612292 ], [ 33.5793109, 44.6122703 ], [ 33.579294, 44.6121967 ], [ 33.579499, 44.6121545 ], [ 33.5795955, 44.6121799 ], [ 33.579692, 44.6121666 ], [ 33.5798106, 44.6121401 ], [ 33.5798543, 44.6120814 ], [ 33.5805931, 44.6119303 ], [ 33.5809861, 44.6119664 ], [ 33.5809861, 44.6118579 ], [ 33.5818023, 44.6116827 ], [ 33.5820193, 44.6116481 ], [ 33.5825816, 44.6118386 ], [ 33.5830586, 44.6117774 ], [ 33.5838215, 44.6116658 ], [ 33.5839493, 44.6116549 ], [ 33.584052, 44.6116323 ], [ 33.5842454, 44.6115818 ], [ 33.5843012, 44.611549 ], [ 33.5843453, 44.6115182 ], [ 33.5843776, 44.6114783 ], [ 33.5843923, 44.6114478 ], [ 33.5844032, 44.6113611 ], [ 33.5844112, 44.6112518 ], [ 33.5844049, 44.6112084 ], [ 33.5844153, 44.6111608 ], [ 33.584429, 44.6110522 ], [ 33.5844604, 44.6109388 ], [ 33.5846185, 44.6109321 ], [ 33.5847298, 44.6110489 ], [ 33.5848201, 44.6112839 ], [ 33.5847239, 44.6112994 ], [ 33.5847718, 44.6114213 ], [ 33.5850346, 44.6114087 ], [ 33.5858187, 44.611371 ], [ 33.5860547, 44.6113858 ], [ 33.5861138, 44.61137 ], [ 33.5866006, 44.6114853 ], [ 33.5870054, 44.6117295 ], [ 33.5869406, 44.611819 ], [ 33.5873515, 44.6117801 ], [ 33.5886079, 44.611547 ], [ 33.5887483, 44.6114369 ], [ 33.5889523, 44.6113885 ], [ 33.589184, 44.6113973 ], [ 33.5892831, 44.6113948 ], [ 33.5893394, 44.6113916 ], [ 33.5894869, 44.6113269 ], [ 33.5901173, 44.6112741 ], [ 33.5903336, 44.6112873 ], [ 33.5904696, 44.6113071 ], [ 33.5907599, 44.611279 ], [ 33.5911821, 44.611093 ], [ 33.5919758, 44.6109702 ], [ 33.5918779, 44.6107608 ], [ 33.5919594, 44.6105561 ], [ 33.5925747, 44.6104501 ], [ 33.5929529, 44.610385 ], [ 33.593142, 44.610377 ], [ 33.5932697, 44.6107894 ], [ 33.5946789, 44.6105475 ], [ 33.594588, 44.6101499 ], [ 33.5946949, 44.6098572 ], [ 33.5961049, 44.6091515 ], [ 33.5962648, 44.6090157 ], [ 33.5966248, 44.60871 ], [ 33.5966426, 44.6086091 ], [ 33.5971717, 44.6082326 ], [ 33.5972885, 44.6082782 ], [ 33.5976414, 44.6080697 ], [ 33.5980124, 44.6079633 ], [ 33.5983224, 44.6081777 ], [ 33.5986403, 44.6083976 ], [ 33.5989763, 44.6086569 ], [ 33.5989908, 44.6088799 ], [ 33.5986969, 44.6091264 ], [ 33.5985166, 44.6094833 ], [ 33.5987264, 44.6099998 ], [ 33.5987835, 44.6104167 ], [ 33.5989492, 44.6107025 ], [ 33.5990555, 44.610953 ], [ 33.599225, 44.6109719 ], [ 33.5993749, 44.610721 ], [ 33.5995372, 44.6105099 ], [ 33.6000393, 44.6103718 ], [ 33.6001251, 44.6100951 ], [ 33.6003735, 44.60974 ], [ 33.6006667, 44.6095169 ], [ 33.6010183, 44.6097247 ], [ 33.6013297, 44.6098318 ], [ 33.6017371, 44.6098022 ], [ 33.6019877, 44.6099685 ], [ 33.6019643, 44.6102145 ], [ 33.6019981, 44.6104346 ], [ 33.6017991, 44.6105511 ], [ 33.6016865, 44.6108802 ], [ 33.6014177, 44.6110095 ], [ 33.6013146, 44.610994 ], [ 33.6011778, 44.6110406 ], [ 33.6010396, 44.6111184 ], [ 33.6009959, 44.6112195 ], [ 33.6010222, 44.6114762 ], [ 33.6008124, 44.611513 ], [ 33.601211, 44.6128339 ], [ 33.601224, 44.6128772 ], [ 33.6015032, 44.6137372 ], [ 33.6013833, 44.6138048 ], [ 33.600902, 44.6139681 ], [ 33.6007554, 44.6140482 ], [ 33.6005589, 44.6140677 ], [ 33.6004112, 44.6140393 ], [ 33.6000559, 44.6139997 ], [ 33.5998225, 44.6139573 ], [ 33.5995013, 44.6139324 ], [ 33.5992762, 44.6138826 ], [ 33.5990708, 44.6138886 ], [ 33.5987889, 44.6138535 ], [ 33.5986118, 44.6138315 ], [ 33.5982392, 44.6137467 ], [ 33.5980482, 44.6135979 ], [ 33.5977925, 44.6133164 ], [ 33.5978712, 44.6132246 ], [ 33.5978089, 44.6131756 ], [ 33.5975476, 44.6130493 ], [ 33.5974977, 44.6130252 ], [ 33.5974383, 44.6129965 ], [ 33.5973881, 44.6129723 ], [ 33.5973342, 44.6129462 ], [ 33.5972987, 44.6129291 ], [ 33.5972237, 44.6128164 ], [ 33.5965615, 44.6122999 ], [ 33.5963027, 44.6121896 ], [ 33.5962155, 44.6119591 ], [ 33.5960021, 44.6116511 ], [ 33.5958325, 44.6115835 ], [ 33.5957057, 44.611481 ], [ 33.5956817, 44.61147 ], [ 33.5955665, 44.611492 ], [ 33.5955353, 44.6115789 ], [ 33.595493, 44.6115998 ], [ 33.5940907, 44.61184 ], [ 33.5939576, 44.6118402 ], [ 33.593844, 44.6118044 ], [ 33.5937544, 44.6118262 ], [ 33.5936583, 44.6117873 ], [ 33.5935599, 44.6118122 ], [ 33.5934638, 44.6118853 ], [ 33.5933926, 44.611842 ], [ 33.5931623, 44.6118993 ], [ 33.5931046, 44.6118152 ], [ 33.5922117, 44.6120875 ], [ 33.5922423, 44.6121264 ], [ 33.5921964, 44.6121482 ], [ 33.5919277, 44.6122415 ], [ 33.5918404, 44.6122338 ], [ 33.5918215, 44.6123114 ], [ 33.5917195, 44.6123268 ], [ 33.5916299, 44.6122718 ], [ 33.5915279, 44.6122608 ], [ 33.5914197, 44.612285 ], [ 33.5912745, 44.6123004 ], [ 33.5912374, 44.6122542 ], [ 33.5910396, 44.612263 ], [ 33.5908746, 44.6123567 ], [ 33.5906194, 44.612461 ], [ 33.590163, 44.6125333 ], [ 33.5897047, 44.6125952 ], [ 33.5892071, 44.6126502 ], [ 33.5888765, 44.6126326 ], [ 33.5878101, 44.612767 ], [ 33.5876913, 44.6127969 ], [ 33.5855349, 44.6139628 ], [ 33.5851003, 44.61428 ], [ 33.5850844, 44.6143163 ], [ 33.5851038, 44.6143521 ], [ 33.5847918, 44.6150243 ], [ 33.5848173, 44.6150285 ], [ 33.5851282, 44.6143571 ], [ 33.5851736, 44.6143123 ], [ 33.5871333, 44.6132347 ], [ 33.5876569, 44.6128971 ], [ 33.5878052, 44.612851 ], [ 33.5889939, 44.6127294 ], [ 33.5891886, 44.612747 ], [ 33.5895069, 44.6127316 ], [ 33.5897826, 44.612754 ], [ 33.590403, 44.6128378 ], [ 33.5906856, 44.6129887 ], [ 33.5908149, 44.6132327 ], [ 33.5911068, 44.6137214 ], [ 33.5911368, 44.6138708 ], [ 33.5910198, 44.6139743 ], [ 33.590854, 44.6140482 ], [ 33.5907003, 44.6141203 ], [ 33.5906189, 44.6142055 ], [ 33.5904532, 44.6142117 ], [ 33.5904559, 44.6143998 ], [ 33.5905775, 44.6143983 ], [ 33.590587, 44.6147557 ], [ 33.5904856, 44.6147588 ], [ 33.590491, 44.61494 ], [ 33.590644, 44.6149371 ], [ 33.5906895, 44.6153714 ], [ 33.590583, 44.6155275 ], [ 33.5904619, 44.6157585 ], [ 33.5902082, 44.6158293 ], [ 33.5901813, 44.6157916 ], [ 33.5900065, 44.6158527 ], [ 33.5900325, 44.6158901 ], [ 33.5898471, 44.6159276 ], [ 33.5897183, 44.6158588 ], [ 33.589588, 44.6158092 ], [ 33.5895103, 44.6158543 ], [ 33.5894818, 44.6159063 ], [ 33.5895503, 44.6160126 ], [ 33.5895369, 44.616053 ], [ 33.5894564, 44.6161041 ], [ 33.5890608, 44.6162066 ], [ 33.5889908, 44.6162105 ], [ 33.5887735, 44.6161433 ], [ 33.5887315, 44.6161481 ], [ 33.5886669, 44.6161964 ], [ 33.5886273, 44.6162248 ], [ 33.5873965, 44.6165552 ], [ 33.5872951, 44.6165551 ], [ 33.586994, 44.6164958 ], [ 33.5869886, 44.6165261 ], [ 33.5869788, 44.6165816 ], [ 33.5869506, 44.6166408 ], [ 33.5859167, 44.6171585 ], [ 33.5857192, 44.6173241 ], [ 33.5856216, 44.617276 ], [ 33.5848676, 44.6174717 ], [ 33.5847258, 44.6175131 ], [ 33.5839805, 44.6177311 ], [ 33.5836815, 44.617592 ], [ 33.583424, 44.617508 ], [ 33.5831504, 44.6174545 ], [ 33.5827803, 44.6174049 ], [ 33.5823475, 44.6173757 ], [ 33.5822639, 44.6173719 ], [ 33.5821578, 44.6173852 ], [ 33.5821153, 44.6174089 ], [ 33.5820465, 44.617412 ], [ 33.5819999, 44.617389 ], [ 33.5818361, 44.617424 ], [ 33.5816538, 44.6174507 ], [ 33.5814633, 44.6175034 ], [ 33.5814526, 44.6174868 ], [ 33.5814221, 44.6174612 ], [ 33.5813638, 44.6174463 ], [ 33.5812939, 44.617449 ], [ 33.5812242, 44.6174528 ], [ 33.5807237, 44.6175206 ], [ 33.5807647, 44.6176636 ], [ 33.5806965, 44.6177773 ], [ 33.5806011, 44.6179051 ], [ 33.580258, 44.6181309 ], [ 33.5802199, 44.6181547 ], [ 33.5800212, 44.618279 ], [ 33.5797273, 44.6184774 ], [ 33.5786249, 44.6192118 ], [ 33.5786243, 44.619237 ], [ 33.5785626, 44.6192573 ], [ 33.5785507, 44.6193034 ], [ 33.578408, 44.619891 ], [ 33.5783865, 44.6199711 ], [ 33.5783468, 44.6201461 ], [ 33.5776374, 44.6202064 ], [ 33.5776321, 44.6201855 ], [ 33.5774449, 44.6202028 ], [ 33.5774471, 44.6202181 ], [ 33.5775746, 44.6211245 ], [ 33.5772619, 44.6211568 ], [ 33.5772663, 44.6211713 ], [ 33.5772719, 44.6211901 ], [ 33.5768061, 44.6213694 ], [ 33.5767665, 44.6213805 ], [ 33.5767208, 44.6213954 ], [ 33.576491, 44.621391 ], [ 33.5763589, 44.6213708 ], [ 33.5760033, 44.6212402 ], [ 33.5758539, 44.6211159 ], [ 33.5758441, 44.6210802 ], [ 33.5757707, 44.6210142 ], [ 33.575737, 44.6209891 ], [ 33.575064, 44.620758 ], [ 33.5745342, 44.6200791 ], [ 33.5745068, 44.6200931 ], [ 33.5741046, 44.6199738 ], [ 33.5739022, 44.619948 ], [ 33.5737386, 44.6199328 ], [ 33.5735159, 44.6199118 ], [ 33.573347, 44.6199098 ], [ 33.5728481, 44.6199022 ], [ 33.5726442, 44.6198946 ], [ 33.5722097, 44.6199098 ], [ 33.5714775, 44.6200569 ], [ 33.570994, 44.6201453 ], [ 33.5709376, 44.6201607 ], [ 33.5708739, 44.6201782 ], [ 33.5708123, 44.6202154 ], [ 33.5706336, 44.6202461 ], [ 33.570461, 44.620244 ], [ 33.5704089, 44.6202382 ], [ 33.5702423, 44.6202198 ], [ 33.5700019, 44.6201935 ], [ 33.5697647, 44.6202374 ], [ 33.5694227, 44.6202352 ], [ 33.5691547, 44.6202067 ], [ 33.5690006, 44.6202132 ], [ 33.5687603, 44.6202242 ], [ 33.5685015, 44.6202001 ], [ 33.5681872, 44.6202374 ], [ 33.5680239, 44.6202615 ], [ 33.5677682, 44.6202922 ], [ 33.567571, 44.6202659 ], [ 33.5675217, 44.6203339 ], [ 33.5673646, 44.6203492 ], [ 33.5672885, 44.6203485 ], [ 33.5672222, 44.6203682 ], [ 33.5671514, 44.6203836 ], [ 33.5670343, 44.6204209 ], [ 33.566908, 44.6204099 ], [ 33.5668171, 44.6204 ], [ 33.5667308, 44.6203989 ], [ 33.5666846, 44.6204011 ], [ 33.5666091, 44.6204406 ], [ 33.5664874, 44.6204669 ], [ 33.566358, 44.6204878 ], [ 33.5663426, 44.6203913 ], [ 33.5663395, 44.6203397 ], [ 33.5662825, 44.6203386 ], [ 33.5662871, 44.6203759 ], [ 33.5663025, 44.6203803 ], [ 33.5663087, 44.6204735 ], [ 33.5662918, 44.6204987 ], [ 33.566207, 44.6204899 ], [ 33.56611, 44.6204702 ], [ 33.5660291, 44.6204597 ], [ 33.5659582, 44.6204904 ], [ 33.5658134, 44.6204772 ], [ 33.5656963, 44.6204597 ], [ 33.56557, 44.6204915 ], [ 33.5654406, 44.6205036 ], [ 33.5653559, 44.6204553 ], [ 33.5652711, 44.6205047 ], [ 33.5651879, 44.6205222 ], [ 33.5650847, 44.6204882 ], [ 33.5652465, 44.6203873 ], [ 33.5652203, 44.620361 ], [ 33.5649985, 44.6205003 ], [ 33.5648906, 44.6204926 ], [ 33.5648798, 44.6204389 ], [ 33.5648244, 44.62044 ], [ 33.5648367, 44.6204981 ], [ 33.5647751, 44.6205222 ], [ 33.5647119, 44.620554 ], [ 33.5646195, 44.6205715 ], [ 33.5646195, 44.6206055 ], [ 33.5645425, 44.6205968 ], [ 33.5644947, 44.6205858 ], [ 33.5644741, 44.6205737 ], [ 33.5644038, 44.6205485 ], [ 33.5643015, 44.6205584 ], [ 33.5642667, 44.6205968 ], [ 33.5642082, 44.6206231 ], [ 33.5641475, 44.620633 ], [ 33.5641281, 44.6206549 ], [ 33.5640858, 44.6206768 ], [ 33.564052, 44.6207426 ], [ 33.5640211, 44.6209882 ], [ 33.5641444, 44.6210343 ], [ 33.5641998, 44.621065 ], [ 33.5642122, 44.621133 ], [ 33.5641321, 44.6211768 ], [ 33.5641606, 44.6212206 ], [ 33.5641906, 44.6212667 ], [ 33.5642676, 44.6212492 ], [ 33.564813, 44.6220233 ], [ 33.5648554, 44.6220859 ], [ 33.5648696, 44.6221011 ], [ 33.565021, 44.6222555 ], [ 33.5650961, 44.6223529 ], [ 33.5652249, 44.6226106 ], [ 33.5652731, 44.6227328 ], [ 33.5652651, 44.6229084 ], [ 33.5652356, 44.6230554 ], [ 33.5650796, 44.6234413 ], [ 33.5646911, 44.6237465 ], [ 33.5637336, 44.6238381 ], [ 33.5636312, 44.6238934 ], [ 33.5636129, 44.6239775 ], [ 33.5636987, 44.6243192 ], [ 33.5635767, 44.6245402 ], [ 33.5634829, 44.6245619 ], [ 33.5634537, 44.6245922 ], [ 33.5634431, 44.6246279 ], [ 33.5634294, 44.624659 ], [ 33.5631396, 44.6248488 ], [ 33.5630553, 44.6248978 ], [ 33.5629727, 44.6249458 ], [ 33.5624308, 44.6251928 ], [ 33.5622497, 44.625265 ], [ 33.5620144, 44.6253367 ], [ 33.561945, 44.6253572 ], [ 33.5618485, 44.6253954 ], [ 33.5617251, 44.6254106 ], [ 33.5616071, 44.6254183 ], [ 33.5614783, 44.6254221 ], [ 33.561312, 44.6253839 ], [ 33.5610492, 44.6253343 ], [ 33.5609526, 44.6252694 ], [ 33.5608775, 44.6251892 ], [ 33.5606488, 44.6251337 ], [ 33.5606688, 44.6250905 ], [ 33.5607183, 44.6251032 ], [ 33.5608332, 44.6248769 ], [ 33.5606883, 44.6248368 ], [ 33.5605551, 44.6251062 ], [ 33.5605149, 44.6250766 ], [ 33.5604108, 44.6249792 ], [ 33.5602177, 44.6248608 ], [ 33.5601265, 44.6248265 ], [ 33.560164, 44.6247387 ], [ 33.5571001, 44.6239702 ], [ 33.5570758, 44.6240518 ], [ 33.5569536, 44.624044 ], [ 33.5569605, 44.6239561 ], [ 33.556855, 44.6239521 ], [ 33.5568432, 44.6240318 ], [ 33.5565054, 44.6239835 ], [ 33.5565268, 44.6238766 ], [ 33.5564088, 44.6238766 ], [ 33.5563873, 44.6239683 ], [ 33.5560869, 44.6239454 ], [ 33.5560977, 44.6238461 ], [ 33.5559904, 44.6238308 ], [ 33.5559582, 44.6239148 ], [ 33.5556685, 44.6238843 ], [ 33.5556792, 44.6237697 ], [ 33.555572, 44.6237774 ], [ 33.5555505, 44.6238766 ], [ 33.5554325, 44.6238614 ], [ 33.5554325, 44.6237392 ], [ 33.5544991, 44.6236705 ], [ 33.5544454, 44.6238079 ], [ 33.553909, 44.6237697 ], [ 33.553881, 44.6237264 ], [ 33.5538677, 44.6237036 ], [ 33.5538232, 44.6236323 ], [ 33.5537051, 44.6236094 ], [ 33.5535764, 44.6236399 ], [ 33.5535013, 44.6235025 ], [ 33.5532223, 44.6235559 ], [ 33.553276, 44.6236934 ], [ 33.5529541, 44.6237545 ], [ 33.5514414, 44.6261216 ], [ 33.5499822, 44.6262209 ], [ 33.5486089, 44.6243348 ], [ 33.5484695, 44.6242661 ], [ 33.5474931, 44.6241286 ], [ 33.5473537, 44.6241057 ], [ 33.5471812, 44.6241074 ], [ 33.5442428, 44.623617 ], [ 33.5443287, 44.6233421 ], [ 33.5442214, 44.6233192 ], [ 33.5441892, 44.6234108 ], [ 33.5414319, 44.6232734 ], [ 33.5412173, 44.6235406 ], [ 33.5411794, 44.6235352 ], [ 33.5411606, 44.6235638 ], [ 33.5410452, 44.6235543 ], [ 33.5411123, 44.6234493 ], [ 33.541064, 44.6234359 ], [ 33.5409111, 44.6236956 ], [ 33.5409648, 44.623707 ], [ 33.5410345, 44.6235772 ], [ 33.5411069, 44.6235829 ], [ 33.5412169, 44.6236517 ], [ 33.5412035, 44.6236898 ], [ 33.5411713, 44.623707 ], [ 33.5411659, 44.6238006 ], [ 33.5409943, 44.6238559 ], [ 33.5413832, 44.6243484 ], [ 33.5413215, 44.6243866 ], [ 33.5409192, 44.6239151 ], [ 33.5408162, 44.623959 ], [ 33.5407562, 44.6238816 ], [ 33.5407341, 44.6238884 ], [ 33.5407906, 44.6239646 ], [ 33.5407717, 44.6239686 ], [ 33.540777, 44.6239915 ], [ 33.5407153, 44.6240182 ], [ 33.5405083, 44.6240113 ], [ 33.5405036, 44.6238998 ], [ 33.540482, 44.6238979 ], [ 33.5404824, 44.6240104 ], [ 33.5404444, 44.6240048 ], [ 33.5404498, 44.623938 ], [ 33.540423, 44.623938 ], [ 33.5404203, 44.6239953 ], [ 33.540332, 44.62398 ], [ 33.5403489, 44.6239058 ], [ 33.5403788, 44.6239078 ], [ 33.5403827, 44.6238903 ], [ 33.5403371, 44.6238865 ], [ 33.5403157, 44.6239743 ], [ 33.5401588, 44.6239164 ], [ 33.5402177, 44.6238375 ], [ 33.540262, 44.6238616 ], [ 33.540281, 44.6238434 ], [ 33.5401658, 44.6237805 ], [ 33.540144, 44.6237967 ], [ 33.5402003, 44.6238292 ], [ 33.5401438, 44.6239119 ], [ 33.5399329, 44.6238034 ], [ 33.5400937, 44.6237279 ], [ 33.5400796, 44.6237127 ], [ 33.539912, 44.6237893 ], [ 33.539877, 44.6237637 ], [ 33.5398491, 44.6237432 ], [ 33.5400959, 44.623579 ], [ 33.540053, 44.6235485 ], [ 33.5398223, 44.623705 ], [ 33.5397257, 44.6236287 ], [ 33.5396506, 44.6235141 ], [ 33.5396184, 44.623411 ], [ 33.5396775, 44.623285 ], [ 33.5400315, 44.6233538 ], [ 33.5400959, 44.6232048 ], [ 33.5394468, 44.6230827 ], [ 33.5393288, 44.6233996 ], [ 33.5392107, 44.6233919 ], [ 33.5390391, 44.6234301 ], [ 33.5388674, 44.6234568 ], [ 33.5387816, 44.623411 ], [ 33.538626, 44.6234225 ], [ 33.5383578, 44.6233118 ], [ 33.5382827, 44.623327 ], [ 33.538154, 44.6233118 ], [ 33.5380467, 44.6233805 ], [ 33.537875, 44.6233843 ], [ 33.5377302, 44.6233652 ], [ 33.5375531, 44.6234072 ], [ 33.5374459, 44.6233576 ], [ 33.5371937, 44.623327 ], [ 33.5371025, 44.6232545 ], [ 33.5369738, 44.6233041 ], [ 33.5368129, 44.6233118 ], [ 33.5366412, 44.6233003 ], [ 33.5365124, 44.623243 ], [ 33.536432, 44.6232812 ], [ 33.5365017, 44.6233499 ], [ 33.5364052, 44.6233767 ], [ 33.5363301, 44.6233003 ], [ 33.5362496, 44.6233232 ], [ 33.5361906, 44.6234225 ], [ 33.5360726, 44.6234721 ], [ 33.5360887, 44.6235561 ], [ 33.5358902, 44.6236897 ], [ 33.5358419, 44.6237661 ], [ 33.5357453, 44.6238196 ], [ 33.535799, 44.623915 ], [ 33.5359063, 44.6240028 ], [ 33.5361155, 44.6240868 ], [ 33.5364212, 44.6243044 ], [ 33.5367485, 44.6245488 ], [ 33.5368343, 44.6246786 ], [ 33.5369032, 44.6247009 ], [ 33.5369523, 44.6247168 ], [ 33.5369201, 44.6248008 ], [ 33.5369825, 44.624942 ], [ 33.5369873, 44.6250843 ], [ 33.5369738, 44.6252246 ], [ 33.5369418, 44.6254713 ], [ 33.53688, 44.6255955 ], [ 33.5368159, 44.6258612 ], [ 33.5367231, 44.6259964 ], [ 33.5365928, 44.6261269 ], [ 33.5363697, 44.626259 ], [ 33.5361908, 44.626303 ], [ 33.5361179, 44.6263187 ], [ 33.5360472, 44.626314 ], [ 33.535999, 44.6263126 ], [ 33.5359644, 44.6263268 ], [ 33.5359389, 44.6263203 ], [ 33.5359189, 44.6263022 ], [ 33.5360693, 44.6262496 ], [ 33.5359431, 44.6260837 ], [ 33.5358241, 44.6259273 ], [ 33.5357379, 44.6259556 ], [ 33.5356562, 44.6258408 ], [ 33.5355258, 44.6258911 ], [ 33.5352358, 44.6254986 ], [ 33.5351043, 44.625545 ], [ 33.5353977, 44.6259556 ], [ 33.5352851, 44.6260043 ], [ 33.5354167, 44.6261931 ], [ 33.5356231, 44.6264893 ], [ 33.5355904, 44.6265369 ], [ 33.5355028, 44.6265758 ], [ 33.5353865, 44.6266278 ], [ 33.5353321, 44.6266892 ], [ 33.5351493, 44.6267489 ], [ 33.5347507, 44.6267894 ], [ 33.5341641, 44.6264175 ], [ 33.5341138, 44.6264433 ], [ 33.5340055, 44.6263756 ], [ 33.5340163, 44.6263403 ], [ 33.5338583, 44.6262637 ], [ 33.5337242, 44.626158 ], [ 33.5336073, 44.6261025 ], [ 33.5334963, 44.6260245 ], [ 33.5334786, 44.6259914 ], [ 33.5333794, 44.6259372 ], [ 33.53329, 44.6259044 ], [ 33.5331721, 44.6258395 ], [ 33.5330375, 44.6258068 ], [ 33.5328918, 44.6257931 ], [ 33.5326826, 44.625814 ], [ 33.532499, 44.6258701 ], [ 33.5324087, 44.6259576 ], [ 33.5323584, 44.6260498 ], [ 33.5322527, 44.6262781 ], [ 33.532178, 44.6265265 ], [ 33.5320748, 44.6266961 ], [ 33.5319589, 44.626852 ], [ 33.5317407, 44.6270689 ], [ 33.5314377, 44.6272519 ], [ 33.5313519, 44.6273588 ], [ 33.5313143, 44.6273168 ], [ 33.5311641, 44.6273855 ], [ 33.5311909, 44.6274313 ], [ 33.5310783, 44.6274707 ], [ 33.5310339, 44.6274366 ], [ 33.5309658, 44.627456 ], [ 33.5309013, 44.6274695 ], [ 33.5308583, 44.6273817 ], [ 33.5306438, 44.6274008 ], [ 33.5303809, 44.6274389 ], [ 33.5300805, 44.6274695 ], [ 33.5299088, 44.6274924 ], [ 33.5298016, 44.6274924 ], [ 33.5290613, 44.6274809 ], [ 33.5289701, 44.6274695 ], [ 33.528793, 44.6273206 ], [ 33.5287877, 44.627187 ], [ 33.5286697, 44.6271602 ], [ 33.5286214, 44.6269808 ], [ 33.5284926, 44.6268739 ], [ 33.5284283, 44.6269579 ], [ 33.5283532, 44.6269541 ], [ 33.5280635, 44.6270381 ], [ 33.5276612, 44.6271641 ], [ 33.5273983, 44.6272404 ], [ 33.5273071, 44.6272404 ], [ 33.5271569, 44.6272748 ], [ 33.5269799, 44.627271 ], [ 33.5266902, 44.6272862 ], [ 33.526599, 44.6272442 ], [ 33.5263683, 44.6271946 ], [ 33.5260196, 44.6271259 ], [ 33.5258158, 44.627103 ], [ 33.5256441, 44.6271641 ], [ 33.5255959, 44.6272366 ], [ 33.5256227, 44.6274008 ], [ 33.5256012, 44.6275191 ], [ 33.5253115, 44.6278704 ], [ 33.5250553, 44.6282333 ], [ 33.5248343, 44.6284135 ], [ 33.524657, 44.6285851 ], [ 33.5244361, 44.6287653 ], [ 33.5242619, 44.6288869 ], [ 33.52389, 44.6290004 ], [ 33.5237773, 44.6290004 ], [ 33.52367, 44.6290195 ], [ 33.5236432, 44.6290997 ], [ 33.5234662, 44.629176 ], [ 33.5231819, 44.6292715 ], [ 33.5230424, 44.6292715 ], [ 33.5229029, 44.6293402 ], [ 33.5226562, 44.6294089 ], [ 33.5223182, 44.6294547 ], [ 33.5220768, 44.6294585 ], [ 33.5217925, 44.6294585 ], [ 33.521535, 44.6294623 ], [ 33.5213365, 44.6294547 ], [ 33.5213794, 44.6292944 ], [ 33.5212399, 44.6292791 ], [ 33.5212185, 44.629344 ], [ 33.520961, 44.6292753 ], [ 33.520666, 44.6291531 ], [ 33.5205104, 44.6289622 ], [ 33.5203173, 44.6287484 ], [ 33.5202046, 44.6286644 ], [ 33.5201134, 44.6284507 ], [ 33.5200651, 44.6282674 ], [ 33.5199739, 44.6280956 ], [ 33.519872, 44.6279658 ], [ 33.5197057, 44.6278742 ], [ 33.5195341, 44.6278474 ], [ 33.5193463, 44.627878 ], [ 33.5191532, 44.6279734 ], [ 33.5189332, 44.6281223 ], [ 33.5188689, 44.6282712 ], [ 33.5187133, 44.6283552 ], [ 33.5183753, 44.6286835 ], [ 33.5180803, 44.6288362 ], [ 33.5177692, 44.628966 ], [ 33.5174044, 44.6290195 ], [ 33.5173093, 44.6290479 ], [ 33.5171362, 44.6290997 ], [ 33.5168787, 44.6291722 ], [ 33.5166963, 44.6291188 ], [ 33.5164281, 44.6292104 ], [ 33.5162081, 44.6292753 ], [ 33.5160204, 44.6293173 ], [ 33.5156717, 44.6293173 ], [ 33.5154732, 44.6293135 ], [ 33.515264, 44.6292867 ], [ 33.5152693, 44.6292371 ], [ 33.5151674, 44.6292218 ], [ 33.5151513, 44.62926 ], [ 33.5146471, 44.6291607 ], [ 33.514631, 44.6291989 ], [ 33.5140838, 44.6289279 ], [ 33.5140087, 44.6288401 ], [ 33.5137137, 44.6282789 ], [ 33.5137459, 44.6282292 ], [ 33.513821, 44.6281834 ], [ 33.5137727, 44.6279887 ], [ 33.5138853, 44.6279009 ], [ 33.5138102, 44.6277864 ], [ 33.5138585, 44.627668 ], [ 33.5137673, 44.6276031 ], [ 33.5136225, 44.6275611 ], [ 33.513483, 44.6274771 ], [ 33.5133703, 44.6272671 ], [ 33.5132952, 44.6271106 ], [ 33.5132631, 44.6269274 ], [ 33.513204, 44.6268319 ], [ 33.5130592, 44.6266448 ], [ 33.5127856, 44.6264272 ], [ 33.5126461, 44.626328 ], [ 33.5124852, 44.6262783 ], [ 33.5123136, 44.6262745 ], [ 33.512158, 44.626286 ], [ 33.5119756, 44.6263699 ], [ 33.5119166, 44.6263776 ], [ 33.5117986, 44.6263738 ], [ 33.5116966, 44.6263127 ], [ 33.5109724, 44.6255567 ], [ 33.5109885, 44.6254651 ], [ 33.5103985, 44.6248733 ], [ 33.5103073, 44.6248657 ], [ 33.5098218, 44.6243976 ], [ 33.5097398, 44.624438 ], [ 33.5096531, 44.6244808 ], [ 33.5114261, 44.6265264 ], [ 33.5117016, 44.626887 ], [ 33.511718, 44.6271295 ], [ 33.5119485, 44.6275215 ], [ 33.512755, 44.62815 ], [ 33.5129257, 44.6284611 ], [ 33.5124293, 44.6299185 ], [ 33.5124709, 44.6301978 ], [ 33.5123618, 44.6304734 ], [ 33.512059, 44.630719 ], [ 33.511702, 44.630977 ], [ 33.5112208, 44.6311521 ], [ 33.5109357, 44.6311315 ], [ 33.5103242, 44.6310874 ], [ 33.5104224, 44.6315116 ], [ 33.5105029, 44.6315803 ], [ 33.5106551, 44.6316318 ], [ 33.5114833, 44.6319641 ], [ 33.5120961, 44.6322341 ], [ 33.5123223, 44.6323675 ], [ 33.5126146, 44.6325599 ], [ 33.5138586, 44.6331164 ], [ 33.5140971, 44.6333135 ], [ 33.514266, 44.6335139 ], [ 33.5143603, 44.633795 ], [ 33.514615, 44.6344053 ], [ 33.5148123, 44.6347052 ], [ 33.5153213, 44.6353127 ], [ 33.5155515, 44.635545 ], [ 33.5157126, 44.6356609 ], [ 33.5159248, 44.6358513 ], [ 33.5161616, 44.6360498 ], [ 33.5164667, 44.6362564 ], [ 33.5168858, 44.636586 ], [ 33.5170984, 44.6367528 ], [ 33.5174793, 44.6369094 ], [ 33.517659, 44.6370086 ], [ 33.5177765, 44.6371299 ], [ 33.5178951, 44.6373082 ], [ 33.5180158, 44.6374209 ], [ 33.5181807, 44.6375248 ], [ 33.5184717, 44.6376327 ], [ 33.5187936, 44.6376461 ], [ 33.5191208, 44.6376785 ], [ 33.5198322, 44.6378178 ], [ 33.5201293, 44.6379705 ], [ 33.5203512, 44.6381734 ], [ 33.5205171, 44.6382693 ], [ 33.5210772, 44.6384678 ], [ 33.5218409, 44.6382026 ], [ 33.5223875, 44.6381776 ], [ 33.5230377, 44.6381976 ], [ 33.5234953, 44.6383329 ], [ 33.5239685, 44.6384655 ], [ 33.5240278, 44.6382981 ], [ 33.524138, 44.6383126 ], [ 33.5242734, 44.638287 ], [ 33.5244515, 44.6380371 ], [ 33.524569, 44.6379875 ], [ 33.5247024, 44.6380183 ], [ 33.5249564, 44.6381603 ], [ 33.5251786, 44.6382272 ], [ 33.5254146, 44.6382397 ], [ 33.525692, 44.6381451 ], [ 33.5260677, 44.6381726 ], [ 33.5267525, 44.6383891 ], [ 33.5275578, 44.6385552 ], [ 33.5278601, 44.6386656 ], [ 33.5280514, 44.638735 ], [ 33.5284868, 44.639003 ], [ 33.5285737, 44.6390899 ], [ 33.5286599, 44.6391941 ], [ 33.5287426, 44.639306 ], [ 33.5288215, 44.6394256 ], [ 33.5288838, 44.6395244 ], [ 33.5290179, 44.6396798 ], [ 33.5292523, 44.6397981 ], [ 33.5294896, 44.639909 ], [ 33.5297245, 44.6399736 ], [ 33.5299209, 44.6399881 ], [ 33.5301741, 44.6400553 ], [ 33.5304057, 44.640091 ], [ 33.5307319, 44.6400982 ], [ 33.531237, 44.6401533 ], [ 33.5313614, 44.6401748 ], [ 33.5315124, 44.6402239 ], [ 33.531969, 44.6405179 ], [ 33.532199, 44.640767 ], [ 33.5324452, 44.6410235 ], [ 33.5327465, 44.6413218 ], [ 33.5330272, 44.6416283 ], [ 33.53318, 44.641783 ], [ 33.533631, 44.6421463 ], [ 33.5338757, 44.6423925 ], [ 33.5341101, 44.6426579 ], [ 33.5344968, 44.6430994 ], [ 33.5347062, 44.6433369 ], [ 33.5349276, 44.643561 ], [ 33.5352568, 44.6439345 ], [ 33.5357756, 44.6446545 ], [ 33.5360839, 44.6452319 ], [ 33.5364845, 44.6459046 ], [ 33.5366323, 44.6460965 ], [ 33.5367504, 44.6462385 ], [ 33.5374684, 44.6475588 ], [ 33.5377461, 44.6483067 ], [ 33.5378711, 44.6486458 ], [ 33.5379963, 44.6489835 ], [ 33.5381873, 44.6494325 ], [ 33.5384051, 44.6498363 ], [ 33.5385586, 44.6499637 ], [ 33.5387169, 44.6500206 ], [ 33.5388585, 44.6501553 ], [ 33.5390136, 44.6503948 ], [ 33.5391196, 44.6506573 ], [ 33.5391564, 44.6508781 ], [ 33.5391523, 44.6510436 ], [ 33.5391193, 44.651199 ], [ 33.5390422, 44.6513542 ], [ 33.5389138, 44.6514776 ], [ 33.5387931, 44.651568 ], [ 33.5387512, 44.6516518 ], [ 33.5387975, 44.651782 ], [ 33.5388217, 44.6518741 ], [ 33.5388407, 44.651983 ], [ 33.5389274, 44.6521238 ], [ 33.539208, 44.652402 ], [ 33.5394502, 44.6526226 ], [ 33.5396556, 44.652853 ], [ 33.539799, 44.653029 ], [ 33.5399439, 44.653193 ], [ 33.5401013, 44.6533858 ], [ 33.5401846, 44.6535848 ], [ 33.540302, 44.653744 ], [ 33.5404254, 44.6538417 ], [ 33.5405702, 44.6540652 ], [ 33.5407568, 44.6542405 ], [ 33.5409011, 44.6543384 ], [ 33.5410354, 44.6545166 ], [ 33.54113, 44.6546972 ], [ 33.5412292, 44.6548692 ], [ 33.5413086, 44.6550981 ], [ 33.5413516, 44.6552524 ], [ 33.5415174, 44.6556859 ], [ 33.5415985, 44.6558677 ], [ 33.5417046, 44.6559185 ], [ 33.5420979, 44.6566855 ], [ 33.5420826, 44.6568278 ], [ 33.5422638, 44.6572753 ], [ 33.5428856, 44.6586011 ], [ 33.5435878, 44.660403 ], [ 33.5438091, 44.66075 ], [ 33.5442924, 44.662439 ], [ 33.5443168, 44.6625433 ], [ 33.5446802, 44.6641638 ], [ 33.5449179, 44.6660062 ], [ 33.5451853, 44.6673007 ], [ 33.5453791, 44.6679777 ], [ 33.545467, 44.66828 ], [ 33.5457388, 44.6691616 ], [ 33.545929, 44.6702136 ], [ 33.5462626, 44.6717949 ], [ 33.5466456, 44.6738074 ], [ 33.5466758, 44.6749275 ], [ 33.5466586, 44.6752454 ], [ 33.5466918, 44.6755183 ], [ 33.54662, 44.676228 ], [ 33.546992, 44.677509 ], [ 33.546994, 44.677766 ], [ 33.5471125, 44.6783377 ], [ 33.5473493, 44.6794584 ], [ 33.547388, 44.681356 ], [ 33.547784, 44.685203 ], [ 33.547789, 44.685716 ], [ 33.547849, 44.6871344 ], [ 33.54818, 44.689049 ], [ 33.548187, 44.689819 ], [ 33.5482269, 44.6904064 ], [ 33.5483435, 44.6934704 ], [ 33.548443, 44.6949998 ], [ 33.548498, 44.69629 ], [ 33.548489, 44.6971882 ], [ 33.5485591, 44.6975406 ], [ 33.5485059, 44.6978243 ], [ 33.5485245, 44.6984315 ], [ 33.5485601, 44.6987813 ], [ 33.5486155, 44.6993246 ], [ 33.5485527, 44.6994076 ], [ 33.5485466, 44.6997561 ], [ 33.5484333, 44.7005752 ], [ 33.5483377, 44.7009034 ], [ 33.5482185, 44.7012014 ], [ 33.5481685, 44.7014146 ], [ 33.5481146, 44.7016826 ], [ 33.5480507, 44.7020051 ], [ 33.5479839, 44.7024917 ], [ 33.5478685, 44.7027022 ], [ 33.5477608, 44.7029565 ], [ 33.5477226, 44.7035142 ], [ 33.5477232, 44.7038883 ], [ 33.5475825, 44.704175 ], [ 33.5476629, 44.704401 ], [ 33.5476859, 44.7046593 ], [ 33.5476758, 44.7053336 ], [ 33.5475802, 44.7061601 ], [ 33.5475314, 44.7064631 ], [ 33.5474484, 44.7066659 ], [ 33.5473673, 44.7067073 ], [ 33.5473148, 44.7067981 ], [ 33.5473045, 44.706874 ], [ 33.5471102, 44.707235 ], [ 33.5469082, 44.7076171 ], [ 33.5468958, 44.7078036 ], [ 33.5468817, 44.7079778 ], [ 33.5469235, 44.7081066 ], [ 33.5469841, 44.7081856 ], [ 33.5471199, 44.7083506 ], [ 33.5472304, 44.7086667 ], [ 33.5472195, 44.7089127 ], [ 33.5471723, 44.7092547 ], [ 33.5470907, 44.7093769 ], [ 33.5470133, 44.709493 ], [ 33.5469402, 44.7095846 ], [ 33.546923, 44.7097464 ], [ 33.5469402, 44.7099388 ], [ 33.5470434, 44.7101771 ], [ 33.5470992, 44.7104458 ], [ 33.5470841, 44.7106372 ], [ 33.5470562, 44.7108886 ], [ 33.5470992, 44.7110657 ], [ 33.5472195, 44.7112581 ], [ 33.5473098, 44.7114444 ], [ 33.5473485, 44.7116979 ], [ 33.5473657, 44.7122048 ], [ 33.547348, 44.712431 ], [ 33.5473052, 44.7129507 ], [ 33.5472797, 44.7132248 ], [ 33.5472022, 44.7135211 ], [ 33.5471727, 44.7136054 ], [ 33.5470959, 44.7137487 ], [ 33.5470574, 44.7139944 ], [ 33.5471159, 44.7142715 ], [ 33.5471343, 44.7144038 ], [ 33.5471174, 44.7144542 ], [ 33.5470816, 44.714561 ], [ 33.5470382, 44.7146904 ], [ 33.5470911, 44.714803 ], [ 33.5471749, 44.7148725 ], [ 33.547236, 44.7149402 ], [ 33.5472751, 44.7149835 ], [ 33.5473371, 44.7151883 ], [ 33.5473054, 44.7152681 ], [ 33.5473333, 44.715319 ], [ 33.5474216, 44.7153706 ], [ 33.5477025, 44.7156273 ], [ 33.5478302, 44.7158855 ], [ 33.5478365, 44.7160188 ], [ 33.5478686, 44.7162524 ], [ 33.5479331, 44.7164191 ], [ 33.547909, 44.7167145 ], [ 33.5479503, 44.7170204 ], [ 33.5479626, 44.7174388 ], [ 33.5480619, 44.7176904 ], [ 33.5482254, 44.7181813 ], [ 33.548465, 44.719323 ], [ 33.548468, 44.71958 ], [ 33.5485035, 44.7198336 ], [ 33.5486773, 44.7206416 ], [ 33.5488006, 44.7209928 ], [ 33.5487867, 44.7216319 ], [ 33.5486485, 44.7223345 ], [ 33.5485607, 44.7228056 ], [ 33.5485259, 44.7232836 ], [ 33.548514, 44.724454 ], [ 33.5484915, 44.7252259 ], [ 33.5484747, 44.7253085 ], [ 33.5484612, 44.7253628 ], [ 33.5483547, 44.7268591 ], [ 33.5480066, 44.727879 ], [ 33.54791, 44.7288806 ], [ 33.5477432, 44.7293638 ], [ 33.5477124, 44.7294599 ], [ 33.5475538, 44.7299545 ], [ 33.547135, 44.730875 ], [ 33.54678, 44.73139 ], [ 33.5466472, 44.7314857 ], [ 33.546422, 44.731648 ], [ 33.5460757, 44.7318717 ], [ 33.5458571, 44.7318916 ], [ 33.5456023, 44.7323013 ], [ 33.545521, 44.7322903 ], [ 33.5452214, 44.7329339 ], [ 33.544997, 44.733194 ], [ 33.545, 44.733451 ], [ 33.545004, 44.733964 ], [ 33.544647, 44.734222 ], [ 33.5443389, 44.7348659 ], [ 33.5443496, 44.7350736 ], [ 33.5442531, 44.7353937 ], [ 33.5441243, 44.73563 ], [ 33.5439886, 44.735723 ], [ 33.5437955, 44.7367397 ], [ 33.543434, 44.7375936 ], [ 33.5430713, 44.7384194 ], [ 33.5428015, 44.7393941 ], [ 33.54254, 44.739877 ], [ 33.5417023, 44.7414692 ], [ 33.5417919, 44.7418689 ], [ 33.541842, 44.742189 ], [ 33.541846, 44.742702 ], [ 33.5417544, 44.7431998 ], [ 33.5415872, 44.7437452 ], [ 33.541498, 44.743987 ], [ 33.5414044, 44.7441897 ], [ 33.5409609, 44.7450443 ], [ 33.5413756, 44.7458677 ], [ 33.541711, 44.7468146 ], [ 33.54189, 44.74732 ], [ 33.541892, 44.747577 ], [ 33.541894, 44.747833 ], [ 33.541899, 44.748346 ], [ 33.5419963, 44.7490943 ], [ 33.5419652, 44.7498857 ], [ 33.5417924, 44.7503092 ], [ 33.5416774, 44.750645 ], [ 33.5416312, 44.7508259 ], [ 33.54193, 44.751682 ], [ 33.5420716, 44.7521711 ], [ 33.5421027, 44.7529742 ], [ 33.5421322, 44.7534827 ], [ 33.541954, 44.754247 ], [ 33.541957, 44.754504 ], [ 33.541959, 44.75476 ], [ 33.541962, 44.755017 ], [ 33.541966, 44.75553 ], [ 33.54199, 44.758095 ], [ 33.5417747, 44.7601889 ], [ 33.5417474, 44.7609122 ], [ 33.541661, 44.761432 ], [ 33.5414598, 44.7629812 ], [ 33.54132, 44.763486 ], [ 33.540975, 44.765028 ], [ 33.5408615, 44.7654784 ], [ 33.5407142, 44.7660633 ], [ 33.5406144, 44.7667313 ], [ 33.540286, 44.7674822 ], [ 33.5400753, 44.7679641 ], [ 33.5400806, 44.7681069 ], [ 33.5401053, 44.7687693 ], [ 33.5400045, 44.7696665 ], [ 33.539942, 44.770164 ], [ 33.5397475, 44.7707554 ], [ 33.539599, 44.771961 ], [ 33.5388801, 44.7732391 ], [ 33.5388534, 44.775043 ], [ 33.5388393, 44.7753133 ], [ 33.5388208, 44.7755522 ], [ 33.538566, 44.777098 ], [ 33.5381299, 44.7782701 ], [ 33.5379513, 44.7789757 ], [ 33.5377064, 44.7797081 ], [ 33.5374263, 44.7803718 ], [ 33.537112, 44.7809464 ], [ 33.536805, 44.781467 ], [ 33.5367193, 44.7820765 ], [ 33.5366388, 44.7825951 ], [ 33.5364901, 44.783027 ], [ 33.5363753, 44.7833584 ], [ 33.5362833, 44.7838083 ], [ 33.536111, 44.784293 ], [ 33.536114, 44.784549 ], [ 33.536116, 44.784806 ], [ 33.536118, 44.785063 ], [ 33.53612, 44.785319 ], [ 33.535775, 44.78686 ], [ 33.535777, 44.787117 ], [ 33.535784, 44.787886 ], [ 33.5355095, 44.7884143 ], [ 33.535431, 44.788658 ], [ 33.535433, 44.788914 ], [ 33.535131, 44.7896888 ], [ 33.535083, 44.789942 ], [ 33.5350387, 44.7904836 ], [ 33.5343316, 44.7914158 ], [ 33.534746, 44.792509 ], [ 33.5348815, 44.7929827 ], [ 33.5349914, 44.7932682 ], [ 33.5352644, 44.7934716 ], [ 33.5356926, 44.7934883 ], [ 33.5359517, 44.7934738 ], [ 33.5362789, 44.793548 ], [ 33.536531, 44.7936604 ], [ 33.536922, 44.794039 ], [ 33.5372777, 44.794756 ], [ 33.5377251, 44.7953103 ], [ 33.5381698, 44.7959913 ], [ 33.5386575, 44.7967191 ], [ 33.53854, 44.7968885 ], [ 33.5385561, 44.7969893 ], [ 33.538752, 44.797109 ], [ 33.5391939, 44.7976262 ], [ 33.5394584, 44.7977024 ], [ 33.5396209, 44.7978782 ], [ 33.5397647, 44.7981104 ], [ 33.5397819, 44.7984225 ], [ 33.5397792, 44.7986052 ], [ 33.5402705, 44.7996985 ], [ 33.5402378, 44.7997738 ], [ 33.5401215, 44.799882 ], [ 33.5408869, 44.8005664 ], [ 33.541313, 44.801201 ], [ 33.5412168, 44.8015057 ], [ 33.5412329, 44.8016865 ], [ 33.5413434, 44.8018544 ], [ 33.5420408, 44.8023736 ], [ 33.5425762, 44.8027033 ], [ 33.542773, 44.8028909 ], [ 33.5432392, 44.8029819 ], [ 33.5436474, 44.8030915 ], [ 33.543865, 44.8032262 ], [ 33.5441614, 44.8033104 ], [ 33.544397, 44.803367 ], [ 33.5448676, 44.8035505 ], [ 33.5454156, 44.8037484 ], [ 33.5463652, 44.8040533 ], [ 33.5464713, 44.8041428 ], [ 33.5466295, 44.8043978 ], [ 33.5469417, 44.804834 ], [ 33.5474213, 44.8055684 ], [ 33.5477083, 44.8060462 ], [ 33.5477722, 44.8069866 ], [ 33.5480028, 44.8076602 ], [ 33.5480565, 44.8082996 ], [ 33.5479546, 44.8085242 ], [ 33.5482806, 44.808888 ], [ 33.5483741, 44.8090454 ], [ 33.5486385, 44.809404 ], [ 33.5489062, 44.8095557 ], [ 33.5491929, 44.8096487 ], [ 33.5498516, 44.8099442 ], [ 33.5500602, 44.810299 ], [ 33.5502799, 44.8107512 ], [ 33.5506678, 44.8119536 ], [ 33.5508061, 44.8127313 ], [ 33.550677, 44.8137228 ], [ 33.5510307, 44.8142839 ], [ 33.5511071, 44.8144828 ], [ 33.5512393, 44.8149617 ], [ 33.5513611, 44.8156088 ], [ 33.5514571, 44.8159636 ], [ 33.5515987, 44.8170742 ], [ 33.5516025, 44.8174325 ], [ 33.5517433, 44.8179881 ], [ 33.5518519, 44.8186698 ], [ 33.5520554, 44.8193934 ], [ 33.5520395, 44.8198673 ], [ 33.5519863, 44.8203859 ], [ 33.551952, 44.8215396 ], [ 33.5519069, 44.8221166 ], [ 33.5518399, 44.8227579 ], [ 33.5517618, 44.8231533 ], [ 33.5517047, 44.8234628 ], [ 33.5515727, 44.8237761 ], [ 33.551295, 44.824435 ], [ 33.5513086, 44.8250403 ], [ 33.5511477, 44.8257746 ], [ 33.5512126, 44.8262979 ], [ 33.5509948, 44.8269312 ], [ 33.5509283, 44.827374 ], [ 33.5508393, 44.8277055 ], [ 33.5505785, 44.8308117 ], [ 33.550476, 44.8319158 ], [ 33.5502096, 44.8337146 ], [ 33.5498727, 44.8340768 ], [ 33.5498241, 44.8342857 ], [ 33.5499184, 44.834456 ], [ 33.550045, 44.834556 ], [ 33.5503833, 44.8347542 ], [ 33.550573, 44.8349384 ], [ 33.5509671, 44.8353352 ], [ 33.5511747, 44.8356131 ], [ 33.5514226, 44.8358438 ], [ 33.5518113, 44.8364252 ], [ 33.5519075, 44.836772 ], [ 33.5522653, 44.8373487 ], [ 33.5523086, 44.8377494 ], [ 33.5526404, 44.8382514 ], [ 33.5527898, 44.839146 ], [ 33.5528675, 44.8394734 ], [ 33.553375, 44.8398262 ], [ 33.5538316, 44.8400431 ], [ 33.5541436, 44.840201 ], [ 33.5545187, 44.8402041 ], [ 33.5548473, 44.8399683 ], [ 33.5551691, 44.839728 ], [ 33.5561362, 44.8395263 ], [ 33.5569814, 44.8396243 ], [ 33.558335, 44.8400867 ], [ 33.5590052, 44.8403924 ], [ 33.5596251, 44.8406054 ], [ 33.5603094, 44.8411175 ], [ 33.5605111, 44.8412596 ], [ 33.5607449, 44.8413185 ], [ 33.5609269, 44.8412033 ], [ 33.5610751, 44.8411017 ], [ 33.5614505, 44.8409093 ], [ 33.5620335, 44.840874 ], [ 33.5621963, 44.8408288 ], [ 33.5622311, 44.8407567 ], [ 33.5621916, 44.8406025 ], [ 33.5621649, 44.8404742 ], [ 33.5622478, 44.8403462 ], [ 33.5623258, 44.8402536 ], [ 33.5624417, 44.840193 ], [ 33.5629186, 44.840012 ], [ 33.5630983, 44.8398684 ], [ 33.5633316, 44.8397915 ], [ 33.5635677, 44.8397382 ], [ 33.5645172, 44.8395251 ], [ 33.564824, 44.8393053 ], [ 33.5652253, 44.8391258 ], [ 33.5653889, 44.8389698 ], [ 33.565818, 44.8388177 ], [ 33.566038, 44.8387111 ], [ 33.5663776, 44.8385967 ], [ 33.5667488, 44.8384468 ], [ 33.5669177, 44.838443 ], [ 33.5672272, 44.8383227 ], [ 33.5680898, 44.837742 ], [ 33.5689086, 44.8375121 ], [ 33.5700457, 44.837409 ], [ 33.5702598, 44.8373921 ], [ 33.5703939, 44.8372514 ], [ 33.5711677, 44.837254 ], [ 33.5713542, 44.8372655 ], [ 33.571489, 44.8372676 ], [ 33.5716372, 44.837279 ], [ 33.5717681, 44.8372963 ], [ 33.571884, 44.8373465 ], [ 33.571969, 44.8373592 ], [ 33.5720673, 44.8373698 ], [ 33.572204, 44.8373889 ], [ 33.5723893, 44.8374312 ], [ 33.5726158, 44.8374772 ], [ 33.572943, 44.8375533 ], [ 33.5731549, 44.8376169 ], [ 33.5735009, 44.8377099 ], [ 33.5735481, 44.8377226 ], [ 33.5744611, 44.8379683 ], [ 33.5748064, 44.8380875 ], [ 33.5750147, 44.8381776 ], [ 33.5752966, 44.8382964 ], [ 33.5759387, 44.8385826 ], [ 33.5760934, 44.838626 ], [ 33.5761743, 44.8386744 ], [ 33.5762389, 44.8387049 ], [ 33.576291, 44.8387291 ], [ 33.5764221, 44.8387864 ], [ 33.5769342, 44.8389836 ], [ 33.5771789, 44.8390871 ], [ 33.5773784, 44.8391115 ], [ 33.5778558, 44.8393777 ], [ 33.5783204, 44.83957 ], [ 33.5786187, 44.8397907 ], [ 33.5790616, 44.8400458 ], [ 33.5794676, 44.8402378 ], [ 33.5797967, 44.8404253 ], [ 33.5803042, 44.8406935 ], [ 33.5806578, 44.8409138 ], [ 33.5812987, 44.8413192 ], [ 33.5816697, 44.8416138 ], [ 33.5821372, 44.8419606 ], [ 33.5823402, 44.8420849 ], [ 33.5827277, 44.8424011 ], [ 33.5830507, 44.8426562 ], [ 33.5833674, 44.8429005 ], [ 33.5835212, 44.8430815 ], [ 33.5837273, 44.8432625 ], [ 33.584001, 44.8435307 ], [ 33.5842532, 44.8437183 ], [ 33.584653, 44.844222 ], [ 33.5848037, 44.8444444 ], [ 33.5854312, 44.8447781 ], [ 33.5858802, 44.8451597 ], [ 33.5862493, 44.8453123 ], [ 33.5867752, 44.8456045 ], [ 33.5871289, 44.8458815 ], [ 33.5879255, 44.8461977 ], [ 33.5884606, 44.8460363 ], [ 33.5888851, 44.8460014 ], [ 33.589328, 44.8458008 ], [ 33.5899461, 44.8457288 ], [ 33.5907735, 44.8453821 ], [ 33.5913855, 44.8451639 ], [ 33.5921151, 44.845319 ], [ 33.5928229, 44.845638 ], [ 33.5936232, 44.8460275 ], [ 33.5938014, 44.8461143 ], [ 33.59371, 44.846229 ], [ 33.5937594, 44.8462546 ], [ 33.5937822, 44.8462297 ], [ 33.5942965, 44.8464604 ], [ 33.594355, 44.8464785 ], [ 33.594494, 44.8463333 ], [ 33.5950995, 44.846702 ], [ 33.5955227, 44.8469891 ], [ 33.5956163, 44.8470625 ], [ 33.5956334, 44.8470759 ], [ 33.5956778, 44.8471107 ], [ 33.5960135, 44.84746 ], [ 33.596205, 44.847622 ], [ 33.5965766, 44.8480331 ], [ 33.5969024, 44.8484052 ], [ 33.5970663, 44.8485888 ], [ 33.5979975, 44.8498349 ], [ 33.598033, 44.849922 ], [ 33.5984997, 44.8506559 ], [ 33.5986533, 44.8509874 ], [ 33.5985894, 44.8511193 ], [ 33.599084, 44.8517801 ], [ 33.599092, 44.851942 ], [ 33.5995255, 44.8524539 ], [ 33.5995743, 44.8525136 ], [ 33.6002157, 44.8533694 ], [ 33.6003039, 44.853582 ], [ 33.6002768, 44.8536753 ], [ 33.6010254, 44.8549649 ], [ 33.6010245, 44.8552221 ], [ 33.6010445, 44.8552532 ], [ 33.6014687, 44.8559135 ], [ 33.6016251, 44.856312 ], [ 33.601697, 44.8566696 ], [ 33.6019496, 44.8574269 ], [ 33.6023423, 44.8581462 ], [ 33.6026119, 44.8584535 ], [ 33.6027919, 44.85886 ], [ 33.602997, 44.859003 ], [ 33.603178, 44.859131 ], [ 33.603547, 44.859899 ], [ 33.6037114, 44.8602517 ], [ 33.6039458, 44.8607813 ], [ 33.604063, 44.8612932 ], [ 33.6044859, 44.8621827 ], [ 33.6047287, 44.8624607 ], [ 33.6049191, 44.8629426 ], [ 33.605027, 44.863483 ], [ 33.6052452, 44.8641145 ], [ 33.6055566, 44.86484 ], [ 33.6059982, 44.8661606 ], [ 33.6060934, 44.8663294 ], [ 33.6063889, 44.8670161 ], [ 33.6064945, 44.8670165 ], [ 33.6066993, 44.8673415 ], [ 33.6067473, 44.8674831 ], [ 33.606694, 44.8675389 ], [ 33.6065729, 44.8676409 ], [ 33.6067473, 44.8681656 ], [ 33.6069326, 44.8688135 ], [ 33.607259, 44.869885 ], [ 33.607633, 44.871166 ], [ 33.608007, 44.872447 ], [ 33.60801, 44.872703 ], [ 33.6083051, 44.8741488 ], [ 33.6082808, 44.8747052 ], [ 33.6082761, 44.8747981 ], [ 33.6083634, 44.8751955 ], [ 33.6084929, 44.87601 ], [ 33.6085428, 44.8762785 ], [ 33.6086297, 44.8766923 ], [ 33.6087295, 44.8770426 ], [ 33.608804, 44.8778114 ], [ 33.6088775, 44.8787981 ], [ 33.6089388, 44.8793586 ], [ 33.6090031, 44.8801295 ], [ 33.6091274, 44.881316 ], [ 33.609249, 44.8824502 ], [ 33.6093115, 44.8831603 ], [ 33.6094577, 44.8839802 ], [ 33.6094999, 44.8842533 ], [ 33.609578, 44.884497 ], [ 33.6098779, 44.886471 ], [ 33.6099254, 44.8867869 ], [ 33.6099603, 44.8873507 ], [ 33.6102624, 44.8894263 ], [ 33.6106084, 44.8906372 ], [ 33.6105669, 44.8916194 ], [ 33.6104295, 44.8918279 ], [ 33.610764, 44.89424 ], [ 33.611149, 44.896547 ], [ 33.611152, 44.896803 ], [ 33.611154, 44.89706 ], [ 33.611194, 44.8976647 ], [ 33.6112895, 44.8986954 ], [ 33.6115946, 44.8989624 ], [ 33.6118634, 44.8993992 ], [ 33.6119938, 44.8996985 ], [ 33.6120459, 44.8999417 ], [ 33.61227, 44.900133 ], [ 33.6123382, 44.900657 ], [ 33.612642, 44.901157 ], [ 33.612645, 44.901413 ], [ 33.61265, 44.901926 ], [ 33.6127124, 44.9024092 ], [ 33.6129447, 44.9034357 ], [ 33.6130032, 44.9040967 ], [ 33.6129267, 44.9042037 ], [ 33.612962, 44.9046037 ], [ 33.613012, 44.9057532 ], [ 33.6129065, 44.9057991 ], [ 33.6129003, 44.9059018 ], [ 33.613, 44.9059066 ], [ 33.6130467, 44.9061156 ], [ 33.6130476, 44.9061725 ], [ 33.613071, 44.907568 ], [ 33.6131301, 44.9077926 ], [ 33.6134089, 44.9078295 ], [ 33.61344, 44.9085418 ], [ 33.6135139, 44.9101347 ], [ 33.6134869, 44.9120177 ], [ 33.6135659, 44.9131038 ], [ 33.6134534, 44.9137964 ], [ 33.6134295, 44.9139482 ], [ 33.613432, 44.9145237 ], [ 33.6134361, 44.9154829 ], [ 33.6134403, 44.9164778 ], [ 33.6134444, 44.917446 ], [ 33.613387, 44.9182769 ], [ 33.6133788, 44.9186188 ], [ 33.6133583, 44.9194689 ], [ 33.6133129, 44.9203006 ], [ 33.6131901, 44.9212654 ], [ 33.613111, 44.9220035 ], [ 33.613079, 44.9226169 ], [ 33.612887, 44.924246 ], [ 33.6127907, 44.9252012 ], [ 33.612731, 44.9255489 ], [ 33.612741, 44.9259853 ], [ 33.6127347, 44.9260237 ], [ 33.6123897, 44.9281486 ], [ 33.6122966, 44.9287222 ], [ 33.6121526, 44.9300385 ], [ 33.6119309, 44.9314439 ], [ 33.6115645, 44.9338225 ], [ 33.6111379, 44.936219 ], [ 33.6107142, 44.938115 ], [ 33.6104246, 44.939335 ], [ 33.6100864, 44.9405661 ], [ 33.6098927, 44.9415674 ], [ 33.6096159, 44.942369 ], [ 33.609426, 44.9432658 ], [ 33.6093037, 44.9438722 ], [ 33.6090768, 44.9446346 ], [ 33.6088777, 44.9453067 ], [ 33.608431, 44.946847 ], [ 33.6082386, 44.9473518 ], [ 33.6081549, 44.9476261 ], [ 33.608081, 44.947875 ], [ 33.6079958, 44.9483765 ], [ 33.6077528, 44.9493226 ], [ 33.6074535, 44.9493775 ], [ 33.6075205, 44.949936 ], [ 33.607387, 44.9502978 ], [ 33.6072647, 44.9502898 ], [ 33.6070748, 44.9514804 ], [ 33.6069109, 44.9519122 ], [ 33.6065209, 44.9535179 ], [ 33.6064253, 44.9537165 ], [ 33.6063329, 44.9539085 ], [ 33.606198, 44.9538844 ], [ 33.6061248, 44.9541534 ], [ 33.6060358, 44.9544809 ], [ 33.6060298, 44.9545028 ], [ 33.605864, 44.9550548 ], [ 33.6057832, 44.9555935 ], [ 33.605636, 44.955841 ], [ 33.6053493, 44.9566155 ], [ 33.605293, 44.9567774 ], [ 33.6050981, 44.9576026 ], [ 33.6049674, 44.9576608 ], [ 33.6049359, 44.9578837 ], [ 33.6048869, 44.9581036 ], [ 33.6047343, 44.9585117 ], [ 33.6045685, 44.9589569 ], [ 33.6045549, 44.9591363 ], [ 33.6044557, 44.9593264 ], [ 33.6043101, 44.9593909 ], [ 33.6042386, 44.9595491 ], [ 33.6042282, 44.9602728 ], [ 33.6041458, 44.9603563 ], [ 33.6040108, 44.9603778 ], [ 33.6039789, 44.960401 ], [ 33.6040216, 44.9608437 ], [ 33.6037577, 44.9615205 ], [ 33.6035849, 44.9618902 ], [ 33.6035279, 44.9620511 ], [ 33.6034168, 44.9623643 ], [ 33.6032561, 44.9627755 ], [ 33.6032085, 44.9629663 ], [ 33.6031638, 44.963304 ], [ 33.6030807, 44.963393 ], [ 33.6029715, 44.9634007 ], [ 33.6029413, 44.9634493 ], [ 33.602961, 44.9637131 ], [ 33.602884, 44.9638697 ], [ 33.6027456, 44.963872 ], [ 33.602725, 44.9643243 ], [ 33.6026681, 44.9645238 ], [ 33.6024909, 44.9645901 ], [ 33.6025385, 44.9647027 ], [ 33.6024868, 44.9648781 ], [ 33.6024196, 44.9652048 ], [ 33.6023525, 44.9652874 ], [ 33.6021162, 44.9652913 ], [ 33.6020943, 44.9653432 ], [ 33.6022806, 44.9655063 ], [ 33.6022545, 44.9657607 ], [ 33.6021904, 44.9658797 ], [ 33.6020794, 44.965899 ], [ 33.6020663, 44.9661741 ], [ 33.6017857, 44.9669203 ], [ 33.6014775, 44.967671 ], [ 33.6011739, 44.9683168 ], [ 33.6010248, 44.9687067 ], [ 33.600848, 44.9691138 ], [ 33.6006578, 44.9697191 ], [ 33.6005135, 44.970091 ], [ 33.6003301, 44.9705121 ], [ 33.6001386, 44.9710121 ], [ 33.5999087, 44.9715899 ], [ 33.5995917, 44.9725992 ], [ 33.5992113, 44.9736269 ], [ 33.598604, 44.974607 ], [ 33.5982688, 44.9750752 ], [ 33.5983246, 44.9755371 ], [ 33.5986384, 44.9764313 ], [ 33.5990354, 44.9767793 ], [ 33.5991027, 44.976951 ], [ 33.5993315, 44.9773041 ], [ 33.5995053, 44.9774145 ], [ 33.5995307, 44.9774155 ], [ 33.5999063, 44.977429 ], [ 33.6008936, 44.9777149 ], [ 33.6022036, 44.9780553 ], [ 33.6026735, 44.9780708 ], [ 33.6032486, 44.9782547 ], [ 33.6033969, 44.9784123 ], [ 33.6038652, 44.9787125 ], [ 33.6043378, 44.9794066 ], [ 33.6044625, 44.9793714 ], [ 33.6045959, 44.9793337 ], [ 33.6047675, 44.9794032 ], [ 33.6050261, 44.9796547 ], [ 33.6053201, 44.9804756 ], [ 33.6054552, 44.981388 ], [ 33.605613, 44.9822228 ], [ 33.6057188, 44.9826521 ], [ 33.6056732, 44.9832977 ], [ 33.6055885, 44.9840793 ], [ 33.6055143, 44.9845853 ], [ 33.6054507, 44.9848014 ], [ 33.6053619, 44.9851553 ], [ 33.6051593, 44.9860293 ], [ 33.6051033, 44.9870364 ], [ 33.6048763, 44.9884383 ], [ 33.6047593, 44.9889589 ], [ 33.6045955, 44.9896618 ], [ 33.604546, 44.989712 ], [ 33.6045206, 44.9905155 ], [ 33.6044767, 44.990932 ], [ 33.6043809, 44.9913194 ], [ 33.6042328, 44.9915768 ], [ 33.6043344, 44.9918163 ], [ 33.6045289, 44.9920023 ], [ 33.6045371, 44.9924151 ], [ 33.6045497, 44.9930482 ], [ 33.6044678, 44.9935709 ], [ 33.6043029, 44.9942899 ], [ 33.6041975, 44.9946662 ], [ 33.6041464, 44.994925 ], [ 33.603882, 44.99536 ], [ 33.603537, 44.996901 ], [ 33.6033372, 44.9981897 ], [ 33.6032842, 44.9986979 ], [ 33.6033173, 44.9989555 ], [ 33.6031881, 44.9994942 ], [ 33.603055750779809, 45.0 ], [ 35.0, 45.0 ], [ 35.0, 44.835158982695383 ], [ 34.9986165, 44.8342939 ] ] ] ] } },
{ "type": "Feature", "properties": { "FID": 148241, "id": 1522, "left": 30.0, "top": 45.0, "right": 35.0, "bottom": 40.0, "row_index": 9, "col_index": 42, "min_lon": 30.0, "min_lat": 40.0, "tile_id": "30_40" }, "geometry": { "type": "MultiPolygon", "coordinates": [ [ [ [ 33.4936672, 44.5000783 ], [ 33.4937204, 44.5001035 ], [ 33.4937946, 44.5000973 ], [ 33.4938341, 44.5000699 ], [ 33.4938384, 44.5000041 ], [ 33.4937759, 44.4999652 ], [ 33.4936861, 44.4999765 ], [ 33.4936459, 44.5000325 ], [ 33.4936672, 44.5000783 ] ] ] ] } },
{ "type": "Feature", "properties": { "FID": 148242, "id": 1522, "left": 30.0, "top": 45.0, "right": 35.0, "bottom": 40.0, "row_index": 9, "col_index": 42, "min_lon": 30.0, "min_lat": 40.0, "tile_id": "30_40" }, "geometry": { "type": "MultiPolygon", "coordinates": [ [ [ [ 33.5081322, 44.5016096 ], [ 33.5081322, 44.5016588 ], [ 33.5081657, 44.5016928 ], [ 33.5081965, 44.5017034 ], [ 33.5082529, 44.5017081 ], [ 33.5082958, 44.5017521 ], [ 33.5084133, 44.5017701 ], [ 33.5085098, 44.5017634 ], [ 33.5085678, 44.5017838 ], [ 33.5086498, 44.5017961 ], [ 33.5087356, 44.5018382 ], [ 33.5088164, 44.5018528 ], [ 33.508851, 44.5018937 ], [ 33.5089038, 44.5018982 ], [ 33.5089668, 44.5018564 ], [ 33.5089663, 44.5017713 ], [ 33.5089475, 44.5017005 ], [ 33.5088671, 44.5016276 ], [ 33.5087008, 44.5015599 ], [ 33.5085859, 44.5015586 ], [ 33.5084325, 44.5015465 ], [ 33.5083013, 44.5015496 ], [ 33.5082046, 44.5015532 ], [ 33.5081465, 44.5015751 ], [ 33.5081322, 44.5016096 ] ] ] ] } },
{ "type": "Feature", "properties": { "FID": 153227, "id": 1522, "left": 30.0, "top": 45.0, "right": 35.0, "bottom": 40.0, "row_index": 9, "col_index": 42, "min_lon": 30.0, "min_lat": 40.0, "tile_id": "30_40" }, "geometry": { "type": "MultiPolygon", "coordinates": [ [ [ [ 34.3721232, 44.5958484 ], [ 34.3720506, 44.5959314 ], [ 34.3721324, 44.5959917 ], [ 34.3722932, 44.5960396 ], [ 34.3724071, 44.5959938 ], [ 34.372448, 44.5959022 ], [ 34.3723808, 44.5958169 ], [ 34.3722493, 44.5957545 ], [ 34.3721003, 44.5957565 ], [ 34.3721248, 44.5958208 ], [ 34.3721232, 44.5958484 ] ] ] ] } },
{ "type": "Feature", "properties": { "FID": 153228, "id": 1522, "left": 30.0, "top": 45.0, "right": 35.0, "bottom": 40.0, "row_index": 9, "col_index": 42, "min_lon": 30.0, "min_lat": 40.0, "tile_id": "30_40" }, "geometry": { "type": "MultiPolygon", "coordinates": [ [ [ [ 34.3730452, 44.5953719 ], [ 34.3730874, 44.5953776 ], [ 34.3731966, 44.5953517 ], [ 34.3733009, 44.5952977 ], [ 34.3733877, 44.5952394 ], [ 34.3733794, 44.595228 ], [ 34.3732605, 44.5952524 ], [ 34.3731286, 44.5953331 ], [ 34.3730452, 44.5953719 ] ] ] ] } },
{ "type": "Feature", "properties": { "FID": 153814, "id": 1522, "left": 30.0, "top": 45.0, "right": 35.0, "bottom": 40.0, "row_index": 9, "col_index": 42, "min_lon": 30.0, "min_lat": 40.0, "tile_id": "30_40" }, "geometry": { "type": "MultiPolygon", "coordinates": [ [ [ [ 33.8158765, 44.3954475 ], [ 33.8158672, 44.395514 ], [ 33.8159758, 44.3955318 ], [ 33.8160813, 44.3954941 ], [ 33.8161247, 44.3954653 ], [ 33.8160999, 44.3953788 ], [ 33.8160627, 44.3953322 ], [ 33.8160192, 44.3953056 ], [ 33.8159448, 44.3952945 ], [ 33.8158796, 44.3953189 ], [ 33.8158424, 44.3953433 ], [ 33.8158579, 44.3953766 ], [ 33.8158765, 44.3954475 ] ] ] ] } },
{ "type": "Feature", "properties": { "FID": 154951, "id": 1522, "left": 30.0, "top": 45.0, "right": 35.0, "bottom": 40.0, "row_index": 9, "col_index": 42, "min_lon": 30.0, "min_lat": 40.0, "tile_id": "30_40" }, "geometry": { "type": "MultiPolygon", "coordinates": [ [ [ [ 34.9613003, 44.8384629 ], [ 34.961362, 44.8384591 ], [ 34.9614023, 44.8384334 ], [ 34.9614163, 44.8384087 ], [ 34.9614197, 44.8383873 ], [ 34.9614083, 44.8383759 ], [ 34.9613513, 44.8383478 ], [ 34.9612956, 44.8383124 ], [ 34.9612856, 44.8382832 ], [ 34.9612883, 44.8382589 ], [ 34.961307, 44.8382432 ], [ 34.9613882, 44.8382323 ], [ 34.9614841, 44.8382223 ], [ 34.9615344, 44.8382099 ], [ 34.9615481, 44.8381905 ], [ 34.9615505, 44.838161 ], [ 34.9615424, 44.8380996 ], [ 34.9615062, 44.8380288 ], [ 34.9614573, 44.8379846 ], [ 34.9614063, 44.8379655 ], [ 34.9613305, 44.8379546 ], [ 34.961242, 44.8379461 ], [ 34.961133, 44.8379358 ], [ 34.961065, 44.8379351 ], [ 34.9610093, 44.8379456 ], [ 34.9609734, 44.8379563 ], [ 34.9609456, 44.8379691 ], [ 34.9609201, 44.8379967 ], [ 34.9609178, 44.8380183 ], [ 34.9609289, 44.8380407 ], [ 34.9609443, 44.8380597 ], [ 34.9609671, 44.8380744 ], [ 34.9609741, 44.8380864 ], [ 34.9609775, 44.8380999 ], [ 34.9609773, 44.8381121 ], [ 34.9609671, 44.8381263 ], [ 34.9609336, 44.8381576 ], [ 34.9609054, 44.8381862 ], [ 34.9608843, 44.8382261 ], [ 34.960894, 44.8382587 ], [ 34.9609195, 44.8382879 ], [ 34.960949, 44.8383069 ], [ 34.9610858, 44.8383773 ], [ 34.9613003, 44.8384629 ] ] ] ] } },
{ "type": "Feature", "properties": { "FID": 156831, "id": 1522, "left": 30.0, "top": 45.0, "right": 35.0, "bottom": 40.0, "row_index": 9, "col_index": 42, "min_lon": 30.0, "min_lat": 40.0, "tile_id": "30_40" }, "geometry": { "type": "MultiPolygon", "coordinates": [ [ [ [ 34.3743328, 44.5919081 ], [ 34.3743528, 44.5918617 ], [ 34.3743478, 44.5918152 ], [ 34.3742575, 44.5918081 ], [ 34.3742324, 44.5917688 ], [ 34.3741672, 44.5917545 ], [ 34.3740969, 44.5917831 ], [ 34.3740969, 44.5918617 ], [ 34.374122, 44.5919153 ], [ 34.3742324, 44.5919689 ], [ 34.3743328, 44.5919081 ] ] ] ] } },
{ "type": "Feature", "properties": { "FID": 156832, "id": 1522, "left": 30.0, "top": 45.0, "right": 35.0, "bottom": 40.0, "row_index": 9, "col_index": 42, "min_lon": 30.0, "min_lat": 40.0, "tile_id": "30_40" }, "geometry": { "type": "MultiPolygon", "coordinates": [ [ [ [ 34.3736477, 44.5917211 ], [ 34.3736284, 44.5916685 ], [ 34.3735578, 44.5916685 ], [ 34.3735771, 44.5916319 ], [ 34.373561, 44.5915838 ], [ 34.3734871, 44.5915907 ], [ 34.3735032, 44.5915473 ], [ 34.3734743, 44.5915244 ], [ 34.3733619, 44.5915381 ], [ 34.3733201, 44.5915633 ], [ 34.3733137, 44.5916799 ], [ 34.373349, 44.5916936 ], [ 34.373394, 44.5917348 ], [ 34.3734422, 44.5917416 ], [ 34.3734711, 44.5917577 ], [ 34.3734582, 44.5917942 ], [ 34.3735199, 44.5917974 ], [ 34.3736477, 44.5917211 ] ] ] ] } },
{ "type": "Feature", "properties": { "FID": 234718, "id": 1522, "left": 30.0, "top": 45.0, "right": 35.0, "bottom": 40.0, "row_index": 9, "col_index": 42, "min_lon": 30.0, "min_lat": 40.0, "tile_id": "30_40" }, "geometry": { "type": "MultiPolygon", "coordinates": [ [ [ [ 33.2080329, 41.9768485 ], [ 33.208226, 41.9769762 ], [ 33.2084148, 41.9769411 ], [ 33.2083933, 41.9767018 ], [ 33.2082474, 41.9764577 ], [ 33.2080972, 41.9763939 ], [ 33.2080007, 41.9765375 ], [ 33.2079148, 41.9766571 ], [ 33.2080329, 41.9768485 ] ] ] ] } },
{ "type": "Feature", "properties": { "FID": 234719, "id": 1522, "left": 30.0, "top": 45.0, "right": 35.0, "bottom": 40.0, "row_index": 9, "col_index": 42, "min_lon": 30.0, "min_lat": 40.0, "tile_id": "30_40" }, "geometry": { "type": "MultiPolygon", "coordinates": [ [ [ [ 33.1805992, 41.9667741 ], [ 33.1808031, 41.9667501 ], [ 33.1812065, 41.9668746 ], [ 33.1809318, 41.9667182 ], [ 33.1805992, 41.9666145 ], [ 33.1805992, 41.9667741 ] ] ] ] } },
{ "type": "Feature", "properties": { "FID": 234720, "id": 1522, "left": 30.0, "top": 45.0, "right": 35.0, "bottom": 40.0, "row_index": 9, "col_index": 42, "min_lon": 30.0, "min_lat": 40.0, "tile_id": "30_40" }, "geometry": { "type": "MultiPolygon", "coordinates": [ [ [ [ 33.200351, 41.9740649 ], [ 33.2005334, 41.9741366 ], [ 33.2007802, 41.9741765 ], [ 33.2007265, 41.9739452 ], [ 33.2005227, 41.9739532 ], [ 33.200351, 41.9739372 ], [ 33.200351, 41.9740649 ] ] ] ] } },
{ "type": "Feature", "properties": { "FID": 234721, "id": 1522, "left": 30.0, "top": 45.0, "right": 35.0, "bottom": 40.0, "row_index": 9, "col_index": 42, "min_lon": 30.0, "min_lat": 40.0, "tile_id": "30_40" }, "geometry": { "type": "MultiPolygon", "coordinates": [ [ [ [ 33.2013273, 41.9743759 ], [ 33.2013595, 41.9744717 ], [ 33.2015419, 41.9744477 ], [ 33.2015805, 41.97462 ], [ 33.2016599, 41.9747588 ], [ 33.2018101, 41.9746232 ], [ 33.2019496, 41.9746471 ], [ 33.2020891, 41.9749422 ], [ 33.2021642, 41.9747827 ], [ 33.2022393, 41.9745275 ], [ 33.2020676, 41.9744078 ], [ 33.2019818, 41.9743361 ], [ 33.2019067, 41.9744956 ], [ 33.2017887, 41.9743919 ], [ 33.2018209, 41.9742722 ], [ 33.2016492, 41.9741606 ], [ 33.2014775, 41.9741686 ], [ 33.2013488, 41.9742643 ], [ 33.2013273, 41.9743759 ] ] ] ] } },
{ "type": "Feature", "properties": { "FID": 235060, "id": 1522, "left": 30.0, "top": 45.0, "right": 35.0, "bottom": 40.0, "row_index": 9, "col_index": 42, "min_lon": 30.0, "min_lat": 40.0, "tile_id": "30_40" }, "geometry": { "type": "MultiPolygon", "coordinates": [ [ [ [ 33.0704229, 41.9369173 ], [ 33.0703443, 41.9370396 ], [ 33.0705518, 41.9371805 ], [ 33.0708643, 41.9371742 ], [ 33.0709885, 41.9371717 ], [ 33.0710453, 41.9369092 ], [ 33.0707342, 41.9368333 ], [ 33.0705056, 41.9367886 ], [ 33.0704229, 41.9369173 ] ] ] ] } },
{ "type": "Feature", "properties": { "FID": 311259, "id": 1522, "left": 30.0, "top": 45.0, "right": 35.0, "bottom": 40.0, "row_index": 9, "col_index": 42, "min_lon": 30.0, "min_lat": 40.0, "tile_id": "30_40" }, "geometry": { "type": "MultiPolygon", "coordinates": [ [ [ [ 32.1450145, 41.6067154 ], [ 32.1449434, 41.6069944 ], [ 32.145281, 41.607207 ], [ 32.1455742, 41.6071472 ], [ 32.1456986, 41.6068615 ], [ 32.1458763, 41.606835 ], [ 32.145903, 41.6069745 ], [ 32.145823, 41.6071605 ], [ 32.1460096, 41.6072003 ], [ 32.146134, 41.6070475 ], [ 32.1461606, 41.6067353 ], [ 32.1456276, 41.6065626 ], [ 32.1450323, 41.6065161 ], [ 32.1450145, 41.6067154 ] ] ] ] } },
{ "type": "Feature", "properties": { "FID": 322876, "id": 1522, "left": 30.0, "top": 45.0, "right": 35.0, "bottom": 40.0, "row_index": 9, "col_index": 42, "min_lon": 30.0, "min_lat": 40.0, "tile_id": "30_40" }, "geometry": { "type": "MultiPolygon", "coordinates": [ [ [ [ 31.4166772, 41.2808026 ], [ 31.4167155, 41.2807832 ], [ 31.4167145, 41.2807131 ], [ 31.4166273, 41.2806763 ], [ 31.4165452, 41.2807171 ], [ 31.4165521, 41.2807915 ], [ 31.4166391, 41.2808219 ], [ 31.4166772, 41.2808026 ] ] ] ] } },
{ "type": "Feature", "properties": { "FID": 322877, "id": 1522, "left": 30.0, "top": 45.0, "right": 35.0, "bottom": 40.0, "row_index": 9, "col_index": 42, "min_lon": 30.0, "min_lat": 40.0, "tile_id": "30_40" }, "geometry": { "type": "MultiPolygon", "coordinates": [ [ [ [ 31.416087, 41.2811634 ], [ 31.4161188, 41.2811444 ], [ 31.4161027, 41.2810759 ], [ 31.4160188, 41.2810506 ], [ 31.4159525, 41.28109 ], [ 31.4159681, 41.28116 ], [ 31.4160537, 41.2811833 ], [ 31.416087, 41.2811634 ] ] ] ] } },
{ "type": "Feature", "properties": { "FID": 350236, "id": 1522, "left": 30.0, "top": 45.0, "right": 35.0, "bottom": 40.0, "row_index": 9, "col_index": 42, "min_lon": 30.0, "min_lat": 40.0, "tile_id": "30_40" }, "geometry": { "type": "MultiPolygon", "coordinates": [ [ [ [ 34.376268, 44.5973204 ], [ 34.3762215, 44.59729 ], [ 34.376112, 44.5972696 ], [ 34.376062, 44.5972162 ], [ 34.3761974, 44.59719 ], [ 34.3762069, 44.5971026 ], [ 34.3761458, 44.5971568 ], [ 34.3760317, 44.5971924 ], [ 34.3761145, 44.597293 ], [ 34.3761102, 44.5973438 ], [ 34.3760788, 44.5973794 ], [ 34.3761687, 44.5974139 ], [ 34.3762486, 44.5973641 ], [ 34.376268, 44.5973204 ] ] ] ] } },
{ "type": "Feature", "properties": { "FID": 350237, "id": 1522, "left": 30.0, "top": 45.0, "right": 35.0, "bottom": 40.0, "row_index": 9, "col_index": 42, "min_lon": 30.0, "min_lat": 40.0, "tile_id": "30_40" }, "geometry": { "type": "MultiPolygon", "coordinates": [ [ [ [ 34.3724035, 44.5909944 ], [ 34.3723712, 44.5909886 ], [ 34.3723671, 44.5910152 ], [ 34.3723641, 44.5910483 ], [ 34.3723954, 44.5910339 ], [ 34.3724035, 44.5909944 ] ] ] ] } },
{ "type": "Feature", "properties": { "FID": 350238, "id": 1522, "left": 30.0, "top": 45.0, "right": 35.0, "bottom": 40.0, "row_index": 9, "col_index": 42, "min_lon": 30.0, "min_lat": 40.0, "tile_id": "30_40" }, "geometry": { "type": "MultiPolygon", "coordinates": [ [ [ [ 34.3661923, 44.5912686 ], [ 34.3661595, 44.5912666 ], [ 34.3661267, 44.5912757 ], [ 34.3661338, 44.5912879 ], [ 34.3661666, 44.5912818 ], [ 34.3661852, 44.5912849 ], [ 34.3661923, 44.5912686 ] ] ] ] } },
{ "type": "Feature", "properties": { "FID": 350718, "id": 1522, "left": 30.0, "top": 45.0, "right": 35.0, "bottom": 40.0, "row_index": 9, "col_index": 42, "min_lon": 30.0, "min_lat": 40.0, "tile_id": "30_40" }, "geometry": { "type": "MultiPolygon", "coordinates": [ [ [ [ 33.4675867, 44.5201452 ], [ 33.467589, 44.5202152 ], [ 33.4676878, 44.5202587 ], [ 33.4677096, 44.5203157 ], [ 33.46773, 44.5203227 ], [ 33.4678187, 44.5201922 ], [ 33.4678524, 44.520143 ], [ 33.4678988, 44.5201197 ], [ 33.4679639, 44.5200401 ], [ 33.4679842, 44.519978 ], [ 33.4679624, 44.5199562 ], [ 33.4678436, 44.5199731 ], [ 33.4677146, 44.5200331 ], [ 33.4676598, 44.520089 ], [ 33.4675867, 44.5201452 ] ] ] ] } },
{ "type": "Feature", "properties": { "FID": 350719, "id": 1522, "left": 30.0, "top": 45.0, "right": 35.0, "bottom": 40.0, "row_index": 9, "col_index": 42, "min_lon": 30.0, "min_lat": 40.0, "tile_id": "30_40" }, "geometry": { "type": "MultiPolygon", "coordinates": [ [ [ [ 33.4728729, 44.5141588 ], [ 33.4728898, 44.5141798 ], [ 33.4729277, 44.5141881 ], [ 33.4729425, 44.514169 ], [ 33.4729366, 44.5141157 ], [ 33.4729206, 44.5140799 ], [ 33.472841, 44.5140881 ], [ 33.4728371, 44.5141337 ], [ 33.4728729, 44.5141588 ] ] ] ] } },
{ "type": "Feature", "properties": { "FID": 350720, "id": 1522, "left": 30.0, "top": 45.0, "right": 35.0, "bottom": 40.0, "row_index": 9, "col_index": 42, "min_lon": 30.0, "min_lat": 40.0, "tile_id": "30_40" }, "geometry": { "type": "MultiPolygon", "coordinates": [ [ [ [ 33.4734099, 44.5162048 ], [ 33.4734592, 44.5162254 ], [ 33.4735218, 44.5162183 ], [ 33.4735432, 44.516201 ], [ 33.4735656, 44.5161676 ], [ 33.4735345, 44.5161542 ], [ 33.4734992, 44.5161582 ], [ 33.4734456, 44.5161483 ], [ 33.473399, 44.5161655 ], [ 33.4734099, 44.5162048 ] ] ] ] } },
{ "type": "Feature", "properties": { "FID": 363867, "id": 1522, "left": 30.0, "top": 45.0, "right": 35.0, "bottom": 40.0, "row_index": 9, "col_index": 42, "min_lon": 30.0, "min_lat": 40.0, "tile_id": "30_40" }, "geometry": { "type": "MultiPolygon", "coordinates": [ [ [ [ 33.4947227, 44.4999374 ], [ 33.494776, 44.499952 ], [ 33.4948538, 44.4999462 ], [ 33.4948989, 44.4999052 ], [ 33.4949358, 44.4998453 ], [ 33.4949911, 44.4997883 ], [ 33.4950116, 44.499708 ], [ 33.4949747, 44.4996524 ], [ 33.4948559, 44.4996553 ], [ 33.4948006, 44.4996729 ], [ 33.4947145, 44.4997094 ], [ 33.4946858, 44.4997679 ], [ 33.4946817, 44.4998541 ], [ 33.4947084, 44.4999199 ], [ 33.4947227, 44.4999374 ] ] ] ] } },
{ "type": "Feature", "properties": { "FID": 371593, "id": 1522, "left": 30.0, "top": 45.0, "right": 35.0, "bottom": 40.0, "row_index": 9, "col_index": 42, "min_lon": 30.0, "min_lat": 40.0, "tile_id": "30_40" }, "geometry": { "type": "MultiPolygon", "coordinates": [ [ [ [ 34.9066643, 44.8170266 ], [ 34.9066463, 44.8169428 ], [ 34.9065647, 44.8169069 ], [ 34.9065336, 44.816986 ], [ 34.9065354, 44.817082 ], [ 34.9065793, 44.8171766 ], [ 34.9066616, 44.8172778 ], [ 34.9066652, 44.817331 ], [ 34.9066872, 44.8173543 ], [ 34.9067091, 44.8173737 ], [ 34.9066945, 44.8174152 ], [ 34.9067073, 44.8174827 ], [ 34.906848, 44.8173828 ], [ 34.9068389, 44.8173413 ], [ 34.9068828, 44.8173491 ], [ 34.9069815, 44.8173102 ], [ 34.9069632, 44.8172765 ], [ 34.9069632, 44.8172493 ], [ 34.9069632, 44.8172272 ], [ 34.9069449, 44.8172039 ], [ 34.9069175, 44.8172052 ], [ 34.9069285, 44.8171883 ], [ 34.9068882, 44.8171196 ], [ 34.9068828, 44.8170846 ], [ 34.9068535, 44.8170625 ], [ 34.9068462, 44.8170366 ], [ 34.9068279, 44.8170262 ], [ 34.9068297, 44.8170068 ], [ 34.9068042, 44.8169783 ], [ 34.9067475, 44.8169614 ], [ 34.9066643, 44.8170266 ] ] ] ] } },
{ "type": "Feature", "properties": { "FID": 376866, "id": 1522, "left": 30.0, "top": 45.0, "right": 35.0, "bottom": 40.0, "row_index": 9, "col_index": 42, "min_lon": 30.0, "min_lat": 40.0, "tile_id": "30_40" }, "geometry": { "type": "MultiPolygon", "coordinates": [ [ [ [ 31.5841603, 41.3745201 ], [ 31.5843016, 41.3745665 ], [ 31.5843369, 41.3744936 ], [ 31.5842221, 41.3744472 ], [ 31.5841603, 41.3745201 ] ] ] ] } },
{ "type": "Feature", "properties": { "FID": 376867, "id": 1522, "left": 30.0, "top": 45.0, "right": 35.0, "bottom": 40.0, "row_index": 9, "col_index": 42, "min_lon": 30.0, "min_lat": 40.0, "tile_id": "30_40" }, "geometry": { "type": "MultiPolygon", "coordinates": [ [ [ [ 31.5641448, 41.3725054 ], [ 31.5642949, 41.372512 ], [ 31.5644627, 41.3725584 ], [ 31.5646128, 41.3724987 ], [ 31.564445, 41.3723728 ], [ 31.5641713, 41.3724059 ], [ 31.5641448, 41.3725054 ] ] ] ] } },
{ "type": "Feature", "properties": { "FID": 454034, "id": 1522, "left": 30.0, "top": 45.0, "right": 35.0, "bottom": 40.0, "row_index": 9, "col_index": 42, "min_lon": 30.0, "min_lat": 40.0, "tile_id": "30_40" }, "geometry": { "type": "MultiPolygon", "coordinates": [ [ [ [ 31.4097563, 41.2176303 ], [ 31.4096517, 41.2175981 ], [ 31.4094613, 41.2176667 ], [ 31.4094076, 41.2176989 ], [ 31.4094116, 41.2177322 ], [ 31.4094653, 41.2177948 ], [ 31.4095739, 41.2177887 ], [ 31.4097831, 41.2177151 ], [ 31.4097965, 41.217701 ], [ 31.4097724, 41.2176657 ], [ 31.4097563, 41.2176303 ] ] ] ] } },
{ "type": "Feature", "properties": { "FID": 471760, "id": 1522, "left": 30.0, "top": 45.0, "right": 35.0, "bottom": 40.0, "row_index": 9, "col_index": 42, "min_lon": 30.0, "min_lat": 40.0, "tile_id": "30_40" }, "geometry": { "type": "MultiPolygon", "coordinates": [ [ [ [ 33.4264558, 44.5460587 ], [ 33.4266436, 44.546074 ], [ 33.4268045, 44.5460606 ], [ 33.426944, 44.5460071 ], [ 33.4268957, 44.5459344 ], [ 33.4268206, 44.5458981 ], [ 33.4267294, 44.5459077 ], [ 33.4266758, 44.5459516 ], [ 33.4265953, 44.5459937 ], [ 33.4265149, 44.5460185 ], [ 33.4263888, 44.5460147 ], [ 33.426311, 44.5460147 ], [ 33.4262547, 44.5460644 ], [ 33.4264558, 44.5460587 ] ] ] ] } },
{ "type": "Feature", "properties": { "FID": 471761, "id": 1522, "left": 30.0, "top": 45.0, "right": 35.0, "bottom": 40.0, "row_index": 9, "col_index": 42, "min_lon": 30.0, "min_lat": 40.0, "tile_id": "30_40" }, "geometry": { "type": "MultiPolygon", "coordinates": [ [ [ [ 33.4228402, 44.54763 ], [ 33.4229287, 44.5476032 ], [ 33.4228805, 44.5475745 ], [ 33.4227463, 44.5475306 ], [ 33.4226042, 44.5475535 ], [ 33.4225532, 44.5475726 ], [ 33.422623, 44.5476491 ], [ 33.4228402, 44.54763 ] ] ] ] } },
{ "type": "Feature", "properties": { "FID": 471762, "id": 1522, "left": 30.0, "top": 45.0, "right": 35.0, "bottom": 40.0, "row_index": 9, "col_index": 42, "min_lon": 30.0, "min_lat": 40.0, "tile_id": "30_40" }, "geometry": { "type": "MultiPolygon", "coordinates": [ [ [ [ 33.4147252, 44.5524 ], [ 33.414626, 44.5523598 ], [ 33.4144033, 44.5523579 ], [ 33.4143014, 44.5523694 ], [ 33.4143229, 44.5523847 ], [ 33.4145187, 44.5524076 ], [ 33.4147118, 44.5524458 ], [ 33.4147252, 44.5524 ] ] ] ] } },
{ "type": "Feature", "properties": { "FID": 471763, "id": 1522, "left": 30.0, "top": 45.0, "right": 35.0, "bottom": 40.0, "row_index": 9, "col_index": 42, "min_lon": 30.0, "min_lat": 40.0, "tile_id": "30_40" }, "geometry": { "type": "MultiPolygon", "coordinates": [ [ [ [ 33.4025641, 44.5588447 ], [ 33.4025922, 44.5587779 ], [ 33.4025547, 44.5587511 ], [ 33.4024943, 44.5587616 ], [ 33.4024326, 44.5587865 ], [ 33.4024313, 44.5588304 ], [ 33.4024823, 44.5588562 ], [ 33.4025641, 44.5588447 ] ] ] ] } },
{ "type": "Feature", "properties": { "FID": 471764, "id": 1522, "left": 30.0, "top": 45.0, "right": 35.0, "bottom": 40.0, "row_index": 9, "col_index": 42, "min_lon": 30.0, "min_lat": 40.0, "tile_id": "30_40" }, "geometry": { "type": "MultiPolygon", "coordinates": [ [ [ [ 33.4063259, 44.5569809 ], [ 33.4063413, 44.5569971 ], [ 33.4063943, 44.5569804 ], [ 33.4063963, 44.5569436 ], [ 33.406356, 44.5569307 ], [ 33.4063265, 44.5569517 ], [ 33.4062923, 44.5569359 ], [ 33.4062816, 44.5569546 ], [ 33.4062642, 44.5569613 ], [ 33.4062823, 44.5569871 ], [ 33.4063259, 44.5569809 ] ] ] ] } },
{ "type": "Feature", "properties": { "FID": 471765, "id": 1522, "left": 30.0, "top": 45.0, "right": 35.0, "bottom": 40.0, "row_index": 9, "col_index": 42, "min_lon": 30.0, "min_lat": 40.0, "tile_id": "30_40" }, "geometry": { "type": "MultiPolygon", "coordinates": [ [ [ [ 33.4068576, 44.5567348 ], [ 33.406875, 44.5567248 ], [ 33.4068415, 44.5566961 ], [ 33.4067818, 44.5566483 ], [ 33.4067255, 44.5566383 ], [ 33.4067121, 44.556665 ], [ 33.4067517, 44.5566884 ], [ 33.4067523, 44.5567238 ], [ 33.4068013, 44.5567257 ], [ 33.4068576, 44.5567348 ] ] ] ] } },
{ "type": "Feature", "properties": { "FID": 471766, "id": 1522, "left": 30.0, "top": 45.0, "right": 35.0, "bottom": 40.0, "row_index": 9, "col_index": 42, "min_lon": 30.0, "min_lat": 40.0, "tile_id": "30_40" }, "geometry": { "type": "MultiPolygon", "coordinates": [ [ [ [ 33.4077816, 44.5564276 ], [ 33.4078272, 44.5564409 ], [ 33.4078849, 44.5564515 ], [ 33.4078956, 44.5564218 ], [ 33.4078313, 44.5563941 ], [ 33.4078031, 44.5563817 ], [ 33.4077696, 44.5563645 ], [ 33.407724, 44.5563568 ], [ 33.407673, 44.5563683 ], [ 33.4076422, 44.5563817 ], [ 33.4076717, 44.5564132 ], [ 33.4077119, 44.556439 ], [ 33.4077816, 44.5564276 ] ] ] ] } },
{ "type": "Feature", "properties": { "FID": 471859, "id": 1522, "left": 30.0, "top": 45.0, "right": 35.0, "bottom": 40.0, "row_index": 9, "col_index": 42, "min_lon": 30.0, "min_lat": 40.0, "tile_id": "30_40" }, "geometry": { "type": "MultiPolygon", "coordinates": [ [ [ [ 34.144334, 44.4556321 ], [ 34.1443555, 44.4556455 ], [ 34.144381, 44.4556522 ], [ 34.1444024, 44.4556647 ], [ 34.1444212, 44.45568 ], [ 34.144448, 44.4556857 ], [ 34.1444762, 44.4556867 ], [ 34.1445043, 44.4556867 ], [ 34.1445312, 44.455681 ], [ 34.144554, 44.4556675 ], [ 34.1445714, 44.4556513 ], [ 34.1445955, 44.4556398 ], [ 34.1446089, 44.4556226 ], [ 34.1446063, 44.4556034 ], [ 34.1445955, 44.4555862 ], [ 34.1445768, 44.4555718 ], [ 34.1445553, 44.4555594 ], [ 34.1445354, 44.4555477 ], [ 34.1445124, 44.4555374 ], [ 34.1444869, 44.4555307 ], [ 34.1444628, 44.4555393 ], [ 34.14444, 44.4555508 ], [ 34.1444172, 44.4555603 ], [ 34.1443957, 44.4555709 ], [ 34.1443743, 44.4555814 ], [ 34.1443568, 44.4555958 ], [ 34.1443327, 44.4556034 ], [ 34.1443139, 44.4556168 ], [ 34.144334, 44.4556321 ] ] ] ] } },
{ "type": "Feature", "properties": { "FID": 472988, "id": 1522, "left": 30.0, "top": 45.0, "right": 35.0, "bottom": 40.0, "row_index": 9, "col_index": 42, "min_lon": 30.0, "min_lat": 40.0, "tile_id": "30_40" }, "geometry": { "type": "MultiPolygon", "coordinates": [ [ [ [ 33.7775677, 44.3862248 ], [ 33.7776093, 44.3861999 ], [ 33.7776133, 44.3861682 ], [ 33.777612, 44.3861395 ], [ 33.7775945, 44.3861174 ], [ 33.777565, 44.3861079 ], [ 33.7775355, 44.3861213 ], [ 33.7774966, 44.3861462 ], [ 33.7774698, 44.3861673 ], [ 33.7774698, 44.3861989 ], [ 33.7774859, 44.3862267 ], [ 33.7775033, 44.3862315 ], [ 33.7775315, 44.3862324 ], [ 33.7775677, 44.3862248 ] ] ] ] } },
{ "type": "Feature", "properties": { "FID": 472989, "id": 1522, "left": 30.0, "top": 45.0, "right": 35.0, "bottom": 40.0, "row_index": 9, "col_index": 42, "min_lon": 30.0, "min_lat": 40.0, "tile_id": "30_40" }, "geometry": { "type": "MultiPolygon", "coordinates": [ [ [ [ 33.6425217, 44.4456815 ], [ 33.6425767, 44.4456604 ], [ 33.6426491, 44.4456317 ], [ 33.6427001, 44.4455953 ], [ 33.6427041, 44.4455513 ], [ 33.642692, 44.4455073 ], [ 33.6426639, 44.4454871 ], [ 33.6426102, 44.4454642 ], [ 33.6425485, 44.4454623 ], [ 33.642511, 44.44549 ], [ 33.6424761, 44.4455149 ], [ 33.6424292, 44.4455302 ], [ 33.6424265, 44.4455676 ], [ 33.6424131, 44.4455925 ], [ 33.6424081, 44.4456099 ], [ 33.6424094, 44.4456391 ], [ 33.6424154, 44.445664 ], [ 33.6424335, 44.4456817 ], [ 33.6424694, 44.4456901 ], [ 33.6425217, 44.4456815 ] ] ] ] } },
{ "type": "Feature", "properties": { "FID": 472990, "id": 1522, "left": 30.0, "top": 45.0, "right": 35.0, "bottom": 40.0, "row_index": 9, "col_index": 42, "min_lon": 30.0, "min_lat": 40.0, "tile_id": "30_40" }, "geometry": { "type": "MultiPolygon", "coordinates": [ [ [ [ 33.6413196, 44.4563965 ], [ 33.6413142, 44.4563774 ], [ 33.6413129, 44.4563573 ], [ 33.6413115, 44.4563372 ], [ 33.6412914, 44.4563238 ], [ 33.6412726, 44.4563085 ], [ 33.6412485, 44.456319 ], [ 33.6412485, 44.4563391 ], [ 33.6412338, 44.4563554 ], [ 33.6412163, 44.4563717 ], [ 33.641215, 44.4563908 ], [ 33.6412364, 44.4564013 ], [ 33.6412619, 44.4564032 ], [ 33.6412861, 44.4564128 ], [ 33.6413115, 44.4564195 ], [ 33.6413196, 44.4564157 ], [ 33.6413196, 44.4563965 ] ] ] ] } },
{ "type": "Feature", "properties": { "FID": 472991, "id": 1522, "left": 30.0, "top": 45.0, "right": 35.0, "bottom": 40.0, "row_index": 9, "col_index": 42, "min_lon": 30.0, "min_lat": 40.0, "tile_id": "30_40" }, "geometry": { "type": "MultiPolygon", "coordinates": [ [ [ [ 33.7834787, 44.3872134 ], [ 33.7835115, 44.3872081 ], [ 33.783545, 44.3871798 ], [ 33.783529, 44.3871564 ], [ 33.7834974, 44.3871463 ], [ 33.7834639, 44.3871444 ], [ 33.7834317, 44.3871544 ], [ 33.7834183, 44.3871707 ], [ 33.7834176, 44.3871913 ], [ 33.7834116, 44.3872071 ], [ 33.7834398, 44.3872254 ], [ 33.7834787, 44.3872134 ] ] ] ] } },
{ "type": "Feature", "properties": { "FID": 489290, "id": 1522, "left": 30.0, "top": 45.0, "right": 35.0, "bottom": 40.0, "row_index": 9, "col_index": 42, "min_lon": 30.0, "min_lat": 40.0, "tile_id": "30_40" }, "geometry": { "type": "MultiPolygon", "coordinates": [ [ [ [ 32.3386254, 41.7327619 ], [ 32.3387065, 41.7328224 ], [ 32.3387003, 41.732948 ], [ 32.338825, 41.7331621 ], [ 32.3387751, 41.7336322 ], [ 32.3388998, 41.7337765 ], [ 32.3389622, 41.7339393 ], [ 32.3390495, 41.7338137 ], [ 32.3390948, 41.7335556 ], [ 32.3391181, 41.7334227 ], [ 32.3391077, 41.7333811 ], [ 32.3390951, 41.7333311 ], [ 32.3390058, 41.732976 ], [ 32.3388624, 41.732827 ], [ 32.3388437, 41.7327153 ], [ 32.3386504, 41.7326455 ], [ 32.3386254, 41.7327619 ] ] ] ] } },
{ "type": "Feature", "properties": { "FID": 489291, "id": 1522, "left": 30.0, "top": 45.0, "right": 35.0, "bottom": 40.0, "row_index": 9, "col_index": 42, "min_lon": 30.0, "min_lat": 40.0, "tile_id": "30_40" }, "geometry": { "type": "MultiPolygon", "coordinates": [ [ [ [ 32.3389678, 41.7344603 ], [ 32.3389722, 41.7345097 ], [ 32.3390339, 41.7345261 ], [ 32.3390824, 41.73448 ], [ 32.3389986, 41.7344274 ], [ 32.3389678, 41.7344603 ] ] ] ] } },
{ "type": "Feature", "properties": { "FID": 495681, "id": 1522, "left": 30.0, "top": 45.0, "right": 35.0, "bottom": 40.0, "row_index": 9, "col_index": 42, "min_lon": 30.0, "min_lat": 40.0, "tile_id": "30_40" }, "geometry": { "type": "MultiPolygon", "coordinates": [ [ [ [ 33.5241755, 44.6183721 ], [ 33.5242274, 44.618388 ], [ 33.5242517, 44.6184039 ], [ 33.5242772, 44.618427 ], [ 33.5243158, 44.6184307 ], [ 33.5243574, 44.6184256 ], [ 33.5243859, 44.618409 ], [ 33.5243879, 44.6183793 ], [ 33.5243808, 44.618367 ], [ 33.5243686, 44.6183431 ], [ 33.5243473, 44.6183294 ], [ 33.5242782, 44.6183084 ], [ 33.5242487, 44.6183004 ], [ 33.5242162, 44.6183149 ], [ 33.5241715, 44.6183424 ], [ 33.5242131, 44.6183489 ], [ 33.5241755, 44.6183721 ] ] ] ] } },
{ "type": "Feature", "properties": { "FID": 559717, "id": 1522, "left": 30.0, "top": 45.0, "right": 35.0, "bottom": 40.0, "row_index": 9, "col_index": 42, "min_lon": 30.0, "min_lat": 40.0, "tile_id": "30_40" }, "geometry": { "type": "MultiPolygon", "coordinates": [ [ [ [ 33.5155436, 44.5009793 ], [ 33.5155599, 44.500916 ], [ 33.5153987, 44.5008844 ], [ 33.5152446, 44.5008344 ], [ 33.5151908, 44.5008774 ], [ 33.5152049, 44.5009476 ], [ 33.51531, 44.5009976 ], [ 33.5154781, 44.5010143 ], [ 33.5155436, 44.5009793 ] ] ] ] } },
{ "type": "Feature", "properties": { "FID": 670807, "id": 1522, "left": 30.0, "top": 45.0, "right": 35.0, "bottom": 40.0, "row_index": 9, "col_index": 42, "min_lon": 30.0, "min_lat": 40.0, "tile_id": "30_40" }, "geometry": { "type": "MultiPolygon", "coordinates": [ [ [ [ 33.4073167, 44.5557414 ], [ 33.4072793, 44.555725 ], [ 33.4072454, 44.5557213 ], [ 33.407232, 44.555748 ], [ 33.4072716, 44.5557714 ], [ 33.4073167, 44.5557414 ] ] ] ] } },
{ "type": "Feature", "properties": { "FID": 670808, "id": 1522, "left": 30.0, "top": 45.0, "right": 35.0, "bottom": 40.0, "row_index": 9, "col_index": 42, "min_lon": 30.0, "min_lat": 40.0, "tile_id": "30_40" }, "geometry": { "type": "MultiPolygon", "coordinates": [ [ [ [ 33.4094673, 44.5546167 ], [ 33.4094826, 44.5546137 ], [ 33.409486, 44.5545942 ], [ 33.4094729, 44.5545771 ], [ 33.4094212, 44.5545498 ], [ 33.409382, 44.5545568 ], [ 33.4093686, 44.5545835 ], [ 33.4094082, 44.5546069 ], [ 33.4094673, 44.5546167 ] ] ] ] } },
{ "type": "Feature", "properties": { "FID": 670809, "id": 1522, "left": 30.0, "top": 45.0, "right": 35.0, "bottom": 40.0, "row_index": 9, "col_index": 42, "min_lon": 30.0, "min_lat": 40.0, "tile_id": "30_40" }, "geometry": { "type": "MultiPolygon", "coordinates": [ [ [ [ 33.4080651, 44.5551702 ], [ 33.408095, 44.5551538 ], [ 33.4081123, 44.555132 ], [ 33.4081235, 44.5551166 ], [ 33.4081274, 44.5550967 ], [ 33.4081211, 44.5550914 ], [ 33.4081006, 44.555094 ], [ 33.4080817, 44.555089 ], [ 33.4080708, 44.5550709 ], [ 33.4080649, 44.5550532 ], [ 33.4080323, 44.5550491 ], [ 33.4079903, 44.5550665 ], [ 33.4080069, 44.5550873 ], [ 33.4079809, 44.5551236 ], [ 33.4080128, 44.5551572 ], [ 33.4080651, 44.5551702 ] ] ] ] } },
{ "type": "Feature", "properties": { "FID": 670810, "id": 1522, "left": 30.0, "top": 45.0, "right": 35.0, "bottom": 40.0, "row_index": 9, "col_index": 42, "min_lon": 30.0, "min_lat": 40.0, "tile_id": "30_40" }, "geometry": { "type": "MultiPolygon", "coordinates": [ [ [ [ 33.4084948, 44.5552591 ], [ 33.4085171, 44.5552499 ], [ 33.4085344, 44.5552331 ], [ 33.4085435, 44.5552182 ], [ 33.408563, 44.5552049 ], [ 33.4085644, 44.5551913 ], [ 33.4085646, 44.5551774 ], [ 33.4085504, 44.5551599 ], [ 33.408528, 44.5551483 ], [ 33.4084982, 44.5551452 ], [ 33.4084835, 44.5551453 ], [ 33.4084803, 44.5551595 ], [ 33.408473, 44.5551731 ], [ 33.408445, 44.555172 ], [ 33.4084334, 44.5551854 ], [ 33.4084161, 44.5552141 ], [ 33.4084217, 44.5552369 ], [ 33.4084072, 44.5552486 ], [ 33.408375, 44.5552483 ], [ 33.4083618, 44.5552507 ], [ 33.4083562, 44.5552565 ], [ 33.4083543, 44.5552901 ], [ 33.408372, 44.5553002 ], [ 33.4083886, 44.555307 ], [ 33.4083969, 44.5553268 ], [ 33.4084285, 44.5553332 ], [ 33.4084605, 44.5553402 ], [ 33.4085129, 44.5553379 ], [ 33.4085151, 44.5553318 ], [ 33.4084867, 44.5553135 ], [ 33.408438, 44.5553015 ], [ 33.4084209, 44.5552713 ], [ 33.4084251, 44.5552614 ], [ 33.408439, 44.5552587 ], [ 33.4084948, 44.5552591 ] ] ] ] } },
{ "type": "Feature", "properties": { "FID": 670811, "id": 1522, "left": 30.0, "top": 45.0, "right": 35.0, "bottom": 40.0, "row_index": 9, "col_index": 42, "min_lon": 30.0, "min_lat": 40.0, "tile_id": "30_40" }, "geometry": { "type": "MultiPolygon", "coordinates": [ [ [ [ 33.4084588, 44.5555486 ], [ 33.408479, 44.5555457 ], [ 33.4084813, 44.5555315 ], [ 33.4084803, 44.5555163 ], [ 33.4084758, 44.5555152 ], [ 33.4084622, 44.5555162 ], [ 33.4084521, 44.5555118 ], [ 33.4084476, 44.5555021 ], [ 33.4084434, 44.5555001 ], [ 33.4084228, 44.5555084 ], [ 33.4084091, 44.5555208 ], [ 33.4084172, 44.5555376 ], [ 33.4084378, 44.5555544 ], [ 33.4084588, 44.5555486 ] ] ] ] } },
{ "type": "Feature", "properties": { "FID": 670812, "id": 1522, "left": 30.0, "top": 45.0, "right": 35.0, "bottom": 40.0, "row_index": 9, "col_index": 42, "min_lon": 30.0, "min_lat": 40.0, "tile_id": "30_40" }, "geometry": { "type": "MultiPolygon", "coordinates": [ [ [ [ 33.4131287, 44.5535178 ], [ 33.4131656, 44.5535289 ], [ 33.4132161, 44.5535212 ], [ 33.4132273, 44.5534963 ], [ 33.4132027, 44.5534654 ], [ 33.4131645, 44.5534181 ], [ 33.413107, 44.5534201 ], [ 33.4130923, 44.5534367 ], [ 33.4130847, 44.5534589 ], [ 33.4130932, 44.5534836 ], [ 33.4131287, 44.5535178 ] ] ] ] } },
{ "type": "Feature", "properties": { "FID": 678899, "id": 1522, "left": 30.0, "top": 45.0, "right": 35.0, "bottom": 40.0, "row_index": 9, "col_index": 42, "min_lon": 30.0, "min_lat": 40.0, "tile_id": "30_40" }, "geometry": { "type": "MultiPolygon", "coordinates": [ [ [ [ 33.4036632, 44.5726361 ], [ 33.4037444, 44.5726446 ], [ 33.4038345, 44.572651 ], [ 33.4038826, 44.5726553 ], [ 33.4039547, 44.5726746 ], [ 33.4040539, 44.572681 ], [ 33.404111, 44.5726532 ], [ 33.4041501, 44.5726232 ], [ 33.404132, 44.5725847 ], [ 33.404096, 44.5725397 ], [ 33.4040359, 44.5725033 ], [ 33.4039547, 44.5724455 ], [ 33.4039247, 44.572392 ], [ 33.4039307, 44.5723385 ], [ 33.4038976, 44.5722764 ], [ 33.4038435, 44.5722914 ], [ 33.4038105, 44.5722507 ], [ 33.4038165, 44.5721993 ], [ 33.4038105, 44.5721587 ], [ 33.4038135, 44.5721073 ], [ 33.4037233, 44.5720538 ], [ 33.4037023, 44.5720388 ], [ 33.4036692, 44.5721201 ], [ 33.4037053, 44.5721908 ], [ 33.4036602, 44.5722464 ], [ 33.4036272, 44.5722721 ], [ 33.4036242, 44.5723107 ], [ 33.403546, 44.5723727 ], [ 33.4034889, 44.5724412 ], [ 33.4034829, 44.572529 ], [ 33.4035701, 44.5726082 ], [ 33.4036632, 44.5726361 ] ] ] ] } },
{ "type": "Feature", "properties": { "FID": 701285, "id": 1522, "left": 30.0, "top": 45.0, "right": 35.0, "bottom": 40.0, "row_index": 9, "col_index": 42, "min_lon": 30.0, "min_lat": 40.0, "tile_id": "30_40" }, "geometry": { "type": "MultiPolygon", "coordinates": [ [ [ [ 33.4886988, 44.4975049 ], [ 33.4886942, 44.4974633 ], [ 33.488682, 44.4974249 ], [ 33.4886434, 44.4974184 ], [ 33.4886078, 44.4974409 ], [ 33.4885885, 44.4974967 ], [ 33.4885712, 44.4975329 ], [ 33.488558, 44.4975619 ], [ 33.4886088, 44.4975619 ], [ 33.4886342, 44.4975547 ], [ 33.4886988, 44.4975049 ] ] ] ] } },
{ "type": "Feature", "properties": { "FID": 701286, "id": 1522, "left": 30.0, "top": 45.0, "right": 35.0, "bottom": 40.0, "row_index": 9, "col_index": 42, "min_lon": 30.0, "min_lat": 40.0, "tile_id": "30_40" }, "geometry": { "type": "MultiPolygon", "coordinates": [ [ [ [ 33.4897128, 44.4975579 ], [ 33.4897443, 44.497563 ], [ 33.4897601, 44.4975416 ], [ 33.4898303, 44.4975017 ], [ 33.4898217, 44.4974864 ], [ 33.4898174, 44.4974394 ], [ 33.489773, 44.4974455 ], [ 33.4897343, 44.4974537 ], [ 33.4896268, 44.4975262 ], [ 33.4895938, 44.4975927 ], [ 33.4896497, 44.4976039 ], [ 33.4897128, 44.4975579 ] ] ] ] } },
{ "type": "Feature", "properties": { "FID": 701287, "id": 1522, "left": 30.0, "top": 45.0, "right": 35.0, "bottom": 40.0, "row_index": 9, "col_index": 42, "min_lon": 30.0, "min_lat": 40.0, "tile_id": "30_40" }, "geometry": { "type": "MultiPolygon", "coordinates": [ [ [ [ 33.9926194, 44.3995241 ], [ 33.9925897, 44.3995358 ], [ 33.992621, 44.3995852 ], [ 33.9925996, 44.3996146 ], [ 33.992565, 44.3996523 ], [ 33.9925831, 44.3996852 ], [ 33.9926605, 44.3996264 ], [ 33.9926836, 44.3996205 ], [ 33.9927757, 44.3996299 ], [ 33.9927988, 44.3995994 ], [ 33.9927181, 44.399597 ], [ 33.9927, 44.3995711 ], [ 33.9926194, 44.3995241 ] ] ] ] } },
{ "type": "Feature", "properties": { "FID": 701288, "id": 1522, "left": 30.0, "top": 45.0, "right": 35.0, "bottom": 40.0, "row_index": 9, "col_index": 42, "min_lon": 30.0, "min_lat": 40.0, "tile_id": "30_40" }, "geometry": { "type": "MultiPolygon", "coordinates": [ [ [ [ 33.9945761, 44.400033 ], [ 33.9946509, 44.4000214 ], [ 33.9947111, 44.3999722 ], [ 33.9947154, 44.3999272 ], [ 33.9946939, 44.3998893 ], [ 33.994585, 44.3999046 ], [ 33.9946036, 44.3999425 ], [ 33.994542, 44.3999702 ], [ 33.9945062, 44.399918 ], [ 33.9944245, 44.3999128 ], [ 33.9943973, 44.3999313 ], [ 33.994413, 44.3999517 ], [ 33.9944775, 44.399964 ], [ 33.9945248, 44.3999825 ], [ 33.9945277, 44.4000316 ], [ 33.9945649, 44.4000347 ], [ 33.9945761, 44.400033 ] ] ] ] } },
{ "type": "Feature", "properties": { "FID": 701289, "id": 1522, "left": 30.0, "top": 45.0, "right": 35.0, "bottom": 40.0, "row_index": 9, "col_index": 42, "min_lon": 30.0, "min_lat": 40.0, "tile_id": "30_40" }, "geometry": { "type": "MultiPolygon", "coordinates": [ [ [ [ 33.9948753, 44.4000026 ], [ 33.9949969, 44.3999817 ], [ 33.9949709, 44.3999374 ], [ 33.9949198, 44.3999274 ], [ 33.9948579, 44.3999374 ], [ 33.9948025, 44.3999537 ], [ 33.994808, 44.3999747 ], [ 33.9948753, 44.4000026 ] ] ] ] } },
{ "type": "Feature", "properties": { "FID": 701290, "id": 1522, "left": 30.0, "top": 45.0, "right": 35.0, "bottom": 40.0, "row_index": 9, "col_index": 42, "min_lon": 30.0, "min_lat": 40.0, "tile_id": "30_40" }, "geometry": { "type": "MultiPolygon", "coordinates": [ [ [ [ 33.9953207, 44.4001069 ], [ 33.9953092, 44.4000747 ], [ 33.9952835, 44.4000609 ], [ 33.9952476, 44.400047 ], [ 33.9952025, 44.4000394 ], [ 33.9951781, 44.4000604 ], [ 33.9951674, 44.4000813 ], [ 33.9951796, 44.4001305 ], [ 33.9951487, 44.4001249 ], [ 33.9951172, 44.4001622 ], [ 33.9951122, 44.4001945 ], [ 33.995133, 44.4002206 ], [ 33.9951659, 44.400216 ], [ 33.9951917, 44.4002022 ], [ 33.9952039, 44.4001663 ], [ 33.9952168, 44.4001704 ], [ 33.9952347, 44.4001725 ], [ 33.9952534, 44.4001802 ], [ 33.9953207, 44.4001069 ] ] ] ] } },
{ "type": "Feature", "properties": { "FID": 701291, "id": 1522, "left": 30.0, "top": 45.0, "right": 35.0, "bottom": 40.0, "row_index": 9, "col_index": 42, "min_lon": 30.0, "min_lat": 40.0, "tile_id": "30_40" }, "geometry": { "type": "MultiPolygon", "coordinates": [ [ [ [ 33.9954232, 44.4002344 ], [ 33.9954167, 44.4002078 ], [ 33.9954038, 44.4001837 ], [ 33.9953752, 44.4001745 ], [ 33.9953257, 44.4001853 ], [ 33.9952935, 44.4001863 ], [ 33.9952827, 44.4002052 ], [ 33.9952777, 44.4002365 ], [ 33.9952863, 44.4002708 ], [ 33.9952949, 44.40028 ], [ 33.9953329, 44.4002493 ], [ 33.995353, 44.4002421 ], [ 33.9953995, 44.4002667 ], [ 33.9954232, 44.4002344 ] ] ] ] } },
{ "type": "Feature", "properties": { "FID": 701292, "id": 1522, "left": 30.0, "top": 45.0, "right": 35.0, "bottom": 40.0, "row_index": 9, "col_index": 42, "min_lon": 30.0, "min_lat": 40.0, "tile_id": "30_40" }, "geometry": { "type": "MultiPolygon", "coordinates": [ [ [ [ 33.9951839, 44.4002703 ], [ 33.9951932, 44.4002953 ], [ 33.9952412, 44.4002882 ], [ 33.9952627, 44.4002534 ], [ 33.9952254, 44.4002058 ], [ 33.9951839, 44.4002703 ] ] ] ] } },
{ "type": "Feature", "properties": { "FID": 701293, "id": 1522, "left": 30.0, "top": 45.0, "right": 35.0, "bottom": 40.0, "row_index": 9, "col_index": 42, "min_lon": 30.0, "min_lat": 40.0, "tile_id": "30_40" }, "geometry": { "type": "MultiPolygon", "coordinates": [ [ [ [ 34.1309852, 44.4334279 ], [ 34.1309879, 44.4334186 ], [ 34.1309189, 44.4334092 ], [ 34.1308699, 44.433405 ], [ 34.1308307, 44.4334148 ], [ 34.1308033, 44.4334288 ], [ 34.1307587, 44.4334597 ], [ 34.1307689, 44.4334907 ], [ 34.1308856, 44.4334701 ], [ 34.1309407, 44.4334578 ], [ 34.1309852, 44.4334279 ] ] ] ] } },
{ "type": "Feature", "properties": { "FID": 701294, "id": 1522, "left": 30.0, "top": 45.0, "right": 35.0, "bottom": 40.0, "row_index": 9, "col_index": 42, "min_lon": 30.0, "min_lat": 40.0, "tile_id": "30_40" }, "geometry": { "type": "MultiPolygon", "coordinates": [ [ [ [ 34.293924, 44.5454588 ], [ 34.2939512, 44.5454477 ], [ 34.2939578, 44.5454266 ], [ 34.2939166, 44.5454031 ], [ 34.2939076, 44.5454213 ], [ 34.2939084, 44.5454412 ], [ 34.2938763, 44.5454489 ], [ 34.2938672, 44.5454547 ], [ 34.2938524, 44.5454665 ], [ 34.2938648, 44.5454811 ], [ 34.2939026, 44.5454958 ], [ 34.293924, 44.5454588 ] ] ] ] } },
{ "type": "Feature", "properties": { "FID": 701295, "id": 1522, "left": 30.0, "top": 45.0, "right": 35.0, "bottom": 40.0, "row_index": 9, "col_index": 42, "min_lon": 30.0, "min_lat": 40.0, "tile_id": "30_40" }, "geometry": { "type": "MultiPolygon", "coordinates": [ [ [ [ 34.3469873, 44.5562618 ], [ 34.3469469, 44.5562941 ], [ 34.3469568, 44.5563087 ], [ 34.346956, 44.5563281 ], [ 34.3469996, 44.5563515 ], [ 34.3470243, 44.5563334 ], [ 34.3470539, 44.5562636 ], [ 34.3469873, 44.5562618 ] ] ] ] } },
{ "type": "Feature", "properties": { "FID": 701296, "id": 1522, "left": 30.0, "top": 45.0, "right": 35.0, "bottom": 40.0, "row_index": 9, "col_index": 42, "min_lon": 30.0, "min_lat": 40.0, "tile_id": "30_40" }, "geometry": { "type": "MultiPolygon", "coordinates": [ [ [ [ 34.3467264, 44.556516 ], [ 34.3467242, 44.556499 ], [ 34.3466504, 44.5564742 ], [ 34.3466374, 44.556499 ], [ 34.34662, 44.5565137 ], [ 34.3466135, 44.5565207 ], [ 34.3466504, 44.5565446 ], [ 34.346683, 44.556557 ], [ 34.3467264, 44.556516 ] ] ] ] } },
{ "type": "Feature", "properties": { "FID": 701297, "id": 1522, "left": 30.0, "top": 45.0, "right": 35.0, "bottom": 40.0, "row_index": 9, "col_index": 42, "min_lon": 30.0, "min_lat": 40.0, "tile_id": "30_40" }, "geometry": { "type": "MultiPolygon", "coordinates": [ [ [ [ 34.3468329, 44.5565083 ], [ 34.3467796, 44.5564943 ], [ 34.3467481, 44.5565338 ], [ 34.346772, 44.5565609 ], [ 34.3468155, 44.5565578 ], [ 34.3468329, 44.5565083 ] ] ] ] } },
{ "type": "Feature", "properties": { "FID": 701298, "id": 1522, "left": 30.0, "top": 45.0, "right": 35.0, "bottom": 40.0, "row_index": 9, "col_index": 42, "min_lon": 30.0, "min_lat": 40.0, "tile_id": "30_40" }, "geometry": { "type": "MultiPolygon", "coordinates": [ [ [ [ 34.3477064, 44.5598463 ], [ 34.3476378, 44.5598801 ], [ 34.347679, 44.5599085 ], [ 34.3477488, 44.559929 ], [ 34.3478324, 44.559977 ], [ 34.3479135, 44.5599423 ], [ 34.3478823, 44.5599103 ], [ 34.3478187, 44.5598552 ], [ 34.3477551, 44.5598205 ], [ 34.3477064, 44.5598463 ] ] ] ] } },
{ "type": "Feature", "properties": { "FID": 702216, "id": 1522, "left": 30.0, "top": 45.0, "right": 35.0, "bottom": 40.0, "row_index": 9, "col_index": 42, "min_lon": 30.0, "min_lat": 40.0, "tile_id": "30_40" }, "geometry": { "type": "MultiPolygon", "coordinates": [ [ [ [ 33.6862917, 44.4175208 ], [ 33.6862856, 44.4174976 ], [ 33.6862653, 44.4174627 ], [ 33.6862084, 44.4174308 ], [ 33.6861474, 44.4174337 ], [ 33.6860661, 44.4175107 ], [ 33.6862511, 44.41756 ], [ 33.6862917, 44.4175208 ] ] ] ] } },
{ "type": "Feature", "properties": { "FID": 702217, "id": 1522, "left": 30.0, "top": 45.0, "right": 35.0, "bottom": 40.0, "row_index": 9, "col_index": 42, "min_lon": 30.0, "min_lat": 40.0, "tile_id": "30_40" }, "geometry": { "type": "MultiPolygon", "coordinates": [ [ [ [ 33.6884809, 44.4188505 ], [ 33.6884587, 44.4188071 ], [ 33.6884178, 44.4187796 ], [ 33.6883711, 44.4187704 ], [ 33.6883197, 44.4188029 ], [ 33.6883049, 44.4188649 ], [ 33.6884809, 44.4188505 ] ] ] ] } },
{ "type": "Feature", "properties": { "FID": 702218, "id": 1522, "left": 30.0, "top": 45.0, "right": 35.0, "bottom": 40.0, "row_index": 9, "col_index": 42, "min_lon": 30.0, "min_lat": 40.0, "tile_id": "30_40" }, "geometry": { "type": "MultiPolygon", "coordinates": [ [ [ [ 33.6980232, 44.420427 ], [ 33.6980185, 44.4203928 ], [ 33.6979683, 44.420357 ], [ 33.6979286, 44.4203495 ], [ 33.6979321, 44.4203703 ], [ 33.6979379, 44.420407 ], [ 33.6979391, 44.4204203 ], [ 33.6979625, 44.4204462 ], [ 33.6979835, 44.4204495 ], [ 33.6980232, 44.420427 ] ] ] ] } },
{ "type": "Feature", "properties": { "FID": 702219, "id": 1522, "left": 30.0, "top": 45.0, "right": 35.0, "bottom": 40.0, "row_index": 9, "col_index": 42, "min_lon": 30.0, "min_lat": 40.0, "tile_id": "30_40" }, "geometry": { "type": "MultiPolygon", "coordinates": [ [ [ [ 33.6983614, 44.4203681 ], [ 33.6983506, 44.4203703 ], [ 33.6983399, 44.4203653 ], [ 33.6983522, 44.4203543 ], [ 33.6983422, 44.42034 ], [ 33.6983345, 44.4203334 ], [ 33.6982967, 44.4203389 ], [ 33.6982944, 44.4203521 ], [ 33.6982867, 44.4203472 ], [ 33.6982682, 44.4203351 ], [ 33.6982259, 44.4203384 ], [ 33.6982336, 44.4203598 ], [ 33.698249, 44.4203642 ], [ 33.6982567, 44.4203868 ], [ 33.698269, 44.4204022 ], [ 33.6983052, 44.4204005 ], [ 33.6983329, 44.4203846 ], [ 33.6983645, 44.4203961 ], [ 33.6983892, 44.4203851 ], [ 33.6983614, 44.4203681 ] ] ] ] } },
{ "type": "Feature", "properties": { "FID": 702220, "id": 1522, "left": 30.0, "top": 45.0, "right": 35.0, "bottom": 40.0, "row_index": 9, "col_index": 42, "min_lon": 30.0, "min_lat": 40.0, "tile_id": "30_40" }, "geometry": { "type": "MultiPolygon", "coordinates": [ [ [ [ 33.6989171, 44.4203541 ], [ 33.6988889, 44.4203302 ], [ 33.6988487, 44.4203445 ], [ 33.6988607, 44.4203541 ], [ 33.6988634, 44.4203723 ], [ 33.6988822, 44.4203829 ], [ 33.6989171, 44.4203541 ] ] ] ] } },
{ "type": "Feature", "properties": { "FID": 702221, "id": 1522, "left": 30.0, "top": 45.0, "right": 35.0, "bottom": 40.0, "row_index": 9, "col_index": 42, "min_lon": 30.0, "min_lat": 40.0, "tile_id": "30_40" }, "geometry": { "type": "MultiPolygon", "coordinates": [ [ [ [ 33.7027253, 44.4212222 ], [ 33.7027218, 44.4212072 ], [ 33.7026798, 44.4212072 ], [ 33.7026459, 44.4211971 ], [ 33.7026249, 44.4211955 ], [ 33.7026296, 44.421218 ], [ 33.7026483, 44.4212413 ], [ 33.7026903, 44.4212655 ], [ 33.7027253, 44.4212222 ] ] ] ] } },
{ "type": "Feature", "properties": { "FID": 702222, "id": 1522, "left": 30.0, "top": 45.0, "right": 35.0, "bottom": 40.0, "row_index": 9, "col_index": 42, "min_lon": 30.0, "min_lat": 40.0, "tile_id": "30_40" }, "geometry": { "type": "MultiPolygon", "coordinates": [ [ [ [ 33.7030534, 44.4211488 ], [ 33.7031596, 44.421153 ], [ 33.7032087, 44.4211296 ], [ 33.7032157, 44.4211146 ], [ 33.7032192, 44.4210938 ], [ 33.7031456, 44.4210921 ], [ 33.7031351, 44.4210912 ], [ 33.7030849, 44.4210812 ], [ 33.7030557, 44.4210904 ], [ 33.7030417, 44.4211063 ], [ 33.7030534, 44.4211488 ] ] ] ] } },
{ "type": "Feature", "properties": { "FID": 702223, "id": 1522, "left": 30.0, "top": 45.0, "right": 35.0, "bottom": 40.0, "row_index": 9, "col_index": 42, "min_lon": 30.0, "min_lat": 40.0, "tile_id": "30_40" }, "geometry": { "type": "MultiPolygon", "coordinates": [ [ [ [ 33.7064624, 44.4206122 ], [ 33.7064919, 44.4205538 ], [ 33.706441, 44.4205528 ], [ 33.7063887, 44.4205375 ], [ 33.7063511, 44.4205576 ], [ 33.7063256, 44.4205787 ], [ 33.7063511, 44.4206036 ], [ 33.70639, 44.4206218 ], [ 33.7064544, 44.4206199 ], [ 33.7064624, 44.4206122 ] ] ] ] } },
{ "type": "Feature", "properties": { "FID": 702224, "id": 1522, "left": 30.0, "top": 45.0, "right": 35.0, "bottom": 40.0, "row_index": 9, "col_index": 42, "min_lon": 30.0, "min_lat": 40.0, "tile_id": "30_40" }, "geometry": { "type": "MultiPolygon", "coordinates": [ [ [ [ 33.7066381, 44.4204944 ], [ 33.7067105, 44.4205135 ], [ 33.706724, 44.4205011 ], [ 33.7067146, 44.4204886 ], [ 33.7066649, 44.4204628 ], [ 33.7066462, 44.4204522 ], [ 33.7066301, 44.4204676 ], [ 33.7066381, 44.4204944 ] ] ] ] } },
{ "type": "Feature", "properties": { "FID": 702225, "id": 1522, "left": 30.0, "top": 45.0, "right": 35.0, "bottom": 40.0, "row_index": 9, "col_index": 42, "min_lon": 30.0, "min_lat": 40.0, "tile_id": "30_40" }, "geometry": { "type": "MultiPolygon", "coordinates": [ [ [ [ 33.6954428, 44.4187571 ], [ 33.6954764, 44.4187053 ], [ 33.6954286, 44.4186889 ], [ 33.6954003, 44.4186763 ], [ 33.6953313, 44.4186927 ], [ 33.6953225, 44.4187066 ], [ 33.6954428, 44.4187571 ] ] ] ] } },
{ "type": "Feature", "properties": { "FID": 702226, "id": 1522, "left": 30.0, "top": 45.0, "right": 35.0, "bottom": 40.0, "row_index": 9, "col_index": 42, "min_lon": 30.0, "min_lat": 40.0, "tile_id": "30_40" }, "geometry": { "type": "MultiPolygon", "coordinates": [ [ [ [ 33.6951802, 44.4188702 ], [ 33.6951756, 44.4188361 ], [ 33.6951202, 44.4188284 ], [ 33.6951048, 44.4188416 ], [ 33.6950986, 44.4188581 ], [ 33.6951464, 44.4188922 ], [ 33.6951802, 44.4188702 ] ] ] ] } },
{ "type": "Feature", "properties": { "FID": 702227, "id": 1522, "left": 30.0, "top": 45.0, "right": 35.0, "bottom": 40.0, "row_index": 9, "col_index": 42, "min_lon": 30.0, "min_lat": 40.0, "tile_id": "30_40" }, "geometry": { "type": "MultiPolygon", "coordinates": [ [ [ [ 33.6898103, 44.4186494 ], [ 33.6898216, 44.4186386 ], [ 33.6898552, 44.4185943 ], [ 33.6898163, 44.418564 ], [ 33.6897402, 44.4185804 ], [ 33.6896995, 44.4185994 ], [ 33.6896836, 44.4186588 ], [ 33.6897119, 44.4186702 ], [ 33.689767, 44.4186622 ], [ 33.6898103, 44.4186494 ] ] ] ] } },
{ "type": "Feature", "properties": { "FID": 702228, "id": 1522, "left": 30.0, "top": 45.0, "right": 35.0, "bottom": 40.0, "row_index": 9, "col_index": 42, "min_lon": 30.0, "min_lat": 40.0, "tile_id": "30_40" }, "geometry": { "type": "MultiPolygon", "coordinates": [ [ [ [ 33.8407598, 44.4034635 ], [ 33.8407067, 44.4034888 ], [ 33.8407032, 44.4035773 ], [ 33.8407527, 44.4035824 ], [ 33.840866, 44.4035723 ], [ 33.8409368, 44.4035621 ], [ 33.8409651, 44.4035343 ], [ 33.8409014, 44.4035065 ], [ 33.8408448, 44.4034357 ], [ 33.8407598, 44.4034635 ] ] ] ] } },
{ "type": "Feature", "properties": { "FID": 702229, "id": 1522, "left": 30.0, "top": 45.0, "right": 35.0, "bottom": 40.0, "row_index": 9, "col_index": 42, "min_lon": 30.0, "min_lat": 40.0, "tile_id": "30_40" }, "geometry": { "type": "MultiPolygon", "coordinates": [ [ [ [ 33.8418382, 44.4031862 ], [ 33.8418077, 44.4031775 ], [ 33.8417447, 44.4031789 ], [ 33.8416878, 44.4031963 ], [ 33.8416248, 44.4032457 ], [ 33.8415963, 44.4033227 ], [ 33.8416207, 44.4033096 ], [ 33.8416573, 44.4032907 ], [ 33.8417427, 44.4032341 ], [ 33.8417894, 44.4032297 ], [ 33.8418585, 44.4032021 ], [ 33.8418382, 44.4031862 ] ] ] ] } },
{ "type": "Feature", "properties": { "FID": 702230, "id": 1522, "left": 30.0, "top": 45.0, "right": 35.0, "bottom": 40.0, "row_index": 9, "col_index": 42, "min_lon": 30.0, "min_lat": 40.0, "tile_id": "30_40" }, "geometry": { "type": "MultiPolygon", "coordinates": [ [ [ [ 33.8451521, 44.4035102 ], [ 33.8450796, 44.4035428 ], [ 33.8450555, 44.4036156 ], [ 33.8450635, 44.4036597 ], [ 33.8451655, 44.4036405 ], [ 33.8452459, 44.4035716 ], [ 33.8452218, 44.4035217 ], [ 33.8451521, 44.4035102 ] ] ] ] } },
{ "type": "Feature", "properties": { "FID": 702231, "id": 1522, "left": 30.0, "top": 45.0, "right": 35.0, "bottom": 40.0, "row_index": 9, "col_index": 42, "min_lon": 30.0, "min_lat": 40.0, "tile_id": "30_40" }, "geometry": { "type": "MultiPolygon", "coordinates": [ [ [ [ 33.8934579, 44.4020552 ], [ 33.8933507, 44.4020916 ], [ 33.8933051, 44.4021185 ], [ 33.8932273, 44.4021261 ], [ 33.8931522, 44.402151 ], [ 33.8930995, 44.4021824 ], [ 33.8931414, 44.4022239 ], [ 33.8932005, 44.4022449 ], [ 33.8933051, 44.4022603 ], [ 33.8933667, 44.4022296 ], [ 33.8934579, 44.4022296 ], [ 33.8935089, 44.4021951 ], [ 33.8935465, 44.4022085 ], [ 33.8935438, 44.4021625 ], [ 33.8935833, 44.4021289 ], [ 33.8935974, 44.4020993 ], [ 33.8934579, 44.4020552 ] ] ] ] } },
{ "type": "Feature", "properties": { "FID": 702232, "id": 1522, "left": 30.0, "top": 45.0, "right": 35.0, "bottom": 40.0, "row_index": 9, "col_index": 42, "min_lon": 30.0, "min_lat": 40.0, "tile_id": "30_40" }, "geometry": { "type": "MultiPolygon", "coordinates": [ [ [ [ 33.8944436, 44.4020468 ], [ 33.894453, 44.4019734 ], [ 33.8943222, 44.40194 ], [ 33.8943269, 44.4019984 ], [ 33.8943105, 44.4020184 ], [ 33.8943666, 44.4021018 ], [ 33.8944436, 44.4020468 ] ] ] ] } },
{ "type": "Feature", "properties": { "FID": 702310, "id": 1522, "left": 30.0, "top": 45.0, "right": 35.0, "bottom": 40.0, "row_index": 9, "col_index": 42, "min_lon": 30.0, "min_lat": 40.0, "tile_id": "30_40" }, "geometry": { "type": "MultiPolygon", "coordinates": [ [ [ [ 33.9406718, 44.3918001 ], [ 33.9406916, 44.3917906 ], [ 33.9407033, 44.3917776 ], [ 33.9407135, 44.3917362 ], [ 33.9406937, 44.3917049 ], [ 33.9406784, 44.3916922 ], [ 33.9406464, 44.3916984 ], [ 33.9406129, 44.391702 ], [ 33.9405996, 44.3916991 ], [ 33.9406068, 44.3916791 ], [ 33.9406256, 44.3916635 ], [ 33.9406052, 44.3916341 ], [ 33.9405671, 44.3916229 ], [ 33.9405356, 44.3916174 ], [ 33.940529, 44.3916261 ], [ 33.9405122, 44.3916505 ], [ 33.9405046, 44.3916661 ], [ 33.9405092, 44.3916817 ], [ 33.9405107, 44.3916908 ], [ 33.9405148, 44.3916977 ], [ 33.9405031, 44.3917078 ], [ 33.9405153, 44.3917282 ], [ 33.9405422, 44.3917362 ], [ 33.9405605, 44.3917238 ], [ 33.9405793, 44.3917398 ], [ 33.9405661, 44.3917692 ], [ 33.9405732, 44.391783 ], [ 33.9405793, 44.3917953 ], [ 33.9406093, 44.3918095 ], [ 33.9406718, 44.3918001 ] ] ] ] } },
{ "type": "Feature", "properties": { "FID": 702311, "id": 1522, "left": 30.0, "top": 45.0, "right": 35.0, "bottom": 40.0, "row_index": 9, "col_index": 42, "min_lon": 30.0, "min_lat": 40.0, "tile_id": "30_40" }, "geometry": { "type": "MultiPolygon", "coordinates": [ [ [ [ 33.9409042, 44.3914105 ], [ 33.9409019, 44.391383 ], [ 33.9408751, 44.391363 ], [ 33.940854, 44.3913571 ], [ 33.9408377, 44.391358 ], [ 33.940819, 44.3913672 ], [ 33.9408003, 44.3913813 ], [ 33.9407945, 44.391393 ], [ 33.9408015, 44.3914105 ], [ 33.9408132, 44.3914306 ], [ 33.940833, 44.3914406 ], [ 33.9408575, 44.3914389 ], [ 33.9409042, 44.3914105 ] ] ] ] } },
{ "type": "Feature", "properties": { "FID": 702312, "id": 1522, "left": 30.0, "top": 45.0, "right": 35.0, "bottom": 40.0, "row_index": 9, "col_index": 42, "min_lon": 30.0, "min_lat": 40.0, "tile_id": "30_40" }, "geometry": { "type": "MultiPolygon", "coordinates": [ [ [ [ 34.2476149, 44.5053547 ], [ 34.2475883, 44.5053357 ], [ 34.2475494, 44.5053383 ], [ 34.2475512, 44.5053496 ], [ 34.2475618, 44.505361 ], [ 34.2475954, 44.5053623 ], [ 34.2476149, 44.5053547 ] ] ] ] } },
{ "type": "Feature", "properties": { "FID": 702313, "id": 1522, "left": 30.0, "top": 45.0, "right": 35.0, "bottom": 40.0, "row_index": 9, "col_index": 42, "min_lon": 30.0, "min_lat": 40.0, "tile_id": "30_40" }, "geometry": { "type": "MultiPolygon", "coordinates": [ [ [ [ 34.2470856, 44.5049067 ], [ 34.2470877, 44.5049313 ], [ 34.247111, 44.5049429 ], [ 34.2471405, 44.504948 ], [ 34.2471812, 44.5049444 ], [ 34.2471669, 44.5049096 ], [ 34.2471639, 44.5048994 ], [ 34.2471182, 44.5048965 ], [ 34.2470856, 44.5049067 ] ] ] ] } },
{ "type": "Feature", "properties": { "FID": 702314, "id": 1522, "left": 30.0, "top": 45.0, "right": 35.0, "bottom": 40.0, "row_index": 9, "col_index": 42, "min_lon": 30.0, "min_lat": 40.0, "tile_id": "30_40" }, "geometry": { "type": "MultiPolygon", "coordinates": [ [ [ [ 34.2467217, 44.5051783 ], [ 34.246711, 44.505189 ], [ 34.2466774, 44.5051916 ], [ 34.2466429, 44.5052029 ], [ 34.2466571, 44.505213 ], [ 34.2467615, 44.5052162 ], [ 34.2467385, 44.5051834 ], [ 34.2467217, 44.5051783 ] ] ] ] } },
{ "type": "Feature", "properties": { "FID": 702315, "id": 1522, "left": 30.0, "top": 45.0, "right": 35.0, "bottom": 40.0, "row_index": 9, "col_index": 42, "min_lon": 30.0, "min_lat": 40.0, "tile_id": "30_40" }, "geometry": { "type": "MultiPolygon", "coordinates": [ [ [ [ 34.2558498, 44.5090813 ], [ 34.2558264, 44.5091237 ], [ 34.2558066, 44.509167 ], [ 34.2558206, 44.5092028 ], [ 34.2559689, 44.5091962 ], [ 34.2560027, 44.5091895 ], [ 34.2560109, 44.5091087 ], [ 34.2559782, 44.5090979 ], [ 34.2559198, 44.5090604 ], [ 34.2558953, 44.5090563 ], [ 34.2558498, 44.5090813 ] ] ] ] } },
{ "type": "Feature", "properties": { "FID": 702316, "id": 1522, "left": 30.0, "top": 45.0, "right": 35.0, "bottom": 40.0, "row_index": 9, "col_index": 42, "min_lon": 30.0, "min_lat": 40.0, "tile_id": "30_40" }, "geometry": { "type": "MultiPolygon", "coordinates": [ [ [ [ 34.2521883, 44.5068506 ], [ 34.2521821, 44.5068693 ], [ 34.2521914, 44.506888 ], [ 34.2521944, 44.5069045 ], [ 34.2522391, 44.5069166 ], [ 34.2522561, 44.5069089 ], [ 34.2522499, 44.5068803 ], [ 34.2522175, 44.506855 ], [ 34.2521883, 44.5068506 ] ] ] ] } },
{ "type": "Feature", "properties": { "FID": 702317, "id": 1522, "left": 30.0, "top": 45.0, "right": 35.0, "bottom": 40.0, "row_index": 9, "col_index": 42, "min_lon": 30.0, "min_lat": 40.0, "tile_id": "30_40" }, "geometry": { "type": "MultiPolygon", "coordinates": [ [ [ [ 34.2563978, 44.508436 ], [ 34.2563694, 44.5084244 ], [ 34.2563247, 44.5084288 ], [ 34.2563165, 44.508452 ], [ 34.2562413, 44.5084795 ], [ 34.2562413, 44.5085317 ], [ 34.2563043, 44.5085404 ], [ 34.2563938, 44.5085302 ], [ 34.2563958, 44.5084969 ], [ 34.2564304, 44.5084621 ], [ 34.2563978, 44.508436 ] ] ] ] } },
{ "type": "Feature", "properties": { "FID": 702318, "id": 1522, "left": 30.0, "top": 45.0, "right": 35.0, "bottom": 40.0, "row_index": 9, "col_index": 42, "min_lon": 30.0, "min_lat": 40.0, "tile_id": "30_40" }, "geometry": { "type": "MultiPolygon", "coordinates": [ [ [ [ 34.2593729, 44.5116899 ], [ 34.259359, 44.5117206 ], [ 34.2594099, 44.5117657 ], [ 34.2594622, 44.511703 ], [ 34.2594607, 44.5116855 ], [ 34.259433, 44.5116767 ], [ 34.2593729, 44.5116899 ] ] ] ] } },
{ "type": "Feature", "properties": { "FID": 702319, "id": 1522, "left": 30.0, "top": 45.0, "right": 35.0, "bottom": 40.0, "row_index": 9, "col_index": 42, "min_lon": 30.0, "min_lat": 40.0, "tile_id": "30_40" }, "geometry": { "type": "MultiPolygon", "coordinates": [ [ [ [ 34.2590151, 44.5115437 ], [ 34.2589567, 44.5115481 ], [ 34.2589292, 44.5115556 ], [ 34.2589124, 44.5115859 ], [ 34.2589505, 44.5116004 ], [ 34.259, 44.5116118 ], [ 34.259039, 44.5116118 ], [ 34.2590478, 44.5116049 ], [ 34.2590558, 44.511596 ], [ 34.2590584, 44.5115544 ], [ 34.2590151, 44.5115437 ] ] ] ] } },
{ "type": "Feature", "properties": { "FID": 702320, "id": 1522, "left": 30.0, "top": 45.0, "right": 35.0, "bottom": 40.0, "row_index": 9, "col_index": 42, "min_lon": 30.0, "min_lat": 40.0, "tile_id": "30_40" }, "geometry": { "type": "MultiPolygon", "coordinates": [ [ [ [ 34.284285, 44.5421626 ], [ 34.2842733, 44.54219 ], [ 34.2842745, 44.5422208 ], [ 34.2843119, 44.5422375 ], [ 34.2843399, 44.5422474 ], [ 34.2843305, 44.5422649 ], [ 34.2843551, 44.5422899 ], [ 34.2844158, 44.5423082 ], [ 34.2844963, 44.5423007 ], [ 34.2844893, 44.5422483 ], [ 34.2844531, 44.5422067 ], [ 34.2844823, 44.5421493 ], [ 34.2844508, 44.5421201 ], [ 34.284473, 44.5420827 ], [ 34.2844368, 44.5420652 ], [ 34.2843679, 44.5420827 ], [ 34.284313, 44.5420952 ], [ 34.2842698, 44.5421251 ], [ 34.284285, 44.5421626 ] ] ] ] } },
{ "type": "Feature", "properties": { "FID": 702321, "id": 1522, "left": 30.0, "top": 45.0, "right": 35.0, "bottom": 40.0, "row_index": 9, "col_index": 42, "min_lon": 30.0, "min_lat": 40.0, "tile_id": "30_40" }, "geometry": { "type": "MultiPolygon", "coordinates": [ [ [ [ 34.2953327, 44.542248 ], [ 34.29533, 44.542313 ], [ 34.29533, 44.5423665 ], [ 34.2953086, 44.5424181 ], [ 34.295263, 44.5424315 ], [ 34.2951905, 44.5424716 ], [ 34.2951476, 44.5425214 ], [ 34.2950457, 44.542573 ], [ 34.2950162, 44.5426341 ], [ 34.2950859, 44.5427106 ], [ 34.2950779, 44.5427565 ], [ 34.2950055, 44.5427871 ], [ 34.2949867, 44.5428005 ], [ 34.2950082, 44.5428272 ], [ 34.2950564, 44.5429018 ], [ 34.2951852, 44.542984 ], [ 34.2953515, 44.5429821 ], [ 34.2954078, 44.5429821 ], [ 34.295507, 44.5429935 ], [ 34.2956197, 44.5430299 ], [ 34.295668, 44.5430203 ], [ 34.2957431, 44.5429553 ], [ 34.2958128, 44.543005 ], [ 34.2960596, 44.5430069 ], [ 34.296073, 44.5429132 ], [ 34.2960918, 44.5428425 ], [ 34.2960381, 44.542766 ], [ 34.2959442, 44.5426896 ], [ 34.2958906, 44.5426762 ], [ 34.2958665, 44.5426284 ], [ 34.2958316, 44.5425366 ], [ 34.2958557, 44.5424736 ], [ 34.2959013, 44.5424143 ], [ 34.2958772, 44.5423206 ], [ 34.2958155, 44.5422671 ], [ 34.2957431, 44.5422939 ], [ 34.2957002, 44.5422231 ], [ 34.2956036, 44.5422212 ], [ 34.2955714, 44.5422575 ], [ 34.2955231, 44.5422518 ], [ 34.2954212, 44.5422078 ], [ 34.2953998, 44.5422346 ], [ 34.2953327, 44.542248 ] ] ] ] } },
{ "type": "Feature", "properties": { "FID": 702322, "id": 1522, "left": 30.0, "top": 45.0, "right": 35.0, "bottom": 40.0, "row_index": 9, "col_index": 42, "min_lon": 30.0, "min_lat": 40.0, "tile_id": "30_40" }, "geometry": { "type": "MultiPolygon", "coordinates": [ [ [ [ 34.2969105, 44.5420173 ], [ 34.2969367, 44.5420413 ], [ 34.2970621, 44.542094 ], [ 34.2971405, 44.542134 ], [ 34.2971807, 44.5421422 ], [ 34.2972537, 44.5421471 ], [ 34.2973481, 44.542123 ], [ 34.2974299, 44.5420817 ], [ 34.2974748, 44.5420591 ], [ 34.2975584, 44.5419081 ], [ 34.2975587, 44.5418858 ], [ 34.2974774, 44.5417987 ], [ 34.2974699, 44.5417554 ], [ 34.2974893, 44.5416935 ], [ 34.2974348, 44.5416375 ], [ 34.2973545, 44.541594 ], [ 34.2973225, 44.5415572 ], [ 34.2972002, 44.5415291 ], [ 34.2970789, 44.5414633 ], [ 34.2967611, 44.5414812 ], [ 34.2966854, 44.5415153 ], [ 34.2965878, 44.541569 ], [ 34.2964548, 44.5416107 ], [ 34.2963945, 44.5417068 ], [ 34.2963287, 44.5417947 ], [ 34.2963912, 44.5419283 ], [ 34.2964908, 44.5419641 ], [ 34.296611, 44.541984 ], [ 34.2966776, 44.5419914 ], [ 34.2967127, 44.5420257 ], [ 34.2968362, 44.5420184 ], [ 34.2969105, 44.5420173 ] ] ] ] } },
{ "type": "Feature", "properties": { "FID": 702493, "id": 1522, "left": 30.0, "top": 45.0, "right": 35.0, "bottom": 40.0, "row_index": 9, "col_index": 42, "min_lon": 30.0, "min_lat": 40.0, "tile_id": "30_40" }, "geometry": { "type": "MultiPolygon", "coordinates": [ [ [ [ 33.6186084, 44.4850177 ], [ 33.6186178, 44.4850476 ], [ 33.6186878, 44.485036 ], [ 33.6187345, 44.4849993 ], [ 33.6187439, 44.4849527 ], [ 33.6186738, 44.4849427 ], [ 33.6186411, 44.484951 ], [ 33.6186084, 44.4850177 ] ] ] ] } },
{ "type": "Feature", "properties": { "FID": 702494, "id": 1522, "left": 30.0, "top": 45.0, "right": 35.0, "bottom": 40.0, "row_index": 9, "col_index": 42, "min_lon": 30.0, "min_lat": 40.0, "tile_id": "30_40" }, "geometry": { "type": "MultiPolygon", "coordinates": [ [ [ [ 33.6180489, 44.4852511 ], [ 33.6180384, 44.4852753 ], [ 33.6180815, 44.4852836 ], [ 33.6181131, 44.4852728 ], [ 33.6181131, 44.4852445 ], [ 33.6180489, 44.4852511 ] ] ] ] } },
{ "type": "Feature", "properties": { "FID": 702495, "id": 1522, "left": 30.0, "top": 45.0, "right": 35.0, "bottom": 40.0, "row_index": 9, "col_index": 42, "min_lon": 30.0, "min_lat": 40.0, "tile_id": "30_40" }, "geometry": { "type": "MultiPolygon", "coordinates": [ [ [ [ 33.6177143, 44.4857573 ], [ 33.6177282, 44.4857914 ], [ 33.6177528, 44.4857958 ], [ 33.6177975, 44.485776 ], [ 33.6178021, 44.4857452 ], [ 33.617722, 44.4857233 ], [ 33.6177143, 44.4857573 ] ] ] ] } },
{ "type": "Feature", "properties": { "FID": 702496, "id": 1522, "left": 30.0, "top": 45.0, "right": 35.0, "bottom": 40.0, "row_index": 9, "col_index": 42, "min_lon": 30.0, "min_lat": 40.0, "tile_id": "30_40" }, "geometry": { "type": "MultiPolygon", "coordinates": [ [ [ [ 33.6177311, 44.4863601 ], [ 33.6177596, 44.4863784 ], [ 33.6177821, 44.4863773 ], [ 33.6177787, 44.4863538 ], [ 33.6177727, 44.4863314 ], [ 33.6177486, 44.4863247 ], [ 33.6177311, 44.4863601 ] ] ] ] } },
{ "type": "Feature", "properties": { "FID": 702497, "id": 1522, "left": 30.0, "top": 45.0, "right": 35.0, "bottom": 40.0, "row_index": 9, "col_index": 42, "min_lon": 30.0, "min_lat": 40.0, "tile_id": "30_40" }, "geometry": { "type": "MultiPolygon", "coordinates": [ [ [ [ 33.6174376, 44.4865379 ], [ 33.6174057, 44.4865556 ], [ 33.6173951, 44.4865815 ], [ 33.6174314, 44.486579 ], [ 33.6174553, 44.4865689 ], [ 33.6174942, 44.4865303 ], [ 33.6174376, 44.4865379 ] ] ] ] } },
{ "type": "Feature", "properties": { "FID": 702498, "id": 1522, "left": 30.0, "top": 45.0, "right": 35.0, "bottom": 40.0, "row_index": 9, "col_index": 42, "min_lon": 30.0, "min_lat": 40.0, "tile_id": "30_40" }, "geometry": { "type": "MultiPolygon", "coordinates": [ [ [ [ 33.6137596, 44.4887425 ], [ 33.6137411, 44.4887777 ], [ 33.613778, 44.4887886 ], [ 33.6138042, 44.4887985 ], [ 33.6138535, 44.4887974 ], [ 33.6138582, 44.4887612 ], [ 33.6138797, 44.4887304 ], [ 33.6138474, 44.4887227 ], [ 33.6138227, 44.4887172 ], [ 33.6137981, 44.4887183 ], [ 33.6137596, 44.4887425 ] ] ] ] } },
{ "type": "Feature", "properties": { "FID": 702499, "id": 1522, "left": 30.0, "top": 45.0, "right": 35.0, "bottom": 40.0, "row_index": 9, "col_index": 42, "min_lon": 30.0, "min_lat": 40.0, "tile_id": "30_40" }, "geometry": { "type": "MultiPolygon", "coordinates": [ [ [ [ 33.59386, 44.4925967 ], [ 33.5939265, 44.4926258 ], [ 33.5940094, 44.4926467 ], [ 33.5940585, 44.4926492 ], [ 33.5941098, 44.4926667 ], [ 33.594125, 44.4926483 ], [ 33.5940935, 44.4926258 ], [ 33.5941028, 44.4925859 ], [ 33.5941098, 44.4925725 ], [ 33.5941157, 44.4925342 ], [ 33.5941274, 44.4925176 ], [ 33.5941157, 44.4925009 ], [ 33.5940643, 44.4925018 ], [ 33.5939966, 44.4925134 ], [ 33.5939826, 44.4925192 ], [ 33.5939522, 44.4925192 ], [ 33.5939195, 44.4925226 ], [ 33.5938635, 44.4925401 ], [ 33.5938495, 44.4925367 ], [ 33.5938203, 44.4925617 ], [ 33.59386, 44.4925967 ] ] ] ] } },
{ "type": "Feature", "properties": { "FID": 702500, "id": 1522, "left": 30.0, "top": 45.0, "right": 35.0, "bottom": 40.0, "row_index": 9, "col_index": 42, "min_lon": 30.0, "min_lat": 40.0, "tile_id": "30_40" }, "geometry": { "type": "MultiPolygon", "coordinates": [ [ [ [ 33.6314719, 44.4760024 ], [ 33.6314934, 44.4760167 ], [ 33.6314813, 44.4760522 ], [ 33.6315336, 44.4760789 ], [ 33.6315779, 44.4760923 ], [ 33.631661, 44.4760722 ], [ 33.631661, 44.476034 ], [ 33.6316235, 44.4759852 ], [ 33.6315872, 44.4759536 ], [ 33.6316167, 44.4759344 ], [ 33.6316382, 44.4759306 ], [ 33.6316717, 44.475945 ], [ 33.6316972, 44.4759086 ], [ 33.6316972, 44.4758856 ], [ 33.6316731, 44.4758589 ], [ 33.6316328, 44.4758579 ], [ 33.6316221, 44.4758502 ], [ 33.6315483, 44.475856 ], [ 33.6315041, 44.4758713 ], [ 33.6315577, 44.4759153 ], [ 33.6315591, 44.4759297 ], [ 33.6314665, 44.4759679 ], [ 33.6314719, 44.4760024 ] ] ] ] } },
{ "type": "Feature", "properties": { "FID": 702501, "id": 1522, "left": 30.0, "top": 45.0, "right": 35.0, "bottom": 40.0, "row_index": 9, "col_index": 42, "min_lon": 30.0, "min_lat": 40.0, "tile_id": "30_40" }, "geometry": { "type": "MultiPolygon", "coordinates": [ [ [ [ 33.6364517, 44.47053 ], [ 33.636498, 44.470518 ], [ 33.6365034, 44.4705128 ], [ 33.6365027, 44.4704946 ], [ 33.6364785, 44.4704821 ], [ 33.6364604, 44.4704855 ], [ 33.6364316, 44.4705089 ], [ 33.6364249, 44.4705281 ], [ 33.6364517, 44.47053 ] ] ] ] } },
{ "type": "Feature", "properties": { "FID": 702502, "id": 1522, "left": 30.0, "top": 45.0, "right": 35.0, "bottom": 40.0, "row_index": 9, "col_index": 42, "min_lon": 30.0, "min_lat": 40.0, "tile_id": "30_40" }, "geometry": { "type": "MultiPolygon", "coordinates": [ [ [ [ 33.6368825, 44.4698682 ], [ 33.6368533, 44.4698954 ], [ 33.6368002, 44.469903 ], [ 33.6367834, 44.4699207 ], [ 33.6368267, 44.4699617 ], [ 33.6368648, 44.4699655 ], [ 33.6368816, 44.4699592 ], [ 33.636901, 44.4699421 ], [ 33.6369063, 44.4699263 ], [ 33.6369223, 44.4699036 ], [ 33.6369223, 44.4698834 ], [ 33.6368984, 44.4698676 ], [ 33.6368825, 44.4698682 ] ] ] ] } },
{ "type": "Feature", "properties": { "FID": 702503, "id": 1522, "left": 30.0, "top": 45.0, "right": 35.0, "bottom": 40.0, "row_index": 9, "col_index": 42, "min_lon": 30.0, "min_lat": 40.0, "tile_id": "30_40" }, "geometry": { "type": "MultiPolygon", "coordinates": [ [ [ [ 33.6373063, 44.4678435 ], [ 33.6373063, 44.4678243 ], [ 33.6372943, 44.4678052 ], [ 33.6372862, 44.4677927 ], [ 33.63725, 44.4677927 ], [ 33.637242, 44.4678109 ], [ 33.6372661, 44.4678483 ], [ 33.6372406, 44.46792 ], [ 33.6372902, 44.4679487 ], [ 33.6373184, 44.4679564 ], [ 33.6373546, 44.467943 ], [ 33.6373653, 44.4679133 ], [ 33.637372, 44.4678684 ], [ 33.6373063, 44.4678435 ] ] ] ] } },
{ "type": "Feature", "properties": { "FID": 702504, "id": 1522, "left": 30.0, "top": 45.0, "right": 35.0, "bottom": 40.0, "row_index": 9, "col_index": 42, "min_lon": 30.0, "min_lat": 40.0, "tile_id": "30_40" }, "geometry": { "type": "MultiPolygon", "coordinates": [ [ [ [ 33.6372592, 44.4679747 ], [ 33.6372459, 44.4679829 ], [ 33.6372371, 44.4680075 ], [ 33.6372663, 44.4680182 ], [ 33.637284, 44.4680163 ], [ 33.6373486, 44.4680018 ], [ 33.6372964, 44.4679709 ], [ 33.6372592, 44.4679747 ] ] ] ] } },
{ "type": "Feature", "properties": { "FID": 702505, "id": 1522, "left": 30.0, "top": 45.0, "right": 35.0, "bottom": 40.0, "row_index": 9, "col_index": 42, "min_lon": 30.0, "min_lat": 40.0, "tile_id": "30_40" }, "geometry": { "type": "MultiPolygon", "coordinates": [ [ [ [ 33.6375043, 44.467679 ], [ 33.6374694, 44.4676714 ], [ 33.637456, 44.4676867 ], [ 33.6374265, 44.467702 ], [ 33.6374345, 44.4677135 ], [ 33.6374412, 44.4677288 ], [ 33.6374506, 44.467747 ], [ 33.6374815, 44.4677623 ], [ 33.6374908, 44.4677508 ], [ 33.6374922, 44.4677154 ], [ 33.6375096, 44.4676962 ], [ 33.6375043, 44.467679 ] ] ] ] } },
{ "type": "Feature", "properties": { "FID": 702506, "id": 1522, "left": 30.0, "top": 45.0, "right": 35.0, "bottom": 40.0, "row_index": 9, "col_index": 42, "min_lon": 30.0, "min_lat": 40.0, "tile_id": "30_40" }, "geometry": { "type": "MultiPolygon", "coordinates": [ [ [ [ 33.6375189, 44.4672998 ], [ 33.6375123, 44.4672988 ], [ 33.637491, 44.4672998 ], [ 33.6374691, 44.4673107 ], [ 33.6374694, 44.4673268 ], [ 33.6375029, 44.4673431 ], [ 33.6375244, 44.4673077 ], [ 33.6375189, 44.4672998 ] ] ] ] } },
{ "type": "Feature", "properties": { "FID": 702507, "id": 1522, "left": 30.0, "top": 45.0, "right": 35.0, "bottom": 40.0, "row_index": 9, "col_index": 42, "min_lon": 30.0, "min_lat": 40.0, "tile_id": "30_40" }, "geometry": { "type": "MultiPolygon", "coordinates": [ [ [ [ 33.6375083, 44.4669392 ], [ 33.6374803, 44.4669559 ], [ 33.6375025, 44.4669884 ], [ 33.6375912, 44.4670125 ], [ 33.6375761, 44.46704 ], [ 33.6376776, 44.4670358 ], [ 33.6376975, 44.4670233 ], [ 33.6376951, 44.467005 ], [ 33.6376718, 44.4669934 ], [ 33.6376753, 44.4669667 ], [ 33.6376566, 44.4669309 ], [ 33.6375083, 44.4669392 ] ] ] ] } },
{ "type": "Feature", "properties": { "FID": 702508, "id": 1522, "left": 30.0, "top": 45.0, "right": 35.0, "bottom": 40.0, "row_index": 9, "col_index": 42, "min_lon": 30.0, "min_lat": 40.0, "tile_id": "30_40" }, "geometry": { "type": "MultiPolygon", "coordinates": [ [ [ [ 33.6377255, 44.4669617 ], [ 33.6377185, 44.4669684 ], [ 33.6377127, 44.4669859 ], [ 33.6377348, 44.467005 ], [ 33.6377488, 44.4669984 ], [ 33.6377477, 44.4669692 ], [ 33.6377255, 44.4669617 ] ] ] ] } },
{ "type": "Feature", "properties": { "FID": 702509, "id": 1522, "left": 30.0, "top": 45.0, "right": 35.0, "bottom": 40.0, "row_index": 9, "col_index": 42, "min_lon": 30.0, "min_lat": 40.0, "tile_id": "30_40" }, "geometry": { "type": "MultiPolygon", "coordinates": [ [ [ [ 33.6376451, 44.4667864 ], [ 33.6375958, 44.4667787 ], [ 33.6375481, 44.4668259 ], [ 33.6375173, 44.4668259 ], [ 33.6375111, 44.4668018 ], [ 33.6374664, 44.4667842 ], [ 33.6374372, 44.4668029 ], [ 33.6374279, 44.4668446 ], [ 33.6374803, 44.4668589 ], [ 33.637525, 44.4668688 ], [ 33.6375989, 44.4668622 ], [ 33.6376174, 44.4668391 ], [ 33.6376544, 44.466804 ], [ 33.6376451, 44.4667864 ] ] ] ] } },
{ "type": "Feature", "properties": { "FID": 702510, "id": 1522, "left": 30.0, "top": 45.0, "right": 35.0, "bottom": 40.0, "row_index": 9, "col_index": 42, "min_lon": 30.0, "min_lat": 40.0, "tile_id": "30_40" }, "geometry": { "type": "MultiPolygon", "coordinates": [ [ [ [ 33.6377853, 44.4665973 ], [ 33.637793, 44.4666127 ], [ 33.6378192, 44.4666072 ], [ 33.6378315, 44.4665885 ], [ 33.6378208, 44.4665797 ], [ 33.6377869, 44.4665808 ], [ 33.6377853, 44.4665973 ] ] ] ] } },
{ "type": "Feature", "properties": { "FID": 702511, "id": 1522, "left": 30.0, "top": 45.0, "right": 35.0, "bottom": 40.0, "row_index": 9, "col_index": 42, "min_lon": 30.0, "min_lat": 40.0, "tile_id": "30_40" }, "geometry": { "type": "MultiPolygon", "coordinates": [ [ [ [ 33.638123, 44.4663487 ], [ 33.6380935, 44.4663363 ], [ 33.638076, 44.4663372 ], [ 33.6380358, 44.4663621 ], [ 33.6380023, 44.4664052 ], [ 33.6380626, 44.4664636 ], [ 33.6380988, 44.4664569 ], [ 33.6381176, 44.4664444 ], [ 33.6381404, 44.4664148 ], [ 33.638123, 44.4663487 ] ] ] ] } },
{ "type": "Feature", "properties": { "FID": 702512, "id": 1522, "left": 30.0, "top": 45.0, "right": 35.0, "bottom": 40.0, "row_index": 9, "col_index": 42, "min_lon": 30.0, "min_lat": 40.0, "tile_id": "30_40" }, "geometry": { "type": "MultiPolygon", "coordinates": [ [ [ [ 33.6379346, 44.4657563 ], [ 33.6379245, 44.4657679 ], [ 33.6379255, 44.4657911 ], [ 33.6379346, 44.4658078 ], [ 33.637954, 44.4658063 ], [ 33.6379895, 44.46577 ], [ 33.6379346, 44.4657563 ] ] ] ] } },
{ "type": "Feature", "properties": { "FID": 702741, "id": 1522, "left": 30.0, "top": 45.0, "right": 35.0, "bottom": 40.0, "row_index": 9, "col_index": 42, "min_lon": 30.0, "min_lat": 40.0, "tile_id": "30_40" }, "geometry": { "type": "MultiPolygon", "coordinates": [ [ [ [ 33.6897667, 44.4187068 ], [ 33.6897968, 44.4187308 ], [ 33.6898305, 44.4187359 ], [ 33.6898552, 44.4186967 ], [ 33.6898641, 44.418679 ], [ 33.6898411, 44.41866 ], [ 33.6898203, 44.4186588 ], [ 33.6897757, 44.418675 ], [ 33.6897667, 44.4187068 ] ] ] ] } },
{ "type": "Feature", "properties": { "FID": 703251, "id": 1522, "left": 30.0, "top": 45.0, "right": 35.0, "bottom": 40.0, "row_index": 9, "col_index": 42, "min_lon": 30.0, "min_lat": 40.0, "tile_id": "30_40" }, "geometry": { "type": "MultiPolygon", "coordinates": [ [ [ [ 34.9025484, 44.8192416 ], [ 34.9025192, 44.8192003 ], [ 34.9024407, 44.8191987 ], [ 34.9023823, 44.8192241 ], [ 34.9023576, 44.8192528 ], [ 34.9023397, 44.8193005 ], [ 34.9023778, 44.8193308 ], [ 34.9024429, 44.8193419 ], [ 34.9026, 44.8193324 ], [ 34.9026202, 44.8192989 ], [ 34.9025484, 44.8192416 ] ] ] ] } },
{ "type": "Feature", "properties": { "FID": 703252, "id": 1522, "left": 30.0, "top": 45.0, "right": 35.0, "bottom": 40.0, "row_index": 9, "col_index": 42, "min_lon": 30.0, "min_lat": 40.0, "tile_id": "30_40" }, "geometry": { "type": "MultiPolygon", "coordinates": [ [ [ [ 34.9023956, 44.8190532 ], [ 34.9023193, 44.8190102 ], [ 34.9022677, 44.8189959 ], [ 34.9021577, 44.8190118 ], [ 34.9021331, 44.8190357 ], [ 34.902169, 44.8190802 ], [ 34.9022093, 44.8191216 ], [ 34.902261, 44.8191328 ], [ 34.9023664, 44.8191232 ], [ 34.9023956, 44.8190532 ] ] ] ] } },
{ "type": "Feature", "properties": { "FID": 703684, "id": 1522, "left": 30.0, "top": 45.0, "right": 35.0, "bottom": 40.0, "row_index": 9, "col_index": 42, "min_lon": 30.0, "min_lat": 40.0, "tile_id": "30_40" }, "geometry": { "type": "MultiPolygon", "coordinates": [ [ [ [ 33.6289261, 44.4800388 ], [ 33.6289569, 44.4800104 ], [ 33.6289404, 44.479982 ], [ 33.6289306, 44.479975 ], [ 33.6289073, 44.4799702 ], [ 33.6288825, 44.4799691 ], [ 33.6288171, 44.4799461 ], [ 33.6288066, 44.4799546 ], [ 33.6288254, 44.4800072 ], [ 33.6288517, 44.4800265 ], [ 33.6288757, 44.4800372 ], [ 33.6289043, 44.4800431 ], [ 33.6289261, 44.4800388 ] ] ] ] } },
{ "type": "Feature", "properties": { "FID": 755086, "id": 1522, "left": 30.0, "top": 45.0, "right": 35.0, "bottom": 40.0, "row_index": 9, "col_index": 42, "min_lon": 30.0, "min_lat": 40.0, "tile_id": "30_40" }, "geometry": { "type": "MultiPolygon", "coordinates": [ [ [ [ 32.3767239, 41.7468047 ], [ 32.3766676, 41.7467367 ], [ 32.3766059, 41.7467187 ], [ 32.3765335, 41.7467227 ], [ 32.376512, 41.7467667 ], [ 32.3765067, 41.7468127 ], [ 32.3765523, 41.7468668 ], [ 32.3766247, 41.7469148 ], [ 32.3766864, 41.7469168 ], [ 32.3767749, 41.7468788 ], [ 32.3767239, 41.7468047 ] ] ] ] } },
{ "type": "Feature", "properties": { "FID": 755087, "id": 1522, "left": 30.0, "top": 45.0, "right": 35.0, "bottom": 40.0, "row_index": 9, "col_index": 42, "min_lon": 30.0, "min_lat": 40.0, "tile_id": "30_40" }, "geometry": { "type": "MultiPolygon", "coordinates": [ [ [ [ 32.3754046, 41.745821 ], [ 32.3754057, 41.7457809 ], [ 32.3753719, 41.7457766 ], [ 32.3753415, 41.7457879 ], [ 32.3753508, 41.7458428 ], [ 32.3753964, 41.7458524 ], [ 32.3754046, 41.745821 ] ] ] ] } },
{ "type": "Feature", "properties": { "FID": 755088, "id": 1522, "left": 30.0, "top": 45.0, "right": 35.0, "bottom": 40.0, "row_index": 9, "col_index": 42, "min_lon": 30.0, "min_lat": 40.0, "tile_id": "30_40" }, "geometry": { "type": "MultiPolygon", "coordinates": [ [ [ [ 32.2950162, 41.7229774 ], [ 32.2951199, 41.7229273 ], [ 32.2951097, 41.722856 ], [ 32.2950874, 41.7227969 ], [ 32.2950223, 41.7227695 ], [ 32.2949186, 41.7227923 ], [ 32.2948821, 41.7228409 ], [ 32.2949552, 41.7228955 ], [ 32.2948699, 41.7229122 ], [ 32.2948211, 41.7229653 ], [ 32.2948556, 41.7229941 ], [ 32.2948983, 41.7230093 ], [ 32.2950162, 41.7229774 ] ] ] ] } },
{ "type": "Feature", "properties": { "FID": 755089, "id": 1522, "left": 30.0, "top": 45.0, "right": 35.0, "bottom": 40.0, "row_index": 9, "col_index": 42, "min_lon": 30.0, "min_lat": 40.0, "tile_id": "30_40" }, "geometry": { "type": "MultiPolygon", "coordinates": [ [ [ [ 32.2926988, 41.7215322 ], [ 32.2926581, 41.7215296 ], [ 32.2926616, 41.7215593 ], [ 32.2926767, 41.721587 ], [ 32.2927147, 41.7215837 ], [ 32.2927236, 41.7215725 ], [ 32.2926988, 41.7215322 ] ] ] ] } },
{ "type": "Feature", "properties": { "FID": 755090, "id": 1522, "left": 30.0, "top": 45.0, "right": 35.0, "bottom": 40.0, "row_index": 9, "col_index": 42, "min_lon": 30.0, "min_lat": 40.0, "tile_id": "30_40" }, "geometry": { "type": "MultiPolygon", "coordinates": [ [ [ [ 32.4689695, 41.7788982 ], [ 32.4692055, 41.7789102 ], [ 32.4692055, 41.7787782 ], [ 32.4690714, 41.7787062 ], [ 32.4692431, 41.7785862 ], [ 32.469227, 41.7784342 ], [ 32.4689105, 41.7784102 ], [ 32.4685403, 41.7784102 ], [ 32.4683096, 41.7785622 ], [ 32.4684438, 41.7787182 ], [ 32.4685832, 41.7789062 ], [ 32.4689695, 41.7788982 ] ] ] ] } },
{ "type": "Feature", "properties": { "FID": 755091, "id": 1522, "left": 30.0, "top": 45.0, "right": 35.0, "bottom": 40.0, "row_index": 9, "col_index": 42, "min_lon": 30.0, "min_lat": 40.0, "tile_id": "30_40" }, "geometry": { "type": "MultiPolygon", "coordinates": [ [ [ [ 32.4721184, 41.7787102 ], [ 32.4723383, 41.7784302 ], [ 32.4722203, 41.7782461 ], [ 32.4717321, 41.7781781 ], [ 32.471362, 41.7782381 ], [ 32.4714049, 41.7784862 ], [ 32.4721184, 41.7787102 ] ] ] ] } },
{ "type": "Feature", "properties": { "FID": 755092, "id": 1522, "left": 30.0, "top": 45.0, "right": 35.0, "bottom": 40.0, "row_index": 9, "col_index": 42, "min_lon": 30.0, "min_lat": 40.0, "tile_id": "30_40" }, "geometry": { "type": "MultiPolygon", "coordinates": [ [ [ [ 32.4688983, 41.7782365 ], [ 32.4691396, 41.778281 ], [ 32.4693118, 41.7782305 ], [ 32.4687237, 41.7781166 ], [ 32.4688983, 41.7782365 ] ] ] ] } }
]
}
