{
"type": "FeatureCollection",
"name": "30_70",
"crs": { "type": "name", "properties": { "name": "urn:ogc:def:crs:OGC:1.3:CRS84" } },
"xy_coordinate_resolution": 1e-15,
"features": [
{ "type": "Feature", "properties": { "FID": 100734, "id": 1516, "left": 30.0, "top": 75.0, "right": 35.0, "bottom": 70.0, "row_index": 3, "col_index": 42, "min_lon": 30.0, "min_lat": 70.0, "tile_id": "30_70" }, "geometry": { "type": "MultiPolygon", "coordinates": [ [ [ [ 31.1506501, 70.3942998 ], [ 31.1507286, 70.3942974 ], [ 31.1508104, 70.3942546 ], [ 31.1508108, 70.3942069 ], [ 31.1507766, 70.3941312 ], [ 31.1506482, 70.3939321 ], [ 31.1504564, 70.3937289 ], [ 31.1502461, 70.3935701 ], [ 31.1499279, 70.3934247 ], [ 31.1493293, 70.3931508 ], [ 31.1488948, 70.3929775 ], [ 31.1482467, 70.3926232 ], [ 31.1479001, 70.3924485 ], [ 31.147509, 70.3921003 ], [ 31.146798, 70.3916547 ], [ 31.146256, 70.3912634 ], [ 31.1458066, 70.3910832 ], [ 31.1453564, 70.390878 ], [ 31.1450546, 70.3907149 ], [ 31.1450018, 70.3906074 ], [ 31.1449574, 70.3905579 ], [ 31.144594, 70.3902218 ], [ 31.1442284, 70.3899107 ], [ 31.1439347, 70.3895241 ], [ 31.1437433, 70.3892368 ], [ 31.1436653, 70.3892062 ], [ 31.1434029, 70.3891483 ], [ 31.1433236, 70.3891171 ], [ 31.1433065, 70.3890815 ], [ 31.1433112, 70.3889688 ], [ 31.1423723, 70.388105 ], [ 31.1422218, 70.3879257 ], [ 31.1418917, 70.3877247 ], [ 31.1417941, 70.3876807 ], [ 31.141705, 70.3876548 ], [ 31.1412546, 70.3872937 ], [ 31.1410903, 70.3871792 ], [ 31.1408701, 70.3870786 ], [ 31.1408029, 70.387068 ], [ 31.140729, 70.3870665 ], [ 31.1403749, 70.3869785 ], [ 31.1399412, 70.3868242 ], [ 31.1398046, 70.3867652 ], [ 31.1398111, 70.3866375 ], [ 31.1398549, 70.3864609 ], [ 31.1400233, 70.3863409 ], [ 31.140021, 70.3862986 ], [ 31.1399595, 70.3862761 ], [ 31.1398667, 70.3862639 ], [ 31.1395643, 70.3862494 ], [ 31.1393859, 70.3862634 ], [ 31.1392117, 70.3862897 ], [ 31.1385542, 70.3866699 ], [ 31.138325, 70.3867864 ], [ 31.1380536, 70.3868247 ], [ 31.1378045, 70.3866986 ], [ 31.1375073, 70.3866663 ], [ 31.1370014, 70.3867326 ], [ 31.1367244, 70.3868526 ], [ 31.1365629, 70.3871262 ], [ 31.1365487, 70.3871857 ], [ 31.1363735, 70.387311 ], [ 31.1361406, 70.387378 ], [ 31.1360868, 70.3873671 ], [ 31.1359988, 70.3873744 ], [ 31.1359046, 70.3874196 ], [ 31.1357977, 70.387484 ], [ 31.135573, 70.3877476 ], [ 31.1354858, 70.3878024 ], [ 31.1352907, 70.3877653 ], [ 31.1352068, 70.3877882 ], [ 31.1351358, 70.3879384 ], [ 31.1350982, 70.3883501 ], [ 31.1350882, 70.3883737 ], [ 31.1350462, 70.3883933 ], [ 31.1348956, 70.3883958 ], [ 31.1347114, 70.3883796 ], [ 31.134355, 70.3884037 ], [ 31.13385, 70.3883846 ], [ 31.1336116, 70.3883573 ], [ 31.1330673, 70.3879254 ], [ 31.1329778, 70.3878707 ], [ 31.1327449, 70.3878414 ], [ 31.132601, 70.3878789 ], [ 31.1325228, 70.3878854 ], [ 31.1323877, 70.3878499 ], [ 31.1322151, 70.3876912 ], [ 31.1321466, 70.3875021 ], [ 31.1317808, 70.3871095 ], [ 31.1316761, 70.3870045 ], [ 31.1314305, 70.3868749 ], [ 31.1312059, 70.3867854 ], [ 31.1311046, 70.3867675 ], [ 31.1308447, 70.3867809 ], [ 31.1301764, 70.386758 ], [ 31.1297864, 70.3868335 ], [ 31.128906, 70.3871594 ], [ 31.1286746, 70.3873143 ], [ 31.1283157, 70.3874727 ], [ 31.1276289, 70.3875992 ], [ 31.1275627, 70.3876238 ], [ 31.1275475, 70.3876527 ], [ 31.1275748, 70.3876734 ], [ 31.1274406, 70.387729 ], [ 31.1269384, 70.3878419 ], [ 31.1264012, 70.3879334 ], [ 31.1259457, 70.3879282 ], [ 31.1258831, 70.3878771 ], [ 31.1257131, 70.3878675 ], [ 31.1255394, 70.3878723 ], [ 31.1252462, 70.3879104 ], [ 31.124876, 70.3880181 ], [ 31.1246062, 70.3880674 ], [ 31.1244095, 70.3880609 ], [ 31.1243007, 70.3880705 ], [ 31.1242156, 70.3880875 ], [ 31.1241339, 70.388126 ], [ 31.1241018, 70.3881591 ], [ 31.1240347, 70.3883893 ], [ 31.1238732, 70.3884381 ], [ 31.1234206, 70.3884775 ], [ 31.123313, 70.3884062 ], [ 31.1231158, 70.3883571 ], [ 31.122995, 70.3883596 ], [ 31.1227418, 70.3884105 ], [ 31.1225898, 70.3884921 ], [ 31.1220264, 70.388545 ], [ 31.1214931, 70.3886628 ], [ 31.1212924, 70.388683 ], [ 31.1209891, 70.3886637 ], [ 31.1197488, 70.3888537 ], [ 31.1192912, 70.3888938 ], [ 31.1187329, 70.3889088 ], [ 31.1182528, 70.388901 ], [ 31.1180109, 70.3888894 ], [ 31.1179774, 70.3888742 ], [ 31.1179582, 70.3888094 ], [ 31.1178995, 70.3887778 ], [ 31.1178734, 70.3887724 ], [ 31.1175946, 70.3887887 ], [ 31.1175464, 70.3888162 ], [ 31.117475, 70.3890323 ], [ 31.117436, 70.3892167 ], [ 31.1174542, 70.3894203 ], [ 31.1174298, 70.3894521 ], [ 31.1172838, 70.3895299 ], [ 31.1172471, 70.3895312 ], [ 31.1172276, 70.389516 ], [ 31.1172272, 70.3894182 ], [ 31.1170403, 70.3892818 ], [ 31.1168579, 70.3894802 ], [ 31.1166996, 70.3894464 ], [ 31.1165327, 70.3894576 ], [ 31.1164956, 70.3894693 ], [ 31.1164054, 70.3895548 ], [ 31.1163959, 70.3898282 ], [ 31.1162593, 70.3900605 ], [ 31.1162065, 70.3902177 ], [ 31.1161825, 70.3905191 ], [ 31.1163664, 70.3906757 ], [ 31.1165933, 70.3909026 ], [ 31.1165853, 70.3912337 ], [ 31.1167764, 70.3915205 ], [ 31.1168274, 70.3915614 ], [ 31.1172721, 70.3917249 ], [ 31.1173414, 70.391736 ], [ 31.1174743, 70.3917429 ], [ 31.1177918, 70.3917118 ], [ 31.1173211, 70.3921419 ], [ 31.1172911, 70.3922935 ], [ 31.117197, 70.3924463 ], [ 31.1172877, 70.3926558 ], [ 31.1173952, 70.3928078 ], [ 31.1175428, 70.3929957 ], [ 31.1177657, 70.39322 ], [ 31.1176837, 70.3933354 ], [ 31.1176321, 70.3933683 ], [ 31.1177316, 70.3935984 ], [ 31.117901, 70.3936817 ], [ 31.1181528, 70.3936932 ], [ 31.1180484, 70.3938142 ], [ 31.118166, 70.3939022 ], [ 31.118419, 70.3939482 ], [ 31.1187769, 70.3941677 ], [ 31.1188273, 70.3942264 ], [ 31.1189091, 70.3944157 ], [ 31.1189563, 70.3944579 ], [ 31.1191782, 70.3945846 ], [ 31.1193372, 70.39461 ], [ 31.1194808, 70.3945985 ], [ 31.1195009, 70.3945903 ], [ 31.1193947, 70.3944474 ], [ 31.1194214, 70.3944314 ], [ 31.1197939, 70.3944695 ], [ 31.1198079, 70.3945123 ], [ 31.1197305, 70.3945788 ], [ 31.1197074, 70.3946762 ], [ 31.1197191, 70.3947015 ], [ 31.1198372, 70.3948199 ], [ 31.1199328, 70.3948634 ], [ 31.1201105, 70.3949106 ], [ 31.1203037, 70.3950527 ], [ 31.1203145, 70.3951796 ], [ 31.1205707, 70.39538 ], [ 31.1206826, 70.3954426 ], [ 31.1207254, 70.3954549 ], [ 31.1208202, 70.3954658 ], [ 31.1211259, 70.3954751 ], [ 31.1213965, 70.395468 ], [ 31.1217187, 70.3956158 ], [ 31.1220361, 70.3955897 ], [ 31.1218946, 70.3954702 ], [ 31.1220144, 70.3953509 ], [ 31.1220582, 70.3953574 ], [ 31.1222625, 70.3954537 ], [ 31.1225842, 70.3955044 ], [ 31.1232024, 70.3955138 ], [ 31.1232419, 70.3955203 ], [ 31.1234099, 70.3956204 ], [ 31.1234541, 70.3956644 ], [ 31.1237455, 70.3957866 ], [ 31.1241254, 70.3958507 ], [ 31.1247613, 70.3960742 ], [ 31.1249948, 70.3961972 ], [ 31.125199, 70.3964551 ], [ 31.1252477, 70.3964811 ], [ 31.1253665, 70.3965248 ], [ 31.125591, 70.3965881 ], [ 31.1258896, 70.3966529 ], [ 31.1260018, 70.3966641 ], [ 31.1261973, 70.3966999 ], [ 31.1264033, 70.3967702 ], [ 31.1264805, 70.3968197 ], [ 31.1264511, 70.396858 ], [ 31.1265116, 70.396924 ], [ 31.1266192, 70.3969979 ], [ 31.1272616, 70.3972531 ], [ 31.1274588, 70.3973137 ], [ 31.127605, 70.3973444 ], [ 31.1280509, 70.3973964 ], [ 31.1281617, 70.3973978 ], [ 31.1282188, 70.3973904 ], [ 31.1288186, 70.3974867 ], [ 31.1293722, 70.3974774 ], [ 31.1295646, 70.3975186 ], [ 31.1300058, 70.3975647 ], [ 31.1301683, 70.3975625 ], [ 31.130752, 70.3975208 ], [ 31.1309728, 70.3974455 ], [ 31.1310544, 70.3973487 ], [ 31.1310974, 70.3973273 ], [ 31.1311573, 70.3973159 ], [ 31.1312566, 70.3973184 ], [ 31.1314562, 70.3973742 ], [ 31.1315349, 70.3974548 ], [ 31.1316526, 70.3975422 ], [ 31.1318668, 70.3976567 ], [ 31.1320188, 70.3977228 ], [ 31.1324847, 70.3978666 ], [ 31.1326439, 70.3978794 ], [ 31.1326959, 70.3978755 ], [ 31.1327543, 70.3978528 ], [ 31.1329735, 70.3976623 ], [ 31.133092, 70.3976277 ], [ 31.1332995, 70.39759 ], [ 31.1333493, 70.3975934 ], [ 31.1333876, 70.3974952 ], [ 31.1334246, 70.3974541 ], [ 31.1334946, 70.397426 ], [ 31.1336219, 70.3974093 ], [ 31.1336715, 70.3974106 ], [ 31.1337562, 70.3974611 ], [ 31.1341318, 70.3974953 ], [ 31.1347466, 70.397538 ], [ 31.1352144, 70.3975049 ], [ 31.1355682, 70.3975385 ], [ 31.1358649, 70.3975413 ], [ 31.1360391, 70.3974114 ], [ 31.136381, 70.3973128 ], [ 31.1365722, 70.3973724 ], [ 31.1367457, 70.397409 ], [ 31.1371962, 70.3973962 ], [ 31.1374546, 70.3973659 ], [ 31.1374567, 70.3973434 ], [ 31.1376748, 70.3973302 ], [ 31.1377039, 70.3973417 ], [ 31.1377169, 70.3973669 ], [ 31.1376352, 70.3974719 ], [ 31.1376439, 70.3975206 ], [ 31.1376904, 70.3975644 ], [ 31.1379807, 70.3977007 ], [ 31.1380466, 70.3977172 ], [ 31.1382964, 70.3980518 ], [ 31.1386792, 70.3983234 ], [ 31.1390221, 70.3984194 ], [ 31.1392255, 70.3984575 ], [ 31.1401591, 70.3985794 ], [ 31.1405593, 70.3985816 ], [ 31.1410557, 70.3985568 ], [ 31.1419674, 70.3984861 ], [ 31.1423389, 70.3985353 ], [ 31.142575, 70.3985216 ], [ 31.1425935, 70.3984077 ], [ 31.1425243, 70.3982834 ], [ 31.1428995, 70.3982414 ], [ 31.1429773, 70.3982462 ], [ 31.1433653, 70.3983643 ], [ 31.1437422, 70.3984482 ], [ 31.1441117, 70.398493 ], [ 31.1443114, 70.3984445 ], [ 31.1443476, 70.3983754 ], [ 31.1443139, 70.398335 ], [ 31.1443955, 70.3982404 ], [ 31.1448814, 70.3982353 ], [ 31.1452429, 70.3982796 ], [ 31.145473, 70.3983738 ], [ 31.1455487, 70.3983938 ], [ 31.1456344, 70.3984016 ], [ 31.1457354, 70.398383 ], [ 31.1457477, 70.3983625 ], [ 31.1456171, 70.3982625 ], [ 31.1455584, 70.3982324 ], [ 31.1457024, 70.3981714 ], [ 31.1464167, 70.3982191 ], [ 31.1466124, 70.3981116 ], [ 31.146606, 70.3980779 ], [ 31.1465109, 70.3979884 ], [ 31.1464205, 70.3979307 ], [ 31.1463773, 70.3978687 ], [ 31.1470631, 70.3979641 ], [ 31.1471364, 70.39798 ], [ 31.1471941, 70.3980137 ], [ 31.1471016, 70.398119 ], [ 31.1470634, 70.3981321 ], [ 31.1469996, 70.3981295 ], [ 31.1469268, 70.3980857 ], [ 31.1468583, 70.3980292 ], [ 31.1468306, 70.3979788 ], [ 31.1467982, 70.3979685 ], [ 31.1467538, 70.3979709 ], [ 31.1467338, 70.3979825 ], [ 31.1467461, 70.3980347 ], [ 31.1467831, 70.3980948 ], [ 31.1468572, 70.3981479 ], [ 31.1469807, 70.3982097 ], [ 31.1472317, 70.3981547 ], [ 31.1472605, 70.3981294 ], [ 31.1472847, 70.3980527 ], [ 31.14719, 70.3977871 ], [ 31.1471388, 70.3975334 ], [ 31.1471081, 70.3972859 ], [ 31.1471205, 70.3972639 ], [ 31.1470475, 70.3971293 ], [ 31.1468534, 70.3969962 ], [ 31.1466366, 70.3968867 ], [ 31.1463842, 70.3967778 ], [ 31.1460924, 70.3966209 ], [ 31.1461747, 70.3966031 ], [ 31.1463671, 70.3966516 ], [ 31.1463992, 70.396649 ], [ 31.1464151, 70.3966306 ], [ 31.1462884, 70.3965346 ], [ 31.1456752, 70.3962306 ], [ 31.1452963, 70.3960689 ], [ 31.1452696, 70.3960438 ], [ 31.1454815, 70.3960482 ], [ 31.1455835, 70.3960662 ], [ 31.1461466, 70.3961195 ], [ 31.1468231, 70.3961633 ], [ 31.1469312, 70.396163 ], [ 31.1469492, 70.3961492 ], [ 31.1466655, 70.3960269 ], [ 31.1465664, 70.3959938 ], [ 31.1464733, 70.3959792 ], [ 31.1463846, 70.3959216 ], [ 31.147076, 70.39591 ], [ 31.1473347, 70.3959177 ], [ 31.1476952, 70.3959429 ], [ 31.1484294, 70.3959171 ], [ 31.1485751, 70.3959007 ], [ 31.1487744, 70.3958295 ], [ 31.1487791, 70.395818 ], [ 31.1487292, 70.3957851 ], [ 31.148454, 70.3956662 ], [ 31.1484505, 70.3955278 ], [ 31.1490011, 70.3956716 ], [ 31.1494611, 70.3956708 ], [ 31.1494937, 70.3956614 ], [ 31.1495031, 70.3956431 ], [ 31.1494823, 70.395626 ], [ 31.1489931, 70.3954586 ], [ 31.1490551, 70.3952948 ], [ 31.1492203, 70.3952736 ], [ 31.1494245, 70.3952915 ], [ 31.149754, 70.3952979 ], [ 31.149928, 70.3952681 ], [ 31.1500523, 70.3952468 ], [ 31.1500954, 70.3952368 ], [ 31.1501085, 70.3952189 ], [ 31.1499278, 70.3949128 ], [ 31.1498159, 70.3947228 ], [ 31.1494561, 70.3945027 ], [ 31.1495274, 70.3944103 ], [ 31.149928, 70.3943709 ], [ 31.1506501, 70.3942998 ] ] ] ] } },
{ "type": "Feature", "properties": { "FID": 100735, "id": 1516, "left": 30.0, "top": 75.0, "right": 35.0, "bottom": 70.0, "row_index": 3, "col_index": 42, "min_lon": 30.0, "min_lat": 70.0, "tile_id": "30_70" }, "geometry": { "type": "MultiPolygon", "coordinates": [ [ [ [ 31.1499006, 70.3836777 ], [ 31.1498171, 70.3838015 ], [ 31.1498242, 70.3838639 ], [ 31.1499167, 70.3840506 ], [ 31.1499169, 70.3841448 ], [ 31.1494224, 70.3847626 ], [ 31.1492586, 70.3853662 ], [ 31.149252, 70.3854137 ], [ 31.1493073, 70.385509 ], [ 31.1493081, 70.3862166 ], [ 31.1493935, 70.386333 ], [ 31.1494458, 70.3864744 ], [ 31.1491357, 70.3866302 ], [ 31.1490298, 70.3866162 ], [ 31.1489231, 70.3866482 ], [ 31.1489157, 70.3866642 ], [ 31.1490257, 70.3869975 ], [ 31.1491836, 70.3871798 ], [ 31.1492574, 70.3872937 ], [ 31.14945, 70.387804 ], [ 31.1493106, 70.3880822 ], [ 31.1493069, 70.3881099 ], [ 31.1493463, 70.3881757 ], [ 31.149566, 70.3882589 ], [ 31.1499281, 70.3883452 ], [ 31.1500876, 70.3883833 ], [ 31.1502578, 70.3884456 ], [ 31.1503714, 70.3885122 ], [ 31.1505864, 70.3886837 ], [ 31.1506429, 70.3887736 ], [ 31.1509881, 70.3890436 ], [ 31.1515029, 70.3893182 ], [ 31.151757, 70.3894358 ], [ 31.1521547, 70.3895279 ], [ 31.1528148, 70.389715 ], [ 31.1535043, 70.3899543 ], [ 31.1535439, 70.3899564 ], [ 31.1535461, 70.3899472 ], [ 31.1533541, 70.3897719 ], [ 31.1532874, 70.3896782 ], [ 31.1533321, 70.3896498 ], [ 31.1538959, 70.3897544 ], [ 31.1540461, 70.3898433 ], [ 31.1541547, 70.3899279 ], [ 31.1545747, 70.3899748 ], [ 31.1557458, 70.3900418 ], [ 31.1563273, 70.3900821 ], [ 31.15633, 70.3900932 ], [ 31.1563062, 70.3900992 ], [ 31.155848, 70.3901049 ], [ 31.1555277, 70.3901278 ], [ 31.155475, 70.3901365 ], [ 31.1554304, 70.3901556 ], [ 31.1554371, 70.3902207 ], [ 31.155536, 70.3902872 ], [ 31.1558885, 70.3904152 ], [ 31.1567223, 70.3905932 ], [ 31.1576091, 70.3907426 ], [ 31.1576932, 70.3907519 ], [ 31.1577511, 70.3907479 ], [ 31.1578161, 70.3907288 ], [ 31.1578614, 70.390589 ], [ 31.1577037, 70.390457 ], [ 31.1578887, 70.3904534 ], [ 31.1581865, 70.3905534 ], [ 31.1586403, 70.3907412 ], [ 31.1588919, 70.3907809 ], [ 31.1589872, 70.3907769 ], [ 31.159016, 70.3907668 ], [ 31.1590302, 70.3907446 ], [ 31.1589825, 70.3907117 ], [ 31.1590012, 70.3907072 ], [ 31.1594975, 70.3906582 ], [ 31.1597278, 70.3906747 ], [ 31.159915, 70.3907162 ], [ 31.1605935, 70.3907208 ], [ 31.1608418, 70.3907145 ], [ 31.1614097, 70.3906773 ], [ 31.1615667, 70.3906755 ], [ 31.1621506, 70.3906932 ], [ 31.1630006, 70.3906836 ], [ 31.1634622, 70.3906587 ], [ 31.1635075, 70.3906284 ], [ 31.1637305, 70.3903034 ], [ 31.1637366, 70.3902425 ], [ 31.163303, 70.3900087 ], [ 31.1626037, 70.3899229 ], [ 31.1624394, 70.3898709 ], [ 31.1626887, 70.3897918 ], [ 31.1626808, 70.3896746 ], [ 31.1624856, 70.3895627 ], [ 31.1625525, 70.3894605 ], [ 31.1621401, 70.3892412 ], [ 31.1622623, 70.3892279 ], [ 31.1627373, 70.3892277 ], [ 31.1635045, 70.3892943 ], [ 31.1641048, 70.3892509 ], [ 31.1642483, 70.3892277 ], [ 31.1644057, 70.3890444 ], [ 31.1642716, 70.3888476 ], [ 31.1636727, 70.3885196 ], [ 31.1639438, 70.3885277 ], [ 31.1639745, 70.3885249 ], [ 31.1640061, 70.3885095 ], [ 31.1639922, 70.3882591 ], [ 31.1639622, 70.388186 ], [ 31.1637967, 70.3880905 ], [ 31.1635395, 70.3879882 ], [ 31.1635062, 70.3879812 ], [ 31.1634357, 70.3879819 ], [ 31.1633165, 70.3880084 ], [ 31.1632271, 70.3879964 ], [ 31.1629937, 70.3878407 ], [ 31.1629853, 70.3878073 ], [ 31.1630172, 70.3877853 ], [ 31.1630502, 70.3877771 ], [ 31.1631447, 70.3877856 ], [ 31.1634511, 70.3878703 ], [ 31.1638666, 70.3879427 ], [ 31.1652192, 70.3880798 ], [ 31.1652295, 70.3880749 ], [ 31.1649861, 70.3879492 ], [ 31.1642583, 70.3877642 ], [ 31.163882, 70.387643 ], [ 31.1637456, 70.387569 ], [ 31.1637512, 70.3875603 ], [ 31.163843, 70.3875425 ], [ 31.1638957, 70.3875483 ], [ 31.164608, 70.3877261 ], [ 31.1655025, 70.387925 ], [ 31.1660303, 70.3879687 ], [ 31.1661271, 70.3879712 ], [ 31.166163, 70.3879577 ], [ 31.1667616, 70.387979 ], [ 31.1668031, 70.3879732 ], [ 31.1668464, 70.3879488 ], [ 31.166854, 70.3879242 ], [ 31.1668302, 70.3878926 ], [ 31.1667567, 70.3878412 ], [ 31.1664737, 70.3877008 ], [ 31.1663639, 70.387663 ], [ 31.1664241, 70.3876282 ], [ 31.1671052, 70.3877053 ], [ 31.1672614, 70.3876389 ], [ 31.1676255, 70.3875632 ], [ 31.1683031, 70.3875789 ], [ 31.168213, 70.3871889 ], [ 31.1682001, 70.3869917 ], [ 31.1683582, 70.3869103 ], [ 31.1684303, 70.3868452 ], [ 31.1683998, 70.3868105 ], [ 31.1680322, 70.3866598 ], [ 31.16791, 70.3866271 ], [ 31.1676639, 70.3865859 ], [ 31.1675096, 70.3865348 ], [ 31.1673669, 70.3864588 ], [ 31.1672355, 70.3863338 ], [ 31.1672018, 70.3861381 ], [ 31.1672165, 70.3859695 ], [ 31.1671726, 70.3858307 ], [ 31.1670271, 70.385703 ], [ 31.1665344, 70.3854319 ], [ 31.1658838, 70.3851562 ], [ 31.1651392, 70.3849199 ], [ 31.1651271, 70.384911 ], [ 31.1651506, 70.3849024 ], [ 31.1652776, 70.3848922 ], [ 31.1650384, 70.3846202 ], [ 31.1649374, 70.3845268 ], [ 31.1645555, 70.3843508 ], [ 31.1643064, 70.3842859 ], [ 31.1637014, 70.3842194 ], [ 31.1635025, 70.3842128 ], [ 31.1633177, 70.384223 ], [ 31.1627372, 70.3843483 ], [ 31.1624786, 70.3844758 ], [ 31.1618911, 70.3848121 ], [ 31.1618593, 70.384873 ], [ 31.1617081, 70.3849753 ], [ 31.1611167, 70.3850323 ], [ 31.1606596, 70.3852145 ], [ 31.1605115, 70.3852899 ], [ 31.1603561, 70.3853973 ], [ 31.1602502, 70.3855395 ], [ 31.1602125, 70.3856634 ], [ 31.1601866, 70.385959 ], [ 31.1602179, 70.3860535 ], [ 31.1602415, 70.3860809 ], [ 31.1602812, 70.3860988 ], [ 31.1605746, 70.3861714 ], [ 31.1606204, 70.3861902 ], [ 31.1606537, 70.3862325 ], [ 31.1605796, 70.3863322 ], [ 31.160221, 70.3864139 ], [ 31.1598065, 70.3861621 ], [ 31.1597863, 70.3861369 ], [ 31.1597577, 70.3860428 ], [ 31.1597797, 70.3859973 ], [ 31.1599218, 70.3858982 ], [ 31.1600005, 70.3858175 ], [ 31.1600014, 70.385765 ], [ 31.1599274, 70.3855461 ], [ 31.1598085, 70.3853845 ], [ 31.1598486, 70.3851669 ], [ 31.1598369, 70.3851211 ], [ 31.1598196, 70.3850991 ], [ 31.1597346, 70.3850579 ], [ 31.1595988, 70.3850328 ], [ 31.1585146, 70.3850246 ], [ 31.1581974, 70.3850369 ], [ 31.1570239, 70.3851104 ], [ 31.1566505, 70.3851645 ], [ 31.1561655, 70.3851859 ], [ 31.1559508, 70.3851753 ], [ 31.1558602, 70.3851587 ], [ 31.1558393, 70.3851454 ], [ 31.15534, 70.3846131 ], [ 31.1551557, 70.3844859 ], [ 31.1547935, 70.3843035 ], [ 31.1544411, 70.3839679 ], [ 31.1539088, 70.3833718 ], [ 31.1535855, 70.3832389 ], [ 31.1531122, 70.3831749 ], [ 31.1528448, 70.3831557 ], [ 31.15203, 70.3832179 ], [ 31.1513096, 70.3833397 ], [ 31.1510166, 70.3834325 ], [ 31.1507644, 70.3835587 ], [ 31.1504437, 70.3836549 ], [ 31.1502227, 70.3836177 ], [ 31.1501327, 70.3836185 ], [ 31.1499966, 70.3836379 ], [ 31.1499281, 70.3836664 ], [ 31.1499006, 70.3836777 ] ] ] ] } },
{ "type": "Feature", "properties": { "FID": 123912, "id": 1516, "left": 30.0, "top": 75.0, "right": 35.0, "bottom": 70.0, "row_index": 3, "col_index": 42, "min_lon": 30.0, "min_lat": 70.0, "tile_id": "30_70" }, "geometry": { "type": "MultiPolygon", "coordinates": [ [ [ [ 30.0002549, 70.707354 ], [ 30.0003207, 70.7073132 ], [ 30.000391, 70.7072942 ], [ 30.0007539, 70.7072612 ], [ 30.000832, 70.7072632 ], [ 30.001002, 70.7073126 ], [ 30.0009842, 70.7073251 ], [ 30.0008509, 70.7073373 ], [ 30.0008578, 70.7073526 ], [ 30.0013793, 70.7074131 ], [ 30.0014334, 70.7074106 ], [ 30.0014582, 70.7073934 ], [ 30.0014602, 70.7073389 ], [ 30.001448, 70.7072953 ], [ 30.0013953, 70.7072551 ], [ 30.0011689, 70.7071928 ], [ 30.0010476, 70.707177 ], [ 30.0008122, 70.7071159 ], [ 30.0008222, 70.7070987 ], [ 30.0013512, 70.7070668 ], [ 30.0018056, 70.707147 ], [ 30.0023044, 70.7071979 ], [ 30.0027585, 70.707229 ], [ 30.0027902, 70.7072162 ], [ 30.0027901, 70.7071498 ], [ 30.0028584, 70.7070901 ], [ 30.0031369, 70.7070417 ], [ 30.0034125, 70.7071087 ], [ 30.0034325, 70.7071228 ], [ 30.0034347, 70.7071323 ], [ 30.0032676, 70.7071368 ], [ 30.0032287, 70.7071432 ], [ 30.0032133, 70.7071551 ], [ 30.0033461, 70.7072882 ], [ 30.0034042, 70.707318 ], [ 30.0040636, 70.7073765 ], [ 30.0041907, 70.7073201 ], [ 30.0041928, 70.707234 ], [ 30.0044505, 70.7071599 ], [ 30.0050718, 70.7070537 ], [ 30.005655, 70.7070353 ], [ 30.0057056, 70.7070232 ], [ 30.0058625, 70.7069506 ], [ 30.0059021, 70.706884 ], [ 30.0059305, 70.7068734 ], [ 30.0061456, 70.7068431 ], [ 30.0063015, 70.7068323 ], [ 30.0063347, 70.7068404 ], [ 30.0063517, 70.7068571 ], [ 30.0063228, 70.7069512 ], [ 30.006042, 70.707042 ], [ 30.0057823, 70.7071834 ], [ 30.0057182, 70.7073087 ], [ 30.005717, 70.7074379 ], [ 30.0057492, 70.707457 ], [ 30.0061447, 70.707511 ], [ 30.0062171, 70.7075079 ], [ 30.0071996, 70.7073365 ], [ 30.0074221, 70.7072482 ], [ 30.0074153, 70.7071314 ], [ 30.0074813, 70.7070487 ], [ 30.007515, 70.7070283 ], [ 30.0077459, 70.7069651 ], [ 30.0078784, 70.7069445 ], [ 30.0082215, 70.7069432 ], [ 30.0085049, 70.706954 ], [ 30.008638, 70.706971 ], [ 30.0089614, 70.7070501 ], [ 30.0097341, 70.7073915 ], [ 30.0098754, 70.707497 ], [ 30.0098845, 70.7075465 ], [ 30.0098502, 70.7075956 ], [ 30.0092511, 70.7077815 ], [ 30.0088086, 70.708089 ], [ 30.0083378, 70.7082265 ], [ 30.0080848, 70.708287 ], [ 30.007917, 70.7084488 ], [ 30.0076489, 70.7086356 ], [ 30.0074141, 70.7087538 ], [ 30.0073722, 70.708757 ], [ 30.0073581, 70.7089381 ], [ 30.0073691, 70.7089896 ], [ 30.0074565, 70.7090776 ], [ 30.0076001, 70.709157 ], [ 30.0077949, 70.7092168 ], [ 30.0083321, 70.709357 ], [ 30.0085047, 70.7094125 ], [ 30.0088414, 70.7095443 ], [ 30.008842, 70.7095662 ], [ 30.0086498, 70.7095718 ], [ 30.0085792, 70.7095637 ], [ 30.0084083, 70.7095051 ], [ 30.0083676, 70.7095032 ], [ 30.0080252, 70.709542 ], [ 30.0080293, 70.7095551 ], [ 30.0085338, 70.7097943 ], [ 30.0088313, 70.7099765 ], [ 30.0088586, 70.7101006 ], [ 30.0089134, 70.7101427 ], [ 30.0091375, 70.7102673 ], [ 30.009307, 70.7103237 ], [ 30.0094559, 70.7103332 ], [ 30.0096389, 70.7103334 ], [ 30.0096279, 70.7102648 ], [ 30.0096469, 70.710262 ], [ 30.0107766, 70.7104981 ], [ 30.0111744, 70.7105892 ], [ 30.0114384, 70.7106773 ], [ 30.0120404, 70.7107154 ], [ 30.012147, 70.7107265 ], [ 30.0123337, 70.7107679 ], [ 30.0123401, 70.710789 ], [ 30.0122674, 70.7108379 ], [ 30.0122793, 70.7108745 ], [ 30.012582, 70.7109898 ], [ 30.012658, 70.7110043 ], [ 30.0132944, 70.7110793 ], [ 30.0133321, 70.7110776 ], [ 30.0134118, 70.711047 ], [ 30.0134022, 70.7109776 ], [ 30.0139061, 70.7109968 ], [ 30.0143102, 70.7110021 ], [ 30.0152862, 70.7109829 ], [ 30.0154219, 70.7109406 ], [ 30.0155, 70.7109781 ], [ 30.0155459, 70.7109798 ], [ 30.0159145, 70.7108646 ], [ 30.0159699, 70.7108259 ], [ 30.0159623, 70.7107971 ], [ 30.0159188, 70.7107653 ], [ 30.0156795, 70.7106196 ], [ 30.0164207, 70.7106979 ], [ 30.0166834, 70.710746 ], [ 30.0173124, 70.7107615 ], [ 30.0174642, 70.7107467 ], [ 30.0177657, 70.7106942 ], [ 30.0178611, 70.710576 ], [ 30.0178409, 70.7104485 ], [ 30.0178113, 70.7104215 ], [ 30.0176803, 70.7103857 ], [ 30.0176644, 70.7103195 ], [ 30.017913, 70.7103191 ], [ 30.0183492, 70.7103601 ], [ 30.0183903, 70.7102221 ], [ 30.0183725, 70.7101952 ], [ 30.0182121, 70.7101156 ], [ 30.018127, 70.7100853 ], [ 30.0181286, 70.7100743 ], [ 30.0181882, 70.7100765 ], [ 30.0189299, 70.7102015 ], [ 30.0189831, 70.7102015 ], [ 30.0192259, 70.7100076 ], [ 30.0191923, 70.7098054 ], [ 30.0190958, 70.7097453 ], [ 30.0189986, 70.7097087 ], [ 30.0189744, 70.7096381 ], [ 30.01944, 70.7097714 ], [ 30.0194974, 70.709815 ], [ 30.0197456, 70.709841 ], [ 30.0202067, 70.709824 ], [ 30.0202101, 70.7097967 ], [ 30.0201415, 70.709657 ], [ 30.0204832, 70.7096329 ], [ 30.0209761, 70.7096388 ], [ 30.021091, 70.7096284 ], [ 30.0216244, 70.7094918 ], [ 30.0216417, 70.7094761 ], [ 30.0216335, 70.7094523 ], [ 30.0215067, 70.7093957 ], [ 30.021504, 70.7093837 ], [ 30.021724, 70.7093357 ], [ 30.0227692, 70.7092403 ], [ 30.0237764, 70.7089632 ], [ 30.0237524, 70.7088748 ], [ 30.0235438, 70.7087954 ], [ 30.0235328, 70.7087657 ], [ 30.0238767, 70.708774 ], [ 30.0241904, 70.7088214 ], [ 30.0244619, 70.7088054 ], [ 30.0247541, 70.7087121 ], [ 30.0246743, 70.7085476 ], [ 30.0248771, 70.7084907 ], [ 30.0250482, 70.7085357 ], [ 30.0257977, 70.7086921 ], [ 30.0261428, 70.7086895 ], [ 30.0267779, 70.7086446 ], [ 30.0271469, 70.7085962 ], [ 30.0274045, 70.7085354 ], [ 30.027031, 70.7083684 ], [ 30.027093, 70.708365 ], [ 30.0273591, 70.7083965 ], [ 30.0277631, 70.7084233 ], [ 30.0278492, 70.7084432 ], [ 30.0281778, 70.7084557 ], [ 30.0280705, 70.708395 ], [ 30.0281881, 70.708331 ], [ 30.0282165, 70.7082968 ], [ 30.0283091, 70.7083237 ], [ 30.028395, 70.7083747 ], [ 30.0285133, 70.7084002 ], [ 30.0286493, 70.708406 ], [ 30.0286109, 70.7083358 ], [ 30.0285484, 70.7082762 ], [ 30.0286426, 70.7082833 ], [ 30.0286559, 70.7082668 ], [ 30.0286564, 70.7082416 ], [ 30.0286261, 70.7081633 ], [ 30.0286452, 70.7081655 ], [ 30.0287155, 70.7082083 ], [ 30.0287814, 70.7082435 ], [ 30.0288266, 70.7082553 ], [ 30.0288646, 70.7082776 ], [ 30.028909, 70.7082899 ], [ 30.0289581, 70.708298 ], [ 30.0290803, 70.7082989 ], [ 30.0290788, 70.7082771 ], [ 30.0290245, 70.7082445 ], [ 30.0289999, 70.7081815 ], [ 30.0290138, 70.7081746 ], [ 30.0290408, 70.7081803 ], [ 30.029062, 70.7081889 ], [ 30.0291214, 70.7082357 ], [ 30.0291799, 70.7082349 ], [ 30.0291976, 70.7082307 ], [ 30.0292166, 70.7082145 ], [ 30.0292854, 70.7082104 ], [ 30.0292786, 70.7081927 ], [ 30.0292558, 70.7081829 ], [ 30.0291709, 70.7081567 ], [ 30.029173, 70.70815 ], [ 30.0293342, 70.7081357 ], [ 30.0293714, 70.7081322 ], [ 30.0293917, 70.7081257 ], [ 30.0294056, 70.7081196 ], [ 30.0294109, 70.7081122 ], [ 30.029405, 70.7080894 ], [ 30.029602, 70.7080872 ], [ 30.0296944, 70.7080897 ], [ 30.0297435, 70.7081071 ], [ 30.0298457, 70.708107 ], [ 30.029858, 70.7080313 ], [ 30.0300215, 70.7080284 ], [ 30.0302031, 70.707961 ], [ 30.0302094, 70.7079299 ], [ 30.0301509, 70.7078903 ], [ 30.0301313, 70.7078523 ], [ 30.0301503, 70.7078332 ], [ 30.0304028, 70.7077582 ], [ 30.0305323, 70.7077573 ], [ 30.0309534, 70.7078168 ], [ 30.0311125, 70.7078498 ], [ 30.0314758, 70.707949 ], [ 30.0315596, 70.7079826 ], [ 30.031755, 70.7081131 ], [ 30.031763, 70.7081454 ], [ 30.0314534, 70.7082753 ], [ 30.0312353, 70.7083231 ], [ 30.0310387, 70.7083837 ], [ 30.0308898, 70.7084968 ], [ 30.031138, 70.7087326 ], [ 30.0314719, 70.7089721 ], [ 30.0316117, 70.7089912 ], [ 30.031783, 70.7089918 ], [ 30.0319479, 70.7089829 ], [ 30.0320047, 70.7089853 ], [ 30.0320735, 70.7089998 ], [ 30.0323651, 70.7091504 ], [ 30.0324145, 70.7091864 ], [ 30.0341878, 70.7095535 ], [ 30.0345616, 70.7095182 ], [ 30.0345759, 70.7095132 ], [ 30.034563, 70.7094821 ], [ 30.0343881, 70.7093387 ], [ 30.0342886, 70.7092846 ], [ 30.0341546, 70.7092949 ], [ 30.0341096, 70.7092915 ], [ 30.0337746, 70.7090771 ], [ 30.0341577, 70.7090151 ], [ 30.0342589, 70.7090173 ], [ 30.0345545, 70.7090973 ], [ 30.0349428, 70.7091879 ], [ 30.0350236, 70.7092034 ], [ 30.0351567, 70.709204 ], [ 30.0351554, 70.7091362 ], [ 30.0350089, 70.7090618 ], [ 30.035009, 70.7089848 ], [ 30.0351, 70.7089781 ], [ 30.0354642, 70.7090146 ], [ 30.0355808, 70.7090915 ], [ 30.0357399, 70.7091507 ], [ 30.0358363, 70.7091546 ], [ 30.0360829, 70.7091337 ], [ 30.0361253, 70.7088738 ], [ 30.0364308, 70.7089651 ], [ 30.0370498, 70.7090837 ], [ 30.0371996, 70.7090915 ], [ 30.0372823, 70.7090834 ], [ 30.0375716, 70.7089874 ], [ 30.0383331, 70.7086068 ], [ 30.0383328, 70.7084185 ], [ 30.0382478, 70.7083643 ], [ 30.0385513, 70.7083384 ], [ 30.0391298, 70.7083026 ], [ 30.0393974, 70.7082423 ], [ 30.0395888, 70.7081663 ], [ 30.0397355, 70.7081209 ], [ 30.0397866, 70.7081209 ], [ 30.0397898, 70.7081626 ], [ 30.0397265, 70.7082948 ], [ 30.0397304, 70.7083268 ], [ 30.0397638, 70.7083504 ], [ 30.040166, 70.7085212 ], [ 30.0405919, 70.7086032 ], [ 30.0406671, 70.7086137 ], [ 30.040781, 70.7086132 ], [ 30.0404884, 70.7084901 ], [ 30.0404959, 70.7084526 ], [ 30.0405724, 70.7083776 ], [ 30.0407795, 70.708359 ], [ 30.0408119, 70.7084056 ], [ 30.0409418, 70.7084805 ], [ 30.0409756, 70.7084893 ], [ 30.0414417, 70.7085351 ], [ 30.0419887, 70.7084738 ], [ 30.0420511, 70.7084592 ], [ 30.0420726, 70.708431 ], [ 30.0419713, 70.7083856 ], [ 30.0419748, 70.7083681 ], [ 30.0422082, 70.7083021 ], [ 30.0429467, 70.7081885 ], [ 30.043521, 70.7081395 ], [ 30.0445946, 70.7079609 ], [ 30.0446227, 70.7079623 ], [ 30.0450481, 70.7080884 ], [ 30.0455868, 70.7082735 ], [ 30.0455796, 70.7083015 ], [ 30.0452966, 70.7083415 ], [ 30.0451285, 70.7083007 ], [ 30.0450574, 70.7082662 ], [ 30.0450239, 70.7082654 ], [ 30.0448796, 70.7082887 ], [ 30.0448379, 70.7083126 ], [ 30.0449062, 70.7083579 ], [ 30.0452774, 70.7084243 ], [ 30.0456726, 70.7084793 ], [ 30.0459489, 70.7084671 ], [ 30.046227, 70.7083812 ], [ 30.0462346, 70.7083643 ], [ 30.0461833, 70.7083137 ], [ 30.0466603, 70.7082815 ], [ 30.0469839, 70.7083621 ], [ 30.0473296, 70.7084148 ], [ 30.0477677, 70.7084049 ], [ 30.0480264, 70.7084184 ], [ 30.048097, 70.7084315 ], [ 30.0483811, 70.7085987 ], [ 30.0484176, 70.7086073 ], [ 30.0485101, 70.7086076 ], [ 30.0486259, 70.7085965 ], [ 30.0486334, 70.7085256 ], [ 30.0484224, 70.7084229 ], [ 30.0484254, 70.708336 ], [ 30.0485667, 70.7083338 ], [ 30.0488524, 70.7085709 ], [ 30.0489622, 70.7086231 ], [ 30.0492809, 70.7086007 ], [ 30.0496759, 70.7085187 ], [ 30.0497646, 70.7083937 ], [ 30.0499626, 70.7082189 ], [ 30.0500595, 70.7081334 ], [ 30.0501124, 70.7081046 ], [ 30.0501399, 70.7081026 ], [ 30.0501622, 70.7081324 ], [ 30.0501543, 70.7082434 ], [ 30.0500125, 70.7083281 ], [ 30.0499629, 70.708432 ], [ 30.0499181, 70.7085248 ], [ 30.0499288, 70.7085909 ], [ 30.0499627, 70.7085956 ], [ 30.0500722, 70.7086107 ], [ 30.0506638, 70.7086334 ], [ 30.0512514, 70.7085269 ], [ 30.0513766, 70.7086621 ], [ 30.0514687, 70.7086868 ], [ 30.0515523, 70.7087054 ], [ 30.0524021, 70.7088101 ], [ 30.0524661, 70.7088106 ], [ 30.0525762, 70.7088004 ], [ 30.0525817, 70.7087935 ], [ 30.0525209, 70.7087306 ], [ 30.0524714, 70.7086403 ], [ 30.0525116, 70.7086321 ], [ 30.0529343, 70.708647 ], [ 30.0529683, 70.7087113 ], [ 30.0532087, 70.7088099 ], [ 30.0540039, 70.7087973 ], [ 30.0543276, 70.7087262 ], [ 30.0549464, 70.7087359 ], [ 30.0557056, 70.7085851 ], [ 30.0559695, 70.7084521 ], [ 30.0561377, 70.7083401 ], [ 30.05581, 70.7082868 ], [ 30.0557278, 70.7082357 ], [ 30.0562907, 70.7082368 ], [ 30.0564987, 70.7082954 ], [ 30.0573901, 70.7082796 ], [ 30.0578781, 70.7082043 ], [ 30.0575725, 70.7080551 ], [ 30.0581842, 70.7081179 ], [ 30.0581782, 70.7081007 ], [ 30.0580369, 70.7080333 ], [ 30.0578998, 70.7079839 ], [ 30.0580606, 70.7079749 ], [ 30.0585836, 70.7079748 ], [ 30.0591836, 70.7079543 ], [ 30.0591733, 70.7079024 ], [ 30.0586962, 70.7075215 ], [ 30.0587016, 70.7074843 ], [ 30.0586621, 70.7074074 ], [ 30.0586198, 70.7073807 ], [ 30.058492, 70.707334 ], [ 30.0582556, 70.7072055 ], [ 30.0582634, 70.7071612 ], [ 30.0583266, 70.7071404 ], [ 30.0587928, 70.7072048 ], [ 30.0588555, 70.7072287 ], [ 30.0590235, 70.7073249 ], [ 30.059177, 70.7073831 ], [ 30.0593003, 70.7074068 ], [ 30.0593842, 70.7074112 ], [ 30.0594959, 70.7073476 ], [ 30.0600725, 70.707396 ], [ 30.0602769, 70.7074218 ], [ 30.0605422, 70.7073557 ], [ 30.0607166, 70.7073509 ], [ 30.0610097, 70.7073779 ], [ 30.0614274, 70.7074462 ], [ 30.0619394, 70.7075096 ], [ 30.0620715, 70.7073804 ], [ 30.0624306, 70.7073065 ], [ 30.0625846, 70.7073081 ], [ 30.0626137, 70.707322 ], [ 30.0627081, 70.7074576 ], [ 30.0627628, 70.7075724 ], [ 30.0631033, 70.7076359 ], [ 30.0638862, 70.7077294 ], [ 30.064076, 70.7077283 ], [ 30.0644468, 70.7075676 ], [ 30.0644257, 70.7075285 ], [ 30.0644537, 70.7074394 ], [ 30.0645291, 70.7074196 ], [ 30.0648491, 70.7073685 ], [ 30.0654658, 70.7072909 ], [ 30.0655885, 70.7072663 ], [ 30.0656574, 70.7072421 ], [ 30.0656797, 70.7072246 ], [ 30.0656849, 70.7071538 ], [ 30.0656221, 70.7069335 ], [ 30.0656359, 70.7069148 ], [ 30.0657739, 70.7069068 ], [ 30.0657936, 70.7069146 ], [ 30.0659146, 70.7071323 ], [ 30.0660402, 70.7072241 ], [ 30.0661163, 70.7072606 ], [ 30.0664486, 70.707282 ], [ 30.0673882, 70.7073204 ], [ 30.0674001, 70.7072839 ], [ 30.0672798, 70.707122 ], [ 30.0672658, 70.707057 ], [ 30.0672839, 70.7070077 ], [ 30.0673615, 70.7070084 ], [ 30.0678907, 70.7072331 ], [ 30.0680583, 70.7071995 ], [ 30.068002, 70.7071806 ], [ 30.0679574, 70.7071157 ], [ 30.0679927, 70.7070829 ], [ 30.0684582, 70.7069034 ], [ 30.0688821, 70.7067846 ], [ 30.0694285, 70.7066834 ], [ 30.0695049, 70.7066788 ], [ 30.0702248, 70.7066863 ], [ 30.0705886, 70.7067054 ], [ 30.0709598, 70.7067234 ], [ 30.0719485, 70.7068159 ], [ 30.0721021, 70.7068412 ], [ 30.0725588, 70.7069629 ], [ 30.0728438, 70.7070626 ], [ 30.0730601, 70.7072335 ], [ 30.0730596, 70.7074282 ], [ 30.0730171, 70.7074465 ], [ 30.073006, 70.7074709 ], [ 30.0730011, 70.7075632 ], [ 30.0735148, 70.7077868 ], [ 30.0739576, 70.7078453 ], [ 30.0740514, 70.7077524 ], [ 30.0740652, 70.7077068 ], [ 30.0740345, 70.707627 ], [ 30.0739997, 70.7075962 ], [ 30.0737047, 70.7074729 ], [ 30.0736595, 70.7074256 ], [ 30.0738567, 70.7074774 ], [ 30.074034, 70.7075407 ], [ 30.0742333, 70.7076887 ], [ 30.074674, 70.7078974 ], [ 30.0747919, 70.7079351 ], [ 30.0748997, 70.7079582 ], [ 30.0754696, 70.7080126 ], [ 30.0759227, 70.7080063 ], [ 30.0760693, 70.7078079 ], [ 30.0760636, 70.7077059 ], [ 30.0759709, 70.7076632 ], [ 30.075701, 70.7075849 ], [ 30.075705, 70.7075759 ], [ 30.0758976, 70.7075026 ], [ 30.0761548, 70.7075312 ], [ 30.0762702, 70.7075515 ], [ 30.0762715, 70.7075727 ], [ 30.076203, 70.7075932 ], [ 30.0762113, 70.7076329 ], [ 30.0764625, 70.7078469 ], [ 30.0766301, 70.7079282 ], [ 30.0771011, 70.7080077 ], [ 30.0773512, 70.7079707 ], [ 30.077662, 70.7077768 ], [ 30.0776561, 70.7077485 ], [ 30.0771748, 70.7077073 ], [ 30.0769941, 70.7076717 ], [ 30.0769282, 70.7076476 ], [ 30.0769502, 70.707644 ], [ 30.0772416, 70.7076596 ], [ 30.0787811, 70.7078374 ], [ 30.0794668, 70.707859 ], [ 30.0802713, 70.7079237 ], [ 30.0806987, 70.7078154 ], [ 30.0811392, 70.7078224 ], [ 30.0812132, 70.7078399 ], [ 30.0812516, 70.7078409 ], [ 30.0814356, 70.7077804 ], [ 30.0817118, 70.7076515 ], [ 30.0822469, 70.7073607 ], [ 30.0822355, 70.7073393 ], [ 30.0821725, 70.7073114 ], [ 30.0815749, 70.7072318 ], [ 30.0810791, 70.7071179 ], [ 30.0813906, 70.7071187 ], [ 30.0818717, 70.707176 ], [ 30.0821824, 70.7072315 ], [ 30.0823901, 70.7072523 ], [ 30.0825046, 70.7072532 ], [ 30.0827533, 70.7071863 ], [ 30.0828956, 70.7070335 ], [ 30.0829014, 70.7069993 ], [ 30.0828709, 70.7069774 ], [ 30.0828533, 70.706864 ], [ 30.0830313, 70.7067823 ], [ 30.083123, 70.7067695 ], [ 30.0837224, 70.7068124 ], [ 30.0845365, 70.7068132 ], [ 30.0846004, 70.7068082 ], [ 30.0847007, 70.7067752 ], [ 30.0847129, 70.7067624 ], [ 30.084718, 70.7067037 ], [ 30.0849531, 70.706564 ], [ 30.0852175, 70.706604 ], [ 30.0852695, 70.706606 ], [ 30.085633, 70.7065484 ], [ 30.0856422, 70.7064393 ], [ 30.0859834, 70.7062114 ], [ 30.086036, 70.7061932 ], [ 30.0870909, 70.7060593 ], [ 30.0871595, 70.7060632 ], [ 30.087251, 70.7060934 ], [ 30.0875016, 70.7061368 ], [ 30.0879238, 70.7061707 ], [ 30.0883129, 70.7061363 ], [ 30.0891017, 70.7060248 ], [ 30.0893631, 70.7058929 ], [ 30.0893262, 70.7058648 ], [ 30.0891493, 70.7058034 ], [ 30.0888478, 70.7056232 ], [ 30.0887528, 70.7054751 ], [ 30.0887649, 70.7052898 ], [ 30.0888197, 70.7052143 ], [ 30.0894614, 70.7049974 ], [ 30.090126, 70.7048065 ], [ 30.0905256, 70.7047484 ], [ 30.0912922, 70.7045916 ], [ 30.0919052, 70.7043787 ], [ 30.0919758, 70.7043313 ], [ 30.0920274, 70.7042919 ], [ 30.0922384, 70.7039018 ], [ 30.0925165, 70.7032419 ], [ 30.0924817, 70.7030098 ], [ 30.0924944, 70.7029741 ], [ 30.092684, 70.7027757 ], [ 30.0928308, 70.7027007 ], [ 30.0929674, 70.7025587 ], [ 30.0929501, 70.7023178 ], [ 30.0928933, 70.7022528 ], [ 30.092892, 70.7021917 ], [ 30.0931059, 70.7019713 ], [ 30.0934814, 70.7017298 ], [ 30.0937379, 70.7016973 ], [ 30.0939381, 70.7015776 ], [ 30.0939473, 70.7015026 ], [ 30.0948877, 70.7012851 ], [ 30.0952263, 70.7011343 ], [ 30.0951336, 70.7010979 ], [ 30.0946136, 70.7010607 ], [ 30.0944352, 70.7010593 ], [ 30.0942515, 70.7008379 ], [ 30.093742, 70.700844 ], [ 30.0936975, 70.7005842 ], [ 30.093836, 70.7003976 ], [ 30.0940379, 70.7002529 ], [ 30.0944795, 70.7000004 ], [ 30.0946577, 70.6998985 ], [ 30.0954292, 70.6996335 ], [ 30.0961742, 70.6994898 ], [ 30.096488, 70.6993921 ], [ 30.0966252, 70.6993201 ], [ 30.0967718, 70.6991746 ], [ 30.0968638, 70.698981 ], [ 30.0970307, 70.6988144 ], [ 30.0973762, 70.6986652 ], [ 30.0976883, 70.698579 ], [ 30.0980218, 70.6985007 ], [ 30.0982378, 70.6984291 ], [ 30.0989568, 70.6980851 ], [ 30.0991869, 70.6979985 ], [ 30.0994961, 70.6979248 ], [ 30.0999614, 70.6978292 ], [ 30.1000314, 70.6978148 ], [ 30.1005141, 70.6977685 ], [ 30.1006175, 70.6977704 ], [ 30.100659, 70.6977776 ], [ 30.1008603, 70.6978668 ], [ 30.1011145, 70.6979552 ], [ 30.1011588, 70.6979645 ], [ 30.1014251, 70.6979876 ], [ 30.101519, 70.6979862 ], [ 30.1017292, 70.6979076 ], [ 30.1018038, 70.6978732 ], [ 30.1018182, 70.6978543 ], [ 30.1018158, 70.697828 ], [ 30.1017577, 70.6978032 ], [ 30.1016837, 70.6977238 ], [ 30.1016413, 70.697631 ], [ 30.1018165, 70.6975712 ], [ 30.1020184, 70.6975221 ], [ 30.1022569, 70.6974229 ], [ 30.1025968, 70.6972437 ], [ 30.1029458, 70.697129 ], [ 30.1042809, 70.6968668 ], [ 30.1061673, 70.6963829 ], [ 30.1069942, 70.6962434 ], [ 30.1079828, 70.6961087 ], [ 30.108288, 70.6960179 ], [ 30.1085488, 70.6959779 ], [ 30.1086606, 70.6959674 ], [ 30.1089483, 70.6959592 ], [ 30.1095262, 70.6959557 ], [ 30.109703, 70.695937 ], [ 30.1097829, 70.6959207 ], [ 30.1101022, 70.6957856 ], [ 30.110163, 70.6957774 ], [ 30.1107106, 70.6957785 ], [ 30.1110051, 70.695801 ], [ 30.1109395, 70.6958294 ], [ 30.1109418, 70.6958468 ], [ 30.1110148, 70.6959162 ], [ 30.1110669, 70.6959202 ], [ 30.1113367, 70.6959001 ], [ 30.1121898, 70.6957537 ], [ 30.1122203, 70.6957413 ], [ 30.1121692, 70.6956927 ], [ 30.1121704, 70.6956779 ], [ 30.1121888, 70.6956743 ], [ 30.1124388, 70.6956665 ], [ 30.1126495, 70.6956701 ], [ 30.1131224, 70.6957454 ], [ 30.1133049, 70.6957073 ], [ 30.1133296, 70.6956957 ], [ 30.1133153, 70.6956229 ], [ 30.113379, 70.6955732 ], [ 30.113998, 70.6954468 ], [ 30.1144719, 70.695396 ], [ 30.1151337, 70.6953907 ], [ 30.1154063, 70.695381 ], [ 30.1154286, 70.6953726 ], [ 30.1154402, 70.6953433 ], [ 30.1154312, 70.6953124 ], [ 30.1165982, 70.6950799 ], [ 30.1169328, 70.6950809 ], [ 30.1169452, 70.6950876 ], [ 30.1169814, 70.6951454 ], [ 30.1170049, 70.6952468 ], [ 30.1172264, 70.6954626 ], [ 30.1173449, 70.6954971 ], [ 30.117862, 70.6955093 ], [ 30.117887, 70.695506 ], [ 30.1178593, 70.6954812 ], [ 30.1176475, 70.6953988 ], [ 30.1178353, 70.6953354 ], [ 30.1180445, 70.6953437 ], [ 30.1182641, 70.6953643 ], [ 30.1185674, 70.6954112 ], [ 30.1190055, 70.6954426 ], [ 30.1196154, 70.6954263 ], [ 30.1196315, 70.6953879 ], [ 30.119567, 70.6953143 ], [ 30.1206247, 70.6953385 ], [ 30.1206363, 70.6952877 ], [ 30.1206188, 70.695269 ], [ 30.120538, 70.6952448 ], [ 30.1203909, 70.6952221 ], [ 30.1200265, 70.6951838 ], [ 30.1199154, 70.6951446 ], [ 30.1199179, 70.6950513 ], [ 30.1201612, 70.6949949 ], [ 30.1202195, 70.6949943 ], [ 30.1211998, 70.6951302 ], [ 30.1217541, 70.6952182 ], [ 30.1218318, 70.6952234 ], [ 30.1230364, 70.6951443 ], [ 30.1225015, 70.695053 ], [ 30.122125, 70.6950146 ], [ 30.1221075, 70.6949949 ], [ 30.1221171, 70.6949715 ], [ 30.1221425, 70.6949679 ], [ 30.1232846, 70.6950762 ], [ 30.1234478, 70.6950824 ], [ 30.1243591, 70.6949943 ], [ 30.1243628, 70.6949857 ], [ 30.1240857, 70.6948243 ], [ 30.1242387, 70.6947749 ], [ 30.1244967, 70.6947593 ], [ 30.1245363, 70.6947496 ], [ 30.1249002, 70.6946252 ], [ 30.1249344, 70.6946084 ], [ 30.1249314, 70.6945804 ], [ 30.1242459, 70.6945818 ], [ 30.1240188, 70.6945771 ], [ 30.1239986, 70.6945755 ], [ 30.1240095, 70.6945646 ], [ 30.1244465, 70.6944429 ], [ 30.1248938, 70.6944318 ], [ 30.1250774, 70.6944138 ], [ 30.1252348, 70.6942941 ], [ 30.125918, 70.6941748 ], [ 30.1258737, 70.6939385 ], [ 30.1267426, 70.6935451 ], [ 30.1273867, 70.6934643 ], [ 30.1279869, 70.6934052 ], [ 30.128174, 70.6934024 ], [ 30.1282104, 70.6934073 ], [ 30.1282832, 70.6934526 ], [ 30.1282926, 70.6934854 ], [ 30.1282228, 70.6935517 ], [ 30.1280843, 70.6936066 ], [ 30.1279635, 70.6936299 ], [ 30.1279501, 70.6936393 ], [ 30.1279709, 70.6936687 ], [ 30.1281337, 70.6936746 ], [ 30.128267, 70.6936585 ], [ 30.128329, 70.693641 ], [ 30.1285728, 70.6935027 ], [ 30.1286753, 70.6934068 ], [ 30.1287007, 70.6933321 ], [ 30.129705, 70.693251 ], [ 30.129761, 70.693334 ], [ 30.129536, 70.6933407 ], [ 30.1294876, 70.6933582 ], [ 30.1292363, 70.6935316 ], [ 30.1292348, 70.6935438 ], [ 30.1294415, 70.693556 ], [ 30.1300044, 70.6934574 ], [ 30.1303692, 70.6933376 ], [ 30.131188, 70.6931701 ], [ 30.130795, 70.6930551 ], [ 30.1307435, 70.6930635 ], [ 30.1306919, 70.6931238 ], [ 30.1305017, 70.6931221 ], [ 30.1304166, 70.6931065 ], [ 30.1303812, 70.6930858 ], [ 30.1303866, 70.6930599 ], [ 30.130442, 70.6930201 ], [ 30.1308042, 70.6929095 ], [ 30.1312088, 70.6928265 ], [ 30.1316847, 70.6927647 ], [ 30.1321864, 70.6927924 ], [ 30.1327198, 70.6927774 ], [ 30.1327656, 70.6926688 ], [ 30.1338806, 70.6925126 ], [ 30.1340563, 70.6924688 ], [ 30.1341255, 70.692384 ], [ 30.1344127, 70.692264 ], [ 30.1345063, 70.6922366 ], [ 30.1346109, 70.6922191 ], [ 30.1360036, 70.6920693 ], [ 30.1362783, 70.6919577 ], [ 30.1365527, 70.6918843 ], [ 30.1368083, 70.6918909 ], [ 30.1371684, 70.6917593 ], [ 30.1372162, 70.6916692 ], [ 30.137132, 70.6915821 ], [ 30.1372672, 70.6914591 ], [ 30.1378339, 70.6913395 ], [ 30.1383993, 70.6912466 ], [ 30.13868, 70.691129 ], [ 30.1388131, 70.6910415 ], [ 30.1407884, 70.6904991 ], [ 30.141047, 70.6903805 ], [ 30.1410902, 70.6903043 ], [ 30.1412178, 70.6902782 ], [ 30.1414063, 70.689811 ], [ 30.1415092, 70.6896887 ], [ 30.1417365, 70.6895327 ], [ 30.1419671, 70.689429 ], [ 30.1428417, 70.6891573 ], [ 30.1428742, 70.6891554 ], [ 30.1430614, 70.6891879 ], [ 30.1431722, 70.6892174 ], [ 30.1433299, 70.6892141 ], [ 30.1439229, 70.6891407 ], [ 30.1446054, 70.689041 ], [ 30.1448196, 70.688889 ], [ 30.1449631, 70.688854 ], [ 30.1452383, 70.6887663 ], [ 30.1453863, 70.6887592 ], [ 30.1458673, 70.6887955 ], [ 30.1467617, 70.6886574 ], [ 30.1471149, 70.6885896 ], [ 30.1475138, 70.6884891 ], [ 30.1474154, 70.6884379 ], [ 30.1476656, 70.6883582 ], [ 30.1477521, 70.688341 ], [ 30.1478825, 70.6883337 ], [ 30.1483662, 70.6883127 ], [ 30.1483796, 70.6883209 ], [ 30.1498081, 70.6880654 ], [ 30.1499602, 70.6880221 ], [ 30.1503757, 70.6879685 ], [ 30.1506729, 70.6879457 ], [ 30.1512797, 70.6879949 ], [ 30.1516255, 70.6881728 ], [ 30.15191, 70.6881041 ], [ 30.1522074, 70.6880191 ], [ 30.1531546, 70.6881385 ], [ 30.153706, 70.6881746 ], [ 30.1536596, 70.688041 ], [ 30.153667, 70.6879615 ], [ 30.1540387, 70.6878421 ], [ 30.1543503, 70.6878535 ], [ 30.1544286, 70.6879029 ], [ 30.1544468, 70.6879035 ], [ 30.154634, 70.6876921 ], [ 30.1546338, 70.6876698 ], [ 30.1546243, 70.6876585 ], [ 30.1542768, 70.6876079 ], [ 30.1542183, 70.687591 ], [ 30.1542292, 70.6875123 ], [ 30.1543308, 70.6874351 ], [ 30.1543964, 70.6874024 ], [ 30.1547365, 70.687313 ], [ 30.1553006, 70.6872343 ], [ 30.1554247, 70.6872446 ], [ 30.1554694, 70.6872877 ], [ 30.1555246, 70.6873033 ], [ 30.1562016, 70.6874018 ], [ 30.1562669, 70.6874026 ], [ 30.156312, 70.6873174 ], [ 30.1562804, 70.6872982 ], [ 30.1562729, 70.6872174 ], [ 30.1565455, 70.687046 ], [ 30.1581365, 70.6868719 ], [ 30.1586111, 70.6868346 ], [ 30.1586724, 70.6868368 ], [ 30.1587989, 70.6868599 ], [ 30.1588951, 70.6868971 ], [ 30.1589041, 70.6869305 ], [ 30.1589654, 70.686946 ], [ 30.1592608, 70.6869732 ], [ 30.1599457, 70.6869752 ], [ 30.1603083, 70.6869354 ], [ 30.1604142, 70.6868882 ], [ 30.1604207, 70.6868021 ], [ 30.1607421, 70.6867721 ], [ 30.1609064, 70.686777 ], [ 30.1609848, 70.6867885 ], [ 30.1611204, 70.6868399 ], [ 30.161447, 70.6869074 ], [ 30.1617731, 70.6868385 ], [ 30.1617691, 70.6868224 ], [ 30.1614373, 70.6867716 ], [ 30.161011, 70.6867293 ], [ 30.1607811, 70.686679 ], [ 30.1607868, 70.6866724 ], [ 30.1610993, 70.6866204 ], [ 30.1616888, 70.6865487 ], [ 30.1619322, 70.6865637 ], [ 30.1621742, 70.6865605 ], [ 30.1630652, 70.6865104 ], [ 30.1635063, 70.6864032 ], [ 30.1635978, 70.6863644 ], [ 30.1636689, 70.6863119 ], [ 30.1647155, 70.6862304 ], [ 30.1649499, 70.6862273 ], [ 30.1654964, 70.686294 ], [ 30.1655468, 70.6863282 ], [ 30.1656369, 70.6863244 ], [ 30.1658105, 70.6862419 ], [ 30.1656436, 70.6861777 ], [ 30.1653727, 70.6861152 ], [ 30.1653716, 70.6860971 ], [ 30.1656894, 70.686021 ], [ 30.1659407, 70.6859829 ], [ 30.1659747, 70.6859807 ], [ 30.1662507, 70.686016 ], [ 30.1664617, 70.6860608 ], [ 30.1665692, 70.6860608 ], [ 30.1678455, 70.6859182 ], [ 30.1681423, 70.6858601 ], [ 30.1686022, 70.685806 ], [ 30.1686703, 70.6858079 ], [ 30.1687219, 70.685848 ], [ 30.168718, 70.6858704 ], [ 30.1683559, 70.6859054 ], [ 30.1682912, 70.685968 ], [ 30.1683956, 70.6860068 ], [ 30.1685285, 70.6860382 ], [ 30.1687774, 70.6860752 ], [ 30.1693009, 70.6860385 ], [ 30.1699085, 70.685929 ], [ 30.1701269, 70.6858468 ], [ 30.1701073, 70.6857879 ], [ 30.1700068, 70.6857595 ], [ 30.1700733, 70.6856788 ], [ 30.1700924, 70.6856675 ], [ 30.1701445, 70.6856624 ], [ 30.1711661, 70.6857652 ], [ 30.171863, 70.6858151 ], [ 30.1720057, 70.6858185 ], [ 30.1730293, 70.6855938 ], [ 30.1731238, 70.6856477 ], [ 30.1730823, 70.6857496 ], [ 30.173106, 70.6857518 ], [ 30.1743731, 70.6857455 ], [ 30.1750648, 70.6856774 ], [ 30.1750852, 70.6856721 ], [ 30.1750882, 70.6856529 ], [ 30.1750678, 70.6856312 ], [ 30.1745008, 70.6855324 ], [ 30.1741427, 70.6854879 ], [ 30.1736571, 70.6853898 ], [ 30.1733366, 70.6852721 ], [ 30.1733393, 70.6852605 ], [ 30.1735455, 70.6852552 ], [ 30.1743943, 70.6853507 ], [ 30.1748621, 70.6853854 ], [ 30.1760484, 70.6854108 ], [ 30.1760778, 70.6853868 ], [ 30.1759669, 70.6853285 ], [ 30.1757539, 70.685304 ], [ 30.1755103, 70.6852513 ], [ 30.1758755, 70.6852402 ], [ 30.1764757, 70.6853066 ], [ 30.1767524, 70.6853327 ], [ 30.1767834, 70.6853299 ], [ 30.1767969, 70.6853168 ], [ 30.1767815, 70.6852843 ], [ 30.1762912, 70.6852032 ], [ 30.1762985, 70.6851107 ], [ 30.1770193, 70.6850835 ], [ 30.177647, 70.685008 ], [ 30.177712, 70.6849901 ], [ 30.1777097, 70.6849777 ], [ 30.177649, 70.6849396 ], [ 30.1776027, 70.6849276 ], [ 30.1774976, 70.6849268 ], [ 30.177375, 70.6849498 ], [ 30.1772832, 70.6849482 ], [ 30.1769065, 70.6849265 ], [ 30.1763955, 70.6848838 ], [ 30.1763893, 70.6848766 ], [ 30.176687, 70.6847546 ], [ 30.1771758, 70.6847635 ], [ 30.1772515, 70.6847829 ], [ 30.177293, 70.6847818 ], [ 30.177351, 70.6847538 ], [ 30.1773189, 70.6847297 ], [ 30.1769534, 70.6846471 ], [ 30.1766674, 70.6846007 ], [ 30.1764633, 70.6845565 ], [ 30.1767288, 70.6845565 ], [ 30.1769872, 70.6845799 ], [ 30.1774484, 70.6846463 ], [ 30.177532, 70.6846482 ], [ 30.17824, 70.6844168 ], [ 30.1783673, 70.6843582 ], [ 30.1783135, 70.6842929 ], [ 30.1780647, 70.6842377 ], [ 30.1774906, 70.6841513 ], [ 30.1774055, 70.6840697 ], [ 30.177825, 70.6840862 ], [ 30.1779355, 70.683986 ], [ 30.177868, 70.6838447 ], [ 30.1778764, 70.6838293 ], [ 30.1781218, 70.6837868 ], [ 30.1786625, 70.6838376 ], [ 30.1786666, 70.6837529 ], [ 30.178636, 70.6837202 ], [ 30.1785385, 70.6837057 ], [ 30.1782307, 70.6837068 ], [ 30.1782087, 70.6836788 ], [ 30.1782977, 70.6836346 ], [ 30.1788804, 70.6836296 ], [ 30.178909, 70.6836435 ], [ 30.1795676, 70.6836966 ], [ 30.1798228, 70.6836523 ], [ 30.1799305, 70.683583 ], [ 30.1799166, 70.6835785 ], [ 30.1796554, 70.6835688 ], [ 30.1795258, 70.683573 ], [ 30.1795083, 70.6836213 ], [ 30.1794738, 70.683626 ], [ 30.1791208, 70.6835954 ], [ 30.1790323, 70.6835104 ], [ 30.1790569, 70.683481 ], [ 30.179206, 70.6834805 ], [ 30.1792412, 70.6835212 ], [ 30.1793801, 70.6835412 ], [ 30.179477, 70.6835405 ], [ 30.1797446, 70.683486 ], [ 30.1796593, 70.6834572 ], [ 30.1792545, 70.6834149 ], [ 30.179165, 70.6833982 ], [ 30.1791613, 70.6833826 ], [ 30.1794119, 70.6833548 ], [ 30.1801225, 70.6833357 ], [ 30.1801128, 70.6832562 ], [ 30.1802853, 70.6832488 ], [ 30.180705, 70.6832857 ], [ 30.1807136, 70.6833466 ], [ 30.1806977, 70.6833725 ], [ 30.1807059, 70.6833874 ], [ 30.1807522, 70.6834044 ], [ 30.1809166, 70.6834049 ], [ 30.1811933, 70.6833049 ], [ 30.1816252, 70.6830199 ], [ 30.181218, 70.6829188 ], [ 30.1811476, 70.6829198 ], [ 30.1811231, 70.6829271 ], [ 30.1810963, 70.6829579 ], [ 30.1809607, 70.6829621 ], [ 30.1808903, 70.6829563 ], [ 30.180678, 70.682898 ], [ 30.1806466, 70.6828815 ], [ 30.1812155, 70.6828665 ], [ 30.1813671, 70.6828688 ], [ 30.1815475, 70.6829025 ], [ 30.1815517, 70.6829346 ], [ 30.1817491, 70.6829993 ], [ 30.1818123, 70.683005 ], [ 30.182503, 70.6828983 ], [ 30.1828326, 70.6827858 ], [ 30.1827962, 70.682748 ], [ 30.1824862, 70.6826894 ], [ 30.1824581, 70.6826649 ], [ 30.1824677, 70.6826266 ], [ 30.1825114, 70.6826124 ], [ 30.1828437, 70.6825588 ], [ 30.1833798, 70.6824871 ], [ 30.1847316, 70.6823738 ], [ 30.1847793, 70.6824163 ], [ 30.1847972, 70.682496 ], [ 30.1846349, 70.6825076 ], [ 30.184638, 70.6825249 ], [ 30.1848338, 70.6825271 ], [ 30.1849146, 70.6825185 ], [ 30.1851362, 70.682456 ], [ 30.1850759, 70.6823896 ], [ 30.184937, 70.6823793 ], [ 30.1849361, 70.6823699 ], [ 30.1850619, 70.6823302 ], [ 30.1851353, 70.6823282 ], [ 30.1854913, 70.6823477 ], [ 30.1857524, 70.6823799 ], [ 30.1861554, 70.682373 ], [ 30.1862278, 70.6823618 ], [ 30.1861992, 70.6823338 ], [ 30.1860498, 70.6822796 ], [ 30.1855537, 70.6821838 ], [ 30.1853985, 70.6821266 ], [ 30.1853987, 70.6821157 ], [ 30.1855095, 70.6821149 ], [ 30.1860881, 70.6822252 ], [ 30.1860714, 70.6822352 ], [ 30.1861241, 70.6822483 ], [ 30.1864705, 70.6822927 ], [ 30.1871987, 70.6821413 ], [ 30.1877239, 70.6816682 ], [ 30.1877117, 70.6816488 ], [ 30.187551, 70.6815535 ], [ 30.1873018, 70.681456 ], [ 30.187286, 70.6814277 ], [ 30.1872844, 70.6812507 ], [ 30.1872485, 70.6810538 ], [ 30.1871153, 70.6809094 ], [ 30.1870719, 70.6807615 ], [ 30.1870621, 70.6805635 ], [ 30.1871009, 70.6800351 ], [ 30.1871478, 70.6799536 ], [ 30.1873736, 70.6797502 ], [ 30.1879443, 70.6793485 ], [ 30.1880761, 70.6792679 ], [ 30.1883609, 70.6791638 ], [ 30.1890103, 70.678865 ], [ 30.1892106, 70.6787333 ], [ 30.1893257, 70.6786496 ], [ 30.1898183, 70.6783469 ], [ 30.1901893, 70.6783077 ], [ 30.1903244, 70.6782505 ], [ 30.1905919, 70.6780999 ], [ 30.191048, 70.6779091 ], [ 30.1926463, 70.6774861 ], [ 30.1931976, 70.6773557 ], [ 30.1939114, 70.6772252 ], [ 30.1948329, 70.6771082 ], [ 30.1948705, 70.6770946 ], [ 30.1948676, 70.6770574 ], [ 30.1947815, 70.6770358 ], [ 30.1946963, 70.6769955 ], [ 30.1947284, 70.6769546 ], [ 30.1949627, 70.6769032 ], [ 30.1951338, 70.6768915 ], [ 30.1955397, 70.6768341 ], [ 30.1960857, 70.6766988 ], [ 30.1965116, 70.6765155 ], [ 30.1972735, 70.6763482 ], [ 30.1986547, 70.6761483 ], [ 30.1987564, 70.6761465 ], [ 30.1988758, 70.6761612 ], [ 30.1989241, 70.6762362 ], [ 30.1989693, 70.6762582 ], [ 30.1991219, 70.6762704 ], [ 30.1995087, 70.6762032 ], [ 30.199792, 70.6760763 ], [ 30.1999591, 70.6760336 ], [ 30.2005634, 70.6758793 ], [ 30.2004061, 70.6760661 ], [ 30.2010906, 70.6761276 ], [ 30.2011701, 70.676126 ], [ 30.2012524, 70.6761032 ], [ 30.2013634, 70.6760488 ], [ 30.2013574, 70.676006 ], [ 30.2012971, 70.6759077 ], [ 30.2015803, 70.6758333 ], [ 30.2020093, 70.6756936 ], [ 30.2020075, 70.6756571 ], [ 30.2019816, 70.6756416 ], [ 30.2016254, 70.6755991 ], [ 30.2015965, 70.6755888 ], [ 30.2016129, 70.6755586 ], [ 30.2023414, 70.6756061 ], [ 30.2029588, 70.6755798 ], [ 30.2033207, 70.6755521 ], [ 30.203427, 70.6755538 ], [ 30.2034537, 70.6755624 ], [ 30.2035247, 70.6756569 ], [ 30.2035895, 70.6756669 ], [ 30.2041675, 70.6756805 ], [ 30.2044132, 70.6756435 ], [ 30.204664, 70.6755427 ], [ 30.2046749, 70.6754641 ], [ 30.2047579, 70.6754529 ], [ 30.2049319, 70.6754485 ], [ 30.20609, 70.6756707 ], [ 30.2067768, 70.6757672 ], [ 30.2077139, 70.6759377 ], [ 30.2077359, 70.6758521 ], [ 30.2079265, 70.6758504 ], [ 30.208472, 70.6758994 ], [ 30.2088262, 70.6759932 ], [ 30.2089103, 70.6760086 ], [ 30.2090536, 70.6760174 ], [ 30.2101174, 70.6760351 ], [ 30.2109271, 70.6758672 ], [ 30.2109644, 70.6758696 ], [ 30.2109918, 70.6758848 ], [ 30.211014, 70.6759219 ], [ 30.211036, 70.6760566 ], [ 30.2113451, 70.6760871 ], [ 30.2120845, 70.6760614 ], [ 30.2126138, 70.6759941 ], [ 30.2128698, 70.6758827 ], [ 30.2128842, 70.6758305 ], [ 30.212867, 70.6757996 ], [ 30.2126206, 70.6756416 ], [ 30.2121676, 70.6754196 ], [ 30.2121209, 70.6754061 ], [ 30.2119946, 70.6753868 ], [ 30.2119201, 70.6754143 ], [ 30.211648, 70.6755644 ], [ 30.2115507, 70.675703 ], [ 30.2115075, 70.675726 ], [ 30.211308, 70.675779 ], [ 30.2112868, 70.6757699 ], [ 30.2115766, 70.6754802 ], [ 30.2118362, 70.6753024 ], [ 30.212083, 70.6751947 ], [ 30.2124843, 70.6751426 ], [ 30.2124877, 70.6750855 ], [ 30.2118058, 70.6749516 ], [ 30.2114945, 70.6749235 ], [ 30.2111309, 70.6748665 ], [ 30.2108624, 70.6747866 ], [ 30.2098328, 70.6746096 ], [ 30.2090769, 70.6745374 ], [ 30.2080579, 70.6745171 ], [ 30.2075701, 70.6745233 ], [ 30.2075314, 70.6744743 ], [ 30.2075615, 70.6743227 ], [ 30.2076122, 70.6743224 ], [ 30.207827, 70.6743585 ], [ 30.2080326, 70.6743421 ], [ 30.208078, 70.6742552 ], [ 30.2079915, 70.6741924 ], [ 30.2079258, 70.6741765 ], [ 30.2073499, 70.6741829 ], [ 30.2073557, 70.6741637 ], [ 30.2075775, 70.6741057 ], [ 30.2073656, 70.6740593 ], [ 30.2074744, 70.6740108 ], [ 30.2074703, 70.6739824 ], [ 30.2074504, 70.6739747 ], [ 30.2069689, 70.6739063 ], [ 30.2064427, 70.6739107 ], [ 30.2062581, 70.6739244 ], [ 30.2058595, 70.6738918 ], [ 30.2057897, 70.6738793 ], [ 30.2055927, 70.6737066 ], [ 30.2055921, 70.6736907 ], [ 30.2060196, 70.6736779 ], [ 30.2060745, 70.6737049 ], [ 30.2061824, 70.6737166 ], [ 30.2062105, 70.6737076 ], [ 30.2062124, 70.6736841 ], [ 30.2060778, 70.6736352 ], [ 30.2054035, 70.6735838 ], [ 30.2051098, 70.6735382 ], [ 30.2049565, 70.6735099 ], [ 30.2048841, 70.6734744 ], [ 30.2048195, 70.6734183 ], [ 30.2048965, 70.6732768 ], [ 30.204681, 70.6731577 ], [ 30.2045107, 70.6731435 ], [ 30.2044733, 70.673128 ], [ 30.2042568, 70.672958 ], [ 30.2040547, 70.6727307 ], [ 30.2039322, 70.6725416 ], [ 30.2041271, 70.6723957 ], [ 30.2036076, 70.6721105 ], [ 30.2031973, 70.6719854 ], [ 30.2030456, 70.6719716 ], [ 30.2021377, 70.6719438 ], [ 30.2020943, 70.6719363 ], [ 30.2020087, 70.6715879 ], [ 30.2023558, 70.6715538 ], [ 30.202344, 70.671536 ], [ 30.2022007, 70.6714821 ], [ 30.2018395, 70.671381 ], [ 30.2016691, 70.6713071 ], [ 30.2016374, 70.6711407 ], [ 30.201664, 70.6710779 ], [ 30.201891, 70.6707807 ], [ 30.2020513, 70.6707544 ], [ 30.2021742, 70.6707049 ], [ 30.2019853, 70.6705619 ], [ 30.2017298, 70.6705451 ], [ 30.2014423, 70.6705614 ], [ 30.2014136, 70.6705502 ], [ 30.2014017, 70.6705205 ], [ 30.2015415, 70.6704065 ], [ 30.202011, 70.6703733 ], [ 30.2020224, 70.6703632 ], [ 30.2019764, 70.670271 ], [ 30.2019424, 70.6702566 ], [ 30.2015761, 70.6702357 ], [ 30.2015994, 70.6698976 ], [ 30.2016224, 70.6698719 ], [ 30.202213, 70.6697046 ], [ 30.2026194, 70.669605 ], [ 30.2030091, 70.6695369 ], [ 30.2030436, 70.6695221 ], [ 30.203039, 70.6694949 ], [ 30.2024318, 70.6692255 ], [ 30.2019775, 70.6691597 ], [ 30.2019744, 70.6691459 ], [ 30.2021676, 70.6690449 ], [ 30.2021935, 70.6690432 ], [ 30.2026077, 70.6690935 ], [ 30.2026155, 70.6691107 ], [ 30.2025943, 70.6691194 ], [ 30.2025123, 70.669126 ], [ 30.2025689, 70.6691505 ], [ 30.2026688, 70.6691577 ], [ 30.2028299, 70.6691518 ], [ 30.2031141, 70.6690748 ], [ 30.2031513, 70.6689115 ], [ 30.203024, 70.6689182 ], [ 30.2027605, 70.6689582 ], [ 30.2025617, 70.668961 ], [ 30.2028186, 70.6689035 ], [ 30.2029683, 70.6688796 ], [ 30.2029963, 70.668858 ], [ 30.2029932, 70.6688204 ], [ 30.2028486, 70.6687768 ], [ 30.2025777, 70.668743 ], [ 30.2021296, 70.6685607 ], [ 30.202055, 70.6685121 ], [ 30.2017698, 70.6684116 ], [ 30.201445, 70.6683318 ], [ 30.2006189, 70.6682524 ], [ 30.199959, 70.6681461 ], [ 30.1987909, 70.667911 ], [ 30.1977308, 70.6678007 ], [ 30.1965746, 70.667578 ], [ 30.1962364, 70.6674063 ], [ 30.1960507, 70.6673527 ], [ 30.1959761, 70.6673402 ], [ 30.1955442, 70.6672963 ], [ 30.1951035, 70.6671538 ], [ 30.1950832, 70.6671232 ], [ 30.1950229, 70.6670913 ], [ 30.1947163, 70.6669957 ], [ 30.1944399, 70.666955 ], [ 30.1939507, 70.6669685 ], [ 30.1938935, 70.6669644 ], [ 30.193539, 70.6668868 ], [ 30.1933785, 70.6666785 ], [ 30.1934952, 70.6665685 ], [ 30.193484, 70.6665065 ], [ 30.1932045, 70.6664668 ], [ 30.1930254, 70.6664551 ], [ 30.1927102, 70.6663721 ], [ 30.1925933, 70.6663168 ], [ 30.1931651, 70.6663875 ], [ 30.1933383, 70.666416 ], [ 30.1935403, 70.6664116 ], [ 30.1934674, 70.6663674 ], [ 30.19327, 70.6662946 ], [ 30.1930454, 70.6662546 ], [ 30.192766, 70.6662299 ], [ 30.1924736, 70.6661822 ], [ 30.1919934, 70.6659902 ], [ 30.1920617, 70.6658316 ], [ 30.1922189, 70.6657499 ], [ 30.192016, 70.6656624 ], [ 30.1924141, 70.6656658 ], [ 30.1925584, 70.665648 ], [ 30.1925561, 70.6656371 ], [ 30.1923774, 70.6655468 ], [ 30.1920955, 70.6655435 ], [ 30.1917416, 70.6654941 ], [ 30.1918685, 70.6653943 ], [ 30.1918239, 70.6653557 ], [ 30.1908964, 70.6650679 ], [ 30.1900184, 70.6648268 ], [ 30.1898898, 70.6648004 ], [ 30.1897652, 70.6648009 ], [ 30.1892682, 70.6648474 ], [ 30.1891397, 70.6648666 ], [ 30.1884984, 70.6645176 ], [ 30.1884873, 70.6643669 ], [ 30.1879681, 70.6642399 ], [ 30.1878283, 70.6642232 ], [ 30.1877165, 70.664229 ], [ 30.1874799, 70.6642599 ], [ 30.1871745, 70.6641748 ], [ 30.1871158, 70.6641324 ], [ 30.1867812, 70.6641271 ], [ 30.1866252, 70.6641399 ], [ 30.1858957, 70.6642283 ], [ 30.1858294, 70.664262 ], [ 30.1858596, 70.6643261 ], [ 30.1857198, 70.6643371 ], [ 30.1855888, 70.6642752 ], [ 30.1855887, 70.6640396 ], [ 30.1856164, 70.6639977 ], [ 30.1855792, 70.663956 ], [ 30.1854353, 70.6639657 ], [ 30.1853054, 70.6639863 ], [ 30.1852914, 70.664055 ], [ 30.1853046, 70.6641099 ], [ 30.1854642, 70.6642018 ], [ 30.1854613, 70.6642254 ], [ 30.1854157, 70.6642461 ], [ 30.1853395, 70.664249 ], [ 30.1849519, 70.6642451 ], [ 30.1848756, 70.6642191 ], [ 30.1846577, 70.6641057 ], [ 30.1846222, 70.6639849 ], [ 30.1845065, 70.663892 ], [ 30.1844631, 70.6638719 ], [ 30.1840407, 70.6638499 ], [ 30.1834427, 70.6638727 ], [ 30.1833777, 70.6638569 ], [ 30.1832447, 70.6637771 ], [ 30.1831813, 70.6637707 ], [ 30.1826817, 70.6637729 ], [ 30.1822575, 70.6638391 ], [ 30.181947, 70.6638298 ], [ 30.1815797, 70.6637679 ], [ 30.1809033, 70.6636124 ], [ 30.180506, 70.6635657 ], [ 30.180158, 70.6634333 ], [ 30.1802412, 70.6633447 ], [ 30.180412, 70.6632401 ], [ 30.1804428, 70.6631904 ], [ 30.1799123, 70.6630191 ], [ 30.1792878, 70.6626616 ], [ 30.1790531, 70.6626313 ], [ 30.1790062, 70.6626321 ], [ 30.1787821, 70.6628315 ], [ 30.1785357, 70.6628451 ], [ 30.1784935, 70.662776 ], [ 30.1780347, 70.6625308 ], [ 30.1778874, 70.6624755 ], [ 30.1777775, 70.6624705 ], [ 30.1774051, 70.6624735 ], [ 30.1770999, 70.6623799 ], [ 30.1762277, 70.6621635 ], [ 30.1755686, 70.6619374 ], [ 30.1754551, 70.6617904 ], [ 30.1754866, 70.6617729 ], [ 30.1756065, 70.6617688 ], [ 30.1758261, 70.6617949 ], [ 30.1758504, 70.6617921 ], [ 30.1758974, 70.6617787 ], [ 30.1758863, 70.661754 ], [ 30.1758546, 70.6617421 ], [ 30.1756564, 70.6617085 ], [ 30.1752158, 70.6616752 ], [ 30.1750174, 70.6616715 ], [ 30.1749334, 70.6616812 ], [ 30.1749378, 70.6617071 ], [ 30.1751248, 70.6617216 ], [ 30.1751978, 70.6617426 ], [ 30.1752026, 70.6617615 ], [ 30.1745215, 70.6617669 ], [ 30.174409, 70.6617063 ], [ 30.1744144, 70.6616912 ], [ 30.1744409, 70.6616805 ], [ 30.1747033, 70.6616549 ], [ 30.1747657, 70.6615852 ], [ 30.1744541, 70.661543 ], [ 30.1738592, 70.6614957 ], [ 30.1734726, 70.6615338 ], [ 30.1732466, 70.6616118 ], [ 30.1729961, 70.6615033 ], [ 30.1725179, 70.661341 ], [ 30.1724818, 70.661336 ], [ 30.1724594, 70.661339 ], [ 30.1724485, 70.6613638 ], [ 30.1724589, 70.6613921 ], [ 30.1727255, 70.6615349 ], [ 30.1727052, 70.6615593 ], [ 30.1726569, 70.6615677 ], [ 30.171555, 70.6615093 ], [ 30.171385, 70.6614879 ], [ 30.1711873, 70.6614485 ], [ 30.1708902, 70.6613646 ], [ 30.1708386, 70.6613352 ], [ 30.1708678, 70.6613025 ], [ 30.1708408, 70.661283 ], [ 30.1704682, 70.6612368 ], [ 30.1701986, 70.6612472 ], [ 30.1699612, 70.6612471 ], [ 30.1696723, 70.6612207 ], [ 30.1687445, 70.6610027 ], [ 30.1682577, 70.6608665 ], [ 30.167307, 70.6606404 ], [ 30.1667832, 70.6605779 ], [ 30.1663636, 70.6606038 ], [ 30.1661533, 70.6605357 ], [ 30.165975, 70.6604423 ], [ 30.1658109, 70.6603774 ], [ 30.1656866, 70.6603397 ], [ 30.1654207, 70.6603401 ], [ 30.1651581, 70.6602687 ], [ 30.1650638, 70.660218 ], [ 30.1650645, 70.6601626 ], [ 30.1648161, 70.6601143 ], [ 30.1644666, 70.6601024 ], [ 30.1643792, 70.6601074 ], [ 30.1642577, 70.6601215 ], [ 30.1641392, 70.6601652 ], [ 30.1640179, 70.6601691 ], [ 30.1639129, 70.6601668 ], [ 30.1636873, 70.6601398 ], [ 30.1637121, 70.6600879 ], [ 30.1639209, 70.6600355 ], [ 30.164044, 70.6599812 ], [ 30.1640423, 70.6599595 ], [ 30.1639341, 70.6599188 ], [ 30.1638025, 70.6599221 ], [ 30.1635121, 70.6600357 ], [ 30.1634205, 70.6600493 ], [ 30.1633305, 70.6600545 ], [ 30.1629327, 70.6600477 ], [ 30.1627099, 70.6600409 ], [ 30.162634, 70.6600291 ], [ 30.1625202, 70.6599882 ], [ 30.1622714, 70.6599402 ], [ 30.1601047, 70.6597529 ], [ 30.1600197, 70.6597079 ], [ 30.1586914, 70.6596796 ], [ 30.1578155, 70.6597144 ], [ 30.1571758, 70.6597257 ], [ 30.1557937, 70.659739 ], [ 30.1555143, 70.6597324 ], [ 30.1553556, 70.6597195 ], [ 30.1545971, 70.6598012 ], [ 30.1541437, 70.6598229 ], [ 30.1527799, 70.6597646 ], [ 30.1516427, 70.6597318 ], [ 30.1505261, 70.6596846 ], [ 30.1504295, 70.6596967 ], [ 30.1502995, 70.6597288 ], [ 30.1499602, 70.6597391 ], [ 30.1499319, 70.6597399 ], [ 30.149446, 70.6597205 ], [ 30.1479629, 70.6596355 ], [ 30.1477078, 70.659591 ], [ 30.1471371, 70.6595396 ], [ 30.1466421, 70.6595521 ], [ 30.1464961, 70.659549 ], [ 30.1463982, 70.6595337 ], [ 30.14605, 70.6594491 ], [ 30.1450582, 70.6591748 ], [ 30.1449943, 70.6591454 ], [ 30.1450023, 70.6591135 ], [ 30.144457, 70.6589462 ], [ 30.1443604, 70.6589443 ], [ 30.1436869, 70.6589706 ], [ 30.1436987, 70.6588776 ], [ 30.1434985, 70.6586315 ], [ 30.1434491, 70.658606 ], [ 30.1430741, 70.6585074 ], [ 30.1426368, 70.6584904 ], [ 30.1420158, 70.6583952 ], [ 30.1419844, 70.6582851 ], [ 30.1418037, 70.6581809 ], [ 30.1408928, 70.6580485 ], [ 30.1402547, 70.6579068 ], [ 30.1397416, 70.6578409 ], [ 30.1392953, 70.6578613 ], [ 30.1387911, 70.6577555 ], [ 30.1386093, 70.6575657 ], [ 30.1385703, 70.6574182 ], [ 30.1385822, 70.6573004 ], [ 30.1385426, 70.6572862 ], [ 30.137911, 70.6572783 ], [ 30.1375693, 70.6572929 ], [ 30.1368745, 70.6572329 ], [ 30.1360001, 70.6571376 ], [ 30.1358506, 70.6569205 ], [ 30.1352866, 70.656794 ], [ 30.1350072, 70.6567187 ], [ 30.1348292, 70.6565749 ], [ 30.1347898, 70.6565274 ], [ 30.1344498, 70.6563768 ], [ 30.1341254, 70.6564024 ], [ 30.1341225, 70.6564318 ], [ 30.1341843, 70.6564684 ], [ 30.1341587, 70.6564759 ], [ 30.1340126, 70.6564726 ], [ 30.1336388, 70.6564057 ], [ 30.1332904, 70.6563256 ], [ 30.132982, 70.656166 ], [ 30.1325202, 70.655996 ], [ 30.1318342, 70.6558874 ], [ 30.1306361, 70.6558137 ], [ 30.1300922, 70.6557682 ], [ 30.1295574, 70.655701 ], [ 30.1282247, 70.6554249 ], [ 30.1269596, 70.6552723 ], [ 30.1268593, 70.6552662 ], [ 30.1266613, 70.6552829 ], [ 30.1264838, 70.6553099 ], [ 30.1263211, 70.6553399 ], [ 30.1262792, 70.6553562 ], [ 30.1261918, 70.6553685 ], [ 30.1257654, 70.6554157 ], [ 30.1257224, 70.655414 ], [ 30.1257005, 70.6554029 ], [ 30.1256998, 70.655372 ], [ 30.1257485, 70.6553048 ], [ 30.1258669, 70.655226 ], [ 30.1258897, 70.6551927 ], [ 30.1258319, 70.655124 ], [ 30.1257461, 70.655116 ], [ 30.1254625, 70.6551327 ], [ 30.1251825, 70.6551041 ], [ 30.1248944, 70.6550521 ], [ 30.1244979, 70.6549382 ], [ 30.1241514, 70.6549177 ], [ 30.1240704, 70.654919 ], [ 30.1235303, 70.6549663 ], [ 30.1234485, 70.6549818 ], [ 30.12335, 70.655012 ], [ 30.1233094, 70.6550363 ], [ 30.1232036, 70.6551326 ], [ 30.1228427, 70.6552751 ], [ 30.1227999, 70.6552824 ], [ 30.1223928, 70.6552283 ], [ 30.1219728, 70.655132 ], [ 30.1212339, 70.6549374 ], [ 30.1212316, 70.6549236 ], [ 30.1212906, 70.6548893 ], [ 30.1213072, 70.6548501 ], [ 30.121282, 70.6548209 ], [ 30.1212266, 70.6548235 ], [ 30.1209571, 70.6548968 ], [ 30.1208878, 70.6549032 ], [ 30.120509, 70.6547755 ], [ 30.1203067, 70.6546907 ], [ 30.1198252, 70.6543894 ], [ 30.1190033, 70.6540104 ], [ 30.1187382, 70.6539257 ], [ 30.1179179, 70.6538037 ], [ 30.1176213, 70.6537764 ], [ 30.1160422, 70.6537096 ], [ 30.1148448, 70.653639 ], [ 30.1136853, 70.6535576 ], [ 30.1132516, 70.6535193 ], [ 30.1127251, 70.653459 ], [ 30.1117225, 70.6533824 ], [ 30.1103766, 70.6533179 ], [ 30.1098507, 70.653284 ], [ 30.1092043, 70.6532252 ], [ 30.1085718, 70.6531565 ], [ 30.1080848, 70.6530893 ], [ 30.1078335, 70.6530171 ], [ 30.1077521, 70.6529762 ], [ 30.1074044, 70.6525237 ], [ 30.107314, 70.6524404 ], [ 30.1072221, 70.6523183 ], [ 30.1071444, 70.6521443 ], [ 30.1070925, 70.6519212 ], [ 30.1070552, 70.6514929 ], [ 30.1070818, 70.6511165 ], [ 30.1073609, 70.6503951 ], [ 30.1074106, 70.6500835 ], [ 30.1074077, 70.6500004 ], [ 30.1073959, 70.6496532 ], [ 30.1073598, 70.649608 ], [ 30.1073521, 70.6494858 ], [ 30.1076523, 70.6491404 ], [ 30.1079433, 70.6489309 ], [ 30.1082833, 70.6487529 ], [ 30.1091227, 70.6485623 ], [ 30.1094335, 70.6485037 ], [ 30.1105489, 70.6483407 ], [ 30.1117226, 70.6482145 ], [ 30.1135553, 70.6479852 ], [ 30.1138934, 70.6479263 ], [ 30.1141561, 70.6478604 ], [ 30.1148383, 70.6477151 ], [ 30.1159391, 70.6476998 ], [ 30.1162513, 70.6476993 ], [ 30.1167228, 70.6477123 ], [ 30.1173566, 70.6477015 ], [ 30.1180201, 70.6476768 ], [ 30.1184143, 70.6476323 ], [ 30.1189824, 70.6476352 ], [ 30.1196053, 70.647681 ], [ 30.1198261, 70.6476829 ], [ 30.1198762, 70.6476791 ], [ 30.1200901, 70.6476351 ], [ 30.1207175, 70.6476351 ], [ 30.120935, 70.6476288 ], [ 30.1213308, 70.6476018 ], [ 30.1214536, 70.6475743 ], [ 30.1220959, 70.6474784 ], [ 30.123027, 70.647391 ], [ 30.1232166, 70.6473321 ], [ 30.1233968, 70.647193 ], [ 30.1236433, 70.647189 ], [ 30.123555, 70.6474313 ], [ 30.1236455, 70.6475574 ], [ 30.1236677, 70.647567 ], [ 30.1237949, 70.6475738 ], [ 30.1239861, 70.6475774 ], [ 30.1244186, 70.6474688 ], [ 30.1245568, 70.6474045 ], [ 30.1249067, 70.6473593 ], [ 30.1250724, 70.6473549 ], [ 30.1253546, 70.6473904 ], [ 30.1257605, 70.6474266 ], [ 30.1259642, 70.6474229 ], [ 30.1260702, 70.6474129 ], [ 30.1261079, 70.6473824 ], [ 30.1260933, 70.6473504 ], [ 30.1263056, 70.6472571 ], [ 30.1271239, 70.6473465 ], [ 30.1278672, 70.6473571 ], [ 30.1277933, 70.6472815 ], [ 30.1278162, 70.6471866 ], [ 30.1279084, 70.6471887 ], [ 30.1288393, 70.6473212 ], [ 30.1296038, 70.6475081 ], [ 30.1297063, 70.6475243 ], [ 30.1309007, 70.6475515 ], [ 30.1312806, 70.6474496 ], [ 30.1316378, 70.6474499 ], [ 30.1321091, 70.6474734 ], [ 30.1322186, 70.6475095 ], [ 30.132312, 70.6475588 ], [ 30.1323674, 70.6475715 ], [ 30.1329869, 70.6475824 ], [ 30.1332002, 70.6475688 ], [ 30.1334402, 70.6475993 ], [ 30.133765, 70.6476626 ], [ 30.1339477, 70.6476902 ], [ 30.1343699, 70.6476913 ], [ 30.1343748, 70.6476835 ], [ 30.1342437, 70.6475988 ], [ 30.1340987, 70.6474768 ], [ 30.1342776, 70.6474899 ], [ 30.1345824, 70.647528 ], [ 30.1351286, 70.6476142 ], [ 30.1357851, 70.6476449 ], [ 30.1360888, 70.6476335 ], [ 30.1359992, 70.6475438 ], [ 30.1362025, 70.6475002 ], [ 30.1364724, 70.6474976 ], [ 30.1366838, 70.6475143 ], [ 30.1368272, 70.6475118 ], [ 30.1372871, 70.6474826 ], [ 30.1374917, 70.6473613 ], [ 30.1380468, 70.6473334 ], [ 30.1381527, 70.6473376 ], [ 30.138397, 70.6473668 ], [ 30.138384, 70.6475096 ], [ 30.1386461, 70.6475638 ], [ 30.1389716, 70.6475821 ], [ 30.1389919, 70.6475677 ], [ 30.1389608, 70.6474626 ], [ 30.1389173, 70.6474393 ], [ 30.1387073, 70.6473835 ], [ 30.1385877, 70.6473094 ], [ 30.1392544, 70.6471319 ], [ 30.1398856, 70.6470891 ], [ 30.1399682, 70.6470916 ], [ 30.140442, 70.6472496 ], [ 30.1420834, 70.647431 ], [ 30.1425233, 70.6474654 ], [ 30.1425741, 70.6474635 ], [ 30.1424822, 70.6473135 ], [ 30.1427598, 70.6473313 ], [ 30.1431202, 70.6474127 ], [ 30.1437873, 70.6474902 ], [ 30.1446267, 70.6474845 ], [ 30.144661, 70.6474541 ], [ 30.1446464, 70.647333 ], [ 30.1446616, 70.6473096 ], [ 30.1447997, 70.6472255 ], [ 30.1449146, 70.6472249 ], [ 30.1451414, 70.6472396 ], [ 30.1453902, 70.6472699 ], [ 30.1456863, 70.6472855 ], [ 30.1461375, 70.6472371 ], [ 30.1465133, 70.6471518 ], [ 30.1465911, 70.6471074 ], [ 30.1466543, 70.6470988 ], [ 30.1473998, 70.6470735 ], [ 30.14753, 70.6470771 ], [ 30.147625, 70.647094 ], [ 30.1477536, 70.6471621 ], [ 30.1477209, 70.6472051 ], [ 30.1475098, 70.6473105 ], [ 30.1474866, 70.6473399 ], [ 30.1474943, 70.6473633 ], [ 30.1479852, 70.6474791 ], [ 30.1487956, 70.6475198 ], [ 30.1492593, 70.6474645 ], [ 30.1494862, 70.6474679 ], [ 30.1495532, 70.6474845 ], [ 30.1495961, 70.647603 ], [ 30.1496264, 70.647626 ], [ 30.1497014, 70.6476473 ], [ 30.1497647, 70.6476529 ], [ 30.1499602, 70.647649 ], [ 30.1504021, 70.6476402 ], [ 30.1508043, 70.6477057 ], [ 30.1510263, 70.647711 ], [ 30.1520178, 70.6477007 ], [ 30.1520795, 70.6477071 ], [ 30.1521276, 70.647783 ], [ 30.1523287, 70.6478249 ], [ 30.1527151, 70.6478188 ], [ 30.1530287, 70.6477696 ], [ 30.153093, 70.6477727 ], [ 30.153239, 70.6477907 ], [ 30.1532964, 70.6478058 ], [ 30.1534217, 70.6478763 ], [ 30.1539605, 70.6480173 ], [ 30.1546422, 70.6480113 ], [ 30.1551532, 70.6480744 ], [ 30.1552974, 70.6481049 ], [ 30.1554352, 70.6481632 ], [ 30.1559313, 70.6482568 ], [ 30.1565989, 70.6483038 ], [ 30.1572001, 70.6482924 ], [ 30.1579065, 70.6482483 ], [ 30.158247, 70.6481771 ], [ 30.1584964, 70.6480996 ], [ 30.1587492, 70.6480932 ], [ 30.1587844, 70.6480963 ], [ 30.1589019, 70.6481852 ], [ 30.1590851, 70.6482913 ], [ 30.1592238, 70.6483499 ], [ 30.1593147, 70.6483658 ], [ 30.1598848, 70.6483576 ], [ 30.160024, 70.6483456 ], [ 30.1601843, 70.6483177 ], [ 30.1607515, 70.6482809 ], [ 30.1610563, 70.6483777 ], [ 30.1611636, 70.6483954 ], [ 30.1612409, 70.6483943 ], [ 30.1615729, 70.6483474 ], [ 30.1618516, 70.6482549 ], [ 30.1619148, 70.6482496 ], [ 30.162487, 70.6482701 ], [ 30.162746, 70.6482585 ], [ 30.1629738, 70.6481835 ], [ 30.1632162, 70.6481605 ], [ 30.1639916, 70.6481835 ], [ 30.1640186, 70.6481976 ], [ 30.1640646, 70.6483294 ], [ 30.1649608, 70.6483457 ], [ 30.1654925, 70.6483227 ], [ 30.1659452, 70.6482071 ], [ 30.1672242, 70.6481757 ], [ 30.1680016, 70.6481487 ], [ 30.1682257, 70.6481526 ], [ 30.1682612, 70.6481615 ], [ 30.1683368, 70.6482826 ], [ 30.1684374, 70.6483226 ], [ 30.1692231, 70.648351 ], [ 30.1696784, 70.6483422 ], [ 30.1697264, 70.6483302 ], [ 30.1697209, 70.6481993 ], [ 30.1697852, 70.6481599 ], [ 30.1703367, 70.648146 ], [ 30.1704542, 70.6481537 ], [ 30.1711291, 70.6481391 ], [ 30.1713465, 70.6480591 ], [ 30.1714932, 70.6479929 ], [ 30.1715947, 70.6479901 ], [ 30.1716917, 70.6480001 ], [ 30.1718805, 70.6481033 ], [ 30.1719571, 70.6481196 ], [ 30.1721364, 70.6481271 ], [ 30.1722772, 70.6481204 ], [ 30.1723206, 70.6481071 ], [ 30.1723665, 70.6480232 ], [ 30.1723879, 70.6479058 ], [ 30.1724114, 70.6478976 ], [ 30.1726205, 70.6479182 ], [ 30.1727203, 70.6479704 ], [ 30.1729122, 70.6481002 ], [ 30.1730421, 70.6481593 ], [ 30.1732726, 70.6481568 ], [ 30.1735727, 70.6481422 ], [ 30.1736341, 70.6481238 ], [ 30.1737188, 70.6480429 ], [ 30.1754052, 70.648039 ], [ 30.1757452, 70.6480296 ], [ 30.1758895, 70.6480069 ], [ 30.1759738, 70.6479796 ], [ 30.1770763, 70.6479915 ], [ 30.1772758, 70.6479679 ], [ 30.1780769, 70.6479432 ], [ 30.1781072, 70.6479474 ], [ 30.1781214, 70.6479774 ], [ 30.1782204, 70.6480379 ], [ 30.1788677, 70.6479154 ], [ 30.1789928, 70.6478416 ], [ 30.1791734, 70.6478177 ], [ 30.179193, 70.6478233 ], [ 30.1792392, 70.6479165 ], [ 30.1790598, 70.6480135 ], [ 30.1790224, 70.6480687 ], [ 30.1798774, 70.647996 ], [ 30.180076, 70.6478923 ], [ 30.1807209, 70.6478482 ], [ 30.1808664, 70.6478504 ], [ 30.1811206, 70.6480007 ], [ 30.1815024, 70.6479413 ], [ 30.1820617, 70.6480327 ], [ 30.1830964, 70.6480421 ], [ 30.1832101, 70.6480972 ], [ 30.1833111, 70.6481307 ], [ 30.1833626, 70.6481387 ], [ 30.1833999, 70.6481363 ], [ 30.1836428, 70.6480374 ], [ 30.1837244, 70.6479944 ], [ 30.1837614, 70.6479321 ], [ 30.1837885, 70.647924 ], [ 30.1838629, 70.6479234 ], [ 30.1844915, 70.6479648 ], [ 30.1844645, 70.6479979 ], [ 30.1848019, 70.6480107 ], [ 30.1850372, 70.6479863 ], [ 30.1850306, 70.6479558 ], [ 30.1849672, 70.6479315 ], [ 30.1847749, 70.6478882 ], [ 30.1847656, 70.6478768 ], [ 30.1850003, 70.647851 ], [ 30.1855195, 70.6478521 ], [ 30.185974, 70.6478674 ], [ 30.1861219, 70.6478797 ], [ 30.186158, 70.6479585 ], [ 30.1861804, 70.6479641 ], [ 30.1867199, 70.6480077 ], [ 30.1869593, 70.6480132 ], [ 30.1879078, 70.6479588 ], [ 30.1888264, 70.6477816 ], [ 30.1888264, 70.6476566 ], [ 30.1892718, 70.6475943 ], [ 30.1893425, 70.647594 ], [ 30.1899207, 70.6476777 ], [ 30.1905803, 70.6476249 ], [ 30.191091, 70.6476907 ], [ 30.1914488, 70.6476657 ], [ 30.1917052, 70.6475438 ], [ 30.192944, 70.6472999 ], [ 30.1929895, 70.647299 ], [ 30.1931502, 70.6473922 ], [ 30.1937165, 70.6473889 ], [ 30.1940034, 70.6472293 ], [ 30.1941921, 70.6470641 ], [ 30.1950454, 70.6468394 ], [ 30.1952493, 70.6467932 ], [ 30.1956844, 70.6465225 ], [ 30.1961859, 70.6462377 ], [ 30.1964739, 70.6460354 ], [ 30.1970454, 70.6458413 ], [ 30.197912, 70.6455855 ], [ 30.1985157, 70.6453391 ], [ 30.199509, 70.6450429 ], [ 30.1996971, 70.6450091 ], [ 30.1999591, 70.6449847 ], [ 30.2010592, 70.6448825 ], [ 30.2016473, 70.6448627 ], [ 30.2017998, 70.6448446 ], [ 30.2024876, 70.6446593 ], [ 30.2038075, 70.6444016 ], [ 30.2049992, 70.6442277 ], [ 30.2060063, 70.6441112 ], [ 30.2071195, 70.6440074 ], [ 30.2076509, 70.6439474 ], [ 30.2086179, 70.6438141 ], [ 30.2094031, 70.6436815 ], [ 30.2097616, 70.6436469 ], [ 30.2101615, 70.6436218 ], [ 30.2116516, 70.6434891 ], [ 30.2125459, 70.6433926 ], [ 30.2135208, 70.6433166 ], [ 30.21476, 70.6433577 ], [ 30.2153767, 70.6433969 ], [ 30.215435, 70.6434083 ], [ 30.2155536, 70.6434566 ], [ 30.2155355, 70.6435221 ], [ 30.2155649, 70.6435618 ], [ 30.2162106, 70.6436224 ], [ 30.2162901, 70.6435307 ], [ 30.2162122, 70.6433852 ], [ 30.2162288, 70.6433625 ], [ 30.2164054, 70.6433621 ], [ 30.2165769, 70.643371 ], [ 30.2166662, 70.6434182 ], [ 30.2170511, 70.6434191 ], [ 30.2175896, 70.6433702 ], [ 30.2177241, 70.6433398 ], [ 30.2177921, 70.6433002 ], [ 30.2184485, 70.6433229 ], [ 30.2188963, 70.6433813 ], [ 30.2196332, 70.6435165 ], [ 30.220073, 70.6435316 ], [ 30.2201543, 70.6435246 ], [ 30.2208866, 70.6435324 ], [ 30.2209441, 70.6435424 ], [ 30.2209758, 70.6435769 ], [ 30.2210322, 70.6437396 ], [ 30.2214364, 70.6438171 ], [ 30.222016, 70.6438604 ], [ 30.2223208, 70.6438652 ], [ 30.2223757, 70.6438305 ], [ 30.222459, 70.6438246 ], [ 30.2233338, 70.6438254 ], [ 30.2235236, 70.6438382 ], [ 30.2236655, 70.6438388 ], [ 30.2238653, 70.643811 ], [ 30.2240116, 70.6437629 ], [ 30.2240708, 70.6437594 ], [ 30.2243984, 70.6437676 ], [ 30.2247516, 70.643786 ], [ 30.2249099, 70.6437758 ], [ 30.2251453, 70.6437448 ], [ 30.2259767, 70.6437033 ], [ 30.2268905, 70.6436949 ], [ 30.2278804, 70.6435991 ], [ 30.2284538, 70.6435216 ], [ 30.2296883, 70.6433874 ], [ 30.230712, 70.6433127 ], [ 30.2318774, 70.6432016 ], [ 30.2324833, 70.6431266 ], [ 30.2330781, 70.6430829 ], [ 30.2340312, 70.6430571 ], [ 30.2347014, 70.6429955 ], [ 30.2353038, 70.6429308 ], [ 30.2357869, 70.6428722 ], [ 30.2363406, 70.6427793 ], [ 30.2373494, 70.6426463 ], [ 30.2385017, 70.6424423 ], [ 30.2393282, 70.6423273 ], [ 30.2410108, 70.642121 ], [ 30.2424163, 70.6419808 ], [ 30.2429266, 70.6419103 ], [ 30.2433261, 70.6418421 ], [ 30.2437105, 70.641828 ], [ 30.2442111, 70.6417862 ], [ 30.2445623, 70.6417389 ], [ 30.2449654, 70.6417388 ], [ 30.2453255, 70.6416596 ], [ 30.2453905, 70.6416621 ], [ 30.2458328, 70.6418076 ], [ 30.2459345, 70.6418183 ], [ 30.2459347, 70.6417691 ], [ 30.2458306, 70.6417104 ], [ 30.245626, 70.6416327 ], [ 30.2456155, 70.6416205 ], [ 30.2456937, 70.6415274 ], [ 30.2457717, 70.6414842 ], [ 30.2459039, 70.6414532 ], [ 30.2471851, 70.64127 ], [ 30.2474161, 70.6412739 ], [ 30.2476555, 70.6412466 ], [ 30.2478058, 70.6412121 ], [ 30.2478035, 70.6411252 ], [ 30.2477748, 70.6411046 ], [ 30.2474489, 70.6410507 ], [ 30.2469423, 70.6410002 ], [ 30.2468522, 70.6409833 ], [ 30.2468295, 70.6409508 ], [ 30.2468384, 70.6408988 ], [ 30.2468644, 70.6408789 ], [ 30.2469272, 70.6408688 ], [ 30.2474869, 70.6408724 ], [ 30.2475323, 70.6408868 ], [ 30.2476724, 70.6409977 ], [ 30.2477411, 70.641016 ], [ 30.2478507, 70.6410233 ], [ 30.2479311, 70.6410208 ], [ 30.2482109, 70.640989 ], [ 30.248265, 70.6409312 ], [ 30.2482527, 70.6409049 ], [ 30.2481793, 70.6408629 ], [ 30.2480692, 70.640841 ], [ 30.2480523, 70.6408221 ], [ 30.2481244, 70.6405855 ], [ 30.248217, 70.6405874 ], [ 30.2488133, 70.6406874 ], [ 30.248904, 70.6407097 ], [ 30.2489937, 70.6407547 ], [ 30.2490479, 70.6407654 ], [ 30.2491147, 70.6407713 ], [ 30.2493969, 70.640771 ], [ 30.2493674, 70.640691 ], [ 30.2492107, 70.6406585 ], [ 30.2490776, 70.6405646 ], [ 30.249085, 70.6404408 ], [ 30.249518, 70.6403469 ], [ 30.2495784, 70.6403463 ], [ 30.2498637, 70.6403704 ], [ 30.2499578, 70.6403526 ], [ 30.2502151, 70.640304 ], [ 30.2502391, 70.6402787 ], [ 30.2502623, 70.6402405 ], [ 30.2501915, 70.6402027 ], [ 30.2499579, 70.6401756 ], [ 30.2498956, 70.6401685 ], [ 30.249856, 70.6401482 ], [ 30.249804, 70.6400561 ], [ 30.249929, 70.6398802 ], [ 30.249958, 70.6398757 ], [ 30.2502566, 70.6398722 ], [ 30.2506346, 70.6397688 ], [ 30.2509137, 70.6396658 ], [ 30.2513499, 70.6394579 ], [ 30.2515203, 70.6393582 ], [ 30.2516308, 70.6391672 ], [ 30.2516662, 70.6391469 ], [ 30.2519242, 70.6390588 ], [ 30.2519777, 70.6390163 ], [ 30.2522365, 70.6385935 ], [ 30.2523453, 70.6385105 ], [ 30.2523644, 70.6379926 ], [ 30.2523407, 70.6378664 ], [ 30.2523865, 70.637711 ], [ 30.2524888, 70.6374927 ], [ 30.2526193, 70.6373168 ], [ 30.2528953, 70.6370852 ], [ 30.2529264, 70.6370307 ], [ 30.2528804, 70.6368871 ], [ 30.2529429, 70.6367569 ], [ 30.2532539, 70.636731 ], [ 30.2535458, 70.6367479 ], [ 30.2536171, 70.6367502 ], [ 30.2536234, 70.6367441 ], [ 30.2534638, 70.6366647 ], [ 30.2531568, 70.636571 ], [ 30.2531822, 70.6364952 ], [ 30.2532358, 70.6364908 ], [ 30.2534888, 70.6365066 ], [ 30.2536767, 70.6364741 ], [ 30.2538407, 70.6361979 ], [ 30.2542974, 70.6358596 ], [ 30.2545941, 70.6356766 ], [ 30.254842, 70.6355629 ], [ 30.255279, 70.6355605 ], [ 30.2554422, 70.6355185 ], [ 30.2555201, 70.6354846 ], [ 30.2554904, 70.6354649 ], [ 30.2552064, 70.6354191 ], [ 30.2549295, 70.6353921 ], [ 30.2548274, 70.6353566 ], [ 30.2548068, 70.6352891 ], [ 30.2555, 70.6353321 ], [ 30.2561961, 70.6352889 ], [ 30.2563021, 70.6352769 ], [ 30.2563315, 70.6352488 ], [ 30.2563255, 70.635206 ], [ 30.2560866, 70.635096 ], [ 30.2560138, 70.6348997 ], [ 30.2565323, 70.634693 ], [ 30.2570179, 70.6344257 ], [ 30.2571023, 70.6343919 ], [ 30.2578179, 70.6342786 ], [ 30.2584143, 70.6340899 ], [ 30.2589623, 70.6338816 ], [ 30.2593873, 70.633791 ], [ 30.2600776, 70.6335977 ], [ 30.2605644, 70.6335112 ], [ 30.2612435, 70.6333705 ], [ 30.2620104, 70.6332277 ], [ 30.2625502, 70.6331607 ], [ 30.2629297, 70.6330985 ], [ 30.2650355, 70.6326607 ], [ 30.2658678, 70.6325463 ], [ 30.2672624, 70.6322716 ], [ 30.2678227, 70.6321463 ], [ 30.2682441, 70.6320213 ], [ 30.2688447, 70.6317389 ], [ 30.2699446, 70.6311586 ], [ 30.270353, 70.6309916 ], [ 30.2716247, 70.6305435 ], [ 30.2723315, 70.6303338 ], [ 30.2728612, 70.6301252 ], [ 30.2734813, 70.6298596 ], [ 30.2748802, 70.6293755 ], [ 30.2759864, 70.6290744 ], [ 30.2766401, 70.6289249 ], [ 30.277212, 70.6288394 ], [ 30.2776357, 70.6287566 ], [ 30.2782642, 70.628618 ], [ 30.2788154, 70.6285527 ], [ 30.2800883, 70.6284213 ], [ 30.280419, 70.6284102 ], [ 30.2808348, 70.628371 ], [ 30.2813671, 70.6283088 ], [ 30.2813814, 70.6283516 ], [ 30.2814348, 70.628385 ], [ 30.2816351, 70.6284197 ], [ 30.2820744, 70.6284088 ], [ 30.2821851, 70.6283996 ], [ 30.2824689, 70.6283694 ], [ 30.2829619, 70.6282849 ], [ 30.2832906, 70.6284019 ], [ 30.2839224, 70.6285371 ], [ 30.2840614, 70.6285546 ], [ 30.2845104, 70.6284054 ], [ 30.2847232, 70.6282561 ], [ 30.2847274, 70.6282135 ], [ 30.2845231, 70.6281541 ], [ 30.2841537, 70.62811 ], [ 30.2839391, 70.6280727 ], [ 30.2838595, 70.6280238 ], [ 30.2838671, 70.6280039 ], [ 30.284113, 70.6280011 ], [ 30.2842878, 70.6280158 ], [ 30.2846725, 70.6280602 ], [ 30.2850339, 70.6281199 ], [ 30.2854342, 70.6281491 ], [ 30.2855244, 70.6281499 ], [ 30.28555, 70.6281252 ], [ 30.2855406, 70.6280671 ], [ 30.2853321, 70.6279607 ], [ 30.2851664, 70.6279674 ], [ 30.2850432, 70.6279594 ], [ 30.2849373, 70.6279422 ], [ 30.2849054, 70.6279257 ], [ 30.2849043, 70.6279011 ], [ 30.2852145, 70.6277996 ], [ 30.2857561, 70.6278025 ], [ 30.2858479, 70.6278194 ], [ 30.2858801, 70.6277446 ], [ 30.2851557, 70.6276169 ], [ 30.2850254, 70.6275482 ], [ 30.2850164, 70.6275303 ], [ 30.2854328, 70.6275333 ], [ 30.2857008, 70.6275524 ], [ 30.2860283, 70.6276099 ], [ 30.2862823, 70.6276353 ], [ 30.2863901, 70.627636 ], [ 30.286397, 70.6275901 ], [ 30.2861728, 70.627481 ], [ 30.2858405, 70.6274038 ], [ 30.2853595, 70.6272782 ], [ 30.285309, 70.6272554 ], [ 30.2859986, 70.6273151 ], [ 30.286184, 70.6273427 ], [ 30.2863685, 70.627391 ], [ 30.2864791, 70.6274121 ], [ 30.2865142, 70.6274119 ], [ 30.2866415, 70.6272255 ], [ 30.2864479, 70.6271441 ], [ 30.2861742, 70.6271091 ], [ 30.2857012, 70.6270238 ], [ 30.2855715, 70.6269827 ], [ 30.2855715, 70.6269194 ], [ 30.2860187, 70.6268097 ], [ 30.2860453, 70.6267663 ], [ 30.2862176, 70.6266072 ], [ 30.2864808, 70.6264008 ], [ 30.2865239, 70.626394 ], [ 30.28665, 70.6263944 ], [ 30.2871739, 70.6264485 ], [ 30.2873002, 70.6264577 ], [ 30.2873103, 70.6264521 ], [ 30.2873939, 70.6263244 ], [ 30.2874311, 70.6260374 ], [ 30.2871329, 70.625916 ], [ 30.2867606, 70.6258141 ], [ 30.2867707, 70.6257698 ], [ 30.2868956, 70.6255791 ], [ 30.2871208, 70.6253785 ], [ 30.2876104, 70.624998 ], [ 30.2879193, 70.6248315 ], [ 30.2881644, 70.6248019 ], [ 30.2882231, 70.6248514 ], [ 30.2885926, 70.6249694 ], [ 30.2886433, 70.6249796 ], [ 30.2887302, 70.6249838 ], [ 30.2889223, 70.62498 ], [ 30.2889656, 70.6247813 ], [ 30.2889353, 70.6247696 ], [ 30.2887694, 70.6247441 ], [ 30.2883484, 70.624728 ], [ 30.2882809, 70.6247158 ], [ 30.2882772, 70.6246777 ], [ 30.2884152, 70.6244405 ], [ 30.2884397, 70.6244338 ], [ 30.288589, 70.624426 ], [ 30.2886444, 70.6244032 ], [ 30.2889058, 70.6242105 ], [ 30.2889859, 70.6240997 ], [ 30.2892991, 70.6240124 ], [ 30.2893637, 70.6240044 ], [ 30.2894114, 70.6240072 ], [ 30.2894648, 70.6240877 ], [ 30.2895426, 70.6241074 ], [ 30.289753, 70.6241244 ], [ 30.2898444, 70.6241044 ], [ 30.2900998, 70.6239989 ], [ 30.2906056, 70.6237394 ], [ 30.2906071, 70.6237321 ], [ 30.2905637, 70.6237213 ], [ 30.2902436, 70.6236693 ], [ 30.2902039, 70.6236244 ], [ 30.2902216, 70.6235816 ], [ 30.2903378, 70.6235141 ], [ 30.2908641, 70.6232997 ], [ 30.291149, 70.6232608 ], [ 30.2912694, 70.6232299 ], [ 30.2913591, 70.6231869 ], [ 30.2915183, 70.6230661 ], [ 30.2917589, 70.6229256 ], [ 30.2923596, 70.6226116 ], [ 30.2924732, 70.6226256 ], [ 30.2927754, 70.6226938 ], [ 30.2930624, 70.6227289 ], [ 30.2934406, 70.6227361 ], [ 30.2935391, 70.6227299 ], [ 30.293563, 70.6227049 ], [ 30.2935441, 70.6226766 ], [ 30.2932142, 70.6224357 ], [ 30.2938051, 70.6222055 ], [ 30.2949773, 70.6218394 ], [ 30.2950658, 70.6218436 ], [ 30.2950986, 70.6218841 ], [ 30.2954629, 70.6219882 ], [ 30.2957847, 70.6220291 ], [ 30.2961289, 70.6220449 ], [ 30.2965109, 70.621939 ], [ 30.2965091, 70.6219239 ], [ 30.2963784, 70.6218175 ], [ 30.2961566, 70.621758 ], [ 30.29596, 70.6217338 ], [ 30.295937, 70.6217163 ], [ 30.2959957, 70.6216871 ], [ 30.296258, 70.6216719 ], [ 30.2966591, 70.6216822 ], [ 30.2968131, 70.6216704 ], [ 30.2968895, 70.6215869 ], [ 30.2968847, 70.6215735 ], [ 30.2966401, 70.621486 ], [ 30.2966863, 70.6214297 ], [ 30.2972091, 70.6212985 ], [ 30.2972812, 70.6212969 ], [ 30.2974736, 70.6213135 ], [ 30.2974956, 70.6213743 ], [ 30.297546, 70.6213874 ], [ 30.2976825, 70.6213985 ], [ 30.2979602, 70.6213916 ], [ 30.2981517, 70.6213747 ], [ 30.2981577, 70.6213466 ], [ 30.2979813, 70.6212952 ], [ 30.297678, 70.6211608 ], [ 30.2976962, 70.6210691 ], [ 30.2977691, 70.621035 ], [ 30.2978008, 70.6210357 ], [ 30.2978674, 70.6210835 ], [ 30.2980737, 70.621153 ], [ 30.2981661, 70.6211745 ], [ 30.2985643, 70.6212357 ], [ 30.298864, 70.6212503 ], [ 30.2989542, 70.6212455 ], [ 30.2989647, 70.6212083 ], [ 30.298945, 70.6211558 ], [ 30.2988748, 70.6211022 ], [ 30.2987864, 70.621091 ], [ 30.2985455, 70.6210811 ], [ 30.2984631, 70.6210654 ], [ 30.2984434, 70.6210443 ], [ 30.2984722, 70.6210028 ], [ 30.2989441, 70.6206645 ], [ 30.2990899, 70.6205933 ], [ 30.2991954, 70.6205699 ], [ 30.2993743, 70.6205471 ], [ 30.2995884, 70.6203629 ], [ 30.2999565, 70.620101 ], [ 30.3002772, 70.6198727 ], [ 30.3004756, 70.619783 ], [ 30.3011109, 70.6196119 ], [ 30.301776, 70.6193744 ], [ 30.3022378, 70.619228 ], [ 30.3024551, 70.6191778 ], [ 30.3030009, 70.6191141 ], [ 30.3035593, 70.6190691 ], [ 30.3042833, 70.619051 ], [ 30.3047295, 70.6190765 ], [ 30.3048719, 70.6191108 ], [ 30.3051665, 70.6191649 ], [ 30.3052411, 70.6191766 ], [ 30.305268, 70.619173 ], [ 30.3056517, 70.6190758 ], [ 30.3057834, 70.6189966 ], [ 30.3057996, 70.6189563 ], [ 30.3062036, 70.6188439 ], [ 30.3063512, 70.6188168 ], [ 30.3064258, 70.6188163 ], [ 30.3064983, 70.6188324 ], [ 30.3066645, 70.6188458 ], [ 30.3066979, 70.6188294 ], [ 30.3067644, 70.6187425 ], [ 30.306752, 70.6186957 ], [ 30.3067302, 70.6186824 ], [ 30.3065374, 70.6186831 ], [ 30.3061222, 70.618598 ], [ 30.3060652, 70.6185805 ], [ 30.3060572, 70.6185667 ], [ 30.3062552, 70.6185693 ], [ 30.3071149, 70.6186752 ], [ 30.3075994, 70.6187089 ], [ 30.3076717, 70.6187072 ], [ 30.3081119, 70.6186449 ], [ 30.3081429, 70.6186293 ], [ 30.3081365, 70.6186183 ], [ 30.3079972, 70.6185266 ], [ 30.3077812, 70.6184961 ], [ 30.3075121, 70.6184772 ], [ 30.3073995, 70.6184627 ], [ 30.3073803, 70.6184485 ], [ 30.3084315, 70.6177702 ], [ 30.3088731, 70.6176058 ], [ 30.309069, 70.6175805 ], [ 30.3091521, 70.6175055 ], [ 30.3091559, 70.6174372 ], [ 30.3100473, 70.6170419 ], [ 30.3108267, 70.6168272 ], [ 30.311023, 70.6168033 ], [ 30.311942, 70.6167213 ], [ 30.3124403, 70.6167371 ], [ 30.313119, 70.6167879 ], [ 30.3135681, 70.6168419 ], [ 30.3138395, 70.616898 ], [ 30.3144146, 70.6170747 ], [ 30.3149877, 70.6173033 ], [ 30.3150221, 70.6173869 ], [ 30.315192, 70.6174791 ], [ 30.3157366, 70.6177397 ], [ 30.3162776, 70.6178174 ], [ 30.3166851, 70.6178289 ], [ 30.3179894, 70.6178113 ], [ 30.318191, 70.6177966 ], [ 30.3189398, 70.6176869 ], [ 30.3193718, 70.6175805 ], [ 30.3200342, 70.6173516 ], [ 30.3200761, 70.6173244 ], [ 30.3201471, 70.6172219 ], [ 30.3202407, 70.6171372 ], [ 30.320395, 70.6170535 ], [ 30.3209206, 70.616848 ], [ 30.3210239, 70.6167941 ], [ 30.321474, 70.616695 ], [ 30.3216292, 70.6166489 ], [ 30.3219356, 70.6164733 ], [ 30.3222551, 70.6163441 ], [ 30.3232117, 70.6163021 ], [ 30.3234006, 70.6163371 ], [ 30.3236256, 70.6162622 ], [ 30.3238991, 70.6161488 ], [ 30.3245986, 70.6159813 ], [ 30.32497, 70.6160352 ], [ 30.325191, 70.6161358 ], [ 30.3254752, 70.6161305 ], [ 30.3256878, 70.6160461 ], [ 30.3265116, 70.6159858 ], [ 30.3265621, 70.6158869 ], [ 30.3266166, 70.6158616 ], [ 30.3270775, 70.6158638 ], [ 30.3274199, 70.6156986 ], [ 30.3274215, 70.6156856 ], [ 30.3273575, 70.615643 ], [ 30.3272932, 70.6156185 ], [ 30.326548, 70.6154683 ], [ 30.3265492, 70.6154627 ], [ 30.3268008, 70.6154484 ], [ 30.3272887, 70.6154507 ], [ 30.3277875, 70.6155271 ], [ 30.3281063, 70.6154286 ], [ 30.328092, 70.6154042 ], [ 30.3279066, 70.6153586 ], [ 30.327778, 70.6153147 ], [ 30.3278291, 70.6151588 ], [ 30.3283474, 70.6151592 ], [ 30.3284866, 70.6149941 ], [ 30.3291556, 70.614933 ], [ 30.3292733, 70.6149688 ], [ 30.3292019, 70.6150588 ], [ 30.3291025, 70.6150724 ], [ 30.3291312, 70.6150857 ], [ 30.3292049, 70.6150936 ], [ 30.3296295, 70.6149836 ], [ 30.3296043, 70.6149374 ], [ 30.3295064, 70.6149072 ], [ 30.3291085, 70.614825 ], [ 30.3290828, 70.6148031 ], [ 30.329158, 70.6147191 ], [ 30.3291251, 70.6146597 ], [ 30.3285178, 70.6144411 ], [ 30.328522, 70.6144094 ], [ 30.329109, 70.6142091 ], [ 30.3297236, 70.6140788 ], [ 30.3300767, 70.6140833 ], [ 30.3303563, 70.6141603 ], [ 30.3305721, 70.614253 ], [ 30.3306468, 70.6142669 ], [ 30.3307607, 70.6142708 ], [ 30.330906, 70.6142652 ], [ 30.330937, 70.6141841 ], [ 30.3309217, 70.6140574 ], [ 30.3308162, 70.6140577 ], [ 30.330787, 70.6140656 ], [ 30.3307729, 70.6141202 ], [ 30.3307496, 70.6141374 ], [ 30.3305394, 70.6141047 ], [ 30.3303791, 70.6140196 ], [ 30.3304467, 70.6139566 ], [ 30.3308331, 70.6139411 ], [ 30.3309346, 70.6139605 ], [ 30.3310256, 70.6140097 ], [ 30.3311032, 70.6140323 ], [ 30.3311604, 70.6140355 ], [ 30.3311897, 70.614021 ], [ 30.3312961, 70.613838 ], [ 30.3312653, 70.6137863 ], [ 30.3311424, 70.6137159 ], [ 30.3311491, 70.6136741 ], [ 30.3312462, 70.6136745 ], [ 30.3313268, 70.6136955 ], [ 30.3314826, 70.6137897 ], [ 30.3315568, 70.6138811 ], [ 30.3315968, 70.6138883 ], [ 30.3317477, 70.613888 ], [ 30.3317847, 70.6138724 ], [ 30.3319051, 70.6136874 ], [ 30.3318367, 70.6136455 ], [ 30.3316193, 70.6136171 ], [ 30.3315, 70.6135855 ], [ 30.3314943, 70.6135596 ], [ 30.3315074, 70.6135518 ], [ 30.3316589, 70.6135503 ], [ 30.3319301, 70.613564 ], [ 30.3322828, 70.6135925 ], [ 30.3323916, 70.6134408 ], [ 30.3325607, 70.6133483 ], [ 30.3327123, 70.6133269 ], [ 30.3327834, 70.6133244 ], [ 30.3329536, 70.6133433 ], [ 30.3330829, 70.6134569 ], [ 30.3333741, 70.6134988 ], [ 30.3335256, 70.613503 ], [ 30.3335768, 70.6134849 ], [ 30.3336044, 70.6134619 ], [ 30.3336068, 70.6133672 ], [ 30.3332777, 70.6132741 ], [ 30.3332803, 70.613265 ], [ 30.3334888, 70.6131621 ], [ 30.3336994, 70.6131466 ], [ 30.3337809, 70.6129941 ], [ 30.3337801, 70.6128685 ], [ 30.3336499, 70.6128097 ], [ 30.3335908, 70.6128016 ], [ 30.3334558, 70.6128069 ], [ 30.3331311, 70.6128471 ], [ 30.333054, 70.6128691 ], [ 30.3327419, 70.6127892 ], [ 30.3327395, 70.6124833 ], [ 30.332877, 70.6124002 ], [ 30.3331268, 70.612278 ], [ 30.3332862, 70.612171 ], [ 30.3332897, 70.6120811 ], [ 30.333121, 70.6120508 ], [ 30.3329594, 70.6119902 ], [ 30.3329475, 70.6119632 ], [ 30.3330125, 70.6119019 ], [ 30.3331487, 70.6119039 ], [ 30.3333952, 70.6119483 ], [ 30.3336089, 70.6119477 ], [ 30.3338212, 70.6119119 ], [ 30.3338099, 70.6118624 ], [ 30.333734, 70.6117966 ], [ 30.3333976, 70.6117442 ], [ 30.3331042, 70.611665 ], [ 30.3330605, 70.6116514 ], [ 30.3330457, 70.6116349 ], [ 30.3334789, 70.611438 ], [ 30.3336151, 70.6114386 ], [ 30.3341131, 70.6113303 ], [ 30.3341068, 70.6113103 ], [ 30.3340671, 70.6113043 ], [ 30.3338008, 70.6112725 ], [ 30.3335905, 70.6112561 ], [ 30.3335845, 70.6111627 ], [ 30.3338236, 70.6110886 ], [ 30.3341164, 70.6110241 ], [ 30.3341321, 70.6109541 ], [ 30.333814, 70.6108233 ], [ 30.3335036, 70.6107592 ], [ 30.3329618, 70.6106018 ], [ 30.333149, 70.6105416 ], [ 30.3332347, 70.6104555 ], [ 30.3331882, 70.6104322 ], [ 30.3330506, 70.610392 ], [ 30.3328464, 70.610363 ], [ 30.3328026, 70.6103703 ], [ 30.3328051, 70.6104034 ], [ 30.3324105, 70.6103981 ], [ 30.3323477, 70.6102952 ], [ 30.3324912, 70.610258 ], [ 30.3327025, 70.6102655 ], [ 30.33305, 70.6103078 ], [ 30.3331313, 70.6103102 ], [ 30.3332035, 70.6103094 ], [ 30.3332117, 70.6102744 ], [ 30.3331779, 70.6102524 ], [ 30.3329929, 70.6101891 ], [ 30.3326132, 70.610133 ], [ 30.3322867, 70.6100706 ], [ 30.3321626, 70.6100047 ], [ 30.3322023, 70.6099572 ], [ 30.3323074, 70.6099538 ], [ 30.3327849, 70.6100111 ], [ 30.33309, 70.6100766 ], [ 30.3333439, 70.6100963 ], [ 30.3331578, 70.6100211 ], [ 30.33267, 70.6099441 ], [ 30.3325949, 70.6099211 ], [ 30.3325766, 70.6098302 ], [ 30.3328775, 70.6098319 ], [ 30.3337182, 70.6099505 ], [ 30.3340337, 70.6100258 ], [ 30.3340404, 70.610053 ], [ 30.3345033, 70.6101511 ], [ 30.3345913, 70.6101585 ], [ 30.3352689, 70.6101155 ], [ 30.3352183, 70.610048 ], [ 30.3350071, 70.6099561 ], [ 30.3346414, 70.609873 ], [ 30.3344348, 70.6098366 ], [ 30.333822, 70.6097827 ], [ 30.3330405, 70.609675 ], [ 30.3329802, 70.6096563 ], [ 30.3329981, 70.6096458 ], [ 30.3331776, 70.6096516 ], [ 30.3333888, 70.6096757 ], [ 30.3341712, 70.6097402 ], [ 30.3348151, 70.609762 ], [ 30.334823, 70.6095149 ], [ 30.3341682, 70.6093457 ], [ 30.3341292, 70.6093163 ], [ 30.3344099, 70.6093213 ], [ 30.3347404, 70.6093766 ], [ 30.3350167, 70.6093463 ], [ 30.3350435, 70.6093102 ], [ 30.3350738, 70.6091757 ], [ 30.3350417, 70.6090486 ], [ 30.334983, 70.6089964 ], [ 30.3349275, 70.6089822 ], [ 30.334619, 70.6089646 ], [ 30.3345468, 70.6089319 ], [ 30.3343774, 70.6088013 ], [ 30.334356, 70.6087139 ], [ 30.3342829, 70.6086553 ], [ 30.3336629, 70.6084127 ], [ 30.3323335, 70.6080752 ], [ 30.3322657, 70.6080374 ], [ 30.3322652, 70.6080035 ], [ 30.3323187, 70.6080053 ], [ 30.3325838, 70.6080465 ], [ 30.3331214, 70.608225 ], [ 30.3337047, 70.6083754 ], [ 30.3342756, 70.6085097 ], [ 30.3342687, 70.6084794 ], [ 30.3341941, 70.6084063 ], [ 30.3341123, 70.6083594 ], [ 30.3338251, 70.6083204 ], [ 30.3331897, 70.6080891 ], [ 30.3327065, 70.6078108 ], [ 30.3325027, 70.6076455 ], [ 30.3322537, 70.6075272 ], [ 30.3321363, 70.6074869 ], [ 30.332121, 70.6075282 ], [ 30.3321015, 70.6075299 ], [ 30.3317922, 70.6075157 ], [ 30.3312861, 70.6074041 ], [ 30.3311561, 70.6073616 ], [ 30.3306661, 70.6073491 ], [ 30.330483, 70.6073047 ], [ 30.3304749, 70.6072675 ], [ 30.3305589, 70.6072613 ], [ 30.3313083, 70.6072977 ], [ 30.3316053, 70.6071449 ], [ 30.3319686, 70.6072333 ], [ 30.3321609, 70.6072489 ], [ 30.331945, 70.6071341 ], [ 30.33139, 70.6070277 ], [ 30.3310669, 70.6068663 ], [ 30.3310549, 70.6067488 ], [ 30.3307014, 70.6065811 ], [ 30.3304298, 70.6065377 ], [ 30.3302611, 70.6065394 ], [ 30.329885, 70.6065757 ], [ 30.3297629, 70.6066169 ], [ 30.3293821, 70.6068247 ], [ 30.3293394, 70.6069314 ], [ 30.3292055, 70.607013 ], [ 30.3287632, 70.6070104 ], [ 30.3287213, 70.6069963 ], [ 30.3286667, 70.6069186 ], [ 30.3284196, 70.6067727 ], [ 30.3278641, 70.6066235 ], [ 30.3274869, 70.6065419 ], [ 30.3272197, 70.6064936 ], [ 30.3269121, 70.606408 ], [ 30.3265258, 70.6062814 ], [ 30.326129, 70.6060608 ], [ 30.3261382, 70.6060197 ], [ 30.3257584, 70.6055936 ], [ 30.3252244, 70.6055224 ], [ 30.3250214, 70.6053457 ], [ 30.3255967, 70.605343 ], [ 30.3256006, 70.6053354 ], [ 30.3255638, 70.6053225 ], [ 30.3252469, 70.6052883 ], [ 30.3251585, 70.6052811 ], [ 30.3251564, 70.6051541 ], [ 30.3251717, 70.6051477 ], [ 30.3253466, 70.6051403 ], [ 30.3256433, 70.6050738 ], [ 30.3256006, 70.6050435 ], [ 30.3247308, 70.6050249 ], [ 30.3242999, 70.6050291 ], [ 30.324286, 70.6049655 ], [ 30.3228421, 70.6047194 ], [ 30.3227533, 70.604708 ], [ 30.3226536, 70.6047094 ], [ 30.3225567, 70.6047197 ], [ 30.3224913, 70.6047377 ], [ 30.322267, 70.6046377 ], [ 30.3219985, 70.6044952 ], [ 30.3216235, 70.6041047 ], [ 30.3215897, 70.6040188 ], [ 30.3215899, 70.6036724 ], [ 30.3216241, 70.6035883 ], [ 30.3218044, 70.6035064 ], [ 30.3218145, 70.6032327 ], [ 30.3218586, 70.6030594 ], [ 30.3219576, 70.602933 ], [ 30.3219397, 70.6028586 ], [ 30.3218592, 70.6027808 ], [ 30.3221898, 70.6026583 ], [ 30.3228597, 70.6024982 ], [ 30.323329, 70.6023296 ], [ 30.3234529, 70.6023005 ], [ 30.3236657, 70.6022794 ], [ 30.3240835, 70.6022516 ], [ 30.3241236, 70.6021211 ], [ 30.3241216, 70.6020932 ], [ 30.3238778, 70.6020602 ], [ 30.3237332, 70.6017055 ], [ 30.3236478, 70.6016327 ], [ 30.3230138, 70.601325 ], [ 30.3226519, 70.601058 ], [ 30.3224709, 70.6008669 ], [ 30.3220903, 70.6003788 ], [ 30.3220216, 70.6003344 ], [ 30.3220971, 70.6001256 ], [ 30.3224025, 70.6000964 ], [ 30.3224572, 70.6000822 ], [ 30.3225744, 70.6000005 ], [ 30.3226171, 70.5999706 ], [ 30.322604, 70.5999408 ], [ 30.322526, 70.5999219 ], [ 30.3223128, 70.5999147 ], [ 30.3217845, 70.599858 ], [ 30.3217893, 70.5998474 ], [ 30.3218209, 70.5998402 ], [ 30.3224231, 70.5997589 ], [ 30.3223076, 70.5996239 ], [ 30.3226307, 70.5995597 ], [ 30.3231056, 70.5995519 ], [ 30.3231903, 70.5995266 ], [ 30.3231931, 70.599518 ], [ 30.3226453, 70.5993799 ], [ 30.3230728, 70.599263 ], [ 30.3228431, 70.5991061 ], [ 30.3225537, 70.5989891 ], [ 30.3225612, 70.5987763 ], [ 30.3222456, 70.5987069 ], [ 30.3221415, 70.5985955 ], [ 30.3221879, 70.5985513 ], [ 30.322453, 70.5985697 ], [ 30.3228813, 70.5985508 ], [ 30.3228911, 70.5985296 ], [ 30.3220519, 70.5984867 ], [ 30.3213692, 70.5984317 ], [ 30.3210605, 70.5984729 ], [ 30.3208487, 70.5984924 ], [ 30.3208083, 70.598488 ], [ 30.3209062, 70.5983972 ], [ 30.3212515, 70.5983324 ], [ 30.321787, 70.5981188 ], [ 30.3225458, 70.5977666 ], [ 30.3225585, 70.5975691 ], [ 30.3222697, 70.5975486 ], [ 30.3221251, 70.5975453 ], [ 30.3219978, 70.5975171 ], [ 30.3220468, 70.5973852 ], [ 30.3222964, 70.5973397 ], [ 30.3226669, 70.5972455 ], [ 30.3226886, 70.5972339 ], [ 30.3228152, 70.5970683 ], [ 30.3227859, 70.5968886 ], [ 30.3229577, 70.5967843 ], [ 30.3232916, 70.5967152 ], [ 30.3232941, 70.5967088 ], [ 30.3229511, 70.5966902 ], [ 30.3223286, 70.5967083 ], [ 30.322048, 70.5966971 ], [ 30.3220293, 70.5966688 ], [ 30.3221635, 70.5964016 ], [ 30.3222165, 70.5963842 ], [ 30.3226696, 70.596373 ], [ 30.3227536, 70.5963644 ], [ 30.3231914, 70.5962308 ], [ 30.3233553, 70.5961169 ], [ 30.3235073, 70.5959786 ], [ 30.3234269, 70.5955689 ], [ 30.3231706, 70.5955019 ], [ 30.3227798, 70.5954646 ], [ 30.322703, 70.5954482 ], [ 30.3225938, 70.5953863 ], [ 30.3225991, 70.5953749 ], [ 30.3231982, 70.5953574 ], [ 30.3232598, 70.5953475 ], [ 30.3237013, 70.5952594 ], [ 30.3237511, 70.5952424 ], [ 30.3237686, 70.5952211 ], [ 30.3237493, 70.5951802 ], [ 30.3236993, 70.5951433 ], [ 30.3235334, 70.595073 ], [ 30.3231348, 70.5950153 ], [ 30.3226586, 70.5949889 ], [ 30.3220964, 70.5949316 ], [ 30.3220781, 70.5949219 ], [ 30.3220756, 70.5948853 ], [ 30.3220977, 70.5948508 ], [ 30.3227599, 70.5946921 ], [ 30.3229327, 70.59473 ], [ 30.3230906, 70.5947797 ], [ 30.3233741, 70.5947689 ], [ 30.3240663, 70.5947213 ], [ 30.3244601, 70.5945858 ], [ 30.3246075, 70.5944716 ], [ 30.3240321, 70.594345 ], [ 30.3237197, 70.5942168 ], [ 30.3233777, 70.5939863 ], [ 30.323318, 70.5938339 ], [ 30.3234747, 70.5934283 ], [ 30.3235198, 70.5934313 ], [ 30.3235766, 70.5934563 ], [ 30.3236579, 70.5935644 ], [ 30.3236777, 70.5935689 ], [ 30.3237548, 70.5935691 ], [ 30.3240991, 70.5935449 ], [ 30.3243876, 70.5934731 ], [ 30.3243887, 70.5934341 ], [ 30.3243703, 70.5932688 ], [ 30.3242983, 70.5932372 ], [ 30.3234416, 70.5931533 ], [ 30.323127, 70.593177 ], [ 30.3230869, 70.5931777 ], [ 30.3230797, 70.5931699 ], [ 30.3230974, 70.5930775 ], [ 30.3230541, 70.5929125 ], [ 30.3229338, 70.5928202 ], [ 30.3231028, 70.5926802 ], [ 30.3231406, 70.5926772 ], [ 30.323301, 70.5926922 ], [ 30.32339, 70.5926922 ], [ 30.3234695, 70.592678 ], [ 30.3235357, 70.5926505 ], [ 30.3236442, 70.592558 ], [ 30.3236532, 70.592516 ], [ 30.3236487, 70.5924964 ], [ 30.3236243, 70.5924928 ], [ 30.3233514, 70.5925033 ], [ 30.3232368, 70.5925268 ], [ 30.3231089, 70.592525 ], [ 30.3228534, 70.5925011 ], [ 30.3228368, 70.5924775 ], [ 30.3228419, 70.5924613 ], [ 30.3229423, 70.5924467 ], [ 30.3231913, 70.5924286 ], [ 30.3235349, 70.5924338 ], [ 30.3235822, 70.5924183 ], [ 30.323625, 70.5923717 ], [ 30.3236486, 70.5923156 ], [ 30.3236428, 70.5921825 ], [ 30.3234797, 70.5919958 ], [ 30.3233456, 70.5919924 ], [ 30.3230299, 70.5920575 ], [ 30.3228898, 70.5920561 ], [ 30.3228889, 70.5919966 ], [ 30.3230524, 70.5919147 ], [ 30.3232722, 70.5918238 ], [ 30.3233002, 70.5917841 ], [ 30.3232941, 70.5917591 ], [ 30.3230871, 70.5917152 ], [ 30.3222528, 70.5916675 ], [ 30.3220225, 70.591675 ], [ 30.3211791, 70.5917416 ], [ 30.3208455, 70.5917268 ], [ 30.3203696, 70.5915692 ], [ 30.3203678, 70.591543 ], [ 30.3205999, 70.5914838 ], [ 30.3214009, 70.5913444 ], [ 30.3220637, 70.5911789 ], [ 30.3220619, 70.5911555 ], [ 30.3219928, 70.5911266 ], [ 30.3219434, 70.591123 ], [ 30.3214239, 70.5911252 ], [ 30.3209416, 70.5911375 ], [ 30.3212401, 70.5909769 ], [ 30.3214042, 70.5908628 ], [ 30.3207646, 70.5907822 ], [ 30.3206731, 70.5907905 ], [ 30.3204814, 70.5908244 ], [ 30.3204423, 70.5908397 ], [ 30.3203652, 70.5909115 ], [ 30.3202232, 70.5909455 ], [ 30.3197391, 70.5909944 ], [ 30.3197355, 70.5909783 ], [ 30.3200004, 70.5907919 ], [ 30.3200831, 70.5907069 ], [ 30.3196023, 70.5906083 ], [ 30.3194548, 70.5905866 ], [ 30.3193582, 70.5905783 ], [ 30.3189916, 70.5905824 ], [ 30.317979, 70.5907158 ], [ 30.3178859, 70.5907377 ], [ 30.3178124, 70.5907641 ], [ 30.3178019, 70.5907831 ], [ 30.3178137, 70.5908244 ], [ 30.3178783, 70.5908733 ], [ 30.3178813, 70.5908907 ], [ 30.3175825, 70.5910266 ], [ 30.3173533, 70.5910616 ], [ 30.3170646, 70.5910285 ], [ 30.3169508, 70.5910006 ], [ 30.3164986, 70.5908508 ], [ 30.316468, 70.590825 ], [ 30.3164655, 70.5907797 ], [ 30.3164873, 70.5907638 ], [ 30.3165505, 70.5907483 ], [ 30.3173994, 70.5905727 ], [ 30.3176415, 70.5905763 ], [ 30.3180193, 70.5904652 ], [ 30.3180695, 70.5904352 ], [ 30.3180851, 70.5904096 ], [ 30.3178852, 70.5900972 ], [ 30.3177917, 70.590054 ], [ 30.3174656, 70.5900167 ], [ 30.3171268, 70.5900147 ], [ 30.3168797, 70.5900547 ], [ 30.3165346, 70.5901533 ], [ 30.3163179, 70.5902718 ], [ 30.3159801, 70.5903647 ], [ 30.3158414, 70.5903793 ], [ 30.3156959, 70.5903805 ], [ 30.315606, 70.5903592 ], [ 30.3155659, 70.5903221 ], [ 30.3155661, 70.5902817 ], [ 30.3156848, 70.5901791 ], [ 30.3158624, 70.5901124 ], [ 30.3162293, 70.5900549 ], [ 30.3164114, 70.5900008 ], [ 30.3164622, 70.5899807 ], [ 30.3165395, 70.5898899 ], [ 30.3164419, 70.5898322 ], [ 30.3162561, 70.5898069 ], [ 30.3161509, 70.589805 ], [ 30.3160003, 70.5898097 ], [ 30.3151855, 70.5899402 ], [ 30.3151372, 70.589938 ], [ 30.3150892, 70.5898918 ], [ 30.3151024, 70.5898461 ], [ 30.3152499, 70.5897731 ], [ 30.3162624, 70.5896361 ], [ 30.3163833, 70.5896274 ], [ 30.3167909, 70.5895441 ], [ 30.3170314, 70.5894319 ], [ 30.3170158, 70.5893811 ], [ 30.3169844, 70.5893561 ], [ 30.3169317, 70.589336 ], [ 30.3169037, 70.5893358 ], [ 30.3163327, 70.5893855 ], [ 30.3154375, 70.5895339 ], [ 30.3153158, 70.5895072 ], [ 30.3152713, 70.5893974 ], [ 30.3152029, 70.5893483 ], [ 30.3146812, 70.589253 ], [ 30.3142081, 70.5890066 ], [ 30.3140698, 70.5889778 ], [ 30.3138916, 70.5889894 ], [ 30.3137123, 70.589061 ], [ 30.3135623, 70.5891622 ], [ 30.3134422, 70.5891994 ], [ 30.3132475, 70.5891969 ], [ 30.3130121, 70.5891041 ], [ 30.3130283, 70.5889446 ], [ 30.3131057, 70.5889263 ], [ 30.3134548, 70.5888727 ], [ 30.3134964, 70.5888755 ], [ 30.3135149, 70.588885 ], [ 30.3135336, 70.5889666 ], [ 30.3136928, 70.5889638 ], [ 30.3140792, 70.5887938 ], [ 30.3140701, 70.5887113 ], [ 30.3139788, 70.5886878 ], [ 30.3139052, 70.5886872 ], [ 30.3137553, 70.5887036 ], [ 30.3133379, 70.588766 ], [ 30.3132237, 70.5888193 ], [ 30.3129339, 70.5889052 ], [ 30.3125573, 70.589001 ], [ 30.3124537, 70.5890168 ], [ 30.3123633, 70.5889193 ], [ 30.3120876, 70.5888482 ], [ 30.311801, 70.588836 ], [ 30.3117268, 70.5888169 ], [ 30.3116029, 70.5887341 ], [ 30.3113739, 70.5885199 ], [ 30.3112038, 70.5883397 ], [ 30.3111407, 70.5882441 ], [ 30.3112025, 70.5881852 ], [ 30.3112813, 70.5881591 ], [ 30.3115754, 70.5881139 ], [ 30.3118184, 70.5881057 ], [ 30.3121179, 70.5881224 ], [ 30.3121365, 70.5880821 ], [ 30.3120553, 70.5878886 ], [ 30.3119586, 70.5878469 ], [ 30.3114827, 70.5877504 ], [ 30.3114082, 70.5877452 ], [ 30.3112744, 70.5877758 ], [ 30.3109991, 70.5877913 ], [ 30.3107232, 70.5877874 ], [ 30.3107109, 70.5877127 ], [ 30.3106178, 70.5876988 ], [ 30.3105416, 70.587705 ], [ 30.3098946, 70.5878044 ], [ 30.3097988, 70.5878285 ], [ 30.3096974, 70.5878743 ], [ 30.3095579, 70.587878 ], [ 30.3092676, 70.5876216 ], [ 30.3088506, 70.5874516 ], [ 30.3085911, 70.5873763 ], [ 30.3085165, 70.5873331 ], [ 30.3082012, 70.5868743 ], [ 30.3081294, 70.586715 ], [ 30.3081401, 70.5865997 ], [ 30.3082379, 70.5864489 ], [ 30.3083314, 70.5863921 ], [ 30.3086679, 70.5863347 ], [ 30.308829, 70.5863335 ], [ 30.3088652, 70.5863388 ], [ 30.3089291, 70.5863672 ], [ 30.3090634, 70.5864455 ], [ 30.3092285, 70.5864449 ], [ 30.3097437, 70.5864116 ], [ 30.3101472, 70.5863608 ], [ 30.3102566, 70.5863385 ], [ 30.310287, 70.5863241 ], [ 30.3107063, 70.5860547 ], [ 30.3106788, 70.5859982 ], [ 30.3105618, 70.5859371 ], [ 30.3104507, 70.5859222 ], [ 30.3102355, 70.585928 ], [ 30.3098409, 70.5859666 ], [ 30.308795, 70.5861769 ], [ 30.3084674, 70.5862089 ], [ 30.3083812, 70.5862072 ], [ 30.3083585, 70.5861243 ], [ 30.308388, 70.5860727 ], [ 30.3084987, 70.5860391 ], [ 30.3089848, 70.5859427 ], [ 30.309151, 70.5858927 ], [ 30.3096281, 70.5856599 ], [ 30.3100821, 70.5854952 ], [ 30.3100896, 70.5854835 ], [ 30.3100318, 70.5854683 ], [ 30.3095058, 70.5854605 ], [ 30.3087823, 70.5855516 ], [ 30.3086912, 70.5855733 ], [ 30.3085926, 70.5856289 ], [ 30.3084832, 70.5856405 ], [ 30.3079617, 70.5856452 ], [ 30.3079361, 70.5856419 ], [ 30.3079266, 70.58563 ], [ 30.307945, 70.5855866 ], [ 30.3079866, 70.5855629 ], [ 30.3081592, 70.5855263 ], [ 30.3084232, 70.5854974 ], [ 30.3089336, 70.5854858 ], [ 30.3091624, 70.5854672 ], [ 30.3094504, 70.5853927 ], [ 30.3095311, 70.5853067 ], [ 30.3095287, 70.5852252 ], [ 30.3095102, 70.5852133 ], [ 30.3091416, 70.5851499 ], [ 30.3089448, 70.5851532 ], [ 30.3087145, 70.5851813 ], [ 30.3085935, 70.585188 ], [ 30.3084605, 70.5851917 ], [ 30.3084071, 70.5851858 ], [ 30.3083723, 70.5851238 ], [ 30.3084777, 70.5850227 ], [ 30.3087015, 70.5848693 ], [ 30.3087603, 70.5848605 ], [ 30.3088138, 70.584863 ], [ 30.3090064, 70.5848953 ], [ 30.3091941, 70.584905 ], [ 30.3093942, 70.5849041 ], [ 30.3097349, 70.5848732 ], [ 30.3103504, 70.584707 ], [ 30.3109221, 70.5845128 ], [ 30.3109774, 70.5844175 ], [ 30.310966, 70.5843907 ], [ 30.3109279, 70.5843777 ], [ 30.3108169, 70.5843605 ], [ 30.3103216, 70.5843136 ], [ 30.3101597, 70.584318 ], [ 30.3085037, 70.5845445 ], [ 30.3081315, 70.5846191 ], [ 30.3078176, 70.5846602 ], [ 30.3076135, 70.5846841 ], [ 30.3074246, 70.584674 ], [ 30.3073603, 70.584658 ], [ 30.3073669, 70.5846461 ], [ 30.3076725, 70.5844746 ], [ 30.3078774, 70.5843953 ], [ 30.3079607, 70.5842524 ], [ 30.3076197, 70.5841071 ], [ 30.3074974, 70.584071 ], [ 30.3073446, 70.584071 ], [ 30.3072648, 70.58409 ], [ 30.3071593, 70.5841327 ], [ 30.3071076, 70.5841908 ], [ 30.306823, 70.5843319 ], [ 30.306537, 70.5844024 ], [ 30.3064646, 70.5844114 ], [ 30.3058928, 70.5844174 ], [ 30.3058396, 70.5842466 ], [ 30.3058501, 70.5841158 ], [ 30.3058149, 70.5841111 ], [ 30.3053927, 70.584113 ], [ 30.3053239, 70.5841194 ], [ 30.305183, 70.584149 ], [ 30.3049113, 70.5841817 ], [ 30.3047671, 70.5841955 ], [ 30.3046751, 70.5841963 ], [ 30.3050904, 70.5840719 ], [ 30.3055967, 70.5839911 ], [ 30.305781, 70.583996 ], [ 30.3059159, 70.5839911 ], [ 30.3059987, 70.5839785 ], [ 30.3060518, 70.583949 ], [ 30.3060685, 70.5839102 ], [ 30.3052743, 70.5838357 ], [ 30.3044136, 70.5838746 ], [ 30.304079, 70.5838797 ], [ 30.3040521, 70.5837836 ], [ 30.3035197, 70.5836753 ], [ 30.3027127, 70.5836829 ], [ 30.3025216, 70.583693 ], [ 30.3014626, 70.5837919 ], [ 30.300801, 70.5838691 ], [ 30.3004121, 70.5838689 ], [ 30.3001372, 70.583721 ], [ 30.3000452, 70.5836335 ], [ 30.3000422, 70.5836068 ], [ 30.3000734, 70.583568 ], [ 30.3002768, 70.5835039 ], [ 30.3002713, 70.5834188 ], [ 30.3000152, 70.583435 ], [ 30.2999566, 70.5834431 ], [ 30.2996941, 70.5834793 ], [ 30.2995308, 70.5835108 ], [ 30.299325, 70.5835744 ], [ 30.2992268, 70.5835636 ], [ 30.2992092, 70.5835527 ], [ 30.2992343, 70.58353 ], [ 30.2997791, 70.5833719 ], [ 30.299786, 70.5833396 ], [ 30.2996987, 70.5833269 ], [ 30.2982354, 70.5831794 ], [ 30.2981056, 70.583176 ], [ 30.2979211, 70.5831924 ], [ 30.297517, 70.5832841 ], [ 30.2974603, 70.5832871 ], [ 30.297383, 70.5832243 ], [ 30.2973661, 70.5831657 ], [ 30.2971016, 70.5831114 ], [ 30.2962444, 70.5830625 ], [ 30.2957506, 70.5830142 ], [ 30.2956821, 70.5829852 ], [ 30.2955348, 70.5829647 ], [ 30.2951464, 70.5829297 ], [ 30.2949594, 70.5829639 ], [ 30.2942546, 70.5830505 ], [ 30.294194, 70.5830527 ], [ 30.2940644, 70.5830419 ], [ 30.2940065, 70.5829993 ], [ 30.2940126, 70.5829711 ], [ 30.2940469, 70.582956 ], [ 30.2941179, 70.5829427 ], [ 30.2943087, 70.5829188 ], [ 30.2943517, 70.582901 ], [ 30.2941309, 70.5828046 ], [ 30.293967, 70.5828061 ], [ 30.2934746, 70.5828383 ], [ 30.2929829, 70.5827096 ], [ 30.2925474, 70.5825613 ], [ 30.2925278, 70.5825199 ], [ 30.2925725, 70.5824241 ], [ 30.2927437, 70.5823324 ], [ 30.292715, 70.58221 ], [ 30.2926944, 70.5821994 ], [ 30.2926067, 70.5821907 ], [ 30.2924878, 70.5821908 ], [ 30.2921087, 70.5822622 ], [ 30.2918974, 70.5823186 ], [ 30.2918423, 70.5823777 ], [ 30.291777, 70.5823783 ], [ 30.2916222, 70.5823625 ], [ 30.2913741, 70.5823116 ], [ 30.2908401, 70.5821563 ], [ 30.2907222, 70.5819549 ], [ 30.2907407, 70.5819143 ], [ 30.2907847, 70.5818813 ], [ 30.2909717, 70.5818311 ], [ 30.2911693, 70.5818038 ], [ 30.2914868, 70.5816952 ], [ 30.2914783, 70.5816627 ], [ 30.2914187, 70.5816476 ], [ 30.2912897, 70.5816497 ], [ 30.2907448, 70.5816835 ], [ 30.2903567, 70.5817158 ], [ 30.2901606, 70.5817461 ], [ 30.2899111, 70.581803 ], [ 30.2898915, 70.5818177 ], [ 30.2898488, 70.5819161 ], [ 30.2900224, 70.5819441 ], [ 30.2900194, 70.5819577 ], [ 30.2899822, 70.5819702 ], [ 30.2898464, 70.5819913 ], [ 30.2894951, 70.5820385 ], [ 30.2893196, 70.5820249 ], [ 30.2889864, 70.5819663 ], [ 30.288688, 70.5818446 ], [ 30.2884938, 70.5817485 ], [ 30.2884293, 70.5817082 ], [ 30.2884223, 70.5816902 ], [ 30.2884144, 70.5815627 ], [ 30.2884463, 70.5815244 ], [ 30.2887626, 70.5813529 ], [ 30.2891773, 70.5812016 ], [ 30.2892765, 70.5811199 ], [ 30.289288, 70.5810346 ], [ 30.2892158, 70.5810341 ], [ 30.2887352, 70.5811316 ], [ 30.2884524, 70.5812002 ], [ 30.288354, 70.5812486 ], [ 30.288331, 70.5812474 ], [ 30.2881301, 70.5811524 ], [ 30.2878205, 70.5809532 ], [ 30.2877012, 70.5808035 ], [ 30.2875328, 70.5803882 ], [ 30.2872261, 70.5802493 ], [ 30.2875363, 70.5801527 ], [ 30.2878695, 70.5800808 ], [ 30.2879002, 70.5800224 ], [ 30.287131, 70.5800472 ], [ 30.2869313, 70.5800377 ], [ 30.2868243, 70.5800241 ], [ 30.2865058, 70.5797944 ], [ 30.2863377, 70.5795551 ], [ 30.2863628, 70.5794169 ], [ 30.2864059, 70.5793824 ], [ 30.2865432, 70.5793314 ], [ 30.2866631, 70.5793008 ], [ 30.2872292, 70.5792883 ], [ 30.2874819, 70.5792555 ], [ 30.2878424, 70.5791488 ], [ 30.2879576, 70.5791185 ], [ 30.288301, 70.5789957 ], [ 30.288485, 70.5789549 ], [ 30.2890354, 70.5789011 ], [ 30.2890776, 70.5788758 ], [ 30.2892805, 70.5785666 ], [ 30.2890989, 70.5785043 ], [ 30.2882702, 70.5784991 ], [ 30.2882753, 70.5784788 ], [ 30.28896, 70.5784177 ], [ 30.2895316, 70.5783283 ], [ 30.2896538, 70.578285 ], [ 30.2898831, 70.5781481 ], [ 30.2900653, 70.5779535 ], [ 30.2901953, 70.577776 ], [ 30.2901742, 70.5777174 ], [ 30.2900894, 70.5776466 ], [ 30.2900476, 70.5776301 ], [ 30.2895393, 70.5775049 ], [ 30.287504, 70.5775297 ], [ 30.2869079, 70.5775588 ], [ 30.2868363, 70.5775569 ], [ 30.2867267, 70.5775199 ], [ 30.2867095, 70.5774974 ], [ 30.2867185, 70.577436 ], [ 30.2868326, 70.5772866 ], [ 30.2868687, 70.5772777 ], [ 30.2871715, 70.5772722 ], [ 30.2875568, 70.5772508 ], [ 30.2882771, 70.5771244 ], [ 30.2883442, 70.5770844 ], [ 30.2883675, 70.5770053 ], [ 30.2871396, 70.576928 ], [ 30.2866349, 70.5768808 ], [ 30.2866391, 70.5768572 ], [ 30.2869576, 70.5767205 ], [ 30.2875552, 70.5766694 ], [ 30.2877488, 70.5765325 ], [ 30.2877978, 70.5763772 ], [ 30.287703, 70.576238 ], [ 30.2872434, 70.5760772 ], [ 30.286824, 70.5760696 ], [ 30.2865412, 70.5760802 ], [ 30.2860251, 70.5761324 ], [ 30.2857535, 70.5761521 ], [ 30.2850029, 70.5761366 ], [ 30.2846777, 70.5760713 ], [ 30.2844396, 70.5759558 ], [ 30.2844415, 70.575936 ], [ 30.2845227, 70.5759127 ], [ 30.2849804, 70.5758238 ], [ 30.2852306, 70.5757847 ], [ 30.2852892, 70.5757433 ], [ 30.2852268, 70.5757193 ], [ 30.2848815, 70.575711 ], [ 30.2845891, 70.5757544 ], [ 30.2845299, 70.5757552 ], [ 30.284129, 70.5757211 ], [ 30.2840365, 70.5756875 ], [ 30.2839484, 70.5756392 ], [ 30.2839531, 70.5756285 ], [ 30.2841633, 70.5756171 ], [ 30.2846012, 70.5756132 ], [ 30.284777, 70.5755933 ], [ 30.2848197, 70.575574 ], [ 30.2848367, 70.575543 ], [ 30.2841029, 70.5755305 ], [ 30.2839242, 70.5755152 ], [ 30.2840737, 70.5754477 ], [ 30.2846027, 70.5754005 ], [ 30.2849388, 70.5753477 ], [ 30.284902, 70.5752766 ], [ 30.2848773, 70.5752683 ], [ 30.2847729, 70.5752677 ], [ 30.2847352, 70.5752727 ], [ 30.2846854, 70.5752972 ], [ 30.2830978, 70.5753188 ], [ 30.2831101, 70.5752997 ], [ 30.2834068, 70.5752146 ], [ 30.2839533, 70.575128 ], [ 30.2840715, 70.5749621 ], [ 30.2836627, 70.5749721 ], [ 30.2829699, 70.5750158 ], [ 30.2829603, 70.5749691 ], [ 30.2830779, 70.5748883 ], [ 30.2830549, 70.5748797 ], [ 30.2829482, 70.5748871 ], [ 30.2826663, 70.5749269 ], [ 30.2821786, 70.5749627 ], [ 30.2818266, 70.5749652 ], [ 30.281831, 70.5749491 ], [ 30.2819268, 70.5749139 ], [ 30.2823616, 70.5748394 ], [ 30.2826938, 70.5747737 ], [ 30.2827415, 70.574758 ], [ 30.2827649, 70.5746347 ], [ 30.2826384, 70.5745719 ], [ 30.2824474, 70.5745174 ], [ 30.2823222, 70.5745121 ], [ 30.2816237, 70.574528 ], [ 30.2802739, 70.5746116 ], [ 30.2799992, 70.5746122 ], [ 30.2800752, 70.5745414 ], [ 30.2801247, 70.5745241 ], [ 30.2808221, 70.5744688 ], [ 30.280825, 70.5744621 ], [ 30.2807815, 70.5744496 ], [ 30.2798526, 70.5743877 ], [ 30.2797736, 70.5743705 ], [ 30.2797831, 70.5743589 ], [ 30.2798806, 70.5743308 ], [ 30.2801953, 70.5742805 ], [ 30.2804677, 70.5742591 ], [ 30.2808699, 70.5741919 ], [ 30.2808991, 70.574168 ], [ 30.2807915, 70.5741322 ], [ 30.2803077, 70.5741408 ], [ 30.2797649, 70.5741702 ], [ 30.2796078, 70.5742011 ], [ 30.2795037, 70.5742127 ], [ 30.2791264, 70.5742466 ], [ 30.2790798, 70.5742433 ], [ 30.2788959, 70.574113 ], [ 30.2789848, 70.5740138 ], [ 30.2790671, 70.5739375 ], [ 30.2790714, 70.573888 ], [ 30.2786715, 70.5737949 ], [ 30.2780066, 70.5738635 ], [ 30.2779552, 70.5738616 ], [ 30.2778326, 70.5738302 ], [ 30.27782, 70.5737752 ], [ 30.2778337, 70.5737621 ], [ 30.2779149, 70.5737457 ], [ 30.2782065, 70.5737158 ], [ 30.2784908, 70.5736638 ], [ 30.2783382, 70.573656 ], [ 30.2781346, 70.5736594 ], [ 30.2777847, 70.5736924 ], [ 30.2772925, 70.5737163 ], [ 30.2766189, 70.5737207 ], [ 30.2766227, 70.573708 ], [ 30.2768447, 70.5736082 ], [ 30.2759513, 70.5735863 ], [ 30.274978, 70.5736661 ], [ 30.2742643, 70.573316 ], [ 30.2744664, 70.5731922 ], [ 30.2746231, 70.5731491 ], [ 30.2748188, 70.5731194 ], [ 30.2748214, 70.5731113 ], [ 30.2747008, 70.5730869 ], [ 30.2742361, 70.5730522 ], [ 30.2740544, 70.5730479 ], [ 30.2736905, 70.5730594 ], [ 30.2735293, 70.5730766 ], [ 30.273383, 70.5731213 ], [ 30.2726401, 70.5731583 ], [ 30.2720688, 70.573173 ], [ 30.2721556, 70.5731366 ], [ 30.2725447, 70.5730758 ], [ 30.2728247, 70.5730466 ], [ 30.2729505, 70.5730222 ], [ 30.2727874, 70.5729139 ], [ 30.2722004, 70.5729227 ], [ 30.2716087, 70.5729658 ], [ 30.2713917, 70.5729644 ], [ 30.2714331, 70.572938 ], [ 30.2717729, 70.5729002 ], [ 30.2719789, 70.5728466 ], [ 30.2717389, 70.5727041 ], [ 30.271522, 70.5727062 ], [ 30.2710535, 70.572741 ], [ 30.2707066, 70.572753 ], [ 30.2705513, 70.5726993 ], [ 30.2703226, 70.5726963 ], [ 30.2701016, 70.5727216 ], [ 30.2699856, 70.5727854 ], [ 30.2695963, 70.5727891 ], [ 30.2694661, 70.5727666 ], [ 30.2690409, 70.5726155 ], [ 30.2685482, 70.5724733 ], [ 30.2679605, 70.5724722 ], [ 30.2676289, 70.5724905 ], [ 30.2674612, 70.5725267 ], [ 30.2672629, 70.5725347 ], [ 30.2667579, 70.5724628 ], [ 30.2661735, 70.5723155 ], [ 30.2657345, 70.5723422 ], [ 30.2654819, 70.5723388 ], [ 30.2648961, 70.572238 ], [ 30.2645522, 70.5721355 ], [ 30.2636291, 70.571941 ], [ 30.263183, 70.571908 ], [ 30.2629685, 70.5719029 ], [ 30.2624191, 70.571923 ], [ 30.261844, 70.5719626 ], [ 30.2609906, 70.5720741 ], [ 30.2604087, 70.5721414 ], [ 30.2590465, 70.5722732 ], [ 30.2586395, 70.5722993 ], [ 30.258156, 70.5723105 ], [ 30.2574904, 70.5723018 ], [ 30.2558382, 70.572154 ], [ 30.2552407, 70.572086 ], [ 30.2539228, 70.5719044 ], [ 30.2533274, 70.5718305 ], [ 30.2528874, 70.5717888 ], [ 30.2523426, 70.5717141 ], [ 30.2512128, 70.5714452 ], [ 30.250399, 70.5712633 ], [ 30.2499579, 70.5711788 ], [ 30.2499517, 70.5711777 ], [ 30.2493642, 70.5710616 ], [ 30.2491706, 70.5710046 ], [ 30.2488774, 70.5709607 ], [ 30.2483353, 70.5709149 ], [ 30.2477143, 70.5709108 ], [ 30.2467, 70.5707916 ], [ 30.2463281, 70.5707351 ], [ 30.2437385, 70.5704424 ], [ 30.2429273, 70.5703843 ], [ 30.2427766, 70.5703513 ], [ 30.2426226, 70.5702652 ], [ 30.2426578, 70.5702189 ], [ 30.2426441, 70.5701146 ], [ 30.242544, 70.5700877 ], [ 30.2423653, 70.570089 ], [ 30.2422985, 70.5701027 ], [ 30.2422869, 70.570121 ], [ 30.2423651, 70.5704207 ], [ 30.24235, 70.5704299 ], [ 30.2422911, 70.5704379 ], [ 30.2411731, 70.5704685 ], [ 30.2393844, 70.5706044 ], [ 30.2384435, 70.5706063 ], [ 30.2373249, 70.5706441 ], [ 30.2363793, 70.5706874 ], [ 30.234867, 70.5708202 ], [ 30.2341712, 70.5708943 ], [ 30.2338904, 70.5709332 ], [ 30.233419, 70.5710422 ], [ 30.2318988, 70.5713199 ], [ 30.2315624, 70.5713594 ], [ 30.2309425, 70.5714077 ], [ 30.2306105, 70.5714136 ], [ 30.2303677, 70.5714054 ], [ 30.2291254, 70.571271 ], [ 30.2289821, 70.5712523 ], [ 30.22876, 70.5712398 ], [ 30.2283624, 70.5712444 ], [ 30.2281997, 70.571217 ], [ 30.2280476, 70.5711574 ], [ 30.2279554, 70.5710989 ], [ 30.2279354, 70.5710219 ], [ 30.2277754, 70.5709818 ], [ 30.2275105, 70.5709444 ], [ 30.2271854, 70.5708777 ], [ 30.2266448, 70.5707558 ], [ 30.2255457, 70.5704049 ], [ 30.2250231, 70.5702052 ], [ 30.2245422, 70.5700058 ], [ 30.223636, 70.5695907 ], [ 30.2226054, 70.5690597 ], [ 30.2212996, 70.5681963 ], [ 30.2209816, 70.5679602 ], [ 30.2209658, 70.5678077 ], [ 30.2209866, 70.5676741 ], [ 30.2210552, 70.5676474 ], [ 30.2210136, 70.5674187 ], [ 30.2207846, 70.567261 ], [ 30.220467, 70.5671469 ], [ 30.2202582, 70.5671138 ], [ 30.2198103, 70.5671134 ], [ 30.2196006, 70.567096 ], [ 30.2192219, 70.5670237 ], [ 30.2187498, 70.5668374 ], [ 30.2185558, 70.5667207 ], [ 30.2184249, 70.5665885 ], [ 30.2183458, 70.5664255 ], [ 30.2183453, 70.5663691 ], [ 30.2184622, 70.5659461 ], [ 30.2184969, 70.5659408 ], [ 30.218909, 70.5659382 ], [ 30.2190517, 70.5658902 ], [ 30.219291, 70.5657641 ], [ 30.2192885, 70.565731 ], [ 30.2192347, 70.5656788 ], [ 30.2191806, 70.5656549 ], [ 30.219114, 70.5656421 ], [ 30.2187632, 70.5656416 ], [ 30.2180834, 70.5655946 ], [ 30.2174246, 70.5655066 ], [ 30.2172716, 70.5654399 ], [ 30.2164894, 70.5653294 ], [ 30.2159528, 70.5652777 ], [ 30.2157171, 70.5652043 ], [ 30.2157114, 70.565194 ], [ 30.2157586, 70.5651669 ], [ 30.2158993, 70.5651522 ], [ 30.2159059, 70.5651323 ], [ 30.2158772, 70.5651116 ], [ 30.2155653, 70.5650874 ], [ 30.2150377, 70.5650669 ], [ 30.2144585, 70.5647913 ], [ 30.2144674, 70.5647654 ], [ 30.2145236, 70.5647413 ], [ 30.2145828, 70.564738 ], [ 30.2152456, 70.5647457 ], [ 30.2153987, 70.5647104 ], [ 30.215656, 70.5646149 ], [ 30.2156518, 70.5646079 ], [ 30.2156129, 70.5645977 ], [ 30.2153356, 70.5645702 ], [ 30.214578, 70.564526 ], [ 30.2139791, 70.5645574 ], [ 30.2139014, 70.5645562 ], [ 30.2136976, 70.5645357 ], [ 30.2133742, 70.564466 ], [ 30.2131668, 70.5643938 ], [ 30.2125347, 70.5641321 ], [ 30.21244, 70.5640796 ], [ 30.2123568, 70.5640118 ], [ 30.2123763, 70.5639688 ], [ 30.2123403, 70.5638602 ], [ 30.2120746, 70.563536 ], [ 30.2120466, 70.5635305 ], [ 30.212031, 70.5634121 ], [ 30.212059, 70.5633194 ], [ 30.2126341, 70.5629554 ], [ 30.2129595, 70.5627929 ], [ 30.2130771, 70.562776 ], [ 30.2136695, 70.562751 ], [ 30.2138538, 70.5627476 ], [ 30.2142633, 70.562764 ], [ 30.2144105, 70.5627621 ], [ 30.2145924, 70.562733 ], [ 30.2145956, 70.5626725 ], [ 30.2145704, 70.5626102 ], [ 30.214058, 70.5624515 ], [ 30.214081, 70.5624252 ], [ 30.214122, 70.5624105 ], [ 30.2144253, 70.5623941 ], [ 30.2147588, 70.5623863 ], [ 30.2147826, 70.562376 ], [ 30.2147773, 70.5623568 ], [ 30.2144224, 70.5621674 ], [ 30.2142151, 70.5621538 ], [ 30.2141433, 70.5621416 ], [ 30.2138684, 70.5620732 ], [ 30.213841, 70.5620413 ], [ 30.2138533, 70.5619418 ], [ 30.2139465, 70.5618371 ], [ 30.2141554, 70.5616621 ], [ 30.2144417, 70.5615629 ], [ 30.2148723, 70.5614972 ], [ 30.2161248, 70.5615513 ], [ 30.2163614, 70.5615529 ], [ 30.2165217, 70.561504 ], [ 30.2173386, 70.5615635 ], [ 30.2174314, 70.5615635 ], [ 30.2175238, 70.5615491 ], [ 30.2175412, 70.56153 ], [ 30.2175128, 70.5615172 ], [ 30.2173188, 70.5614627 ], [ 30.2171449, 70.5614414 ], [ 30.2167564, 70.5614421 ], [ 30.216301, 70.5613868 ], [ 30.2163642, 70.5613636 ], [ 30.2165744, 70.5613168 ], [ 30.2166364, 70.5613147 ], [ 30.2168836, 70.5613171 ], [ 30.2170622, 70.5613272 ], [ 30.2170905, 70.5613402 ], [ 30.2171533, 70.5613502 ], [ 30.2175382, 70.5613636 ], [ 30.2179492, 70.561358 ], [ 30.2180619, 70.56134 ], [ 30.2181462, 70.5612852 ], [ 30.2181513, 70.5612652 ], [ 30.2174811, 70.5609738 ], [ 30.2169288, 70.560966 ], [ 30.2168811, 70.5609641 ], [ 30.2168762, 70.5609505 ], [ 30.2169272, 70.5609341 ], [ 30.2176951, 70.5608135 ], [ 30.2183053, 70.5607696 ], [ 30.2186814, 70.5606496 ], [ 30.2186971, 70.5605438 ], [ 30.2187132, 70.5605375 ], [ 30.2191234, 70.5604888 ], [ 30.2196987, 70.5604888 ], [ 30.2197196, 70.5604677 ], [ 30.2196991, 70.5601977 ], [ 30.2195901, 70.5601899 ], [ 30.2192684, 70.560185 ], [ 30.2196022, 70.5601046 ], [ 30.2201023, 70.5601055 ], [ 30.2205548, 70.560083 ], [ 30.2211446, 70.5600349 ], [ 30.2211999, 70.5600218 ], [ 30.221564, 70.5598458 ], [ 30.2216027, 70.559786 ], [ 30.2215681, 70.5597688 ], [ 30.2212336, 70.5597246 ], [ 30.2207481, 70.5595936 ], [ 30.220342, 70.5593722 ], [ 30.2203484, 70.5593632 ], [ 30.2204608, 70.5593574 ], [ 30.2204876, 70.5593265 ], [ 30.220459, 70.559211 ], [ 30.2196904, 70.5588418 ], [ 30.2196053, 70.5588291 ], [ 30.2195107, 70.5588313 ], [ 30.2194516, 70.5588452 ], [ 30.2193773, 70.5588044 ], [ 30.2193885, 70.5587324 ], [ 30.2195187, 70.5586624 ], [ 30.2197314, 70.5585791 ], [ 30.2199103, 70.5585694 ], [ 30.2200126, 70.5585085 ], [ 30.2200534, 70.5584699 ], [ 30.220034, 70.5584079 ], [ 30.2198587, 70.558309 ], [ 30.2199696, 70.558251 ], [ 30.2203644, 70.5582215 ], [ 30.2206563, 70.5581818 ], [ 30.2212616, 70.5579535 ], [ 30.2213821, 70.557881 ], [ 30.221393, 70.5578591 ], [ 30.2213813, 70.5578393 ], [ 30.2212016, 70.557766 ], [ 30.2212053, 70.5577427 ], [ 30.2215849, 70.5576616 ], [ 30.221899, 70.5576816 ], [ 30.2221952, 70.5576866 ], [ 30.222231, 70.5576813 ], [ 30.2222393, 70.5576543 ], [ 30.2221991, 70.5576204 ], [ 30.2221389, 70.5575998 ], [ 30.2219644, 70.5575824 ], [ 30.2217499, 70.5575721 ], [ 30.2215239, 70.5575716 ], [ 30.2222189, 70.5575243 ], [ 30.2224602, 70.5575185 ], [ 30.2225403, 70.5575099 ], [ 30.2226028, 70.5574952 ], [ 30.2229594, 70.5573432 ], [ 30.2229857, 70.5573091 ], [ 30.2229874, 70.5572588 ], [ 30.2226852, 70.556818 ], [ 30.222519, 70.5567132 ], [ 30.2222804, 70.5566449 ], [ 30.2220541, 70.5566096 ], [ 30.2218391, 70.5564835 ], [ 30.2218063, 70.5563935 ], [ 30.2216404, 70.5562899 ], [ 30.2214413, 70.5561863 ], [ 30.2213293, 70.5561638 ], [ 30.2194984, 70.555948 ], [ 30.2188913, 70.5559088 ], [ 30.2176549, 70.5558657 ], [ 30.2171038, 70.5558521 ], [ 30.2166467, 70.5558588 ], [ 30.2152194, 70.5557629 ], [ 30.2149183, 70.555754 ], [ 30.2150088, 70.5557098 ], [ 30.2150158, 70.5556955 ], [ 30.2143729, 70.5556499 ], [ 30.2138642, 70.5556371 ], [ 30.2133481, 70.555661 ], [ 30.2133455, 70.5555763 ], [ 30.2130907, 70.5554826 ], [ 30.2130544, 70.5554783 ], [ 30.2128879, 70.5554727 ], [ 30.2127863, 70.5554785 ], [ 30.2121546, 70.5555316 ], [ 30.2120328, 70.5555913 ], [ 30.2118485, 70.5555921 ], [ 30.2117478, 70.5555777 ], [ 30.2116773, 70.5555527 ], [ 30.2115189, 70.5554447 ], [ 30.2112972, 70.5552613 ], [ 30.21122, 70.5551796 ], [ 30.2112085, 70.5551108 ], [ 30.211965, 70.5550655 ], [ 30.2120638, 70.555046 ], [ 30.2120797, 70.5550268 ], [ 30.2120671, 70.5547188 ], [ 30.2120447, 70.554666 ], [ 30.2119248, 70.554563 ], [ 30.2116864, 70.5545071 ], [ 30.2111416, 70.5542649 ], [ 30.2110725, 70.5541813 ], [ 30.2111068, 70.5541679 ], [ 30.2111198, 70.5541385 ], [ 30.2110947, 70.5540843 ], [ 30.2110035, 70.5539902 ], [ 30.2106547, 70.5539082 ], [ 30.2103218, 70.5538071 ], [ 30.2101581, 70.553744 ], [ 30.2103111, 70.5536946 ], [ 30.210374, 70.553694 ], [ 30.2104959, 70.5536169 ], [ 30.2104963, 70.5535932 ], [ 30.2101946, 70.5534321 ], [ 30.21006, 70.5533946 ], [ 30.2099359, 70.5533743 ], [ 30.2092147, 70.553311 ], [ 30.2086581, 70.5532818 ], [ 30.207952, 70.5532005 ], [ 30.2074976, 70.5531393 ], [ 30.2068977, 70.5530441 ], [ 30.2060658, 70.5529549 ], [ 30.205741, 70.5529457 ], [ 30.2049458, 70.5529516 ], [ 30.2042634, 70.5529046 ], [ 30.2040474, 70.5528674 ], [ 30.2036001, 70.5528241 ], [ 30.2007931, 70.5527896 ], [ 30.2006432, 70.5528282 ], [ 30.2003484, 70.5528446 ], [ 30.1999592, 70.5528452 ], [ 30.1995846, 70.5528457 ], [ 30.198765, 70.552829 ], [ 30.1983829, 70.5527732 ], [ 30.197847, 70.5527591 ], [ 30.1965121, 70.5528074 ], [ 30.1958405, 70.5528557 ], [ 30.1952133, 70.552754 ], [ 30.1949876, 70.5527377 ], [ 30.1946874, 70.5527327 ], [ 30.1946162, 70.552734 ], [ 30.1946434, 70.5527604 ], [ 30.1947261, 70.5527984 ], [ 30.1945938, 70.5528524 ], [ 30.1940014, 70.5527924 ], [ 30.1933672, 70.5527869 ], [ 30.1929567, 70.5527619 ], [ 30.1927667, 70.5527443 ], [ 30.1923479, 70.5526548 ], [ 30.1917859, 70.5526463 ], [ 30.1910062, 70.5524574 ], [ 30.1906667, 70.5523551 ], [ 30.1902794, 70.5522196 ], [ 30.1901492, 70.552191 ], [ 30.1900001, 70.5521726 ], [ 30.1894653, 70.5521313 ], [ 30.1884633, 70.552063 ], [ 30.1881706, 70.5520529 ], [ 30.1862829, 70.5521222 ], [ 30.1860713, 70.5521507 ], [ 30.1859528, 70.5521751 ], [ 30.1850607, 70.5521652 ], [ 30.1840792, 70.5520852 ], [ 30.18376, 70.552046 ], [ 30.1834175, 70.5520166 ], [ 30.1827171, 70.5519777 ], [ 30.1824236, 70.5519641 ], [ 30.1822506, 70.5519632 ], [ 30.1820065, 70.5519693 ], [ 30.1816117, 70.551996 ], [ 30.1813802, 70.5519879 ], [ 30.1799702, 70.5518929 ], [ 30.1779514, 70.5516904 ], [ 30.1769521, 70.5515479 ], [ 30.1762005, 70.5513838 ], [ 30.1759448, 70.5513163 ], [ 30.1749365, 70.5509883 ], [ 30.1741757, 70.5507641 ], [ 30.1735238, 70.5506477 ], [ 30.1731556, 70.5506146 ], [ 30.1722992, 70.5504291 ], [ 30.1722071, 70.5503985 ], [ 30.1721876, 70.5503832 ], [ 30.1714504, 70.5501432 ], [ 30.1696753, 70.5500726 ], [ 30.1690929, 70.5500004 ], [ 30.1690103, 70.5499902 ], [ 30.166963, 70.5499801 ], [ 30.1666422, 70.5499944 ], [ 30.1665946, 70.5500004 ], [ 30.1665101, 70.5500112 ], [ 30.1663546, 70.5500199 ], [ 30.1653786, 70.5500005 ], [ 30.1643389, 70.549925 ], [ 30.1639907, 70.5498802 ], [ 30.1634306, 70.5498251 ], [ 30.1625824, 70.5497682 ], [ 30.1617944, 70.5496601 ], [ 30.1616403, 70.5496266 ], [ 30.1607221, 70.5496331 ], [ 30.1601237, 70.5496516 ], [ 30.1600661, 70.5496262 ], [ 30.15953, 70.549636 ], [ 30.1593863, 70.5496463 ], [ 30.1592184, 70.5496782 ], [ 30.1589686, 70.5497095 ], [ 30.1582045, 70.5497193 ], [ 30.1578632, 70.5497057 ], [ 30.1571911, 70.5496266 ], [ 30.1568923, 70.5495577 ], [ 30.1567176, 70.5495268 ], [ 30.1565064, 70.5495021 ], [ 30.1559856, 70.5494777 ], [ 30.1558021, 70.5495227 ], [ 30.1557269, 70.5495232 ], [ 30.1554422, 70.5494837 ], [ 30.1551781, 70.5494243 ], [ 30.1550697, 70.5494089 ], [ 30.1543165, 70.5493632 ], [ 30.1536269, 70.5492983 ], [ 30.1530615, 70.5492363 ], [ 30.1528912, 70.5492256 ], [ 30.1515423, 70.5492498 ], [ 30.1512202, 70.5492616 ], [ 30.1511052, 70.549274 ], [ 30.1509106, 70.5493013 ], [ 30.1504846, 70.5493862 ], [ 30.1502978, 70.5494143 ], [ 30.1499603, 70.5494446 ], [ 30.1491789, 70.5495151 ], [ 30.1478703, 70.5495902 ], [ 30.1477154, 70.5496108 ], [ 30.1472433, 70.5497265 ], [ 30.1467895, 70.5497983 ], [ 30.1460671, 70.5498725 ], [ 30.1457644, 70.5498924 ], [ 30.1446077, 70.5499028 ], [ 30.1436463, 70.5498798 ], [ 30.1431264, 70.5498632 ], [ 30.1425735, 70.5498352 ], [ 30.1421464, 70.5498027 ], [ 30.1410192, 70.5496445 ], [ 30.1396246, 70.5493749 ], [ 30.1394283, 70.5493241 ], [ 30.1393183, 70.549279 ], [ 30.139251, 70.5492283 ], [ 30.1387726, 70.5490869 ], [ 30.1387184, 70.5490783 ], [ 30.1382758, 70.5490978 ], [ 30.1381157, 70.5491213 ], [ 30.1380229, 70.5491504 ], [ 30.138083, 70.5491726 ], [ 30.1364604, 70.5492583 ], [ 30.1361692, 70.5491982 ], [ 30.1361556, 70.5491894 ], [ 30.1362023, 70.5491622 ], [ 30.1362742, 70.5491466 ], [ 30.1363745, 70.54911 ], [ 30.1362929, 70.5490908 ], [ 30.1358216, 70.5490837 ], [ 30.1356069, 70.549093 ], [ 30.1354784, 70.5491054 ], [ 30.1354063, 70.549123 ], [ 30.1353936, 70.5491302 ], [ 30.1354407, 70.5491523 ], [ 30.1353685, 70.549168 ], [ 30.1350736, 70.5491787 ], [ 30.1346138, 70.5491357 ], [ 30.1343276, 70.5490675 ], [ 30.1343139, 70.5490604 ], [ 30.1343614, 70.5490404 ], [ 30.1345616, 70.5490169 ], [ 30.1345149, 70.5489974 ], [ 30.1343112, 70.5489618 ], [ 30.1340762, 70.5489363 ], [ 30.1325995, 70.5488411 ], [ 30.1323624, 70.5488317 ], [ 30.1322094, 70.5488389 ], [ 30.1319744, 70.548869 ], [ 30.1317595, 70.5488828 ], [ 30.1310948, 70.548868 ], [ 30.1309864, 70.548855 ], [ 30.1307144, 70.5487974 ], [ 30.1305517, 70.548776 ], [ 30.1303357, 70.5487612 ], [ 30.1302415, 70.5487636 ], [ 30.1298001, 70.5488038 ], [ 30.1297611, 70.5488309 ], [ 30.1297703, 70.5489052 ], [ 30.1295458, 70.5489801 ], [ 30.1294311, 70.5489987 ], [ 30.1292757, 70.5490104 ], [ 30.127818, 70.54901 ], [ 30.1277577, 70.548996 ], [ 30.1277469, 70.5489449 ], [ 30.1276926, 70.5489336 ], [ 30.1269098, 70.5490332 ], [ 30.1266565, 70.5490769 ], [ 30.1262182, 70.549178 ], [ 30.1260839, 70.5491825 ], [ 30.1237571, 70.5490311 ], [ 30.1226607, 70.5489954 ], [ 30.1224778, 70.5489956 ], [ 30.1223841, 70.5490051 ], [ 30.1218798, 70.5491353 ], [ 30.121851, 70.5491552 ], [ 30.1217582, 70.5491764 ], [ 30.1216109, 70.5491899 ], [ 30.1208914, 70.5491707 ], [ 30.1204192, 70.5491367 ], [ 30.1196265, 70.5491512 ], [ 30.1188943, 70.549195 ], [ 30.1173322, 70.5493089 ], [ 30.1170636, 70.5493186 ], [ 30.1167671, 70.5493085 ], [ 30.1164726, 70.549279 ], [ 30.1160253, 70.5492134 ], [ 30.1158444, 70.5491956 ], [ 30.1155353, 70.5492038 ], [ 30.1148896, 70.5492587 ], [ 30.114683, 70.5492616 ], [ 30.1143189, 70.5492449 ], [ 30.1139879, 70.5492485 ], [ 30.1131637, 70.5493305 ], [ 30.1129708, 70.5493423 ], [ 30.112863, 70.5493358 ], [ 30.1126402, 70.5492922 ], [ 30.1124778, 70.5492726 ], [ 30.112308, 70.5492665 ], [ 30.1118102, 70.5492667 ], [ 30.1114695, 70.5492794 ], [ 30.1095401, 70.5495317 ], [ 30.1094689, 70.5495518 ], [ 30.1093436, 70.5496332 ], [ 30.1092298, 70.5496671 ], [ 30.1090248, 70.5497014 ], [ 30.1086424, 70.5497501 ], [ 30.1078107, 70.5498392 ], [ 30.1073226, 70.5498681 ], [ 30.106892, 70.5499162 ], [ 30.1066804, 70.5499659 ], [ 30.1065687, 70.5500003 ], [ 30.1058425, 70.5502244 ], [ 30.1054336, 70.5503253 ], [ 30.1047834, 70.5503972 ], [ 30.1042693, 70.550436 ], [ 30.1033556, 70.5504556 ], [ 30.1022023, 70.5504228 ], [ 30.1016497, 70.5503928 ], [ 30.1010853, 70.5503382 ], [ 30.1008166, 70.5503107 ], [ 30.0999614, 70.5502003 ], [ 30.0994139, 70.5501295 ], [ 30.0992712, 70.5501276 ], [ 30.0990253, 70.5501559 ], [ 30.0983061, 70.5501951 ], [ 30.0981851, 70.5501931 ], [ 30.0976865, 70.55017 ], [ 30.0975241, 70.5501548 ], [ 30.0969688, 70.5500737 ], [ 30.0968416, 70.5500654 ], [ 30.0966003, 70.5500802 ], [ 30.0963557, 70.5500843 ], [ 30.0960943, 70.5500741 ], [ 30.095679, 70.550028 ], [ 30.0955899, 70.5500004 ], [ 30.0955153, 70.5499773 ], [ 30.0953707, 70.5499698 ], [ 30.0947381, 70.5499636 ], [ 30.0946577, 70.5499703 ], [ 30.0945931, 70.5500004 ], [ 30.0944845, 70.550051 ], [ 30.0943257, 70.5501013 ], [ 30.0942192, 70.5501198 ], [ 30.0937042, 70.550155 ], [ 30.092876, 70.5501606 ], [ 30.0923875, 70.5501813 ], [ 30.0920857, 70.5502189 ], [ 30.0918988, 70.5502513 ], [ 30.0914859, 70.5503326 ], [ 30.0912554, 70.5503948 ], [ 30.0909848, 70.5504324 ], [ 30.0904882, 70.5504877 ], [ 30.0901952, 70.5504959 ], [ 30.0899327, 70.5504916 ], [ 30.0895476, 70.5504577 ], [ 30.0892774, 70.5504041 ], [ 30.0882489, 70.5500004 ], [ 30.0873692, 70.5496551 ], [ 30.0869692, 70.549536 ], [ 30.086669, 70.5495083 ], [ 30.0865333, 70.5495397 ], [ 30.0865149, 70.5495811 ], [ 30.0872916, 70.5498278 ], [ 30.0876999, 70.5500004 ], [ 30.0891909, 70.5506308 ], [ 30.0892477, 70.5506792 ], [ 30.0892319, 70.5507238 ], [ 30.0890613, 70.5507615 ], [ 30.0885622, 70.5507871 ], [ 30.0881846, 70.5507893 ], [ 30.0878141, 70.5507741 ], [ 30.0876123, 70.5507579 ], [ 30.087251, 70.5507553 ], [ 30.0870003, 70.5507665 ], [ 30.0868503, 70.550766 ], [ 30.0866718, 70.5507412 ], [ 30.0865823, 70.5507156 ], [ 30.0868762, 70.5505777 ], [ 30.0861285, 70.5504083 ], [ 30.0857179, 70.5503932 ], [ 30.0855464, 70.5505474 ], [ 30.0848942, 70.5505295 ], [ 30.0848719, 70.5506178 ], [ 30.0846066, 70.550597 ], [ 30.0844279, 70.550559 ], [ 30.0842838, 70.5505364 ], [ 30.0837373, 70.5504513 ], [ 30.0836274, 70.5504639 ], [ 30.0831827, 70.5503254 ], [ 30.0829447, 70.5502226 ], [ 30.0826874, 70.5500814 ], [ 30.0825941, 70.5500004 ], [ 30.0825688, 70.5499785 ], [ 30.0825424, 70.5499043 ], [ 30.0826707, 70.5498502 ], [ 30.0827704, 70.5497586 ], [ 30.0828209, 70.5496813 ], [ 30.0827526, 70.5496438 ], [ 30.0825508, 70.5496277 ], [ 30.0822624, 70.5496289 ], [ 30.0819723, 70.5496801 ], [ 30.0818068, 70.5497506 ], [ 30.0814829, 70.5499276 ], [ 30.0813898, 70.5500004 ], [ 30.0813829, 70.5500058 ], [ 30.0813974, 70.5500378 ], [ 30.0814586, 70.5500659 ], [ 30.0814826, 70.5501104 ], [ 30.0813565, 70.5501543 ], [ 30.0811128, 70.550175 ], [ 30.0809345, 70.5501634 ], [ 30.0807349, 70.5501371 ], [ 30.0806078, 70.5501013 ], [ 30.080593, 70.5500428 ], [ 30.0806567, 70.5500004 ], [ 30.0807189, 70.549959 ], [ 30.0813584, 70.549712 ], [ 30.0815683, 70.5496079 ], [ 30.0817017, 70.5495196 ], [ 30.0816259, 70.5494847 ], [ 30.0814614, 70.5494527 ], [ 30.0810841, 70.5496204 ], [ 30.0809714, 70.549649 ], [ 30.0807649, 70.5497285 ], [ 30.0806683, 70.5497374 ], [ 30.0801855, 70.5496928 ], [ 30.0801185, 70.5496606 ], [ 30.0801721, 70.5496204 ], [ 30.080148, 70.5495472 ], [ 30.0803974, 70.5492873 ], [ 30.0803196, 70.549181 ], [ 30.0807676, 70.549214 ], [ 30.0807783, 70.5492524 ], [ 30.0809473, 70.5492944 ], [ 30.0812155, 70.549298 ], [ 30.0817773, 70.5492736 ], [ 30.0825468, 70.5494373 ], [ 30.0827646, 70.5494221 ], [ 30.0828558, 70.5493978 ], [ 30.0829223, 70.5493486 ], [ 30.0840728, 70.5494656 ], [ 30.0842245, 70.5493896 ], [ 30.0840643, 70.5493366 ], [ 30.081852, 70.5491149 ], [ 30.0816662, 70.5490278 ], [ 30.0811958, 70.5489404 ], [ 30.0808885, 70.5488548 ], [ 30.0806875, 70.5487575 ], [ 30.0802606, 70.5487093 ], [ 30.0801992, 70.5486319 ], [ 30.0803587, 70.5486033 ], [ 30.0805827, 70.548621 ], [ 30.0808032, 70.5486198 ], [ 30.0810664, 70.5486076 ], [ 30.0811999, 70.5485915 ], [ 30.0814064, 70.5485277 ], [ 30.0816259, 70.5482961 ], [ 30.0816525, 70.5482287 ], [ 30.0816197, 70.5481185 ], [ 30.0818816, 70.5479253 ], [ 30.0839534, 70.5470315 ], [ 30.0843855, 70.5468804 ], [ 30.0845699, 70.5468393 ], [ 30.0848722, 70.546752 ], [ 30.0857223, 70.5464909 ], [ 30.0869438, 70.5460214 ], [ 30.0870226, 70.5459877 ], [ 30.0870558, 70.5459562 ], [ 30.0870774, 70.5458485 ], [ 30.0871371, 70.5458061 ], [ 30.0874472, 70.545668 ], [ 30.087661, 70.5455861 ], [ 30.087832, 70.5453521 ], [ 30.0878509, 70.5452964 ], [ 30.0878455, 70.54498 ], [ 30.0879282, 70.5448074 ], [ 30.0880109, 70.5444815 ], [ 30.0878395, 70.5443883 ], [ 30.0873674, 70.5442019 ], [ 30.0866166, 70.543983 ], [ 30.0857817, 70.5436946 ], [ 30.0856251, 70.5436299 ], [ 30.0853021, 70.5434068 ], [ 30.085237, 70.5432888 ], [ 30.0852286, 70.5430692 ], [ 30.0853082, 70.5428374 ], [ 30.0854825, 70.5426196 ], [ 30.085594, 70.5425338 ], [ 30.0857039, 70.5424749 ], [ 30.086048, 70.5423188 ], [ 30.0861431, 70.5422868 ], [ 30.0864494, 70.5422277 ], [ 30.0884343, 70.5417575 ], [ 30.0886488, 70.5416944 ], [ 30.0888335, 70.5416262 ], [ 30.0889615, 70.541603 ], [ 30.0896923, 70.5415397 ], [ 30.089871, 70.5415145 ], [ 30.0903531, 70.541423 ], [ 30.0911351, 70.5413101 ], [ 30.0920253, 70.5412056 ], [ 30.0921983, 70.5411733 ], [ 30.0925047, 70.5410621 ], [ 30.0926237, 70.5410283 ], [ 30.0942583, 70.5406586 ], [ 30.0944513, 70.5405902 ], [ 30.0948514, 70.5403173 ], [ 30.0950302, 70.5402382 ], [ 30.0951887, 70.5401862 ], [ 30.0955464, 70.5400883 ], [ 30.0957808, 70.5400404 ], [ 30.0962504, 70.5399667 ], [ 30.0966634, 70.5398909 ], [ 30.0971045, 70.5397908 ], [ 30.0972896, 70.539734 ], [ 30.0973942, 70.539677 ], [ 30.0975129, 70.5395822 ], [ 30.0976052, 70.5395422 ], [ 30.0977248, 70.5395164 ], [ 30.0982879, 70.5394406 ], [ 30.0986145, 70.5394118 ], [ 30.0987167, 70.5394094 ], [ 30.0990058, 70.5394329 ], [ 30.0991672, 70.5394346 ], [ 30.0993546, 70.5394201 ], [ 30.0999615, 70.5393492 ], [ 30.1015565, 70.5391629 ], [ 30.1020975, 70.5390682 ], [ 30.1040719, 70.5388292 ], [ 30.1047068, 70.5387288 ], [ 30.1048139, 70.5387191 ], [ 30.1049428, 70.5387184 ], [ 30.1051368, 70.5387307 ], [ 30.1053672, 70.5387617 ], [ 30.1056113, 70.5388051 ], [ 30.1058756, 70.5388762 ], [ 30.1059638, 70.538916 ], [ 30.1060411, 70.5390097 ], [ 30.1060305, 70.5390592 ], [ 30.1059724, 70.5391355 ], [ 30.1059752, 70.5393955 ], [ 30.1060306, 70.5394293 ], [ 30.1061042, 70.5394512 ], [ 30.1069376, 70.5396024 ], [ 30.1070048, 70.5396002 ], [ 30.1071111, 70.5395772 ], [ 30.1072117, 70.5395435 ], [ 30.1073454, 70.5395311 ], [ 30.1084272, 70.5394952 ], [ 30.1086742, 70.5394947 ], [ 30.1087689, 70.5395057 ], [ 30.1088725, 70.5395321 ], [ 30.1090403, 70.5395491 ], [ 30.1099966, 70.5395856 ], [ 30.1110055, 70.5396014 ], [ 30.1115501, 70.5396331 ], [ 30.1131031, 70.5396089 ], [ 30.1133041, 70.5395988 ], [ 30.1136784, 70.5395572 ], [ 30.1149576, 70.5393929 ], [ 30.1158995, 70.5392538 ], [ 30.1168883, 70.5390911 ], [ 30.1169626, 70.53907 ], [ 30.1185742, 70.5388867 ], [ 30.1186939, 70.538861 ], [ 30.1189213, 70.5387907 ], [ 30.1194262, 70.5386228 ], [ 30.119663, 70.5385228 ], [ 30.1198244, 70.5384779 ], [ 30.1205129, 70.5383789 ], [ 30.1206171, 70.5384696 ], [ 30.1206854, 70.5384917 ], [ 30.1210953, 70.5385126 ], [ 30.1217059, 70.5384723 ], [ 30.1219861, 70.538433 ], [ 30.1221662, 70.5383782 ], [ 30.1223615, 70.5382066 ], [ 30.1223182, 70.5381531 ], [ 30.1223154, 70.53805 ], [ 30.1224792, 70.5379442 ], [ 30.1229945, 70.5378721 ], [ 30.123514, 70.5377311 ], [ 30.124078, 70.5375583 ], [ 30.1241832, 70.5373183 ], [ 30.1245492, 70.537222 ], [ 30.1246363, 70.5371928 ], [ 30.1246966, 70.5371566 ], [ 30.1247137, 70.5371251 ], [ 30.1246928, 70.5370894 ], [ 30.1246369, 70.5370521 ], [ 30.1243712, 70.5369497 ], [ 30.1243774, 70.5369201 ], [ 30.1244428, 70.536882 ], [ 30.1245771, 70.5368346 ], [ 30.1246494, 70.5368297 ], [ 30.1249413, 70.5369114 ], [ 30.1250717, 70.5369312 ], [ 30.1252066, 70.5369421 ], [ 30.1253814, 70.5369455 ], [ 30.1255478, 70.5369429 ], [ 30.1260439, 70.5369156 ], [ 30.1266408, 70.5368665 ], [ 30.127581, 70.5368035 ], [ 30.1281116, 70.5368192 ], [ 30.1284267, 70.5368362 ], [ 30.1293629, 70.5368458 ], [ 30.1303802, 70.5367134 ], [ 30.131282, 70.5365818 ], [ 30.1329415, 70.5364043 ], [ 30.1330035, 70.5364022 ], [ 30.1329524, 70.5364536 ], [ 30.1329856, 70.5364695 ], [ 30.1332463, 70.5364707 ], [ 30.1338111, 70.5364207 ], [ 30.1338371, 70.5364053 ], [ 30.1343522, 70.5363359 ], [ 30.134734, 70.5363364 ], [ 30.1349025, 70.5363246 ], [ 30.135476, 70.5361849 ], [ 30.1355155, 70.5361668 ], [ 30.1355825, 70.5360184 ], [ 30.1356436, 70.5360028 ], [ 30.1357986, 70.535984 ], [ 30.1359593, 70.535975 ], [ 30.1360455, 70.535979 ], [ 30.1361677, 70.5359989 ], [ 30.1365214, 70.5360774 ], [ 30.1367785, 70.5361639 ], [ 30.1368733, 70.5361793 ], [ 30.1369868, 70.5361814 ], [ 30.1377454, 70.5360998 ], [ 30.1378514, 70.5360696 ], [ 30.1382784, 70.5360097 ], [ 30.1393606, 70.5359898 ], [ 30.1395614, 70.5359751 ], [ 30.1406639, 70.5358269 ], [ 30.1406979, 70.535815 ], [ 30.1406922, 70.5358061 ], [ 30.1406292, 70.5357841 ], [ 30.1408694, 70.5356984 ], [ 30.1413291, 70.5355998 ], [ 30.1418085, 70.5355171 ], [ 30.1420034, 70.5354962 ], [ 30.1425556, 70.5355162 ], [ 30.1427305, 70.5355179 ], [ 30.142851, 70.5355082 ], [ 30.1438772, 70.535295 ], [ 30.1445935, 70.5351643 ], [ 30.1452756, 70.5350517 ], [ 30.1464716, 70.5349002 ], [ 30.1467923, 70.5348186 ], [ 30.1471076, 70.5346849 ], [ 30.1471349, 70.5346461 ], [ 30.1471442, 70.5345636 ], [ 30.1472178, 70.5345363 ], [ 30.1474256, 70.5344975 ], [ 30.1479693, 70.5343624 ], [ 30.1480242, 70.5343352 ], [ 30.1480556, 70.5342722 ], [ 30.1476938, 70.5339355 ], [ 30.1474573, 70.5337388 ], [ 30.1472778, 70.5336546 ], [ 30.1470617, 70.5335798 ], [ 30.1467162, 70.5335514 ], [ 30.1465941, 70.5335323 ], [ 30.1465281, 70.5335032 ], [ 30.1465183, 70.5334719 ], [ 30.1467699, 70.5332014 ], [ 30.1470236, 70.5331202 ], [ 30.1471829, 70.5330834 ], [ 30.1473575, 70.533085 ], [ 30.1474779, 70.5330708 ], [ 30.1481325, 70.5329539 ], [ 30.1482651, 70.5329192 ], [ 30.1485244, 70.5327903 ], [ 30.1487006, 70.5326709 ], [ 30.148686, 70.5326485 ], [ 30.1486177, 70.5326265 ], [ 30.1478535, 70.532511 ], [ 30.1477672, 70.532507 ], [ 30.1476871, 70.5325138 ], [ 30.1474076, 70.5324169 ], [ 30.1471597, 70.5323054 ], [ 30.1468005, 70.5321749 ], [ 30.146624, 70.5321374 ], [ 30.1464811, 70.5321266 ], [ 30.1461717, 70.532124 ], [ 30.1454396, 70.5321023 ], [ 30.1453632, 70.5320867 ], [ 30.145535, 70.5319806 ], [ 30.1429713, 70.5316868 ], [ 30.1425454, 70.5316597 ], [ 30.1420148, 70.5316396 ], [ 30.1416516, 70.5316337 ], [ 30.1411194, 70.5316343 ], [ 30.1396366, 70.5316967 ], [ 30.1387298, 70.5317246 ], [ 30.1384084, 70.5317489 ], [ 30.1383368, 70.5317672 ], [ 30.1380868, 70.5319229 ], [ 30.1378843, 70.5319511 ], [ 30.137544, 70.5319673 ], [ 30.1360583, 70.5319744 ], [ 30.1359904, 70.5319695 ], [ 30.1358892, 70.5319835 ], [ 30.1352844, 70.5321385 ], [ 30.1352373, 70.5321567 ], [ 30.1352255, 70.5321927 ], [ 30.1351916, 70.5322091 ], [ 30.1350662, 70.532225 ], [ 30.1349588, 70.5322274 ], [ 30.1341765, 70.5321774 ], [ 30.1336447, 70.5321303 ], [ 30.1327742, 70.5320307 ], [ 30.1316876, 70.5319188 ], [ 30.1307898, 70.5318684 ], [ 30.1299554, 70.531843 ], [ 30.1295331, 70.5318355 ], [ 30.129372, 70.531841 ], [ 30.1292708, 70.5318568 ], [ 30.1292187, 70.5318822 ], [ 30.128627, 70.5320327 ], [ 30.1281424, 70.5320678 ], [ 30.1276373, 70.5322205 ], [ 30.1268085, 70.5323051 ], [ 30.125502, 70.5324564 ], [ 30.1253227, 70.5324699 ], [ 30.1251668, 70.532469 ], [ 30.1246077, 70.5324123 ], [ 30.1243901, 70.5323669 ], [ 30.1237109, 70.5321791 ], [ 30.1234117, 70.5320616 ], [ 30.123211, 70.5319211 ], [ 30.1231884, 70.5316962 ], [ 30.1233666, 70.5315634 ], [ 30.1233578, 70.5315482 ], [ 30.1227417, 70.5314317 ], [ 30.1226313, 70.5314745 ], [ 30.1225415, 70.5314598 ], [ 30.1221825, 70.5313776 ], [ 30.1220864, 70.5313423 ], [ 30.122006, 70.5312909 ], [ 30.1217273, 70.5312028 ], [ 30.1214693, 70.5311541 ], [ 30.1209146, 70.5310874 ], [ 30.120653, 70.5310638 ], [ 30.1202683, 70.5310051 ], [ 30.1197205, 70.5309062 ], [ 30.1196439, 70.5308841 ], [ 30.1192743, 70.5307107 ], [ 30.1192267, 70.5306678 ], [ 30.1192196, 70.5306365 ], [ 30.1192715, 70.5306013 ], [ 30.1192689, 70.5305537 ], [ 30.1191808, 70.530514 ], [ 30.1190176, 70.5304737 ], [ 30.1188275, 70.530439 ], [ 30.1172145, 70.5302233 ], [ 30.116436, 70.5300853 ], [ 30.11618, 70.5300689 ], [ 30.1159972, 70.5300655 ], [ 30.1157955, 70.5300684 ], [ 30.1146432, 70.5301289 ], [ 30.1141857, 70.5301711 ], [ 30.1141197, 70.5301921 ], [ 30.1140892, 70.5302281 ], [ 30.1141091, 70.5302477 ], [ 30.1142043, 70.5302696 ], [ 30.1144658, 70.5302842 ], [ 30.114515, 70.5303045 ], [ 30.1145159, 70.5303197 ], [ 30.1144549, 70.5303336 ], [ 30.1140518, 70.5303359 ], [ 30.1135675, 70.5303217 ], [ 30.1133133, 70.5303474 ], [ 30.1128923, 70.5304116 ], [ 30.1126433, 70.5304311 ], [ 30.1122881, 70.5304277 ], [ 30.1119131, 70.5304433 ], [ 30.1118031, 70.5304548 ], [ 30.1112178, 70.5306186 ], [ 30.111174, 70.5306521 ], [ 30.111149, 70.5307373 ], [ 30.111084, 70.5307781 ], [ 30.1105381, 70.5309282 ], [ 30.1102526, 70.5310241 ], [ 30.1100689, 70.5311031 ], [ 30.1094287, 70.5314555 ], [ 30.1092516, 70.5315687 ], [ 30.1087367, 70.5318441 ], [ 30.1084271, 70.5319929 ], [ 30.1079049, 70.5322353 ], [ 30.1069508, 70.5326002 ], [ 30.1063729, 70.5328026 ], [ 30.1062801, 70.5328273 ], [ 30.1053902, 70.5329813 ], [ 30.1042204, 70.5331252 ], [ 30.1039665, 70.5331481 ], [ 30.1037116, 70.5331603 ], [ 30.1027015, 70.5331716 ], [ 30.101895, 70.5331609 ], [ 30.101787, 70.5331553 ], [ 30.1010991, 70.533057 ], [ 30.1003102, 70.5329728 ], [ 30.1001131, 70.5329622 ], [ 30.0999617, 70.5329601 ], [ 30.0994003, 70.532952 ], [ 30.099172, 70.5329552 ], [ 30.0983318, 70.5329744 ], [ 30.0980051, 70.5330004 ], [ 30.0977639, 70.5330098 ], [ 30.0973257, 70.5330097 ], [ 30.0968673, 70.53298 ], [ 30.0964548, 70.5329008 ], [ 30.0959213, 70.5328249 ], [ 30.0946944, 70.5327468 ], [ 30.0933555, 70.5326845 ], [ 30.0924293, 70.5327086 ], [ 30.091793, 70.5327167 ], [ 30.0915651, 70.5326947 ], [ 30.0911497, 70.5327171 ], [ 30.0908517, 70.5327424 ], [ 30.0904157, 70.5328066 ], [ 30.0901502, 70.5328721 ], [ 30.0898515, 70.5329495 ], [ 30.0898093, 70.5329134 ], [ 30.0898629, 70.5328339 ], [ 30.0897986, 70.5328267 ], [ 30.0896779, 70.5328428 ], [ 30.0896051, 70.5328996 ], [ 30.0896127, 70.532949 ], [ 30.0892954, 70.5329664 ], [ 30.089031, 70.5329844 ], [ 30.0884196, 70.5330343 ], [ 30.0880416, 70.5331001 ], [ 30.0869705, 70.5332281 ], [ 30.0863722, 70.5332575 ], [ 30.0860496, 70.5332567 ], [ 30.0856475, 70.5332759 ], [ 30.0854927, 70.5332921 ], [ 30.0853731, 70.5333242 ], [ 30.0852202, 70.5333832 ], [ 30.0849987, 70.5334106 ], [ 30.0844493, 70.5334424 ], [ 30.0837729, 70.5334676 ], [ 30.0830697, 70.5335308 ], [ 30.0825674, 70.5336421 ], [ 30.0823615, 70.5336729 ], [ 30.0820862, 70.5336985 ], [ 30.0818046, 70.5337109 ], [ 30.0812726, 70.533713 ], [ 30.0809841, 70.5337003 ], [ 30.0799358, 70.5335297 ], [ 30.079501, 70.5334388 ], [ 30.0793771, 70.533384 ], [ 30.0792166, 70.5332926 ], [ 30.0791899, 70.5332478 ], [ 30.07921, 70.5331087 ], [ 30.0791547, 70.5330804 ], [ 30.0790727, 70.533054 ], [ 30.0785443, 70.5329673 ], [ 30.078468, 70.5329453 ], [ 30.0781176, 70.5327698 ], [ 30.0778355, 70.5326073 ], [ 30.0776626, 70.5324855 ], [ 30.0774065, 70.5323614 ], [ 30.0772376, 70.5323175 ], [ 30.0770125, 70.5322784 ], [ 30.0767556, 70.5322459 ], [ 30.0755819, 70.5321583 ], [ 30.0746632, 70.5321634 ], [ 30.0741858, 70.5321814 ], [ 30.0738848, 70.5321848 ], [ 30.0737282, 70.5321704 ], [ 30.073438, 70.53212 ], [ 30.0732898, 70.5321075 ], [ 30.0726448, 70.532111 ], [ 30.0720063, 70.5321282 ], [ 30.0714796, 70.5321804 ], [ 30.0713316, 70.5321875 ], [ 30.0712023, 70.5321792 ], [ 30.0710205, 70.5321444 ], [ 30.0708978, 70.5321066 ], [ 30.0707896, 70.5320937 ], [ 30.0705259, 70.5320907 ], [ 30.0703062, 70.5321008 ], [ 30.0700653, 70.5321273 ], [ 30.0695314, 70.5321965 ], [ 30.0692646, 70.5322411 ], [ 30.0680546, 70.5323885 ], [ 30.0679342, 70.5323955 ], [ 30.0674884, 70.5323526 ], [ 30.0668445, 70.5323684 ], [ 30.0665942, 70.5323626 ], [ 30.0659826, 70.5323364 ], [ 30.0656591, 70.5323114 ], [ 30.0644007, 70.5321363 ], [ 30.0634524, 70.5319874 ], [ 30.0627035, 70.5318921 ], [ 30.0621932, 70.5317963 ], [ 30.0619707, 70.5317465 ], [ 30.0615829, 70.5316293 ], [ 30.0614391, 70.5316005 ], [ 30.0609536, 70.5315611 ], [ 30.060826, 70.5315394 ], [ 30.0596756, 70.5312624 ], [ 30.0587364, 70.5308086 ], [ 30.0582853, 70.5305413 ], [ 30.0582649, 70.5305101 ], [ 30.0582737, 70.5304203 ], [ 30.0582392, 70.5303739 ], [ 30.0579686, 70.5302229 ], [ 30.057867, 70.5301805 ], [ 30.0578047, 70.5301702 ], [ 30.0577725, 70.5301722 ], [ 30.057125, 70.5300117 ], [ 30.0559781, 70.5295922 ], [ 30.0559485, 70.5295322 ], [ 30.0558612, 70.5295057 ], [ 30.0555923, 70.5295063 ], [ 30.0551421, 70.5295268 ], [ 30.0543468, 70.5294756 ], [ 30.0538275, 70.5294086 ], [ 30.0533013, 70.5293639 ], [ 30.0523853, 70.5293169 ], [ 30.0511504, 70.5292339 ], [ 30.0510161, 70.5292321 ], [ 30.0508952, 70.5292399 ], [ 30.050361, 70.5294643 ], [ 30.0500354, 70.5296229 ], [ 30.0499627, 70.5296537 ], [ 30.0496117, 70.5298026 ], [ 30.0493347, 70.5299118 ], [ 30.0487585, 70.5301049 ], [ 30.0482866, 70.5302347 ], [ 30.0472195, 70.5306682 ], [ 30.0466791, 70.5309428 ], [ 30.0464688, 70.531038 ], [ 30.0459189, 70.5312204 ], [ 30.0453347, 70.531366 ], [ 30.0451352, 70.5314056 ], [ 30.0450012, 70.5314198 ], [ 30.04423, 70.531424 ], [ 30.0435226, 70.5314072 ], [ 30.0434264, 70.5313936 ], [ 30.0427428, 70.5313979 ], [ 30.0421199, 70.5314704 ], [ 30.0414794, 70.5315654 ], [ 30.0412815, 70.5316409 ], [ 30.0411455, 70.5317688 ], [ 30.0410912, 70.5318705 ], [ 30.0410744, 70.5319647 ], [ 30.0410878, 70.5321304 ], [ 30.0410539, 70.5322668 ], [ 30.0409791, 70.532382 ], [ 30.0408381, 70.532519 ], [ 30.0405236, 70.5326865 ], [ 30.0403167, 70.5327459 ], [ 30.0400906, 70.532792 ], [ 30.0398049, 70.5328895 ], [ 30.0395112, 70.5330389 ], [ 30.0391346, 70.5332005 ], [ 30.0386321, 70.5333646 ], [ 30.038274, 70.5334669 ], [ 30.0372903, 70.533743 ], [ 30.0366213, 70.5339106 ], [ 30.0363335, 70.5339632 ], [ 30.0360585, 70.5340024 ], [ 30.0352778, 70.5340918 ], [ 30.0341936, 70.5341827 ], [ 30.0337916, 70.5342028 ], [ 30.0337034, 70.534214 ], [ 30.0329446, 70.5345346 ], [ 30.0325958, 70.5347157 ], [ 30.0319953, 70.5350748 ], [ 30.0314646, 70.535559 ], [ 30.0313192, 70.5357795 ], [ 30.0313245, 70.5359972 ], [ 30.0314363, 70.5364251 ], [ 30.0315202, 70.537218 ], [ 30.0314967, 70.5372853 ], [ 30.0314381, 70.5373529 ], [ 30.0311544, 70.5374907 ], [ 30.0310221, 70.5375345 ], [ 30.0296202, 70.5378996 ], [ 30.0293773, 70.5379933 ], [ 30.0293441, 70.5380266 ], [ 30.0293395, 70.5381028 ], [ 30.0293628, 70.538143 ], [ 30.0294583, 70.5381694 ], [ 30.0305439, 70.5382649 ], [ 30.0306391, 70.5382895 ], [ 30.0308727, 70.5383914 ], [ 30.0309057, 70.5384171 ], [ 30.030766, 70.5384143 ], [ 30.0306165, 70.5383838 ], [ 30.0303789, 70.5383016 ], [ 30.0302214, 70.5382711 ], [ 30.0300863, 70.5382583 ], [ 30.0296558, 70.538249 ], [ 30.0294633, 70.5382724 ], [ 30.0293445, 70.5383162 ], [ 30.0283524, 70.538819 ], [ 30.0279568, 70.5390317 ], [ 30.0278322, 70.5392386 ], [ 30.0275728, 70.5394371 ], [ 30.0273363, 70.5395567 ], [ 30.0270171, 70.5396794 ], [ 30.0269237, 70.5396951 ], [ 30.026722, 70.5396944 ], [ 30.026614, 70.5396861 ], [ 30.0259578, 70.5395659 ], [ 30.0252851, 70.5393875 ], [ 30.0252083, 70.5393547 ], [ 30.0251022, 70.5392208 ], [ 30.0250189, 70.5391584 ], [ 30.0249224, 70.5391114 ], [ 30.0248271, 70.5390878 ], [ 30.0247193, 70.5390768 ], [ 30.0244322, 70.5390944 ], [ 30.0241042, 70.5391472 ], [ 30.0240168, 70.5391745 ], [ 30.0239324, 70.5392154 ], [ 30.0238991, 70.5392487 ], [ 30.0241185, 70.5393354 ], [ 30.0241998, 70.5393529 ], [ 30.0243567, 70.5393656 ], [ 30.024456, 70.5393632 ], [ 30.0245036, 70.539345 ], [ 30.0245073, 70.5393108 ], [ 30.0244058, 70.5392755 ], [ 30.0243917, 70.5392577 ], [ 30.0244311, 70.5392378 ], [ 30.0245297, 70.5392239 ], [ 30.0246456, 70.5392232 ], [ 30.0247807, 70.5392422 ], [ 30.0248681, 70.5392641 ], [ 30.0250273, 70.5393351 ], [ 30.0251946, 70.5394623 ], [ 30.0256271, 70.5396778 ], [ 30.0257566, 70.53974 ], [ 30.0260436, 70.5398461 ], [ 30.0261077, 70.5398904 ], [ 30.0261146, 70.5399235 ], [ 30.0260764, 70.5399686 ], [ 30.0259985, 70.5400228 ], [ 30.0257524, 70.5401075 ], [ 30.0254991, 70.5401536 ], [ 30.0244834, 70.5402836 ], [ 30.0243495, 70.5402871 ], [ 30.0241153, 70.5402793 ], [ 30.0239182, 70.5402625 ], [ 30.0237097, 70.5402322 ], [ 30.0232668, 70.5401378 ], [ 30.023086, 70.540118 ], [ 30.0228027, 70.5401016 ], [ 30.0224316, 70.5400973 ], [ 30.0214531, 70.5399985 ], [ 30.0214121, 70.5399834 ], [ 30.0214106, 70.5399432 ], [ 30.0213817, 70.539903 ], [ 30.0212867, 70.5398811 ], [ 30.0211595, 70.5398684 ], [ 30.0208769, 70.5398609 ], [ 30.0206007, 70.5398757 ], [ 30.0204217, 70.5398992 ], [ 30.0202804, 70.5399286 ], [ 30.0201539, 70.5399768 ], [ 30.0200621, 70.5400265 ], [ 30.0200237, 70.5400688 ], [ 30.0200784, 70.5402058 ], [ 30.0200229, 70.5403377 ], [ 30.0199767, 70.5403828 ], [ 30.0198981, 70.5404281 ], [ 30.0197605, 70.5404719 ], [ 30.0192938, 70.5405478 ], [ 30.0191114, 70.5405595 ], [ 30.0186003, 70.5405514 ], [ 30.0183706, 70.5405302 ], [ 30.0182628, 70.5405281 ], [ 30.0182232, 70.5405374 ], [ 30.0181658, 70.540578 ], [ 30.0180133, 70.5406506 ], [ 30.0177424, 70.5406071 ], [ 30.0173791, 70.5405956 ], [ 30.0171995, 70.5406073 ], [ 30.0167825, 70.5406614 ], [ 30.0166493, 70.540691 ], [ 30.0163844, 70.5407756 ], [ 30.0162248, 70.5408078 ], [ 30.0159173, 70.5408426 ], [ 30.015791, 70.5408459 ], [ 30.0156293, 70.5408379 ], [ 30.0152957, 70.5407804 ], [ 30.0151183, 70.5407258 ], [ 30.0150306, 70.5406878 ], [ 30.0148865, 70.5406526 ], [ 30.0138786, 70.5404939 ], [ 30.0135224, 70.540467 ], [ 30.0130968, 70.5404532 ], [ 30.0128352, 70.5404304 ], [ 30.0099379, 70.5401103 ], [ 30.0098728, 70.5401053 ], [ 30.0088505, 70.5400281 ], [ 30.0072212, 70.5398008 ], [ 30.0071179, 70.5397772 ], [ 30.0061579, 70.5394864 ], [ 30.0060209, 70.5394333 ], [ 30.0058914, 70.5393685 ], [ 30.0057252, 70.5392619 ], [ 30.0056705, 70.5392441 ], [ 30.0054136, 70.539207 ], [ 30.0051503, 70.5391546 ], [ 30.0045521, 70.5390188 ], [ 30.0031325, 70.5386695 ], [ 30.0026712, 70.5385749 ], [ 30.0023251, 70.5385346 ], [ 30.0020474, 70.5384617 ], [ 30.0018136, 70.5383491 ], [ 30.0014253, 70.5382068 ], [ 30.0002795, 70.5378451 ], [ 30.0, 70.53776435752296 ], [ 30.0, 70.707358203091715 ], [ 30.0002549, 70.707354 ] ] ], [ [ [ 30.0002812, 70.5365068 ], [ 30.0014347, 70.53662 ], [ 30.0015367, 70.5366194 ], [ 30.0016166, 70.5366012 ], [ 30.0017565, 70.5365485 ], [ 30.0019085, 70.5365252 ], [ 30.00223, 70.5365021 ], [ 30.0026689, 70.5365132 ], [ 30.0032087, 70.5365552 ], [ 30.0036827, 70.5366334 ], [ 30.004126, 70.5366831 ], [ 30.0042469, 70.536687 ], [ 30.0043894, 70.5366836 ], [ 30.0049778, 70.5366222 ], [ 30.005093, 70.5366199 ], [ 30.0053962, 70.5366568 ], [ 30.0060909, 70.536689 ], [ 30.0072868, 70.536681 ], [ 30.0078508, 70.5366664 ], [ 30.0082317, 70.5366465 ], [ 30.0084823, 70.5366614 ], [ 30.0086582, 70.5366846 ], [ 30.0088264, 70.5367177 ], [ 30.0091582, 70.5368039 ], [ 30.009294, 70.5368301 ], [ 30.0094371, 70.5368446 ], [ 30.00972, 70.5368565 ], [ 30.0099941, 70.5368551 ], [ 30.0101816, 70.5368388 ], [ 30.0104299, 70.5368044 ], [ 30.0105762, 70.5367696 ], [ 30.0107167, 70.5367267 ], [ 30.0108479, 70.5366633 ], [ 30.0113413, 70.5362932 ], [ 30.0114375, 70.5361716 ], [ 30.0114649, 70.5360102 ], [ 30.0115204, 70.535931 ], [ 30.0115851, 70.5358768 ], [ 30.0121922, 70.5356407 ], [ 30.012292, 70.535589 ], [ 30.0128282, 70.5350995 ], [ 30.0130563, 70.5347531 ], [ 30.0130674, 70.5347037 ], [ 30.0130292, 70.5346322 ], [ 30.012982, 70.5346056 ], [ 30.0129143, 70.5345907 ], [ 30.0126846, 70.534565 ], [ 30.0124883, 70.5345634 ], [ 30.0117653, 70.5346272 ], [ 30.0116723, 70.5346456 ], [ 30.0114823, 70.5347255 ], [ 30.011329, 70.5347756 ], [ 30.0109891, 70.5348626 ], [ 30.0108235, 70.5348814 ], [ 30.0104661, 70.5348895 ], [ 30.0103173, 70.5348723 ], [ 30.0099648, 70.5347998 ], [ 30.0098908, 70.5347733 ], [ 30.0098295, 70.534727 ], [ 30.0098335, 70.5346929 ], [ 30.00988, 70.5346595 ], [ 30.0101591, 70.5345925 ], [ 30.0103069, 70.5345918 ], [ 30.0105361, 70.5346112 ], [ 30.0106485, 70.5346017 ], [ 30.0107287, 70.5345833 ], [ 30.0108609, 70.5345404 ], [ 30.0109659, 70.5344817 ], [ 30.0109778, 70.5344548 ], [ 30.0109432, 70.5344055 ], [ 30.0108159, 70.5342664 ], [ 30.0107603, 70.5342354 ], [ 30.0102533, 70.5341394 ], [ 30.0099949, 70.5340763 ], [ 30.0098447, 70.534025 ], [ 30.0097065, 70.5339433 ], [ 30.009664, 70.5338959 ], [ 30.0096452, 70.5337885 ], [ 30.0094866, 70.5335537 ], [ 30.0093097, 70.5335052 ], [ 30.0091687, 70.5334773 ], [ 30.009001, 70.5334557 ], [ 30.0087562, 70.533396 ], [ 30.0086874, 70.5333632 ], [ 30.0086311, 70.5333071 ], [ 30.0085274, 70.5331032 ], [ 30.008518, 70.5330719 ], [ 30.0085503, 70.5330116 ], [ 30.0086223, 70.5329485 ], [ 30.0092513, 70.532609 ], [ 30.0094445, 70.5325454 ], [ 30.0096437, 70.5324976 ], [ 30.0097507, 70.5324836 ], [ 30.0098905, 70.5324847 ], [ 30.010168, 70.5325057 ], [ 30.0102679, 70.5325052 ], [ 30.0103343, 70.5324895 ], [ 30.0103543, 70.5324581 ], [ 30.0103429, 70.5323883 ], [ 30.010221, 70.5321961 ], [ 30.0102327, 70.5321602 ], [ 30.0103232, 70.5320836 ], [ 30.01052, 70.5319867 ], [ 30.0106603, 70.5319366 ], [ 30.0113636, 70.5317464 ], [ 30.011651, 70.5316894 ], [ 30.0117359, 70.5316647 ], [ 30.0117696, 70.5316376 ], [ 30.0117333, 70.5316109 ], [ 30.0116458, 70.5315818 ], [ 30.011516, 70.5315619 ], [ 30.0111076, 70.5315154 ], [ 30.0122353, 70.5311711 ], [ 30.0132529, 70.5308518 ], [ 30.0136216, 70.5309646 ], [ 30.0140793, 70.5311485 ], [ 30.0148019, 70.5313689 ], [ 30.0152935, 70.5315392 ], [ 30.0155513, 70.5316428 ], [ 30.0156973, 70.5317228 ], [ 30.0166883, 70.5323881 ], [ 30.0167868, 70.5324753 ], [ 30.0169028, 70.5325482 ], [ 30.0172048, 70.5326775 ], [ 30.0173142, 70.5327147 ], [ 30.0175889, 70.5327724 ], [ 30.0192743, 70.5331265 ], [ 30.019957, 70.5332457 ], [ 30.0201276, 70.5332681 ], [ 30.0207532, 70.5333097 ], [ 30.0211838, 70.5333208 ], [ 30.021933, 70.5333705 ], [ 30.0224061, 70.533429 ], [ 30.0225546, 70.533439 ], [ 30.0242574, 70.5335223 ], [ 30.0244269, 70.5335259 ], [ 30.0252378, 70.5335108 ], [ 30.0253802, 70.5335055 ], [ 30.0256395, 70.5334773 ], [ 30.0257185, 70.53345 ], [ 30.0258891, 70.5333639 ], [ 30.0262054, 70.5331785 ], [ 30.0263876, 70.533052 ], [ 30.0271303, 70.5324026 ], [ 30.0274745, 70.5321193 ], [ 30.0275999, 70.5320423 ], [ 30.027856, 70.5319487 ], [ 30.0279843, 70.5319373 ], [ 30.0284328, 70.5319232 ], [ 30.0286413, 70.5319041 ], [ 30.0288067, 70.5318763 ], [ 30.0290328, 70.5318259 ], [ 30.030788, 70.5313826 ], [ 30.0309546, 70.5313324 ], [ 30.0311177, 70.5312536 ], [ 30.0311955, 70.5311966 ], [ 30.0314533, 70.5309157 ], [ 30.0318028, 70.5306358 ], [ 30.0323338, 70.530339 ], [ 30.0326858, 70.530113 ], [ 30.0333505, 70.5297957 ], [ 30.0335073, 70.5297079 ], [ 30.0342835, 70.5291954 ], [ 30.0343636, 70.5291295 ], [ 30.0347675, 70.5287572 ], [ 30.0348647, 70.5286535 ], [ 30.0348807, 70.5286015 ], [ 30.0348828, 70.5284688 ], [ 30.0348582, 70.5283524 ], [ 30.0347088, 70.5280421 ], [ 30.0344895, 70.5276749 ], [ 30.0343787, 70.5274361 ], [ 30.0343616, 70.5273591 ], [ 30.0343605, 70.5272291 ], [ 30.0344616, 70.5263769 ], [ 30.0345088, 70.5261796 ], [ 30.0347423, 70.5256216 ], [ 30.0348738, 70.5253923 ], [ 30.0349822, 70.525251 ], [ 30.0353245, 70.5248206 ], [ 30.0355548, 70.5245863 ], [ 30.0358653, 70.5243426 ], [ 30.0360163, 70.5242405 ], [ 30.0361212, 70.5241888 ], [ 30.0366429, 70.5239771 ], [ 30.0369918, 70.5238542 ], [ 30.0374901, 70.5237216 ], [ 30.0377214, 70.5236738 ], [ 30.0385101, 70.5235369 ], [ 30.0390039, 70.5234696 ], [ 30.0394237, 70.5234315 ], [ 30.0403301, 70.5234023 ], [ 30.0409603, 70.5233702 ], [ 30.0422782, 70.5232349 ], [ 30.0435651, 70.523072 ], [ 30.0444146, 70.5229777 ], [ 30.0448424, 70.5229323 ], [ 30.0452037, 70.5229106 ], [ 30.047592, 70.522851 ], [ 30.0479274, 70.5228493 ], [ 30.0492928, 70.522865 ], [ 30.0496553, 70.5228605 ], [ 30.0499627, 70.5228688 ], [ 30.0501477, 70.5228739 ], [ 30.0512974, 70.5229303 ], [ 30.0518775, 70.5229791 ], [ 30.0522782, 70.5230398 ], [ 30.0527592, 70.5231491 ], [ 30.053363, 70.5232516 ], [ 30.0534578, 70.5232637 ], [ 30.0535589, 70.523279 ], [ 30.0536948, 70.5233004 ], [ 30.0542736, 70.5233615 ], [ 30.0544304, 70.523374 ], [ 30.0560655, 70.5234635 ], [ 30.0568003, 70.5234918 ], [ 30.0570959, 70.5234947 ], [ 30.057633, 70.5234917 ], [ 30.0577667, 70.5234775 ], [ 30.058538, 70.5233208 ], [ 30.0590766, 70.523188 ], [ 30.0594612, 70.5230827 ], [ 30.0598371, 70.5229731 ], [ 30.0623377, 70.5221569 ], [ 30.062624, 70.5220747 ], [ 30.0637172, 70.5218024 ], [ 30.0638768, 70.5217729 ], [ 30.0641253, 70.5217445 ], [ 30.064582, 70.521751 ], [ 30.0658667, 70.5216524 ], [ 30.0662695, 70.5216502 ], [ 30.0671985, 70.5216926 ], [ 30.0688336, 70.5217309 ], [ 30.0690008, 70.5217409 ], [ 30.0694603, 70.5218036 ], [ 30.0695952, 70.5218091 ], [ 30.0702245, 70.521777 ], [ 30.070574, 70.5217751 ], [ 30.0706904, 70.5217905 ], [ 30.0709217, 70.521852 ], [ 30.0711143, 70.5219513 ], [ 30.0711883, 70.5219778 ], [ 30.0713051, 70.5220023 ], [ 30.0714265, 70.5220132 ], [ 30.0715071, 70.5220128 ], [ 30.0715872, 70.5219989 ], [ 30.0716663, 70.5219715 ], [ 30.0717231, 70.5219264 ], [ 30.0718376, 70.5217483 ], [ 30.0718994, 70.5215301 ], [ 30.0718518, 70.5213869 ], [ 30.0717787, 70.5212709 ], [ 30.0717709, 70.5212171 ], [ 30.0718136, 70.5211657 ], [ 30.0719126, 70.5211042 ], [ 30.0720234, 70.5210633 ], [ 30.0723568, 70.5210103 ], [ 30.0724987, 70.5210005 ], [ 30.072735, 70.5209993 ], [ 30.0732527, 70.5210394 ], [ 30.0733549, 70.5210405 ], [ 30.0734939, 70.521029 ], [ 30.0736268, 70.5210077 ], [ 30.073959, 70.5209277 ], [ 30.0742046, 70.5208458 ], [ 30.0742617, 70.5208051 ], [ 30.0742786, 70.5207126 ], [ 30.0742348, 70.5206456 ], [ 30.0741501, 70.5205655 ], [ 30.074005, 70.5205036 ], [ 30.0735317, 70.5204434 ], [ 30.0734173, 70.5204172 ], [ 30.0733626, 70.5203906 ], [ 30.073334, 70.5203549 ], [ 30.0733129, 70.5202673 ], [ 30.0733377, 70.5201899 ], [ 30.0736239, 70.5199371 ], [ 30.0740706, 70.5196454 ], [ 30.074411, 70.5194729 ], [ 30.0749239, 70.5192604 ], [ 30.0755048, 70.5190801 ], [ 30.0758104, 70.5190071 ], [ 30.0764352, 70.5188795 ], [ 30.0766137, 70.5188521 ], [ 30.0774201, 70.5187829 ], [ 30.0780631, 70.5187751 ], [ 30.0791121, 70.518747 ], [ 30.0796175, 70.5187105 ], [ 30.0800897, 70.518689 ], [ 30.0807014, 70.5186982 ], [ 30.082018, 70.5187843 ], [ 30.0822892, 70.5187924 ], [ 30.0827648, 70.518794 ], [ 30.0831221, 70.5187787 ], [ 30.0839537, 70.5187142 ], [ 30.084442, 70.5186654 ], [ 30.0847381, 70.5186215 ], [ 30.0852752, 70.5185015 ], [ 30.0857073, 70.5184365 ], [ 30.0861573, 70.518391 ], [ 30.0866139, 70.5183632 ], [ 30.0872345, 70.5182984 ], [ 30.0878387, 70.5182187 ], [ 30.0880343, 70.5182039 ], [ 30.0884861, 70.5181865 ], [ 30.0899363, 70.5181443 ], [ 30.0902784, 70.5181468 ], [ 30.0909176, 70.5181843 ], [ 30.0911992, 70.5182224 ], [ 30.0914321, 70.5182445 ], [ 30.0917735, 70.5182651 ], [ 30.0932348, 70.5182862 ], [ 30.093891, 70.518286 ], [ 30.0940981, 70.5182693 ], [ 30.0948771, 70.5181696 ], [ 30.0950775, 70.5181274 ], [ 30.0952333, 70.5180804 ], [ 30.0954836, 70.5179876 ], [ 30.0956391, 70.5179588 ], [ 30.0967677, 70.5178387 ], [ 30.0971867, 70.5177703 ], [ 30.0972903, 70.5177465 ], [ 30.0980296, 70.5176715 ], [ 30.0998602, 70.5175367 ], [ 30.0999615, 70.5175312 ], [ 30.1004631, 70.5175034 ], [ 30.1010913, 70.5174407 ], [ 30.1014457, 70.5173879 ], [ 30.1021899, 70.5173437 ], [ 30.1025154, 70.5173393 ], [ 30.1038199, 70.5174407 ], [ 30.1043925, 70.5174115 ], [ 30.1047311, 70.5173743 ], [ 30.1052733, 70.517399 ], [ 30.1059963, 70.5174504 ], [ 30.1063362, 70.5174993 ], [ 30.1067511, 70.5174687 ], [ 30.1069944, 70.5174723 ], [ 30.1082452, 70.5176307 ], [ 30.1082766, 70.5176404 ], [ 30.1082691, 70.5176968 ], [ 30.1083357, 70.5177732 ], [ 30.1085559, 70.5177274 ], [ 30.1086398, 70.517714 ], [ 30.1086845, 70.5177324 ], [ 30.108739, 70.5178368 ], [ 30.1088214, 70.5178387 ], [ 30.1088686, 70.5178308 ], [ 30.108925, 70.5177954 ], [ 30.1091564, 70.5175613 ], [ 30.1097196, 70.5171396 ], [ 30.109876, 70.5170623 ], [ 30.1101913, 70.5170038 ], [ 30.11069, 70.5168152 ], [ 30.1111454, 70.5166171 ], [ 30.1115972, 70.5164369 ], [ 30.1121115, 70.5163124 ], [ 30.1128391, 70.5160629 ], [ 30.1131126, 70.5160099 ], [ 30.113335, 70.5159796 ], [ 30.1140939, 70.5159193 ], [ 30.114821, 70.5159301 ], [ 30.1152748, 70.5159524 ], [ 30.1155062, 70.5156838 ], [ 30.115584, 70.5156818 ], [ 30.1157827, 70.5157512 ], [ 30.1159354, 70.5157493 ], [ 30.1159693, 70.5157366 ], [ 30.1159952, 70.5156985 ], [ 30.1160151, 70.5155179 ], [ 30.1159069, 70.5152287 ], [ 30.1157432, 70.515214 ], [ 30.1156302, 70.5150232 ], [ 30.115865, 70.5150193 ], [ 30.1161226, 70.5148838 ], [ 30.1160978, 70.5148427 ], [ 30.1160262, 70.5148562 ], [ 30.115754, 70.5148818 ], [ 30.1157377, 70.5148582 ], [ 30.1157701, 70.5146846 ], [ 30.1158119, 70.5146463 ], [ 30.1159587, 70.5144004 ], [ 30.1160265, 70.5141015 ], [ 30.1160188, 70.5140043 ], [ 30.1160704, 70.5138409 ], [ 30.1161679, 70.5136691 ], [ 30.1163577, 70.5134368 ], [ 30.1166422, 70.5132057 ], [ 30.1169625, 70.5129701 ], [ 30.1174206, 70.5128492 ], [ 30.1174267, 70.5128413 ], [ 30.1174036, 70.5128049 ], [ 30.117369, 70.5127979 ], [ 30.1172377, 70.5127865 ], [ 30.1169567, 70.5127843 ], [ 30.1168809, 70.5127701 ], [ 30.1167843, 70.512726 ], [ 30.1167604, 70.5126621 ], [ 30.1167861, 70.5125535 ], [ 30.1163398, 70.5122471 ], [ 30.1162069, 70.511961 ], [ 30.1161952, 70.5117596 ], [ 30.1162096, 70.5116996 ], [ 30.1165906, 70.5115834 ], [ 30.1167661, 70.5114454 ], [ 30.1163922, 70.511471 ], [ 30.1163514, 70.5113165 ], [ 30.1161368, 70.5109887 ], [ 30.1159949, 70.5109109 ], [ 30.1158696, 70.5108965 ], [ 30.1156271, 70.5107404 ], [ 30.1153812, 70.5103429 ], [ 30.1154142, 70.5102382 ], [ 30.1155706, 70.5101146 ], [ 30.1157853, 70.5100388 ], [ 30.1158589, 70.5099956 ], [ 30.1159115, 70.5098583 ], [ 30.1160405, 70.5097368 ], [ 30.1163807, 70.5095851 ], [ 30.116707, 70.5094618 ], [ 30.1169755, 70.5093237 ], [ 30.1171873, 70.5091468 ], [ 30.1172649, 70.5089891 ], [ 30.1174961, 70.5088748 ], [ 30.1180192, 70.5086671 ], [ 30.1183458, 70.508669 ], [ 30.1183946, 70.5086635 ], [ 30.1185286, 70.5086271 ], [ 30.1187305, 70.5084788 ], [ 30.1187638, 70.5084363 ], [ 30.118799, 70.5081429 ], [ 30.1186534, 70.5080802 ], [ 30.1185615, 70.5080129 ], [ 30.1184904, 70.5079226 ], [ 30.1184457, 70.5076874 ], [ 30.1184768, 70.5076174 ], [ 30.1187957, 70.5074423 ], [ 30.1194758, 70.5071762 ], [ 30.1215969, 70.5064585 ], [ 30.1231932, 70.5059009 ], [ 30.1245192, 70.5055157 ], [ 30.1254923, 70.5052631 ], [ 30.1258596, 70.5051802 ], [ 30.1267997, 70.504996 ], [ 30.1285726, 70.5047741 ], [ 30.1295011, 70.5046765 ], [ 30.1299315, 70.504639 ], [ 30.1304408, 70.5046048 ], [ 30.1315596, 70.5045504 ], [ 30.1328747, 70.5045463 ], [ 30.1332058, 70.5045289 ], [ 30.1338314, 70.5045395 ], [ 30.1345296, 70.5045732 ], [ 30.1350857, 70.504637 ], [ 30.1356057, 70.5047252 ], [ 30.1359134, 70.5047935 ], [ 30.136158, 70.5048232 ], [ 30.1362374, 70.5048409 ], [ 30.1363589, 70.5048389 ], [ 30.1364422, 70.5048223 ], [ 30.1365387, 70.5047722 ], [ 30.1364905, 70.5047194 ], [ 30.1363503, 70.5047127 ], [ 30.136292, 70.5046871 ], [ 30.1361342, 70.5046199 ], [ 30.1363159, 70.5045841 ], [ 30.1364986, 70.504548 ], [ 30.1365747, 70.5045875 ], [ 30.1367118, 70.5046403 ], [ 30.1367894, 70.5047014 ], [ 30.1375248, 70.5049171 ], [ 30.1377498, 70.5050568 ], [ 30.1381136, 70.5051601 ], [ 30.1385229, 70.5052385 ], [ 30.1393964, 70.5053754 ], [ 30.1397665, 70.5054223 ], [ 30.14017, 70.505441 ], [ 30.1403075, 70.5054624 ], [ 30.1409826, 70.5056068 ], [ 30.1415825, 70.5058093 ], [ 30.1423938, 70.506216 ], [ 30.1428271, 70.5065946 ], [ 30.1429544, 70.5066622 ], [ 30.1430964, 70.5067209 ], [ 30.1433344, 70.5068665 ], [ 30.1436373, 70.5071066 ], [ 30.1439799, 70.5072902 ], [ 30.1440986, 70.5073393 ], [ 30.1443486, 70.5074191 ], [ 30.1450249, 70.5075443 ], [ 30.1462636, 70.5078154 ], [ 30.1468825, 70.5080183 ], [ 30.1476798, 70.5082159 ], [ 30.148719, 70.5084519 ], [ 30.1498795, 70.5087454 ], [ 30.1499604, 70.508771 ], [ 30.1501477, 70.5088304 ], [ 30.1504917, 70.5089721 ], [ 30.1505693, 70.5090168 ], [ 30.1505919, 70.5090544 ], [ 30.151117, 70.5091977 ], [ 30.1514766, 70.5092785 ], [ 30.1514984, 70.509399 ], [ 30.1515605, 70.509494 ], [ 30.1518642, 70.5095363 ], [ 30.1522315, 70.5095443 ], [ 30.1524153, 70.5095557 ], [ 30.1526968, 70.509591 ], [ 30.1530254, 70.5096434 ], [ 30.1538889, 70.5098082 ], [ 30.1539466, 70.5098263 ], [ 30.1541069, 70.5098988 ], [ 30.1541153, 70.509914 ], [ 30.1541042, 70.509953 ], [ 30.1540142, 70.5100155 ], [ 30.1540038, 70.5100427 ], [ 30.1546676, 70.5100871 ], [ 30.1549894, 70.5100971 ], [ 30.1555507, 70.510209 ], [ 30.1556322, 70.5102321 ], [ 30.1561131, 70.5104198 ], [ 30.1565061, 70.5106416 ], [ 30.1565752, 70.5106926 ], [ 30.1566503, 70.511172 ], [ 30.1570125, 70.511439 ], [ 30.157255, 70.5114858 ], [ 30.1574405, 70.5114982 ], [ 30.1577855, 70.5115399 ], [ 30.1580007, 70.5116177 ], [ 30.1581875, 70.5117182 ], [ 30.159058, 70.5119415 ], [ 30.1595749, 70.5120638 ], [ 30.1602753, 70.5122585 ], [ 30.1612723, 70.5125726 ], [ 30.1613773, 70.5126124 ], [ 30.1616351, 70.5127524 ], [ 30.1620292, 70.5129432 ], [ 30.1633989, 70.5134546 ], [ 30.1636581, 70.5135938 ], [ 30.1643473, 70.5138066 ], [ 30.1656705, 70.5142613 ], [ 30.1662638, 70.5145106 ], [ 30.1669883, 70.5147665 ], [ 30.1672823, 70.5148021 ], [ 30.1684895, 70.5152902 ], [ 30.168672, 70.5153421 ], [ 30.1691586, 70.5154394 ], [ 30.1695571, 70.515554 ], [ 30.1702286, 70.5159996 ], [ 30.171104, 70.5163146 ], [ 30.1712829, 70.5163707 ], [ 30.1718487, 70.5165091 ], [ 30.1729763, 70.5167309 ], [ 30.1734723, 70.5168777 ], [ 30.1739374, 70.5170305 ], [ 30.1742057, 70.5171035 ], [ 30.1746541, 70.5171904 ], [ 30.1753774, 70.5173893 ], [ 30.1758113, 70.5175443 ], [ 30.1761842, 70.517664 ], [ 30.1768873, 70.5178621 ], [ 30.1771153, 70.5179382 ], [ 30.1773478, 70.5180413 ], [ 30.1776854, 70.5181516 ], [ 30.1780001, 70.5182396 ], [ 30.178355, 70.5183099 ], [ 30.1785978, 70.5183449 ], [ 30.1787681, 70.5184777 ], [ 30.1788833, 70.5186085 ], [ 30.1791314, 70.5186435 ], [ 30.1792551, 70.5185846 ], [ 30.1792887, 70.5185802 ], [ 30.1795437, 70.5186112 ], [ 30.1796321, 70.5186657 ], [ 30.1797646, 70.5188263 ], [ 30.1799384, 70.518981 ], [ 30.1800874, 70.5189779 ], [ 30.1801676, 70.518899 ], [ 30.180519, 70.5190923 ], [ 30.1807853, 70.5192769 ], [ 30.1810781, 70.5192817 ], [ 30.1819922, 70.5193424 ], [ 30.1827711, 70.5194391 ], [ 30.1828312, 70.5194602 ], [ 30.1829335, 70.519519 ], [ 30.1832448, 70.519569 ], [ 30.18412, 70.5196854 ], [ 30.1842511, 70.5197426 ], [ 30.1842491, 70.5197544 ], [ 30.1841687, 70.5197868 ], [ 30.1841347, 70.519781 ], [ 30.1840103, 70.5197827 ], [ 30.1839166, 70.5199174 ], [ 30.1839028, 70.5199827 ], [ 30.18419, 70.5201734 ], [ 30.1842199, 70.5201843 ], [ 30.1842669, 70.5201869 ], [ 30.1842973, 70.5201841 ], [ 30.1843099, 70.5201723 ], [ 30.1842976, 70.5200638 ], [ 30.1842556, 70.5199549 ], [ 30.184273, 70.5199282 ], [ 30.1843472, 70.5199007 ], [ 30.1849914, 70.5200029 ], [ 30.1850196, 70.5200149 ], [ 30.1850271, 70.520051 ], [ 30.184891, 70.5201632 ], [ 30.1847807, 70.5202341 ], [ 30.1847606, 70.5202832 ], [ 30.1847612, 70.5203307 ], [ 30.1849562, 70.5204543 ], [ 30.1850346, 70.5204571 ], [ 30.1850967, 70.5204491 ], [ 30.1851, 70.5203593 ], [ 30.1857245, 70.5203627 ], [ 30.1861353, 70.5203854 ], [ 30.1863446, 70.5204185 ], [ 30.1865487, 70.5204957 ], [ 30.1866545, 70.5205613 ], [ 30.1868533, 70.5206127 ], [ 30.1873158, 70.5207082 ], [ 30.187657, 70.5207525 ], [ 30.18787, 70.5208288 ], [ 30.1886168, 70.5212525 ], [ 30.1886735, 70.5213065 ], [ 30.1889502, 70.5213821 ], [ 30.1891739, 70.5213754 ], [ 30.1892376, 70.5213807 ], [ 30.1893116, 70.5214138 ], [ 30.19007, 70.521999 ], [ 30.1901363, 70.5220279 ], [ 30.1902104, 70.5220376 ], [ 30.1904693, 70.5218555 ], [ 30.1906353, 70.5218607 ], [ 30.1911237, 70.5219171 ], [ 30.1918819, 70.522049 ], [ 30.193049, 70.5222013 ], [ 30.1938868, 70.522269 ], [ 30.1948817, 70.5223815 ], [ 30.1953784, 70.5224473 ], [ 30.1960357, 70.5225935 ], [ 30.1963823, 70.5226836 ], [ 30.1975354, 70.5231024 ], [ 30.1981192, 70.5233269 ], [ 30.1994898, 70.52376 ], [ 30.1998257, 70.5238379 ], [ 30.1999592, 70.5238829 ], [ 30.2001731, 70.5239549 ], [ 30.2004661, 70.5240983 ], [ 30.2006467, 70.5242346 ], [ 30.2006553, 70.5242543 ], [ 30.2006244, 70.5242743 ], [ 30.2003821, 70.5243085 ], [ 30.200188, 70.5243563 ], [ 30.2001523, 70.524444 ], [ 30.2003691, 70.5246152 ], [ 30.2006829, 70.5247874 ], [ 30.2008603, 70.5247954 ], [ 30.2010451, 70.5248525 ], [ 30.2010628, 70.5249529 ], [ 30.2011981, 70.5249563 ], [ 30.2013393, 70.5249452 ], [ 30.2014512, 70.5248696 ], [ 30.2014095, 70.5247991 ], [ 30.2014194, 70.5247835 ], [ 30.2014468, 70.5247721 ], [ 30.2015958, 70.5247562 ], [ 30.2017483, 70.5247566 ], [ 30.201833, 70.5247622 ], [ 30.2018546, 70.5247702 ], [ 30.2020143, 70.5249213 ], [ 30.2022321, 70.5249227 ], [ 30.2025814, 70.5248677 ], [ 30.2026883, 70.5248618 ], [ 30.2037189, 70.5248982 ], [ 30.2039829, 70.5249149 ], [ 30.2045619, 70.525006 ], [ 30.2052984, 70.5251963 ], [ 30.2055404, 70.5253987 ], [ 30.2056176, 70.5254446 ], [ 30.2057046, 70.5254755 ], [ 30.2058383, 70.5254877 ], [ 30.2062477, 70.5254791 ], [ 30.2064466, 70.525429 ], [ 30.2064635, 70.5254154 ], [ 30.2065997, 70.5254027 ], [ 30.2071437, 70.5253935 ], [ 30.2073146, 70.5254001 ], [ 30.2073774, 70.5254143 ], [ 30.2073844, 70.525468 ], [ 30.2075827, 70.5255966 ], [ 30.2079057, 70.525704 ], [ 30.2085206, 70.525821 ], [ 30.2085989, 70.5258021 ], [ 30.208722, 70.5256989 ], [ 30.2090211, 70.525636 ], [ 30.2091822, 70.525641 ], [ 30.2092541, 70.5258051 ], [ 30.2092891, 70.5258364 ], [ 30.2095113, 70.5259471 ], [ 30.2096853, 70.5258808 ], [ 30.2098955, 70.5257734 ], [ 30.2099629, 70.5257657 ], [ 30.2099997, 70.5257715 ], [ 30.2104833, 70.5259535 ], [ 30.2107693, 70.525938 ], [ 30.2108467, 70.5259405 ], [ 30.2112177, 70.5260083 ], [ 30.2112684, 70.5260746 ], [ 30.211246, 70.5261091 ], [ 30.211174, 70.5261363 ], [ 30.2110526, 70.5261391 ], [ 30.2109216, 70.5261607 ], [ 30.2107577, 70.5262035 ], [ 30.2107494, 70.5262219 ], [ 30.210812, 70.5263566 ], [ 30.2110021, 70.5263532 ], [ 30.2113369, 70.5263105 ], [ 30.2117041, 70.5263539 ], [ 30.2119732, 70.5264088 ], [ 30.2125637, 70.5265999 ], [ 30.2125279, 70.5267849 ], [ 30.2133908, 70.5268638 ], [ 30.2139479, 70.5267755 ], [ 30.2141045, 70.5267639 ], [ 30.214593, 70.5267633 ], [ 30.2147405, 70.5267724 ], [ 30.2162411, 70.5269243 ], [ 30.216644, 70.5270176 ], [ 30.2173554, 70.5271115 ], [ 30.2174719, 70.5271214 ], [ 30.2178784, 70.5271338 ], [ 30.2179886, 70.5271524 ], [ 30.2195544, 70.5275107 ], [ 30.2199386, 70.527574 ], [ 30.2207548, 70.5277454 ], [ 30.2213694, 70.5279207 ], [ 30.2219946, 70.5280263 ], [ 30.2228433, 70.5281457 ], [ 30.2230409, 70.5281452 ], [ 30.2239687, 70.5281738 ], [ 30.224469, 70.5282557 ], [ 30.2259027, 70.5285578 ], [ 30.2261928, 70.5286341 ], [ 30.2261323, 70.5286626 ], [ 30.2259857, 70.5286686 ], [ 30.2258178, 70.5286943 ], [ 30.2253803, 70.528813 ], [ 30.2253939, 70.5288613 ], [ 30.2256342, 70.5290504 ], [ 30.2258043, 70.529076 ], [ 30.2258631, 70.5290741 ], [ 30.2259044, 70.5290635 ], [ 30.2259999, 70.5289088 ], [ 30.2261693, 70.5288346 ], [ 30.2262426, 70.5288236 ], [ 30.2263194, 70.5289655 ], [ 30.2265108, 70.5291413 ], [ 30.2266579, 70.5291241 ], [ 30.2267177, 70.5291037 ], [ 30.2275586, 70.5290785 ], [ 30.2281722, 70.5290999 ], [ 30.2282337, 70.5292252 ], [ 30.2281894, 70.5292449 ], [ 30.2281438, 70.5293124 ], [ 30.2284852, 70.5294626 ], [ 30.2287482, 70.529398 ], [ 30.228837, 70.5294063 ], [ 30.228906, 70.5293943 ], [ 30.2289345, 70.5293782 ], [ 30.228948, 70.5292649 ], [ 30.2289792, 70.5292463 ], [ 30.2293736, 70.529318 ], [ 30.2293535, 70.5293558 ], [ 30.2292347, 70.5294019 ], [ 30.22918, 70.529463 ], [ 30.2292207, 70.5295385 ], [ 30.2293208, 70.5295882 ], [ 30.2294532, 70.5295468 ], [ 30.2295157, 70.5295041 ], [ 30.2295522, 70.5293704 ], [ 30.2295775, 70.5293577 ], [ 30.2298988, 70.5293313 ], [ 30.2299955, 70.5293858 ], [ 30.2300622, 70.529568 ], [ 30.2301628, 70.5296624 ], [ 30.2305409, 70.5296954 ], [ 30.2307151, 70.5297019 ], [ 30.2311094, 70.5296011 ], [ 30.2312021, 70.5295426 ], [ 30.2312646, 70.5295246 ], [ 30.231302, 70.5295252 ], [ 30.231613, 70.5296099 ], [ 30.2317104, 70.5296682 ], [ 30.231915, 70.5297419 ], [ 30.2324022, 70.5296666 ], [ 30.2326358, 70.5296508 ], [ 30.2326247, 70.5296816 ], [ 30.2325661, 70.5297099 ], [ 30.232186, 70.5297574 ], [ 30.2320211, 70.5298047 ], [ 30.2320103, 70.5298341 ], [ 30.2321819, 70.5299713 ], [ 30.2326778, 70.5299696 ], [ 30.2328368, 70.5299102 ], [ 30.2330703, 70.5298716 ], [ 30.2333514, 70.5298427 ], [ 30.2335614, 70.5299313 ], [ 30.233456, 70.5299499 ], [ 30.2334572, 70.5299935 ], [ 30.2336746, 70.530063 ], [ 30.2337433, 70.5300632 ], [ 30.2338192, 70.5300443 ], [ 30.2339535, 70.5299516 ], [ 30.2340168, 70.5299235 ], [ 30.2345215, 70.529955 ], [ 30.2345152, 70.5299899 ], [ 30.2343984, 70.530096 ], [ 30.2342874, 70.5301533 ], [ 30.2342657, 70.5301805 ], [ 30.2342747, 70.530223 ], [ 30.2344588, 70.530246 ], [ 30.2349725, 70.530283 ], [ 30.2354492, 70.5302669 ], [ 30.2356886, 70.5302371 ], [ 30.2358861, 70.5301837 ], [ 30.2362101, 70.5301646 ], [ 30.2363019, 70.5301686 ], [ 30.2365304, 70.5302068 ], [ 30.2365371, 70.5302138 ], [ 30.2365026, 70.5302429 ], [ 30.236333, 70.5302694 ], [ 30.2363312, 70.5303055 ], [ 30.2363596, 70.5303208 ], [ 30.2365155, 70.5303699 ], [ 30.2368193, 70.5304015 ], [ 30.2369, 70.5303924 ], [ 30.2369239, 70.5303808 ], [ 30.2370282, 70.5301859 ], [ 30.2371094, 70.5301201 ], [ 30.2371825, 70.5301073 ], [ 30.2377262, 70.5300849 ], [ 30.2380377, 70.5300916 ], [ 30.2384411, 70.5301793 ], [ 30.2389611, 70.5301785 ], [ 30.2391846, 70.5301962 ], [ 30.2399765, 70.5303199 ], [ 30.2401396, 70.5304168 ], [ 30.2402249, 70.5304927 ], [ 30.2404565, 70.5304169 ], [ 30.2406114, 70.5303118 ], [ 30.2406475, 70.5302977 ], [ 30.2407502, 70.5302849 ], [ 30.2412312, 70.5303663 ], [ 30.2412903, 70.5304096 ], [ 30.2412211, 70.5304476 ], [ 30.241029, 70.5304997 ], [ 30.2406691, 70.5306768 ], [ 30.2406712, 70.5307589 ], [ 30.240728, 70.5308093 ], [ 30.2408742, 70.5308616 ], [ 30.2409415, 70.5308722 ], [ 30.2410034, 70.5308699 ], [ 30.2410467, 70.5308601 ], [ 30.2414931, 70.530683 ], [ 30.2415607, 70.5306441 ], [ 30.24162, 70.5306593 ], [ 30.2416329, 70.5306858 ], [ 30.241614, 70.5307793 ], [ 30.2415878, 70.5308013 ], [ 30.2414861, 70.5308405 ], [ 30.2414738, 70.530883 ], [ 30.2415462, 70.530911 ], [ 30.2416027, 70.5309108 ], [ 30.2421284, 70.5308585 ], [ 30.2425759, 70.5307168 ], [ 30.2429765, 70.5305682 ], [ 30.2430296, 70.530556 ], [ 30.2442147, 70.5305157 ], [ 30.2445905, 70.5305194 ], [ 30.2451358, 70.5305596 ], [ 30.2451891, 70.5305714 ], [ 30.2457685, 70.5307335 ], [ 30.2459047, 70.5308313 ], [ 30.2460406, 70.5308979 ], [ 30.2463923, 70.5309316 ], [ 30.2464788, 70.5309277 ], [ 30.247068, 70.5308599 ], [ 30.2477185, 70.5308407 ], [ 30.2477462, 70.5308541 ], [ 30.247759, 70.5310124 ], [ 30.2477856, 70.5310477 ], [ 30.2479277, 70.5311499 ], [ 30.2479902, 70.5311733 ], [ 30.2485762, 70.5313112 ], [ 30.2486451, 70.531293 ], [ 30.249227, 70.5310474 ], [ 30.24938, 70.5309299 ], [ 30.2493464, 70.5308755 ], [ 30.2493564, 70.5308483 ], [ 30.2493944, 70.5308266 ], [ 30.2496067, 70.5308096 ], [ 30.2497983, 70.530806 ], [ 30.2499202, 70.5308125 ], [ 30.2499579, 70.5308172 ], [ 30.2506016, 70.5308994 ], [ 30.2507907, 70.5309561 ], [ 30.2508916, 70.5310211 ], [ 30.2508983, 70.5310627 ], [ 30.2507925, 70.5310794 ], [ 30.2507184, 70.5311077 ], [ 30.2506234, 70.5311624 ], [ 30.2506197, 70.5311891 ], [ 30.2509628, 70.5313811 ], [ 30.2510822, 70.5313774 ], [ 30.2511298, 70.5313688 ], [ 30.2512247, 70.5313238 ], [ 30.2516115, 70.5314716 ], [ 30.2517818, 70.5316171 ], [ 30.2519739, 70.5316938 ], [ 30.2520645, 70.5316968 ], [ 30.2521592, 70.5316913 ], [ 30.2521923, 70.5316827 ], [ 30.2523871, 70.5316096 ], [ 30.2524261, 70.5315516 ], [ 30.2525677, 70.5314863 ], [ 30.252801, 70.5314018 ], [ 30.2529276, 70.531376 ], [ 30.2530167, 70.5313697 ], [ 30.2531341, 70.5313763 ], [ 30.2531844, 70.5314107 ], [ 30.2532558, 70.5315102 ], [ 30.2536597, 70.5316877 ], [ 30.2537368, 70.5317076 ], [ 30.2543819, 70.5318207 ], [ 30.2544564, 70.5318241 ], [ 30.2546126, 70.5318111 ], [ 30.2546768, 70.531799 ], [ 30.2548637, 70.5316841 ], [ 30.254804, 70.5315433 ], [ 30.2546451, 70.5314136 ], [ 30.2545269, 70.5313922 ], [ 30.2545209, 70.531383 ], [ 30.2545393, 70.5313499 ], [ 30.2546656, 70.5312852 ], [ 30.2550578, 70.531229 ], [ 30.2551908, 70.5312283 ], [ 30.2555116, 70.5312535 ], [ 30.2555591, 70.5312638 ], [ 30.2555997, 70.5312874 ], [ 30.2557462, 70.5314473 ], [ 30.2558065, 70.5315808 ], [ 30.255918, 70.5316077 ], [ 30.255975, 70.5315963 ], [ 30.2560368, 70.5315671 ], [ 30.2560574, 70.531346 ], [ 30.2565128, 70.5312227 ], [ 30.2566385, 70.531216 ], [ 30.2576319, 70.5312177 ], [ 30.2578141, 70.5312213 ], [ 30.2583398, 70.531258 ], [ 30.2585567, 70.5313091 ], [ 30.2586056, 70.5314144 ], [ 30.2588113, 70.5316718 ], [ 30.259296, 70.5319372 ], [ 30.2593756, 70.5319683 ], [ 30.2597522, 70.5319974 ], [ 30.2599353, 70.5319447 ], [ 30.2601527, 70.5318652 ], [ 30.2602246, 70.5318644 ], [ 30.2604521, 70.5319963 ], [ 30.2606693, 70.532141 ], [ 30.2611949, 70.5323069 ], [ 30.261242, 70.5323099 ], [ 30.2613479, 70.5323063 ], [ 30.2614159, 70.5322952 ], [ 30.2619828, 70.5321611 ], [ 30.2621107, 70.5321401 ], [ 30.262157, 70.5321352 ], [ 30.2623415, 70.5321393 ], [ 30.2625172, 70.5321571 ], [ 30.262508, 70.5322233 ], [ 30.2623457, 70.5322602 ], [ 30.2622922, 70.5322876 ], [ 30.2622826, 70.5323566 ], [ 30.2623159, 70.5324313 ], [ 30.2624357, 70.5324296 ], [ 30.2627015, 70.532363 ], [ 30.2628482, 70.5323008 ], [ 30.2630747, 70.5323213 ], [ 30.2633085, 70.5325247 ], [ 30.2633126, 70.5325408 ], [ 30.2631984, 70.5325516 ], [ 30.2631524, 70.5325694 ], [ 30.2631785, 70.5326366 ], [ 30.2632935, 70.5326752 ], [ 30.2636159, 70.5325691 ], [ 30.2637675, 70.5324185 ], [ 30.2640305, 70.5324204 ], [ 30.2643982, 70.5325385 ], [ 30.2645618, 70.5326388 ], [ 30.2645181, 70.5326539 ], [ 30.2643499, 70.5326591 ], [ 30.2643387, 70.5326733 ], [ 30.264359, 70.5327196 ], [ 30.2644444, 70.5327916 ], [ 30.2646763, 70.5328699 ], [ 30.2654996, 70.5330583 ], [ 30.2660544, 70.5330577 ], [ 30.266286, 70.532961 ], [ 30.2663936, 70.5328611 ], [ 30.2664851, 70.5328449 ], [ 30.2666146, 70.5328511 ], [ 30.2666331, 70.5328791 ], [ 30.2666171, 70.533098 ], [ 30.2665762, 70.5331268 ], [ 30.2663697, 70.5332218 ], [ 30.2662841, 70.5332468 ], [ 30.2662025, 70.5332596 ], [ 30.2661633, 70.5332755 ], [ 30.2661752, 70.5333263 ], [ 30.2663026, 70.5333779 ], [ 30.2668217, 70.5334335 ], [ 30.267768, 70.5334485 ], [ 30.2677935, 70.5334422 ], [ 30.267817, 70.5333816 ], [ 30.2684039, 70.5333519 ], [ 30.2684664, 70.5333552 ], [ 30.2688124, 70.5334219 ], [ 30.2688128, 70.5334599 ], [ 30.2687351, 70.5335001 ], [ 30.2686711, 70.533586 ], [ 30.2686812, 70.5336636 ], [ 30.2687315, 70.5336743 ], [ 30.2688562, 70.5336707 ], [ 30.2689959, 70.5336388 ], [ 30.2690846, 70.5335699 ], [ 30.2688672, 70.5335047 ], [ 30.2688669, 70.5334974 ], [ 30.2696475, 70.5334751 ], [ 30.2698802, 70.533475 ], [ 30.2699967, 70.5335138 ], [ 30.2699925, 70.5335462 ], [ 30.2698446, 70.5335833 ], [ 30.2697646, 70.5336132 ], [ 30.2696367, 70.533689 ], [ 30.2696013, 70.5337396 ], [ 30.2696054, 70.5337502 ], [ 30.2697481, 70.5337969 ], [ 30.2699786, 70.5337919 ], [ 30.2707168, 70.533476 ], [ 30.2707683, 70.5334783 ], [ 30.2707909, 70.5334904 ], [ 30.2707963, 70.5335496 ], [ 30.2707857, 70.5336882 ], [ 30.2707002, 70.5337444 ], [ 30.2705801, 70.5339002 ], [ 30.2705206, 70.5340869 ], [ 30.2706632, 70.5341663 ], [ 30.2706909, 70.5341742 ], [ 30.2707814, 70.5341757 ], [ 30.2709227, 70.5341627 ], [ 30.2711495, 70.5341611 ], [ 30.2712559, 70.5342099 ], [ 30.2713749, 70.5343068 ], [ 30.271396, 70.5343088 ], [ 30.271878, 70.5342761 ], [ 30.2720694, 70.5341866 ], [ 30.2725581, 70.5341966 ], [ 30.2726442, 70.5342913 ], [ 30.2724555, 70.5344341 ], [ 30.272637, 70.5344894 ], [ 30.2728502, 70.5345277 ], [ 30.2729891, 70.5345302 ], [ 30.2730588, 70.5345188 ], [ 30.2733661, 70.5344024 ], [ 30.2735918, 70.5343888 ], [ 30.2735675, 70.534466 ], [ 30.273507, 70.5345141 ], [ 30.2733609, 70.5345938 ], [ 30.2733319, 70.534624 ], [ 30.273388, 70.5346508 ], [ 30.2735499, 70.5346563 ], [ 30.2736952, 70.534651 ], [ 30.2737778, 70.5346363 ], [ 30.2740188, 70.5345508 ], [ 30.2742479, 70.5344922 ], [ 30.2747244, 70.5346791 ], [ 30.2747726, 70.5348064 ], [ 30.2747824, 70.5349069 ], [ 30.2748023, 70.5349255 ], [ 30.2748405, 70.5349319 ], [ 30.2758095, 70.5348885 ], [ 30.2760771, 70.5347755 ], [ 30.2762397, 70.5347632 ], [ 30.2765983, 70.5348279 ], [ 30.2768328, 70.5349605 ], [ 30.2769838, 70.5350202 ], [ 30.2770295, 70.535031 ], [ 30.2772542, 70.5350551 ], [ 30.2773946, 70.5350496 ], [ 30.2775194, 70.5350319 ], [ 30.2788839, 70.5350177 ], [ 30.2792283, 70.5349727 ], [ 30.2794203, 70.5349155 ], [ 30.2795777, 70.5348819 ], [ 30.279928, 70.5348602 ], [ 30.2801424, 70.5348624 ], [ 30.2802678, 70.5348716 ], [ 30.2806937, 70.5349227 ], [ 30.2816585, 70.5350846 ], [ 30.2819528, 70.5351824 ], [ 30.2821351, 70.5352752 ], [ 30.2825813, 70.53557 ], [ 30.2825557, 70.5356205 ], [ 30.2823531, 70.5356974 ], [ 30.2823318, 70.5357138 ], [ 30.2823685, 70.5357599 ], [ 30.2823987, 70.5357736 ], [ 30.2825484, 70.5357891 ], [ 30.2828721, 70.5358027 ], [ 30.2830743, 70.5358246 ], [ 30.2833234, 70.5358793 ], [ 30.2833863, 70.5359152 ], [ 30.2834881, 70.5360685 ], [ 30.2832611, 70.5361413 ], [ 30.283459, 70.5362005 ], [ 30.283654, 70.5362105 ], [ 30.284548, 70.5362921 ], [ 30.2851923, 70.5364068 ], [ 30.285265, 70.5364419 ], [ 30.2853984, 70.5365941 ], [ 30.2853275, 70.5366863 ], [ 30.2853173, 70.5368235 ], [ 30.2854347, 70.5368716 ], [ 30.2855923, 70.536908 ], [ 30.285892, 70.536949 ], [ 30.2859301, 70.5369768 ], [ 30.2859464, 70.537029 ], [ 30.2859312, 70.5370502 ], [ 30.2853974, 70.5370985 ], [ 30.2852681, 70.537155 ], [ 30.2851102, 70.5373752 ], [ 30.2851069, 70.5374139 ], [ 30.28515, 70.5374438 ], [ 30.2858052, 70.5375407 ], [ 30.2860607, 70.5375563 ], [ 30.2863604, 70.5376049 ], [ 30.2865724, 70.5377027 ], [ 30.2866982, 70.5377313 ], [ 30.2868149, 70.5377466 ], [ 30.2871006, 70.5377504 ], [ 30.2871851, 70.5377438 ], [ 30.2872007, 70.5377357 ], [ 30.2872234, 70.5375324 ], [ 30.2870683, 70.5375304 ], [ 30.2870794, 70.5375105 ], [ 30.2874477, 70.5374222 ], [ 30.287586, 70.5373993 ], [ 30.2879478, 70.5373599 ], [ 30.2880714, 70.5373613 ], [ 30.2881449, 70.5373694 ], [ 30.2881796, 70.5373788 ], [ 30.2881771, 70.5373902 ], [ 30.2880245, 70.5374441 ], [ 30.2878863, 70.5376002 ], [ 30.2878768, 70.5378721 ], [ 30.2884137, 70.5379991 ], [ 30.2886732, 70.5379989 ], [ 30.2887598, 70.5379727 ], [ 30.2888308, 70.5379375 ], [ 30.2890412, 70.5377688 ], [ 30.2891354, 70.5376555 ], [ 30.2893941, 70.5375286 ], [ 30.2894305, 70.5375252 ], [ 30.2898834, 70.5375493 ], [ 30.2903382, 70.5376316 ], [ 30.2909487, 70.5377891 ], [ 30.2910293, 70.5378944 ], [ 30.29174, 70.5380894 ], [ 30.2919327, 70.5381566 ], [ 30.2919565, 70.5381963 ], [ 30.2919051, 70.5382118 ], [ 30.2918904, 70.5382396 ], [ 30.2919293, 70.5382921 ], [ 30.2921547, 70.5383736 ], [ 30.2922326, 70.5383849 ], [ 30.2924121, 70.5383719 ], [ 30.2927797, 70.5384019 ], [ 30.2931132, 70.538873 ], [ 30.2933603, 70.5388705 ], [ 30.2934274, 70.5388536 ], [ 30.2934565, 70.5388386 ], [ 30.2934561, 70.5388166 ], [ 30.2933882, 70.5387996 ], [ 30.2935171, 70.5386866 ], [ 30.2936231, 70.5386308 ], [ 30.2938683, 70.5386299 ], [ 30.2942237, 70.5387214 ], [ 30.2942452, 70.5387563 ], [ 30.294234, 70.5388029 ], [ 30.2941377, 70.5388763 ], [ 30.2941353, 70.5389322 ], [ 30.2944052, 70.5390816 ], [ 30.2949643, 70.5391013 ], [ 30.2952174, 70.5390819 ], [ 30.2952813, 70.5390733 ], [ 30.2955494, 70.5389885 ], [ 30.2956203, 70.538915 ], [ 30.2956728, 70.5389052 ], [ 30.2957646, 70.5389041 ], [ 30.2959807, 70.5389077 ], [ 30.2963055, 70.5389546 ], [ 30.2963436, 70.5389666 ], [ 30.2964418, 70.5390933 ], [ 30.2965674, 70.5391974 ], [ 30.2967772, 70.5392493 ], [ 30.2968601, 70.5392471 ], [ 30.2969494, 70.5392324 ], [ 30.2970665, 70.5391835 ], [ 30.2971024, 70.5391283 ], [ 30.2970162, 70.5390977 ], [ 30.2969975, 70.5390499 ], [ 30.2977787, 70.539111 ], [ 30.2981259, 70.5391063 ], [ 30.2981569, 70.5390927 ], [ 30.2982449, 70.5390846 ], [ 30.298641, 70.5390805 ], [ 30.2988117, 70.5390913 ], [ 30.2990142, 70.5391939 ], [ 30.299294, 70.5393013 ], [ 30.2998999, 70.5394094 ], [ 30.2999565, 70.5394107 ], [ 30.3002638, 70.539418 ], [ 30.3005282, 70.5394022 ], [ 30.300772, 70.5396393 ], [ 30.3010829, 70.5397244 ], [ 30.3017792, 70.5397658 ], [ 30.3026565, 70.5397636 ], [ 30.3026994, 70.539755 ], [ 30.302841, 70.5396902 ], [ 30.3029449, 70.5396622 ], [ 30.3030767, 70.5396563 ], [ 30.3031121, 70.5397675 ], [ 30.3030227, 70.5398085 ], [ 30.3028264, 70.5398577 ], [ 30.3028125, 70.5398877 ], [ 30.3028469, 70.5398966 ], [ 30.3042258, 70.5400586 ], [ 30.3051945, 70.5401638 ], [ 30.3053412, 70.5401875 ], [ 30.3061299, 70.5404222 ], [ 30.3061292, 70.5404316 ], [ 30.3061011, 70.5404347 ], [ 30.3057329, 70.5404369 ], [ 30.3057298, 70.5404808 ], [ 30.3057733, 70.5404905 ], [ 30.3062164, 70.5405189 ], [ 30.3066245, 70.5405261 ], [ 30.307064, 70.5405902 ], [ 30.3070959, 70.5406461 ], [ 30.3064768, 70.5406953 ], [ 30.3066284, 70.5407688 ], [ 30.3069124, 70.5408119 ], [ 30.30744, 70.5407386 ], [ 30.30753, 70.5407297 ], [ 30.3075502, 70.5407344 ], [ 30.3075737, 70.5407558 ], [ 30.3075766, 70.540811 ], [ 30.3074145, 70.5408289 ], [ 30.3073801, 70.5408413 ], [ 30.3073782, 70.5408935 ], [ 30.3074005, 70.5409052 ], [ 30.3077341, 70.540933 ], [ 30.3080939, 70.5409463 ], [ 30.3083194, 70.5409464 ], [ 30.3090144, 70.5409928 ], [ 30.3095283, 70.5410672 ], [ 30.3096118, 70.5410724 ], [ 30.3097895, 70.5410733 ], [ 30.3107918, 70.5410355 ], [ 30.3108745, 70.5410266 ], [ 30.3109372, 70.5409849 ], [ 30.3110771, 70.5409491 ], [ 30.3111168, 70.5409496 ], [ 30.3113589, 70.5410249 ], [ 30.3113638, 70.5410377 ], [ 30.3113346, 70.5411205 ], [ 30.3112164, 70.5411805 ], [ 30.3112153, 70.5413052 ], [ 30.3118082, 70.5413008 ], [ 30.3121278, 70.5414008 ], [ 30.3122398, 70.5414022 ], [ 30.3124417, 70.5413967 ], [ 30.312541, 70.5413781 ], [ 30.3125739, 70.5413627 ], [ 30.3125802, 70.5413283 ], [ 30.3126913, 70.541285 ], [ 30.3127461, 70.5412739 ], [ 30.3127862, 70.5412749 ], [ 30.3129416, 70.5413069 ], [ 30.3131799, 70.5413963 ], [ 30.3131832, 70.5414489 ], [ 30.313105, 70.5414669 ], [ 30.313204, 70.5415083 ], [ 30.313594, 70.5415319 ], [ 30.3139434, 70.5415411 ], [ 30.3141766, 70.5415622 ], [ 30.31434, 70.5417363 ], [ 30.3142697, 70.5417778 ], [ 30.3142304, 70.5418263 ], [ 30.3142415, 70.5418828 ], [ 30.3146115, 70.5420908 ], [ 30.3152001, 70.542142 ], [ 30.315379, 70.5423097 ], [ 30.3159966, 70.5423564 ], [ 30.3161165, 70.5423533 ], [ 30.3163296, 70.542324 ], [ 30.3168508, 70.5422738 ], [ 30.316851, 70.5423991 ], [ 30.316914, 70.5425458 ], [ 30.3169394, 70.5425608 ], [ 30.3170622, 70.5426011 ], [ 30.3177068, 70.5426933 ], [ 30.3178194, 70.5426822 ], [ 30.3180215, 70.5426363 ], [ 30.3182635, 70.5424686 ], [ 30.3185181, 70.5423161 ], [ 30.319603, 70.5424827 ], [ 30.3198737, 70.5426061 ], [ 30.3198884, 70.542665 ], [ 30.3198742, 70.5426802 ], [ 30.3198356, 70.5426911 ], [ 30.3195891, 70.5427041 ], [ 30.3194973, 70.5427224 ], [ 30.31895, 70.5430111 ], [ 30.3190271, 70.5430992 ], [ 30.3194328, 70.5432553 ], [ 30.3207748, 70.5433608 ], [ 30.3218589, 70.5434694 ], [ 30.3220406, 70.5435072 ], [ 30.3220517, 70.5435247 ], [ 30.3215516, 70.5434822 ], [ 30.3214562, 70.5434869 ], [ 30.3213242, 70.5435455 ], [ 30.3213174, 70.5436317 ], [ 30.321331, 70.5436599 ], [ 30.3213558, 70.5436705 ], [ 30.3216394, 70.5437047 ], [ 30.3217437, 70.5437019 ], [ 30.3218675, 70.5436381 ], [ 30.3224828, 70.5436774 ], [ 30.3232939, 70.5437603 ], [ 30.3237533, 70.5438855 ], [ 30.323931, 70.5438974 ], [ 30.3242977, 70.5438057 ], [ 30.3243217, 70.5437453 ], [ 30.3246309, 70.5437147 ], [ 30.3253654, 70.5438778 ], [ 30.3253997, 70.5439802 ], [ 30.325393, 70.5440201 ], [ 30.3252622, 70.5440917 ], [ 30.32522, 70.5441683 ], [ 30.3253184, 70.5442253 ], [ 30.3259392, 70.5442552 ], [ 30.3260714, 70.544253 ], [ 30.3263743, 70.5441722 ], [ 30.326591, 70.5441383 ], [ 30.3270489, 70.5441085 ], [ 30.327049, 70.5441557 ], [ 30.3271742, 70.5442797 ], [ 30.3278608, 70.5444099 ], [ 30.3281024, 70.5444727 ], [ 30.3281181, 70.5444855 ], [ 30.3281066, 70.5445196 ], [ 30.3278977, 70.5446349 ], [ 30.3279141, 70.5446533 ], [ 30.3280207, 70.544688 ], [ 30.3283137, 70.5447153 ], [ 30.3285919, 70.5447147 ], [ 30.3286682, 70.5447003 ], [ 30.3287975, 70.54464 ], [ 30.3292379, 70.5445655 ], [ 30.3297063, 70.5445453 ], [ 30.3300287, 70.5449807 ], [ 30.3306229, 70.5449761 ], [ 30.3307152, 70.5448088 ], [ 30.3307065, 70.5447947 ], [ 30.3304507, 70.5447819 ], [ 30.3303876, 70.5447708 ], [ 30.3303406, 70.5447133 ], [ 30.3307161, 70.5447108 ], [ 30.3310528, 70.5447166 ], [ 30.3311067, 70.5447238 ], [ 30.3311389, 70.5447385 ], [ 30.331141, 70.5447794 ], [ 30.3311156, 70.5448044 ], [ 30.3309879, 70.5448264 ], [ 30.3308785, 70.5449027 ], [ 30.3308595, 70.5449374 ], [ 30.3308671, 70.5449858 ], [ 30.3310909, 70.5449739 ], [ 30.3312643, 70.5449544 ], [ 30.3314204, 70.5450272 ], [ 30.3313541, 70.5451267 ], [ 30.3313588, 70.5451491 ], [ 30.3315325, 70.5451963 ], [ 30.3319257, 70.5452283 ], [ 30.3321246, 70.545228 ], [ 30.3327087, 70.5451802 ], [ 30.3329326, 70.5450678 ], [ 30.332929, 70.5449761 ], [ 30.3329567, 70.5449277 ], [ 30.3329793, 70.544916 ], [ 30.3330215, 70.544918 ], [ 30.3336504, 70.5449713 ], [ 30.3344908, 70.5450938 ], [ 30.3347517, 70.5452258 ], [ 30.3347085, 70.5452371 ], [ 30.334647, 70.5452877 ], [ 30.3346943, 70.5453108 ], [ 30.3352975, 70.5453991 ], [ 30.3357283, 70.5454328 ], [ 30.3358055, 70.5454291 ], [ 30.3362526, 70.5452938 ], [ 30.3366922, 70.5453317 ], [ 30.336709, 70.54542 ], [ 30.336791, 70.5455325 ], [ 30.3374126, 70.5455702 ], [ 30.3375532, 70.5456444 ], [ 30.337556, 70.5456613 ], [ 30.3377724, 70.5456622 ], [ 30.3382145, 70.5456314 ], [ 30.3382945, 70.5456139 ], [ 30.3386019, 70.5455114 ], [ 30.3386857, 70.5454677 ], [ 30.3386834, 70.5454241 ], [ 30.3386609, 70.5454072 ], [ 30.3386085, 70.5453961 ], [ 30.3381656, 70.5453407 ], [ 30.3379483, 70.5453236 ], [ 30.3378072, 70.5452994 ], [ 30.3377725, 70.5452611 ], [ 30.3377966, 70.5452447 ], [ 30.33805, 70.5451511 ], [ 30.3380892, 70.5452063 ], [ 30.3386534, 70.5452352 ], [ 30.3394426, 70.545123 ], [ 30.339881, 70.5449533 ], [ 30.3401015, 70.5448497 ], [ 30.3401576, 70.54481 ], [ 30.3401987, 70.5447063 ], [ 30.3403158, 70.5446707 ], [ 30.3406892, 70.5446518 ], [ 30.3407976, 70.5446599 ], [ 30.3410313, 70.5447046 ], [ 30.3412059, 70.5447538 ], [ 30.3415581, 70.5448828 ], [ 30.3415685, 70.5449397 ], [ 30.3414141, 70.5449964 ], [ 30.3414056, 70.5450158 ], [ 30.3414144, 70.5450939 ], [ 30.3414809, 70.5451563 ], [ 30.3415373, 70.5451627 ], [ 30.3419031, 70.545195 ], [ 30.3426164, 70.5451694 ], [ 30.3429918, 70.54506 ], [ 30.3429636, 70.5450083 ], [ 30.3432547, 70.5449758 ], [ 30.3433719, 70.544973 ], [ 30.343511, 70.5449847 ], [ 30.3437142, 70.5450464 ], [ 30.3435832, 70.5451797 ], [ 30.3436413, 70.5452691 ], [ 30.3436732, 70.5452711 ], [ 30.3440422, 70.5452069 ], [ 30.3442658, 70.545088 ], [ 30.3444258, 70.5450877 ], [ 30.3446975, 70.5451069 ], [ 30.3458663, 70.5452266 ], [ 30.3466616, 70.5453397 ], [ 30.3468541, 70.5453731 ], [ 30.3473572, 70.5454895 ], [ 30.3475583, 70.5455574 ], [ 30.3478354, 70.5456708 ], [ 30.3481164, 70.5458063 ], [ 30.3482963, 70.5459603 ], [ 30.3483241, 70.5459972 ], [ 30.3483756, 70.5464033 ], [ 30.3483639, 70.5465639 ], [ 30.3480589, 70.5465886 ], [ 30.3478588, 70.5466727 ], [ 30.3478216, 70.5467297 ], [ 30.3478331, 70.5467513 ], [ 30.3481029, 70.5467504 ], [ 30.3481379, 70.5467745 ], [ 30.3481411, 70.5468267 ], [ 30.3480104, 70.5471164 ], [ 30.3477705, 70.5472616 ], [ 30.3477218, 70.5473594 ], [ 30.347849, 70.5473731 ], [ 30.3482844, 70.5474558 ], [ 30.3486337, 70.5475602 ], [ 30.3485357, 70.5478296 ], [ 30.3485873, 70.5480347 ], [ 30.3487244, 70.5480427 ], [ 30.3490859, 70.5480305 ], [ 30.349145, 70.5480524 ], [ 30.3492272, 70.5480641 ], [ 30.3499551, 70.5480682 ], [ 30.3503121, 70.5480702 ], [ 30.3506919, 70.5481725 ], [ 30.350698, 70.5481897 ], [ 30.3508414, 70.548216 ], [ 30.3509668, 70.548211 ], [ 30.35123, 70.5481428 ], [ 30.3513359, 70.5480913 ], [ 30.3514835, 70.5480911 ], [ 30.3515647, 70.5481058 ], [ 30.351946, 70.5482053 ], [ 30.352233, 70.5483099 ], [ 30.3524203, 70.5484011 ], [ 30.3525356, 70.5484369 ], [ 30.3527878, 70.5484897 ], [ 30.3529444, 70.5484913 ], [ 30.3530876, 70.5486094 ], [ 30.3527102, 70.5487699 ], [ 30.3527396, 70.5487964 ], [ 30.3536313, 70.5488467 ], [ 30.3550309, 70.5488297 ], [ 30.355055, 70.5488269 ], [ 30.3551116, 70.5487586 ], [ 30.3550487, 70.5487083 ], [ 30.3550575, 70.5486794 ], [ 30.35514, 70.5485936 ], [ 30.3551871, 70.5485758 ], [ 30.3552269, 70.5485713 ], [ 30.3557378, 70.5486272 ], [ 30.3559506, 70.5486819 ], [ 30.356414, 70.5487563 ], [ 30.3565258, 70.5487655 ], [ 30.3568171, 70.5487716 ], [ 30.356876, 70.5487655 ], [ 30.3569318, 70.5487472 ], [ 30.3573839, 70.5487628 ], [ 30.358641, 70.5488268 ], [ 30.3600886, 70.5488147 ], [ 30.3601891, 70.5488061 ], [ 30.3603226, 70.5487728 ], [ 30.3604954, 70.5487094 ], [ 30.3609819, 70.5487202 ], [ 30.361167, 70.5487132 ], [ 30.3612494, 70.5487027 ], [ 30.3614948, 70.5486453 ], [ 30.3619143, 70.5486506 ], [ 30.3621926, 70.5487519 ], [ 30.3621124, 70.5487758 ], [ 30.3619753, 70.5487897 ], [ 30.3619107, 70.5488608 ], [ 30.3619298, 70.5488744 ], [ 30.3623591, 70.5489355 ], [ 30.3633996, 70.5489456 ], [ 30.3652381, 70.5489952 ], [ 30.3656827, 70.548951 ], [ 30.3661174, 70.5488858 ], [ 30.3664792, 70.5487997 ], [ 30.3665639, 70.5486728 ], [ 30.3667918, 70.5486366 ], [ 30.3669048, 70.5486377 ], [ 30.3669706, 70.5485589 ], [ 30.3671268, 70.5485319 ], [ 30.3674936, 70.5484892 ], [ 30.3678369, 70.5484742 ], [ 30.3682697, 70.5484739 ], [ 30.3683691, 70.5484814 ], [ 30.3685918, 70.5485314 ], [ 30.3689433, 70.5485597 ], [ 30.3693909, 70.5485813 ], [ 30.3703823, 70.5485902 ], [ 30.370919, 70.5486608 ], [ 30.3715618, 70.5487953 ], [ 30.3716337, 70.5488266 ], [ 30.3717288, 70.5488886 ], [ 30.3718449, 70.5490589 ], [ 30.3717023, 70.549203 ], [ 30.3716103, 70.5492392 ], [ 30.3714545, 70.5492408 ], [ 30.3714491, 70.5492861 ], [ 30.3714956, 70.5493064 ], [ 30.3715566, 70.5493158 ], [ 30.3721279, 70.5493394 ], [ 30.3722281, 70.5493355 ], [ 30.3725113, 70.5492842 ], [ 30.3724888, 70.5492563 ], [ 30.3724059, 70.5492355 ], [ 30.3724119, 70.5492105 ], [ 30.3724335, 70.5492045 ], [ 30.3728879, 70.549155 ], [ 30.3736402, 70.5491658 ], [ 30.3739916, 70.5491 ], [ 30.3743757, 70.5490097 ], [ 30.3744511, 70.5490081 ], [ 30.3755199, 70.5490167 ], [ 30.3772648, 70.5491241 ], [ 30.377838, 70.5491666 ], [ 30.3780565, 70.5492058 ], [ 30.3783559, 70.5492839 ], [ 30.3784965, 70.5493233 ], [ 30.3788579, 70.5494546 ], [ 30.3793106, 70.5496613 ], [ 30.3794551, 70.5497858 ], [ 30.3796009, 70.5500005 ], [ 30.3796388, 70.5500564 ], [ 30.3796928, 70.5502616 ], [ 30.3795297, 70.5503452 ], [ 30.3795377, 70.5504025 ], [ 30.37976, 70.550575 ], [ 30.3798249, 70.550606 ], [ 30.3799155, 70.550748 ], [ 30.3798706, 70.5507725 ], [ 30.3800206, 70.55084 ], [ 30.3804498, 70.5508777 ], [ 30.3804239, 70.550885 ], [ 30.3804285, 70.5509297 ], [ 30.3807601, 70.5510536 ], [ 30.3811031, 70.551102 ], [ 30.3813982, 70.5511033 ], [ 30.3814421, 70.5511091 ], [ 30.3814468, 70.551118 ], [ 30.3814373, 70.5511339 ], [ 30.3814104, 70.55114 ], [ 30.381281, 70.5511458 ], [ 30.3803941, 70.5511619 ], [ 30.3802236, 70.5512086 ], [ 30.3802621, 70.551235 ], [ 30.3803768, 70.5512617 ], [ 30.3805465, 70.5512805 ], [ 30.3815409, 70.5513449 ], [ 30.3819799, 70.5514475 ], [ 30.3814818, 70.5514905 ], [ 30.3809251, 70.5515047 ], [ 30.3806898, 70.5515183 ], [ 30.3806386, 70.5515269 ], [ 30.3806559, 70.5515558 ], [ 30.3810127, 70.551731 ], [ 30.3816515, 70.5518061 ], [ 30.3819915, 70.5518366 ], [ 30.3827152, 70.5518872 ], [ 30.3832841, 70.5518692 ], [ 30.3832707, 70.5519203 ], [ 30.3832447, 70.5519264 ], [ 30.38219, 70.5519691 ], [ 30.3820689, 70.5519658 ], [ 30.3820117, 70.55195 ], [ 30.3819165, 70.5519533 ], [ 30.3817648, 70.5519719 ], [ 30.3814672, 70.5520339 ], [ 30.3812582, 70.5521058 ], [ 30.3816568, 70.5522258 ], [ 30.3818967, 70.5522483 ], [ 30.3820348, 70.5522403 ], [ 30.3821324, 70.5522264 ], [ 30.3825912, 70.552095 ], [ 30.3828042, 70.5520905 ], [ 30.3833236, 70.5521191 ], [ 30.3833326, 70.5521314 ], [ 30.3833159, 70.5521352 ], [ 30.3829464, 70.5521638 ], [ 30.3829897, 70.5521822 ], [ 30.3832999, 70.552196 ], [ 30.3834515, 70.5521931 ], [ 30.3835525, 70.552183 ], [ 30.3838854, 70.5521223 ], [ 30.3842599, 70.5521333 ], [ 30.3845936, 70.5521305 ], [ 30.3853722, 70.5520005 ], [ 30.3853058, 70.5519825 ], [ 30.3853077, 70.551947 ], [ 30.3853404, 70.5519274 ], [ 30.3856659, 70.5519233 ], [ 30.3857232, 70.5519275 ], [ 30.3861785, 70.5520541 ], [ 30.3861809, 70.5520687 ], [ 30.386165, 70.5520774 ], [ 30.3860615, 70.5520866 ], [ 30.3854757, 70.5520986 ], [ 30.3853574, 70.5521086 ], [ 30.3852407, 70.5521375 ], [ 30.3852025, 70.5521955 ], [ 30.3852447, 70.5523706 ], [ 30.3852665, 70.5523833 ], [ 30.3853518, 70.5523911 ], [ 30.3868694, 70.5523158 ], [ 30.3879495, 70.552163 ], [ 30.3882082, 70.5521208 ], [ 30.3882636, 70.5521062 ], [ 30.3883065, 70.5520813 ], [ 30.3887849, 70.5521188 ], [ 30.3887941, 70.5521634 ], [ 30.3887389, 70.5522323 ], [ 30.3891172, 70.5523595 ], [ 30.389273, 70.5523789 ], [ 30.3894979, 70.5523811 ], [ 30.3898241, 70.5523685 ], [ 30.3899764, 70.5523572 ], [ 30.3900158, 70.5523455 ], [ 30.390147, 70.552242 ], [ 30.3901407, 70.5522073 ], [ 30.3897998, 70.5521703 ], [ 30.3897981, 70.552161 ], [ 30.3898552, 70.552075 ], [ 30.3900747, 70.552018 ], [ 30.3910256, 70.5519813 ], [ 30.391357, 70.5519922 ], [ 30.3917371, 70.5520414 ], [ 30.3916998, 70.5521069 ], [ 30.3917061, 70.5521261 ], [ 30.3917377, 70.5521361 ], [ 30.3929124, 70.5522483 ], [ 30.3929533, 70.5522458 ], [ 30.3930056, 70.5522297 ], [ 30.3930891, 70.5521808 ], [ 30.3930427, 70.5520199 ], [ 30.3929343, 70.5519669 ], [ 30.3926587, 70.5519452 ], [ 30.3924369, 70.5519114 ], [ 30.3924692, 70.5519056 ], [ 30.392676, 70.5519016 ], [ 30.3932669, 70.5519324 ], [ 30.3933425, 70.5519619 ], [ 30.3935374, 70.5521072 ], [ 30.3937332, 70.5521972 ], [ 30.3938459, 70.5521989 ], [ 30.3943818, 70.552092 ], [ 30.3950879, 70.5519067 ], [ 30.3952765, 70.5517539 ], [ 30.3950497, 70.5516175 ], [ 30.3946764, 70.55153 ], [ 30.3944119, 70.5514891 ], [ 30.3947352, 70.551357 ], [ 30.3948916, 70.5512361 ], [ 30.3948851, 70.5512281 ], [ 30.3944778, 70.5511369 ], [ 30.3941124, 70.5511277 ], [ 30.3940444, 70.5511155 ], [ 30.3937867, 70.5510111 ], [ 30.3937837, 70.5509991 ], [ 30.3938202, 70.5509752 ], [ 30.3942463, 70.5509466 ], [ 30.3944042, 70.5509286 ], [ 30.3945816, 70.5508269 ], [ 30.3946427, 70.550735 ], [ 30.394407, 70.5507214 ], [ 30.3940256, 70.5507164 ], [ 30.393975, 70.5506706 ], [ 30.3939138, 70.5505289 ], [ 30.3939846, 70.5504419 ], [ 30.3941465, 70.5504216 ], [ 30.3943191, 70.5503805 ], [ 30.3944527, 70.5503028 ], [ 30.3945559, 70.5501417 ], [ 30.3945954, 70.5500378 ], [ 30.3945777, 70.5500005 ], [ 30.3945624, 70.549968 ], [ 30.3943162, 70.5497975 ], [ 30.3942823, 70.5497869 ], [ 30.3940489, 70.5497614 ], [ 30.393862, 70.5496374 ], [ 30.3940386, 70.5493625 ], [ 30.3941956, 70.5492641 ], [ 30.3943634, 70.5491891 ], [ 30.3944787, 70.549143 ], [ 30.3947312, 70.5490822 ], [ 30.3950308, 70.54904 ], [ 30.3960798, 70.5489709 ], [ 30.3961048, 70.5489717 ], [ 30.3962051, 70.5490794 ], [ 30.3961943, 70.5491202 ], [ 30.3962439, 70.5491974 ], [ 30.3964819, 70.5492847 ], [ 30.3964964, 70.5492883 ], [ 30.396919, 70.5492217 ], [ 30.397032, 70.5491933 ], [ 30.3970866, 70.5491628 ], [ 30.3971013, 70.5491344 ], [ 30.3970933, 70.549043 ], [ 30.3969926, 70.5488836 ], [ 30.3973172, 70.5488528 ], [ 30.3974662, 70.5489047 ], [ 30.3974833, 70.5489025 ], [ 30.3976546, 70.5487244 ], [ 30.3976664, 70.5486247 ], [ 30.3978462, 70.5484319 ], [ 30.3978889, 70.54841 ], [ 30.3980449, 70.5484108 ], [ 30.3981112, 70.5484269 ], [ 30.3981517, 70.5484661 ], [ 30.3981498, 70.5485642 ], [ 30.3983025, 70.5486408 ], [ 30.3985593, 70.5486275 ], [ 30.3989618, 70.5485694 ], [ 30.3992678, 70.5484728 ], [ 30.3993826, 70.5484283 ], [ 30.3994034, 70.5483975 ], [ 30.3992018, 70.5483828 ], [ 30.3991228, 70.5483603 ], [ 30.3991295, 70.5483459 ], [ 30.3992248, 70.5482805 ], [ 30.399512, 70.5481591 ], [ 30.3996215, 70.548128 ], [ 30.3997838, 70.5481014 ], [ 30.3998903, 70.5479886 ], [ 30.3998863, 70.5479519 ], [ 30.3997585, 70.5479183 ], [ 30.3997377, 70.547897 ], [ 30.3997234, 70.5478033 ], [ 30.3997399, 70.5477917 ], [ 30.3999537, 70.5477271 ], [ 30.4003055, 70.5476211 ], [ 30.4006478, 70.5475632 ], [ 30.4009815, 70.5475187 ], [ 30.4015383, 70.5475055 ], [ 30.4018958, 70.5475059 ], [ 30.4022037, 70.5475183 ], [ 30.4029481, 70.547603 ], [ 30.4033521, 70.5476844 ], [ 30.4041836, 70.5479097 ], [ 30.4049059, 70.5482072 ], [ 30.4058474, 70.5488917 ], [ 30.4059229, 70.5489736 ], [ 30.4058975, 70.5489964 ], [ 30.4058274, 70.5490183 ], [ 30.4057535, 70.5490603 ], [ 30.4057049, 70.5491197 ], [ 30.4057134, 70.5491375 ], [ 30.4058564, 70.5491986 ], [ 30.4060547, 70.5492047 ], [ 30.4061618, 70.5492519 ], [ 30.4063348, 70.5493808 ], [ 30.4063999, 70.5494475 ], [ 30.4064613, 70.5495622 ], [ 30.4066737, 70.5498133 ], [ 30.4067468, 70.5498736 ], [ 30.4069224, 70.549972 ], [ 30.4070042, 70.5500006 ], [ 30.4070369, 70.5500119 ], [ 30.4075027, 70.5501022 ], [ 30.407835, 70.5501292 ], [ 30.4079319, 70.5501494 ], [ 30.4080605, 70.5501897 ], [ 30.4083679, 70.5504681 ], [ 30.408463, 70.5505953 ], [ 30.4084758, 70.5507346 ], [ 30.4083169, 70.5508355 ], [ 30.4082179, 70.5509941 ], [ 30.4082579, 70.5511214 ], [ 30.4086215, 70.5511991 ], [ 30.4089604, 70.5511781 ], [ 30.4093373, 70.5511205 ], [ 30.4094213, 70.551218 ], [ 30.4094108, 70.55124 ], [ 30.4091738, 70.551337 ], [ 30.4093183, 70.5513675 ], [ 30.4094469, 70.5515061 ], [ 30.4097498, 70.5517108 ], [ 30.4098066, 70.5517183 ], [ 30.4098558, 70.5517153 ], [ 30.4099906, 70.5516777 ], [ 30.4101109, 70.5516686 ], [ 30.4109707, 70.5516847 ], [ 30.4109795, 70.5517092 ], [ 30.4109683, 70.5517264 ], [ 30.4109398, 70.5517347 ], [ 30.4106524, 70.55174 ], [ 30.4105399, 70.5517619 ], [ 30.4105079, 70.5517987 ], [ 30.4105787, 70.5518521 ], [ 30.4106361, 70.5518611 ], [ 30.4107185, 70.5518589 ], [ 30.4109379, 70.551828 ], [ 30.4116513, 70.5517531 ], [ 30.4117551, 70.5518375 ], [ 30.4116632, 70.551867 ], [ 30.4114447, 70.5519058 ], [ 30.4114402, 70.5519805 ], [ 30.4116242, 70.552018 ], [ 30.4116542, 70.5520164 ], [ 30.4118446, 70.5519494 ], [ 30.4122379, 70.5519328 ], [ 30.4122721, 70.5519912 ], [ 30.4122399, 70.5520731 ], [ 30.4121063, 70.5521092 ], [ 30.4117885, 70.5522616 ], [ 30.4116203, 70.5523872 ], [ 30.4116178, 70.5524561 ], [ 30.4117752, 70.5525133 ], [ 30.4121119, 70.5525931 ], [ 30.4123964, 70.5526358 ], [ 30.4125383, 70.5526306 ], [ 30.4130355, 70.5525739 ], [ 30.4133613, 70.5522314 ], [ 30.4136333, 70.5520022 ], [ 30.41365, 70.5520058 ], [ 30.4136691, 70.5520661 ], [ 30.4136768, 70.5522102 ], [ 30.4136014, 70.5523084 ], [ 30.4135806, 70.5524728 ], [ 30.4136038, 70.5524897 ], [ 30.4137155, 70.5524883 ], [ 30.4140285, 70.55241 ], [ 30.4141638, 70.5523622 ], [ 30.4145323, 70.5522208 ], [ 30.4145736, 70.5521847 ], [ 30.4145912, 70.5521267 ], [ 30.4146991, 70.5521783 ], [ 30.4147339, 70.5521828 ], [ 30.4148173, 70.552103 ], [ 30.4153131, 70.55196 ], [ 30.415383, 70.5519594 ], [ 30.4153683, 70.5520148 ], [ 30.4153025, 70.5520781 ], [ 30.4152159, 70.5521303 ], [ 30.4151055, 70.5523381 ], [ 30.4151168, 70.5523881 ], [ 30.4151477, 70.5524153 ], [ 30.4151705, 70.5524183 ], [ 30.4154018, 70.5523445 ], [ 30.4154263, 70.5523155 ], [ 30.4153954, 70.5522986 ], [ 30.415606, 70.5522023 ], [ 30.415962, 70.5520739 ], [ 30.4160111, 70.5520762 ], [ 30.4160324, 70.5520913 ], [ 30.4160492, 70.5521633 ], [ 30.4160006, 70.5522508 ], [ 30.4160182, 70.5522769 ], [ 30.4160656, 70.5522947 ], [ 30.4161571, 70.5523086 ], [ 30.4162506, 70.5523088 ], [ 30.4165704, 70.5522325 ], [ 30.4176287, 70.5519266 ], [ 30.4177991, 70.5518564 ], [ 30.4180116, 70.5517955 ], [ 30.4180591, 70.5517889 ], [ 30.4181852, 70.5518008 ], [ 30.4182398, 70.5518228 ], [ 30.4182798, 70.5518697 ], [ 30.4182786, 70.5518959 ], [ 30.418165, 70.5519144 ], [ 30.4179385, 70.5519719 ], [ 30.4178982, 70.5519895 ], [ 30.4174461, 70.5522914 ], [ 30.417308, 70.5524944 ], [ 30.417315, 70.5525556 ], [ 30.4173586, 70.5525884 ], [ 30.4174025, 70.5525977 ], [ 30.4183437, 70.5526295 ], [ 30.4187016, 70.5526022 ], [ 30.4188325, 70.5526003 ], [ 30.4199742, 70.5526883 ], [ 30.4203218, 70.5526911 ], [ 30.4211354, 70.5525508 ], [ 30.4214316, 70.5524656 ], [ 30.4216947, 70.5523239 ], [ 30.4217575, 70.552244 ], [ 30.4222442, 70.5521842 ], [ 30.4223072, 70.5521922 ], [ 30.4223501, 70.5523755 ], [ 30.4226759, 70.5525991 ], [ 30.4227466, 70.5526067 ], [ 30.4230571, 70.5525775 ], [ 30.4232227, 70.5525303 ], [ 30.4233727, 70.5524691 ], [ 30.4233856, 70.5524272 ], [ 30.4241991, 70.5522173 ], [ 30.4244238, 70.552217 ], [ 30.424566, 70.5522877 ], [ 30.4246484, 70.5523695 ], [ 30.4246381, 70.552412 ], [ 30.4245939, 70.5524358 ], [ 30.4243749, 70.5524945 ], [ 30.4242081, 70.5526945 ], [ 30.4242382, 70.5527972 ], [ 30.4242986, 70.5527952 ], [ 30.4245703, 70.5527536 ], [ 30.4250339, 70.5526142 ], [ 30.4250986, 70.5525722 ], [ 30.4251506, 70.5525075 ], [ 30.425141, 70.5524967 ], [ 30.4250559, 70.5524778 ], [ 30.425062, 70.552465 ], [ 30.4252891, 70.5524097 ], [ 30.4254071, 70.5523217 ], [ 30.4255808, 70.5523384 ], [ 30.4256034, 70.5523794 ], [ 30.4256313, 70.5523939 ], [ 30.4257631, 70.5524159 ], [ 30.4264474, 70.5524459 ], [ 30.4274295, 70.5523309 ], [ 30.427623, 70.5522889 ], [ 30.4282106, 70.5521086 ], [ 30.4284643, 70.5519972 ], [ 30.428567, 70.5519694 ], [ 30.4289464, 70.5519094 ], [ 30.4290593, 70.5519008 ], [ 30.429438, 70.5519105 ], [ 30.4296267, 70.5519056 ], [ 30.430004, 70.5518461 ], [ 30.4304407, 70.5518333 ], [ 30.4307603, 70.5518347 ], [ 30.4310787, 70.5518491 ], [ 30.4314431, 70.5518769 ], [ 30.4315969, 70.5518966 ], [ 30.4324938, 70.5520456 ], [ 30.4331458, 70.5521997 ], [ 30.4335473, 70.5523478 ], [ 30.4336913, 70.5524314 ], [ 30.4339398, 70.5527144 ], [ 30.4343448, 70.5529931 ], [ 30.4346041, 70.5530567 ], [ 30.4347049, 70.5531005 ], [ 30.4346729, 70.553128 ], [ 30.4343712, 70.553185 ], [ 30.4340345, 70.5532886 ], [ 30.4339936, 70.5533176 ], [ 30.4339755, 70.5533642 ], [ 30.4343958, 70.5533664 ], [ 30.4350508, 70.5534141 ], [ 30.4351499, 70.5534375 ], [ 30.4353535, 70.5533953 ], [ 30.4355631, 70.5533661 ], [ 30.4361899, 70.5533409 ], [ 30.436581, 70.5534858 ], [ 30.4365535, 70.5535506 ], [ 30.436532, 70.5535614 ], [ 30.4364392, 70.5535759 ], [ 30.4363013, 70.553642 ], [ 30.4364665, 70.5536953 ], [ 30.4366162, 70.5537053 ], [ 30.436757, 70.5536997 ], [ 30.4368012, 70.5536794 ], [ 30.437059, 70.5536477 ], [ 30.4372328, 70.5536401 ], [ 30.4372877, 70.5536508 ], [ 30.4372396, 70.5536814 ], [ 30.4364307, 70.553882 ], [ 30.4362832, 70.5539222 ], [ 30.4362662, 70.5539341 ], [ 30.436268, 70.5539403 ], [ 30.436303, 70.5539425 ], [ 30.4369132, 70.5539492 ], [ 30.4369843, 70.5539637 ], [ 30.4369903, 70.5540283 ], [ 30.4369602, 70.5540405 ], [ 30.4368642, 70.5540527 ], [ 30.4366849, 70.5540622 ], [ 30.4361333, 70.5542205 ], [ 30.4361364, 70.5542295 ], [ 30.4367449, 70.5543941 ], [ 30.4370752, 70.5543884 ], [ 30.438005, 70.5542567 ], [ 30.4384505, 70.5541656 ], [ 30.4386331, 70.5541112 ], [ 30.4385066, 70.5538916 ], [ 30.4387093, 70.5537911 ], [ 30.4387664, 70.5536339 ], [ 30.438764, 70.5536251 ], [ 30.4385199, 70.5536236 ], [ 30.4384972, 70.5536172 ], [ 30.4384961, 70.5535952 ], [ 30.4387747, 70.5535814 ], [ 30.4388553, 70.5535842 ], [ 30.4398369, 70.5537209 ], [ 30.4398885, 70.5537359 ], [ 30.4399009, 70.5537581 ], [ 30.4398929, 70.5537733 ], [ 30.4398511, 70.5537908 ], [ 30.4394315, 70.5538759 ], [ 30.4390796, 70.5539867 ], [ 30.4387598, 70.554122 ], [ 30.4386406, 70.5541991 ], [ 30.4386463, 70.5542411 ], [ 30.4389504, 70.5543002 ], [ 30.4390044, 70.5543044 ], [ 30.4391711, 70.5543036 ], [ 30.4393315, 70.554293 ], [ 30.4394789, 70.5542736 ], [ 30.4395194, 70.5542545 ], [ 30.4391991, 70.55417 ], [ 30.4391852, 70.5541597 ], [ 30.4392102, 70.5541375 ], [ 30.4395289, 70.5541174 ], [ 30.4399136, 70.554122 ], [ 30.4400004, 70.554137 ], [ 30.4401162, 70.5541342 ], [ 30.4402246, 70.5541147 ], [ 30.4403506, 70.55408 ], [ 30.4405867, 70.5539419 ], [ 30.4405616, 70.5539184 ], [ 30.4403754, 70.5538789 ], [ 30.4403694, 70.5538617 ], [ 30.4404784, 70.5537984 ], [ 30.4406003, 70.5537453 ], [ 30.440648, 70.5537394 ], [ 30.4409878, 70.5537417 ], [ 30.4414043, 70.5538437 ], [ 30.4417233, 70.5538425 ], [ 30.442269, 70.5538211 ], [ 30.4426781, 70.5537814 ], [ 30.4433427, 70.5538158 ], [ 30.4433759, 70.5538211 ], [ 30.4435883, 70.5539067 ], [ 30.4438869, 70.5538939 ], [ 30.4447354, 70.5539117 ], [ 30.4453196, 70.5539673 ], [ 30.4453469, 70.553982 ], [ 30.4452677, 70.5540972 ], [ 30.4448551, 70.5541711 ], [ 30.4447367, 70.5541684 ], [ 30.4446116, 70.554153 ], [ 30.4444843, 70.5541563 ], [ 30.4444354, 70.5541622 ], [ 30.4444305, 70.5541747 ], [ 30.4444708, 70.554222 ], [ 30.4445551, 70.5542391 ], [ 30.4452808, 70.5542541 ], [ 30.4454636, 70.5542464 ], [ 30.4457783, 70.5542067 ], [ 30.4457368, 70.5541661 ], [ 30.4457458, 70.5541361 ], [ 30.4457918, 70.5541216 ], [ 30.4464148, 70.5540861 ], [ 30.4470854, 70.5540092 ], [ 30.4471339, 70.5539394 ], [ 30.4470685, 70.5538236 ], [ 30.4470729, 70.5537489 ], [ 30.4471336, 70.5537262 ], [ 30.4472881, 70.5537116 ], [ 30.4476145, 70.5537103 ], [ 30.4476918, 70.5537164 ], [ 30.4478663, 70.5537489 ], [ 30.4480462, 70.5538305 ], [ 30.4480564, 70.5538736 ], [ 30.4480353, 70.5539444 ], [ 30.4479705, 70.553987 ], [ 30.4478215, 70.5540303 ], [ 30.4474381, 70.5540369 ], [ 30.4472327, 70.5540492 ], [ 30.4470213, 70.5541163 ], [ 30.4470735, 70.5541272 ], [ 30.447407, 70.5541389 ], [ 30.4476668, 70.5541384 ], [ 30.4486751, 70.5543225 ], [ 30.4499525, 70.5544493 ], [ 30.4506133, 70.554515 ], [ 30.4507698, 70.5545203 ], [ 30.4509011, 70.5545178 ], [ 30.4518141, 70.5544178 ], [ 30.4519148, 70.5543936 ], [ 30.4519874, 70.5542495 ], [ 30.4519957, 70.5541422 ], [ 30.4518966, 70.5540275 ], [ 30.4514915, 70.5540367 ], [ 30.4512325, 70.5540547 ], [ 30.4514929, 70.5539697 ], [ 30.4523438, 70.5538053 ], [ 30.452435, 70.5537792 ], [ 30.4524566, 70.5537547 ], [ 30.4524478, 70.5537392 ], [ 30.4518703, 70.5536508 ], [ 30.4521168, 70.5535736 ], [ 30.452345, 70.5535806 ], [ 30.4525492, 70.5535761 ], [ 30.4526105, 70.5535661 ], [ 30.4528014, 70.5533723 ], [ 30.4527746, 70.5533567 ], [ 30.4525991, 70.5533275 ], [ 30.452043, 70.5532795 ], [ 30.4521046, 70.5532655 ], [ 30.4531624, 70.5531966 ], [ 30.4533089, 70.5531903 ], [ 30.4534108, 70.5532019 ], [ 30.4536098, 70.553207 ], [ 30.4538038, 70.5530477 ], [ 30.4538057, 70.5530169 ], [ 30.4536111, 70.5530011 ], [ 30.4533851, 70.5530366 ], [ 30.453265, 70.5530644 ], [ 30.4531425, 70.5530725 ], [ 30.4530187, 70.5530608 ], [ 30.4529799, 70.5529001 ], [ 30.4527421, 70.5527667 ], [ 30.4523156, 70.5528936 ], [ 30.4518598, 70.5529883 ], [ 30.4516806, 70.5530011 ], [ 30.4516466, 70.552952 ], [ 30.451649, 70.5529069 ], [ 30.4517074, 70.5528622 ], [ 30.4517297, 70.5528514 ], [ 30.4519488, 70.5528139 ], [ 30.4523577, 70.5526914 ], [ 30.4524938, 70.5526189 ], [ 30.4525174, 70.5525698 ], [ 30.4522209, 70.5523844 ], [ 30.4518538, 70.55227 ], [ 30.4515564, 70.5522786 ], [ 30.4514403, 70.5522995 ], [ 30.4512107, 70.5523009 ], [ 30.4512, 70.5522947 ], [ 30.4512026, 70.5522704 ], [ 30.4512738, 70.5522003 ], [ 30.4514813, 70.5521408 ], [ 30.4518067, 70.5520844 ], [ 30.4515576, 70.5520631 ], [ 30.4510089, 70.5520889 ], [ 30.4506874, 70.5520781 ], [ 30.4506375, 70.5520639 ], [ 30.4506164, 70.5520423 ], [ 30.4505388, 70.5518367 ], [ 30.4501276, 70.5517519 ], [ 30.4499524, 70.5517283 ], [ 30.4495639, 70.5516761 ], [ 30.4495202, 70.5516486 ], [ 30.4494687, 70.5515792 ], [ 30.449453, 70.5514624 ], [ 30.4494636, 70.5513414 ], [ 30.4495047, 70.5512342 ], [ 30.4495501, 70.5511775 ], [ 30.4497685, 70.5509589 ], [ 30.4498932, 70.5508944 ], [ 30.4499524, 70.5508731 ], [ 30.449992, 70.5508589 ], [ 30.4501838, 70.5508506 ], [ 30.4502643, 70.5506797 ], [ 30.4507546, 70.5502379 ], [ 30.4512057, 70.5500005 ], [ 30.4518934, 70.5496581 ], [ 30.4529582, 70.5492369 ], [ 30.453096, 70.5491975 ], [ 30.4534333, 70.5491281 ], [ 30.4540334, 70.5489622 ], [ 30.4543395, 70.5488639 ], [ 30.454623, 70.548792 ], [ 30.4563791, 70.5484634 ], [ 30.4565812, 70.5484455 ], [ 30.4567295, 70.5484436 ], [ 30.4568482, 70.5484533 ], [ 30.4571742, 70.5484184 ], [ 30.4573673, 70.5484166 ], [ 30.4573808, 70.548475 ], [ 30.4574634, 70.54848 ], [ 30.4575982, 70.548475 ], [ 30.4580868, 70.5484056 ], [ 30.4592563, 70.5481967 ], [ 30.4595852, 70.5481245 ], [ 30.4598581, 70.5480775 ], [ 30.4601758, 70.548075 ], [ 30.4604546, 70.5480091 ], [ 30.4605505, 70.5479455 ], [ 30.4606483, 70.5479198 ], [ 30.4607291, 70.5479125 ], [ 30.460912, 70.5479156 ], [ 30.4615342, 70.5479497 ], [ 30.4616134, 70.5479819 ], [ 30.4616096, 70.5480025 ], [ 30.4615465, 70.5480175 ], [ 30.4612589, 70.5480364 ], [ 30.4611773, 70.5480787 ], [ 30.4610415, 70.5481833 ], [ 30.4610405, 70.548223 ], [ 30.4610644, 70.5482331 ], [ 30.4613594, 70.5483026 ], [ 30.4614238, 70.5483019 ], [ 30.4621145, 70.548227 ], [ 30.4621807, 70.5482255 ], [ 30.4625002, 70.5482544 ], [ 30.4626069, 70.5482814 ], [ 30.4626502, 70.5483336 ], [ 30.4627193, 70.5483384 ], [ 30.4635048, 70.5482425 ], [ 30.4640289, 70.5481545 ], [ 30.4640741, 70.5481536 ], [ 30.4642933, 70.5482195 ], [ 30.4642887, 70.5482381 ], [ 30.4641286, 70.5482741 ], [ 30.4636318, 70.5483047 ], [ 30.4634928, 70.5483567 ], [ 30.4635023, 70.5483858 ], [ 30.4635241, 70.548395 ], [ 30.4636104, 70.5483986 ], [ 30.4640297, 70.5484019 ], [ 30.4643519, 70.5484164 ], [ 30.464639, 70.548435 ], [ 30.4647081, 70.5484442 ], [ 30.4647288, 70.5484628 ], [ 30.4640394, 70.5484489 ], [ 30.4631813, 70.5484559 ], [ 30.4632233, 70.5484912 ], [ 30.4635077, 70.5485453 ], [ 30.4635864, 70.5485481 ], [ 30.4641914, 70.548537 ], [ 30.4646054, 70.5485128 ], [ 30.4648203, 70.5484894 ], [ 30.4652093, 70.5484861 ], [ 30.4652701, 70.5484908 ], [ 30.4656667, 70.5486636 ], [ 30.4654168, 70.5486592 ], [ 30.4650818, 70.5486336 ], [ 30.4650563, 70.5486342 ], [ 30.4650575, 70.5486453 ], [ 30.4653987, 70.5487486 ], [ 30.4654533, 70.5487617 ], [ 30.4655753, 70.5487711 ], [ 30.4662659, 70.5487461 ], [ 30.467575, 70.5486611 ], [ 30.4685661, 70.5486166 ], [ 30.4689063, 70.5484689 ], [ 30.4694834, 70.5484745 ], [ 30.4696577, 70.5484533 ], [ 30.4695745, 70.5483828 ], [ 30.4695861, 70.5483492 ], [ 30.4696247, 70.5483362 ], [ 30.4699362, 70.5482958 ], [ 30.4702115, 70.5483209 ], [ 30.4703475, 70.5483231 ], [ 30.4707485, 70.5483145 ], [ 30.4708356, 70.5483037 ], [ 30.4709305, 70.5482764 ], [ 30.4714343, 70.5480047 ], [ 30.4714484, 70.5479694 ], [ 30.4713992, 70.5479458 ], [ 30.4711889, 70.5479219 ], [ 30.470496, 70.5478828 ], [ 30.4700772, 70.5478403 ], [ 30.470243, 70.5478317 ], [ 30.4706023, 70.5478314 ], [ 30.470945, 70.5478412 ], [ 30.471692, 70.5478303 ], [ 30.471689, 70.547815 ], [ 30.4720631, 70.5476601 ], [ 30.4724465, 70.5476142 ], [ 30.4726746, 70.54755 ], [ 30.4730785, 70.5473006 ], [ 30.473058, 70.5471736 ], [ 30.4735709, 70.5470986 ], [ 30.4744406, 70.5470895 ], [ 30.4744502, 70.5470575 ], [ 30.474388, 70.5470336 ], [ 30.4739936, 70.5470111 ], [ 30.4738017, 70.5469753 ], [ 30.4737367, 70.5469451 ], [ 30.4737519, 70.546939 ], [ 30.4742285, 70.5469192 ], [ 30.4747398, 70.5469128 ], [ 30.4750745, 70.5468653 ], [ 30.4754418, 70.5467325 ], [ 30.4754813, 70.546728 ], [ 30.4760836, 70.5467697 ], [ 30.4763573, 70.5468009 ], [ 30.4766044, 70.5468092 ], [ 30.4769533, 70.5467939 ], [ 30.4769818, 70.546785 ], [ 30.4769805, 70.5467678 ], [ 30.4757936, 70.5466809 ], [ 30.4756836, 70.5466642 ], [ 30.4755495, 70.5466344 ], [ 30.4755472, 70.5466269 ], [ 30.4756168, 70.5465139 ], [ 30.4759836, 70.5462944 ], [ 30.4760861, 70.5462531 ], [ 30.4762133, 70.546219 ], [ 30.4772356, 70.5460444 ], [ 30.4773004, 70.5460353 ], [ 30.4773703, 70.5460361 ], [ 30.477386, 70.546083 ], [ 30.4776488, 70.5460901 ], [ 30.477944, 70.5460872 ], [ 30.4779678, 70.5460462 ], [ 30.477955, 70.5460253 ], [ 30.4778589, 70.5459747 ], [ 30.4778495, 70.5459461 ], [ 30.4778671, 70.5459247 ], [ 30.478115, 70.5457911 ], [ 30.4784262, 70.5457125 ], [ 30.479566, 70.5455362 ], [ 30.479855, 70.5455031 ], [ 30.4801539, 70.5455011 ], [ 30.4806787, 70.5455209 ], [ 30.4809757, 70.5455204 ], [ 30.4822718, 70.5454709 ], [ 30.4829359, 70.545495 ], [ 30.4833888, 70.5454775 ], [ 30.4834393, 70.5454659 ], [ 30.4835094, 70.5454256 ], [ 30.4834613, 70.5454011 ], [ 30.4834046, 70.5453898 ], [ 30.4834078, 70.5453565 ], [ 30.483435, 70.5453413 ], [ 30.4835515, 70.5453164 ], [ 30.4850595, 70.5451248 ], [ 30.4860943, 70.5450317 ], [ 30.4862617, 70.5450308 ], [ 30.4862914, 70.5450334 ], [ 30.4863071, 70.5450495 ], [ 30.4863071, 70.5451325 ], [ 30.4874379, 70.5451403 ], [ 30.4874953, 70.5451359 ], [ 30.4875585, 70.5450954 ], [ 30.4875467, 70.5450895 ], [ 30.4876092, 70.5449844 ], [ 30.4878591, 70.5449036 ], [ 30.4880051, 70.5449006 ], [ 30.4882244, 70.5449125 ], [ 30.4884642, 70.5449139 ], [ 30.4886657, 70.5449017 ], [ 30.4890989, 70.5448467 ], [ 30.4896712, 70.5448067 ], [ 30.4902597, 70.5447925 ], [ 30.4905747, 70.5447987 ], [ 30.4909141, 70.5448303 ], [ 30.4911737, 70.5448595 ], [ 30.4922791, 70.5450909 ], [ 30.4923139, 70.5451053 ], [ 30.4923173, 70.5451348 ], [ 30.4922822, 70.545197 ], [ 30.4922263, 70.5452356 ], [ 30.4921848, 70.5453458 ], [ 30.4922065, 70.5453492 ], [ 30.4925382, 70.5453253 ], [ 30.492715, 70.5452845 ], [ 30.4929503, 70.545272 ], [ 30.4929852, 70.5452836 ], [ 30.4930024, 70.5453133 ], [ 30.4929991, 70.5453675 ], [ 30.4928436, 70.5454181 ], [ 30.4927185, 70.5454878 ], [ 30.4927193, 70.545515 ], [ 30.4927629, 70.5455303 ], [ 30.4931527, 70.5455687 ], [ 30.4937921, 70.5455131 ], [ 30.4939157, 70.5454217 ], [ 30.494064, 70.5453972 ], [ 30.4945928, 70.5454637 ], [ 30.4957249, 70.5455194 ], [ 30.4962525, 70.545475 ], [ 30.4964871, 70.5454428 ], [ 30.4965454, 70.5454222 ], [ 30.4966441, 70.5453284 ], [ 30.4968301, 70.545252 ], [ 30.4973871, 70.545269 ], [ 30.4975705, 70.5452816 ], [ 30.4979124, 70.5453092 ], [ 30.4986998, 70.5453519 ], [ 30.4995237, 70.5453578 ], [ 30.4999509, 70.5454046 ], [ 30.5000238, 70.5454126 ], [ 30.500851, 70.5455568 ], [ 30.5010445, 70.5455956 ], [ 30.5013348, 70.5456714 ], [ 30.5016709, 70.5457867 ], [ 30.5018974, 70.5458128 ], [ 30.5021469, 70.5458298 ], [ 30.50313, 70.5460194 ], [ 30.5036272, 70.5461772 ], [ 30.5040895, 70.546352 ], [ 30.5043011, 70.5464805 ], [ 30.504601, 70.5466865 ], [ 30.5046219, 70.5470823 ], [ 30.5045494, 70.5471864 ], [ 30.504547, 70.5472155 ], [ 30.5050603, 70.5475131 ], [ 30.5052285, 70.5476456 ], [ 30.5055421, 70.5478348 ], [ 30.5056501, 70.5478831 ], [ 30.5058527, 70.5479284 ], [ 30.5058527, 70.5479375 ], [ 30.5046777, 70.5482111 ], [ 30.5042785, 70.5484333 ], [ 30.5042224, 70.5484903 ], [ 30.5042289, 70.5485039 ], [ 30.5045839, 70.5486297 ], [ 30.504733, 70.5486451 ], [ 30.5050367, 70.5486561 ], [ 30.5054115, 70.5486565 ], [ 30.5063861, 70.5487173 ], [ 30.5065369, 70.5487298 ], [ 30.5066438, 70.5487481 ], [ 30.506645, 70.5487553 ], [ 30.5060809, 70.5487481 ], [ 30.5053736, 70.5487239 ], [ 30.5051344, 70.5487376 ], [ 30.5047924, 70.5487242 ], [ 30.5045606, 70.5487325 ], [ 30.5043578, 70.5488033 ], [ 30.5043705, 70.5488184 ], [ 30.5047475, 70.5488548 ], [ 30.5047764, 70.5488976 ], [ 30.5045666, 70.5491237 ], [ 30.504307, 70.5492648 ], [ 30.5043134, 70.5493217 ], [ 30.5043326, 70.549332 ], [ 30.5044811, 70.5493525 ], [ 30.5048581, 70.5493945 ], [ 30.5050831, 70.549535 ], [ 30.5050818, 70.5495989 ], [ 30.5051079, 70.5496181 ], [ 30.505398, 70.5496714 ], [ 30.505948, 70.5497217 ], [ 30.5061085, 70.5497208 ], [ 30.5062412, 70.5496814 ], [ 30.506252, 70.5496675 ], [ 30.5062681, 70.5495017 ], [ 30.5059982, 70.5494692 ], [ 30.5061017, 70.5494581 ], [ 30.5062226, 70.5494562 ], [ 30.5068874, 70.5494582 ], [ 30.5076067, 70.5493966 ], [ 30.5076178, 70.5493839 ], [ 30.5076124, 70.5493722 ], [ 30.5075649, 70.5493603 ], [ 30.5073195, 70.5493223 ], [ 30.5068949, 70.5492723 ], [ 30.5065486, 70.5491773 ], [ 30.5080276, 70.5492108 ], [ 30.5081664, 70.5492119 ], [ 30.5081827, 70.5492062 ], [ 30.5084752, 70.5489867 ], [ 30.5084777, 70.5489391 ], [ 30.5084269, 70.5489009 ], [ 30.5081969, 70.5488564 ], [ 30.5078087, 70.5488509 ], [ 30.5076253, 70.5488403 ], [ 30.5073336, 70.5488078 ], [ 30.5073623, 70.5488006 ], [ 30.5075544, 70.5487895 ], [ 30.5078526, 70.5487875 ], [ 30.5084857, 70.5488157 ], [ 30.5085136, 70.5488134 ], [ 30.5085447, 70.5487922 ], [ 30.5086162, 70.5486901 ], [ 30.5092054, 70.5486745 ], [ 30.5102101, 70.5485831 ], [ 30.5103814, 70.5486083 ], [ 30.5104011, 70.5486648 ], [ 30.5104594, 70.5487266 ], [ 30.5105677, 70.5487623 ], [ 30.5107142, 70.5487961 ], [ 30.5107988, 70.548797 ], [ 30.5108718, 70.5487767 ], [ 30.5114211, 70.5487636 ], [ 30.5118755, 70.5490767 ], [ 30.5119126, 70.5490875 ], [ 30.5122374, 70.5490909 ], [ 30.513283, 70.5491726 ], [ 30.513842, 70.5492028 ], [ 30.514432, 70.5491664 ], [ 30.5144642, 70.5491517 ], [ 30.5145545, 70.5490618 ], [ 30.514655, 70.5488759 ], [ 30.5146458, 70.5487354 ], [ 30.5145964, 70.5487272 ], [ 30.5137033, 70.5487036 ], [ 30.5127059, 70.5486635 ], [ 30.5123258, 70.5486356 ], [ 30.5122984, 70.5486306 ], [ 30.512226, 70.5485839 ], [ 30.5122237, 70.5485617 ], [ 30.5122559, 70.5485356 ], [ 30.5125712, 70.5485261 ], [ 30.5133211, 70.5485625 ], [ 30.5133063, 70.5485867 ], [ 30.5133236, 70.5486134 ], [ 30.51381, 70.548632 ], [ 30.5138975, 70.5486306 ], [ 30.5145212, 70.5485661 ], [ 30.5145366, 70.5485544 ], [ 30.5151024, 70.5485014 ], [ 30.5161479, 70.5485289 ], [ 30.5165382, 70.5484764 ], [ 30.5173306, 70.5484917 ], [ 30.5176539, 70.5484903 ], [ 30.5181382, 70.5484612 ], [ 30.5183328, 70.5484458 ], [ 30.5183329, 70.5484375 ], [ 30.5182428, 70.5484 ], [ 30.5181687, 70.5483917 ], [ 30.5178148, 70.5483754 ], [ 30.5171141, 70.5483262 ], [ 30.5170146, 70.5483045 ], [ 30.5170115, 70.5482833 ], [ 30.5174683, 70.5483109 ], [ 30.5178503, 70.5483122 ], [ 30.5179712, 70.5482842 ], [ 30.5179897, 70.5482672 ], [ 30.5179838, 70.5482579 ], [ 30.5179046, 70.5482339 ], [ 30.5179472, 70.5481898 ], [ 30.5182585, 70.5481442 ], [ 30.5182927, 70.5481448 ], [ 30.5183904, 70.5481736 ], [ 30.5185721, 70.5482592 ], [ 30.5186341, 70.5482609 ], [ 30.5189436, 70.5482346 ], [ 30.5190833, 70.5481879 ], [ 30.5190496, 70.5481533 ], [ 30.519139, 70.5481416 ], [ 30.5197046, 70.5481201 ], [ 30.5199417, 70.5481225 ], [ 30.5202791, 70.5481751 ], [ 30.520468, 70.5481736 ], [ 30.5208012, 70.5481062 ], [ 30.5207935, 70.548078 ], [ 30.5206402, 70.5479337 ], [ 30.51972, 70.5477765 ], [ 30.5189526, 70.5477257 ], [ 30.518878, 70.5477184 ], [ 30.5188738, 70.5477036 ], [ 30.5191319, 70.5475995 ], [ 30.5193967, 70.5476006 ], [ 30.519725, 70.5476228 ], [ 30.5200549, 70.5475734 ], [ 30.5203408, 70.5474667 ], [ 30.5203897, 70.5474322 ], [ 30.520381, 70.547404 ], [ 30.520343, 70.5473964 ], [ 30.5199247, 70.5473781 ], [ 30.5199027, 70.5473709 ], [ 30.520017, 70.547259 ], [ 30.5203575, 70.5472153 ], [ 30.5205994, 70.5472148 ], [ 30.5206603, 70.5472217 ], [ 30.5212719, 70.5472137 ], [ 30.5214595, 70.5471453 ], [ 30.521856, 70.5470901 ], [ 30.5222398, 70.5470879 ], [ 30.5224128, 70.5470751 ], [ 30.5219608, 70.546994 ], [ 30.521023, 70.5469657 ], [ 30.5207769, 70.5469492 ], [ 30.5206593, 70.5469343 ], [ 30.5206164, 70.5469156 ], [ 30.5206211, 70.5468831 ], [ 30.5206775, 70.5468717 ], [ 30.5214267, 70.5468162 ], [ 30.5216923, 70.5468092 ], [ 30.522078, 70.5467814 ], [ 30.5225088, 70.5467181 ], [ 30.5225162, 70.546687 ], [ 30.5224597, 70.5466515 ], [ 30.5226165, 70.5466267 ], [ 30.5226769, 70.546607 ], [ 30.5218461, 70.5464511 ], [ 30.5215998, 70.5464189 ], [ 30.5213354, 70.5464173 ], [ 30.5210828, 70.5464251 ], [ 30.5210455, 70.5464209 ], [ 30.5210252, 70.5464012 ], [ 30.5210309, 70.5462853 ], [ 30.5211465, 70.5462626 ], [ 30.5215135, 70.5462787 ], [ 30.5221268, 70.5462894 ], [ 30.5222421, 70.5462229 ], [ 30.5222307, 70.5460998 ], [ 30.5220799, 70.5460531 ], [ 30.5215762, 70.5459578 ], [ 30.5209364, 70.5459934 ], [ 30.5208211, 70.5459756 ], [ 30.520743, 70.5459531 ], [ 30.5206827, 70.5458298 ], [ 30.5207871, 70.5455231 ], [ 30.5208897, 70.5454168 ], [ 30.5218906, 70.5453584 ], [ 30.5222065, 70.5452981 ], [ 30.5218993, 70.5452628 ], [ 30.5216163, 70.5452808 ], [ 30.5212628, 70.5449162 ], [ 30.5211891, 70.5447803 ], [ 30.5212032, 70.5447628 ], [ 30.5212536, 70.5447434 ], [ 30.5222164, 70.5446239 ], [ 30.5222887, 70.5444625 ], [ 30.5223412, 70.5444083 ], [ 30.5223971, 70.5444006 ], [ 30.5229911, 70.5444103 ], [ 30.5230232, 70.5444364 ], [ 30.5230098, 70.5444623 ], [ 30.5230295, 70.5444673 ], [ 30.5233325, 70.5444709 ], [ 30.5234866, 70.5444675 ], [ 30.5238306, 70.544392 ], [ 30.5241188, 70.5441903 ], [ 30.5240991, 70.5441267 ], [ 30.5237473, 70.5441426 ], [ 30.5235463, 70.5441437 ], [ 30.5233877, 70.5441417 ], [ 30.5233269, 70.5441254 ], [ 30.5232538, 70.5440679 ], [ 30.5231555, 70.5438134 ], [ 30.5233174, 70.543742 ], [ 30.5237442, 70.5437167 ], [ 30.5242213, 70.5436453 ], [ 30.5242361, 70.5436353 ], [ 30.5242146, 70.5436329 ], [ 30.5238653, 70.5436576 ], [ 30.5237358, 70.5436594 ], [ 30.5237416, 70.5436062 ], [ 30.5237768, 70.5435887 ], [ 30.5240377, 70.5434917 ], [ 30.5241178, 70.543472 ], [ 30.5243146, 70.5434475 ], [ 30.5246868, 70.543437 ], [ 30.5253093, 70.5433428 ], [ 30.5255192, 70.543299 ], [ 30.5254297, 70.5432598 ], [ 30.5253262, 70.5432581 ], [ 30.5247249, 70.543305 ], [ 30.5242459, 70.5433581 ], [ 30.5242175, 70.5433543 ], [ 30.5242008, 70.5433267 ], [ 30.5242087, 70.5432486 ], [ 30.5242758, 70.5432304 ], [ 30.5245455, 70.5431887 ], [ 30.5251312, 70.5431153 ], [ 30.5256954, 70.5430623 ], [ 30.5258502, 70.5430347 ], [ 30.5265375, 70.54287 ], [ 30.5270287, 70.5427156 ], [ 30.5273387, 70.5425814 ], [ 30.5274263, 70.5424986 ], [ 30.5273783, 70.5424771 ], [ 30.527549, 70.542405 ], [ 30.5279127, 70.5423159 ], [ 30.528238, 70.5424028 ], [ 30.5288476, 70.5422979 ], [ 30.5293805, 70.5422923 ], [ 30.5294177, 70.5423287 ], [ 30.5298143, 70.5422628 ], [ 30.5299936, 70.5421911 ], [ 30.5303883, 70.542089 ], [ 30.5310071, 70.5420014 ], [ 30.5310124, 70.5420293 ], [ 30.5310594, 70.5420275 ], [ 30.5312989, 70.5419379 ], [ 30.5313213, 70.541835 ], [ 30.5311665, 70.5418339 ], [ 30.5311384, 70.5418067 ], [ 30.5311532, 70.5417878 ], [ 30.531243, 70.5417323 ], [ 30.5317733, 70.5414845 ], [ 30.5326679, 70.5414804 ], [ 30.532982, 70.541447 ], [ 30.5338995, 70.5412473 ], [ 30.5351274, 70.5410503 ], [ 30.5355264, 70.540964 ], [ 30.5358764, 70.5409111 ], [ 30.5361441, 70.540891 ], [ 30.5366559, 70.5408801 ], [ 30.5370797, 70.5408837 ], [ 30.5374923, 70.5408964 ], [ 30.5377158, 70.5409108 ], [ 30.5380525, 70.5409442 ], [ 30.5382183, 70.5409494 ], [ 30.5401655, 70.5409361 ], [ 30.5408213, 70.540952 ], [ 30.5411511, 70.5409667 ], [ 30.5412645, 70.5409793 ], [ 30.5416539, 70.5412314 ], [ 30.5417161, 70.5412795 ], [ 30.5417109, 70.5412992 ], [ 30.5416802, 70.5413134 ], [ 30.5415635, 70.5413122 ], [ 30.5413034, 70.5412301 ], [ 30.5412226, 70.5411784 ], [ 30.5410615, 70.5411634 ], [ 30.5405509, 70.5413184 ], [ 30.5403486, 70.5414123 ], [ 30.5402236, 70.5415009 ], [ 30.5401729, 70.5415562 ], [ 30.5401903, 70.5415912 ], [ 30.5403377, 70.5414945 ], [ 30.5407294, 70.5413592 ], [ 30.5407897, 70.541364 ], [ 30.5407973, 70.5413951 ], [ 30.5407911, 70.541427 ], [ 30.5406835, 70.5415067 ], [ 30.5406933, 70.541577 ], [ 30.5407335, 70.5416193 ], [ 30.5407737, 70.5416242 ], [ 30.5408409, 70.5416231 ], [ 30.5408815, 70.5416117 ], [ 30.5412025, 70.5414934 ], [ 30.5412188, 70.5414239 ], [ 30.5412521, 70.5413867 ], [ 30.5417687, 70.5413911 ], [ 30.5419164, 70.5414042 ], [ 30.5419169, 70.5414122 ], [ 30.541758, 70.541506 ], [ 30.5416595, 70.5415181 ], [ 30.5416451, 70.541579 ], [ 30.5423766, 70.5417428 ], [ 30.5424793, 70.5417551 ], [ 30.5425448, 70.541752 ], [ 30.5429642, 70.5416779 ], [ 30.5430744, 70.5416434 ], [ 30.5430829, 70.5416264 ], [ 30.5440764, 70.5414009 ], [ 30.5440587, 70.5414828 ], [ 30.5438763, 70.5417464 ], [ 30.5439297, 70.5418156 ], [ 30.5441438, 70.541896 ], [ 30.5441998, 70.5419048 ], [ 30.5448416, 70.5418804 ], [ 30.5452151, 70.5418098 ], [ 30.545623, 70.5416351 ], [ 30.5458742, 70.5415112 ], [ 30.5457839, 70.5414228 ], [ 30.5463092, 70.5414153 ], [ 30.5469909, 70.5413512 ], [ 30.5474901, 70.5413732 ], [ 30.5481586, 70.5414381 ], [ 30.5483037, 70.541579 ], [ 30.5483291, 70.5416978 ], [ 30.5486109, 70.541775 ], [ 30.5493031, 70.5418146 ], [ 30.5493956, 70.5418115 ], [ 30.5498483, 70.5416339 ], [ 30.5498816, 70.5416125 ], [ 30.5499033, 70.5415823 ], [ 30.5498874, 70.5415456 ], [ 30.5497887, 70.5414448 ], [ 30.5497942, 70.5414223 ], [ 30.5499494, 70.541327 ], [ 30.5499532, 70.5413248 ], [ 30.550417, 70.5413328 ], [ 30.5504888, 70.5413445 ], [ 30.5506422, 70.5414465 ], [ 30.550979, 70.5415303 ], [ 30.5512376, 70.5415848 ], [ 30.5519572, 70.5417154 ], [ 30.5523449, 70.5417062 ], [ 30.55243, 70.5416697 ], [ 30.5528583, 70.5416406 ], [ 30.5539724, 70.5416395 ], [ 30.5546156, 70.5415798 ], [ 30.5547862, 70.5415485 ], [ 30.5548056, 70.5415301 ], [ 30.5550353, 70.5415103 ], [ 30.5554963, 70.5416762 ], [ 30.5555797, 70.5416962 ], [ 30.5556529, 70.5416978 ], [ 30.5555888, 70.5416431 ], [ 30.5553531, 70.5415562 ], [ 30.5550895, 70.5413856 ], [ 30.5553249, 70.5413845 ], [ 30.5558527, 70.5414034 ], [ 30.5565694, 70.5415026 ], [ 30.5566236, 70.5415176 ], [ 30.5567541, 70.5416207 ], [ 30.5566988, 70.5416373 ], [ 30.5566551, 70.5416645 ], [ 30.5566656, 70.5416723 ], [ 30.5568338, 70.5417646 ], [ 30.5571159, 70.541867 ], [ 30.55714, 70.5418681 ], [ 30.5571675, 70.5418503 ], [ 30.5572394, 70.5413662 ], [ 30.5571019, 70.5411253 ], [ 30.557015, 70.5410245 ], [ 30.5570076, 70.540975 ], [ 30.5570512, 70.5409351 ], [ 30.557149, 70.5408901 ], [ 30.5579203, 70.5406548 ], [ 30.5583021, 70.5405695 ], [ 30.5585356, 70.5405284 ], [ 30.5594053, 70.5404195 ], [ 30.5597271, 70.5404103 ], [ 30.5614717, 70.5404084 ], [ 30.5617648, 70.5403909 ], [ 30.5623922, 70.5403696 ], [ 30.5629863, 70.5403584 ], [ 30.5632942, 70.540372 ], [ 30.5635751, 70.5404234 ], [ 30.5639883, 70.5405718 ], [ 30.5639424, 70.5407856 ], [ 30.5647576, 70.5409739 ], [ 30.5649782, 70.5409965 ], [ 30.5655185, 70.541004 ], [ 30.565541, 70.540999 ], [ 30.5655593, 70.5409719 ], [ 30.565972, 70.5409569 ], [ 30.5664204, 70.5410606 ], [ 30.5666417, 70.5409861 ], [ 30.5666798, 70.5409529 ], [ 30.5667156, 70.5409421 ], [ 30.5672985, 70.5409265 ], [ 30.5675506, 70.5409579 ], [ 30.567578, 70.5409684 ], [ 30.5675614, 70.5410581 ], [ 30.5676269, 70.5411757 ], [ 30.5677512, 70.5412273 ], [ 30.5681391, 70.5412682 ], [ 30.5681917, 70.5412626 ], [ 30.5682493, 70.541239 ], [ 30.5683168, 70.5411861 ], [ 30.5685663, 70.5411365 ], [ 30.5689218, 70.5411115 ], [ 30.5694953, 70.5410931 ], [ 30.570343, 70.5411446 ], [ 30.5708417, 70.5411886 ], [ 30.570883, 70.5412165 ], [ 30.5713795, 70.5413074 ], [ 30.5715138, 70.5413215 ], [ 30.5716284, 70.5413182 ], [ 30.5716694, 70.5413084 ], [ 30.5717265, 70.5412687 ], [ 30.5721989, 70.5412495 ], [ 30.5728111, 70.5412454 ], [ 30.5728763, 70.5412522 ], [ 30.5731015, 70.5412997 ], [ 30.5734877, 70.5414081 ], [ 30.5735422, 70.5414157 ], [ 30.5744234, 70.5414265 ], [ 30.574875, 70.5414217 ], [ 30.574954, 70.5414021 ], [ 30.5751284, 70.5414076 ], [ 30.5752604, 70.5414387 ], [ 30.5752943, 70.5414739 ], [ 30.5753003, 70.5415406 ], [ 30.5752638, 70.5415976 ], [ 30.5750742, 70.5416157 ], [ 30.575043, 70.5416253 ], [ 30.5749327, 70.5416934 ], [ 30.5749164, 70.5417117 ], [ 30.5749284, 70.5417442 ], [ 30.5753078, 70.5418828 ], [ 30.5753439, 70.5418868 ], [ 30.5754145, 70.5418865 ], [ 30.5755841, 70.5418673 ], [ 30.5762415, 70.5416601 ], [ 30.5762392, 70.5416336 ], [ 30.5761905, 70.5416032 ], [ 30.5761786, 70.5415726 ], [ 30.5762317, 70.5415557 ], [ 30.5765171, 70.5415284 ], [ 30.5772607, 70.5415862 ], [ 30.577494, 70.5417064 ], [ 30.5776617, 70.5417403 ], [ 30.577763, 70.541729 ], [ 30.578094, 70.5416173 ], [ 30.5781679, 70.5415604 ], [ 30.5783468, 70.5414953 ], [ 30.5783962, 70.5414895 ], [ 30.5785651, 70.5414926 ], [ 30.5790011, 70.5415392 ], [ 30.5792932, 70.5416312 ], [ 30.5794596, 70.5416936 ], [ 30.5795299, 70.5417101 ], [ 30.579715, 70.5417259 ], [ 30.5805222, 70.5417201 ], [ 30.5809487, 70.5416529 ], [ 30.5812275, 70.5416429 ], [ 30.5812923, 70.5416479 ], [ 30.5816371, 70.5417665 ], [ 30.5817345, 70.5418345 ], [ 30.5817504, 70.541902 ], [ 30.5817767, 70.5419098 ], [ 30.5824381, 70.5419331 ], [ 30.5828519, 70.5418998 ], [ 30.5832816, 70.5418767 ], [ 30.5836141, 70.5418653 ], [ 30.5838539, 70.5418677 ], [ 30.583951, 70.5418812 ], [ 30.5840937, 70.5419171 ], [ 30.5841904, 70.5419539 ], [ 30.5843481, 70.5419906 ], [ 30.5844288, 70.5420023 ], [ 30.5846024, 70.5420065 ], [ 30.5851607, 70.5419778 ], [ 30.5853089, 70.5419553 ], [ 30.5856405, 70.5419295 ], [ 30.5862151, 70.541899 ], [ 30.5865935, 70.5418934 ], [ 30.5879558, 70.5419142 ], [ 30.5880628, 70.5419262 ], [ 30.5886919, 70.5420509 ], [ 30.5887611, 70.5420709 ], [ 30.5890861, 70.5421959 ], [ 30.5892204, 70.5422881 ], [ 30.5893901, 70.542432 ], [ 30.5895442, 70.5425921 ], [ 30.5895948, 70.5427015 ], [ 30.5895839, 70.5427779 ], [ 30.5894904, 70.5429718 ], [ 30.5894599, 70.5429915 ], [ 30.589238, 70.5430487 ], [ 30.5888611, 70.5431201 ], [ 30.5885058, 70.5432438 ], [ 30.5882611, 70.5433378 ], [ 30.5878136, 70.5435556 ], [ 30.5870813, 70.5439876 ], [ 30.5859276, 70.544765 ], [ 30.5856774, 70.5450434 ], [ 30.5854905, 70.5452861 ], [ 30.5853297, 70.54541 ], [ 30.5851116, 70.5455012 ], [ 30.5850638, 70.5455491 ], [ 30.5850014, 70.5458496 ], [ 30.5850025, 70.5460157 ], [ 30.5851676, 70.5461325 ], [ 30.5852862, 70.5463681 ], [ 30.5852807, 70.5465009 ], [ 30.5845436, 70.5468582 ], [ 30.5843096, 70.5468267 ], [ 30.5842722, 70.5468373 ], [ 30.5842867, 70.5468851 ], [ 30.5843075, 70.5468939 ], [ 30.5846365, 70.5469598 ], [ 30.5846966, 70.5469622 ], [ 30.5847313, 70.5470076 ], [ 30.5853964, 70.5472012 ], [ 30.5858312, 70.5472007 ], [ 30.5860355, 70.5472335 ], [ 30.5865591, 70.5473773 ], [ 30.5867007, 70.547404 ], [ 30.5867656, 70.5474062 ], [ 30.587024, 70.5473923 ], [ 30.5873333, 70.5475936 ], [ 30.5874335, 70.5476823 ], [ 30.587224, 70.5477118 ], [ 30.5869381, 70.5477248 ], [ 30.5868949, 70.547755 ], [ 30.5868618, 70.5478134 ], [ 30.5868707, 70.5478384 ], [ 30.5872629, 70.5480282 ], [ 30.5873878, 70.5480759 ], [ 30.5877173, 70.5481584 ], [ 30.5882059, 70.5482287 ], [ 30.5889916, 70.5482409 ], [ 30.5895945, 70.5483676 ], [ 30.5897302, 70.548377 ], [ 30.5899191, 70.5483726 ], [ 30.5899312, 70.5483634 ], [ 30.5898942, 70.5483404 ], [ 30.5901884, 70.5482793 ], [ 30.5907372, 70.5482464 ], [ 30.5908361, 70.5482626 ], [ 30.5910287, 70.5485139 ], [ 30.5908366, 70.5485906 ], [ 30.5907872, 70.5486418 ], [ 30.5912792, 70.5488042 ], [ 30.5913256, 70.5488107 ], [ 30.5915679, 70.5488086 ], [ 30.5920588, 70.5487802 ], [ 30.5922242, 70.5487387 ], [ 30.5923067, 70.5486709 ], [ 30.5926452, 70.5486493 ], [ 30.593268, 70.5487243 ], [ 30.5934915, 70.5487701 ], [ 30.5936504, 70.5487442 ], [ 30.5939845, 70.548727 ], [ 30.5944445, 70.5487487 ], [ 30.5947765, 70.5487723 ], [ 30.5948123, 70.5487801 ], [ 30.5948432, 70.5488009 ], [ 30.5949028, 70.5489217 ], [ 30.5947852, 70.5489248 ], [ 30.5947603, 70.5489353 ], [ 30.5947915, 70.5490187 ], [ 30.5951099, 70.5491123 ], [ 30.5953402, 70.549157 ], [ 30.5953861, 70.549159 ], [ 30.5955476, 70.5491312 ], [ 30.59553, 70.5490587 ], [ 30.59627, 70.5491009 ], [ 30.5964967, 70.5491396 ], [ 30.5964948, 70.5491606 ], [ 30.5964682, 70.5491726 ], [ 30.5962822, 70.549189 ], [ 30.5962658, 70.5492293 ], [ 30.5964757, 70.5492821 ], [ 30.5967405, 70.5493146 ], [ 30.5981299, 70.5493254 ], [ 30.5986824, 70.549486 ], [ 30.5985767, 70.5496546 ], [ 30.5985522, 70.5496657 ], [ 30.5985647, 70.5497134 ], [ 30.5988816, 70.5498035 ], [ 30.5989522, 70.5498118 ], [ 30.5990631, 70.5498112 ], [ 30.5990952, 70.5498054 ], [ 30.5991219, 70.5497779 ], [ 30.5993517, 70.5497558 ], [ 30.5995284, 70.5497712 ], [ 30.5995987, 70.5497864 ], [ 30.5997044, 70.5498248 ], [ 30.5997005, 70.5498929 ], [ 30.5996614, 70.54991 ], [ 30.5995123, 70.5499465 ], [ 30.5994468, 70.5499815 ], [ 30.599447, 70.5500006 ], [ 30.5994478, 70.5500673 ], [ 30.5994804, 70.5500734 ], [ 30.5996025, 70.5500726 ], [ 30.5998925, 70.5500412 ], [ 30.599948, 70.5500707 ], [ 30.6002064, 70.5502084 ], [ 30.6003076, 70.5502748 ], [ 30.6004143, 70.5503832 ], [ 30.6006063, 70.5506893 ], [ 30.6004889, 70.5506846 ], [ 30.6004711, 70.5507038 ], [ 30.6004047, 70.5509498 ], [ 30.6006764, 70.5509742 ], [ 30.6011755, 70.5510548 ], [ 30.6021982, 70.551314 ], [ 30.6033689, 70.5514737 ], [ 30.603514, 70.5514809 ], [ 30.6036827, 70.5514432 ], [ 30.6040746, 70.5513296 ], [ 30.6040729, 70.5513187 ], [ 30.6040459, 70.5513034 ], [ 30.6035888, 70.5511823 ], [ 30.6033124, 70.5510801 ], [ 30.6033138, 70.5510725 ], [ 30.6034978, 70.5510956 ], [ 30.6049578, 70.5513403 ], [ 30.6049906, 70.5513223 ], [ 30.6049114, 70.551246 ], [ 30.604829, 70.5512009 ], [ 30.6047011, 70.5511482 ], [ 30.6044492, 70.5511075 ], [ 30.6041805, 70.5510235 ], [ 30.604046, 70.5509701 ], [ 30.6040192, 70.5509502 ], [ 30.604029, 70.5509306 ], [ 30.6041897, 70.550951 ], [ 30.6049161, 70.5510818 ], [ 30.6052907, 70.5512535 ], [ 30.6053556, 70.5512725 ], [ 30.605483, 70.5512737 ], [ 30.6054701, 70.5512262 ], [ 30.6054238, 70.5511782 ], [ 30.6051502, 70.5509898 ], [ 30.6050104, 70.5509115 ], [ 30.6051866, 70.5508809 ], [ 30.6057276, 70.5509209 ], [ 30.6062329, 70.5508715 ], [ 30.6063332, 70.5508698 ], [ 30.6065035, 70.5508812 ], [ 30.6066879, 70.5509135 ], [ 30.6069184, 70.5509793 ], [ 30.6071493, 70.5510709 ], [ 30.6071636, 70.5510893 ], [ 30.6077034, 70.5512284 ], [ 30.6080159, 70.551222 ], [ 30.6082627, 70.5513034 ], [ 30.6086895, 70.5515212 ], [ 30.6088506, 70.5515868 ], [ 30.6092953, 70.5517307 ], [ 30.6094905, 70.551781 ], [ 30.6096569, 70.5518112 ], [ 30.6102599, 70.5518301 ], [ 30.6104138, 70.5518263 ], [ 30.6106449, 70.5517793 ], [ 30.6107701, 70.5517382 ], [ 30.6120959, 70.5516223 ], [ 30.6121596, 70.5515957 ], [ 30.6121553, 70.5515817 ], [ 30.6121241, 70.5515651 ], [ 30.6120182, 70.5515451 ], [ 30.6120399, 70.5514842 ], [ 30.6125396, 70.5513913 ], [ 30.6128778, 70.5514156 ], [ 30.6136145, 70.5515243 ], [ 30.6141922, 70.5516862 ], [ 30.6143242, 70.551747 ], [ 30.6144324, 70.5517765 ], [ 30.6145504, 70.5517909 ], [ 30.6151921, 70.5517987 ], [ 30.6160008, 70.5516462 ], [ 30.6155058, 70.5514916 ], [ 30.6147972, 70.5513634 ], [ 30.6146754, 70.5512526 ], [ 30.6146911, 70.5512234 ], [ 30.6148081, 70.5512192 ], [ 30.6152874, 70.5512688 ], [ 30.615337, 70.5513206 ], [ 30.6155506, 70.5513829 ], [ 30.615748, 70.55142 ], [ 30.6161672, 70.5514689 ], [ 30.6164321, 70.5514815 ], [ 30.6167608, 70.5514285 ], [ 30.6167613, 70.5513629 ], [ 30.616786, 70.5513223 ], [ 30.6173832, 70.5513798 ], [ 30.6174661, 70.5513829 ], [ 30.6175609, 70.5513738 ], [ 30.6175871, 70.5513512 ], [ 30.6174819, 70.551207 ], [ 30.6176032, 70.551146 ], [ 30.6182709, 70.551249 ], [ 30.6185424, 70.5512751 ], [ 30.6188013, 70.5512898 ], [ 30.6189502, 70.5512924 ], [ 30.6193853, 70.5512737 ], [ 30.6197162, 70.5512331 ], [ 30.6200873, 70.5511743 ], [ 30.6206382, 70.5510043 ], [ 30.6208183, 70.5508854 ], [ 30.6208291, 70.5508395 ], [ 30.6202875, 70.5506629 ], [ 30.6201551, 70.5506356 ], [ 30.6198466, 70.5505925 ], [ 30.6197451, 70.5505682 ], [ 30.618945, 70.5503441 ], [ 30.6189542, 70.550319 ], [ 30.6189766, 70.5503126 ], [ 30.6190487, 70.550314 ], [ 30.6193816, 70.550397 ], [ 30.6201863, 70.5505388 ], [ 30.6212774, 70.5506635 ], [ 30.6219463, 70.5507568 ], [ 30.6220572, 70.550754 ], [ 30.6222717, 70.5507326 ], [ 30.6224337, 70.5507079 ], [ 30.6224229, 70.5506915 ], [ 30.6220671, 70.550514 ], [ 30.6220069, 70.550494 ], [ 30.6209662, 70.5502697 ], [ 30.6212089, 70.5502606 ], [ 30.6214595, 70.5503065 ], [ 30.62159, 70.5503698 ], [ 30.6219699, 70.550367 ], [ 30.6217796, 70.550309 ], [ 30.621525, 70.5502593 ], [ 30.6212306, 70.5501804 ], [ 30.6218158, 70.5500682 ], [ 30.6223078, 70.5500615 ], [ 30.6223245, 70.5500484 ], [ 30.6223061, 70.5500006 ], [ 30.6222902, 70.5499598 ], [ 30.6221553, 70.5498524 ], [ 30.6218999, 70.5497548 ], [ 30.6214617, 70.5496581 ], [ 30.6211309, 70.5495692 ], [ 30.6210946, 70.549544 ], [ 30.6212014, 70.5495376 ], [ 30.6219137, 70.5496396 ], [ 30.6221926, 70.5496554 ], [ 30.6223576, 70.5495179 ], [ 30.6222717, 70.5494643 ], [ 30.6221768, 70.5493668 ], [ 30.6221796, 70.5493548 ], [ 30.6222034, 70.5493496 ], [ 30.6228265, 70.5493707 ], [ 30.6232274, 70.5494137 ], [ 30.6236574, 70.5494723 ], [ 30.6239182, 70.5494832 ], [ 30.6244625, 70.5493799 ], [ 30.6245435, 70.5493432 ], [ 30.6245358, 70.5492932 ], [ 30.6240304, 70.5490926 ], [ 30.624124, 70.549039 ], [ 30.6246269, 70.5490073 ], [ 30.6250382, 70.548904 ], [ 30.6248966, 70.5487763 ], [ 30.6243318, 70.5486676 ], [ 30.6242679, 70.5486496 ], [ 30.6242427, 70.5486251 ], [ 30.6246111, 70.5485937 ], [ 30.624803, 70.5486379 ], [ 30.6250734, 70.5487209 ], [ 30.625348, 70.548759 ], [ 30.6258365, 70.5487537 ], [ 30.6260567, 70.5487304 ], [ 30.626083, 70.5487156 ], [ 30.6261149, 70.5486715 ], [ 30.6259131, 70.5485224 ], [ 30.625458, 70.5484031 ], [ 30.6250354, 70.5483185 ], [ 30.6245237, 70.5483001 ], [ 30.6243235, 70.5483073 ], [ 30.6241255, 70.5483268 ], [ 30.6240396, 70.5483526 ], [ 30.62408, 70.5483879 ], [ 30.6242356, 70.5484351 ], [ 30.6242397, 70.5484438 ], [ 30.6242169, 70.5484451 ], [ 30.6239662, 70.5484112 ], [ 30.6238259, 70.5483652 ], [ 30.6237665, 70.5483304 ], [ 30.6237625, 70.5482679 ], [ 30.6240449, 70.5482543 ], [ 30.6243978, 70.5482138 ], [ 30.6244259, 70.5482003 ], [ 30.6244461, 70.548134 ], [ 30.6244774, 70.5481217 ], [ 30.6253614, 70.5480265 ], [ 30.6255176, 70.547964 ], [ 30.625518, 70.5479039 ], [ 30.6252486, 70.5479001 ], [ 30.6250401, 70.5478768 ], [ 30.6247644, 70.5478359 ], [ 30.6247246, 70.5478262 ], [ 30.6247418, 70.5478087 ], [ 30.6258163, 70.5478095 ], [ 30.6258149, 70.5477423 ], [ 30.6257616, 70.5477215 ], [ 30.6254975, 70.5476343 ], [ 30.6251074, 70.5475373 ], [ 30.6249742, 70.5475284 ], [ 30.6247988, 70.5474871 ], [ 30.6250087, 70.5473972 ], [ 30.6252562, 70.5474407 ], [ 30.6252997, 70.5474404 ], [ 30.6255551, 70.5473862 ], [ 30.625885, 70.5472898 ], [ 30.6261659, 70.547179 ], [ 30.6261585, 70.5471651 ], [ 30.6259452, 70.5471015 ], [ 30.6259557, 70.5469901 ], [ 30.6262148, 70.5468434 ], [ 30.6264555, 70.546735 ], [ 30.6264512, 70.5466918 ], [ 30.6263659, 70.5466509 ], [ 30.6258726, 70.5465534 ], [ 30.6254009, 70.5464235 ], [ 30.6254049, 70.5463896 ], [ 30.62568, 70.5461184 ], [ 30.6261172, 70.5460567 ], [ 30.6261402, 70.5461317 ], [ 30.6259529, 70.546159 ], [ 30.6259559, 70.546182 ], [ 30.6260058, 70.5461968 ], [ 30.6262926, 70.546229 ], [ 30.6269664, 70.5461851 ], [ 30.6270067, 70.5461584 ], [ 30.6270118, 70.5461382 ], [ 30.6265581, 70.5460753 ], [ 30.626117, 70.5460001 ], [ 30.6257188, 70.5458051 ], [ 30.6265294, 70.5457915 ], [ 30.6272294, 70.5458276 ], [ 30.6274943, 70.5457885 ], [ 30.6277506, 70.5457195 ], [ 30.6277418, 70.5457051 ], [ 30.6275288, 70.545644 ], [ 30.6273922, 70.5456171 ], [ 30.6270685, 70.5455767 ], [ 30.6268461, 70.5455362 ], [ 30.6265165, 70.5454363 ], [ 30.6265344, 70.5454273 ], [ 30.6265929, 70.5454284 ], [ 30.6271157, 70.5455018 ], [ 30.6275778, 70.5455798 ], [ 30.6276354, 70.5455956 ], [ 30.6275903, 70.5455648 ], [ 30.6271053, 70.5454498 ], [ 30.6267843, 70.5453996 ], [ 30.6271519, 70.545292 ], [ 30.6279999, 70.545282 ], [ 30.6280417, 70.5452746 ], [ 30.6280857, 70.5452024 ], [ 30.6279529, 70.5451609 ], [ 30.6277172, 70.5451267 ], [ 30.6273706, 70.5450929 ], [ 30.6269603, 70.5450915 ], [ 30.626975, 70.5449948 ], [ 30.6271163, 70.5448334 ], [ 30.6273111, 70.5447826 ], [ 30.6274292, 70.5447859 ], [ 30.6277067, 70.544819 ], [ 30.6279389, 70.5449289 ], [ 30.6284028, 70.5450534 ], [ 30.6293113, 70.5451457 ], [ 30.6295786, 70.5451635 ], [ 30.6303619, 70.5451915 ], [ 30.6307413, 70.5451593 ], [ 30.6311301, 70.5451159 ], [ 30.631453, 70.5450359 ], [ 30.632047, 70.5448524 ], [ 30.6321031, 70.5448273 ], [ 30.6321103, 70.5448074 ], [ 30.632049, 70.5447415 ], [ 30.6328254, 70.5447995 ], [ 30.6328797, 70.5447993 ], [ 30.6330894, 70.5447445 ], [ 30.6332017, 70.5446326 ], [ 30.6332171, 70.5445807 ], [ 30.633156, 70.5444576 ], [ 30.6330585, 70.5443526 ], [ 30.6327675, 70.5441027 ], [ 30.6324922, 70.5440068 ], [ 30.6322189, 70.5439301 ], [ 30.6317902, 70.543846 ], [ 30.6315087, 70.5438393 ], [ 30.6314825, 70.5437834 ], [ 30.631597, 70.5436662 ], [ 30.6317307, 70.543629 ], [ 30.6317161, 70.5435773 ], [ 30.631648, 70.5434901 ], [ 30.6313049, 70.5434096 ], [ 30.6310844, 70.5433337 ], [ 30.6310639, 70.5433154 ], [ 30.6314597, 70.5433132 ], [ 30.6318966, 70.5433387 ], [ 30.631957, 70.5433296 ], [ 30.6319117, 70.5433014 ], [ 30.6316093, 70.5431787 ], [ 30.6312917, 70.5431937 ], [ 30.6311055, 70.5430221 ], [ 30.6314007, 70.543036 ], [ 30.6317243, 70.5430902 ], [ 30.631971, 70.5431201 ], [ 30.6319848, 70.5428732 ], [ 30.6321983, 70.5427657 ], [ 30.63221, 70.5426442 ], [ 30.6321228, 70.5426303 ], [ 30.6315956, 70.542709 ], [ 30.631487, 70.5427448 ], [ 30.6309312, 70.5428684 ], [ 30.6307922, 70.5428965 ], [ 30.6307523, 70.5428937 ], [ 30.6307544, 70.5428631 ], [ 30.630863, 70.5426848 ], [ 30.6310422, 70.5425307 ], [ 30.6313608, 70.5423711 ], [ 30.6316398, 70.5423007 ], [ 30.6318076, 70.5422432 ], [ 30.6319489, 70.5421756 ], [ 30.6320008, 70.5419518 ], [ 30.6317843, 70.5417699 ], [ 30.6315176, 70.5416845 ], [ 30.6311777, 70.5415988 ], [ 30.6309352, 70.5414359 ], [ 30.631241, 70.5412373 ], [ 30.6313139, 70.5410084 ], [ 30.6312157, 70.5408518 ], [ 30.6316004, 70.5408321 ], [ 30.631831, 70.5408574 ], [ 30.6319914, 70.540885 ], [ 30.6321846, 70.540902 ], [ 30.63208, 70.540824 ], [ 30.6317804, 70.5406737 ], [ 30.6317069, 70.5406551 ], [ 30.631578, 70.5406413 ], [ 30.6313489, 70.5405912 ], [ 30.6311681, 70.5404923 ], [ 30.6310692, 70.540381 ], [ 30.6311076, 70.540321 ], [ 30.6311603, 70.5403151 ], [ 30.6313222, 70.5403187 ], [ 30.631563, 70.5403574 ], [ 30.631629, 70.5403609 ], [ 30.6326704, 70.5403663 ], [ 30.6327127, 70.5403407 ], [ 30.6327639, 70.5402723 ], [ 30.6327578, 70.5402457 ], [ 30.6327387, 70.5402387 ], [ 30.6324074, 70.5402089 ], [ 30.6322663, 70.5402354 ], [ 30.6320168, 70.5402317 ], [ 30.6317348, 70.5401676 ], [ 30.6317062, 70.5401501 ], [ 30.6317039, 70.5400673 ], [ 30.6317238, 70.5400568 ], [ 30.6318522, 70.5400524 ], [ 30.6322153, 70.540054 ], [ 30.6323703, 70.5400829 ], [ 30.6326609, 70.5401163 ], [ 30.632974, 70.5401401 ], [ 30.6338716, 70.5401885 ], [ 30.6339396, 70.5401851 ], [ 30.6340729, 70.5401379 ], [ 30.6340707, 70.5401282 ], [ 30.633673, 70.5401151 ], [ 30.6334474, 70.5400837 ], [ 30.6334936, 70.5399143 ], [ 30.6335888, 70.5399414 ], [ 30.6337562, 70.5399481 ], [ 30.6340881, 70.5399163 ], [ 30.6342837, 70.5398509 ], [ 30.6344832, 70.5397638 ], [ 30.6347198, 70.5396018 ], [ 30.6350769, 70.5393018 ], [ 30.6350463, 70.5391704 ], [ 30.6349216, 70.5391553 ], [ 30.6344031, 70.539209 ], [ 30.6342779, 70.5391593 ], [ 30.6342917, 70.5391403 ], [ 30.6346037, 70.5391064 ], [ 30.6347423, 70.5391006 ], [ 30.6348848, 70.5390437 ], [ 30.6345589, 70.5390446 ], [ 30.6344041, 70.539052 ], [ 30.6341158, 70.5391096 ], [ 30.6335642, 70.5391087 ], [ 30.6335672, 70.5391009 ], [ 30.6336244, 70.5390857 ], [ 30.6343656, 70.5389904 ], [ 30.6348077, 70.5389943 ], [ 30.635421, 70.538911 ], [ 30.6362863, 70.5387471 ], [ 30.6364434, 70.5386068 ], [ 30.6364767, 70.5383076 ], [ 30.6364294, 70.5382076 ], [ 30.6363932, 70.5381763 ], [ 30.6363534, 70.5381676 ], [ 30.6359988, 70.5381063 ], [ 30.6357733, 70.5380818 ], [ 30.6356544, 70.5380187 ], [ 30.6358307, 70.5379534 ], [ 30.6358186, 70.5378737 ], [ 30.6357014, 70.5377956 ], [ 30.6356429, 70.5377787 ], [ 30.6345593, 70.5376146 ], [ 30.6340594, 70.5375748 ], [ 30.6338628, 70.5375759 ], [ 30.6336703, 70.5375951 ], [ 30.6335782, 70.5376156 ], [ 30.6335052, 70.5376609 ], [ 30.6334428, 70.5376614 ], [ 30.6331925, 70.5376137 ], [ 30.633041, 70.5375751 ], [ 30.632936, 70.5375751 ], [ 30.6329452, 70.5376757 ], [ 30.6329289, 70.537681 ], [ 30.6313064, 70.5379454 ], [ 30.6312239, 70.5379811 ], [ 30.631149, 70.5380707 ], [ 30.6310359, 70.5381151 ], [ 30.6307641, 70.5381857 ], [ 30.6304081, 70.5383676 ], [ 30.6302868, 70.5384668 ], [ 30.6299164, 70.5385759 ], [ 30.6292506, 70.5386507 ], [ 30.6289193, 70.5387098 ], [ 30.6285079, 70.5387954 ], [ 30.6285013, 70.5388039 ], [ 30.6283003, 70.5388479 ], [ 30.6275631, 70.5389545 ], [ 30.6270991, 70.5389951 ], [ 30.6267984, 70.5390093 ], [ 30.6267578, 70.5389978 ], [ 30.6266993, 70.5389053 ], [ 30.6265583, 70.5388907 ], [ 30.6264011, 70.538894 ], [ 30.6260115, 70.5389901 ], [ 30.6258989, 70.5390582 ], [ 30.6257891, 70.539147 ], [ 30.6261209, 70.5393337 ], [ 30.626396, 70.5394282 ], [ 30.6270018, 70.5395854 ], [ 30.6274742, 70.5395901 ], [ 30.6278764, 70.5396129 ], [ 30.6282598, 70.5396532 ], [ 30.6284587, 70.5396896 ], [ 30.6284896, 70.5397167 ], [ 30.6284903, 70.5397793 ], [ 30.628475, 70.5397987 ], [ 30.6284432, 70.5398076 ], [ 30.6283184, 70.5398137 ], [ 30.6275092, 70.5398154 ], [ 30.6273548, 70.539802 ], [ 30.626171, 70.5394912 ], [ 30.6258689, 70.5394226 ], [ 30.625819, 70.5394177 ], [ 30.6255393, 70.5394374 ], [ 30.6252201, 70.5394734 ], [ 30.6246669, 70.5394954 ], [ 30.6245135, 70.539499 ], [ 30.6241882, 70.5394862 ], [ 30.6234763, 70.5395101 ], [ 30.6227098, 70.5395684 ], [ 30.6214837, 70.5396746 ], [ 30.6207017, 70.5396475 ], [ 30.6206068, 70.5396246 ], [ 30.6204189, 70.5396143 ], [ 30.6199733, 70.5396115 ], [ 30.6195822, 70.5396351 ], [ 30.6193604, 70.5396337 ], [ 30.6191513, 70.5396226 ], [ 30.618802, 70.5395852 ], [ 30.6183927, 70.539539 ], [ 30.6180371, 70.5394851 ], [ 30.6172855, 70.5394828 ], [ 30.6165346, 70.5394573 ], [ 30.6164195, 70.5394646 ], [ 30.6162906, 70.5394826 ], [ 30.6163369, 70.5396323 ], [ 30.6159395, 70.5397162 ], [ 30.6152467, 70.5398037 ], [ 30.614113, 70.5399306 ], [ 30.6137309, 70.5399813 ], [ 30.6133432, 70.5400376 ], [ 30.6128191, 70.540144 ], [ 30.6126884, 70.540156 ], [ 30.6123328, 70.5401632 ], [ 30.6119333, 70.5401626 ], [ 30.6118672, 70.5401568 ], [ 30.6116149, 70.5401149 ], [ 30.6114096, 70.540012 ], [ 30.6101215, 70.5396362 ], [ 30.609102, 70.539277 ], [ 30.6082513, 70.5389157 ], [ 30.6076312, 70.5385477 ], [ 30.6073239, 70.5382401 ], [ 30.6069949, 70.5379804 ], [ 30.6069625, 70.5379268 ], [ 30.6070101, 70.5378784 ], [ 30.6079353, 70.5372451 ], [ 30.6085023, 70.5369454 ], [ 30.6093415, 70.5365998 ], [ 30.609876, 70.5363568 ], [ 30.6099758, 70.5363331 ], [ 30.6103343, 70.5362876 ], [ 30.6106928, 70.536189 ], [ 30.6115119, 70.535919 ], [ 30.6116741, 70.5358018 ], [ 30.6119011, 70.5357084 ], [ 30.6120704, 70.5356837 ], [ 30.6120815, 70.5356373 ], [ 30.6122658, 70.5356151 ], [ 30.6125144, 70.535609 ], [ 30.6129105, 70.5355534 ], [ 30.613144, 70.535469 ], [ 30.6132758, 70.5353404 ], [ 30.6132648, 70.5353001 ], [ 30.6132334, 70.535274 ], [ 30.6130981, 70.5352809 ], [ 30.6130498, 70.5352484 ], [ 30.6130104, 70.5351727 ], [ 30.6133991, 70.5350695 ], [ 30.6136528, 70.5350278 ], [ 30.6137622, 70.535039 ], [ 30.6138701, 70.5350725 ], [ 30.6139537, 70.5350809 ], [ 30.6136882, 70.5348768 ], [ 30.6135037, 70.5348006 ], [ 30.6134168, 70.5347306 ], [ 30.6135705, 70.5344929 ], [ 30.6142765, 70.5342726 ], [ 30.6145179, 70.5342301 ], [ 30.6147122, 70.5340859 ], [ 30.6149178, 70.5338912 ], [ 30.6149183, 70.5338329 ], [ 30.6149147, 70.5338246 ], [ 30.6147145, 70.5337989 ], [ 30.6144933, 70.5337879 ], [ 30.6149621, 70.5337139 ], [ 30.6152318, 70.5336984 ], [ 30.615263, 70.533502 ], [ 30.6152409, 70.5333998 ], [ 30.6153161, 70.5332962 ], [ 30.6154083, 70.5332156 ], [ 30.6154509, 70.5332159 ], [ 30.615551, 70.5332676 ], [ 30.6160829, 70.5333173 ], [ 30.6161311, 70.533269 ], [ 30.6159002, 70.533145 ], [ 30.6158909, 70.5331031 ], [ 30.6159114, 70.5330842 ], [ 30.6164628, 70.5330692 ], [ 30.6165432, 70.5330735 ], [ 30.6168037, 70.5331501 ], [ 30.6168857, 70.5331562 ], [ 30.6169591, 70.5331549 ], [ 30.6169688, 70.5331485 ], [ 30.6169683, 70.5330964 ], [ 30.6169407, 70.5330695 ], [ 30.6166171, 70.5329406 ], [ 30.6164341, 70.5326667 ], [ 30.6162506, 70.5322371 ], [ 30.6162629, 70.5322096 ], [ 30.6166011, 70.5321074 ], [ 30.6170182, 70.5320151 ], [ 30.6172394, 70.5319414 ], [ 30.6173886, 70.531641 ], [ 30.6173874, 70.5316037 ], [ 30.6172423, 70.5315301 ], [ 30.6171272, 70.5315026 ], [ 30.617033, 70.5314251 ], [ 30.6171559, 70.531096 ], [ 30.6173404, 70.5311652 ], [ 30.6173683, 70.5311857 ], [ 30.6174521, 70.5312021 ], [ 30.6176101, 70.5312184 ], [ 30.617651, 70.5312173 ], [ 30.6178157, 70.5311268 ], [ 30.6177056, 70.5309976 ], [ 30.6175136, 70.5309537 ], [ 30.6172631, 70.5309467 ], [ 30.6172561, 70.5308948 ], [ 30.6172758, 70.5308651 ], [ 30.6176671, 70.5305771 ], [ 30.617902, 70.5304749 ], [ 30.6182919, 70.5304365 ], [ 30.6187657, 70.5301643 ], [ 30.6189448, 70.5301923 ], [ 30.6191487, 70.5302726 ], [ 30.6191655, 70.5300427 ], [ 30.6189199, 70.5298412 ], [ 30.6186438, 70.5296807 ], [ 30.6184277, 70.5295043 ], [ 30.6184385, 70.5294842 ], [ 30.6184927, 70.5294779 ], [ 30.6185614, 70.5294831 ], [ 30.6189391, 70.5295576 ], [ 30.6195044, 70.5297134 ], [ 30.61988, 70.5298776 ], [ 30.6200502, 70.529875 ], [ 30.6201246, 70.5298584 ], [ 30.6201977, 70.5298042 ], [ 30.6204231, 70.5295082 ], [ 30.6203813, 70.529497 ], [ 30.6199536, 70.5294627 ], [ 30.6197018, 70.5294496 ], [ 30.6195128, 70.5294518 ], [ 30.6195078, 70.5294234 ], [ 30.6196408, 70.5293639 ], [ 30.6199429, 70.5292926 ], [ 30.6203462, 70.5291824 ], [ 30.6203396, 70.5290759 ], [ 30.6202243, 70.529067 ], [ 30.62015, 70.5290704 ], [ 30.6199217, 70.5291557 ], [ 30.6197633, 70.5291507 ], [ 30.6196986, 70.5291375 ], [ 30.6195691, 70.5290787 ], [ 30.6195616, 70.5290128 ], [ 30.6195727, 70.5289936 ], [ 30.6196532, 70.5289893 ], [ 30.6199115, 70.5290093 ], [ 30.6202958, 70.529009 ], [ 30.6203867, 70.5289846 ], [ 30.6204113, 70.5289615 ], [ 30.620404, 70.5289339 ], [ 30.6203226, 70.5288737 ], [ 30.620046, 70.5288081 ], [ 30.6199275, 70.5285912 ], [ 30.6196789, 70.5285737 ], [ 30.6194795, 70.5285796 ], [ 30.6190127, 70.5285365 ], [ 30.619114, 70.5284912 ], [ 30.6191853, 70.5284304 ], [ 30.6187727, 70.528156 ], [ 30.6185701, 70.5279856 ], [ 30.6186046, 70.5279754 ], [ 30.6186288, 70.5279454 ], [ 30.6187358, 70.5276643 ], [ 30.6187172, 70.5276484 ], [ 30.6186367, 70.5276418 ], [ 30.618577, 70.5276426 ], [ 30.618509, 70.5276554 ], [ 30.6184424, 70.5276337 ], [ 30.6183411, 70.5276345 ], [ 30.6180973, 70.5277054 ], [ 30.6180196, 70.5277034 ], [ 30.6179779, 70.5276923 ], [ 30.6179184, 70.5275648 ], [ 30.6179332, 70.5272759 ], [ 30.618181, 70.5271015 ], [ 30.6186558, 70.5271001 ], [ 30.6187581, 70.5271279 ], [ 30.6188902, 70.5271367 ], [ 30.6188866, 70.5270692 ], [ 30.6188103, 70.5269982 ], [ 30.6184256, 70.5268665 ], [ 30.6183226, 70.526876 ], [ 30.6181543, 70.5269282 ], [ 30.6181392, 70.5269543 ], [ 30.6181185, 70.526954 ], [ 30.6179194, 70.5268576 ], [ 30.6178588, 70.5267587 ], [ 30.6178611, 70.5267045 ], [ 30.6179398, 70.5264993 ], [ 30.618168, 70.5263256 ], [ 30.6184971, 70.5263057 ], [ 30.61876, 70.5262568 ], [ 30.6188245, 70.5262256 ], [ 30.6188697, 70.5261781 ], [ 30.6188632, 70.5261109 ], [ 30.6185444, 70.5257845 ], [ 30.6182889, 70.5256535 ], [ 30.6182284, 70.5256353 ], [ 30.6178688, 70.5256154 ], [ 30.6174789, 70.5255682 ], [ 30.6173284, 70.5255204 ], [ 30.61728, 70.5254881 ], [ 30.6172711, 70.5254377 ], [ 30.6172898, 70.5254059 ], [ 30.6173269, 70.5253978 ], [ 30.6175121, 70.5253923 ], [ 30.6175843, 70.5253943 ], [ 30.617989, 70.5254409 ], [ 30.6183131, 70.525457 ], [ 30.6187548, 70.5254359 ], [ 30.6188151, 70.5254053 ], [ 30.618801, 70.5252243 ], [ 30.6185675, 70.5251315 ], [ 30.6182234, 70.5247835 ], [ 30.6182085, 70.5247471 ], [ 30.6182238, 70.5245987 ], [ 30.6182968, 70.5244668 ], [ 30.6187278, 70.5244321 ], [ 30.6183079, 70.5242198 ], [ 30.6185601, 70.5242103 ], [ 30.6186917, 70.5241938 ], [ 30.6186602, 70.5240873 ], [ 30.6182772, 70.5237134 ], [ 30.6181241, 70.5233574 ], [ 30.6180565, 70.5229543 ], [ 30.6177632, 70.5226082 ], [ 30.6176301, 70.5224848 ], [ 30.6175151, 70.5225004 ], [ 30.6172999, 70.5225584 ], [ 30.6171757, 70.5226027 ], [ 30.6171465, 70.5226231 ], [ 30.6170646, 70.5226204 ], [ 30.6169338, 70.5225932 ], [ 30.6163218, 70.5223776 ], [ 30.6163413, 70.5222487 ], [ 30.6163283, 70.5221976 ], [ 30.6162398, 70.5221009 ], [ 30.616145, 70.5220485 ], [ 30.6160563, 70.5220554 ], [ 30.6159622, 70.5220784 ], [ 30.6157036, 70.5220134 ], [ 30.6155044, 70.5218761 ], [ 30.6152556, 70.521674 ], [ 30.6151371, 70.5216798 ], [ 30.6150812, 70.5216973 ], [ 30.6150496, 70.5217187 ], [ 30.6150449, 70.5217467 ], [ 30.6150626, 70.521822 ], [ 30.6150053, 70.5218223 ], [ 30.6143307, 70.5216753 ], [ 30.6140387, 70.5215898 ], [ 30.6139834, 70.5214921 ], [ 30.6139625, 70.5214081 ], [ 30.6139998, 70.5213834 ], [ 30.61391, 70.5213146 ], [ 30.6136618, 70.5212652 ], [ 30.6133395, 70.5212254 ], [ 30.6132187, 70.5212568 ], [ 30.6130548, 70.5213204 ], [ 30.612993, 70.5213487 ], [ 30.6129434, 70.521397 ], [ 30.6128842, 70.5215737 ], [ 30.6127563, 70.5216609 ], [ 30.6126815, 70.5216923 ], [ 30.6126164, 70.5216895 ], [ 30.6125307, 70.5216675 ], [ 30.6125058, 70.5216496 ], [ 30.6124909, 70.5214713 ], [ 30.6124619, 70.5214143 ], [ 30.6117455, 70.521179 ], [ 30.6116576, 70.5211595 ], [ 30.6113143, 70.5211818 ], [ 30.6108341, 70.5211667 ], [ 30.6105075, 70.5209548 ], [ 30.6102633, 70.5208554 ], [ 30.609296, 70.5207915 ], [ 30.6085159, 70.5208798 ], [ 30.6083855, 70.5209226 ], [ 30.6083282, 70.5209527 ], [ 30.608146, 70.5210062 ], [ 30.6079254, 70.5209995 ], [ 30.6076554, 70.520952 ], [ 30.6075842, 70.5209395 ], [ 30.6070949, 70.5209023 ], [ 30.6068394, 70.5209001 ], [ 30.6067443, 70.5208892 ], [ 30.6059775, 70.5207512 ], [ 30.6055529, 70.5205981 ], [ 30.6049478, 70.5204379 ], [ 30.6033164, 70.520289 ], [ 30.6025732, 70.5202421 ], [ 30.6017552, 70.5202035 ], [ 30.6009181, 70.5202103 ], [ 30.6002174, 70.520138 ], [ 30.5998021, 70.5201122 ], [ 30.5991785, 70.5200121 ], [ 30.5983512, 70.5198298 ], [ 30.5975717, 70.5196752 ], [ 30.5974129, 70.5196466 ], [ 30.5965618, 70.519443 ], [ 30.5962313, 70.5193464 ], [ 30.5960753, 70.5192859 ], [ 30.5959033, 70.5191819 ], [ 30.5957406, 70.5190646 ], [ 30.5955229, 70.5188432 ], [ 30.5954488, 70.518759 ], [ 30.5953715, 70.518605 ], [ 30.5953636, 70.5185448 ], [ 30.5953747, 70.5184925 ], [ 30.5953681, 70.5184327 ], [ 30.5953443, 70.5183903 ], [ 30.5953442, 70.5183606 ], [ 30.5953585, 70.5183249 ], [ 30.5954212, 70.5182748 ], [ 30.5954212, 70.5182516 ], [ 30.595369, 70.5182267 ], [ 30.5953613, 70.518215 ], [ 30.595474, 70.5180029 ], [ 30.5956218, 70.5178442 ], [ 30.5958368, 70.5177212 ], [ 30.5958984, 70.5176901 ], [ 30.5959474, 70.5176653 ], [ 30.5960953, 70.5176793 ], [ 30.5962349, 70.5176754 ], [ 30.5962962, 70.5176482 ], [ 30.5963771, 70.5176474 ], [ 30.5964418, 70.5176794 ], [ 30.5964805, 70.5176823 ], [ 30.5965366, 70.5176844 ], [ 30.5966063, 70.5176818 ], [ 30.596642, 70.5176728 ], [ 30.5966638, 70.5176624 ], [ 30.5966699, 70.5176538 ], [ 30.5966837, 70.5176452 ], [ 30.596794, 70.5176362 ], [ 30.5968375, 70.5176304 ], [ 30.596852, 70.5176208 ], [ 30.5968513, 70.5176152 ], [ 30.5968448, 70.517606 ], [ 30.5968027, 70.5175985 ], [ 30.5968842, 70.5175703 ], [ 30.5969572, 70.5175819 ], [ 30.5969952, 70.5175851 ], [ 30.5970435, 70.5175851 ], [ 30.5970804, 70.5175834 ], [ 30.5971127, 70.5175782 ], [ 30.5972268, 70.517545 ], [ 30.5972606, 70.5175329 ], [ 30.5972841, 70.5175182 ], [ 30.5972917, 70.5175083 ], [ 30.597291, 70.5174946 ], [ 30.5972646, 70.5174569 ], [ 30.5972633, 70.517441 ], [ 30.59727, 70.5174364 ], [ 30.5972859, 70.5174289 ], [ 30.5973157, 70.5174226 ], [ 30.5973362, 70.517416 ], [ 30.5973464, 70.5174086 ], [ 30.5973477, 70.5173848 ], [ 30.5974716, 70.5173576 ], [ 30.5975282, 70.517332 ], [ 30.5976928, 70.5172562 ], [ 30.597819, 70.5172006 ], [ 30.5978431, 70.5171942 ], [ 30.5978876, 70.5171914 ], [ 30.5979432, 70.5171937 ], [ 30.5980743, 70.5172113 ], [ 30.5984876, 70.5172661 ], [ 30.5985788, 70.5172747 ], [ 30.5989351, 70.5172999 ], [ 30.5990888, 70.5173071 ], [ 30.5995726, 70.5172712 ], [ 30.5997505, 70.5172232 ], [ 30.5999478, 70.5172116 ], [ 30.6002523, 70.5171939 ], [ 30.6004137, 70.5171979 ], [ 30.6006884, 70.5172312 ], [ 30.6009358, 70.5172481 ], [ 30.6010312, 70.5172445 ], [ 30.6013682, 70.5172035 ], [ 30.6015662, 70.5170585 ], [ 30.6026132, 70.5169919 ], [ 30.6026333, 70.5169817 ], [ 30.6026597, 70.5169436 ], [ 30.6027292, 70.5165298 ], [ 30.6024565, 70.5163871 ], [ 30.6025973, 70.5161461 ], [ 30.6025825, 70.5160817 ], [ 30.6025569, 70.5160573 ], [ 30.6024796, 70.5160656 ], [ 30.6023193, 70.5161213 ], [ 30.602239, 70.5161629 ], [ 30.6020629, 70.516102 ], [ 30.6020461, 70.5160323 ], [ 30.6022113, 70.5159439 ], [ 30.6022095, 70.5157048 ], [ 30.6020326, 70.5156893 ], [ 30.6018468, 70.5157021 ], [ 30.6017473, 70.5157071 ], [ 30.6013754, 70.5154617 ], [ 30.6011587, 70.5152339 ], [ 30.6009477, 70.5151815 ], [ 30.6008305, 70.5151664 ], [ 30.6006345, 70.5151657 ], [ 30.6004804, 70.5151695 ], [ 30.6003854, 70.5151812 ], [ 30.6002105, 70.5152254 ], [ 30.6000549, 70.5152929 ], [ 30.5999478, 70.5152525 ], [ 30.5998855, 70.515229 ], [ 30.5997714, 70.5150323 ], [ 30.5996853, 70.5150368 ], [ 30.5991422, 70.515197 ], [ 30.5988008, 70.5151918 ], [ 30.598824, 70.5150917 ], [ 30.5986653, 70.5150318 ], [ 30.598521, 70.5150165 ], [ 30.5979319, 70.515062 ], [ 30.5975687, 70.5151304 ], [ 30.5971165, 70.5150379 ], [ 30.5970673, 70.5150379 ], [ 30.5964416, 70.515144 ], [ 30.5958087, 70.5151931 ], [ 30.5955652, 70.5152001 ], [ 30.5954152, 70.5151962 ], [ 30.594854, 70.5151229 ], [ 30.5945227, 70.5150434 ], [ 30.5944143, 70.5150115 ], [ 30.5942746, 70.5149526 ], [ 30.5942156, 70.5148306 ], [ 30.5942616, 70.5147264 ], [ 30.5942091, 70.5146704 ], [ 30.5940139, 70.5146393 ], [ 30.5938546, 70.5146429 ], [ 30.5936869, 70.5146684 ], [ 30.5936109, 70.5146878 ], [ 30.5933429, 70.5147935 ], [ 30.5931869, 70.514802 ], [ 30.5924631, 70.514641 ], [ 30.5920641, 70.514419 ], [ 30.5916483, 70.5141287 ], [ 30.59158, 70.5139662 ], [ 30.5915853, 70.5138648 ], [ 30.5916173, 70.5138212 ], [ 30.5916561, 70.5138086 ], [ 30.591815, 70.5138253 ], [ 30.5920792, 70.5138243 ], [ 30.5922398, 70.513774 ], [ 30.5922601, 70.5137428 ], [ 30.5922531, 70.5137031 ], [ 30.5922106, 70.5136965 ], [ 30.5919375, 70.5136876 ], [ 30.5918899, 70.5135932 ], [ 30.5922713, 70.5134798 ], [ 30.5918911, 70.5130548 ], [ 30.5920738, 70.5129798 ], [ 30.5920745, 70.5128804 ], [ 30.5914356, 70.5124424 ], [ 30.5905608, 70.51264 ], [ 30.5903411, 70.5126632 ], [ 30.5902585, 70.5126615 ], [ 30.5901641, 70.5126418 ], [ 30.5901683, 70.5126014 ], [ 30.5904034, 70.5125723 ], [ 30.5904741, 70.5125265 ], [ 30.5904053, 70.5124553 ], [ 30.5901999, 70.5123778 ], [ 30.5897392, 70.5124422 ], [ 30.5895721, 70.5124815 ], [ 30.5894448, 70.512492 ], [ 30.5892953, 70.5124917 ], [ 30.5889751, 70.5124727 ], [ 30.5879415, 70.5122493 ], [ 30.5875269, 70.5120814 ], [ 30.5873613, 70.5119496 ], [ 30.5874302, 70.51188 ], [ 30.5872571, 70.5118151 ], [ 30.5865416, 70.5117178 ], [ 30.5864626, 70.5117131 ], [ 30.586257, 70.5117165 ], [ 30.5862216, 70.5117526 ], [ 30.5861924, 70.5117598 ], [ 30.586041, 70.5117575 ], [ 30.5852493, 70.511632 ], [ 30.5849694, 70.5115579 ], [ 30.5848666, 70.511584 ], [ 30.5847307, 70.5115976 ], [ 30.5843704, 70.5116213 ], [ 30.5840389, 70.5116309 ], [ 30.5840358, 70.5116195 ], [ 30.5837029, 70.5115715 ], [ 30.5830957, 70.5115707 ], [ 30.5828862, 70.5115845 ], [ 30.5826761, 70.5116173 ], [ 30.5826393, 70.5116222 ], [ 30.5822865, 70.5116689 ], [ 30.5818903, 70.5117014 ], [ 30.5814012, 70.5117132 ], [ 30.5806397, 70.5117455 ], [ 30.5797552, 70.5117667 ], [ 30.5796099, 70.5117669 ], [ 30.5793446, 70.5117546 ], [ 30.5790614, 70.5117528 ], [ 30.5789223, 70.5117658 ], [ 30.5780948, 70.5119293 ], [ 30.5779617, 70.5119497 ], [ 30.5777841, 70.511961 ], [ 30.5775532, 70.5119485 ], [ 30.576917, 70.511879 ], [ 30.5767076, 70.5118571 ], [ 30.5764982, 70.5118352 ], [ 30.5761064, 70.5118275 ], [ 30.5757481, 70.5118226 ], [ 30.5752906, 70.5118097 ], [ 30.5750807, 70.5118124 ], [ 30.5744353, 70.5118413 ], [ 30.5742897, 70.5118502 ], [ 30.5741441, 70.5118647 ], [ 30.5739507, 70.511915 ], [ 30.5738138, 70.5119565 ], [ 30.5737818, 70.5119545 ], [ 30.5734141, 70.511863 ], [ 30.5728265, 70.5117759 ], [ 30.572465, 70.5116876 ], [ 30.5719381, 70.5114706 ], [ 30.5715264, 70.5111945 ], [ 30.5711636, 70.5110061 ], [ 30.5710726, 70.510984 ], [ 30.5704857, 70.5109228 ], [ 30.5702119, 70.5108423 ], [ 30.5700314, 70.5107745 ], [ 30.5694962, 70.5105287 ], [ 30.5691241, 70.5103306 ], [ 30.5688481, 70.510181 ], [ 30.5686484, 70.51012 ], [ 30.5684769, 70.5100662 ], [ 30.5683629, 70.5100414 ], [ 30.5680944, 70.5100024 ], [ 30.5678193, 70.5099579 ], [ 30.5676103, 70.5099268 ], [ 30.5675069, 70.5099194 ], [ 30.5672486, 70.5099117 ], [ 30.5669688, 70.509905 ], [ 30.5664191, 70.5098923 ], [ 30.5657953, 70.5098801 ], [ 30.5654578, 70.50982 ], [ 30.5654323, 70.5098094 ], [ 30.5653776, 70.5097811 ], [ 30.5652955, 70.5097385 ], [ 30.5652642, 70.5097183 ], [ 30.565238, 70.5096759 ], [ 30.5652185, 70.5096573 ], [ 30.5651719, 70.5096563 ], [ 30.5651083, 70.5096183 ], [ 30.5652295, 70.5095829 ], [ 30.5654414, 70.509587 ], [ 30.5655795, 70.5095364 ], [ 30.5654058, 70.5094671 ], [ 30.5656688, 70.5094428 ], [ 30.5659124, 70.5094153 ], [ 30.5662864, 70.5094521 ], [ 30.5667035, 70.509454 ], [ 30.5668766, 70.5094229 ], [ 30.5669518, 70.5094275 ], [ 30.5670252, 70.5093959 ], [ 30.5670118, 70.5093494 ], [ 30.5669804, 70.5093206 ], [ 30.5670266, 70.5092779 ], [ 30.5671032, 70.5092584 ], [ 30.5672104, 70.5092314 ], [ 30.567269, 70.5092342 ], [ 30.5673863, 70.5092692 ], [ 30.5675, 70.5092653 ], [ 30.567561, 70.509254 ], [ 30.5676132, 70.509217 ], [ 30.5676882, 70.5089945 ], [ 30.5676444, 70.5088351 ], [ 30.5675631, 70.5087637 ], [ 30.5672117, 70.5086301 ], [ 30.5671202, 70.5085423 ], [ 30.5669538, 70.5082692 ], [ 30.5669491, 70.5080312 ], [ 30.5670653, 70.5078674 ], [ 30.5671812, 70.5074653 ], [ 30.5672721, 70.507332 ], [ 30.5673304, 70.5073132 ], [ 30.5674756, 70.5073045 ], [ 30.5675347, 70.5074334 ], [ 30.5676598, 70.5075117 ], [ 30.5677466, 70.5075386 ], [ 30.5677831, 70.5075373 ], [ 30.5678842, 70.5075048 ], [ 30.5680533, 70.5073218 ], [ 30.5685279, 70.5072119 ], [ 30.568685, 70.5070954 ], [ 30.5686552, 70.5069126 ], [ 30.5686089, 70.5068137 ], [ 30.5685211, 70.506734 ], [ 30.567817, 70.5063059 ], [ 30.5676863, 70.5062403 ], [ 30.5675579, 70.5061112 ], [ 30.5672082, 70.5056278 ], [ 30.5671902, 70.505491 ], [ 30.5672291, 70.5054378 ], [ 30.5672597, 70.5054214 ], [ 30.5675891, 70.5054254 ], [ 30.5678248, 70.5054721 ], [ 30.5678508, 70.5054714 ], [ 30.5678618, 70.5054337 ], [ 30.5678093, 70.5052453 ], [ 30.5675209, 70.5048648 ], [ 30.5675266, 70.504689 ], [ 30.5687369, 70.504113 ], [ 30.5700801, 70.5034736 ], [ 30.5701368, 70.5035693 ], [ 30.570199, 70.5036358 ], [ 30.5702588, 70.5037769 ], [ 30.5702712, 70.5038179 ], [ 30.5702358, 70.5039716 ], [ 30.5702286, 70.5042993 ], [ 30.5702799, 70.5049301 ], [ 30.5704049, 70.5051607 ], [ 30.5705267, 70.5053237 ], [ 30.5706257, 70.5054206 ], [ 30.5708514, 70.5055973 ], [ 30.5712709, 70.5060284 ], [ 30.5713995, 70.5062298 ], [ 30.5714201, 70.506432 ], [ 30.5714623, 70.5065142 ], [ 30.5718074, 70.5069051 ], [ 30.5719187, 70.5070603 ], [ 30.5720003, 70.5072987 ], [ 30.5720775, 70.5077356 ], [ 30.5720722, 70.5079282 ], [ 30.5720199, 70.5081112 ], [ 30.5719368, 70.5082179 ], [ 30.5718649, 70.5082812 ], [ 30.5717553, 70.5083365 ], [ 30.5716512, 70.5083553 ], [ 30.5714127, 70.508372 ], [ 30.5707142, 70.5083731 ], [ 30.5705279, 70.5084154 ], [ 30.5704945, 70.5084495 ], [ 30.5704679, 70.5085306 ], [ 30.5704913, 70.5085748 ], [ 30.5709455, 70.5088259 ], [ 30.5715902, 70.5090557 ], [ 30.5719242, 70.5091476 ], [ 30.5721965, 70.5092828 ], [ 30.5724862, 70.509494 ], [ 30.5732759, 70.5099912 ], [ 30.5735047, 70.5100873 ], [ 30.5738691, 70.5102004 ], [ 30.5742714, 70.5103584 ], [ 30.5744244, 70.5105103 ], [ 30.574629, 70.5106484 ], [ 30.5748099, 70.5106848 ], [ 30.574905, 70.5107237 ], [ 30.5749826, 70.5107484 ], [ 30.5751044, 70.5107697 ], [ 30.5752398, 70.5107948 ], [ 30.5752842, 70.5108081 ], [ 30.5754067, 70.5108513 ], [ 30.5755022, 70.51088 ], [ 30.5757267, 70.5109311 ], [ 30.5758775, 70.5109654 ], [ 30.57622, 70.5110239 ], [ 30.5765229, 70.5110755 ], [ 30.5766559, 70.5111093 ], [ 30.5771953, 70.5111929 ], [ 30.5773183, 70.5112222 ], [ 30.5774634, 70.5112477 ], [ 30.5775341, 70.5112564 ], [ 30.5780022, 70.5112794 ], [ 30.5781556, 70.5112818 ], [ 30.5784325, 70.5112721 ], [ 30.5786033, 70.5112639 ], [ 30.5788931, 70.5112675 ], [ 30.578997, 70.5112713 ], [ 30.5791062, 70.5112823 ], [ 30.579175, 70.5112832 ], [ 30.5792442, 70.5112787 ], [ 30.5793857, 70.5112648 ], [ 30.5795498, 70.5112297 ], [ 30.579743, 70.5111676 ], [ 30.5798786, 70.5111061 ], [ 30.5799899, 70.5110369 ], [ 30.5802348, 70.5108593 ], [ 30.5811122, 70.5104419 ], [ 30.5814884, 70.5103001 ], [ 30.5816981, 70.5101945 ], [ 30.5818574, 70.5100886 ], [ 30.5819898, 70.5099607 ], [ 30.5822517, 70.5097449 ], [ 30.5825677, 70.5094513 ], [ 30.5829495, 70.5090228 ], [ 30.583147, 70.5087237 ], [ 30.5839073, 70.508003 ], [ 30.5843502, 70.5074597 ], [ 30.5845335, 70.5072285 ], [ 30.5854137, 70.5065542 ], [ 30.5860895, 70.5060448 ], [ 30.5865998, 70.5056865 ], [ 30.5871774, 70.5052553 ], [ 30.5878369, 70.5047601 ], [ 30.5883059, 70.5044158 ], [ 30.5887977, 70.5041577 ], [ 30.5892142, 70.5039534 ], [ 30.5894215, 70.5038633 ], [ 30.5895705, 70.503819 ], [ 30.5899566, 70.5037358 ], [ 30.5899902, 70.5037307 ], [ 30.5900281, 70.5037314 ], [ 30.5904949, 70.5038578 ], [ 30.5905484, 70.5038697 ], [ 30.5906042, 70.5038782 ], [ 30.5906557, 70.5038786 ], [ 30.5906866, 70.5038807 ], [ 30.5907043, 70.5038872 ], [ 30.590713, 70.503906 ], [ 30.5907324, 70.5039179 ], [ 30.5910775, 70.5040094 ], [ 30.5911521, 70.5040208 ], [ 30.5912036, 70.5040228 ], [ 30.5912487, 70.5040212 ], [ 30.5913792, 70.5040118 ], [ 30.5914424, 70.504013 ], [ 30.5915852, 70.5040416 ], [ 30.5917206, 70.5040706 ], [ 30.5918803, 70.5041068 ], [ 30.5920642, 70.5041491 ], [ 30.5921331, 70.5041575 ], [ 30.592227, 70.5041659 ], [ 30.5922862, 70.504167 ], [ 30.5925219, 70.504193 ], [ 30.592647, 70.5042093 ], [ 30.5927012, 70.5042108 ], [ 30.5927085, 70.50421 ], [ 30.5927158, 70.5042046 ], [ 30.592722, 70.5041933 ], [ 30.5927294, 70.504188 ], [ 30.5927519, 70.5041873 ], [ 30.5928143, 70.504204 ], [ 30.5928687, 70.5042238 ], [ 30.5929366, 70.5042414 ], [ 30.5930086, 70.5042573 ], [ 30.5931031, 70.5042688 ], [ 30.5931872, 70.5042687 ], [ 30.5932343, 70.5042653 ], [ 30.5932812, 70.5042558 ], [ 30.5933131, 70.5042556 ], [ 30.5933502, 70.5042695 ], [ 30.5934672, 70.5043072 ], [ 30.593527, 70.5043142 ], [ 30.5935823, 70.5043143 ], [ 30.5936002, 70.5043121 ], [ 30.5936147, 70.5043079 ], [ 30.5936142, 70.5042983 ], [ 30.5936069, 70.5042887 ], [ 30.5935629, 70.5042748 ], [ 30.5933704, 70.5042377 ], [ 30.5932266, 70.5042092 ], [ 30.5931922, 70.5042 ], [ 30.5931832, 70.504195 ], [ 30.5931953, 70.504183 ], [ 30.5931902, 70.504177 ], [ 30.5930812, 70.5041563 ], [ 30.5930511, 70.5041563 ], [ 30.5930396, 70.5041596 ], [ 30.5930386, 70.5041665 ], [ 30.5930304, 70.5041697 ], [ 30.5930027, 70.5041676 ], [ 30.5929133, 70.5041543 ], [ 30.5928937, 70.5041467 ], [ 30.5928801, 70.5041387 ], [ 30.5928775, 70.5041286 ], [ 30.5928675, 70.504124 ], [ 30.5925142, 70.504061 ], [ 30.5924762, 70.5040511 ], [ 30.592483, 70.5040422 ], [ 30.5925666, 70.504002 ], [ 30.5925925, 70.5039991 ], [ 30.5926056, 70.5039995 ], [ 30.5926408, 70.5040025 ], [ 30.5928277, 70.504045 ], [ 30.5928805, 70.5040472 ], [ 30.5929045, 70.5040452 ], [ 30.5929236, 70.5040384 ], [ 30.5929345, 70.5040305 ], [ 30.5929349, 70.5040223 ], [ 30.5929321, 70.5040132 ], [ 30.5929016, 70.5040066 ], [ 30.5928861, 70.5039944 ], [ 30.592993, 70.5039276 ], [ 30.5930082, 70.5039226 ], [ 30.5930306, 70.5039225 ], [ 30.5931143, 70.503936 ], [ 30.593137, 70.5039357 ], [ 30.5931491, 70.503935 ], [ 30.5931546, 70.5039313 ], [ 30.5931424, 70.5039202 ], [ 30.593079, 70.5039082 ], [ 30.5930722, 70.5039037 ], [ 30.5930794, 70.5038997 ], [ 30.5932022, 70.5038687 ], [ 30.5932532, 70.503863 ], [ 30.5932798, 70.5038659 ], [ 30.5932893, 70.5038792 ], [ 30.5932713, 70.5039069 ], [ 30.5932717, 70.5039125 ], [ 30.593416, 70.5039437 ], [ 30.5935021, 70.5039566 ], [ 30.5935623, 70.5039568 ], [ 30.5935865, 70.5039551 ], [ 30.5936252, 70.5039507 ], [ 30.5936766, 70.5039481 ], [ 30.593733, 70.5039549 ], [ 30.5940434, 70.5040294 ], [ 30.5940911, 70.5040344 ], [ 30.5941246, 70.5040341 ], [ 30.5941544, 70.5040206 ], [ 30.594185, 70.5039886 ], [ 30.5941853, 70.503979 ], [ 30.5941735, 70.5039689 ], [ 30.5938386, 70.5039009 ], [ 30.5938193, 70.503894 ], [ 30.5938146, 70.5038837 ], [ 30.5938211, 70.503871 ], [ 30.5938345, 70.5038583 ], [ 30.5938494, 70.5038522 ], [ 30.5939925, 70.5038229 ], [ 30.5944149, 70.5037734 ], [ 30.5948338, 70.5037789 ], [ 30.5950646, 70.5038045 ], [ 30.5956376, 70.5038893 ], [ 30.5967572, 70.5040245 ], [ 30.5972051, 70.5040579 ], [ 30.5970587, 70.5040184 ], [ 30.5967902, 70.5039801 ], [ 30.5967541, 70.5039704 ], [ 30.5967545, 70.5039604 ], [ 30.5968096, 70.5039532 ], [ 30.5969848, 70.5039587 ], [ 30.5971577, 70.5039743 ], [ 30.5976804, 70.5040309 ], [ 30.5977052, 70.5040287 ], [ 30.5976804, 70.5040031 ], [ 30.5976435, 70.5039918 ], [ 30.5970841, 70.5038678 ], [ 30.5973548, 70.5035629 ], [ 30.5974224, 70.5035592 ], [ 30.5976618, 70.5035673 ], [ 30.5977135, 70.5035876 ], [ 30.5977878, 70.5036023 ], [ 30.5988739, 70.5036915 ], [ 30.5988721, 70.5036576 ], [ 30.5987567, 70.5036354 ], [ 30.5980274, 70.503567 ], [ 30.5975814, 70.5035056 ], [ 30.5975903, 70.5034428 ], [ 30.5978081, 70.5033848 ], [ 30.5980491, 70.5033848 ], [ 30.5987292, 70.5034581 ], [ 30.5991795, 70.5035151 ], [ 30.5995925, 70.5036028 ], [ 30.5999476, 70.5036646 ], [ 30.600014, 70.5035468 ], [ 30.5999853, 70.5035076 ], [ 30.5999479, 70.5034953 ], [ 30.5999035, 70.5034806 ], [ 30.5989019, 70.5033204 ], [ 30.5989138, 70.5032734 ], [ 30.5993133, 70.5031993 ], [ 30.5993312, 70.5031526 ], [ 30.5996268, 70.502994 ], [ 30.5999479, 70.5028984 ], [ 30.6002085, 70.5028214 ], [ 30.6008801, 70.5026892 ], [ 30.6010787, 70.5026851 ], [ 30.6011774, 70.5027012 ], [ 30.601306, 70.5027568 ], [ 30.6014717, 70.5028014 ], [ 30.6016317, 70.5028207 ], [ 30.6016783, 70.5028181 ], [ 30.6016975, 70.5028083 ], [ 30.6017431, 70.5026848 ], [ 30.601802, 70.5025971 ], [ 30.6019421, 70.5025329 ], [ 30.6020354, 70.5025207 ], [ 30.6021237, 70.5025226 ], [ 30.60222, 70.5025417 ], [ 30.6023983, 70.5025968 ], [ 30.6024956, 70.5026037 ], [ 30.6026017, 70.5025984 ], [ 30.6032126, 70.5024895 ], [ 30.6032541, 70.5024612 ], [ 30.6033139, 70.5024465 ], [ 30.6039905, 70.5024151 ], [ 30.60453, 70.5024057 ], [ 30.60472, 70.5024118 ], [ 30.6048879, 70.5024431 ], [ 30.6052362, 70.5025501 ], [ 30.6055852, 70.5026262 ], [ 30.6057594, 70.5026589 ], [ 30.6058824, 70.5026726 ], [ 30.6060172, 70.5026734 ], [ 30.6064298, 70.5026381 ], [ 30.6066575, 70.5025654 ], [ 30.606889, 70.5024779 ], [ 30.606952, 70.5023379 ], [ 30.6074316, 70.502321 ], [ 30.6077901, 70.5022595 ], [ 30.6079702, 70.5022011 ], [ 30.6080069, 70.5021632 ], [ 30.6080489, 70.5021438 ], [ 30.6081474, 70.5021253 ], [ 30.6086529, 70.5021182 ], [ 30.6094302, 70.5021393 ], [ 30.6096739, 70.5021501 ], [ 30.609959, 70.5021784 ], [ 30.609969, 70.5021982 ], [ 30.6098645, 70.5022473 ], [ 30.6098572, 70.5022667 ], [ 30.6098674, 70.5023018 ], [ 30.6099281, 70.5023546 ], [ 30.6100471, 70.5023979 ], [ 30.6106577, 70.5025446 ], [ 30.610786, 70.5025734 ], [ 30.6111707, 70.5025837 ], [ 30.611572, 70.502622 ], [ 30.6116131, 70.5026735 ], [ 30.6116858, 70.5027065 ], [ 30.6119375, 70.5027426 ], [ 30.612456, 70.5027698 ], [ 30.6125395, 70.5027646 ], [ 30.612642, 70.5027392 ], [ 30.6127225, 70.5026962 ], [ 30.6127061, 70.502669 ], [ 30.612412, 70.5025812 ], [ 30.6122464, 70.5025437 ], [ 30.6121811, 70.5025386 ], [ 30.6118157, 70.502469 ], [ 30.6112294, 70.5023359 ], [ 30.6110525, 70.5022571 ], [ 30.6110539, 70.5022446 ], [ 30.6111069, 70.5022332 ], [ 30.6117247, 70.5021987 ], [ 30.6120159, 70.5022054 ], [ 30.6123166, 70.5022442 ], [ 30.61287, 70.5022654 ], [ 30.6130984, 70.5022504 ], [ 30.613083, 70.5022359 ], [ 30.6130031, 70.5022134 ], [ 30.6125833, 70.5021576 ], [ 30.6123884, 70.5021217 ], [ 30.6121673, 70.5019931 ], [ 30.6121942, 70.501962 ], [ 30.612363, 70.5019503 ], [ 30.6130147, 70.5019543 ], [ 30.6136746, 70.5019409 ], [ 30.6136014, 70.5018012 ], [ 30.6135774, 70.5017907 ], [ 30.6135078, 70.5017743 ], [ 30.6133239, 70.5017504 ], [ 30.6129032, 70.5017389 ], [ 30.6129637, 70.5016965 ], [ 30.613026, 70.5016734 ], [ 30.6133373, 70.5016892 ], [ 30.6136214, 70.5017192 ], [ 30.613935, 70.5017729 ], [ 30.6143747, 70.501827 ], [ 30.6147299, 70.5018418 ], [ 30.6149867, 70.501827 ], [ 30.6154452, 70.5017598 ], [ 30.615444, 70.5017439 ], [ 30.6153336, 70.5017028 ], [ 30.6148898, 70.501622 ], [ 30.6141903, 70.5015098 ], [ 30.614125, 70.5014929 ], [ 30.6143271, 70.5014863 ], [ 30.6144402, 70.5014909 ], [ 30.6155136, 70.5016152 ], [ 30.6157083, 70.5016296 ], [ 30.6157568, 70.501531 ], [ 30.6157491, 70.5015079 ], [ 30.6155289, 70.5014429 ], [ 30.6152295, 70.5013829 ], [ 30.6152167, 70.5013498 ], [ 30.6152971, 70.5013392 ], [ 30.6154777, 70.5013404 ], [ 30.6159831, 70.5013885 ], [ 30.6159687, 70.5013615 ], [ 30.6157988, 70.5013006 ], [ 30.6155765, 70.5012565 ], [ 30.6149845, 70.5011809 ], [ 30.6149801, 70.5011582 ], [ 30.6150009, 70.501147 ], [ 30.6151078, 70.5011273 ], [ 30.6152586, 70.5011415 ], [ 30.6155588, 70.5011881 ], [ 30.6156962, 70.5011912 ], [ 30.6155173, 70.501099 ], [ 30.615418, 70.5010656 ], [ 30.6149665, 70.5009565 ], [ 30.6146292, 70.5008893 ], [ 30.6142242, 70.5008198 ], [ 30.614165, 70.5007987 ], [ 30.614174, 70.5007671 ], [ 30.6142668, 70.5007111 ], [ 30.6143708, 70.5007007 ], [ 30.6149326, 70.5007443 ], [ 30.615464, 70.5008026 ], [ 30.6159747, 70.5008696 ], [ 30.6165065, 70.5009206 ], [ 30.6167499, 70.5009284 ], [ 30.6171405, 70.500907 ], [ 30.6171391, 70.5008429 ], [ 30.6164748, 70.5006137 ], [ 30.6161103, 70.5005385 ], [ 30.6161086, 70.5005076 ], [ 30.6163388, 70.5003754 ], [ 30.6165419, 70.5003692 ], [ 30.6170008, 70.5003815 ], [ 30.6170305, 70.5002762 ], [ 30.6176547, 70.5002857 ], [ 30.6175444, 70.5002415 ], [ 30.6174033, 70.5002115 ], [ 30.616892, 70.5001532 ], [ 30.6166297, 70.5001098 ], [ 30.616624, 70.5000616 ], [ 30.6166548, 70.5000245 ], [ 30.6169259, 70.5000279 ], [ 30.6176278, 70.5001082 ], [ 30.6176662, 70.5001337 ], [ 30.6177796, 70.5001509 ], [ 30.618118, 70.5001734 ], [ 30.6181655, 70.5001121 ], [ 30.6180585, 70.5000005 ], [ 30.6180397, 70.4999809 ], [ 30.617795, 70.4999195 ], [ 30.6174636, 70.4998696 ], [ 30.6174481, 70.4998401 ], [ 30.6174756, 70.4998282 ], [ 30.6175351, 70.4998232 ], [ 30.6177273, 70.4998257 ], [ 30.6181148, 70.4998715 ], [ 30.6183719, 70.499894 ], [ 30.6186885, 70.4998814 ], [ 30.6187934, 70.4997448 ], [ 30.6194122, 70.4997148 ], [ 30.6194301, 70.499699 ], [ 30.6193289, 70.4995998 ], [ 30.6190467, 70.4994435 ], [ 30.6186345, 70.4993693 ], [ 30.6186446, 70.4992707 ], [ 30.6186788, 70.4992082 ], [ 30.6194087, 70.4991326 ], [ 30.6201708, 70.499161 ], [ 30.6201473, 70.4991276 ], [ 30.6200788, 70.4991059 ], [ 30.6196561, 70.4990779 ], [ 30.6196496, 70.4990598 ], [ 30.6196899, 70.4990009 ], [ 30.6198424, 70.4988606 ], [ 30.6201982, 70.4987106 ], [ 30.6208764, 70.4985745 ], [ 30.6209767, 70.4985468 ], [ 30.621126, 70.4984851 ], [ 30.6212555, 70.4984587 ], [ 30.6213707, 70.4984474 ], [ 30.6216873, 70.4984384 ], [ 30.6219402, 70.498466 ], [ 30.6221386, 70.4985226 ], [ 30.6223828, 70.498624 ], [ 30.6223163, 70.4986362 ], [ 30.6222308, 70.4986745 ], [ 30.6222425, 70.4987087 ], [ 30.6223142, 70.4987417 ], [ 30.6236317, 70.4988237 ], [ 30.6239063, 70.4988259 ], [ 30.6239051, 70.4987781 ], [ 30.6237627, 70.4987353 ], [ 30.623493, 70.4986784 ], [ 30.6234984, 70.4986267 ], [ 30.6235886, 70.4985207 ], [ 30.6236705, 70.4985117 ], [ 30.6237749, 70.4985137 ], [ 30.6247438, 70.498597 ], [ 30.6249142, 70.4985979 ], [ 30.6249364, 70.4985809 ], [ 30.6249086, 70.4985606 ], [ 30.6246042, 70.4985259 ], [ 30.6245345, 70.4985048 ], [ 30.6245375, 70.4984996 ], [ 30.6247396, 70.4984768 ], [ 30.6255106, 70.4984828 ], [ 30.6255263, 70.4985142 ], [ 30.6255629, 70.4985274 ], [ 30.626534, 70.4986884 ], [ 30.6275638, 70.4987582 ], [ 30.6276842, 70.4987518 ], [ 30.6277851, 70.4987504 ], [ 30.6279526, 70.4987017 ], [ 30.6279637, 70.4986912 ], [ 30.6279534, 70.4986768 ], [ 30.6278619, 70.4986554 ], [ 30.6278319, 70.4986346 ], [ 30.6278442, 70.4985881 ], [ 30.6282826, 70.4985509 ], [ 30.6283909, 70.4985579 ], [ 30.6284967, 70.4985715 ], [ 30.628504, 70.4986434 ], [ 30.6285355, 70.4986675 ], [ 30.6286209, 70.4986962 ], [ 30.6291234, 70.498824 ], [ 30.630115, 70.4989504 ], [ 30.6302061, 70.4990031 ], [ 30.6302426, 70.4990129 ], [ 30.6304634, 70.4990429 ], [ 30.631215, 70.4990712 ], [ 30.6315797, 70.4990524 ], [ 30.6318729, 70.4989654 ], [ 30.6318146, 70.4988873 ], [ 30.63159, 70.4988417 ], [ 30.6314707, 70.4988373 ], [ 30.6312654, 70.498809 ], [ 30.6310741, 70.4987677 ], [ 30.6306922, 70.4985609 ], [ 30.6310954, 70.4985426 ], [ 30.6320104, 70.4985684 ], [ 30.6323498, 70.4986779 ], [ 30.6327745, 70.4986857 ], [ 30.6328114, 70.4986723 ], [ 30.6327996, 70.4986437 ], [ 30.632668, 70.4985967 ], [ 30.6323002, 70.4985476 ], [ 30.6317046, 70.4984115 ], [ 30.6316752, 70.4983998 ], [ 30.6316774, 70.4983729 ], [ 30.6319868, 70.498373 ], [ 30.6323779, 70.4983998 ], [ 30.6325181, 70.4984398 ], [ 30.6325982, 70.4984523 ], [ 30.6327901, 70.4984562 ], [ 30.6334308, 70.4983665 ], [ 30.633479, 70.4983516 ], [ 30.6335221, 70.4983232 ], [ 30.6335288, 70.4982949 ], [ 30.6335143, 70.4982538 ], [ 30.6334851, 70.4982382 ], [ 30.6326861, 70.4980059 ], [ 30.6323259, 70.4979326 ], [ 30.6317488, 70.4977784 ], [ 30.6316323, 70.4977607 ], [ 30.6314246, 70.4976828 ], [ 30.631415, 70.4976679 ], [ 30.6314331, 70.497632 ], [ 30.631596, 70.4975137 ], [ 30.6316535, 70.4974934 ], [ 30.6320957, 70.4975018 ], [ 30.6328924, 70.4976904 ], [ 30.6329058, 70.4977218 ], [ 30.6329468, 70.4977387 ], [ 30.6330679, 70.4977612 ], [ 30.6334711, 70.4977904 ], [ 30.6339703, 70.4977571 ], [ 30.6340209, 70.4976493 ], [ 30.6338271, 70.4976034 ], [ 30.6326029, 70.4974904 ], [ 30.6325599, 70.4974818 ], [ 30.6325456, 70.4974606 ], [ 30.63326, 70.4974712 ], [ 30.6333137, 70.497499 ], [ 30.633399, 70.4975093 ], [ 30.6335629, 70.4975115 ], [ 30.6342547, 70.4974934 ], [ 30.6342213, 70.497462 ], [ 30.6341102, 70.4974302 ], [ 30.6340023, 70.4974146 ], [ 30.632665, 70.497296 ], [ 30.6326293, 70.4972848 ], [ 30.6326273, 70.4972503 ], [ 30.6327227, 70.4972434 ], [ 30.6331234, 70.4972856 ], [ 30.6333078, 70.4972857 ], [ 30.6333162, 70.4972776 ], [ 30.6331375, 70.4972177 ], [ 30.6324375, 70.4971573 ], [ 30.6324297, 70.4970434 ], [ 30.6321516, 70.497014 ], [ 30.6317049, 70.4969793 ], [ 30.6309008, 70.496847 ], [ 30.6308552, 70.4967315 ], [ 30.6309189, 70.4966692 ], [ 30.6311045, 70.4966404 ], [ 30.6311579, 70.496619 ], [ 30.6306702, 70.4964284 ], [ 30.6305277, 70.4963887 ], [ 30.6302912, 70.4963423 ], [ 30.6299978, 70.4962534 ], [ 30.6297856, 70.4961752 ], [ 30.629775, 70.496114 ], [ 30.6294924, 70.4960551 ], [ 30.6292044, 70.4960124 ], [ 30.6288965, 70.4959812 ], [ 30.6288008, 70.4959562 ], [ 30.6287764, 70.4959365 ], [ 30.6287874, 70.495464 ], [ 30.6289189, 70.4951137 ], [ 30.6292448, 70.4947026 ], [ 30.6301994, 70.4942245 ], [ 30.6303085, 70.4942237 ], [ 30.6307596, 70.4940963 ], [ 30.6307984, 70.4939213 ], [ 30.6306707, 70.4939084 ], [ 30.6304843, 70.4938182 ], [ 30.6304331, 70.493781 ], [ 30.6303839, 70.4935764 ], [ 30.6305151, 70.4934846 ], [ 30.6305828, 70.4934681 ], [ 30.6308066, 70.4934369 ], [ 30.6309065, 70.4933965 ], [ 30.6308851, 70.4932551 ], [ 30.6308531, 70.4932048 ], [ 30.630725, 70.4930834 ], [ 30.6306951, 70.4930182 ], [ 30.6306886, 70.4929096 ], [ 30.6307184, 70.4928618 ], [ 30.6308458, 70.4927479 ], [ 30.630994, 70.4926682 ], [ 30.6310895, 70.4926239 ], [ 30.6313461, 70.4925426 ], [ 30.6315739, 70.4924765 ], [ 30.6321815, 70.4923372 ], [ 30.6331881, 70.4922398 ], [ 30.6332825, 70.4922149 ], [ 30.6333948, 70.4922293 ], [ 30.6334407, 70.4922572 ], [ 30.6336019, 70.49228 ], [ 30.633669, 70.4922598 ], [ 30.634029, 70.4923074 ], [ 30.634133, 70.4923258 ], [ 30.6344499, 70.4924343 ], [ 30.6348521, 70.4925546 ], [ 30.6353332, 70.4926837 ], [ 30.6358342, 70.4927957 ], [ 30.6364351, 70.4929032 ], [ 30.6379055, 70.4932295 ], [ 30.6381459, 70.4933054 ], [ 30.6386122, 70.4934809 ], [ 30.6390847, 70.4936845 ], [ 30.6391163, 70.4938299 ], [ 30.6394044, 70.4938296 ], [ 30.640798, 70.4940026 ], [ 30.6412766, 70.4940749 ], [ 30.641305, 70.494087 ], [ 30.6413139, 70.494182 ], [ 30.6416686, 70.4942896 ], [ 30.6420122, 70.4943718 ], [ 30.6424813, 70.4944012 ], [ 30.6429048, 70.4945088 ], [ 30.6428973, 70.4945339 ], [ 30.6428516, 70.4945418 ], [ 30.6423532, 70.4945831 ], [ 30.64232, 70.4945974 ], [ 30.6423489, 70.4946171 ], [ 30.6425305, 70.4946312 ], [ 30.6427705, 70.4946243 ], [ 30.6431737, 70.4945945 ], [ 30.6437756, 70.494624 ], [ 30.643786, 70.4946453 ], [ 30.6437609, 70.4946579 ], [ 30.6436558, 70.4946837 ], [ 30.6434754, 70.4947034 ], [ 30.6430228, 70.4947607 ], [ 30.6429948, 70.4947731 ], [ 30.6430059, 70.4948121 ], [ 30.6430723, 70.4948185 ], [ 30.6431954, 70.4948109 ], [ 30.6433161, 70.4947737 ], [ 30.6434158, 70.4947607 ], [ 30.6437679, 70.4947393 ], [ 30.6444198, 70.494737 ], [ 30.6444794, 70.494749 ], [ 30.644482, 70.4947713 ], [ 30.6437679, 70.4947948 ], [ 30.6436276, 70.4948429 ], [ 30.6436809, 70.4948526 ], [ 30.6438941, 70.4948437 ], [ 30.6445309, 70.4948455 ], [ 30.6451946, 70.4948584 ], [ 30.6452945, 70.4948771 ], [ 30.6455933, 70.4949034 ], [ 30.646061, 70.4949307 ], [ 30.646386, 70.4949362 ], [ 30.6467101, 70.4948335 ], [ 30.6466405, 70.4946965 ], [ 30.6463845, 70.4946145 ], [ 30.6463883, 70.4945707 ], [ 30.6464476, 70.4944663 ], [ 30.6464775, 70.4944454 ], [ 30.6465037, 70.4944446 ], [ 30.6468647, 70.4945549 ], [ 30.6469098, 70.4945826 ], [ 30.6470311, 70.4947084 ], [ 30.6470771, 70.494739 ], [ 30.6471616, 70.4947581 ], [ 30.647501, 70.4947528 ], [ 30.6477959, 70.4947046 ], [ 30.6479116, 70.4946299 ], [ 30.6479239, 70.4945507 ], [ 30.6479066, 70.4945315 ], [ 30.6477275, 70.4945218 ], [ 30.6476654, 70.494496 ], [ 30.6476566, 70.4943915 ], [ 30.6477068, 70.4943654 ], [ 30.6481938, 70.4943221 ], [ 30.6484221, 70.4943223 ], [ 30.6485141, 70.4943279 ], [ 30.6486885, 70.4943552 ], [ 30.6488946, 70.4943568 ], [ 30.6488195, 70.4943188 ], [ 30.6485822, 70.4942546 ], [ 30.6480354, 70.4941778 ], [ 30.6480405, 70.4941301 ], [ 30.6481167, 70.4941206 ], [ 30.6484677, 70.4941212 ], [ 30.648572, 70.4941287 ], [ 30.6489312, 70.4941874 ], [ 30.6490777, 70.4941996 ], [ 30.6490614, 70.4941632 ], [ 30.6490176, 70.4941312 ], [ 30.6486105, 70.4939424 ], [ 30.6484375, 70.4939004 ], [ 30.6481883, 70.4938579 ], [ 30.6481573, 70.4938487 ], [ 30.6481524, 70.4938254 ], [ 30.6481847, 70.4937802 ], [ 30.6482029, 70.4937773 ], [ 30.6483524, 70.493784 ], [ 30.648798, 70.4938543 ], [ 30.6488098, 70.4938459 ], [ 30.6488432, 70.4937619 ], [ 30.6488266, 70.4937307 ], [ 30.6484739, 70.4935445 ], [ 30.6484837, 70.4934964 ], [ 30.6486883, 70.4934126 ], [ 30.6490517, 70.4934098 ], [ 30.64925, 70.493419 ], [ 30.6493505, 70.4934374 ], [ 30.6494215, 70.4934332 ], [ 30.6496216, 70.4933741 ], [ 30.6497047, 70.4933368 ], [ 30.6497483, 70.4932937 ], [ 30.6497432, 70.4932523 ], [ 30.6495179, 70.4931207 ], [ 30.6494344, 70.4929485 ], [ 30.6494462, 70.492925 ], [ 30.6496122, 70.4928407 ], [ 30.6498811, 70.4927465 ], [ 30.6499464, 70.4927319 ], [ 30.6499616, 70.4927284 ], [ 30.6501506, 70.4927087 ], [ 30.6505388, 70.4926834 ], [ 30.6505695, 70.4927607 ], [ 30.6507998, 70.4928773 ], [ 30.6511223, 70.4929437 ], [ 30.6516718, 70.4929543 ], [ 30.6522207, 70.4930287 ], [ 30.652318, 70.493034 ], [ 30.6532565, 70.4930265 ], [ 30.65327, 70.4929834 ], [ 30.65325, 70.4929714 ], [ 30.6527654, 70.4927517 ], [ 30.652272, 70.4927243 ], [ 30.6518121, 70.4927226 ], [ 30.6515676, 70.4926699 ], [ 30.6515578, 70.4926537 ], [ 30.6518077, 70.4926359 ], [ 30.6522977, 70.4926215 ], [ 30.6529995, 70.4926157 ], [ 30.6534713, 70.4925912 ], [ 30.653615, 70.4925701 ], [ 30.6537107, 70.4925452 ], [ 30.6536241, 70.4924873 ], [ 30.6535642, 70.4924709 ], [ 30.6533644, 70.4924304 ], [ 30.6528641, 70.4923618 ], [ 30.6530227, 70.4922488 ], [ 30.6534963, 70.4922165 ], [ 30.653606, 70.4920707 ], [ 30.6536728, 70.4920401 ], [ 30.6540465, 70.4919279 ], [ 30.6546219, 70.4918265 ], [ 30.6553973, 70.4916704 ], [ 30.6554616, 70.491649 ], [ 30.655491, 70.4914799 ], [ 30.6551152, 70.4914118 ], [ 30.6549668, 70.4913418 ], [ 30.6548926, 70.4912837 ], [ 30.6549029, 70.491234 ], [ 30.6549371, 70.4912007 ], [ 30.6549787, 70.4911862 ], [ 30.6552366, 70.4911832 ], [ 30.6554221, 70.4912318 ], [ 30.6555173, 70.4912684 ], [ 30.6556336, 70.491341 ], [ 30.6557836, 70.4914067 ], [ 30.6564022, 70.4915371 ], [ 30.6566835, 70.4915326 ], [ 30.6567196, 70.4915143 ], [ 30.6567043, 70.4914646 ], [ 30.6566466, 70.4914359 ], [ 30.6565664, 70.4913351 ], [ 30.6565584, 70.4912946 ], [ 30.6565809, 70.4912832 ], [ 30.6566298, 70.4912776 ], [ 30.6568523, 70.4912734 ], [ 30.6568923, 70.4913499 ], [ 30.6569608, 70.491381 ], [ 30.6572106, 70.491469 ], [ 30.6573736, 70.4915029 ], [ 30.6574435, 70.491506 ], [ 30.657726, 70.491464 ], [ 30.6577377, 70.4914568 ], [ 30.6577349, 70.491331 ], [ 30.6575396, 70.4912679 ], [ 30.6575023, 70.4912465 ], [ 30.6575016, 70.4912187 ], [ 30.6578463, 70.4911156 ], [ 30.6584492, 70.4909781 ], [ 30.6586653, 70.4909945 ], [ 30.6588633, 70.4910471 ], [ 30.658948, 70.4910451 ], [ 30.6591083, 70.4910193 ], [ 30.6591573, 70.4909754 ], [ 30.6591523, 70.4909477 ], [ 30.6591262, 70.4909262 ], [ 30.6589837, 70.4908624 ], [ 30.6589863, 70.4908237 ], [ 30.6590157, 70.4908088 ], [ 30.6592088, 70.4907626 ], [ 30.6592957, 70.4907527 ], [ 30.6594584, 70.4907581 ], [ 30.6606095, 70.4904851 ], [ 30.6614031, 70.4904532 ], [ 30.661644, 70.4904534 ], [ 30.6616221, 70.490583 ], [ 30.6616406, 70.4906054 ], [ 30.6617673, 70.4906457 ], [ 30.6620753, 70.4907141 ], [ 30.6622668, 70.4907441 ], [ 30.6623964, 70.490636 ], [ 30.6624143, 70.4905591 ], [ 30.6625328, 70.4904804 ], [ 30.6625821, 70.4904696 ], [ 30.6630786, 70.4904632 ], [ 30.6634349, 70.4904982 ], [ 30.6635236, 70.4905482 ], [ 30.6634972, 70.4905721 ], [ 30.6635188, 70.4906302 ], [ 30.663601, 70.4906535 ], [ 30.6637737, 70.4906792 ], [ 30.6641853, 70.4906598 ], [ 30.6644339, 70.4903937 ], [ 30.6644263, 70.4903743 ], [ 30.6642809, 70.4903201 ], [ 30.6642881, 70.4902757 ], [ 30.6649714, 70.4900326 ], [ 30.6650538, 70.490016 ], [ 30.6661226, 70.4899668 ], [ 30.6662052, 70.4899944 ], [ 30.6662885, 70.4900493 ], [ 30.666475, 70.4901116 ], [ 30.6668253, 70.4901621 ], [ 30.6670029, 70.4901707 ], [ 30.6675137, 70.4901637 ], [ 30.6675185, 70.4901334 ], [ 30.6674939, 70.4900992 ], [ 30.667232, 70.4899606 ], [ 30.6671862, 70.4899237 ], [ 30.6671719, 70.489884 ], [ 30.6672693, 70.4898866 ], [ 30.6674284, 70.4899301 ], [ 30.6677088, 70.4900429 ], [ 30.6678185, 70.4901176 ], [ 30.6678705, 70.4901243 ], [ 30.6680292, 70.4900671 ], [ 30.6680266, 70.4900254 ], [ 30.6679276, 70.4899341 ], [ 30.6677627, 70.4898346 ], [ 30.6677376, 70.4897907 ], [ 30.6681155, 70.4897587 ], [ 30.6682073, 70.4897601 ], [ 30.6684859, 70.489879 ], [ 30.6689913, 70.4899323 ], [ 30.6692621, 70.489927 ], [ 30.6692614, 70.4898588 ], [ 30.6691856, 70.4897656 ], [ 30.6694091, 70.4897031 ], [ 30.669791, 70.4897656 ], [ 30.6700937, 70.4897332 ], [ 30.6702136, 70.4897112 ], [ 30.670338, 70.4895204 ], [ 30.670149, 70.4892935 ], [ 30.6701613, 70.489266 ], [ 30.6702005, 70.4892429 ], [ 30.6702581, 70.4892298 ], [ 30.6703503, 70.489231 ], [ 30.6704651, 70.4892682 ], [ 30.6705365, 70.4893354 ], [ 30.6706995, 70.489429 ], [ 30.6708585, 70.4894332 ], [ 30.6708795, 70.4894293 ], [ 30.6708805, 70.4893967 ], [ 30.6706732, 70.4892528 ], [ 30.6706528, 70.4892326 ], [ 30.6706783, 70.4892065 ], [ 30.6711131, 70.4891587 ], [ 30.6715292, 70.4891632 ], [ 30.6716617, 70.4893198 ], [ 30.6716737, 70.4894482 ], [ 30.6722062, 70.4896332 ], [ 30.6722421, 70.4896357 ], [ 30.6725251, 70.489511 ], [ 30.672528, 70.4895007 ], [ 30.6724464, 70.4894192 ], [ 30.6720776, 70.4891721 ], [ 30.6719525, 70.4890712 ], [ 30.6718804, 70.4889976 ], [ 30.6718554, 70.488929 ], [ 30.6722891, 70.488701 ], [ 30.6723374, 70.4886848 ], [ 30.6726921, 70.4886791 ], [ 30.6727423, 70.4886899 ], [ 30.6728173, 70.4887168 ], [ 30.6730137, 70.4888495 ], [ 30.6733462, 70.4890234 ], [ 30.6737913, 70.4891724 ], [ 30.6738916, 70.4891924 ], [ 30.6739408, 70.4891832 ], [ 30.673967, 70.4889957 ], [ 30.673762, 70.4887495 ], [ 30.6735615, 70.4886742 ], [ 30.6732408, 70.4884543 ], [ 30.6732345, 70.4884063 ], [ 30.6736169, 70.488204 ], [ 30.6739447, 70.4881618 ], [ 30.674441, 70.4881132 ], [ 30.6745289, 70.4881212 ], [ 30.6745256, 70.4882162 ], [ 30.6748916, 70.4883609 ], [ 30.6753421, 70.4883782 ], [ 30.6753316, 70.4883373 ], [ 30.6751869, 70.4882068 ], [ 30.6749219, 70.4880951 ], [ 30.6751919, 70.4880085 ], [ 30.6753678, 70.488096 ], [ 30.6754739, 70.4881351 ], [ 30.6759268, 70.4882066 ], [ 30.6759919, 70.488197 ], [ 30.6760645, 70.4881523 ], [ 30.6760179, 70.4881032 ], [ 30.675959, 70.4880763 ], [ 30.6757546, 70.4880152 ], [ 30.6755446, 70.4879045 ], [ 30.6754083, 70.4877987 ], [ 30.6754153, 70.487751 ], [ 30.6754415, 70.4877352 ], [ 30.6756612, 70.4876698 ], [ 30.6758649, 70.4876479 ], [ 30.6759142, 70.4876682 ], [ 30.6759786, 70.4877479 ], [ 30.676065, 70.487803 ], [ 30.6761639, 70.487846 ], [ 30.6770429, 70.4878588 ], [ 30.6770843, 70.4876813 ], [ 30.6770407, 70.4876277 ], [ 30.6767251, 70.4875099 ], [ 30.6767013, 70.487476 ], [ 30.6767034, 70.4874332 ], [ 30.6767409, 70.4873881 ], [ 30.6769474, 70.4873173 ], [ 30.6771168, 70.4872999 ], [ 30.6773921, 70.4872895 ], [ 30.6777171, 70.4872326 ], [ 30.6779219, 70.487158 ], [ 30.6780529, 70.4870829 ], [ 30.6782725, 70.4868746 ], [ 30.6784791, 70.4867576 ], [ 30.6789701, 70.4865404 ], [ 30.6790109, 70.4865318 ], [ 30.6790752, 70.4865307 ], [ 30.6791571, 70.4865399 ], [ 30.6792597, 70.4865718 ], [ 30.6794177, 70.486599 ], [ 30.6796537, 70.4866137 ], [ 30.6807115, 70.4864158 ], [ 30.6807321, 70.4864009 ], [ 30.6807236, 70.4863891 ], [ 30.6805376, 70.4862582 ], [ 30.6803538, 70.4861659 ], [ 30.6800923, 70.4860621 ], [ 30.6798813, 70.4859484 ], [ 30.6798808, 70.4859226 ], [ 30.6802092, 70.4860537 ], [ 30.6804919, 70.4861365 ], [ 30.6808795, 70.4861829 ], [ 30.6810585, 70.4861574 ], [ 30.6811017, 70.4861435 ], [ 30.681146, 70.4861118 ], [ 30.6811458, 70.4860818 ], [ 30.6810132, 70.4859783 ], [ 30.6808849, 70.4859701 ], [ 30.6805165, 70.4858673 ], [ 30.6806064, 70.4856974 ], [ 30.6807628, 70.4857132 ], [ 30.6808457, 70.4857077 ], [ 30.6808278, 70.4856166 ], [ 30.6805391, 70.485426 ], [ 30.6803715, 70.4853441 ], [ 30.6802972, 70.4852813 ], [ 30.6802733, 70.485204 ], [ 30.6803231, 70.4851766 ], [ 30.6803951, 70.485161 ], [ 30.6810251, 70.4850604 ], [ 30.6809931, 70.4848777 ], [ 30.6810039, 70.4848326 ], [ 30.6820271, 70.484433 ], [ 30.6823728, 70.4842585 ], [ 30.6826665, 70.4842329 ], [ 30.6832555, 70.4843418 ], [ 30.6832716, 70.484174 ], [ 30.6834409, 70.4841267 ], [ 30.6836747, 70.4842937 ], [ 30.6837697, 70.4843457 ], [ 30.6837953, 70.4843452 ], [ 30.6837907, 70.4843181 ], [ 30.6834945, 70.484006 ], [ 30.683382, 70.4838004 ], [ 30.6833778, 70.4837452 ], [ 30.6833975, 70.4837312 ], [ 30.6837118, 70.4835824 ], [ 30.6843084, 70.4835696 ], [ 30.6843358, 70.4835771 ], [ 30.6843705, 70.4836707 ], [ 30.6844006, 70.4836896 ], [ 30.6846694, 70.4837535 ], [ 30.684728, 70.4837562 ], [ 30.6847521, 70.4836268 ], [ 30.6847306, 70.4836004 ], [ 30.6846133, 70.4835615 ], [ 30.6846032, 70.4835368 ], [ 30.6846482, 70.4834604 ], [ 30.6851305, 70.4833007 ], [ 30.6854985, 70.4832501 ], [ 30.6859123, 70.4833096 ], [ 30.6858986, 70.4833552 ], [ 30.685867, 70.4833771 ], [ 30.6858752, 70.4833926 ], [ 30.6859115, 70.4834018 ], [ 30.686013, 70.4834202 ], [ 30.6864455, 70.4834526 ], [ 30.686883, 70.4834465 ], [ 30.6881317, 70.4833271 ], [ 30.6881187, 70.4833166 ], [ 30.6880307, 70.4833168 ], [ 30.687479, 70.4833419 ], [ 30.6872969, 70.483344 ], [ 30.6872101, 70.4833391 ], [ 30.6868874, 70.4832721 ], [ 30.686894, 70.4832612 ], [ 30.6869418, 70.4832462 ], [ 30.6873872, 70.4831855 ], [ 30.6875904, 70.4831888 ], [ 30.6877504, 70.483183 ], [ 30.68833, 70.4830645 ], [ 30.6880579, 70.483073 ], [ 30.6877986, 70.4830994 ], [ 30.6874093, 70.4830857 ], [ 30.6874302, 70.4830654 ], [ 30.6879318, 70.4830027 ], [ 30.68829, 70.4829257 ], [ 30.6883234, 70.4829149 ], [ 30.6883242, 70.4829051 ], [ 30.6882878, 70.4828396 ], [ 30.688547, 70.4827357 ], [ 30.6893201, 70.4826237 ], [ 30.6894913, 70.4823877 ], [ 30.6898003, 70.4823488 ], [ 30.6901568, 70.4822871 ], [ 30.6904036, 70.4822195 ], [ 30.690406, 70.4822146 ], [ 30.6902369, 70.4822191 ], [ 30.6901194, 70.482181 ], [ 30.6907727, 70.4820248 ], [ 30.6906723, 70.4819637 ], [ 30.6909414, 70.4818385 ], [ 30.6910415, 70.4818354 ], [ 30.6916893, 70.4818715 ], [ 30.6919126, 70.481781 ], [ 30.69241, 70.4819008 ], [ 30.6930117, 70.4819252 ], [ 30.6932143, 70.4815429 ], [ 30.6931362, 70.4814643 ], [ 30.6930312, 70.4814157 ], [ 30.6928809, 70.4813773 ], [ 30.692764, 70.4813057 ], [ 30.6927532, 70.4812852 ], [ 30.6927721, 70.4812479 ], [ 30.6929704, 70.4812532 ], [ 30.6936864, 70.4815299 ], [ 30.6939319, 70.4815249 ], [ 30.6943257, 70.4813716 ], [ 30.6940877, 70.4811332 ], [ 30.693919, 70.4810956 ], [ 30.6937588, 70.4810838 ], [ 30.6936143, 70.4809785 ], [ 30.6936067, 70.4809515 ], [ 30.6936471, 70.480909 ], [ 30.6937339, 70.4808818 ], [ 30.6939205, 70.4807969 ], [ 30.6941275, 70.4806393 ], [ 30.6940978, 70.480576 ], [ 30.6940448, 70.4805234 ], [ 30.6940001, 70.4805074 ], [ 30.6934764, 70.4804003 ], [ 30.6934559, 70.4802848 ], [ 30.6934762, 70.4802407 ], [ 30.6935824, 70.4801443 ], [ 30.6937881, 70.4800283 ], [ 30.6942231, 70.4800149 ], [ 30.6942925, 70.479939 ], [ 30.6946314, 70.4797309 ], [ 30.6947374, 70.4797274 ], [ 30.6948731, 70.4797826 ], [ 30.6949348, 70.4794806 ], [ 30.6949329, 70.479377 ], [ 30.69511, 70.4794465 ], [ 30.6954748, 70.4794373 ], [ 30.6955, 70.4793557 ], [ 30.6954033, 70.4791301 ], [ 30.6953337, 70.4790359 ], [ 30.6952583, 70.4790268 ], [ 30.6948947, 70.4790324 ], [ 30.6948409, 70.4790207 ], [ 30.6947887, 70.4789704 ], [ 30.6947604, 70.4788921 ], [ 30.6947628, 70.4787807 ], [ 30.6949073, 70.478682 ], [ 30.6951079, 70.4786099 ], [ 30.6955795, 70.4785413 ], [ 30.6959345, 70.4785107 ], [ 30.6960379, 70.4783702 ], [ 30.6960179, 70.4783421 ], [ 30.6954996, 70.4782377 ], [ 30.6951693, 70.4781974 ], [ 30.6951007, 70.478199 ], [ 30.6946618, 70.4781501 ], [ 30.6945703, 70.4781354 ], [ 30.6944775, 70.4780888 ], [ 30.6944415, 70.4780122 ], [ 30.6944407, 70.4778765 ], [ 30.6946386, 70.4773276 ], [ 30.694723, 70.4772424 ], [ 30.6947979, 70.4771915 ], [ 30.6948427, 70.4771836 ], [ 30.6949826, 70.4772057 ], [ 30.6951554, 70.4772154 ], [ 30.6952869, 70.4772157 ], [ 30.6953261, 70.4772007 ], [ 30.6953037, 70.4771557 ], [ 30.6948937, 70.476901 ], [ 30.6947004, 70.4768309 ], [ 30.6945784, 70.4767546 ], [ 30.6945663, 70.4767191 ], [ 30.6945745, 70.4767026 ], [ 30.6946545, 70.4767021 ], [ 30.6949613, 70.4767485 ], [ 30.6952439, 70.4768123 ], [ 30.6952645, 70.476808 ], [ 30.6952699, 70.4767907 ], [ 30.6952567, 70.4767563 ], [ 30.6951922, 70.4766782 ], [ 30.6951174, 70.4766515 ], [ 30.6948522, 70.4766465 ], [ 30.6946561, 70.4766232 ], [ 30.6946031, 70.4766069 ], [ 30.6945658, 70.4765384 ], [ 30.6945733, 70.4765027 ], [ 30.6946814, 70.4764121 ], [ 30.694898, 70.4763155 ], [ 30.6953614, 70.475931 ], [ 30.6954814, 70.4758509 ], [ 30.6956887, 70.4757783 ], [ 30.6959316, 70.4757163 ], [ 30.696196, 70.475631 ], [ 30.6962269, 70.475526 ], [ 30.6963187, 70.4755272 ], [ 30.6963523, 70.4755346 ], [ 30.696396, 70.4755571 ], [ 30.6964174, 70.4755973 ], [ 30.6965864, 70.4755454 ], [ 30.6968594, 70.4754785 ], [ 30.6970194, 70.4754563 ], [ 30.6978321, 70.4754084 ], [ 30.6979222, 70.4754113 ], [ 30.6979733, 70.4754207 ], [ 30.6981484, 70.4754799 ], [ 30.6983943, 70.4755232 ], [ 30.6984751, 70.475521 ], [ 30.6989344, 70.4754293 ], [ 30.6989465, 70.475326 ], [ 30.6991509, 70.4752887 ], [ 30.6993785, 70.4752779 ], [ 30.6996806, 70.4752671 ], [ 30.6999448, 70.4753195 ], [ 30.6999732, 70.4753251 ], [ 30.6999929, 70.4753374 ], [ 30.7002939, 70.4753938 ], [ 30.7007434, 70.4754258 ], [ 30.7008679, 70.4753795 ], [ 30.7008833, 70.4753454 ], [ 30.7008692, 70.4753154 ], [ 30.700736, 70.4752054 ], [ 30.7007227, 70.4751538 ], [ 30.7007349, 70.4751346 ], [ 30.7007636, 70.4751283 ], [ 30.7014812, 70.4750977 ], [ 30.702027, 70.4751807 ], [ 30.7022547, 70.4751927 ], [ 30.7023724, 70.4751879 ], [ 30.7024442, 70.4751652 ], [ 30.702444, 70.4750635 ], [ 30.702788, 70.4748726 ], [ 30.7029557, 70.4748435 ], [ 30.7030087, 70.4748521 ], [ 30.703094, 70.4748482 ], [ 30.7031599, 70.4748363 ], [ 30.7032204, 70.4748129 ], [ 30.7036758, 70.4744991 ], [ 30.7036757, 70.4744735 ], [ 30.7034491, 70.474411 ], [ 30.7035676, 70.4743277 ], [ 30.7037618, 70.4742262 ], [ 30.7042134, 70.4740771 ], [ 30.7046904, 70.4739429 ], [ 30.7050786, 70.4738699 ], [ 30.7055234, 70.4738254 ], [ 30.706132, 70.4738424 ], [ 30.7068795, 70.4738071 ], [ 30.7070943, 70.4739168 ], [ 30.7074023, 70.4738893 ], [ 30.7074874, 70.4738521 ], [ 30.7086059, 70.4736185 ], [ 30.7089599, 70.473569 ], [ 30.710187, 70.4735571 ], [ 30.7112919, 70.4735037 ], [ 30.7113537, 70.4735082 ], [ 30.7114027, 70.4735341 ], [ 30.7114071, 70.4735605 ], [ 30.7113408, 70.4736591 ], [ 30.7112254, 70.4736887 ], [ 30.7111561, 70.4737269 ], [ 30.7111563, 70.4737752 ], [ 30.7112077, 70.4738063 ], [ 30.7112584, 70.4738127 ], [ 30.7114398, 70.4738088 ], [ 30.711655, 70.4737691 ], [ 30.712382, 70.4737723 ], [ 30.7125992, 70.4738049 ], [ 30.7126095, 70.4738211 ], [ 30.7125827, 70.4738416 ], [ 30.7124989, 70.4738721 ], [ 30.7122206, 70.4739377 ], [ 30.7122389, 70.473941 ], [ 30.7125451, 70.4739303 ], [ 30.7129792, 70.473869 ], [ 30.7130128, 70.4738518 ], [ 30.7130475, 70.4737552 ], [ 30.7132806, 70.4736635 ], [ 30.7136069, 70.473601 ], [ 30.7136353, 70.4736043 ], [ 30.7136482, 70.4736182 ], [ 30.7136488, 70.4736813 ], [ 30.7135895, 70.4737438 ], [ 30.7136322, 70.4737579 ], [ 30.7138836, 70.473757 ], [ 30.7139113, 70.4737477 ], [ 30.7139475, 70.4736652 ], [ 30.714268, 70.4736635 ], [ 30.7142682, 70.4735718 ], [ 30.714589, 70.4735295 ], [ 30.7157138, 70.4733284 ], [ 30.7160813, 70.4733393 ], [ 30.716143, 70.4733538 ], [ 30.7163378, 70.473354 ], [ 30.7170276, 70.4733384 ], [ 30.7172055, 70.4732943 ], [ 30.7173688, 70.4732885 ], [ 30.7180707, 70.4732973 ], [ 30.7185126, 70.4731741 ], [ 30.7185938, 70.4731633 ], [ 30.7187225, 70.4731618 ], [ 30.7188435, 70.4731716 ], [ 30.718925, 70.4731908 ], [ 30.7189476, 70.4732193 ], [ 30.718944, 70.4733158 ], [ 30.7189134, 70.4733496 ], [ 30.7186683, 70.4734619 ], [ 30.718295, 70.4735895 ], [ 30.718151, 70.4736082 ], [ 30.7178015, 70.4737008 ], [ 30.7177501, 70.4737352 ], [ 30.7177704, 70.4737574 ], [ 30.7178274, 70.4737652 ], [ 30.7180615, 70.4737688 ], [ 30.7181538, 70.4737585 ], [ 30.7188463, 70.4736729 ], [ 30.7191912, 70.4735996 ], [ 30.7196349, 70.4735396 ], [ 30.7196427, 70.4735619 ], [ 30.7194862, 70.4736471 ], [ 30.719516, 70.4736819 ], [ 30.7195551, 70.4736855 ], [ 30.7196281, 70.4736793 ], [ 30.7203107, 70.4735402 ], [ 30.7204576, 70.4734987 ], [ 30.7204361, 70.473481 ], [ 30.7202761, 70.4734579 ], [ 30.720274, 70.4734368 ], [ 30.7203926, 70.4733471 ], [ 30.7204705, 70.4733279 ], [ 30.7209629, 70.4733144 ], [ 30.7213939, 70.473326 ], [ 30.7224019, 70.4733099 ], [ 30.7230396, 70.4732402 ], [ 30.7233146, 70.4731899 ], [ 30.7232547, 70.4731318 ], [ 30.7229652, 70.4730451 ], [ 30.7223552, 70.4730574 ], [ 30.7219925, 70.4730799 ], [ 30.7214576, 70.4730533 ], [ 30.721416, 70.4730366 ], [ 30.7214005, 70.4729255 ], [ 30.7214154, 70.4729032 ], [ 30.7216318, 70.4728438 ], [ 30.7218537, 70.472828 ], [ 30.7222556, 70.4727698 ], [ 30.7226711, 70.4726665 ], [ 30.7228822, 70.472696 ], [ 30.7230437, 70.4726948 ], [ 30.723434, 70.4726674 ], [ 30.723633, 70.4725952 ], [ 30.7236659, 70.4725705 ], [ 30.7236683, 70.4725296 ], [ 30.7236333, 70.4724562 ], [ 30.723594, 70.4724199 ], [ 30.7234945, 70.4723666 ], [ 30.7231856, 70.4723838 ], [ 30.7228968, 70.4724299 ], [ 30.7228668, 70.472491 ], [ 30.7224548, 70.4725399 ], [ 30.722416, 70.4725368 ], [ 30.7224012, 70.4725237 ], [ 30.7224025, 70.4724502 ], [ 30.7224313, 70.472436 ], [ 30.7229178, 70.4723279 ], [ 30.7229307, 70.4721993 ], [ 30.7231361, 70.4719143 ], [ 30.7233165, 70.4718424 ], [ 30.7235889, 70.4717941 ], [ 30.7239078, 70.4716968 ], [ 30.7238858, 70.4716701 ], [ 30.7233338, 70.4715929 ], [ 30.7233287, 70.4715868 ], [ 30.7239069, 70.4713785 ], [ 30.7243209, 70.4712988 ], [ 30.7247175, 70.4711846 ], [ 30.7248985, 70.4711176 ], [ 30.7249107, 70.4710985 ], [ 30.7247623, 70.4710772 ], [ 30.7247326, 70.4710613 ], [ 30.7247284, 70.4710313 ], [ 30.7254015, 70.4708688 ], [ 30.7258895, 70.4707059 ], [ 30.7260984, 70.4705992 ], [ 30.726316, 70.4704252 ], [ 30.7261951, 70.4703165 ], [ 30.7265283, 70.4701644 ], [ 30.726525, 70.4701507 ], [ 30.7262739, 70.4699996 ], [ 30.7258787, 70.469885 ], [ 30.7254039, 70.4697745 ], [ 30.7250257, 70.4697005 ], [ 30.7248939, 70.4696621 ], [ 30.7248807, 70.4696457 ], [ 30.725034, 70.469479 ], [ 30.7256073, 70.4692434 ], [ 30.7259568, 70.4691357 ], [ 30.7260355, 70.469128 ], [ 30.7261555, 70.4691324 ], [ 30.7262037, 70.4691437 ], [ 30.7264308, 70.4692316 ], [ 30.7265752, 70.4693152 ], [ 30.7268595, 70.4693804 ], [ 30.7269513, 70.4693907 ], [ 30.7272546, 70.4693612 ], [ 30.7273447, 70.4693349 ], [ 30.7273579, 70.4692099 ], [ 30.7273245, 70.469166 ], [ 30.7273326, 70.4691432 ], [ 30.7273621, 70.4691399 ], [ 30.7274564, 70.4691377 ], [ 30.7275511, 70.469146 ], [ 30.7280812, 70.4692796 ], [ 30.7283185, 70.4693138 ], [ 30.72836, 70.4693107 ], [ 30.7285438, 70.4691919 ], [ 30.7284659, 70.4691118 ], [ 30.728435, 70.4690015 ], [ 30.7291252, 70.4688513 ], [ 30.7293249, 70.4688513 ], [ 30.72961, 70.4688779 ], [ 30.7297915, 70.4688868 ], [ 30.7301094, 70.4688607 ], [ 30.7299514, 70.4686905 ], [ 30.7304433, 70.4687515 ], [ 30.7307893, 70.4687585 ], [ 30.7311202, 70.4687402 ], [ 30.7311403, 70.4687018 ], [ 30.7311618, 70.468698 ], [ 30.7315209, 70.4686905 ], [ 30.7329335, 70.4687791 ], [ 30.7329694, 70.4687849 ], [ 30.7330441, 70.4688616 ], [ 30.7330968, 70.4688901 ], [ 30.733116, 70.4688879 ], [ 30.7339113, 70.4685984 ], [ 30.733949, 70.4685832 ], [ 30.7339675, 70.4685582 ], [ 30.7338662, 70.4684546 ], [ 30.7337228, 70.4684027 ], [ 30.7335448, 70.4683787 ], [ 30.7332578, 70.4682332 ], [ 30.7332833, 70.4682165 ], [ 30.7344667, 70.468461 ], [ 30.7347095, 70.4685332 ], [ 30.7348141, 70.4685509 ], [ 30.7350191, 70.4685535 ], [ 30.7350929, 70.468548 ], [ 30.7357022, 70.468434 ], [ 30.7364134, 70.4683882 ], [ 30.7364966, 70.4683654 ], [ 30.7369395, 70.4682044 ], [ 30.7370006, 70.468171 ], [ 30.7368875, 70.4679224 ], [ 30.7371888, 70.4680108 ], [ 30.7372284, 70.4680457 ], [ 30.7372818, 70.4680671 ], [ 30.7373331, 70.4680757 ], [ 30.7375139, 70.4680746 ], [ 30.7376102, 70.468049 ], [ 30.7377296, 70.4679641 ], [ 30.7377339, 70.4679382 ], [ 30.7377031, 70.4679101 ], [ 30.7378076, 70.4678644 ], [ 30.7384691, 70.4677188 ], [ 30.7385927, 70.4677208 ], [ 30.7388685, 70.4677788 ], [ 30.7388754, 70.4678129 ], [ 30.738856, 70.467826 ], [ 30.7385728, 70.4678804 ], [ 30.7383466, 70.4679416 ], [ 30.7382873, 70.4679712 ], [ 30.7382464, 70.4680088 ], [ 30.7382577, 70.4680288 ], [ 30.7385656, 70.4681343 ], [ 30.7390511, 70.4682362 ], [ 30.7391118, 70.4682405 ], [ 30.7401822, 70.4682102 ], [ 30.7408116, 70.4681341 ], [ 30.7419592, 70.4681824 ], [ 30.742282, 70.4681549 ], [ 30.742584, 70.4681149 ], [ 30.742605, 70.4681038 ], [ 30.7426353, 70.467961 ], [ 30.7427697, 70.4677346 ], [ 30.7429045, 70.4676696 ], [ 30.7435747, 70.4676766 ], [ 30.7437446, 70.4676579 ], [ 30.7438164, 70.4676517 ], [ 30.7438617, 70.4676396 ], [ 30.7438574, 70.4676287 ], [ 30.7438683, 70.4676233 ], [ 30.7439077, 70.4676122 ], [ 30.743939, 70.4675958 ], [ 30.7439366, 70.4675846 ], [ 30.7439238, 70.4675718 ], [ 30.7439211, 70.4675559 ], [ 30.7439371, 70.4675453 ], [ 30.7439617, 70.467537 ], [ 30.7439933, 70.4675315 ], [ 30.7440589, 70.4675271 ], [ 30.7441459, 70.4675307 ], [ 30.7443247, 70.4674498 ], [ 30.7443363, 70.4673967 ], [ 30.7443159, 70.4673824 ], [ 30.744176, 70.4673432 ], [ 30.7439989, 70.4673251 ], [ 30.7446917, 70.4672321 ], [ 30.7451308, 70.4672348 ], [ 30.7454414, 70.4672746 ], [ 30.7458364, 70.4673065 ], [ 30.7459038, 70.467303 ], [ 30.7459783, 70.4672824 ], [ 30.7459466, 70.4672278 ], [ 30.7458664, 70.4672061 ], [ 30.7461332, 70.4670428 ], [ 30.7464626, 70.4668654 ], [ 30.7464982, 70.4668136 ], [ 30.7464824, 70.4667976 ], [ 30.746239, 70.4666242 ], [ 30.7461342, 70.4665897 ], [ 30.7459217, 70.4665745 ], [ 30.7458146, 70.4665857 ], [ 30.7456685, 70.466636 ], [ 30.7452959, 70.4668143 ], [ 30.7452862, 70.4667979 ], [ 30.7450432, 70.4667235 ], [ 30.7449951, 70.4667157 ], [ 30.7448806, 70.4667131 ], [ 30.7441812, 70.4668546 ], [ 30.7439099, 70.4669296 ], [ 30.7431427, 70.4670511 ], [ 30.7427436, 70.4670218 ], [ 30.7427393, 70.4669601 ], [ 30.7428588, 70.4669346 ], [ 30.7432223, 70.4667695 ], [ 30.7433871, 70.4666731 ], [ 30.7434288, 70.4665949 ], [ 30.7433227, 70.4665099 ], [ 30.7432753, 70.466436 ], [ 30.7435433, 70.4664004 ], [ 30.7436984, 70.466363 ], [ 30.7438214, 70.4663225 ], [ 30.7438583, 70.4662307 ], [ 30.7438342, 70.4662149 ], [ 30.7436054, 70.4661851 ], [ 30.7431186, 70.4662811 ], [ 30.7430197, 70.466273 ], [ 30.7429957, 70.4662566 ], [ 30.7430009, 70.4662382 ], [ 30.7430296, 70.4662267 ], [ 30.7439196, 70.4660424 ], [ 30.7442411, 70.4659056 ], [ 30.7442432, 70.4658477 ], [ 30.7439131, 70.4657728 ], [ 30.7438686, 70.4657484 ], [ 30.7439301, 70.4656293 ], [ 30.7440546, 70.4655622 ], [ 30.7440538, 70.4655522 ], [ 30.7439454, 70.465522 ], [ 30.7437293, 70.4655238 ], [ 30.743379, 70.4656203 ], [ 30.7432377, 70.4656702 ], [ 30.7431959, 70.4656704 ], [ 30.7431727, 70.4656638 ], [ 30.7431847, 70.4656476 ], [ 30.7435306, 70.4654945 ], [ 30.7434049, 70.4654321 ], [ 30.7430764, 70.4655066 ], [ 30.7428659, 70.4655072 ], [ 30.7431419, 70.4653286 ], [ 30.7431759, 70.4652869 ], [ 30.7431239, 70.465251 ], [ 30.7429818, 70.4652247 ], [ 30.7428877, 70.4652144 ], [ 30.7427834, 70.465213 ], [ 30.7423035, 70.4652498 ], [ 30.7420989, 70.4652749 ], [ 30.7414504, 70.4652646 ], [ 30.74142, 70.4652471 ], [ 30.7414774, 70.4652002 ], [ 30.7424984, 70.4650815 ], [ 30.742478, 70.4650468 ], [ 30.7424438, 70.4650311 ], [ 30.7423499, 70.4649992 ], [ 30.7422044, 70.4649789 ], [ 30.7419, 70.4650097 ], [ 30.7417958, 70.4650231 ], [ 30.7417832, 70.4650313 ], [ 30.7413742, 70.4650475 ], [ 30.7415158, 70.4650259 ], [ 30.7418544, 70.4648893 ], [ 30.741798, 70.4648583 ], [ 30.7416919, 70.4648379 ], [ 30.741644, 70.4648381 ], [ 30.741406, 70.4648496 ], [ 30.7412001, 70.4648852 ], [ 30.740737, 70.4647696 ], [ 30.740848, 70.464699 ], [ 30.7409759, 70.4646518 ], [ 30.7413291, 70.4646039 ], [ 30.7410302, 70.464522 ], [ 30.7408166, 70.4645322 ], [ 30.7407451, 70.4645423 ], [ 30.7407038, 70.4645368 ], [ 30.740688, 70.4645253 ], [ 30.740703, 70.4644861 ], [ 30.7407518, 70.46447 ], [ 30.7408356, 70.4644615 ], [ 30.7413881, 70.4644682 ], [ 30.741404, 70.4643925 ], [ 30.7410518, 70.4642215 ], [ 30.740551, 70.4642299 ], [ 30.7402129, 70.4642169 ], [ 30.7404537, 70.4641178 ], [ 30.7402959, 70.4640066 ], [ 30.7403416, 70.4639768 ], [ 30.7405839, 70.4639068 ], [ 30.7407432, 70.4639322 ], [ 30.7409479, 70.4638916 ], [ 30.740964, 70.4638792 ], [ 30.740504, 70.4637369 ], [ 30.7403376, 70.4636949 ], [ 30.7399694, 70.4636231 ], [ 30.739831, 70.4636399 ], [ 30.7398245, 70.4636718 ], [ 30.739585, 70.4637346 ], [ 30.7394054, 70.463719 ], [ 30.7393897, 70.4637132 ], [ 30.7393488, 70.463567 ], [ 30.7394963, 70.4634721 ], [ 30.7396169, 70.463429 ], [ 30.739421, 70.4633637 ], [ 30.7390079, 70.4633295 ], [ 30.7386073, 70.4632652 ], [ 30.7383645, 70.4631536 ], [ 30.7384806, 70.4631295 ], [ 30.7384239, 70.463073 ], [ 30.7381702, 70.4629565 ], [ 30.7380569, 70.4629497 ], [ 30.7373311, 70.4627075 ], [ 30.7372063, 70.4627187 ], [ 30.7370938, 70.462708 ], [ 30.7369119, 70.4626715 ], [ 30.7365718, 70.4625761 ], [ 30.7364232, 70.4624724 ], [ 30.7363693, 70.4624163 ], [ 30.7364078, 70.4622623 ], [ 30.7365313, 70.4621702 ], [ 30.7367937, 70.462089 ], [ 30.7372023, 70.462133 ], [ 30.7375411, 70.4621302 ], [ 30.7375925, 70.462116 ], [ 30.7376066, 70.4621007 ], [ 30.7375379, 70.4620466 ], [ 30.7376248, 70.462017 ], [ 30.7381188, 70.4618998 ], [ 30.7381114, 70.4618867 ], [ 30.7379764, 70.4618488 ], [ 30.7379124, 70.4616776 ], [ 30.7376367, 70.4614798 ], [ 30.7380529, 70.461409 ], [ 30.7385129, 70.4615212 ], [ 30.7386245, 70.4615025 ], [ 30.7386326, 70.4614396 ], [ 30.7385817, 70.4614152 ], [ 30.738926, 70.4612567 ], [ 30.7390478, 70.4613866 ], [ 30.7391823, 70.461452 ], [ 30.7392649, 70.4614868 ], [ 30.7393289, 70.4614997 ], [ 30.7394357, 70.4614867 ], [ 30.7394486, 70.4614345 ], [ 30.7396038, 70.4612468 ], [ 30.7396863, 70.4611552 ], [ 30.7397213, 70.4611474 ], [ 30.7397489, 70.4611273 ], [ 30.7397313, 70.4610456 ], [ 30.7396532, 70.4609809 ], [ 30.7395321, 70.4609076 ], [ 30.7394058, 70.4608664 ], [ 30.7391125, 70.4608015 ], [ 30.7389979, 70.4607868 ], [ 30.7388185, 70.4607908 ], [ 30.7386504, 70.4608179 ], [ 30.7377672, 70.4607613 ], [ 30.7376319, 70.4607404 ], [ 30.7376195, 70.4607272 ], [ 30.7376349, 70.4607191 ], [ 30.7381105, 70.4606784 ], [ 30.7385393, 70.4605912 ], [ 30.7385724, 70.4605752 ], [ 30.7385525, 70.4604721 ], [ 30.7384678, 70.4604479 ], [ 30.7383798, 70.4604421 ], [ 30.7382479, 70.4604511 ], [ 30.7381955, 70.4604727 ], [ 30.7377371, 70.4605147 ], [ 30.7375709, 70.4604607 ], [ 30.7373683, 70.4603413 ], [ 30.7375804, 70.46025 ], [ 30.7372754, 70.4602389 ], [ 30.7370397, 70.4602469 ], [ 30.7363505, 70.4602344 ], [ 30.7364881, 70.4601654 ], [ 30.7370233, 70.460103 ], [ 30.737149, 70.4600524 ], [ 30.7370994, 70.4600368 ], [ 30.737016, 70.4600215 ], [ 30.7366443, 70.4600198 ], [ 30.7363798, 70.4599512 ], [ 30.736057, 70.4599977 ], [ 30.7359989, 70.4598921 ], [ 30.7357468, 70.459788 ], [ 30.7349912, 70.4596802 ], [ 30.734418, 70.4597047 ], [ 30.7342812, 70.4596836 ], [ 30.7343666, 70.4596361 ], [ 30.7344437, 70.459528 ], [ 30.7343197, 70.4594831 ], [ 30.7335733, 70.4592609 ], [ 30.7326113, 70.459276 ], [ 30.7323806, 70.4592507 ], [ 30.732304, 70.4592175 ], [ 30.7320059, 70.4589168 ], [ 30.7319248, 70.4587689 ], [ 30.7320021, 70.458629 ], [ 30.7321971, 70.4586233 ], [ 30.732627, 70.4585229 ], [ 30.7327533, 70.4584842 ], [ 30.7327591, 70.4584734 ], [ 30.7326346, 70.4583919 ], [ 30.7325636, 70.4583814 ], [ 30.7323878, 70.4583341 ], [ 30.7323811, 70.4583162 ], [ 30.7324085, 70.4583135 ], [ 30.7327546, 70.4583441 ], [ 30.7330061, 70.4584124 ], [ 30.7331088, 70.4584852 ], [ 30.7331887, 70.4585118 ], [ 30.7332707, 70.4585293 ], [ 30.7336245, 70.4585758 ], [ 30.7338558, 70.4585978 ], [ 30.7339903, 70.458585 ], [ 30.7340561, 70.4585658 ], [ 30.7341445, 70.4585087 ], [ 30.7341293, 70.4584217 ], [ 30.7335185, 70.4582512 ], [ 30.732041, 70.4577832 ], [ 30.7320236, 70.4577637 ], [ 30.7321069, 70.4577286 ], [ 30.7322773, 70.457696 ], [ 30.732516, 70.4577138 ], [ 30.7326402, 70.4576828 ], [ 30.7328608, 70.4576109 ], [ 30.7333996, 70.4573499 ], [ 30.7340248, 70.4570678 ], [ 30.7341515, 70.4569614 ], [ 30.7342483, 70.4567789 ], [ 30.7340798, 70.4566632 ], [ 30.7338891, 70.4566598 ], [ 30.7334456, 70.4566803 ], [ 30.7333529, 70.4567001 ], [ 30.7332118, 70.4567101 ], [ 30.7330535, 70.4566886 ], [ 30.7327662, 70.4565634 ], [ 30.7326912, 70.4565154 ], [ 30.7329004, 70.456434 ], [ 30.7329672, 70.456321 ], [ 30.7328858, 70.4562743 ], [ 30.7327491, 70.4560709 ], [ 30.7333489, 70.4561417 ], [ 30.7335631, 70.4561296 ], [ 30.7336928, 70.4561011 ], [ 30.7336436, 70.4560174 ], [ 30.733395, 70.4557917 ], [ 30.733283, 70.4557517 ], [ 30.7329589, 70.4556875 ], [ 30.7326025, 70.455646 ], [ 30.7320716, 70.4556522 ], [ 30.7319596, 70.4555991 ], [ 30.7320129, 70.4555368 ], [ 30.732132, 70.4555346 ], [ 30.7323919, 70.4554857 ], [ 30.7322117, 70.4553806 ], [ 30.7318514, 70.4552736 ], [ 30.7317141, 70.4551189 ], [ 30.731797, 70.4551054 ], [ 30.7318349, 70.45511 ], [ 30.7321877, 70.4552699 ], [ 30.7322426, 70.4552891 ], [ 30.7322869, 70.4552903 ], [ 30.7324656, 70.4551204 ], [ 30.7321779, 70.4549757 ], [ 30.7320164, 70.4549276 ], [ 30.7317648, 70.454834 ], [ 30.7317664, 70.4548177 ], [ 30.7317203, 70.4547828 ], [ 30.7313811, 70.4546356 ], [ 30.7309894, 70.4545935 ], [ 30.7311042, 70.4545264 ], [ 30.7307137, 70.4543273 ], [ 30.7306589, 70.4543305 ], [ 30.7301642, 70.4541193 ], [ 30.7301442, 70.4540993 ], [ 30.7302505, 70.4540698 ], [ 30.7304134, 70.4540702 ], [ 30.730649, 70.4541461 ], [ 30.7308808, 70.4541583 ], [ 30.7310232, 70.4541469 ], [ 30.7310921, 70.4540983 ], [ 30.7311047, 70.4539897 ], [ 30.7310468, 70.453972 ], [ 30.7309648, 70.4539921 ], [ 30.7309067, 70.4540249 ], [ 30.73069, 70.4538845 ], [ 30.730532, 70.4536963 ], [ 30.7305023, 70.4533965 ], [ 30.7297483, 70.4534404 ], [ 30.7296159, 70.4534005 ], [ 30.7298196, 70.4532314 ], [ 30.7298, 70.4531092 ], [ 30.7296816, 70.4531258 ], [ 30.7294674, 70.4530987 ], [ 30.7294901, 70.4530652 ], [ 30.729602, 70.4529858 ], [ 30.7292246, 70.4529497 ], [ 30.7291641, 70.452835 ], [ 30.729336, 70.4526561 ], [ 30.7292879, 70.4525969 ], [ 30.7291031, 70.4524532 ], [ 30.7291334, 70.45234 ], [ 30.7288137, 70.4522311 ], [ 30.7286711, 70.4521524 ], [ 30.7286868, 70.4520525 ], [ 30.7284302, 70.4520452 ], [ 30.7283464, 70.4520195 ], [ 30.7284476, 70.4519835 ], [ 30.7285683, 70.4518379 ], [ 30.728537, 70.4517584 ], [ 30.7284505, 70.4517383 ], [ 30.7284091, 70.4517376 ], [ 30.7279451, 70.4518143 ], [ 30.7277893, 70.4517998 ], [ 30.7276133, 70.451662 ], [ 30.728082, 70.4516403 ], [ 30.7282388, 70.4516512 ], [ 30.7283651, 70.4516365 ], [ 30.7283646, 70.4516278 ], [ 30.7281071, 70.4514955 ], [ 30.7278331, 70.4513899 ], [ 30.7277395, 70.451362 ], [ 30.7275645, 70.4513448 ], [ 30.726948, 70.4509397 ], [ 30.7263097, 70.4507122 ], [ 30.7262897, 70.4506959 ], [ 30.7263326, 70.4506833 ], [ 30.7265404, 70.4507411 ], [ 30.726639, 70.4507563 ], [ 30.7270046, 70.450782 ], [ 30.7272652, 70.4507878 ], [ 30.7273611, 70.4507811 ], [ 30.7274337, 70.4507728 ], [ 30.72741, 70.450746 ], [ 30.7273513, 70.4507238 ], [ 30.726509, 70.4505549 ], [ 30.7256614, 70.4502686 ], [ 30.7245714, 70.4501035 ], [ 30.7245349, 70.4500926 ], [ 30.7245622, 70.4500491 ], [ 30.7245989, 70.4500408 ], [ 30.7249755, 70.4500498 ], [ 30.7252674, 70.4500781 ], [ 30.7260757, 70.4501326 ], [ 30.7264983, 70.4501156 ], [ 30.7265575, 70.4500938 ], [ 30.7264855, 70.4500522 ], [ 30.7263682, 70.4500005 ], [ 30.725271, 70.4495174 ], [ 30.7252677, 70.4495067 ], [ 30.7253114, 70.449494 ], [ 30.7253613, 70.4494995 ], [ 30.7257989, 70.4496253 ], [ 30.7261066, 70.4497229 ], [ 30.7262682, 70.4497931 ], [ 30.7263067, 70.4497955 ], [ 30.7263201, 70.4497873 ], [ 30.7262553, 70.4496777 ], [ 30.7259686, 70.4495143 ], [ 30.7257275, 70.4493552 ], [ 30.7255151, 70.4492712 ], [ 30.7251892, 70.4491635 ], [ 30.7254076, 70.4491397 ], [ 30.7255144, 70.4491506 ], [ 30.7255481, 70.4490918 ], [ 30.7254809, 70.4489948 ], [ 30.7252945, 70.4490025 ], [ 30.7251973, 70.4489432 ], [ 30.7251824, 70.4488725 ], [ 30.7250012, 70.4487431 ], [ 30.7246406, 70.4488109 ], [ 30.7245258, 70.4486638 ], [ 30.7246316, 70.448601 ], [ 30.7242709, 70.4482965 ], [ 30.7239605, 70.4480889 ], [ 30.7236122, 70.4479211 ], [ 30.7234614, 70.4478613 ], [ 30.72339, 70.4477409 ], [ 30.723524, 70.4473533 ], [ 30.7235104, 70.4472807 ], [ 30.7236302, 70.4469312 ], [ 30.7238325, 70.4466232 ], [ 30.7239366, 70.4465029 ], [ 30.7241443, 70.4463329 ], [ 30.7248597, 70.4461096 ], [ 30.7249752, 70.4460823 ], [ 30.725301, 70.4460313 ], [ 30.725499, 70.4460744 ], [ 30.7255702, 70.4461298 ], [ 30.7258762, 70.4462319 ], [ 30.7262662, 70.4462824 ], [ 30.7266738, 70.4463788 ], [ 30.7272383, 70.4464375 ], [ 30.7274475, 70.4464439 ], [ 30.72747, 70.4464392 ], [ 30.7275355, 70.4463297 ], [ 30.7275524, 70.446254 ], [ 30.7274894, 70.4460961 ], [ 30.7273007, 70.4459195 ], [ 30.7273549, 70.4458608 ], [ 30.7276726, 70.4459888 ], [ 30.727759, 70.4460725 ], [ 30.7278219, 70.4461892 ], [ 30.7280699, 70.4463679 ], [ 30.7283418, 70.4464471 ], [ 30.7284698, 70.4464715 ], [ 30.7287464, 70.4465017 ], [ 30.7288206, 70.4464899 ], [ 30.7288644, 70.4464178 ], [ 30.728518, 70.4460857 ], [ 30.7290973, 70.4460117 ], [ 30.7292815, 70.4460088 ], [ 30.7295136, 70.4460987 ], [ 30.7296673, 70.4461782 ], [ 30.7296757, 70.4461043 ], [ 30.7295477, 70.4459904 ], [ 30.7293324, 70.4458342 ], [ 30.7292158, 70.4457744 ], [ 30.7293206, 70.4456658 ], [ 30.729391, 70.4456203 ], [ 30.729762, 70.4455302 ], [ 30.7299836, 70.4454868 ], [ 30.7300027, 70.4454894 ], [ 30.7303102, 70.4456355 ], [ 30.73048, 70.4457607 ], [ 30.7310244, 70.4458476 ], [ 30.7312641, 70.445795 ], [ 30.7317632, 70.4457967 ], [ 30.7315963, 70.4456065 ], [ 30.7315275, 70.4455027 ], [ 30.7314943, 70.4453668 ], [ 30.731583, 70.4453695 ], [ 30.7316558, 70.4453475 ], [ 30.7315625, 70.4451908 ], [ 30.7314908, 70.4451644 ], [ 30.7312348, 70.4451479 ], [ 30.7311705, 70.4451326 ], [ 30.7310865, 70.4450892 ], [ 30.7316015, 70.4448927 ], [ 30.7320457, 70.4448751 ], [ 30.7322104, 70.4448813 ], [ 30.7323321, 70.4448644 ], [ 30.7324417, 70.4448458 ], [ 30.7326371, 70.4447262 ], [ 30.7326383, 70.4446869 ], [ 30.732575, 70.4446432 ], [ 30.7326633, 70.4444721 ], [ 30.7326872, 70.4444557 ], [ 30.7326672, 70.4444308 ], [ 30.7323316, 70.4443166 ], [ 30.7320154, 70.4442295 ], [ 30.7319718, 70.4441797 ], [ 30.7321894, 70.4440926 ], [ 30.732465, 70.4440172 ], [ 30.7326479, 70.4439915 ], [ 30.7327499, 70.4439964 ], [ 30.7327849, 70.4440043 ], [ 30.7327992, 70.4440205 ], [ 30.7327625, 70.4440328 ], [ 30.7328055, 70.4440804 ], [ 30.732884, 70.4441186 ], [ 30.7331319, 70.4441791 ], [ 30.7332223, 70.4440056 ], [ 30.7331477, 70.443962 ], [ 30.7329756, 70.4439561 ], [ 30.7331523, 70.4439381 ], [ 30.7339693, 70.4439944 ], [ 30.73406, 70.4439682 ], [ 30.7340815, 70.4439393 ], [ 30.7338067, 70.4437902 ], [ 30.7342808, 70.4439464 ], [ 30.7344013, 70.443953 ], [ 30.7344408, 70.4439347 ], [ 30.7344256, 70.4438595 ], [ 30.7343812, 70.4437836 ], [ 30.7341616, 70.4436252 ], [ 30.7339494, 70.443488 ], [ 30.7339079, 70.4434725 ], [ 30.7337767, 70.4434354 ], [ 30.7336974, 70.4434264 ], [ 30.7332902, 70.4434545 ], [ 30.7331933, 70.443471 ], [ 30.7331725, 70.4434838 ], [ 30.7325986, 70.4434689 ], [ 30.7325464, 70.4434399 ], [ 30.7325554, 70.4433593 ], [ 30.7321578, 70.4433713 ], [ 30.7319522, 70.4433227 ], [ 30.7317016, 70.443115 ], [ 30.7318022, 70.4429684 ], [ 30.7317151, 70.4429009 ], [ 30.7312675, 70.4429382 ], [ 30.73105, 70.442922 ], [ 30.7307256, 70.4428644 ], [ 30.7307092, 70.4428142 ], [ 30.7310512, 70.4427703 ], [ 30.7309334, 70.4426355 ], [ 30.7311275, 70.4425763 ], [ 30.7310181, 70.4425496 ], [ 30.7305761, 70.4425382 ], [ 30.730519, 70.442549 ], [ 30.7305277, 70.4425829 ], [ 30.730374, 70.4426033 ], [ 30.7299106, 70.4425322 ], [ 30.7297971, 70.4424638 ], [ 30.7297466, 70.4424143 ], [ 30.7295974, 70.4422148 ], [ 30.7295852, 70.4421194 ], [ 30.7296216, 70.4420104 ], [ 30.7297004, 70.4419233 ], [ 30.7299554, 70.4417408 ], [ 30.7300296, 70.4417088 ], [ 30.7301598, 70.4417332 ], [ 30.7304908, 70.4417451 ], [ 30.7305961, 70.4417102 ], [ 30.7306325, 70.4416609 ], [ 30.730575, 70.4416231 ], [ 30.7304744, 70.4416043 ], [ 30.7301864, 70.4416007 ], [ 30.7301142, 70.441449 ], [ 30.7297461, 70.4413603 ], [ 30.7297369, 70.4412505 ], [ 30.7298109, 70.4412158 ], [ 30.7302443, 70.4409292 ], [ 30.730304, 70.440934 ], [ 30.7303909, 70.4409639 ], [ 30.730507, 70.4409719 ], [ 30.7307841, 70.440802 ], [ 30.730742, 70.4407305 ], [ 30.7308201, 70.4406689 ], [ 30.7308774, 70.4406574 ], [ 30.7309448, 70.4406021 ], [ 30.7308216, 70.4405266 ], [ 30.7306535, 70.4404495 ], [ 30.7307103, 70.4403207 ], [ 30.730965, 70.4403091 ], [ 30.7312125, 70.440285 ], [ 30.731313, 70.4402653 ], [ 30.7314422, 70.4402181 ], [ 30.731488, 70.4401349 ], [ 30.7314151, 70.4400371 ], [ 30.7312613, 70.4400448 ], [ 30.7311553, 70.4400603 ], [ 30.7303749, 70.4398712 ], [ 30.7300153, 70.4395777 ], [ 30.7302486, 70.4395736 ], [ 30.7304231, 70.4395272 ], [ 30.7304382, 70.4395066 ], [ 30.7303762, 70.4394719 ], [ 30.7303366, 70.4394633 ], [ 30.7297475, 70.4394871 ], [ 30.7295328, 70.4395071 ], [ 30.7291617, 70.4394068 ], [ 30.7288227, 70.4392703 ], [ 30.7287941, 70.439209 ], [ 30.729028, 70.4390644 ], [ 30.7290614, 70.4390296 ], [ 30.7289764, 70.4389737 ], [ 30.7288955, 70.4389722 ], [ 30.7289044, 70.4389835 ], [ 30.728755, 70.4389623 ], [ 30.728771, 70.4387966 ], [ 30.7290716, 70.43879 ], [ 30.7292048, 70.4386933 ], [ 30.7290981, 70.4386414 ], [ 30.7290054, 70.4386313 ], [ 30.7287969, 70.4386448 ], [ 30.7286212, 70.4386972 ], [ 30.7280909, 70.4385154 ], [ 30.7284463, 70.4384221 ], [ 30.7285021, 70.4384271 ], [ 30.7285886, 70.4384187 ], [ 30.7286999, 70.4383868 ], [ 30.7286657, 70.4382566 ], [ 30.728852, 70.4381981 ], [ 30.7285526, 70.4379777 ], [ 30.7288631, 70.4380896 ], [ 30.7289749, 70.4381127 ], [ 30.7290078, 70.4381065 ], [ 30.7290264, 70.4380837 ], [ 30.7287072, 70.4378767 ], [ 30.7283007, 70.4378093 ], [ 30.7282467, 70.4377902 ], [ 30.7282541, 70.4377815 ], [ 30.7284615, 70.4377408 ], [ 30.728337, 70.4371898 ], [ 30.7279914, 70.4370013 ], [ 30.7278686, 70.4368988 ], [ 30.7279905, 70.436768 ], [ 30.7282764, 70.4366262 ], [ 30.7282498, 70.436505 ], [ 30.7288717, 70.4364004 ], [ 30.7290783, 70.4364068 ], [ 30.7290959, 70.436398 ], [ 30.7290784, 70.4361925 ], [ 30.7289908, 70.4360818 ], [ 30.7287666, 70.4360191 ], [ 30.7283541, 70.4358791 ], [ 30.7276718, 70.4356124 ], [ 30.7268786, 70.4353759 ], [ 30.726781, 70.4353665 ], [ 30.7266881, 70.4353748 ], [ 30.7262946, 70.4353604 ], [ 30.7255199, 70.4352199 ], [ 30.7249364, 70.4350937 ], [ 30.7245573, 70.4349442 ], [ 30.7239953, 70.4348576 ], [ 30.7237183, 70.4348514 ], [ 30.7236442, 70.4348003 ], [ 30.7236795, 70.4346732 ], [ 30.7236127, 70.434572 ], [ 30.723362, 70.4344782 ], [ 30.7230587, 70.4344019 ], [ 30.7226691, 70.4342571 ], [ 30.7225274, 70.4340813 ], [ 30.7223253, 70.4338941 ], [ 30.7219656, 70.4337336 ], [ 30.7207787, 70.4332732 ], [ 30.7208466, 70.433253 ], [ 30.7206772, 70.4331432 ], [ 30.7201128, 70.4329412 ], [ 30.7195256, 70.4326207 ], [ 30.7196958, 70.4326532 ], [ 30.7199032, 70.4326276 ], [ 30.7197931, 70.4325867 ], [ 30.719393, 70.4324747 ], [ 30.718976, 70.4323684 ], [ 30.7188308, 70.4323231 ], [ 30.7186136, 70.4322271 ], [ 30.71862, 70.4321606 ], [ 30.7187467, 70.4319942 ], [ 30.7188559, 70.4319229 ], [ 30.7190314, 70.4318504 ], [ 30.7192784, 70.4316871 ], [ 30.7193917, 70.4315126 ], [ 30.7193814, 70.4314358 ], [ 30.7197005, 70.4311606 ], [ 30.7203078, 70.4307696 ], [ 30.7208439, 70.4304805 ], [ 30.721364, 70.4302406 ], [ 30.7219783, 70.4298926 ], [ 30.7224869, 70.4295803 ], [ 30.7231781, 70.4290837 ], [ 30.7234817, 70.4288457 ], [ 30.7235663, 70.4287336 ], [ 30.7250544, 70.4286207 ], [ 30.7252107, 70.4286893 ], [ 30.7252954, 70.4287456 ], [ 30.7253669, 70.4290058 ], [ 30.7259833, 70.4292913 ], [ 30.7270421, 70.4297143 ], [ 30.7275039, 70.4298538 ], [ 30.7276066, 70.4298805 ], [ 30.7276977, 70.4298883 ], [ 30.7277257, 70.4298764 ], [ 30.7277619, 70.4298044 ], [ 30.7274822, 70.4296659 ], [ 30.7273572, 70.4295431 ], [ 30.7278471, 70.4296189 ], [ 30.7282043, 70.4296965 ], [ 30.7283953, 70.4295908 ], [ 30.7282902, 70.4293793 ], [ 30.7286292, 70.4293633 ], [ 30.7290831, 70.429309 ], [ 30.7293248, 70.4291958 ], [ 30.7294084, 70.4290079 ], [ 30.7293076, 70.4288472 ], [ 30.7291553, 70.4287683 ], [ 30.7291796, 70.4287347 ], [ 30.7298775, 70.4285767 ], [ 30.7322865, 70.4281925 ], [ 30.7326612, 70.4281389 ], [ 30.7331381, 70.4280378 ], [ 30.7332078, 70.4279891 ], [ 30.7332919, 70.427978 ], [ 30.7334409, 70.4280113 ], [ 30.7335429, 70.4280559 ], [ 30.7339479, 70.4283049 ], [ 30.7345058, 70.4286079 ], [ 30.7347585, 70.4287091 ], [ 30.7347079, 70.4286591 ], [ 30.7342711, 70.4284141 ], [ 30.7342256, 70.4283626 ], [ 30.7343274, 70.4283307 ], [ 30.7343789, 70.428338 ], [ 30.735173, 70.428747 ], [ 30.7355931, 70.4289264 ], [ 30.7359446, 70.4290463 ], [ 30.736012, 70.4290506 ], [ 30.7363235, 70.4291332 ], [ 30.7366388, 70.4292554 ], [ 30.7374905, 70.4294027 ], [ 30.7374552, 70.4292823 ], [ 30.7376104, 70.4292259 ], [ 30.73798, 70.429225 ], [ 30.7382198, 70.4291993 ], [ 30.7383689, 70.4292002 ], [ 30.7385759, 70.4292229 ], [ 30.7387268, 70.4293272 ], [ 30.7387395, 70.4294305 ], [ 30.73866, 70.4294324 ], [ 30.7386373, 70.4294566 ], [ 30.7388937, 70.4295963 ], [ 30.7394097, 70.4298027 ], [ 30.739813, 70.4299166 ], [ 30.7399626, 70.4299384 ], [ 30.7401904, 70.4299953 ], [ 30.7402184, 70.4301204 ], [ 30.7402151, 70.430279 ], [ 30.7403066, 70.4303563 ], [ 30.7402726, 70.430544 ], [ 30.7401258, 70.4305445 ], [ 30.7398228, 70.4305114 ], [ 30.7398135, 70.4305209 ], [ 30.7399168, 70.4305913 ], [ 30.7402023, 70.4307354 ], [ 30.7411556, 70.4311662 ], [ 30.7412579, 70.4311993 ], [ 30.7413542, 70.4312141 ], [ 30.7417113, 70.431224 ], [ 30.7416542, 70.431343 ], [ 30.742443, 70.4316438 ], [ 30.7426247, 70.431673 ], [ 30.742841, 70.4316834 ], [ 30.7427725, 70.4316352 ], [ 30.7425179, 70.4315123 ], [ 30.7428561, 70.4314471 ], [ 30.7429752, 70.4314482 ], [ 30.7432233, 70.4315067 ], [ 30.7436525, 70.4316564 ], [ 30.7438191, 70.4315866 ], [ 30.7442553, 70.4317398 ], [ 30.7444673, 70.4317867 ], [ 30.7445164, 70.4317875 ], [ 30.7449716, 70.4316934 ], [ 30.7449919, 70.4316822 ], [ 30.7449879, 70.4316454 ], [ 30.7458489, 70.4314407 ], [ 30.7462654, 70.4314241 ], [ 30.7463177, 70.4314508 ], [ 30.7464881, 70.4315903 ], [ 30.7467409, 70.431615 ], [ 30.7470458, 70.4316899 ], [ 30.7475285, 70.4318394 ], [ 30.7478973, 70.4319344 ], [ 30.7481781, 70.4319893 ], [ 30.7481763, 70.4318993 ], [ 30.748139, 70.4318589 ], [ 30.7476343, 70.4317017 ], [ 30.7467328, 70.4313774 ], [ 30.7467366, 70.4313707 ], [ 30.7469036, 70.4313422 ], [ 30.7470342, 70.4313407 ], [ 30.7472568, 70.4313663 ], [ 30.7477265, 70.4315124 ], [ 30.748437, 70.4316937 ], [ 30.7487644, 70.4317309 ], [ 30.7495171, 70.4318882 ], [ 30.7494935, 70.4318574 ], [ 30.7490089, 70.4317444 ], [ 30.7485946, 70.4316026 ], [ 30.7485866, 70.4315838 ], [ 30.7487379, 70.4315257 ], [ 30.7488067, 70.4315304 ], [ 30.749743, 70.4317681 ], [ 30.7497901, 70.4317629 ], [ 30.7498117, 70.431741 ], [ 30.7496154, 70.4316656 ], [ 30.7495836, 70.431623 ], [ 30.749943, 70.431703 ], [ 30.7503547, 70.4317591 ], [ 30.7505955, 70.4317868 ], [ 30.7515167, 70.4318609 ], [ 30.7515135, 70.4318275 ], [ 30.7516401, 70.431786 ], [ 30.7518055, 70.4317923 ], [ 30.75191, 70.4318201 ], [ 30.751905, 70.4318517 ], [ 30.7521291, 70.4321316 ], [ 30.7526595, 70.4323141 ], [ 30.7529493, 70.4323889 ], [ 30.7530534, 70.4323919 ], [ 30.7532091, 70.432378 ], [ 30.7532418, 70.4323688 ], [ 30.7532785, 70.4323348 ], [ 30.7532216, 70.4322989 ], [ 30.752838, 70.4321943 ], [ 30.7529556, 70.4322023 ], [ 30.7533062, 70.4322898 ], [ 30.753814, 70.4323523 ], [ 30.7542079, 70.4323451 ], [ 30.7550234, 70.4324039 ], [ 30.7551608, 70.432445 ], [ 30.755114, 70.4325384 ], [ 30.7547748, 70.4325093 ], [ 30.7546784, 70.4325261 ], [ 30.7551532, 70.432629 ], [ 30.755261, 70.4326444 ], [ 30.7554125, 70.4326578 ], [ 30.7558115, 70.432628 ], [ 30.7560638, 70.4325688 ], [ 30.7559814, 70.4324881 ], [ 30.7562116, 70.4324937 ], [ 30.7568292, 70.4325766 ], [ 30.7572163, 70.4326527 ], [ 30.7571989, 70.4327042 ], [ 30.7566611, 70.4326398 ], [ 30.7564114, 70.4326771 ], [ 30.7562109, 70.4327674 ], [ 30.7562749, 70.4327984 ], [ 30.7564876, 70.4328643 ], [ 30.756625, 70.4328751 ], [ 30.7571887, 70.4328616 ], [ 30.7575414, 70.432869 ], [ 30.7577024, 70.4328447 ], [ 30.7580083, 70.4327226 ], [ 30.7584171, 70.4327142 ], [ 30.7586594, 70.432562 ], [ 30.7588799, 70.4323792 ], [ 30.7591604, 70.4320499 ], [ 30.7592696, 70.4318857 ], [ 30.7592647, 70.4317571 ], [ 30.759375, 70.431647 ], [ 30.7595237, 70.4315516 ], [ 30.759851, 70.4315302 ], [ 30.7599787, 70.4314656 ], [ 30.7596116, 70.4314575 ], [ 30.7595634, 70.43137 ], [ 30.7595715, 70.4313089 ], [ 30.7596293, 70.4312654 ], [ 30.7598122, 70.4312055 ], [ 30.7599567, 70.4311763 ], [ 30.7600469, 70.4311712 ], [ 30.7601414, 70.4311784 ], [ 30.7603731, 70.4312926 ], [ 30.7606931, 70.4312845 ], [ 30.7614121, 70.4311547 ], [ 30.7617998, 70.4310917 ], [ 30.7620482, 70.4310605 ], [ 30.7641782, 70.4308948 ], [ 30.7647917, 70.4308665 ], [ 30.7658293, 70.4307926 ], [ 30.7657245, 70.4307856 ], [ 30.7651026, 70.4307748 ], [ 30.7652076, 70.4307425 ], [ 30.7656964, 70.4307463 ], [ 30.7660549, 70.4307385 ], [ 30.7662883, 70.4307312 ], [ 30.7664354, 70.4307088 ], [ 30.7664374, 70.4307027 ], [ 30.7664008, 70.4306975 ], [ 30.7660067, 70.4306827 ], [ 30.7659429, 70.4306642 ], [ 30.7664637, 70.430659 ], [ 30.7665632, 70.4306497 ], [ 30.7666126, 70.430633 ], [ 30.7666707, 70.4305472 ], [ 30.7666468, 70.430467 ], [ 30.7665941, 70.4304454 ], [ 30.7666349, 70.4303687 ], [ 30.767333, 70.4303404 ], [ 30.7668115, 70.4302151 ], [ 30.7667658, 70.4301179 ], [ 30.7668055, 70.4300495 ], [ 30.7669227, 70.4299204 ], [ 30.7671503, 70.4299109 ], [ 30.7678856, 70.4299288 ], [ 30.767919, 70.4299233 ], [ 30.7679189, 70.4299163 ], [ 30.7678969, 70.4298979 ], [ 30.7678368, 70.4298805 ], [ 30.7674749, 70.4297954 ], [ 30.7669727, 70.4297423 ], [ 30.7668307, 70.4296655 ], [ 30.7670835, 70.4296016 ], [ 30.7673979, 70.4295654 ], [ 30.7671037, 70.4294504 ], [ 30.7672716, 70.4293816 ], [ 30.7681651, 70.4293713 ], [ 30.767749, 70.4293243 ], [ 30.7674583, 70.4292276 ], [ 30.7674622, 70.4291494 ], [ 30.768082, 70.429158 ], [ 30.7688689, 70.4291451 ], [ 30.7689433, 70.4290961 ], [ 30.7689668, 70.4290281 ], [ 30.7689548, 70.4289813 ], [ 30.7688401, 70.4289303 ], [ 30.7685893, 70.4288803 ], [ 30.7671529, 70.4288316 ], [ 30.7671097, 70.4288206 ], [ 30.7671141, 70.4286806 ], [ 30.7671491, 70.4285121 ], [ 30.7672224, 70.4282783 ], [ 30.7672979, 70.4281731 ], [ 30.7675752, 70.4279772 ], [ 30.7678437, 70.427872 ], [ 30.7680465, 70.4278241 ], [ 30.7681868, 70.4278473 ], [ 30.7685988, 70.4278893 ], [ 30.7691511, 70.4277649 ], [ 30.7693607, 70.4275616 ], [ 30.7699769, 70.4275796 ], [ 30.7701246, 70.4274838 ], [ 30.770028, 70.4273526 ], [ 30.7701354, 70.427347 ], [ 30.7705567, 70.4273764 ], [ 30.7706051, 70.4273988 ], [ 30.7705804, 70.4274212 ], [ 30.7709768, 70.4274528 ], [ 30.7714183, 70.4273823 ], [ 30.7714085, 70.4273664 ], [ 30.7712804, 70.4273443 ], [ 30.7709161, 70.427368 ], [ 30.7709211, 70.4273358 ], [ 30.7711509, 70.4272551 ], [ 30.7715375, 70.4271779 ], [ 30.7716055, 70.427181 ], [ 30.7717969, 70.4272686 ], [ 30.7724336, 70.4272794 ], [ 30.7727611, 70.4272612 ], [ 30.7730126, 70.4272284 ], [ 30.7730888, 70.427207 ], [ 30.7730797, 70.427192 ], [ 30.7727667, 70.4271835 ], [ 30.7726858, 70.4271864 ], [ 30.7727076, 70.4271996 ], [ 30.7725243, 70.4271948 ], [ 30.7720898, 70.4271668 ], [ 30.7719138, 70.4271468 ], [ 30.7720818, 70.4270824 ], [ 30.7723785, 70.4269202 ], [ 30.773377, 70.4268593 ], [ 30.7735546, 70.42684 ], [ 30.7741172, 70.426835 ], [ 30.7742536, 70.4268404 ], [ 30.7747785, 70.4268997 ], [ 30.7751113, 70.4269651 ], [ 30.775151, 70.4269616 ], [ 30.7752077, 70.4269369 ], [ 30.7751925, 70.4269268 ], [ 30.7750081, 70.4268855 ], [ 30.7745099, 70.4267905 ], [ 30.7741941, 70.4266958 ], [ 30.7741972, 70.4266701 ], [ 30.7742589, 70.4266639 ], [ 30.7745473, 70.4266922 ], [ 30.774978, 70.4267635 ], [ 30.7751764, 70.4267652 ], [ 30.7752109, 70.4267334 ], [ 30.7751927, 70.4267166 ], [ 30.7750786, 70.4266778 ], [ 30.7743176, 70.4264566 ], [ 30.7740602, 70.4263222 ], [ 30.7743596, 70.426281 ], [ 30.774367, 70.426265 ], [ 30.7742435, 70.4262417 ], [ 30.7739464, 70.4262084 ], [ 30.7733856, 70.4261681 ], [ 30.7733537, 70.426112 ], [ 30.7733386, 70.4260239 ], [ 30.7734083, 70.4259659 ], [ 30.7735781, 70.4259558 ], [ 30.7740287, 70.4259759 ], [ 30.7741963, 70.4259666 ], [ 30.7741932, 70.4259583 ], [ 30.7738636, 70.4258684 ], [ 30.7735913, 70.4258406 ], [ 30.7730873, 70.4258223 ], [ 30.7726135, 70.4258312 ], [ 30.772485, 70.4258228 ], [ 30.7723981, 70.4258084 ], [ 30.7723351, 70.4257891 ], [ 30.7721096, 70.42568 ], [ 30.7717761, 70.4254574 ], [ 30.7718627, 70.4254086 ], [ 30.7707273, 70.4251897 ], [ 30.7704881, 70.4251564 ], [ 30.7704106, 70.4251546 ], [ 30.7702889, 70.4251842 ], [ 30.7700306, 70.425198 ], [ 30.7698251, 70.4251659 ], [ 30.7695945, 70.4250767 ], [ 30.769543, 70.4250468 ], [ 30.7693312, 70.4248924 ], [ 30.7692434, 70.4248113 ], [ 30.769192, 70.4247327 ], [ 30.7691661, 70.4245611 ], [ 30.7692308, 70.4242832 ], [ 30.7692736, 70.4241941 ], [ 30.7694209, 70.4239712 ], [ 30.7697533, 70.4236474 ], [ 30.7698502, 70.423575 ], [ 30.7704267, 70.4232271 ], [ 30.7706331, 70.4231212 ], [ 30.7715078, 70.4227658 ], [ 30.7718888, 70.4225754 ], [ 30.7723564, 70.4223754 ], [ 30.7725872, 70.4222798 ], [ 30.7730601, 70.4221108 ], [ 30.7735423, 70.4219688 ], [ 30.7743344, 70.4217871 ], [ 30.7755484, 70.421485 ], [ 30.7760671, 70.421402 ], [ 30.776553, 70.4213403 ], [ 30.7770194, 70.4213038 ], [ 30.7774143, 70.4212591 ], [ 30.7782308, 70.4210194 ], [ 30.7790271, 70.4207635 ], [ 30.779512, 70.4206855 ], [ 30.7798704, 70.42065 ], [ 30.7802206, 70.4206313 ], [ 30.781086, 70.4206069 ], [ 30.782021, 70.4205675 ], [ 30.7825027, 70.4205284 ], [ 30.7829647, 70.4204999 ], [ 30.7834582, 70.4204923 ], [ 30.784847, 70.4205053 ], [ 30.7857624, 70.4205249 ], [ 30.786423, 70.4205473 ], [ 30.7872624, 70.4205908 ], [ 30.7878031, 70.4206255 ], [ 30.7883941, 70.4206783 ], [ 30.7896169, 70.4207435 ], [ 30.7903503, 70.4208071 ], [ 30.7910701, 70.4208859 ], [ 30.7924322, 70.4210498 ], [ 30.793184, 70.4210163 ], [ 30.793389, 70.420984 ], [ 30.7947429, 70.4210567 ], [ 30.7949432, 70.4211398 ], [ 30.7956295, 70.4213703 ], [ 30.7957583, 70.4214266 ], [ 30.795959, 70.4215591 ], [ 30.7959463, 70.4216001 ], [ 30.7961117, 70.4218532 ], [ 30.7960934, 70.4220338 ], [ 30.7960254, 70.422024 ], [ 30.7959411, 70.4220504 ], [ 30.7957968, 70.4222007 ], [ 30.7957247, 70.4223405 ], [ 30.7957457, 70.4223822 ], [ 30.7956867, 70.4225632 ], [ 30.7954249, 70.4226478 ], [ 30.795108, 70.4228711 ], [ 30.7950851, 70.422916 ], [ 30.7951089, 70.4229194 ], [ 30.795179, 70.4229105 ], [ 30.7951228, 70.4230242 ], [ 30.7950158, 70.4231223 ], [ 30.7948092, 70.4233619 ], [ 30.7946282, 70.423921 ], [ 30.7946462, 70.4240368 ], [ 30.7949652, 70.4240232 ], [ 30.7951944, 70.4241395 ], [ 30.7953377, 70.424238 ], [ 30.7954356, 70.4242561 ], [ 30.7955469, 70.4242443 ], [ 30.7959354, 70.4242643 ], [ 30.7963779, 70.4243491 ], [ 30.7971178, 70.4245281 ], [ 30.7980231, 70.4249032 ], [ 30.7984293, 70.425341 ], [ 30.7988157, 70.4256435 ], [ 30.7987316, 70.4258633 ], [ 30.7987941, 70.4258813 ], [ 30.7991037, 70.4257961 ], [ 30.799037, 70.4257787 ], [ 30.7990343, 70.4257636 ], [ 30.7991198, 70.4257373 ], [ 30.7992397, 70.4257279 ], [ 30.7995115, 70.4257547 ], [ 30.7999414, 70.4258152 ], [ 30.8004479, 70.425899 ], [ 30.800619, 70.4259412 ], [ 30.8008255, 70.4259982 ], [ 30.8008751, 70.4260442 ], [ 30.8008269, 70.4260824 ], [ 30.8008523, 70.4263275 ], [ 30.8009285, 70.4263693 ], [ 30.8011396, 70.426373 ], [ 30.8015276, 70.42647 ], [ 30.8019504, 70.4266116 ], [ 30.802342, 70.4267779 ], [ 30.8024068, 70.4268407 ], [ 30.8024523, 70.4269187 ], [ 30.8024209, 70.4271572 ], [ 30.802313, 70.4272956 ], [ 30.8023517, 70.4273532 ], [ 30.8025135, 70.427502 ], [ 30.8028958, 70.427688 ], [ 30.8030352, 70.4277857 ], [ 30.8031584, 70.4279042 ], [ 30.8032616, 70.4280415 ], [ 30.8038091, 70.4284359 ], [ 30.8038416, 70.4285912 ], [ 30.8039954, 70.4287297 ], [ 30.8046444, 70.4289932 ], [ 30.8047296, 70.4291255 ], [ 30.8045441, 70.4292021 ], [ 30.8044743, 70.4292828 ], [ 30.8044856, 70.4293182 ], [ 30.8045954, 70.4293671 ], [ 30.8046799, 70.4293724 ], [ 30.8050973, 70.4295088 ], [ 30.805258, 70.4296673 ], [ 30.8055605, 70.4298161 ], [ 30.8058372, 70.4300117 ], [ 30.8059153, 70.430096 ], [ 30.8059409, 70.430314 ], [ 30.8057838, 70.4304197 ], [ 30.8056932, 70.4304419 ], [ 30.8055126, 70.4304672 ], [ 30.8054555, 70.4304683 ], [ 30.8054016, 70.4304588 ], [ 30.8052234, 70.4304811 ], [ 30.8051201, 70.4306015 ], [ 30.8051283, 70.4306266 ], [ 30.8053722, 70.4306483 ], [ 30.8056821, 70.430646 ], [ 30.8059196, 70.4306354 ], [ 30.8062957, 70.4306389 ], [ 30.8066303, 70.4307844 ], [ 30.806822, 70.430799 ], [ 30.8069326, 70.4307703 ], [ 30.8069851, 70.4308504 ], [ 30.8070126, 70.4309387 ], [ 30.8069989, 70.4309724 ], [ 30.8069371, 70.4310039 ], [ 30.8069323, 70.4310585 ], [ 30.8070037, 70.4311129 ], [ 30.8073094, 70.4311606 ], [ 30.8073527, 70.4311578 ], [ 30.8074357, 70.4311291 ], [ 30.8075417, 70.4310627 ], [ 30.80777, 70.4310042 ], [ 30.8079143, 70.4310037 ], [ 30.8079329, 70.4310455 ], [ 30.8080082, 70.4310652 ], [ 30.8080651, 70.4310684 ], [ 30.8085429, 70.4310373 ], [ 30.8088544, 70.4309756 ], [ 30.8096858, 70.4309658 ], [ 30.8098626, 70.4310542 ], [ 30.8103776, 70.4311536 ], [ 30.8112584, 70.4312332 ], [ 30.8113303, 70.4312233 ], [ 30.8116131, 70.4311142 ], [ 30.8117923, 70.4310315 ], [ 30.8119282, 70.4309369 ], [ 30.8119414, 70.4308824 ], [ 30.8125619, 70.4308868 ], [ 30.8127688, 70.4308945 ], [ 30.8129132, 70.4309464 ], [ 30.8130286, 70.4310065 ], [ 30.8130507, 70.4310304 ], [ 30.8130419, 70.4310696 ], [ 30.8132151, 70.4310427 ], [ 30.8133775, 70.4309475 ], [ 30.8135399, 70.4309073 ], [ 30.813994, 70.4309173 ], [ 30.8147816, 70.4309556 ], [ 30.8151535, 70.4309604 ], [ 30.816149, 70.4309341 ], [ 30.8167388, 70.4309577 ], [ 30.8168268, 70.4309696 ], [ 30.8172702, 70.4311254 ], [ 30.8174921, 70.4312213 ], [ 30.8177396, 70.4310684 ], [ 30.8179234, 70.4310573 ], [ 30.8180484, 70.4310879 ], [ 30.818123, 70.4310843 ], [ 30.8187133, 70.4311144 ], [ 30.8194028, 70.4311825 ], [ 30.8203387, 70.4313799 ], [ 30.8204214, 70.4314502 ], [ 30.8201725, 70.431702 ], [ 30.8200906, 70.4319602 ], [ 30.8200621, 70.432183 ], [ 30.8201352, 70.4322952 ], [ 30.8203759, 70.4325261 ], [ 30.8202557, 70.4325085 ], [ 30.8201619, 70.4325648 ], [ 30.8201728, 70.4326066 ], [ 30.8202667, 70.4326663 ], [ 30.8205372, 70.4327168 ], [ 30.8208532, 70.4327909 ], [ 30.8210021, 70.4328995 ], [ 30.8211719, 70.4329431 ], [ 30.8215526, 70.4329641 ], [ 30.8218716, 70.4330454 ], [ 30.822106, 70.4329125 ], [ 30.8222194, 70.4330237 ], [ 30.8224912, 70.4331485 ], [ 30.8228303, 70.4331824 ], [ 30.8230561, 70.4330764 ], [ 30.8236046, 70.432972 ], [ 30.8239898, 70.4329156 ], [ 30.8239073, 70.4331127 ], [ 30.8239082, 70.4331706 ], [ 30.8239365, 70.4331722 ], [ 30.8240454, 70.4331469 ], [ 30.8242491, 70.4330869 ], [ 30.8243507, 70.4330197 ], [ 30.8243791, 70.4329691 ], [ 30.8246228, 70.4330027 ], [ 30.8246227, 70.4331707 ], [ 30.8246649, 70.4332765 ], [ 30.8247035, 70.4332395 ], [ 30.824739, 70.4331139 ], [ 30.824822, 70.4330232 ], [ 30.8249401, 70.4330098 ], [ 30.8250625, 70.433007 ], [ 30.8253445, 70.4331006 ], [ 30.8258265, 70.4331636 ], [ 30.8258516, 70.4333128 ], [ 30.8261411, 70.433291 ], [ 30.8265576, 70.4331953 ], [ 30.8276479, 70.4334959 ], [ 30.8277744, 70.4336774 ], [ 30.8277221, 70.4337333 ], [ 30.8277284, 70.4338591 ], [ 30.8279228, 70.4342705 ], [ 30.8279098, 70.4343988 ], [ 30.8277967, 70.4344317 ], [ 30.8276454, 70.4344287 ], [ 30.8276012, 70.4343749 ], [ 30.8274973, 70.4343619 ], [ 30.827415, 70.4343804 ], [ 30.8270139, 70.4345075 ], [ 30.8270062, 70.43453 ], [ 30.8270873, 70.4345931 ], [ 30.8271527, 70.4346056 ], [ 30.8272168, 70.4346638 ], [ 30.8270185, 70.434787 ], [ 30.8270063, 70.4348062 ], [ 30.8270065, 70.4348622 ], [ 30.8271304, 70.434926 ], [ 30.8274553, 70.4350215 ], [ 30.8278074, 70.4349841 ], [ 30.8277529, 70.4350265 ], [ 30.8276428, 70.4350517 ], [ 30.8276332, 70.4350617 ], [ 30.8278158, 70.4351223 ], [ 30.8279635, 70.4351443 ], [ 30.8280152, 70.4351448 ], [ 30.8284812, 70.4350673 ], [ 30.8286731, 70.435018 ], [ 30.8287915, 70.4349227 ], [ 30.8294873, 70.4347519 ], [ 30.8295672, 70.4347386 ], [ 30.8297282, 70.4347675 ], [ 30.8298995, 70.4348593 ], [ 30.8300215, 70.4349967 ], [ 30.8306212, 70.4352406 ], [ 30.8307089, 70.4352176 ], [ 30.8307837, 70.4352095 ], [ 30.8309146, 70.4352197 ], [ 30.8309776, 70.4353458 ], [ 30.8308841, 70.4353814 ], [ 30.830807, 70.4353718 ], [ 30.8307619, 70.43538 ], [ 30.8307214, 70.4354049 ], [ 30.8308135, 70.4354645 ], [ 30.8309973, 70.4355382 ], [ 30.8311595, 70.4354418 ], [ 30.831207, 70.4353851 ], [ 30.8312111, 70.4353689 ], [ 30.8311498, 70.435339 ], [ 30.8312196, 70.4352592 ], [ 30.8316265, 70.4352056 ], [ 30.8318351, 70.4352245 ], [ 30.8320137, 70.4352873 ], [ 30.8323876, 70.4353346 ], [ 30.8327506, 70.4354467 ], [ 30.8328019, 70.4355948 ], [ 30.8329581, 70.4355683 ], [ 30.8330765, 70.4355604 ], [ 30.8331493, 70.4356206 ], [ 30.8330466, 70.435699 ], [ 30.8332583, 70.435832 ], [ 30.8332896, 70.4358321 ], [ 30.8335069, 70.4357934 ], [ 30.8335135, 70.435775 ], [ 30.8335559, 70.4357642 ], [ 30.8340159, 70.4356892 ], [ 30.8345445, 70.4357243 ], [ 30.8350584, 70.4358164 ], [ 30.8354973, 70.435946 ], [ 30.8360286, 70.4361639 ], [ 30.83637, 70.4363468 ], [ 30.8363699, 70.4363796 ], [ 30.8360797, 70.4364604 ], [ 30.8360686, 70.4366187 ], [ 30.8362274, 70.4369021 ], [ 30.8361584, 70.4370687 ], [ 30.8359808, 70.437249 ], [ 30.8358792, 70.4372824 ], [ 30.8353871, 70.4373874 ], [ 30.8351931, 70.4373866 ], [ 30.8349642, 70.4374365 ], [ 30.8348659, 70.4374879 ], [ 30.8348478, 70.4375368 ], [ 30.835391, 70.4378502 ], [ 30.8353327, 70.4379313 ], [ 30.8352723, 70.4379351 ], [ 30.8351757, 70.4379706 ], [ 30.8351742, 70.437983 ], [ 30.8355365, 70.4380496 ], [ 30.8359643, 70.4380741 ], [ 30.8361871, 70.4381027 ], [ 30.8363953, 70.4381479 ], [ 30.8365871, 70.4382394 ], [ 30.8364731, 70.4382625 ], [ 30.836443, 70.4382438 ], [ 30.8360214, 70.4382256 ], [ 30.8350269, 70.4383375 ], [ 30.8349492, 70.4383555 ], [ 30.834862, 70.4384392 ], [ 30.8348718, 70.4385013 ], [ 30.8350739, 70.438599 ], [ 30.8351352, 70.4386061 ], [ 30.8352387, 70.4385808 ], [ 30.835713, 70.4387269 ], [ 30.8363276, 70.4387446 ], [ 30.8363441, 70.4387024 ], [ 30.836283, 70.4386338 ], [ 30.8363939, 70.4386856 ], [ 30.8366323, 70.4388314 ], [ 30.8372684, 70.4387912 ], [ 30.8369906, 70.4388728 ], [ 30.8364591, 70.4390817 ], [ 30.8365057, 70.4391526 ], [ 30.8368967, 70.439223 ], [ 30.8370612, 70.4392355 ], [ 30.8371079, 70.4392329 ], [ 30.8371545, 70.4391993 ], [ 30.8371973, 70.4391091 ], [ 30.8368998, 70.4390653 ], [ 30.8368819, 70.4390529 ], [ 30.8369159, 70.4390105 ], [ 30.8369953, 70.4390036 ], [ 30.8372888, 70.438997 ], [ 30.8373193, 70.439011 ], [ 30.8374833, 70.4392114 ], [ 30.8376548, 70.4391922 ], [ 30.8378099, 70.43922 ], [ 30.8379083, 70.4393257 ], [ 30.8385255, 70.4392571 ], [ 30.8387001, 70.4391707 ], [ 30.8389271, 70.4391381 ], [ 30.8392332, 70.4391771 ], [ 30.8391938, 70.4392069 ], [ 30.8391222, 70.4393128 ], [ 30.8392203, 70.4394579 ], [ 30.8393836, 70.4394416 ], [ 30.8395204, 70.4393832 ], [ 30.8393803, 70.4392214 ], [ 30.8393531, 70.4392147 ], [ 30.8393717, 70.4391812 ], [ 30.8394349, 70.4391581 ], [ 30.839466, 70.4391639 ], [ 30.8397836, 70.4392526 ], [ 30.8404316, 70.4394884 ], [ 30.8405698, 70.4395651 ], [ 30.8407203, 70.4397655 ], [ 30.8405606, 70.4398115 ], [ 30.8405952, 70.4398698 ], [ 30.8407257, 70.4399783 ], [ 30.8412035, 70.4399192 ], [ 30.8414108, 70.4398689 ], [ 30.8414555, 70.4400428 ], [ 30.8421123, 70.4400687 ], [ 30.8424817, 70.440169 ], [ 30.8427936, 70.4401318 ], [ 30.8431965, 70.4399582 ], [ 30.8435542, 70.4400769 ], [ 30.8436854, 70.4403094 ], [ 30.8437473, 70.4403641 ], [ 30.8437913, 70.4403654 ], [ 30.8439664, 70.4403324 ], [ 30.8440365, 70.4403013 ], [ 30.8447643, 70.440552 ], [ 30.8451651, 70.4406117 ], [ 30.8453402, 70.440771 ], [ 30.8457571, 70.440769 ], [ 30.8459087, 70.4407408 ], [ 30.8459798, 70.4407169 ], [ 30.8460984, 70.4407079 ], [ 30.8464016, 70.4407062 ], [ 30.8465106, 70.4408081 ], [ 30.8465347, 70.4408822 ], [ 30.8464388, 70.4408975 ], [ 30.8463661, 70.4408987 ], [ 30.8460913, 70.4409294 ], [ 30.8460043, 70.440947 ], [ 30.8456894, 70.4410491 ], [ 30.8453195, 70.44125 ], [ 30.8455466, 70.4413547 ], [ 30.8458869, 70.4413905 ], [ 30.8460485, 70.4414471 ], [ 30.846509, 70.4416635 ], [ 30.8468776, 70.4418922 ], [ 30.8468417, 70.4419327 ], [ 30.8468754, 70.4419583 ], [ 30.846904, 70.441964 ], [ 30.8474076, 70.4419714 ], [ 30.8476814, 70.4419432 ], [ 30.8477036, 70.4419327 ], [ 30.8477085, 70.441898 ], [ 30.8476443, 70.441792 ], [ 30.8477366, 70.4418008 ], [ 30.8479803, 70.4419209 ], [ 30.8480695, 70.4419497 ], [ 30.8483225, 70.4418999 ], [ 30.8484191, 70.4418706 ], [ 30.848621, 70.4417749 ], [ 30.84863, 70.4417619 ], [ 30.8485649, 70.4416801 ], [ 30.8483974, 70.4415432 ], [ 30.8482903, 70.4414771 ], [ 30.8482533, 70.4414706 ], [ 30.8482909, 70.4414049 ], [ 30.8483782, 70.4413208 ], [ 30.84867, 70.4413045 ], [ 30.8491352, 70.4412959 ], [ 30.8494834, 70.4414815 ], [ 30.8499395, 70.4413737 ], [ 30.8500256, 70.4413533 ], [ 30.8502434, 70.4413329 ], [ 30.8499396, 70.4413936 ], [ 30.8495833, 70.4414902 ], [ 30.849525, 70.4415214 ], [ 30.8496057, 70.4415375 ], [ 30.8498, 70.4416706 ], [ 30.8499394, 70.4415905 ], [ 30.8500329, 70.441537 ], [ 30.8500908, 70.4414451 ], [ 30.8501874, 70.4414168 ], [ 30.850416, 70.4415824 ], [ 30.8504238, 70.4417335 ], [ 30.8503751, 70.4417599 ], [ 30.850393, 70.4417897 ], [ 30.8504692, 70.4418785 ], [ 30.8505185, 70.4418991 ], [ 30.8505822, 70.441906 ], [ 30.8507672, 70.4418761 ], [ 30.8508976, 70.44182 ], [ 30.8511196, 70.4415881 ], [ 30.8512765, 70.4415047 ], [ 30.8513154, 70.4415051 ], [ 30.8512085, 70.441593 ], [ 30.8510291, 70.4417774 ], [ 30.8510073, 70.4419035 ], [ 30.8510934, 70.4419792 ], [ 30.8511949, 70.4420182 ], [ 30.8520963, 70.4421039 ], [ 30.8523311, 70.4421378 ], [ 30.8523729, 70.4421514 ], [ 30.8524954, 70.4421604 ], [ 30.8531287, 70.4420659 ], [ 30.8533737, 70.4420141 ], [ 30.8534648, 70.4419844 ], [ 30.8539009, 70.441947 ], [ 30.85434, 70.4419364 ], [ 30.8544677, 70.441963 ], [ 30.8545573, 70.4420043 ], [ 30.8543977, 70.4421783 ], [ 30.8540981, 70.4424553 ], [ 30.8541697, 70.4426012 ], [ 30.8547231, 70.4426589 ], [ 30.854851, 70.4426657 ], [ 30.855377, 70.4426433 ], [ 30.856203, 70.4426778 ], [ 30.8565181, 70.4426785 ], [ 30.856594, 70.4426643 ], [ 30.8565923, 70.4426439 ], [ 30.8567824, 70.4426114 ], [ 30.8571294, 70.4426694 ], [ 30.8575884, 70.4426726 ], [ 30.8576977, 70.4425577 ], [ 30.8580172, 70.4425795 ], [ 30.858048, 70.4425976 ], [ 30.8581775, 70.442635 ], [ 30.8582766, 70.4426316 ], [ 30.8583586, 70.4426203 ], [ 30.8585924, 70.4425214 ], [ 30.8585931, 70.4424721 ], [ 30.8586446, 70.4424364 ], [ 30.8587227, 70.4424486 ], [ 30.8591519, 70.442656 ], [ 30.8592091, 70.442666 ], [ 30.8592395, 70.4426472 ], [ 30.859234, 70.4425798 ], [ 30.8591844, 70.4424867 ], [ 30.8590856, 70.4424465 ], [ 30.8590368, 70.442469 ], [ 30.8590002, 70.4424019 ], [ 30.8590289, 70.4423777 ], [ 30.8591105, 70.4423701 ], [ 30.8591806, 70.4423952 ], [ 30.8593556, 70.4425497 ], [ 30.8597294, 70.4425144 ], [ 30.8599699, 70.4424752 ], [ 30.8602835, 70.4423477 ], [ 30.8601545, 70.4421434 ], [ 30.8602826, 70.4420569 ], [ 30.860422, 70.4420073 ], [ 30.8606355, 70.4420027 ], [ 30.8608564, 70.4418949 ], [ 30.8610015, 70.4418858 ], [ 30.8612042, 70.4419282 ], [ 30.86197, 70.4420206 ], [ 30.8621109, 70.4419911 ], [ 30.8622962, 70.441924 ], [ 30.8625474, 70.4417285 ], [ 30.8625393, 70.441702 ], [ 30.8623738, 70.4416489 ], [ 30.8620487, 70.4415891 ], [ 30.861863, 70.4415811 ], [ 30.8616056, 70.4415343 ], [ 30.8616796, 70.4414459 ], [ 30.8617669, 70.4414005 ], [ 30.8624603, 70.4411721 ], [ 30.8628232, 70.4411648 ], [ 30.8629003, 70.4411477 ], [ 30.8630469, 70.4410395 ], [ 30.8633903, 70.4410211 ], [ 30.8634284, 70.4410387 ], [ 30.8636183, 70.4410806 ], [ 30.8637754, 70.4410659 ], [ 30.8642842, 70.4409917 ], [ 30.8644898, 70.4409845 ], [ 30.8645753, 70.4409742 ], [ 30.8646186, 70.4409103 ], [ 30.8646093, 70.4408793 ], [ 30.8645245, 70.4408319 ], [ 30.864384, 70.4407835 ], [ 30.8643192, 70.4407759 ], [ 30.864211, 70.4406323 ], [ 30.8647864, 70.4406622 ], [ 30.8648529, 70.4406449 ], [ 30.864835, 70.4405584 ], [ 30.8646267, 70.4404113 ], [ 30.8644826, 70.4403697 ], [ 30.8645047, 70.4403363 ], [ 30.8645349, 70.4403227 ], [ 30.8646714, 70.4403005 ], [ 30.8649608, 70.4402746 ], [ 30.8652713, 70.4402524 ], [ 30.8654955, 70.4402511 ], [ 30.8655506, 70.4402752 ], [ 30.8655119, 70.4403003 ], [ 30.8655593, 70.44036 ], [ 30.865636, 70.4404073 ], [ 30.8657993, 70.44045 ], [ 30.8658568, 70.4404505 ], [ 30.865937, 70.4404304 ], [ 30.8659484, 70.4404022 ], [ 30.8659137, 70.4403626 ], [ 30.8659679, 70.4403431 ], [ 30.8661853, 70.4403765 ], [ 30.8660534, 70.4404515 ], [ 30.866079, 70.4405238 ], [ 30.866226, 70.4406435 ], [ 30.8662772, 70.4406552 ], [ 30.866404, 70.4406526 ], [ 30.8666642, 70.4405884 ], [ 30.8667969, 70.4405032 ], [ 30.8668262, 70.4404038 ], [ 30.8667728, 70.4403409 ], [ 30.8668439, 70.4403252 ], [ 30.8669914, 70.4403116 ], [ 30.8672002, 70.4403261 ], [ 30.8672398, 70.4403828 ], [ 30.8673421, 70.440389 ], [ 30.8676301, 70.440284 ], [ 30.8676855, 70.4402477 ], [ 30.8680208, 70.439804 ], [ 30.8683876, 70.4396402 ], [ 30.8686341, 70.4396152 ], [ 30.8688657, 70.4396078 ], [ 30.8697988, 70.4395962 ], [ 30.8700586, 70.4397141 ], [ 30.8702549, 70.4397204 ], [ 30.870606, 70.4396106 ], [ 30.8706855, 70.4395686 ], [ 30.8706834, 70.4395084 ], [ 30.8705744, 70.4393965 ], [ 30.8702859, 70.4394956 ], [ 30.8703061, 70.4391993 ], [ 30.8703759, 70.439141 ], [ 30.8704345, 70.439118 ], [ 30.8708989, 70.4389936 ], [ 30.8713005, 70.438911 ], [ 30.8718319, 70.4388389 ], [ 30.872157, 70.4388156 ], [ 30.8729613, 70.4388047 ], [ 30.8733015, 70.4388162 ], [ 30.8740684, 70.4388603 ], [ 30.8750087, 70.4389446 ], [ 30.8756261, 70.4390563 ], [ 30.8769234, 70.4393307 ], [ 30.8774214, 70.4394507 ], [ 30.877969, 70.4396352 ], [ 30.8780412, 70.4396644 ], [ 30.8781216, 70.4397187 ], [ 30.8784148, 70.4398542 ], [ 30.8785315, 70.4399213 ], [ 30.8786042, 70.4399764 ], [ 30.8787288, 70.4401153 ], [ 30.8787805, 70.4402354 ], [ 30.878672, 70.4403184 ], [ 30.8783766, 70.4404062 ], [ 30.8783888, 70.4404724 ], [ 30.8784787, 70.4405582 ], [ 30.8788208, 70.4407328 ], [ 30.8788677, 70.4407441 ], [ 30.8789447, 70.4407462 ], [ 30.8791476, 70.4406843 ], [ 30.8792355, 70.4407165 ], [ 30.8794336, 70.4408193 ], [ 30.8794622, 70.4408589 ], [ 30.8794545, 70.4408688 ], [ 30.879175, 70.4409185 ], [ 30.8790457, 70.4409166 ], [ 30.8789549, 70.4410096 ], [ 30.8793704, 70.4410221 ], [ 30.8796445, 70.4410467 ], [ 30.8798496, 70.4410926 ], [ 30.8805811, 70.4414459 ], [ 30.8806372, 70.4416129 ], [ 30.8806108, 70.4417402 ], [ 30.8808799, 70.4417476 ], [ 30.8814803, 70.4417306 ], [ 30.8817099, 70.4417448 ], [ 30.8813383, 70.4417777 ], [ 30.881346, 70.4419269 ], [ 30.881416, 70.4419544 ], [ 30.8817327, 70.4419302 ], [ 30.8818778, 70.4418978 ], [ 30.8818978, 70.4419458 ], [ 30.8818743, 70.4420413 ], [ 30.8819129, 70.4420498 ], [ 30.8821054, 70.4420573 ], [ 30.8822105, 70.4420515 ], [ 30.8823489, 70.4420092 ], [ 30.8825711, 70.4419179 ], [ 30.8826586, 70.4418462 ], [ 30.8829652, 70.4419632 ], [ 30.8829095, 70.4420663 ], [ 30.8827584, 70.4420617 ], [ 30.882608, 70.4421003 ], [ 30.8826323, 70.4421361 ], [ 30.8832552, 70.4421666 ], [ 30.8847677, 70.4422984 ], [ 30.8848537, 70.4423342 ], [ 30.8847477, 70.4423383 ], [ 30.8846554, 70.4423505 ], [ 30.8844877, 70.4423961 ], [ 30.8844795, 70.4424262 ], [ 30.8846868, 70.4424732 ], [ 30.8850142, 70.4424913 ], [ 30.8852048, 70.4425601 ], [ 30.8851667, 70.4425905 ], [ 30.8850908, 70.4425518 ], [ 30.8849139, 70.442509 ], [ 30.8848265, 70.4424946 ], [ 30.8847102, 70.4424893 ], [ 30.8845846, 70.4425031 ], [ 30.8845819, 70.4425634 ], [ 30.884612, 70.4425903 ], [ 30.8847378, 70.4426324 ], [ 30.8850691, 70.4426356 ], [ 30.8852084, 70.4426898 ], [ 30.8852436, 70.442751 ], [ 30.8852206, 70.4427598 ], [ 30.8857033, 70.4428502 ], [ 30.8861313, 70.4429057 ], [ 30.8869776, 70.4429785 ], [ 30.887088, 70.4429826 ], [ 30.8871755, 70.4429792 ], [ 30.8873614, 70.4429125 ], [ 30.8873521, 70.4428851 ], [ 30.8872008, 70.4428739 ], [ 30.8872203, 70.4428673 ], [ 30.8874508, 70.4428611 ], [ 30.8875454, 70.4428983 ], [ 30.8875924, 70.442928 ], [ 30.8876507, 70.4429957 ], [ 30.8876365, 70.4430714 ], [ 30.8877553, 70.4432167 ], [ 30.8883404, 70.443386 ], [ 30.8885513, 70.4435018 ], [ 30.8885983, 70.443614 ], [ 30.8885767, 70.4436259 ], [ 30.8884169, 70.443647 ], [ 30.8883433, 70.4436364 ], [ 30.8883422, 70.4436072 ], [ 30.8881093, 70.4436157 ], [ 30.8877256, 70.4437104 ], [ 30.8875234, 70.4437732 ], [ 30.8874989, 70.4437894 ], [ 30.8874851, 70.4438409 ], [ 30.8875505, 70.443858 ], [ 30.8876819, 70.4438585 ], [ 30.887715, 70.4438456 ], [ 30.8882141, 70.4438514 ], [ 30.8886447, 70.443957 ], [ 30.888902, 70.4440692 ], [ 30.888262, 70.4442356 ], [ 30.8879542, 70.4445212 ], [ 30.8879607, 70.4445486 ], [ 30.8880186, 70.4445812 ], [ 30.8880986, 70.4446019 ], [ 30.88819, 70.4445999 ], [ 30.8884108, 70.4445769 ], [ 30.8887521, 70.4444592 ], [ 30.8891447, 70.4443409 ], [ 30.8891681, 70.4443626 ], [ 30.8890149, 70.444458 ], [ 30.8886115, 70.4447534 ], [ 30.888588, 70.4447833 ], [ 30.8886223, 70.4448269 ], [ 30.8888199, 70.4448107 ], [ 30.8892978, 70.4446783 ], [ 30.889701, 70.4445325 ], [ 30.8898631, 70.4444587 ], [ 30.8903567, 70.4443681 ], [ 30.8906435, 70.4443678 ], [ 30.890683, 70.4443771 ], [ 30.890694, 70.4443905 ], [ 30.890252, 70.4446656 ], [ 30.8907708, 70.4448214 ], [ 30.8908298, 70.4448272 ], [ 30.8908886, 70.4448168 ], [ 30.8909908, 70.4447818 ], [ 30.891302, 70.4446511 ], [ 30.8915604, 70.4445622 ], [ 30.8916083, 70.4445614 ], [ 30.8916664, 70.4445967 ], [ 30.891658, 70.4446138 ], [ 30.8913409, 70.4449233 ], [ 30.8917884, 70.444838 ], [ 30.8919961, 70.4447792 ], [ 30.8921069, 70.4448708 ], [ 30.89174, 70.4450753 ], [ 30.8917157, 70.445119 ], [ 30.8917483, 70.4451318 ], [ 30.8919908, 70.4451093 ], [ 30.8922198, 70.4450527 ], [ 30.8922278, 70.4450221 ], [ 30.8921876, 70.4449984 ], [ 30.8922842, 70.444844 ], [ 30.8923583, 70.4447876 ], [ 30.892435, 70.4448797 ], [ 30.8924205, 70.444908 ], [ 30.8927222, 70.444966 ], [ 30.8930499, 70.4450151 ], [ 30.8933771, 70.444979 ], [ 30.8933481, 70.4449694 ], [ 30.8933786, 70.4449555 ], [ 30.8934551, 70.4449277 ], [ 30.8935308, 70.4449125 ], [ 30.8937695, 70.4449025 ], [ 30.893944, 70.4449091 ], [ 30.8940608, 70.4449327 ], [ 30.8940608, 70.444984 ], [ 30.8940377, 70.4449996 ], [ 30.8943775, 70.4450352 ], [ 30.8945527, 70.4450459 ], [ 30.8947597, 70.4450734 ], [ 30.8950319, 70.4451327 ], [ 30.8952429, 70.4452266 ], [ 30.895261, 70.4453688 ], [ 30.8949887, 70.4455043 ], [ 30.8947446, 70.4456441 ], [ 30.8947755, 70.4456802 ], [ 30.8948155, 70.4456884 ], [ 30.8948925, 70.4457525 ], [ 30.8949453, 70.4458256 ], [ 30.8950534, 70.4458293 ], [ 30.8951251, 70.4458586 ], [ 30.8951017, 70.4458841 ], [ 30.8950719, 70.4458855 ], [ 30.89504, 70.4459042 ], [ 30.8949403, 70.4459954 ], [ 30.8948324, 70.4461422 ], [ 30.8948575, 70.4462481 ], [ 30.8948837, 70.4462814 ], [ 30.8949763, 70.4463184 ], [ 30.8953252, 70.4463574 ], [ 30.8953507, 70.4463541 ], [ 30.8955034, 70.446256 ], [ 30.8956143, 70.4461639 ], [ 30.8954734, 70.4459481 ], [ 30.8955379, 70.4458928 ], [ 30.8958215, 70.4458186 ], [ 30.89633, 70.445834 ], [ 30.8965651, 70.4458614 ], [ 30.8969781, 70.4459404 ], [ 30.8967542, 70.4461147 ], [ 30.8972184, 70.4460895 ], [ 30.8972953, 70.4460511 ], [ 30.8974378, 70.446015 ], [ 30.8977118, 70.4460405 ], [ 30.8978646, 70.4460699 ], [ 30.8981121, 70.4461626 ], [ 30.8981205, 70.4462027 ], [ 30.8978794, 70.446356 ], [ 30.8979162, 70.4463755 ], [ 30.898096, 70.4463818 ], [ 30.8982064, 70.4463653 ], [ 30.8983034, 70.4463334 ], [ 30.8983973, 70.4462832 ], [ 30.8986215, 70.4461414 ], [ 30.8986581, 70.4461347 ], [ 30.8986987, 70.4461413 ], [ 30.8987096, 70.4461955 ], [ 30.8985376, 70.4463363 ], [ 30.8984055, 70.4463789 ], [ 30.8981302, 70.4465213 ], [ 30.8981359, 70.446535 ], [ 30.8982468, 70.4465686 ], [ 30.8983079, 70.4465684 ], [ 30.8984173, 70.446539 ], [ 30.8984545, 70.4464948 ], [ 30.899245, 70.4463287 ], [ 30.8994454, 70.4464111 ], [ 30.8993309, 70.4465558 ], [ 30.8994268, 70.4465653 ], [ 30.8995725, 70.4465659 ], [ 30.8996769, 70.4465502 ], [ 30.8997076, 70.4466188 ], [ 30.8998214, 70.4466615 ], [ 30.8999176, 70.4467593 ], [ 30.8998139, 70.446943 ], [ 30.8999378, 70.4469388 ], [ 30.9001334, 70.4469321 ], [ 30.9002938, 70.4468301 ], [ 30.9001223, 70.4468362 ], [ 30.9002692, 70.4467292 ], [ 30.9002948, 70.4467233 ], [ 30.9004884, 70.4467458 ], [ 30.9003499, 70.4470592 ], [ 30.9007837, 70.4470798 ], [ 30.9018346, 70.4471519 ], [ 30.9015957, 70.4472589 ], [ 30.9015378, 70.447338 ], [ 30.9016998, 70.4473956 ], [ 30.9018053, 70.4473939 ], [ 30.902206, 70.4473566 ], [ 30.9022727, 70.4473399 ], [ 30.9024318, 70.4472433 ], [ 30.9024317, 70.4472346 ], [ 30.9020508, 70.4471754 ], [ 30.9020365, 70.4471569 ], [ 30.9020537, 70.4471519 ], [ 30.9024408, 70.4470783 ], [ 30.9028401, 70.4471218 ], [ 30.9029239, 70.4471417 ], [ 30.9030074, 70.4471818 ], [ 30.9030454, 70.4472193 ], [ 30.9030346, 70.4472378 ], [ 30.9028969, 70.4472698 ], [ 30.9028357, 70.4473467 ], [ 30.902599, 70.4474798 ], [ 30.9024519, 70.4475146 ], [ 30.9030222, 70.4475498 ], [ 30.9035492, 70.447511 ], [ 30.9049093, 70.4474515 ], [ 30.9049114, 70.4474573 ], [ 30.9046235, 70.4474785 ], [ 30.9044373, 70.4475008 ], [ 30.9042129, 70.4475497 ], [ 30.9041981, 70.4475628 ], [ 30.9043677, 70.4476105 ], [ 30.9045352, 70.4476215 ], [ 30.9053841, 70.447551 ], [ 30.9054509, 70.4475342 ], [ 30.9055512, 70.4474661 ], [ 30.9056695, 70.4473294 ], [ 30.9056514, 70.447307 ], [ 30.9055781, 70.4472863 ], [ 30.9055139, 70.4472822 ], [ 30.9051479, 70.4472916 ], [ 30.9050703, 70.4473012 ], [ 30.9050253, 70.4472932 ], [ 30.9052556, 70.4472228 ], [ 30.9053912, 70.4471302 ], [ 30.9054172, 70.4470401 ], [ 30.9053746, 70.4470076 ], [ 30.9053775, 70.446994 ], [ 30.9055903, 70.4469416 ], [ 30.9057613, 70.4469164 ], [ 30.906245, 70.4468814 ], [ 30.9064431, 70.4468737 ], [ 30.906713, 70.4468754 ], [ 30.9073472, 70.4469114 ], [ 30.9080315, 70.4470098 ], [ 30.9079581, 70.4470857 ], [ 30.9079125, 70.4471902 ], [ 30.9081671, 70.4471315 ], [ 30.9083015, 70.447064 ], [ 30.9084718, 70.4470839 ], [ 30.9084396, 70.4471274 ], [ 30.9082923, 70.4472246 ], [ 30.9081559, 70.4472934 ], [ 30.9082567, 70.4473406 ], [ 30.9086949, 70.4471332 ], [ 30.9088822, 70.4471176 ], [ 30.9089471, 70.4471417 ], [ 30.9089462, 70.4472422 ], [ 30.9087903, 70.4474515 ], [ 30.9087937, 70.4474874 ], [ 30.9088342, 70.4475182 ], [ 30.9089255, 70.4474863 ], [ 30.9090006, 70.4474304 ], [ 30.9093997, 70.4472614 ], [ 30.9094578, 70.4472505 ], [ 30.9094992, 70.4472561 ], [ 30.9095045, 70.4472761 ], [ 30.9092596, 70.4474898 ], [ 30.9091478, 70.4475744 ], [ 30.9091227, 70.4475737 ], [ 30.909039, 70.4476418 ], [ 30.909004, 70.4477152 ], [ 30.9091467, 70.4478216 ], [ 30.909185, 70.4478287 ], [ 30.9096417, 70.4476905 ], [ 30.9099185, 70.447464 ], [ 30.9097497, 70.4477597 ], [ 30.9098595, 70.4479111 ], [ 30.909882, 70.4479127 ], [ 30.9101568, 70.4477339 ], [ 30.9104932, 70.4476213 ], [ 30.9106248, 70.4477881 ], [ 30.9108985, 70.447771 ], [ 30.9109673, 70.4478261 ], [ 30.910947, 70.4478801 ], [ 30.9109604, 70.4480499 ], [ 30.9109644, 70.4480586 ], [ 30.9109998, 70.4480646 ], [ 30.91124, 70.4478698 ], [ 30.9113085, 70.4477681 ], [ 30.9114797, 70.4475761 ], [ 30.9115628, 70.4474894 ], [ 30.9116045, 70.4474804 ], [ 30.9116065, 70.4475029 ], [ 30.9114277, 70.447725 ], [ 30.9112791, 70.4479747 ], [ 30.9113057, 70.44801 ], [ 30.9113584, 70.448025 ], [ 30.9113994, 70.4480236 ], [ 30.9114665, 70.4479832 ], [ 30.9115497, 70.4479036 ], [ 30.9116389, 70.4477797 ], [ 30.9118435, 70.4475988 ], [ 30.9119793, 70.4475688 ], [ 30.9119824, 70.447709 ], [ 30.911803, 70.4479069 ], [ 30.9117378, 70.4479392 ], [ 30.9117014, 70.4480174 ], [ 30.9117081, 70.4480408 ], [ 30.9117856, 70.4480879 ], [ 30.9118514, 70.4480907 ], [ 30.9119041, 70.4480776 ], [ 30.9119755, 70.4480417 ], [ 30.9120823, 70.447943 ], [ 30.9122042, 70.4479614 ], [ 30.9124029, 70.4479283 ], [ 30.9128931, 70.4477589 ], [ 30.912955, 70.4477497 ], [ 30.912978, 70.4477625 ], [ 30.9128356, 70.4480685 ], [ 30.9130757, 70.4480254 ], [ 30.9134603, 70.4478806 ], [ 30.9136279, 70.4476924 ], [ 30.9138097, 70.4476349 ], [ 30.9140245, 70.4475836 ], [ 30.9141691, 70.4475863 ], [ 30.914188, 70.4475954 ], [ 30.9148786, 70.4477069 ], [ 30.9153558, 70.4478939 ], [ 30.9158648, 70.4480167 ], [ 30.9160774, 70.4480763 ], [ 30.9160677, 70.4481055 ], [ 30.9160906, 70.4481185 ], [ 30.9163712, 70.4481737 ], [ 30.9164183, 70.4481722 ], [ 30.9165218, 70.4481392 ], [ 30.9167226, 70.4480159 ], [ 30.9167064, 70.4478859 ], [ 30.9170999, 70.4477794 ], [ 30.9171594, 70.4477754 ], [ 30.9172428, 70.4477978 ], [ 30.9170854, 70.4478938 ], [ 30.9170231, 70.4479778 ], [ 30.917102, 70.4480109 ], [ 30.917407, 70.4480626 ], [ 30.917757, 70.4480024 ], [ 30.9180769, 70.4479301 ], [ 30.9181349, 70.4479509 ], [ 30.9180745, 70.4480442 ], [ 30.9178444, 70.4481035 ], [ 30.917673, 70.4481709 ], [ 30.917641, 70.4481991 ], [ 30.9176473, 70.4482638 ], [ 30.9177651, 70.4482696 ], [ 30.9180142, 70.4482174 ], [ 30.9182441, 70.4481488 ], [ 30.9184323, 70.4481435 ], [ 30.9181138, 70.4483185 ], [ 30.9179095, 70.4483814 ], [ 30.9177411, 70.4484568 ], [ 30.917994, 70.4484943 ], [ 30.918115, 70.4484937 ], [ 30.9184769, 70.4484232 ], [ 30.9191701, 70.4483213 ], [ 30.9194537, 70.4483163 ], [ 30.9190367, 70.4485772 ], [ 30.9192207, 70.4486282 ], [ 30.9195958, 70.4486114 ], [ 30.9196474, 70.4485899 ], [ 30.919988, 70.448528 ], [ 30.9200891, 70.4485208 ], [ 30.9202801, 70.4485377 ], [ 30.9197595, 70.448709 ], [ 30.9197537, 70.4487758 ], [ 30.9199123, 70.4489169 ], [ 30.9200924, 70.4489287 ], [ 30.9202404, 70.4489254 ], [ 30.9205487, 70.4488947 ], [ 30.9210929, 70.4487603 ], [ 30.9212859, 70.4486413 ], [ 30.9220987, 70.4484856 ], [ 30.9224068, 70.4484619 ], [ 30.9224287, 70.4484661 ], [ 30.9224581, 70.4485268 ], [ 30.9224453, 70.4485515 ], [ 30.9221607, 70.4486021 ], [ 30.921996, 70.4486637 ], [ 30.9219686, 70.4487465 ], [ 30.9220075, 70.448762 ], [ 30.9226562, 70.4487626 ], [ 30.9233591, 70.4487062 ], [ 30.923798, 70.4485395 ], [ 30.9238586, 70.4485317 ], [ 30.9241122, 70.4485841 ], [ 30.9241753, 70.4486214 ], [ 30.9234445, 70.4488604 ], [ 30.9229538, 70.449046 ], [ 30.9230276, 70.4490646 ], [ 30.9231742, 70.449074 ], [ 30.9232446, 70.4490695 ], [ 30.9238695, 70.448918 ], [ 30.9241431, 70.4488297 ], [ 30.9239868, 70.4489403 ], [ 30.9236662, 70.4490551 ], [ 30.9236442, 70.4491064 ], [ 30.9237792, 70.4491329 ], [ 30.9241813, 70.4491255 ], [ 30.9243238, 70.4491696 ], [ 30.9244962, 70.4493005 ], [ 30.9245609, 70.449312 ], [ 30.9251161, 70.449181 ], [ 30.9250537, 70.4492789 ], [ 30.9248686, 70.4494885 ], [ 30.9249642, 70.4494849 ], [ 30.9252604, 70.4494493 ], [ 30.9255902, 70.4493516 ], [ 30.9261218, 70.4491678 ], [ 30.92633, 70.4491558 ], [ 30.9263809, 70.4491601 ], [ 30.926453, 70.4491793 ], [ 30.9264526, 70.4491891 ], [ 30.9261474, 70.4492718 ], [ 30.9253925, 70.4495124 ], [ 30.925329, 70.4495884 ], [ 30.9255708, 70.449566 ], [ 30.9256874, 70.4495129 ], [ 30.925785, 70.449491 ], [ 30.9259696, 70.4494596 ], [ 30.9261016, 70.4494476 ], [ 30.9256434, 70.4496379 ], [ 30.9254324, 70.4497709 ], [ 30.9255643, 70.4498141 ], [ 30.9260649, 70.4497217 ], [ 30.9261727, 70.449714 ], [ 30.9262256, 70.4497175 ], [ 30.9261958, 70.4497785 ], [ 30.9261278, 70.4498333 ], [ 30.9256781, 70.449994 ], [ 30.9256802, 70.4500007 ], [ 30.9256809, 70.4500033 ], [ 30.9257177, 70.4500007 ], [ 30.9259534, 70.449984 ], [ 30.9266837, 70.4498734 ], [ 30.9272296, 70.4497691 ], [ 30.9273364, 70.4497452 ], [ 30.9273801, 70.4497055 ], [ 30.9276056, 70.4496566 ], [ 30.9277384, 70.4496397 ], [ 30.9277417, 70.4496479 ], [ 30.9269051, 70.4500006 ], [ 30.9262946, 70.4502581 ], [ 30.9265182, 70.4502938 ], [ 30.9281306, 70.4501449 ], [ 30.9285196, 70.4500782 ], [ 30.928841, 70.4500006 ], [ 30.9290478, 70.4499507 ], [ 30.9296215, 70.4497974 ], [ 30.9295939, 70.4496868 ], [ 30.9295121, 70.4496808 ], [ 30.9293387, 70.4496254 ], [ 30.9292564, 70.4495965 ], [ 30.9292694, 70.4495827 ], [ 30.9293973, 70.4495354 ], [ 30.929831, 70.4494941 ], [ 30.9299953, 70.4494814 ], [ 30.9301645, 70.4495006 ], [ 30.9302259, 70.4494991 ], [ 30.9303946, 70.4494792 ], [ 30.9306016, 70.4493989 ], [ 30.9305311, 70.449369 ], [ 30.9305675, 70.449319 ], [ 30.9307197, 70.4492394 ], [ 30.9307778, 70.4492213 ], [ 30.9308563, 70.4492148 ], [ 30.9308959, 70.4492409 ], [ 30.9313065, 70.4493553 ], [ 30.9317981, 70.4493456 ], [ 30.9325663, 70.4492296 ], [ 30.9326268, 70.4491976 ], [ 30.9326076, 70.4491707 ], [ 30.9323698, 70.4491963 ], [ 30.9321144, 70.4492366 ], [ 30.931781, 70.4492559 ], [ 30.9319554, 70.4492249 ], [ 30.9332667, 70.4490502 ], [ 30.9338444, 70.4488098 ], [ 30.9338393, 70.4487106 ], [ 30.9332259, 70.4488055 ], [ 30.9331638, 70.4488031 ], [ 30.9330687, 70.4487699 ], [ 30.9332612, 70.4487306 ], [ 30.9333522, 70.448726 ], [ 30.93363, 70.4486758 ], [ 30.9337192, 70.4486151 ], [ 30.9336415, 70.4485881 ], [ 30.9333773, 70.4486156 ], [ 30.9334326, 70.4484459 ], [ 30.9339906, 70.4483828 ], [ 30.9349134, 70.4483314 ], [ 30.935024, 70.4483667 ], [ 30.9351231, 70.4483213 ], [ 30.934981, 70.4481938 ], [ 30.9351094, 70.4481575 ], [ 30.9352819, 70.4481784 ], [ 30.9357192, 70.4481657 ], [ 30.9357923, 70.4480688 ], [ 30.9358512, 70.4480417 ], [ 30.9359192, 70.4480298 ], [ 30.93623, 70.4480118 ], [ 30.936379, 70.4480897 ], [ 30.9363473, 70.448099 ], [ 30.9363195, 70.4480974 ], [ 30.9362038, 70.4480548 ], [ 30.9360986, 70.4480621 ], [ 30.9360691, 70.4480913 ], [ 30.9362333, 70.4481777 ], [ 30.9364368, 70.4482152 ], [ 30.9365793, 70.448161 ], [ 30.9364077, 70.4480457 ], [ 30.9363528, 70.4479509 ], [ 30.9366132, 70.4479167 ], [ 30.9368833, 70.4480184 ], [ 30.9371897, 70.4480662 ], [ 30.937691, 70.4480102 ], [ 30.9379294, 70.4479515 ], [ 30.938316, 70.4479153 ], [ 30.9385649, 70.4478997 ], [ 30.9390535, 70.4478777 ], [ 30.939183, 70.4479007 ], [ 30.9387391, 70.447944 ], [ 30.9387266, 70.4479748 ], [ 30.9389177, 70.4479887 ], [ 30.9408623, 70.4478817 ], [ 30.9416534, 70.447797 ], [ 30.9425585, 70.4476578 ], [ 30.9432636, 70.4475162 ], [ 30.9439035, 70.4474286 ], [ 30.9441249, 70.4474444 ], [ 30.9442755, 70.4474154 ], [ 30.9446706, 70.4473189 ], [ 30.9448536, 70.4472532 ], [ 30.94487, 70.4472448 ], [ 30.9448496, 70.4472349 ], [ 30.944826, 70.4472327 ], [ 30.9443003, 70.4473044 ], [ 30.9442603, 70.4473057 ], [ 30.9442505, 70.447299 ], [ 30.9442928, 70.4472346 ], [ 30.9445994, 70.4472049 ], [ 30.9448173, 70.447203 ], [ 30.944385, 70.4471614 ], [ 30.9444477, 70.4470464 ], [ 30.9447891, 70.446958 ], [ 30.9447011, 70.4469004 ], [ 30.9447319, 70.4468838 ], [ 30.9449321, 70.4468385 ], [ 30.9455617, 70.4467769 ], [ 30.945782, 70.4467697 ], [ 30.9459302, 70.4467314 ], [ 30.9459887, 70.4466518 ], [ 30.9459435, 70.4466502 ], [ 30.9446292, 70.4467674 ], [ 30.9445988, 70.4467536 ], [ 30.9446108, 70.4467241 ], [ 30.9447272, 70.4465952 ], [ 30.9449001, 70.446551 ], [ 30.945921, 70.4464635 ], [ 30.9462671, 70.4464177 ], [ 30.9460541, 70.4463331 ], [ 30.9455737, 70.4462894 ], [ 30.9460044, 70.446173 ], [ 30.9464148, 70.4461268 ], [ 30.9466901, 70.4460827 ], [ 30.9466152, 70.4460373 ], [ 30.9464192, 70.4460211 ], [ 30.9463557, 70.4459987 ], [ 30.9463784, 70.4459793 ], [ 30.9466649, 70.4458912 ], [ 30.946984, 70.4458937 ], [ 30.947586, 70.4458303 ], [ 30.9479761, 70.4457518 ], [ 30.9480103, 70.4457105 ], [ 30.9478907, 70.4457035 ], [ 30.9474628, 70.4457603 ], [ 30.9469596, 70.4458107 ], [ 30.9469569, 70.445771 ], [ 30.9472857, 70.4457178 ], [ 30.9478704, 70.4456004 ], [ 30.9479449, 70.4455454 ], [ 30.9482152, 70.4454167 ], [ 30.9484555, 70.445365 ], [ 30.9488631, 70.4452941 ], [ 30.949275, 70.445245 ], [ 30.9498494, 70.4451891 ], [ 30.9499357, 70.445191 ], [ 30.9502765, 70.4451987 ], [ 30.9503361, 70.4452111 ], [ 30.9503465, 70.445261 ], [ 30.951225, 70.4451637 ], [ 30.9516586, 70.445187 ], [ 30.9521478, 70.4451204 ], [ 30.952746, 70.4449824 ], [ 30.9530631, 70.4449326 ], [ 30.9532955, 70.4449053 ], [ 30.9543679, 70.4447258 ], [ 30.9543955, 70.4446994 ], [ 30.9542111, 70.444641 ], [ 30.9540312, 70.444625 ], [ 30.9533687, 70.4445924 ], [ 30.9533519, 70.444566 ], [ 30.9533761, 70.4445353 ], [ 30.953426, 70.4445218 ], [ 30.9542509, 70.4444255 ], [ 30.9543478, 70.4443964 ], [ 30.9541215, 70.4444129 ], [ 30.9539132, 70.4444158 ], [ 30.9539189, 70.4444088 ], [ 30.9541641, 70.4443694 ], [ 30.9550853, 70.4442771 ], [ 30.9540257, 70.4443312 ], [ 30.9540016, 70.4443225 ], [ 30.953986, 70.4442701 ], [ 30.9540464, 70.4442306 ], [ 30.954216, 70.4441905 ], [ 30.9546457, 70.4441262 ], [ 30.9547054, 70.4440837 ], [ 30.9542533, 70.4441151 ], [ 30.9543003, 70.4439466 ], [ 30.9543925, 70.4438141 ], [ 30.9546709, 70.4437165 ], [ 30.9553544, 70.4436129 ], [ 30.9555944, 70.4435451 ], [ 30.9556047, 70.44349 ], [ 30.9556799, 70.4433944 ], [ 30.9557588, 70.4433158 ], [ 30.9558327, 70.4432981 ], [ 30.9560702, 70.4432622 ], [ 30.9563499, 70.4432603 ], [ 30.9569431, 70.443285 ], [ 30.957178, 70.4433011 ], [ 30.9577681, 70.4433673 ], [ 30.9580084, 70.4434049 ], [ 30.9581283, 70.4433889 ], [ 30.9577493, 70.4433079 ], [ 30.9573652, 70.4432497 ], [ 30.9570302, 70.4431822 ], [ 30.9569284, 70.4430914 ], [ 30.9570182, 70.4430019 ], [ 30.9575718, 70.4429846 ], [ 30.9576071, 70.4429479 ], [ 30.9577173, 70.4428926 ], [ 30.9583156, 70.4427192 ], [ 30.9585242, 70.4427082 ], [ 30.9586338, 70.4426887 ], [ 30.9585619, 70.4426246 ], [ 30.9581763, 70.4425989 ], [ 30.9577451, 70.4425847 ], [ 30.9577392, 70.4425485 ], [ 30.957792, 70.4425232 ], [ 30.9583796, 70.4424948 ], [ 30.9585897, 70.4424982 ], [ 30.9585925, 70.4425165 ], [ 30.9585534, 70.4425289 ], [ 30.9589164, 70.442563 ], [ 30.9594431, 70.4425534 ], [ 30.9597639, 70.4425323 ], [ 30.9597432, 70.4424996 ], [ 30.9594332, 70.4424783 ], [ 30.9592854, 70.4424815 ], [ 30.959097, 70.4425051 ], [ 30.9586922, 70.4425176 ], [ 30.9586802, 70.4425129 ], [ 30.9587015, 70.4425034 ], [ 30.9590594, 70.4424627 ], [ 30.959356, 70.4424603 ], [ 30.9603795, 70.4424739 ], [ 30.9605931, 70.4424499 ], [ 30.9605283, 70.4423655 ], [ 30.9599812, 70.4423148 ], [ 30.9597858, 70.4422826 ], [ 30.9598045, 70.442187 ], [ 30.959867, 70.4421306 ], [ 30.9602111, 70.4420824 ], [ 30.9603588, 70.4420766 ], [ 30.9608817, 70.4420898 ], [ 30.9612712, 70.4420676 ], [ 30.9614155, 70.4420401 ], [ 30.9614214, 70.4420299 ], [ 30.9613513, 70.4419712 ], [ 30.9609255, 70.4418594 ], [ 30.9605735, 70.4418323 ], [ 30.9603186, 70.4418524 ], [ 30.9601988, 70.4418393 ], [ 30.9602484, 70.441706 ], [ 30.9603354, 70.4416001 ], [ 30.9605061, 70.4414884 ], [ 30.9606331, 70.441437 ], [ 30.9608801, 70.4413605 ], [ 30.9611758, 70.441402 ], [ 30.961201, 70.441432 ], [ 30.9614158, 70.4415104 ], [ 30.9616119, 70.4415431 ], [ 30.961702, 70.4415432 ], [ 30.961821, 70.4415227 ], [ 30.961867, 70.4414834 ], [ 30.9617299, 70.4414448 ], [ 30.9615987, 70.4414399 ], [ 30.9615362, 70.4413858 ], [ 30.9617772, 70.4412772 ], [ 30.9620671, 70.4413661 ], [ 30.9621763, 70.4413722 ], [ 30.9623462, 70.4413436 ], [ 30.962624, 70.4412799 ], [ 30.9626506, 70.4412341 ], [ 30.96324, 70.4411968 ], [ 30.9628426, 70.4410191 ], [ 30.963161, 70.4410726 ], [ 30.9636947, 70.4410858 ], [ 30.9637611, 70.4410188 ], [ 30.9636471, 70.4409375 ], [ 30.9634719, 70.4408956 ], [ 30.9631058, 70.4407398 ], [ 30.9632511, 70.4405787 ], [ 30.964057, 70.4405135 ], [ 30.964021, 70.4405816 ], [ 30.9641127, 70.4406208 ], [ 30.9641912, 70.4406278 ], [ 30.964942, 70.4405079 ], [ 30.9650394, 70.4405041 ], [ 30.9652832, 70.4406266 ], [ 30.9656049, 70.4408357 ], [ 30.965798, 70.4409079 ], [ 30.965934, 70.4409281 ], [ 30.9659465, 70.4408647 ], [ 30.9663076, 70.4409217 ], [ 30.966688, 70.4410271 ], [ 30.9667881, 70.4410377 ], [ 30.9670553, 70.4410343 ], [ 30.9671916, 70.4409347 ], [ 30.9672512, 70.4408661 ], [ 30.9673693, 70.4406161 ], [ 30.9673015, 70.4401696 ], [ 30.9672383, 70.4400235 ], [ 30.9671354, 70.4399042 ], [ 30.9671084, 70.43988 ], [ 30.9666112, 70.4397672 ], [ 30.9664699, 70.439746 ], [ 30.9661356, 70.4397134 ], [ 30.9660494, 70.4396662 ], [ 30.9661519, 70.4396358 ], [ 30.9660503, 70.439551 ], [ 30.9657815, 70.4393713 ], [ 30.965417, 70.439288 ], [ 30.9657106, 70.4391299 ], [ 30.9657081, 70.4389508 ], [ 30.9655269, 70.4388182 ], [ 30.9654554, 70.4387938 ], [ 30.9651973, 70.438783 ], [ 30.964821, 70.4388107 ], [ 30.964839, 70.4386035 ], [ 30.9650371, 70.4385394 ], [ 30.9650389, 70.4385595 ], [ 30.965071, 70.438575 ], [ 30.9651572, 70.4385951 ], [ 30.965247, 70.4385979 ], [ 30.9656892, 70.4385816 ], [ 30.9667072, 70.4385118 ], [ 30.9667856, 70.4384992 ], [ 30.9669969, 70.4384256 ], [ 30.9670188, 70.4384039 ], [ 30.9656038, 70.438391 ], [ 30.9655665, 70.4383838 ], [ 30.9655616, 70.4383759 ], [ 30.9660984, 70.4382604 ], [ 30.9664436, 70.4382312 ], [ 30.9665929, 70.4381745 ], [ 30.966492, 70.4380938 ], [ 30.9663875, 70.4380407 ], [ 30.9656489, 70.4380049 ], [ 30.9655909, 70.4379428 ], [ 30.9657554, 70.4379233 ], [ 30.9658269, 70.437901 ], [ 30.9658322, 70.4378262 ], [ 30.9656911, 70.4376131 ], [ 30.9660371, 70.4374982 ], [ 30.9665535, 70.4375196 ], [ 30.9665511, 70.437545 ], [ 30.9666025, 70.4375623 ], [ 30.9671126, 70.4376063 ], [ 30.967549, 70.437615 ], [ 30.9680325, 70.437591 ], [ 30.9686039, 70.4374846 ], [ 30.9690166, 70.4373308 ], [ 30.9691295, 70.43728 ], [ 30.9683111, 70.4372973 ], [ 30.967905, 70.4372861 ], [ 30.9671717, 70.4372054 ], [ 30.9671189, 70.4371899 ], [ 30.9671003, 70.4371719 ], [ 30.9671167, 70.4371404 ], [ 30.9671845, 70.437116 ], [ 30.9673453, 70.437131 ], [ 30.9674163, 70.4371445 ], [ 30.9679022, 70.4371602 ], [ 30.9683219, 70.4371248 ], [ 30.9687465, 70.4370791 ], [ 30.9697654, 70.4366546 ], [ 30.969693, 70.436552 ], [ 30.9693918, 70.4365212 ], [ 30.9687218, 70.4365141 ], [ 30.9678301, 70.4365345 ], [ 30.967191, 70.4364988 ], [ 30.9671769, 70.4364865 ], [ 30.9670187, 70.4364592 ], [ 30.9663904, 70.4363694 ], [ 30.9663436, 70.4363767 ], [ 30.9663253, 70.436426 ], [ 30.966222, 70.4364437 ], [ 30.9659409, 70.4364192 ], [ 30.9656723, 70.4363442 ], [ 30.9658997, 70.4363648 ], [ 30.9658679, 70.4363511 ], [ 30.9655246, 70.436269 ], [ 30.964812, 70.4361533 ], [ 30.9646447, 70.4361412 ], [ 30.9645173, 70.4361491 ], [ 30.9644912, 70.4361929 ], [ 30.9647692, 70.4364225 ], [ 30.9656242, 70.4368354 ], [ 30.9657249, 70.4369283 ], [ 30.9656413, 70.4370192 ], [ 30.965542, 70.437036 ], [ 30.9652395, 70.4369941 ], [ 30.9650992, 70.4369659 ], [ 30.9648898, 70.4368837 ], [ 30.9646439, 70.4366654 ], [ 30.9644819, 70.4365721 ], [ 30.9641289, 70.4365113 ], [ 30.963835, 70.4365153 ], [ 30.9636611, 70.4364824 ], [ 30.9629533, 70.4363167 ], [ 30.9627576, 70.4362575 ], [ 30.9626951, 70.4362306 ], [ 30.9625824, 70.4361518 ], [ 30.9625068, 70.4360504 ], [ 30.9624884, 70.4359712 ], [ 30.9625041, 70.4359482 ], [ 30.9625448, 70.4359456 ], [ 30.962915, 70.4359819 ], [ 30.9629729, 70.4359798 ], [ 30.9630538, 70.4359654 ], [ 30.9633139, 70.4357388 ], [ 30.9632773, 70.4357272 ], [ 30.9628749, 70.4356781 ], [ 30.9628075, 70.4356948 ], [ 30.9627126, 70.4356427 ], [ 30.9624914, 70.4354778 ], [ 30.962414, 70.4353768 ], [ 30.96242, 70.4353612 ], [ 30.962526, 70.4353136 ], [ 30.9627577, 70.4353028 ], [ 30.9631159, 70.4353356 ], [ 30.9632719, 70.4353599 ], [ 30.9635731, 70.4354744 ], [ 30.9637846, 70.4354941 ], [ 30.9641141, 70.4354458 ], [ 30.9641224, 70.4354352 ], [ 30.9636046, 70.4352844 ], [ 30.9632647, 70.4352402 ], [ 30.9632265, 70.4352267 ], [ 30.9632311, 70.4351881 ], [ 30.9632889, 70.435166 ], [ 30.9636553, 70.4351866 ], [ 30.9638702, 70.4352142 ], [ 30.9640723, 70.4352584 ], [ 30.9641674, 70.4351872 ], [ 30.9641505, 70.4351065 ], [ 30.9637184, 70.4350091 ], [ 30.9630417, 70.4348909 ], [ 30.9627603, 70.4348738 ], [ 30.9627442, 70.4348517 ], [ 30.9630132, 70.4346722 ], [ 30.9632102, 70.4344952 ], [ 30.9633165, 70.4343738 ], [ 30.96348, 70.4343837 ], [ 30.9637752, 70.4343723 ], [ 30.9639062, 70.4343567 ], [ 30.9642218, 70.4342984 ], [ 30.9640011, 70.4341746 ], [ 30.9639587, 70.434103 ], [ 30.9641106, 70.4340802 ], [ 30.9642235, 70.4340772 ], [ 30.9642169, 70.4340964 ], [ 30.9642613, 70.4341784 ], [ 30.9643159, 70.4342054 ], [ 30.9644399, 70.4342148 ], [ 30.964541, 70.4342048 ], [ 30.9648001, 70.4341111 ], [ 30.9649154, 70.4338445 ], [ 30.9648832, 70.4338192 ], [ 30.9646047, 70.4337433 ], [ 30.9642521, 70.4336592 ], [ 30.9635108, 70.4335055 ], [ 30.9633883, 70.4335128 ], [ 30.9631944, 70.4335406 ], [ 30.9631077, 70.4335457 ], [ 30.9629677, 70.4335435 ], [ 30.9626889, 70.4335183 ], [ 30.9626649, 70.4335091 ], [ 30.9627626, 70.4333227 ], [ 30.9628787, 70.433227 ], [ 30.9629879, 70.4331579 ], [ 30.9631794, 70.433079 ], [ 30.9635463, 70.4330938 ], [ 30.9635631, 70.4331095 ], [ 30.9638673, 70.4332044 ], [ 30.9644261, 70.4332882 ], [ 30.9645275, 70.4332895 ], [ 30.9645901, 70.433275 ], [ 30.9646809, 70.4332189 ], [ 30.9647177, 70.4331245 ], [ 30.9646875, 70.4330222 ], [ 30.9643904, 70.4328761 ], [ 30.964118, 70.4328698 ], [ 30.9640135, 70.432899 ], [ 30.9640064, 70.4328377 ], [ 30.9641009, 70.4327096 ], [ 30.9641052, 70.4326772 ], [ 30.9640785, 70.4326536 ], [ 30.9639835, 70.432625 ], [ 30.9637457, 70.4326292 ], [ 30.963795, 70.432534 ], [ 30.9649572, 70.4324433 ], [ 30.9655055, 70.432438 ], [ 30.9660917, 70.432421 ], [ 30.9663644, 70.4323928 ], [ 30.9665005, 70.4323387 ], [ 30.9662898, 70.4323231 ], [ 30.9663645, 70.4321614 ], [ 30.966554, 70.43209 ], [ 30.9667509, 70.432049 ], [ 30.9667999, 70.4320273 ], [ 30.9668302, 70.4319961 ], [ 30.9667675, 70.4319283 ], [ 30.9665182, 70.431796 ], [ 30.9664301, 70.431784 ], [ 30.9661146, 70.4317786 ], [ 30.9660627, 70.4317854 ], [ 30.9660276, 70.4317919 ], [ 30.9660116, 70.4318062 ], [ 30.966009, 70.4318494 ], [ 30.9654669, 70.4319529 ], [ 30.9653372, 70.4319396 ], [ 30.9651179, 70.4318244 ], [ 30.9646423, 70.4316685 ], [ 30.9643091, 70.4316151 ], [ 30.9641684, 70.4315421 ], [ 30.9643128, 70.4314331 ], [ 30.9642095, 70.4313564 ], [ 30.9638964, 70.4313458 ], [ 30.963621, 70.4313516 ], [ 30.9630862, 70.4313957 ], [ 30.9636072, 70.4311941 ], [ 30.963447, 70.4311468 ], [ 30.9633252, 70.4310729 ], [ 30.9624619, 70.431151 ], [ 30.9621722, 70.4310977 ], [ 30.9620455, 70.430945 ], [ 30.962004, 70.4309424 ], [ 30.961889, 70.430832 ], [ 30.9617398, 70.4306399 ], [ 30.9616547, 70.4304218 ], [ 30.9616515, 70.430305 ], [ 30.9617338, 70.4300056 ], [ 30.9617797, 70.4299505 ], [ 30.9618605, 70.4299315 ], [ 30.9617629, 70.4297851 ], [ 30.9617892, 70.4296226 ], [ 30.9621124, 70.4294674 ], [ 30.9623625, 70.4292795 ], [ 30.9624276, 70.4291578 ], [ 30.9623563, 70.4291525 ], [ 30.9623319, 70.4291328 ], [ 30.9623456, 70.4290963 ], [ 30.9624303, 70.429019 ], [ 30.9624985, 70.4289807 ], [ 30.9630522, 70.4288073 ], [ 30.9643223, 70.4287509 ], [ 30.9644118, 70.4287592 ], [ 30.964982, 70.4285936 ], [ 30.9653111, 70.4284536 ], [ 30.9655557, 70.4282405 ], [ 30.9655671, 70.4282095 ], [ 30.9655293, 70.4281092 ], [ 30.96539, 70.4280393 ], [ 30.9651852, 70.4280954 ], [ 30.964817, 70.4280037 ], [ 30.9647342, 70.4279664 ], [ 30.9647341, 70.4279185 ], [ 30.9647801, 70.42789 ], [ 30.9648268, 70.4277422 ], [ 30.9646763, 70.4277557 ], [ 30.9645145, 70.4277366 ], [ 30.9644287, 70.4275974 ], [ 30.9645197, 70.427422 ], [ 30.9647231, 70.4272774 ], [ 30.9649411, 70.4271674 ], [ 30.965236, 70.4270581 ], [ 30.9654384, 70.4270003 ], [ 30.9656685, 70.4269551 ], [ 30.9658779, 70.4269253 ], [ 30.9660875, 70.4269082 ], [ 30.9672069, 70.4268764 ], [ 30.967264, 70.4269523 ], [ 30.9674993, 70.4270176 ], [ 30.9678465, 70.4270925 ], [ 30.9690656, 70.4272832 ], [ 30.9692719, 70.427193 ], [ 30.969161, 70.4271775 ], [ 30.9691486, 70.4271662 ], [ 30.9692465, 70.427075 ], [ 30.9694263, 70.4270153 ], [ 30.9694524, 70.4270175 ], [ 30.9695307, 70.4270515 ], [ 30.9695888, 70.4271316 ], [ 30.9697394, 70.4272211 ], [ 30.969993, 70.4273389 ], [ 30.9702143, 70.4273918 ], [ 30.9702945, 70.4273976 ], [ 30.970428, 70.4273866 ], [ 30.9704545, 70.4273626 ], [ 30.9704312, 70.4273388 ], [ 30.9703705, 70.4273182 ], [ 30.9699688, 70.4270889 ], [ 30.9701883, 70.4269386 ], [ 30.9700508, 70.4268563 ], [ 30.9699044, 70.4267252 ], [ 30.9704451, 70.4266949 ], [ 30.9709932, 70.4267234 ], [ 30.9710405, 70.4268114 ], [ 30.9706378, 70.4269444 ], [ 30.9706111, 70.4269599 ], [ 30.9706795, 70.4269942 ], [ 30.9710341, 70.4270712 ], [ 30.971348, 70.4269938 ], [ 30.9716688, 70.4267912 ], [ 30.9721943, 70.4266147 ], [ 30.9727722, 70.4263866 ], [ 30.973316, 70.4262189 ], [ 30.9733953, 70.4261827 ], [ 30.9734933, 70.4260717 ], [ 30.9734822, 70.426049 ], [ 30.9734493, 70.4260393 ], [ 30.9729254, 70.4260872 ], [ 30.9728462, 70.4260209 ], [ 30.9724499, 70.425977 ], [ 30.9717218, 70.4259977 ], [ 30.971684, 70.4259887 ], [ 30.9716243, 70.4259628 ], [ 30.9714849, 70.4258495 ], [ 30.9716543, 70.4258109 ], [ 30.9723465, 70.4257086 ], [ 30.9723944, 70.4256989 ], [ 30.9724041, 70.4256866 ], [ 30.9721971, 70.4256634 ], [ 30.9721496, 70.4256655 ], [ 30.9720533, 70.4257027 ], [ 30.9718389, 70.4257424 ], [ 30.9716826, 70.4257514 ], [ 30.9714015, 70.4257551 ], [ 30.9712448, 70.4257424 ], [ 30.9711391, 70.4257107 ], [ 30.970957, 70.4255999 ], [ 30.9709077, 70.4255019 ], [ 30.970889, 70.4254004 ], [ 30.9709484, 70.4251763 ], [ 30.9710612, 70.4250172 ], [ 30.9713956, 70.4247642 ], [ 30.9720115, 70.4244016 ], [ 30.9724322, 70.4241065 ], [ 30.9726636, 70.4239645 ], [ 30.9729919, 70.4238371 ], [ 30.9732216, 70.4237603 ], [ 30.9736381, 70.4236633 ], [ 30.9738291, 70.4236471 ], [ 30.9742612, 70.4235689 ], [ 30.9742452, 70.4235582 ], [ 30.9742557, 70.4235408 ], [ 30.9743458, 70.4234789 ], [ 30.9745277, 70.4234232 ], [ 30.9747173, 70.4233823 ], [ 30.975218, 70.423329 ], [ 30.9758327, 70.4233095 ], [ 30.9771564, 70.4232508 ], [ 30.9784171, 70.4231018 ], [ 30.9787594, 70.4230128 ], [ 30.9787016, 70.4229513 ], [ 30.9788705, 70.422909 ], [ 30.9792681, 70.4228931 ], [ 30.9797025, 70.4229672 ], [ 30.9801271, 70.4229766 ], [ 30.9802168, 70.4229695 ], [ 30.980307, 70.422937 ], [ 30.9803432, 70.4229104 ], [ 30.9802966, 70.4227801 ], [ 30.9802581, 70.4227683 ], [ 30.9800743, 70.4227497 ], [ 30.98017, 70.4225358 ], [ 30.9807262, 70.4224323 ], [ 30.9819648, 70.4223673 ], [ 30.9824056, 70.4223808 ], [ 30.9823378, 70.4222654 ], [ 30.9823078, 70.4222534 ], [ 30.9823345, 70.4222298 ], [ 30.9824141, 70.4222148 ], [ 30.9828425, 70.4221636 ], [ 30.9831286, 70.4221555 ], [ 30.9837407, 70.4220831 ], [ 30.9845703, 70.421966 ], [ 30.9855732, 70.4218076 ], [ 30.9858551, 70.4216769 ], [ 30.9858964, 70.4216097 ], [ 30.9859411, 70.421583 ], [ 30.9861457, 70.4214962 ], [ 30.9871076, 70.4213997 ], [ 30.987469, 70.4213115 ], [ 30.9874904, 70.4211726 ], [ 30.9877182, 70.4210477 ], [ 30.9875945, 70.4208758 ], [ 30.9878802, 70.4207576 ], [ 30.9883571, 70.4206783 ], [ 30.9889866, 70.4207779 ], [ 30.9894328, 70.4208714 ], [ 30.9898828, 70.4208991 ], [ 30.989974, 70.420883 ], [ 30.9901485, 70.4208856 ], [ 30.9903477, 70.4209005 ], [ 30.9906106, 70.4209373 ], [ 30.9905817, 70.4209703 ], [ 30.9904234, 70.4210332 ], [ 30.990756, 70.4211179 ], [ 30.9909954, 70.4211248 ], [ 30.991113, 70.4211212 ], [ 30.9912114, 70.4210975 ], [ 30.991267, 70.4210638 ], [ 30.992198, 70.4208069 ], [ 30.9927054, 70.4206474 ], [ 30.9928968, 70.4205183 ], [ 30.9929083, 70.4203788 ], [ 30.9928355, 70.4202339 ], [ 30.9926226, 70.4200305 ], [ 30.9932868, 70.41994 ], [ 30.9936367, 70.4198349 ], [ 30.9937235, 70.4198248 ], [ 30.9937896, 70.4197942 ], [ 30.9939049, 70.4196854 ], [ 30.993809, 70.4196276 ], [ 30.9936173, 70.4195765 ], [ 30.9936746, 70.4195042 ], [ 30.9939313, 70.4195374 ], [ 30.9942783, 70.4195143 ], [ 30.9943161, 70.4195029 ], [ 30.9943852, 70.4194433 ], [ 30.994398, 70.4194019 ], [ 30.9943569, 70.4192249 ], [ 30.9940995, 70.4191764 ], [ 30.9941319, 70.4190971 ], [ 30.9943847, 70.4189478 ], [ 30.994326, 70.4188323 ], [ 30.9943702, 70.4187466 ], [ 30.9950521, 70.41874 ], [ 30.9953832, 70.4186126 ], [ 30.9956941, 70.4184388 ], [ 30.9956032, 70.418152 ], [ 30.9954441, 70.4181143 ], [ 30.9953204, 70.4181422 ], [ 30.9951479, 70.4181546 ], [ 30.9950563, 70.4181481 ], [ 30.9950308, 70.4181288 ], [ 30.9949764, 70.4180752 ], [ 30.995104, 70.417919 ], [ 30.9953166, 70.4178111 ], [ 30.9954338, 70.4178239 ], [ 30.9957783, 70.4178414 ], [ 30.9959132, 70.4178416 ], [ 30.9960702, 70.4178215 ], [ 30.9962841, 70.417742 ], [ 30.9965531, 70.4176216 ], [ 30.9966245, 70.4175737 ], [ 30.9966146, 70.4175521 ], [ 30.9965372, 70.4175604 ], [ 30.9963231, 70.4175422 ], [ 30.9958556, 70.4174632 ], [ 30.995854, 70.4174461 ], [ 30.9964649, 70.417457 ], [ 30.9965151, 70.4174933 ], [ 30.9965698, 70.4174982 ], [ 30.9966785, 70.4174388 ], [ 30.996513, 70.4173483 ], [ 30.9964202, 70.4173258 ], [ 30.996286, 70.4173104 ], [ 30.9958574, 70.4173333 ], [ 30.9958478, 70.4173291 ], [ 30.9960347, 70.4172658 ], [ 30.9964345, 70.4171966 ], [ 30.9966584, 70.4171738 ], [ 30.996678, 70.4171039 ], [ 30.9952551, 70.4168763 ], [ 30.9951481, 70.4168386 ], [ 30.9953588, 70.4168243 ], [ 30.9954243, 70.4168539 ], [ 30.9954034, 70.4168691 ], [ 30.9954149, 70.4168792 ], [ 30.9955476, 70.4168961 ], [ 30.9958791, 70.4168873 ], [ 30.9966569, 70.4167322 ], [ 30.9970817, 70.4166133 ], [ 30.9971969, 70.4165397 ], [ 30.9971285, 70.4165091 ], [ 30.9970728, 70.416503 ], [ 30.9970641, 70.4163953 ], [ 30.9962951, 70.4163568 ], [ 30.995794, 70.4162838 ], [ 30.995732, 70.4162225 ], [ 30.9957821, 70.4162063 ], [ 30.9960917, 70.4162091 ], [ 30.9963108, 70.4162329 ], [ 30.9963822, 70.416261 ], [ 30.9967911, 70.4163323 ], [ 30.9970017, 70.4163206 ], [ 30.9970541, 70.4163127 ], [ 30.9970816, 70.416288 ], [ 30.997019, 70.4162517 ], [ 30.9969607, 70.4162416 ], [ 30.9967176, 70.4162235 ], [ 30.9964559, 70.4161567 ], [ 30.9970617, 70.4161845 ], [ 30.9972438, 70.4162185 ], [ 30.9975276, 70.4161944 ], [ 30.9977739, 70.4161691 ], [ 30.9980368, 70.4161016 ], [ 30.9982728, 70.4160153 ], [ 30.9983349, 70.4159805 ], [ 30.9983528, 70.4159455 ], [ 30.9983196, 70.4158526 ], [ 30.9980699, 70.4154983 ], [ 30.9980088, 70.4154533 ], [ 30.9976938, 70.4154216 ], [ 30.9974304, 70.4154074 ], [ 30.9972838, 70.4154143 ], [ 30.9970681, 70.415458 ], [ 30.9969876, 70.4154419 ], [ 30.9969275, 70.4154053 ], [ 30.9969649, 70.4153928 ], [ 30.9975358, 70.4153328 ], [ 30.9977975, 70.415322 ], [ 30.9973561, 70.4152219 ], [ 30.9966364, 70.4151698 ], [ 30.9966025, 70.4151376 ], [ 30.9966606, 70.4150632 ], [ 30.9966827, 70.4150516 ], [ 30.9967356, 70.4150485 ], [ 30.9971112, 70.4150911 ], [ 30.997119, 70.4151015 ], [ 30.9971585, 70.4151094 ], [ 30.9975822, 70.4151251 ], [ 30.9977967, 70.4151101 ], [ 30.997811, 70.4150918 ], [ 30.9977494, 70.4150331 ], [ 30.9983409, 70.4150508 ], [ 30.9985802, 70.4150142 ], [ 30.9985552, 70.4150715 ], [ 30.9986682, 70.4151061 ], [ 30.9991916, 70.4149991 ], [ 30.9993656, 70.4149495 ], [ 30.9995535, 70.41482 ], [ 30.9994599, 70.4147708 ], [ 30.9992557, 70.4148147 ], [ 30.9990001, 70.4148215 ], [ 30.9989986, 70.414808 ], [ 30.9992083, 70.4147083 ], [ 30.9995124, 70.4145909 ], [ 30.9995933, 70.4145287 ], [ 30.9995821, 70.4145168 ], [ 30.9994465, 70.4145029 ], [ 30.9993428, 70.4145042 ], [ 30.9990212, 70.4145996 ], [ 30.9988406, 70.4146091 ], [ 30.9984421, 70.4145475 ], [ 30.9988083, 70.4144614 ], [ 30.9991065, 70.4143713 ], [ 30.9989818, 70.4142808 ], [ 30.99842, 70.4140987 ], [ 30.9984087, 70.4140832 ], [ 30.9984947, 70.4140898 ], [ 30.9988153, 70.4141446 ], [ 30.9989163, 70.4141772 ], [ 30.9990131, 70.4141934 ], [ 30.9992039, 70.4142044 ], [ 30.9993686, 70.4141907 ], [ 30.9994, 70.4141791 ], [ 30.9991878, 70.4140392 ], [ 30.9988713, 70.4139744 ], [ 30.9988559, 70.4139235 ], [ 30.9990159, 70.4138357 ], [ 30.9994764, 70.4137831 ], [ 30.9995055, 70.4137733 ], [ 30.9995254, 70.4137478 ], [ 30.9995072, 70.4137087 ], [ 30.9994474, 70.4136956 ], [ 30.9990854, 70.4136792 ], [ 30.9989502, 70.4137293 ], [ 30.9989743, 70.4137614 ], [ 30.9989495, 70.4137813 ], [ 30.9988853, 70.4137864 ], [ 30.9987578, 70.4137702 ], [ 30.9987207, 70.4137463 ], [ 30.9987251, 70.4137087 ], [ 30.998739, 70.4136971 ], [ 30.9992353, 70.4135288 ], [ 30.9994783, 70.4134554 ], [ 30.9997111, 70.4134384 ], [ 30.999934, 70.4134028 ], [ 31.0000937, 70.4133772 ], [ 31.0002165, 70.4133448 ], [ 31.0002491, 70.4133161 ], [ 31.0001958, 70.4133023 ], [ 31.0000086, 70.4132944 ], [ 30.9999339, 70.4132951 ], [ 30.9997569, 70.4132968 ], [ 30.9995666, 70.4133162 ], [ 30.9994887, 70.4132468 ], [ 30.9994388, 70.4131389 ], [ 30.9990346, 70.4131101 ], [ 30.9989207, 70.4129981 ], [ 30.9989045, 70.4129287 ], [ 30.9989806, 70.4128256 ], [ 30.9990794, 70.4127693 ], [ 30.9995033, 70.4125635 ], [ 30.9999001, 70.4124038 ], [ 30.9999339, 70.4123958 ], [ 31.0001181, 70.4123527 ], [ 31.0002309, 70.4123357 ], [ 31.0003462, 70.4123306 ], [ 31.0005321, 70.4123821 ], [ 31.0004805, 70.4124139 ], [ 31.0007855, 70.4126492 ], [ 31.0014666, 70.4129401 ], [ 31.0017415, 70.412943 ], [ 31.0020437, 70.4129102 ], [ 31.0021804, 70.4127561 ], [ 31.002326, 70.4127514 ], [ 31.0024165, 70.4128272 ], [ 31.0025991, 70.4128845 ], [ 31.0026299, 70.4128884 ], [ 31.00289, 70.4128729 ], [ 31.0029804, 70.4128602 ], [ 31.003002, 70.4128323 ], [ 31.0029908, 70.4128074 ], [ 31.00289, 70.4127778 ], [ 31.0030246, 70.4125948 ], [ 31.0031109, 70.4124083 ], [ 31.0029246, 70.4122056 ], [ 31.0028779, 70.4120586 ], [ 31.0026714, 70.4119125 ], [ 31.0021952, 70.4117394 ], [ 31.0023606, 70.4117323 ], [ 31.0025965, 70.4118191 ], [ 31.002886, 70.4119079 ], [ 31.0033027, 70.4119981 ], [ 31.0033303, 70.4119995 ], [ 31.0034161, 70.4119826 ], [ 31.0034567, 70.4119562 ], [ 31.0034299, 70.4118675 ], [ 31.0030816, 70.4117099 ], [ 31.0026426, 70.4115724 ], [ 31.0024818, 70.4115062 ], [ 31.002379, 70.4114553 ], [ 31.0023617, 70.4114235 ], [ 31.002412, 70.4114123 ], [ 31.0025454, 70.4114934 ], [ 31.002667, 70.4115384 ], [ 31.0030289, 70.4116427 ], [ 31.0033375, 70.4117162 ], [ 31.0035784, 70.4117408 ], [ 31.0036394, 70.4117187 ], [ 31.0036532, 70.4117033 ], [ 31.0033698, 70.4115348 ], [ 31.0031177, 70.4113402 ], [ 31.0030101, 70.4112069 ], [ 31.0030045, 70.4111265 ], [ 31.0030483, 70.4111403 ], [ 31.0032397, 70.4112785 ], [ 31.0033602, 70.4113706 ], [ 31.0034686, 70.4114919 ], [ 31.0035311, 70.4115256 ], [ 31.0037096, 70.411597 ], [ 31.0041081, 70.4116609 ], [ 31.0042685, 70.4116445 ], [ 31.004739, 70.4115274 ], [ 31.0048919, 70.4114732 ], [ 31.0049249, 70.4114176 ], [ 31.0048931, 70.4113844 ], [ 31.0041562, 70.4111343 ], [ 31.0041205, 70.4111057 ], [ 31.0045082, 70.4110922 ], [ 31.0048724, 70.4111978 ], [ 31.0049545, 70.411229 ], [ 31.0050204, 70.4112365 ], [ 31.0051783, 70.4112084 ], [ 31.0054412, 70.4111206 ], [ 31.005445, 70.4109587 ], [ 31.0054227, 70.4109231 ], [ 31.0053304, 70.4108503 ], [ 31.005249, 70.4108071 ], [ 31.0051357, 70.4107718 ], [ 31.0047579, 70.4106788 ], [ 31.004484, 70.4104425 ], [ 31.0038497, 70.4102387 ], [ 31.0034302, 70.4101815 ], [ 31.003428, 70.4101986 ], [ 31.0034015, 70.4102044 ], [ 31.0032884, 70.4101609 ], [ 31.0032678, 70.4101425 ], [ 31.0033343, 70.4100579 ], [ 31.0034065, 70.4100244 ], [ 31.0034646, 70.4100116 ], [ 31.0036327, 70.4100767 ], [ 31.004251, 70.410151 ], [ 31.0045801, 70.4100969 ], [ 31.0047461, 70.410171 ], [ 31.0047858, 70.4101785 ], [ 31.0049041, 70.4101728 ], [ 31.0050459, 70.4100854 ], [ 31.0050534, 70.4099358 ], [ 31.0046964, 70.4097595 ], [ 31.0044515, 70.4096755 ], [ 31.0044215, 70.4096396 ], [ 31.0044557, 70.4096174 ], [ 31.004567, 70.4095848 ], [ 31.0047989, 70.4095326 ], [ 31.0048814, 70.4095337 ], [ 31.005264, 70.4094913 ], [ 31.0056439, 70.4092923 ], [ 31.0056415, 70.4092479 ], [ 31.0056267, 70.4092329 ], [ 31.0050519, 70.4091006 ], [ 31.0050086, 70.4090808 ], [ 31.0047943, 70.4089225 ], [ 31.0047987, 70.408865 ], [ 31.0048469, 70.4088304 ], [ 31.0048756, 70.408814 ], [ 31.0049121, 70.4088114 ], [ 31.0048914, 70.4088791 ], [ 31.0049081, 70.4089145 ], [ 31.0049856, 70.4089694 ], [ 31.005181, 70.4090744 ], [ 31.0052442, 70.4090954 ], [ 31.0053364, 70.4091124 ], [ 31.0056615, 70.4091359 ], [ 31.0057579, 70.4091282 ], [ 31.0058017, 70.4091117 ], [ 31.0058007, 70.4090841 ], [ 31.0057505, 70.4090434 ], [ 31.0056897, 70.409021 ], [ 31.005494, 70.4089929 ], [ 31.0053111, 70.4089407 ], [ 31.0051307, 70.4088138 ], [ 31.0051325, 70.4087935 ], [ 31.0051688, 70.4087886 ], [ 31.0052127, 70.4087924 ], [ 31.0062953, 70.4090795 ], [ 31.0064923, 70.4091003 ], [ 31.0066312, 70.4090884 ], [ 31.0070009, 70.4089229 ], [ 31.0072136, 70.4087681 ], [ 31.0071418, 70.4086386 ], [ 31.0071994, 70.4085331 ], [ 31.0073767, 70.4085521 ], [ 31.0074659, 70.4084206 ], [ 31.0073816, 70.408253 ], [ 31.0075627, 70.4082653 ], [ 31.0076925, 70.4082571 ], [ 31.0078044, 70.4081831 ], [ 31.0077931, 70.4081535 ], [ 31.0076506, 70.4080747 ], [ 31.0073986, 70.4079853 ], [ 31.0071085, 70.4080223 ], [ 31.006852, 70.4079232 ], [ 31.0071443, 70.4077592 ], [ 31.0073279, 70.4077069 ], [ 31.0072915, 70.4077606 ], [ 31.0073187, 70.4077807 ], [ 31.00759, 70.4078404 ], [ 31.0076787, 70.4078498 ], [ 31.0084802, 70.4078387 ], [ 31.0091459, 70.407779 ], [ 31.0092304, 70.407762 ], [ 31.0092897, 70.4077391 ], [ 31.0093255, 70.407693 ], [ 31.0091977, 70.407446 ], [ 31.0091013, 70.4074029 ], [ 31.008862, 70.4073334 ], [ 31.0089619, 70.4072484 ], [ 31.0091983, 70.4073219 ], [ 31.0098779, 70.4074666 ], [ 31.0103771, 70.4074329 ], [ 31.010515, 70.4073789 ], [ 31.0105701, 70.407331 ], [ 31.0107117, 70.407113 ], [ 31.0107316, 70.4070405 ], [ 31.0107472, 70.4067889 ], [ 31.0107376, 70.406657 ], [ 31.0107041, 70.4065682 ], [ 31.0104846, 70.4064301 ], [ 31.010309, 70.4063681 ], [ 31.0097387, 70.4060682 ], [ 31.0098397, 70.4059962 ], [ 31.0095899, 70.405877 ], [ 31.0094384, 70.4058467 ], [ 31.0091424, 70.4058681 ], [ 31.0089793, 70.4058196 ], [ 31.008852, 70.4056177 ], [ 31.0090637, 70.4055487 ], [ 31.0092729, 70.4055025 ], [ 31.0092742, 70.4054566 ], [ 31.0096017, 70.4054465 ], [ 31.0099736, 70.4056205 ], [ 31.0101108, 70.4056708 ], [ 31.0102027, 70.4056699 ], [ 31.0101833, 70.4055315 ], [ 31.0100996, 70.4054019 ], [ 31.0100304, 70.4053338 ], [ 31.0099331, 70.4052825 ], [ 31.00972, 70.4052546 ], [ 31.00935, 70.4052513 ], [ 31.0098853, 70.4052146 ], [ 31.0098963, 70.4052064 ], [ 31.0098811, 70.4051663 ], [ 31.0096192, 70.4050364 ], [ 31.0093032, 70.4050629 ], [ 31.0091614, 70.4051102 ], [ 31.0090736, 70.4051178 ], [ 31.009058, 70.4051046 ], [ 31.009228, 70.4049599 ], [ 31.0095038, 70.404852 ], [ 31.0103308, 70.4046564 ], [ 31.0104426, 70.404614 ], [ 31.0103702, 70.4045148 ], [ 31.0105068, 70.4044877 ], [ 31.0107635, 70.404454 ], [ 31.0109219, 70.4044201 ], [ 31.0111678, 70.4043104 ], [ 31.0103692, 70.4040352 ], [ 31.0102894, 70.4040005 ], [ 31.0102522, 70.4039564 ], [ 31.0102733, 70.4039496 ], [ 31.0104706, 70.4039366 ], [ 31.0105002, 70.4039402 ], [ 31.0105767, 70.4039955 ], [ 31.0107387, 70.4040722 ], [ 31.0109149, 70.4041106 ], [ 31.0111133, 70.4041264 ], [ 31.0112635, 70.4040905 ], [ 31.0116343, 70.4040702 ], [ 31.0118248, 70.4040033 ], [ 31.0116592, 70.4039146 ], [ 31.0114507, 70.4037598 ], [ 31.0115325, 70.4037468 ], [ 31.0117323, 70.4037951 ], [ 31.0118966, 70.4038834 ], [ 31.0120375, 70.4038852 ], [ 31.0120486, 70.4038782 ], [ 31.0120431, 70.4038467 ], [ 31.011895, 70.4037404 ], [ 31.0115787, 70.4036776 ], [ 31.0111321, 70.4036458 ], [ 31.0109108, 70.4036003 ], [ 31.0109329, 70.4034966 ], [ 31.0112063, 70.4034968 ], [ 31.0120493, 70.4035174 ], [ 31.0121908, 70.4035464 ], [ 31.0124241, 70.4035627 ], [ 31.0124912, 70.403555 ], [ 31.0124943, 70.4035328 ], [ 31.0124456, 70.4035018 ], [ 31.012189, 70.4034038 ], [ 31.0120919, 70.4033746 ], [ 31.0117555, 70.4033233 ], [ 31.0115234, 70.4031761 ], [ 31.0114363, 70.4030738 ], [ 31.0117851, 70.4031275 ], [ 31.0122416, 70.4028479 ], [ 31.0123481, 70.4028248 ], [ 31.0125686, 70.4028231 ], [ 31.0126048, 70.4028688 ], [ 31.0128706, 70.4029337 ], [ 31.0134752, 70.4029567 ], [ 31.0136844, 70.402913 ], [ 31.0137437, 70.4028902 ], [ 31.0137689, 70.4028547 ], [ 31.0137658, 70.4028181 ], [ 31.0136697, 70.4026327 ], [ 31.0136254, 70.4026119 ], [ 31.0134698, 70.402584 ], [ 31.0129933, 70.4025374 ], [ 31.0123853, 70.4024669 ], [ 31.012319, 70.4024424 ], [ 31.0123174, 70.4024196 ], [ 31.0123527, 70.4023857 ], [ 31.0124028, 70.4023789 ], [ 31.0125294, 70.4024002 ], [ 31.0130731, 70.4024472 ], [ 31.0132126, 70.4024498 ], [ 31.01335, 70.4024387 ], [ 31.0133531, 70.4024086 ], [ 31.0133015, 70.4023805 ], [ 31.0130702, 70.4022956 ], [ 31.0131923, 70.4022265 ], [ 31.0135455, 70.4021953 ], [ 31.0140764, 70.4021074 ], [ 31.014169, 70.4020845 ], [ 31.0144673, 70.4019763 ], [ 31.0145235, 70.401928 ], [ 31.0145199, 70.4019154 ], [ 31.0147531, 70.4018029 ], [ 31.0148328, 70.4018023 ], [ 31.0149267, 70.4017804 ], [ 31.0149472, 70.4017512 ], [ 31.0149422, 70.4015873 ], [ 31.0147041, 70.4013714 ], [ 31.0146162, 70.4012499 ], [ 31.0146416, 70.4012154 ], [ 31.0146166, 70.4011758 ], [ 31.0142501, 70.400873 ], [ 31.0141909, 70.4008371 ], [ 31.0141268, 70.4008144 ], [ 31.0138729, 70.4008049 ], [ 31.013594, 70.4007767 ], [ 31.0133384, 70.400732 ], [ 31.0132993, 70.4007118 ], [ 31.0133526, 70.4006172 ], [ 31.0135754, 70.4006062 ], [ 31.0138022, 70.4005481 ], [ 31.0138263, 70.4004437 ], [ 31.0138145, 70.4004242 ], [ 31.0138994, 70.400323 ], [ 31.0150619, 70.4000143 ], [ 31.0150779, 70.4000007 ], [ 31.0153989, 70.3997285 ], [ 31.0154783, 70.3996252 ], [ 31.0154503, 70.399402 ], [ 31.015267, 70.3989268 ], [ 31.014838, 70.3987409 ], [ 31.0148208, 70.3986932 ], [ 31.0146853, 70.3985168 ], [ 31.0147399, 70.3984806 ], [ 31.014524, 70.3982895 ], [ 31.0144072, 70.3979728 ], [ 31.0146675, 70.3977863 ], [ 31.0148378, 70.3977135 ], [ 31.0149023, 70.3977053 ], [ 31.015124, 70.397444 ], [ 31.0154057, 70.3974186 ], [ 31.0157019, 70.397354 ], [ 31.0158417, 70.3972786 ], [ 31.0170505, 70.3969534 ], [ 31.017327, 70.3968983 ], [ 31.0177184, 70.3968518 ], [ 31.0182479, 70.3968169 ], [ 31.0185787, 70.3968118 ], [ 31.0188873, 70.396818 ], [ 31.0193972, 70.3968406 ], [ 31.0196099, 70.3968681 ], [ 31.0198817, 70.3969255 ], [ 31.0200267, 70.396968 ], [ 31.0200419, 70.3969906 ], [ 31.0200613, 70.3971446 ], [ 31.0199937, 70.3973357 ], [ 31.0202569, 70.3974623 ], [ 31.020533, 70.3974388 ], [ 31.0206316, 70.3974022 ], [ 31.0208314, 70.3974311 ], [ 31.0208822, 70.3974613 ], [ 31.0208543, 70.3975484 ], [ 31.0206564, 70.3975595 ], [ 31.0203168, 70.3976376 ], [ 31.0204592, 70.3976225 ], [ 31.0207081, 70.397613 ], [ 31.0209404, 70.397633 ], [ 31.0209868, 70.3976455 ], [ 31.0207864, 70.3977992 ], [ 31.0207893, 70.3978736 ], [ 31.0209087, 70.3979486 ], [ 31.0209495, 70.3979624 ], [ 31.0210043, 70.3979742 ], [ 31.0212648, 70.3979867 ], [ 31.0213468, 70.3979816 ], [ 31.0215157, 70.397774 ], [ 31.0218054, 70.3974908 ], [ 31.022024, 70.3973091 ], [ 31.0221049, 70.3972803 ], [ 31.0221542, 70.3971726 ], [ 31.022117, 70.3968953 ], [ 31.0219613, 70.3968473 ], [ 31.0218426, 70.3968367 ], [ 31.0215557, 70.3967843 ], [ 31.0214491, 70.3967015 ], [ 31.0214821, 70.3966974 ], [ 31.0218389, 70.3967193 ], [ 31.0217194, 70.3966282 ], [ 31.0216903, 70.3965821 ], [ 31.0217484, 70.3965632 ], [ 31.0218329, 70.3965745 ], [ 31.0220257, 70.3966155 ], [ 31.0221544, 70.396701 ], [ 31.0221958, 70.3967879 ], [ 31.0225085, 70.3968821 ], [ 31.022654, 70.3968941 ], [ 31.0227243, 70.3968921 ], [ 31.0228944, 70.3967883 ], [ 31.022852, 70.3966315 ], [ 31.0227535, 70.3964062 ], [ 31.0229828, 70.3963049 ], [ 31.0232693, 70.3962406 ], [ 31.023701, 70.3961758 ], [ 31.0245854, 70.3962146 ], [ 31.0245428, 70.3962933 ], [ 31.025081, 70.3963122 ], [ 31.0252557, 70.3963051 ], [ 31.0253333, 70.3962051 ], [ 31.0255515, 70.3961384 ], [ 31.025663, 70.3961237 ], [ 31.0256955, 70.3960625 ], [ 31.0256844, 70.3959448 ], [ 31.0256098, 70.3958933 ], [ 31.025671, 70.3958314 ], [ 31.0258043, 70.3958014 ], [ 31.0262303, 70.3957684 ], [ 31.026639, 70.3957884 ], [ 31.0269903, 70.3958156 ], [ 31.0270506, 70.3958306 ], [ 31.0271198, 70.3958669 ], [ 31.0274921, 70.3959177 ], [ 31.0277612, 70.3959358 ], [ 31.0278255, 70.3959497 ], [ 31.0276033, 70.3960331 ], [ 31.0277103, 70.3961225 ], [ 31.0279518, 70.3961965 ], [ 31.02837, 70.3961768 ], [ 31.0286796, 70.3961447 ], [ 31.0291676, 70.3962396 ], [ 31.0304414, 70.3962725 ], [ 31.0306356, 70.3962505 ], [ 31.0307258, 70.3962285 ], [ 31.0307614, 70.3962139 ], [ 31.0308741, 70.3961032 ], [ 31.0309262, 70.3959765 ], [ 31.0302912, 70.3956518 ], [ 31.0303097, 70.3955138 ], [ 31.0304287, 70.395116 ], [ 31.0306931, 70.3951296 ], [ 31.0311573, 70.3952158 ], [ 31.0313936, 70.395237 ], [ 31.0316857, 70.3952292 ], [ 31.031765, 70.3951828 ], [ 31.0317905, 70.3950979 ], [ 31.0315465, 70.3950522 ], [ 31.0317786, 70.3949208 ], [ 31.0319696, 70.394829 ], [ 31.0321414, 70.394478 ], [ 31.0321548, 70.3944132 ], [ 31.0321394, 70.3941219 ], [ 31.032109, 70.3940274 ], [ 31.0320053, 70.3939459 ], [ 31.0322282, 70.3938518 ], [ 31.0323366, 70.393637 ], [ 31.0323285, 70.3935368 ], [ 31.0324857, 70.3935216 ], [ 31.0328045, 70.3933903 ], [ 31.0328537, 70.3933559 ], [ 31.0330978, 70.3929713 ], [ 31.0330848, 70.392945 ], [ 31.0330484, 70.3929244 ], [ 31.0329644, 70.3929384 ], [ 31.0329363, 70.3929503 ], [ 31.0332005, 70.3927051 ], [ 31.0332139, 70.3925406 ], [ 31.0331251, 70.3924823 ], [ 31.0330428, 70.3922129 ], [ 31.0328753, 70.3920758 ], [ 31.0325096, 70.3919703 ], [ 31.0322413, 70.3917289 ], [ 31.0321922, 70.3915611 ], [ 31.0324902, 70.391314 ], [ 31.0328443, 70.391164 ], [ 31.0335618, 70.3910079 ], [ 31.0337448, 70.391019 ], [ 31.0340993, 70.391069 ], [ 31.0342162, 70.391132 ], [ 31.0342011, 70.3911393 ], [ 31.0341653, 70.391138 ], [ 31.0339003, 70.3910873 ], [ 31.0337244, 70.3910952 ], [ 31.0337037, 70.3911102 ], [ 31.0336184, 70.3913187 ], [ 31.0336157, 70.3915098 ], [ 31.0340727, 70.3917309 ], [ 31.034212, 70.3917688 ], [ 31.0344094, 70.391766 ], [ 31.0347994, 70.391658 ], [ 31.0349798, 70.3915768 ], [ 31.0349902, 70.3912255 ], [ 31.0348204, 70.3909325 ], [ 31.0350407, 70.3908082 ], [ 31.0349968, 70.3906628 ], [ 31.0349464, 70.3906198 ], [ 31.0348116, 70.3905834 ], [ 31.0340423, 70.3906625 ], [ 31.0334283, 70.3907394 ], [ 31.0330967, 70.3907493 ], [ 31.0329896, 70.3907234 ], [ 31.0327479, 70.3906237 ], [ 31.0324718, 70.390452 ], [ 31.0323653, 70.3903025 ], [ 31.032295, 70.3900676 ], [ 31.0323349, 70.3896312 ], [ 31.0325312, 70.3894832 ], [ 31.0327967, 70.3893982 ], [ 31.0328837, 70.3893617 ], [ 31.0328838, 70.3892718 ], [ 31.0327644, 70.3892539 ], [ 31.0326082, 70.3892699 ], [ 31.0325628, 70.3892979 ], [ 31.0321139, 70.3894065 ], [ 31.0320308, 70.3894196 ], [ 31.0319985, 70.3894168 ], [ 31.0319837, 70.3893861 ], [ 31.0320647, 70.3892911 ], [ 31.0322771, 70.3891959 ], [ 31.0325423, 70.389127 ], [ 31.0324765, 70.3890279 ], [ 31.03204, 70.3889953 ], [ 31.0319949, 70.3889767 ], [ 31.032024, 70.388929 ], [ 31.0322424, 70.3887928 ], [ 31.0324733, 70.3886873 ], [ 31.0326182, 70.3886054 ], [ 31.032594, 70.3885785 ], [ 31.0324739, 70.3885271 ], [ 31.0323676, 70.3885104 ], [ 31.0323075, 70.3884655 ], [ 31.0322586, 70.3883922 ], [ 31.0329404, 70.3883181 ], [ 31.0329986, 70.3882229 ], [ 31.033154, 70.3881263 ], [ 31.0332537, 70.3880374 ], [ 31.0332303, 70.3877594 ], [ 31.0333671, 70.3876271 ], [ 31.0332338, 70.3874787 ], [ 31.0331442, 70.3874283 ], [ 31.0326901, 70.3873941 ], [ 31.0326334, 70.3874003 ], [ 31.0324894, 70.3873449 ], [ 31.0324166, 70.3872539 ], [ 31.0324758, 70.3871388 ], [ 31.0326958, 70.3869273 ], [ 31.0328729, 70.3868463 ], [ 31.0329651, 70.3867852 ], [ 31.0329742, 70.3867473 ], [ 31.0329149, 70.3866411 ], [ 31.0324877, 70.3863741 ], [ 31.0324006, 70.3862855 ], [ 31.032448, 70.3857948 ], [ 31.0325593, 70.3854861 ], [ 31.0326126, 70.3854237 ], [ 31.0328362, 70.3852898 ], [ 31.0331196, 70.3852141 ], [ 31.0331862, 70.3851259 ], [ 31.0331473, 70.3850745 ], [ 31.0332481, 70.3849902 ], [ 31.0334346, 70.3848898 ], [ 31.033931, 70.3846904 ], [ 31.0343714, 70.3844798 ], [ 31.0349073, 70.3843426 ], [ 31.0351796, 70.3843311 ], [ 31.0352813, 70.3842874 ], [ 31.0353642, 70.3842123 ], [ 31.0352734, 70.384145 ], [ 31.035218, 70.3841296 ], [ 31.0352079, 70.3839169 ], [ 31.0355217, 70.3839175 ], [ 31.0358014, 70.3838892 ], [ 31.0358455, 70.3838606 ], [ 31.0358816, 70.3838049 ], [ 31.0358376, 70.3834934 ], [ 31.0357873, 70.383377 ], [ 31.0357212, 70.3833373 ], [ 31.0355953, 70.3833409 ], [ 31.0355296, 70.3833605 ], [ 31.0353072, 70.3833035 ], [ 31.0352436, 70.3832079 ], [ 31.0351832, 70.3829088 ], [ 31.0351024, 70.3827788 ], [ 31.0350635, 70.3826588 ], [ 31.035069, 70.3824097 ], [ 31.0351502, 70.3823714 ], [ 31.035412, 70.3821309 ], [ 31.0356308, 70.3818121 ], [ 31.0357915, 70.3814662 ], [ 31.0358017, 70.3813519 ], [ 31.0357519, 70.3812706 ], [ 31.0358143, 70.3810456 ], [ 31.0355073, 70.3810083 ], [ 31.0352486, 70.3809373 ], [ 31.0354637, 70.3808985 ], [ 31.0356425, 70.3808133 ], [ 31.0356357, 70.3803453 ], [ 31.0357095, 70.3802702 ], [ 31.0357537, 70.379937 ], [ 31.0357042, 70.3798215 ], [ 31.0355828, 70.3797351 ], [ 31.0354818, 70.3797166 ], [ 31.0348415, 70.3796895 ], [ 31.0346297, 70.379648 ], [ 31.0341633, 70.3796356 ], [ 31.0339628, 70.3796631 ], [ 31.0335072, 70.3797672 ], [ 31.0333154, 70.3798455 ], [ 31.0332038, 70.3799099 ], [ 31.0326596, 70.3800369 ], [ 31.0317565, 70.38023 ], [ 31.0314056, 70.3802878 ], [ 31.0311016, 70.3802422 ], [ 31.0309586, 70.38008 ], [ 31.0311476, 70.3799942 ], [ 31.0312075, 70.3799445 ], [ 31.0312304, 70.3796 ], [ 31.0310526, 70.3793994 ], [ 31.0302785, 70.3788418 ], [ 31.0301476, 70.3787645 ], [ 31.0300351, 70.3786981 ], [ 31.0299379, 70.3786547 ], [ 31.0298104, 70.3786136 ], [ 31.0296866, 70.3785166 ], [ 31.0296133, 70.3781894 ], [ 31.0295861, 70.3777376 ], [ 31.0295227, 70.3775416 ], [ 31.0288951, 70.3766863 ], [ 31.0287241, 70.3764938 ], [ 31.0285675, 70.3762291 ], [ 31.0283941, 70.3758484 ], [ 31.0282342, 70.3753909 ], [ 31.0278301, 70.3744012 ], [ 31.0278112, 70.3742933 ], [ 31.0278746, 70.3741209 ], [ 31.0336919, 70.3731975 ], [ 31.0339364, 70.3731293 ], [ 31.0354738, 70.3729183 ], [ 31.0362802, 70.3727683 ], [ 31.0395717, 70.3722674 ], [ 31.0405191, 70.3720807 ], [ 31.0423312, 70.3716224 ], [ 31.0439443, 70.3710636 ], [ 31.0449614, 70.3706309 ], [ 31.0455533, 70.3703394 ], [ 31.045673, 70.3701865 ], [ 31.0458787, 70.3700586 ], [ 31.0461699, 70.3699397 ], [ 31.0468969, 70.3692498 ], [ 31.0470383, 70.3690767 ], [ 31.0470106, 70.3689986 ], [ 31.0471696, 70.3689081 ], [ 31.0476088, 70.3680944 ], [ 31.0477887, 70.3679222 ], [ 31.0476566, 70.3678174 ], [ 31.0473147, 70.3677775 ], [ 31.0470712, 70.367873 ], [ 31.0470163, 70.3681494 ], [ 31.0468538, 70.3683103 ], [ 31.046889, 70.3683687 ], [ 31.0461016, 70.3695436 ], [ 31.0458766, 70.369715 ], [ 31.0452654, 70.3701303 ], [ 31.0446851, 70.3703805 ], [ 31.0442175, 70.3706589 ], [ 31.042941, 70.3711607 ], [ 31.0415123, 70.3715843 ], [ 31.0393623, 70.3720888 ], [ 31.0385313, 70.372145 ], [ 31.0383092, 70.3722471 ], [ 31.0379745, 70.3723231 ], [ 31.0365454, 70.372527 ], [ 31.0349105, 70.3728239 ], [ 31.031566, 70.373352 ], [ 31.0311185, 70.3732935 ], [ 31.0309212, 70.3732225 ], [ 31.0307419, 70.3732277 ], [ 31.0306766, 70.3732675 ], [ 31.0307568, 70.3734266 ], [ 31.0306007, 70.3734966 ], [ 31.0300063, 70.3735682 ], [ 31.0298554, 70.3735521 ], [ 31.0291269, 70.3736687 ], [ 31.0291032, 70.3737131 ], [ 31.0288689, 70.3737649 ], [ 31.0277118, 70.3739578 ], [ 31.0272017, 70.374013 ], [ 31.0269362, 70.373973 ], [ 31.0267629, 70.373971 ], [ 31.0266483, 70.3739886 ], [ 31.0266097, 70.3740386 ], [ 31.0264076, 70.3740611 ], [ 31.0245157, 70.3736188 ], [ 31.0238406, 70.373436 ], [ 31.0233615, 70.3732875 ], [ 31.0232853, 70.3732725 ], [ 31.0230559, 70.3731988 ], [ 31.0223915, 70.3729414 ], [ 31.0208079, 70.3721463 ], [ 31.0204435, 70.3718969 ], [ 31.0201161, 70.371615 ], [ 31.0200055, 70.3714802 ], [ 31.0198984, 70.3713495 ], [ 31.0196922, 70.370971 ], [ 31.0196039, 70.3707169 ], [ 31.0195494, 70.3704358 ], [ 31.0193453, 70.370138 ], [ 31.0191264, 70.369992 ], [ 31.019298, 70.3697543 ], [ 31.0193186, 70.3696817 ], [ 31.0192926, 70.3693977 ], [ 31.0189904, 70.3689093 ], [ 31.0189059, 70.3684972 ], [ 31.0190287, 70.3679743 ], [ 31.0191777, 70.3677632 ], [ 31.0194502, 70.3674666 ], [ 31.0195225, 70.3673602 ], [ 31.0195276, 70.3672608 ], [ 31.0193502, 70.3665129 ], [ 31.0193573, 70.3664095 ], [ 31.0196712, 70.3658275 ], [ 31.0198247, 70.3656965 ], [ 31.0202914, 70.3654444 ], [ 31.0207193, 70.3652447 ], [ 31.0215675, 70.3649233 ], [ 31.0219865, 70.3648342 ], [ 31.0223945, 70.3648218 ], [ 31.0225196, 70.3648439 ], [ 31.0241334, 70.3650448 ], [ 31.0251499, 70.3651563 ], [ 31.025367, 70.3651613 ], [ 31.0256801, 70.3652086 ], [ 31.0258207, 70.3652637 ], [ 31.0262819, 70.3653478 ], [ 31.0263485, 70.3653997 ], [ 31.026493, 70.3654102 ], [ 31.0264984, 70.365328 ], [ 31.0254338, 70.3651421 ], [ 31.025532, 70.3650314 ], [ 31.0256459, 70.3649913 ], [ 31.0270043, 70.3649144 ], [ 31.0283726, 70.3647724 ], [ 31.0285178, 70.3647665 ], [ 31.0286948, 70.3647482 ], [ 31.0287584, 70.3647315 ], [ 31.0287921, 70.3647112 ], [ 31.0287935, 70.3646733 ], [ 31.0289048, 70.3646606 ], [ 31.0292999, 70.3650733 ], [ 31.0296094, 70.365054 ], [ 31.0280466, 70.3633867 ], [ 31.0276668, 70.363424 ], [ 31.0275712, 70.3634132 ], [ 31.0274889, 70.363366 ], [ 31.0274003, 70.363292 ], [ 31.0262302, 70.3620001 ], [ 31.0261434, 70.361887 ], [ 31.0261493, 70.3618681 ], [ 31.0262068, 70.3618442 ], [ 31.0267014, 70.3616946 ], [ 31.0272087, 70.3614991 ], [ 31.0274476, 70.3614791 ], [ 31.0280425, 70.3615111 ], [ 31.0288081, 70.3615347 ], [ 31.0312947, 70.3615948 ], [ 31.031726, 70.3616243 ], [ 31.0323012, 70.3617353 ], [ 31.034162, 70.362124 ], [ 31.0348542, 70.3622799 ], [ 31.0348952, 70.362299 ], [ 31.0348959, 70.3623115 ], [ 31.0348244, 70.3623748 ], [ 31.033481, 70.3632141 ], [ 31.033377, 70.3632936 ], [ 31.0333606, 70.3633217 ], [ 31.0333839, 70.3633592 ], [ 31.0334485, 70.3633815 ], [ 31.033571, 70.3633948 ], [ 31.0350243, 70.3633872 ], [ 31.0412212, 70.363331 ], [ 31.0417085, 70.3633194 ], [ 31.0418521, 70.3633095 ], [ 31.0419088, 70.3632935 ], [ 31.0419243, 70.3632585 ], [ 31.0418483, 70.3626387 ], [ 31.0418494, 70.3623033 ], [ 31.0418074, 70.3619776 ], [ 31.0418455, 70.361806 ], [ 31.0428829, 70.3616101 ], [ 31.0440555, 70.3614028 ], [ 31.0449938, 70.361287 ], [ 31.0460286, 70.3612116 ], [ 31.0462503, 70.3611992 ], [ 31.0464377, 70.3611995 ], [ 31.0471587, 70.3612294 ], [ 31.0480425, 70.3612952 ], [ 31.0484052, 70.3613525 ], [ 31.0486101, 70.3613987 ], [ 31.0495823, 70.3615783 ], [ 31.049932, 70.3616339 ], [ 31.0500033, 70.3616451 ], [ 31.050251, 70.3617034 ], [ 31.0503334, 70.3617412 ], [ 31.0503344, 70.3617623 ], [ 31.0500032, 70.3623647 ], [ 31.0499321, 70.3626307 ], [ 31.0498744, 70.3628463 ], [ 31.0493438, 70.3637744 ], [ 31.0487082, 70.3652462 ], [ 31.0483984, 70.3658445 ], [ 31.0481211, 70.3661252 ], [ 31.0482532, 70.3662048 ], [ 31.048462, 70.3662431 ], [ 31.0487366, 70.3662162 ], [ 31.0489268, 70.3661303 ], [ 31.0488846, 70.3660039 ], [ 31.0492774, 70.3652105 ], [ 31.0492525, 70.3650929 ], [ 31.0495642, 70.3646799 ], [ 31.0497181, 70.364179 ], [ 31.0499321, 70.3638529 ], [ 31.050033, 70.363699 ], [ 31.0500489, 70.3635671 ], [ 31.0501701, 70.3634812 ], [ 31.0501522, 70.3633723 ], [ 31.0504614, 70.3626761 ], [ 31.0506688, 70.3626639 ], [ 31.0514723, 70.3625609 ], [ 31.0522442, 70.362442 ], [ 31.0525221, 70.3623839 ], [ 31.0525867, 70.3623575 ], [ 31.0530237, 70.3620509 ], [ 31.0526514, 70.3620402 ], [ 31.0525011, 70.3619062 ], [ 31.0534643, 70.3613796 ], [ 31.0535638, 70.3613117 ], [ 31.0535584, 70.3612916 ], [ 31.0534714, 70.3613055 ], [ 31.0532945, 70.3611983 ], [ 31.0533445, 70.3610429 ], [ 31.0534031, 70.3609719 ], [ 31.0536751, 70.3607982 ], [ 31.0538122, 70.3606538 ], [ 31.0538676, 70.3604976 ], [ 31.0540374, 70.3604725 ], [ 31.0542603, 70.3603362 ], [ 31.0542026, 70.3602561 ], [ 31.0541023, 70.3601725 ], [ 31.0540486, 70.360169 ], [ 31.0539471, 70.3602078 ], [ 31.0537458, 70.3602342 ], [ 31.0540821, 70.3599734 ], [ 31.0542547, 70.3599705 ], [ 31.0543539, 70.359881 ], [ 31.0542898, 70.3597527 ], [ 31.0540754, 70.3596934 ], [ 31.0539338, 70.3596732 ], [ 31.0538908, 70.3596803 ], [ 31.0538245, 70.3596376 ], [ 31.0540253, 70.3594321 ], [ 31.0540947, 70.359405 ], [ 31.0540648, 70.3592962 ], [ 31.0539829, 70.359284 ], [ 31.0541858, 70.3591914 ], [ 31.0542713, 70.3591355 ], [ 31.0541223, 70.3586564 ], [ 31.0541333, 70.358484 ], [ 31.0540709, 70.3583741 ], [ 31.0539993, 70.3583491 ], [ 31.0540088, 70.3582598 ], [ 31.0540903, 70.3581719 ], [ 31.054171, 70.3581519 ], [ 31.0542061, 70.358032 ], [ 31.0541549, 70.3579947 ], [ 31.0540826, 70.3579917 ], [ 31.0538583, 70.3580024 ], [ 31.0537773, 70.3580234 ], [ 31.0534767, 70.3579383 ], [ 31.0530648, 70.3576294 ], [ 31.053061, 70.357542 ], [ 31.053096, 70.3575117 ], [ 31.0531935, 70.3574669 ], [ 31.0532906, 70.3574044 ], [ 31.0533416, 70.3573051 ], [ 31.0533433, 70.357256 ], [ 31.0533034, 70.3572177 ], [ 31.0532148, 70.3571629 ], [ 31.0531687, 70.3571569 ], [ 31.0531183, 70.3571059 ], [ 31.0531306, 70.3570571 ], [ 31.0532101, 70.3569261 ], [ 31.0535188, 70.3568665 ], [ 31.0537794, 70.3567941 ], [ 31.0539752, 70.3562488 ], [ 31.0539471, 70.3561109 ], [ 31.0538802, 70.3559636 ], [ 31.0536211, 70.3558494 ], [ 31.0536485, 70.3557104 ], [ 31.0537027, 70.3556788 ], [ 31.0536999, 70.3556152 ], [ 31.0534731, 70.3556105 ], [ 31.053071, 70.3556813 ], [ 31.0530395, 70.3556681 ], [ 31.0529795, 70.3555998 ], [ 31.0529659, 70.3555016 ], [ 31.0530214, 70.3554091 ], [ 31.0530833, 70.3553975 ], [ 31.0532404, 70.3552759 ], [ 31.0531486, 70.3550399 ], [ 31.053229, 70.3548501 ], [ 31.0532795, 70.3545133 ], [ 31.0533023, 70.3541806 ], [ 31.053426, 70.3541129 ], [ 31.0536719, 70.3540415 ], [ 31.0538142, 70.3538625 ], [ 31.0538512, 70.3535193 ], [ 31.0538052, 70.3534343 ], [ 31.0538093, 70.3531942 ], [ 31.0537274, 70.3529909 ], [ 31.0536229, 70.3528656 ], [ 31.0536952, 70.3527502 ], [ 31.0537274, 70.3527266 ], [ 31.0539, 70.3527102 ], [ 31.0541028, 70.3527754 ], [ 31.054199, 70.3527784 ], [ 31.0546257, 70.3525168 ], [ 31.054772, 70.3522717 ], [ 31.0549808, 70.3522753 ], [ 31.0550748, 70.3522129 ], [ 31.0550498, 70.3521945 ], [ 31.0547906, 70.3521259 ], [ 31.0546915, 70.3521288 ], [ 31.0545609, 70.3520909 ], [ 31.0545699, 70.351986 ], [ 31.0543866, 70.3519837 ], [ 31.054059, 70.351905 ], [ 31.0541678, 70.3517113 ], [ 31.054432, 70.3516988 ], [ 31.0544037, 70.3515229 ], [ 31.0541653, 70.351441 ], [ 31.0541395, 70.3513959 ], [ 31.0541411, 70.3513184 ], [ 31.0541821, 70.3512782 ], [ 31.054265, 70.35123 ], [ 31.0542754, 70.3512513 ], [ 31.0545015, 70.3512966 ], [ 31.0548545, 70.351281 ], [ 31.0549084, 70.3512636 ], [ 31.0550354, 70.3511755 ], [ 31.0550328, 70.3511659 ], [ 31.0550008, 70.3511596 ], [ 31.0548174, 70.3511472 ], [ 31.0547883, 70.3510899 ], [ 31.0548529, 70.351036 ], [ 31.0551797, 70.3508548 ], [ 31.0553293, 70.3507501 ], [ 31.0555582, 70.3505254 ], [ 31.0556492, 70.3504136 ], [ 31.0557992, 70.3501465 ], [ 31.0557782, 70.3500007 ], [ 31.0557171, 70.3498442 ], [ 31.0556286, 70.3497828 ], [ 31.0554754, 70.3497335 ], [ 31.0550114, 70.3496089 ], [ 31.0549611, 70.3495718 ], [ 31.0548918, 70.3495444 ], [ 31.0547471, 70.3496046 ], [ 31.0545045, 70.3497573 ], [ 31.0544632, 70.34979 ], [ 31.0544008, 70.3499016 ], [ 31.0544066, 70.3499119 ], [ 31.054448, 70.3499148 ], [ 31.0548045, 70.34988 ], [ 31.0548261, 70.3498983 ], [ 31.0547346, 70.3499327 ], [ 31.0544877, 70.3499378 ], [ 31.0543382, 70.3498972 ], [ 31.0544072, 70.3497396 ], [ 31.054283, 70.3496403 ], [ 31.0536354, 70.3493187 ], [ 31.0533731, 70.3492868 ], [ 31.053177, 70.3492778 ], [ 31.0523007, 70.3493722 ], [ 31.0522051, 70.3493999 ], [ 31.052003, 70.3495756 ], [ 31.0519643, 70.3496767 ], [ 31.0520536, 70.3497149 ], [ 31.0520355, 70.3497733 ], [ 31.0515255, 70.3499752 ], [ 31.0513099, 70.3500007 ], [ 31.0511355, 70.3500213 ], [ 31.050957, 70.3500331 ], [ 31.0507449, 70.3500312 ], [ 31.050323, 70.3500079 ], [ 31.0502721, 70.3500007 ], [ 31.0500549, 70.3499699 ], [ 31.0499322, 70.3499397 ], [ 31.0495018, 70.3498339 ], [ 31.0492684, 70.3496683 ], [ 31.0491222, 70.3495248 ], [ 31.0491117, 70.3494882 ], [ 31.0490292, 70.3494039 ], [ 31.0487309, 70.349305 ], [ 31.0486959, 70.3493077 ], [ 31.0486357, 70.349336 ], [ 31.0486009, 70.349401 ], [ 31.0486249, 70.3494544 ], [ 31.0486492, 70.3494648 ], [ 31.0486566, 70.3495109 ], [ 31.0486241, 70.3495828 ], [ 31.0481362, 70.3495988 ], [ 31.0474913, 70.3495816 ], [ 31.047218, 70.3495319 ], [ 31.0469804, 70.3494754 ], [ 31.0465711, 70.3493398 ], [ 31.0462708, 70.3492217 ], [ 31.0456141, 70.3488593 ], [ 31.0454456, 70.3487411 ], [ 31.0453741, 70.3486434 ], [ 31.0453574, 70.3485871 ], [ 31.0454916, 70.3483532 ], [ 31.0457137, 70.3480412 ], [ 31.0457717, 70.3478455 ], [ 31.045815, 70.3475882 ], [ 31.0458152, 70.3474672 ], [ 31.0457732, 70.3472679 ], [ 31.0457188, 70.347189 ], [ 31.0456191, 70.3469309 ], [ 31.0455212, 70.3464776 ], [ 31.0457219, 70.3463036 ], [ 31.045805, 70.3461863 ], [ 31.0456745, 70.3461289 ], [ 31.0455993, 70.3460778 ], [ 31.0456232, 70.3460084 ], [ 31.0458749, 70.3458449 ], [ 31.0459319, 70.3457798 ], [ 31.0459096, 70.3457446 ], [ 31.0457799, 70.3456818 ], [ 31.0455686, 70.3456291 ], [ 31.0453549, 70.3454875 ], [ 31.0452276, 70.3453618 ], [ 31.0452269, 70.3452188 ], [ 31.0453462, 70.3450488 ], [ 31.0454667, 70.3449584 ], [ 31.0456499, 70.3448918 ], [ 31.0457905, 70.3447612 ], [ 31.0459231, 70.3445743 ], [ 31.0458645, 70.3445093 ], [ 31.0459143, 70.3444654 ], [ 31.0462323, 70.3443196 ], [ 31.0461772, 70.3442465 ], [ 31.046108, 70.3442382 ], [ 31.0460761, 70.3442406 ], [ 31.0460265, 70.3442801 ], [ 31.0458745, 70.3442974 ], [ 31.0458443, 70.3441891 ], [ 31.0458659, 70.344129 ], [ 31.04605, 70.3439398 ], [ 31.0461759, 70.3439456 ], [ 31.0462035, 70.343941 ], [ 31.0462992, 70.3438909 ], [ 31.046482, 70.3437629 ], [ 31.0464543, 70.343707 ], [ 31.0464226, 70.3437045 ], [ 31.0462284, 70.3437278 ], [ 31.0460702, 70.3437063 ], [ 31.0460384, 70.3436538 ], [ 31.0460675, 70.3435353 ], [ 31.0462092, 70.3435004 ], [ 31.0462486, 70.3435026 ], [ 31.0462766, 70.343493 ], [ 31.0463791, 70.3434203 ], [ 31.0463462, 70.3433108 ], [ 31.0461853, 70.3432105 ], [ 31.0461781, 70.3431513 ], [ 31.0463608, 70.3430877 ], [ 31.0464728, 70.3431669 ], [ 31.0464533, 70.3431748 ], [ 31.0465494, 70.34316 ], [ 31.0466979, 70.3429778 ], [ 31.0466861, 70.3428351 ], [ 31.0464996, 70.3426347 ], [ 31.0460851, 70.3424548 ], [ 31.0455664, 70.3420529 ], [ 31.0455021, 70.3419814 ], [ 31.0454641, 70.3419165 ], [ 31.045396, 70.3416819 ], [ 31.0454626, 70.3416534 ], [ 31.0455417, 70.3416428 ], [ 31.0456077, 70.3416473 ], [ 31.0457806, 70.3414968 ], [ 31.045448, 70.3414532 ], [ 31.0453381, 70.3414218 ], [ 31.0451843, 70.3413252 ], [ 31.045086, 70.3412321 ], [ 31.0449943, 70.3410886 ], [ 31.0450933, 70.3403975 ], [ 31.0450663, 70.3403472 ], [ 31.0449172, 70.3402428 ], [ 31.0448736, 70.3401261 ], [ 31.0449248, 70.3394774 ], [ 31.0449828, 70.3392588 ], [ 31.0447675, 70.3391192 ], [ 31.0447396, 70.3388222 ], [ 31.044577, 70.3386484 ], [ 31.044506, 70.3384873 ], [ 31.0445067, 70.3384476 ], [ 31.0445983, 70.3383057 ], [ 31.0445947, 70.3382155 ], [ 31.0445219, 70.3380383 ], [ 31.044343, 70.3377877 ], [ 31.0439212, 70.3370528 ], [ 31.0438807, 70.3368785 ], [ 31.0439113, 70.3364927 ], [ 31.0439375, 70.3364149 ], [ 31.0442605, 70.3359484 ], [ 31.0443604, 70.335908 ], [ 31.0446063, 70.3358429 ], [ 31.0449986, 70.335649 ], [ 31.0450526, 70.335682 ], [ 31.0448814, 70.3358516 ], [ 31.0448965, 70.3358585 ], [ 31.0449826, 70.3358497 ], [ 31.0451052, 70.3358072 ], [ 31.0453019, 70.335647 ], [ 31.0453602, 70.3355362 ], [ 31.0455735, 70.3354796 ], [ 31.0457326, 70.3354843 ], [ 31.0458264, 70.3354052 ], [ 31.0457493, 70.3352922 ], [ 31.0457759, 70.3352368 ], [ 31.0460566, 70.3351405 ], [ 31.0461356, 70.3350277 ], [ 31.0459246, 70.33489 ], [ 31.0460786, 70.3347512 ], [ 31.0465543, 70.3346496 ], [ 31.0466975, 70.3344407 ], [ 31.0466221, 70.3343937 ], [ 31.0471509, 70.3343458 ], [ 31.0474941, 70.3342818 ], [ 31.0474957, 70.3342735 ], [ 31.047403, 70.3342518 ], [ 31.047274, 70.3342622 ], [ 31.0472891, 70.3342417 ], [ 31.047483, 70.334201 ], [ 31.0478413, 70.3342078 ], [ 31.0479954, 70.3341842 ], [ 31.0479744, 70.3341318 ], [ 31.0479324, 70.3341127 ], [ 31.047892, 70.3341082 ], [ 31.0477481, 70.333959 ], [ 31.0481811, 70.3340245 ], [ 31.0483885, 70.3339996 ], [ 31.0484051, 70.3338833 ], [ 31.0484694, 70.3338141 ], [ 31.048344, 70.3337288 ], [ 31.047867, 70.3336468 ], [ 31.0481764, 70.3335805 ], [ 31.0492061, 70.3335049 ], [ 31.0495073, 70.3335249 ], [ 31.0498351, 70.3334617 ], [ 31.0499322, 70.3334311 ], [ 31.0499611, 70.333422 ], [ 31.0499567, 70.3334035 ], [ 31.049932, 70.3333903 ], [ 31.0498956, 70.3333705 ], [ 31.0496805, 70.3332995 ], [ 31.0496473, 70.3332302 ], [ 31.0496781, 70.3332269 ], [ 31.0496852, 70.3332121 ], [ 31.049514, 70.3331102 ], [ 31.0491913, 70.3329893 ], [ 31.0490718, 70.3329617 ], [ 31.048918, 70.3329827 ], [ 31.04866, 70.3329679 ], [ 31.0491044, 70.3329332 ], [ 31.0493103, 70.3329871 ], [ 31.0495742, 70.3330864 ], [ 31.0499255, 70.333238 ], [ 31.049932, 70.3332376 ], [ 31.050073, 70.3332279 ], [ 31.050139, 70.3331792 ], [ 31.0501833, 70.333097 ], [ 31.0500807, 70.3329865 ], [ 31.050381, 70.3330335 ], [ 31.0504577, 70.3330554 ], [ 31.0506156, 70.3330458 ], [ 31.0506781, 70.3330095 ], [ 31.050635, 70.3328982 ], [ 31.0505735, 70.3328627 ], [ 31.050026, 70.3326269 ], [ 31.0499321, 70.3325949 ], [ 31.0496848, 70.3325106 ], [ 31.049465, 70.3324795 ], [ 31.0490146, 70.3323124 ], [ 31.0489663, 70.3322657 ], [ 31.0489911, 70.332206 ], [ 31.0492317, 70.3320278 ], [ 31.0493814, 70.3319579 ], [ 31.0494084, 70.3319546 ], [ 31.049671, 70.3319919 ], [ 31.049932, 70.3320645 ], [ 31.0503065, 70.3321685 ], [ 31.0510507, 70.3322183 ], [ 31.0511599, 70.3322453 ], [ 31.0515861, 70.3322801 ], [ 31.0516779, 70.3322398 ], [ 31.0517038, 70.3321833 ], [ 31.0516719, 70.3321591 ], [ 31.0515237, 70.3321178 ], [ 31.0511892, 70.332067 ], [ 31.0510829, 70.3320396 ], [ 31.0510844, 70.3320268 ], [ 31.0512824, 70.3320025 ], [ 31.0517597, 70.3321019 ], [ 31.0521768, 70.3320148 ], [ 31.0524575, 70.3319425 ], [ 31.0524115, 70.3318723 ], [ 31.0522766, 70.3318819 ], [ 31.0519927, 70.331848 ], [ 31.0516089, 70.3318516 ], [ 31.0512627, 70.3318876 ], [ 31.0506392, 70.3319013 ], [ 31.0506774, 70.3318892 ], [ 31.0518468, 70.3317821 ], [ 31.0521204, 70.3317815 ], [ 31.0521518, 70.3317626 ], [ 31.0521577, 70.33171 ], [ 31.0520015, 70.331647 ], [ 31.0518739, 70.3316102 ], [ 31.0517857, 70.3316038 ], [ 31.051654, 70.331572 ], [ 31.0516088, 70.3314937 ], [ 31.0519071, 70.3314867 ], [ 31.0521696, 70.3315033 ], [ 31.0522822, 70.3315081 ], [ 31.0524188, 70.3314878 ], [ 31.0524469, 70.3314702 ], [ 31.0524418, 70.331431 ], [ 31.052177, 70.3313453 ], [ 31.052058, 70.3313335 ], [ 31.0519303, 70.3313096 ], [ 31.0516174, 70.3312982 ], [ 31.0514608, 70.3313069 ], [ 31.0512418, 70.3313317 ], [ 31.0510079, 70.3313253 ], [ 31.0512107, 70.3309523 ], [ 31.0513118, 70.330893 ], [ 31.0514729, 70.330844 ], [ 31.0517419, 70.3308518 ], [ 31.0518024, 70.3308614 ], [ 31.0519582, 70.3309138 ], [ 31.0520335, 70.3309665 ], [ 31.0531448, 70.3311273 ], [ 31.0532219, 70.3311313 ], [ 31.0533106, 70.3311198 ], [ 31.0534293, 70.3310617 ], [ 31.0533839, 70.3310026 ], [ 31.0533118, 70.3309689 ], [ 31.0529179, 70.3307998 ], [ 31.0526613, 70.3307624 ], [ 31.0522225, 70.3306515 ], [ 31.052393, 70.3305572 ], [ 31.0524073, 70.3304797 ], [ 31.0523283, 70.3303798 ], [ 31.0521924, 70.3302925 ], [ 31.0523401, 70.3301463 ], [ 31.052646, 70.3299907 ], [ 31.0540247, 70.3301624 ], [ 31.0540862, 70.3301488 ], [ 31.0541351, 70.3300623 ], [ 31.0541002, 70.3300463 ], [ 31.0539864, 70.330027 ], [ 31.0538604, 70.3300271 ], [ 31.0537513, 70.3300105 ], [ 31.0534679, 70.329947 ], [ 31.0532374, 70.3298814 ], [ 31.0527586, 70.3296722 ], [ 31.0527378, 70.3296521 ], [ 31.0527691, 70.3296473 ], [ 31.0530096, 70.3296964 ], [ 31.0535746, 70.3297332 ], [ 31.0546734, 70.3296887 ], [ 31.0549378, 70.3296424 ], [ 31.0549782, 70.3296249 ], [ 31.0549687, 70.3296077 ], [ 31.0549036, 70.3295882 ], [ 31.0547954, 70.3295721 ], [ 31.0543627, 70.3295425 ], [ 31.0539366, 70.3295483 ], [ 31.0537058, 70.3295403 ], [ 31.0536106, 70.3295144 ], [ 31.0536174, 70.3294837 ], [ 31.0538142, 70.3294054 ], [ 31.0539042, 70.3293883 ], [ 31.0539985, 70.329385 ], [ 31.0541076, 70.3293947 ], [ 31.0549276, 70.3293972 ], [ 31.0553481, 70.3293693 ], [ 31.0558503, 70.3292918 ], [ 31.055903, 70.3292741 ], [ 31.0559306, 70.3292436 ], [ 31.0559709, 70.3291663 ], [ 31.0558403, 70.329105 ], [ 31.055556, 70.3290042 ], [ 31.0555076, 70.3289983 ], [ 31.0553273, 70.3288885 ], [ 31.0551867, 70.3287244 ], [ 31.055227, 70.3287181 ], [ 31.0553064, 70.3287353 ], [ 31.05552, 70.3288345 ], [ 31.0556741, 70.3288899 ], [ 31.056121, 70.3289297 ], [ 31.0561422, 70.3289209 ], [ 31.0561081, 70.328786 ], [ 31.0560809, 70.3287733 ], [ 31.0560116, 70.3287657 ], [ 31.0558771, 70.3286474 ], [ 31.056043, 70.3286399 ], [ 31.0561342, 70.3286652 ], [ 31.0561674, 70.3286659 ], [ 31.0561689, 70.3286401 ], [ 31.0560346, 70.3285448 ], [ 31.0559749, 70.3285238 ], [ 31.0559248, 70.3285199 ], [ 31.0554551, 70.3285139 ], [ 31.0549519, 70.3285392 ], [ 31.0548275, 70.3285552 ], [ 31.0544306, 70.3283991 ], [ 31.05442, 70.3283808 ], [ 31.0544273, 70.3283574 ], [ 31.054473, 70.3283234 ], [ 31.05461, 70.328246 ], [ 31.0546563, 70.3282288 ], [ 31.0547394, 70.3282183 ], [ 31.0549465, 70.3281464 ], [ 31.0550248, 70.3280461 ], [ 31.0552217, 70.3279581 ], [ 31.0553791, 70.3280412 ], [ 31.0555511, 70.3281056 ], [ 31.0558093, 70.3281528 ], [ 31.0559433, 70.3281443 ], [ 31.0559843, 70.3281324 ], [ 31.0559907, 70.32808 ], [ 31.0558979, 70.3279922 ], [ 31.0559679, 70.3279561 ], [ 31.0560481, 70.3279448 ], [ 31.0561167, 70.3279636 ], [ 31.056367, 70.3280768 ], [ 31.0564498, 70.3280859 ], [ 31.0564971, 70.3280839 ], [ 31.0565275, 70.3280746 ], [ 31.0565182, 70.3280293 ], [ 31.0561766, 70.3278243 ], [ 31.0555498, 70.3275882 ], [ 31.0553012, 70.3275778 ], [ 31.0548455, 70.3275392 ], [ 31.0547091, 70.3275087 ], [ 31.0546284, 70.3274786 ], [ 31.0546649, 70.3274626 ], [ 31.0549187, 70.3274621 ], [ 31.0556035, 70.3275478 ], [ 31.0560443, 70.3275644 ], [ 31.0565319, 70.3275206 ], [ 31.0567647, 70.3273957 ], [ 31.0567966, 70.3272681 ], [ 31.0567805, 70.3272334 ], [ 31.0564652, 70.32702 ], [ 31.0561617, 70.3268549 ], [ 31.0558316, 70.326792 ], [ 31.0555823, 70.326778 ], [ 31.0554282, 70.3267933 ], [ 31.0552227, 70.3267992 ], [ 31.0549746, 70.3267679 ], [ 31.0549406, 70.3267502 ], [ 31.0551161, 70.3263649 ], [ 31.0555712, 70.3260242 ], [ 31.0556666, 70.3259684 ], [ 31.055922, 70.3258904 ], [ 31.0560139, 70.3257845 ], [ 31.0560695, 70.3257431 ], [ 31.0562699, 70.3256624 ], [ 31.0563286, 70.325661 ], [ 31.0564493, 70.32569 ], [ 31.0565782, 70.3257608 ], [ 31.0566981, 70.3258092 ], [ 31.056751, 70.3258162 ], [ 31.0569661, 70.3258007 ], [ 31.0570407, 70.3257794 ], [ 31.0573998, 70.3255146 ], [ 31.0574527, 70.3253947 ], [ 31.057058, 70.3251153 ], [ 31.0569421, 70.3250617 ], [ 31.0565991, 70.3249489 ], [ 31.0565605, 70.3249182 ], [ 31.0565853, 70.3249057 ], [ 31.0566877, 70.3249085 ], [ 31.0570445, 70.3250213 ], [ 31.0575057, 70.3252559 ], [ 31.0577342, 70.3253457 ], [ 31.0579126, 70.3252809 ], [ 31.0577966, 70.3252387 ], [ 31.0576896, 70.3252217 ], [ 31.0574121, 70.3251344 ], [ 31.0574041, 70.3251186 ], [ 31.0580678, 70.3249673 ], [ 31.0581636, 70.3249601 ], [ 31.0583661, 70.3249856 ], [ 31.0588506, 70.325175 ], [ 31.0588925, 70.3251796 ], [ 31.0589237, 70.3251699 ], [ 31.0591324, 70.3249301 ], [ 31.0591313, 70.3248953 ], [ 31.0590529, 70.3248316 ], [ 31.0587509, 70.3247852 ], [ 31.058428, 70.3248247 ], [ 31.0582936, 70.3248761 ], [ 31.0581315, 70.3247598 ], [ 31.0581347, 70.3247334 ], [ 31.0582734, 70.3247035 ], [ 31.0585093, 70.3246694 ], [ 31.0586687, 70.3245629 ], [ 31.0587312, 70.324541 ], [ 31.0588708, 70.3245128 ], [ 31.0592474, 70.3244694 ], [ 31.059281, 70.3244713 ], [ 31.059286, 70.3244812 ], [ 31.0592089, 70.3245335 ], [ 31.0592322, 70.3246085 ], [ 31.0592781, 70.3246431 ], [ 31.0593493, 70.324667 ], [ 31.0594518, 70.3246624 ], [ 31.0594768, 70.3246539 ], [ 31.0595037, 70.3242812 ], [ 31.0594643, 70.3242159 ], [ 31.059261, 70.3240345 ], [ 31.0588498, 70.3240089 ], [ 31.0587309, 70.324027 ], [ 31.0584704, 70.3239826 ], [ 31.0583921, 70.3239641 ], [ 31.0580313, 70.3238165 ], [ 31.0580045, 70.3237944 ], [ 31.0580116, 70.3237804 ], [ 31.0580454, 70.3237727 ], [ 31.0588813, 70.3236553 ], [ 31.0594703, 70.3235142 ], [ 31.059447, 70.3234255 ], [ 31.0593853, 70.3233608 ], [ 31.0592742, 70.3232848 ], [ 31.0590416, 70.3232154 ], [ 31.0585794, 70.323096 ], [ 31.0586102, 70.3230264 ], [ 31.0588736, 70.3227151 ], [ 31.0586192, 70.3225394 ], [ 31.0586125, 70.3222884 ], [ 31.0585776, 70.3221328 ], [ 31.0581978, 70.3221253 ], [ 31.058037, 70.3221052 ], [ 31.0580792, 70.3219805 ], [ 31.0583611, 70.3218335 ], [ 31.0588176, 70.3218155 ], [ 31.0592966, 70.3216951 ], [ 31.059396, 70.3216316 ], [ 31.0594155, 70.321506 ], [ 31.0592755, 70.3214764 ], [ 31.0589264, 70.3214208 ], [ 31.058453, 70.3213881 ], [ 31.0582246, 70.3213833 ], [ 31.058183, 70.3213865 ], [ 31.0580654, 70.3214191 ], [ 31.0580086, 70.3214222 ], [ 31.0574565, 70.3213267 ], [ 31.0574293, 70.321313 ], [ 31.0574277, 70.3212845 ], [ 31.057446, 70.3209827 ], [ 31.057503, 70.3208395 ], [ 31.0576776, 70.3205136 ], [ 31.0578783, 70.3202332 ], [ 31.0579027, 70.3202141 ], [ 31.0579699, 70.3202055 ], [ 31.0581582, 70.3202219 ], [ 31.0583155, 70.3202138 ], [ 31.0585893, 70.3201847 ], [ 31.0586208, 70.320177 ], [ 31.0586318, 70.3201634 ], [ 31.0586263, 70.3199146 ], [ 31.0586103, 70.3198961 ], [ 31.0585243, 70.3198707 ], [ 31.0584017, 70.3198489 ], [ 31.058191, 70.3198392 ], [ 31.058053, 70.3198194 ], [ 31.0582929, 70.3197102 ], [ 31.0581643, 70.3196049 ], [ 31.0583807, 70.3195461 ], [ 31.0583917, 70.3194594 ], [ 31.058302, 70.3193339 ], [ 31.0581922, 70.3190324 ], [ 31.058205, 70.3190173 ], [ 31.0583696, 70.3189647 ], [ 31.0584937, 70.3189532 ], [ 31.0583248, 70.3187322 ], [ 31.0582333, 70.3186707 ], [ 31.0581641, 70.3184903 ], [ 31.0581666, 70.3183911 ], [ 31.0585287, 70.3182507 ], [ 31.0588195, 70.3182829 ], [ 31.0591122, 70.3182671 ], [ 31.0592087, 70.3182342 ], [ 31.0591778, 70.3182075 ], [ 31.0590847, 70.3181698 ], [ 31.0589109, 70.3181291 ], [ 31.0587277, 70.3180917 ], [ 31.0584882, 70.3180696 ], [ 31.0587757, 70.3180401 ], [ 31.0592655, 70.3181066 ], [ 31.059287, 70.3180314 ], [ 31.0592406, 70.3180091 ], [ 31.0586808, 70.317877 ], [ 31.058366, 70.3178418 ], [ 31.0580492, 70.3177819 ], [ 31.0579803, 70.3177597 ], [ 31.0579855, 70.317743 ], [ 31.0581647, 70.3176185 ], [ 31.058343, 70.3175511 ], [ 31.058927, 70.3176256 ], [ 31.0589515, 70.3175577 ], [ 31.0586106, 70.317355 ], [ 31.0584554, 70.3173015 ], [ 31.0578639, 70.3172058 ], [ 31.0577545, 70.3171947 ], [ 31.0578043, 70.317129 ], [ 31.0580724, 70.3170771 ], [ 31.0581921, 70.3170334 ], [ 31.058149, 70.3170143 ], [ 31.0579588, 70.3169682 ], [ 31.0579168, 70.3169648 ], [ 31.0578722, 70.3168482 ], [ 31.0578925, 70.3168366 ], [ 31.0578852, 70.3168104 ], [ 31.0577735, 70.3167438 ], [ 31.0575263, 70.3166781 ], [ 31.0571608, 70.3166084 ], [ 31.0568215, 70.3165738 ], [ 31.0567376, 70.3165731 ], [ 31.0568234, 70.3163837 ], [ 31.0567077, 70.3163148 ], [ 31.0559753, 70.3162199 ], [ 31.0564497, 70.3160277 ], [ 31.0557435, 70.3158007 ], [ 31.0551943, 70.3156487 ], [ 31.0552166, 70.3156084 ], [ 31.0555518, 70.3156261 ], [ 31.0558593, 70.3156137 ], [ 31.0556936, 70.315466 ], [ 31.0554154, 70.3153489 ], [ 31.0546521, 70.3151561 ], [ 31.0544562, 70.3151301 ], [ 31.0543313, 70.3151229 ], [ 31.0538572, 70.3152404 ], [ 31.053733, 70.3152333 ], [ 31.0536742, 70.3152213 ], [ 31.0535777, 70.3151824 ], [ 31.0535458, 70.3151541 ], [ 31.0537111, 70.3150852 ], [ 31.0538931, 70.3148597 ], [ 31.0538394, 70.3148076 ], [ 31.0537359, 70.314775 ], [ 31.0533316, 70.3147424 ], [ 31.0532685, 70.3147444 ], [ 31.0532187, 70.31476 ], [ 31.0533756, 70.3146244 ], [ 31.0534749, 70.3146182 ], [ 31.0535905, 70.314588 ], [ 31.0536791, 70.3145388 ], [ 31.0535255, 70.3144153 ], [ 31.0534709, 70.3143948 ], [ 31.0531253, 70.3143522 ], [ 31.0532539, 70.3142978 ], [ 31.0532753, 70.314273 ], [ 31.0532671, 70.3142436 ], [ 31.0531882, 70.3141768 ], [ 31.0527263, 70.313885 ], [ 31.0527763, 70.3138261 ], [ 31.0530261, 70.3138536 ], [ 31.0530711, 70.3138177 ], [ 31.0530568, 70.3137709 ], [ 31.0528534, 70.31365 ], [ 31.0524804, 70.3135951 ], [ 31.0523752, 70.3135387 ], [ 31.0520904, 70.3133549 ], [ 31.0519547, 70.3132448 ], [ 31.0519584, 70.3131817 ], [ 31.0520165, 70.3130769 ], [ 31.0515688, 70.3129352 ], [ 31.0512817, 70.3128282 ], [ 31.0512599, 70.3128027 ], [ 31.0514058, 70.3127375 ], [ 31.051181, 70.3126212 ], [ 31.0503813, 70.312399 ], [ 31.0503084, 70.3123622 ], [ 31.0502509, 70.3123213 ], [ 31.0502632, 70.3123107 ], [ 31.0503775, 70.3123078 ], [ 31.0507206, 70.3122183 ], [ 31.0506936, 70.3121648 ], [ 31.0505246, 70.3120676 ], [ 31.0501098, 70.311896 ], [ 31.0499321, 70.311846 ], [ 31.0495714, 70.3117808 ], [ 31.049553, 70.3117828 ], [ 31.0495515, 70.311795 ], [ 31.0497188, 70.3118899 ], [ 31.0496536, 70.3119927 ], [ 31.0496416, 70.3119016 ], [ 31.0494191, 70.3117456 ], [ 31.0493457, 70.3117133 ], [ 31.0489221, 70.3116548 ], [ 31.0482144, 70.3115384 ], [ 31.0477071, 70.3111453 ], [ 31.0476738, 70.3109965 ], [ 31.0472001, 70.3108545 ], [ 31.0470991, 70.3108521 ], [ 31.0469799, 70.3108625 ], [ 31.0467378, 70.3108025 ], [ 31.0466702, 70.3107112 ], [ 31.0466826, 70.3104786 ], [ 31.0464571, 70.3103902 ], [ 31.0460008, 70.3102742 ], [ 31.0457994, 70.3101789 ], [ 31.0458741, 70.3101407 ], [ 31.0458889, 70.3101209 ], [ 31.0457205, 70.3100307 ], [ 31.0456541, 70.3100071 ], [ 31.045232, 70.3099313 ], [ 31.0451595, 70.3099262 ], [ 31.0448074, 70.3098453 ], [ 31.0451677, 70.3097301 ], [ 31.0451885, 70.3097047 ], [ 31.045177, 70.3096713 ], [ 31.0450894, 70.3095895 ], [ 31.0435124, 70.3093762 ], [ 31.0434775, 70.3093645 ], [ 31.0435138, 70.3093521 ], [ 31.0440539, 70.3093319 ], [ 31.0444583, 70.3092627 ], [ 31.0439686, 70.3091666 ], [ 31.0437711, 70.3090524 ], [ 31.0433219, 70.3088561 ], [ 31.0429086, 70.3088305 ], [ 31.0422364, 70.3088241 ], [ 31.0413745, 70.308729 ], [ 31.0407906, 70.3084362 ], [ 31.0405307, 70.3083295 ], [ 31.0403372, 70.3082323 ], [ 31.0401964, 70.308133 ], [ 31.0399952, 70.307894 ], [ 31.039822, 70.3074266 ], [ 31.0396866, 70.3072043 ], [ 31.0391992, 70.3066706 ], [ 31.0389427, 70.3062477 ], [ 31.0388649, 70.3060507 ], [ 31.0388012, 70.3057939 ], [ 31.0387861, 70.3056049 ], [ 31.0388438, 70.3051175 ], [ 31.0389141, 70.3048456 ], [ 31.0389973, 70.3045864 ], [ 31.0391656, 70.3041807 ], [ 31.0394983, 70.3035198 ], [ 31.0398705, 70.302974 ], [ 31.0401531, 70.3024695 ], [ 31.0402216, 70.3023324 ], [ 31.0403746, 70.3018803 ], [ 31.0404361, 70.3017541 ], [ 31.0411127, 70.3006386 ], [ 31.0414595, 70.3002611 ], [ 31.0416805, 70.3000708 ], [ 31.0418134, 70.3000007 ], [ 31.042199, 70.2997972 ], [ 31.0423838, 70.2997344 ], [ 31.0426006, 70.2997349 ], [ 31.042856, 70.2996779 ], [ 31.043082, 70.2995188 ], [ 31.0434828, 70.2992933 ], [ 31.0444352, 70.2984662 ], [ 31.0446458, 70.2982998 ], [ 31.044816, 70.298183 ], [ 31.0452107, 70.2979858 ], [ 31.0453772, 70.2979327 ], [ 31.0454794, 70.2979189 ], [ 31.0467923, 70.2978616 ], [ 31.0468392, 70.2979678 ], [ 31.0469969, 70.2979403 ], [ 31.0473089, 70.2978406 ], [ 31.0481501, 70.2973769 ], [ 31.0483177, 70.2972111 ], [ 31.0482157, 70.2971673 ], [ 31.0491262, 70.2967146 ], [ 31.0493986, 70.2966067 ], [ 31.0496873, 70.2965309 ], [ 31.0499323, 70.2964771 ], [ 31.0499719, 70.2964684 ], [ 31.0502671, 70.2963834 ], [ 31.0508259, 70.296162 ], [ 31.0510638, 70.2960909 ], [ 31.0514828, 70.2959863 ], [ 31.0514909, 70.2959707 ], [ 31.0514234, 70.2959618 ], [ 31.0509546, 70.2959842 ], [ 31.0506168, 70.2960237 ], [ 31.0504691, 70.2960635 ], [ 31.0502947, 70.2960971 ], [ 31.0501475, 70.2960957 ], [ 31.0501166, 70.2960771 ], [ 31.0503638, 70.2959172 ], [ 31.0520554, 70.2954699 ], [ 31.0521945, 70.2954257 ], [ 31.0526372, 70.2952355 ], [ 31.0526474, 70.2952206 ], [ 31.0525925, 70.2952225 ], [ 31.0514061, 70.2955219 ], [ 31.0512365, 70.2955377 ], [ 31.0511996, 70.2955324 ], [ 31.0520892, 70.2952883 ], [ 31.0527344, 70.2951159 ], [ 31.0531458, 70.2950165 ], [ 31.0533775, 70.2949496 ], [ 31.0534095, 70.2948195 ], [ 31.0531872, 70.294758 ], [ 31.0528451, 70.294768 ], [ 31.0534544, 70.29465 ], [ 31.05403, 70.2944906 ], [ 31.054196, 70.2944317 ], [ 31.0537586, 70.2945152 ], [ 31.0533916, 70.294608 ], [ 31.0533076, 70.2946223 ], [ 31.053242, 70.2946238 ], [ 31.0532186, 70.2946179 ], [ 31.0533224, 70.294585 ], [ 31.0540937, 70.2943985 ], [ 31.0541568, 70.2943755 ], [ 31.0539929, 70.2943945 ], [ 31.053653, 70.2944663 ], [ 31.0529579, 70.2946434 ], [ 31.0528732, 70.2946496 ], [ 31.0528605, 70.29463 ], [ 31.0540472, 70.2943416 ], [ 31.0540534, 70.2943262 ], [ 31.0540336, 70.2943162 ], [ 31.0539825, 70.2943 ], [ 31.053914, 70.2942963 ], [ 31.053767, 70.2943153 ], [ 31.0532011, 70.294438 ], [ 31.0532979, 70.2943814 ], [ 31.0543151, 70.2941195 ], [ 31.0546281, 70.2940505 ], [ 31.0547971, 70.2939978 ], [ 31.0548853, 70.2939175 ], [ 31.054773, 70.2938865 ], [ 31.0548395, 70.2938096 ], [ 31.0549667, 70.2937246 ], [ 31.0552406, 70.2936172 ], [ 31.0549511, 70.2936103 ], [ 31.0544004, 70.2936955 ], [ 31.0542495, 70.2936729 ], [ 31.0542296, 70.2936652 ], [ 31.0542446, 70.2936486 ], [ 31.0550239, 70.2935221 ], [ 31.0553883, 70.2934533 ], [ 31.05574, 70.2933783 ], [ 31.0557522, 70.2933698 ], [ 31.0557205, 70.2933683 ], [ 31.0550967, 70.2934458 ], [ 31.0541579, 70.2935857 ], [ 31.0540771, 70.2935848 ], [ 31.0540745, 70.293557 ], [ 31.0550442, 70.2934306 ], [ 31.0552906, 70.2933836 ], [ 31.056339, 70.2931452 ], [ 31.05635, 70.2931207 ], [ 31.0563072, 70.2931043 ], [ 31.0561697, 70.2930808 ], [ 31.0560876, 70.2930772 ], [ 31.0559552, 70.2930851 ], [ 31.0557839, 70.2931152 ], [ 31.0556209, 70.2931588 ], [ 31.0555273, 70.2930805 ], [ 31.0557788, 70.2929852 ], [ 31.0560506, 70.2928519 ], [ 31.0560731, 70.2928233 ], [ 31.0560381, 70.292808 ], [ 31.0558987, 70.2928047 ], [ 31.0557947, 70.2928196 ], [ 31.0552886, 70.2929256 ], [ 31.0550711, 70.2929892 ], [ 31.0550287, 70.2929944 ], [ 31.0549498, 70.2929576 ], [ 31.0548156, 70.2928512 ], [ 31.0547218, 70.292747 ], [ 31.054657, 70.2925714 ], [ 31.0546376, 70.2924162 ], [ 31.0547197, 70.2921503 ], [ 31.0547766, 70.2920222 ], [ 31.0548783, 70.2918963 ], [ 31.0549866, 70.2918001 ], [ 31.0551397, 70.2917063 ], [ 31.055333, 70.2916171 ], [ 31.0555312, 70.2915639 ], [ 31.0557359, 70.2915788 ], [ 31.0559042, 70.2916321 ], [ 31.0559043, 70.2916466 ], [ 31.0559571, 70.2916778 ], [ 31.0559923, 70.2916839 ], [ 31.0560973, 70.2916801 ], [ 31.0565921, 70.2916034 ], [ 31.056689, 70.2915759 ], [ 31.0567856, 70.2915332 ], [ 31.056567, 70.291399 ], [ 31.0564684, 70.2913128 ], [ 31.0565647, 70.2912934 ], [ 31.0576398, 70.2911842 ], [ 31.0577972, 70.2911866 ], [ 31.0577342, 70.2912349 ], [ 31.0577313, 70.29125 ], [ 31.0577526, 70.291251 ], [ 31.0580039, 70.2912192 ], [ 31.0582228, 70.2911816 ], [ 31.0582523, 70.2911664 ], [ 31.0582805, 70.2911104 ], [ 31.0581717, 70.2910449 ], [ 31.0580438, 70.291031 ], [ 31.0578603, 70.2909923 ], [ 31.0582478, 70.2908409 ], [ 31.0584013, 70.2908141 ], [ 31.0585996, 70.290888 ], [ 31.0587522, 70.2908791 ], [ 31.0588996, 70.2908596 ], [ 31.058968, 70.2908467 ], [ 31.0592927, 70.2907464 ], [ 31.0596584, 70.2906195 ], [ 31.0602736, 70.29053 ], [ 31.0605811, 70.2905144 ], [ 31.0610015, 70.2904369 ], [ 31.0615672, 70.2901486 ], [ 31.0614478, 70.289988 ], [ 31.0616168, 70.2898592 ], [ 31.0617266, 70.289854 ], [ 31.0617554, 70.2898605 ], [ 31.0617263, 70.2899211 ], [ 31.0617079, 70.2900986 ], [ 31.0617327, 70.290138 ], [ 31.0620555, 70.2901012 ], [ 31.0629054, 70.2899842 ], [ 31.0630263, 70.2899597 ], [ 31.0631129, 70.2899139 ], [ 31.0631207, 70.2898922 ], [ 31.062779, 70.2897388 ], [ 31.062548, 70.2897078 ], [ 31.062369, 70.2896947 ], [ 31.0623207, 70.2896765 ], [ 31.062319, 70.2896573 ], [ 31.0623624, 70.2896448 ], [ 31.0630867, 70.2895449 ], [ 31.0637153, 70.289408 ], [ 31.0637838, 70.2892806 ], [ 31.0639788, 70.2890287 ], [ 31.0636839, 70.2887506 ], [ 31.0634715, 70.2886687 ], [ 31.0626246, 70.2884176 ], [ 31.0617938, 70.2882787 ], [ 31.0615504, 70.2882098 ], [ 31.0611178, 70.2880638 ], [ 31.0606137, 70.2878564 ], [ 31.0605168, 70.2877097 ], [ 31.0601892, 70.2876303 ], [ 31.0602519, 70.2876085 ], [ 31.0604085, 70.2875908 ], [ 31.0604951, 70.2875896 ], [ 31.0606476, 70.2876088 ], [ 31.0607876, 70.2875518 ], [ 31.0604241, 70.2874687 ], [ 31.0601257, 70.2873662 ], [ 31.0602167, 70.2872152 ], [ 31.0603366, 70.2871273 ], [ 31.060728, 70.2870267 ], [ 31.0609593, 70.2870726 ], [ 31.0610813, 70.2870788 ], [ 31.0618886, 70.2869902 ], [ 31.0620403, 70.2869272 ], [ 31.0619654, 70.286822 ], [ 31.0617416, 70.2866252 ], [ 31.0615396, 70.2865749 ], [ 31.0604859, 70.2863678 ], [ 31.0603657, 70.2863484 ], [ 31.0601811, 70.2863373 ], [ 31.0591, 70.2863924 ], [ 31.0586465, 70.2864339 ], [ 31.0580959, 70.2864395 ], [ 31.0580595, 70.2864335 ], [ 31.0579881, 70.2863684 ], [ 31.0579676, 70.2863258 ], [ 31.0579894, 70.2862906 ], [ 31.058042, 70.2862673 ], [ 31.0585859, 70.2862093 ], [ 31.0588393, 70.2861174 ], [ 31.0595076, 70.2860502 ], [ 31.0597189, 70.2860387 ], [ 31.0596669, 70.2860248 ], [ 31.0591782, 70.2859607 ], [ 31.0589234, 70.2859703 ], [ 31.0587472, 70.2860047 ], [ 31.0584439, 70.2861286 ], [ 31.0580139, 70.2861179 ], [ 31.0577681, 70.2860203 ], [ 31.0579277, 70.2858487 ], [ 31.0575222, 70.2856732 ], [ 31.0577982, 70.2855826 ], [ 31.0577931, 70.28545 ], [ 31.0575486, 70.2853744 ], [ 31.057426, 70.2853527 ], [ 31.0577888, 70.2852477 ], [ 31.0579577, 70.2852358 ], [ 31.0581511, 70.2852106 ], [ 31.0583084, 70.2851696 ], [ 31.0583318, 70.2851555 ], [ 31.0580547, 70.2849245 ], [ 31.0578886, 70.2848278 ], [ 31.0577437, 70.2847528 ], [ 31.0575499, 70.2846895 ], [ 31.0572371, 70.2846173 ], [ 31.0569145, 70.2845631 ], [ 31.0566812, 70.2845328 ], [ 31.0563673, 70.2845149 ], [ 31.0562309, 70.2845187 ], [ 31.0548461, 70.2846222 ], [ 31.0548062, 70.284621 ], [ 31.0546178, 70.2845832 ], [ 31.05459, 70.2845625 ], [ 31.0546477, 70.2845327 ], [ 31.0548954, 70.2844453 ], [ 31.0551213, 70.284396 ], [ 31.0551356, 70.2843671 ], [ 31.0551239, 70.2843149 ], [ 31.0550821, 70.2842987 ], [ 31.0549641, 70.2842756 ], [ 31.0547423, 70.2842481 ], [ 31.0541068, 70.2842034 ], [ 31.0540347, 70.2840962 ], [ 31.0540678, 70.2840585 ], [ 31.0539174, 70.2839838 ], [ 31.0536954, 70.2839027 ], [ 31.0535343, 70.2838778 ], [ 31.0530024, 70.2838199 ], [ 31.0525907, 70.2837318 ], [ 31.0527462, 70.2836627 ], [ 31.0519551, 70.2835426 ], [ 31.0499323, 70.2833295 ], [ 31.0497911, 70.2833146 ], [ 31.0493516, 70.2832285 ], [ 31.0480741, 70.2830794 ], [ 31.047449, 70.2830402 ], [ 31.046098, 70.2829928 ], [ 31.0452091, 70.2829262 ], [ 31.0440495, 70.2828619 ], [ 31.0422656, 70.2827972 ], [ 31.0410434, 70.2827381 ], [ 31.0409829, 70.2826961 ], [ 31.0405286, 70.2826137 ], [ 31.0400639, 70.2825766 ], [ 31.0379425, 70.2823272 ], [ 31.0370103, 70.282336 ], [ 31.0364486, 70.2822958 ], [ 31.036434, 70.28228 ], [ 31.0363798, 70.2822677 ], [ 31.0361814, 70.2822468 ], [ 31.0358307, 70.2822272 ], [ 31.0353944, 70.2822276 ], [ 31.0350973, 70.2822451 ], [ 31.0349389, 70.2822891 ], [ 31.0345897, 70.2823271 ], [ 31.0346347, 70.2821207 ], [ 31.0346241, 70.2821055 ], [ 31.0344337, 70.2820343 ], [ 31.0339829, 70.2819475 ], [ 31.0334832, 70.281875 ], [ 31.0322787, 70.2816692 ], [ 31.0314049, 70.281474 ], [ 31.0305011, 70.2813621 ], [ 31.0305329, 70.2812956 ], [ 31.029774, 70.2812163 ], [ 31.029745, 70.2811479 ], [ 31.0297235, 70.2811378 ], [ 31.0285306, 70.280926 ], [ 31.0275664, 70.2808465 ], [ 31.026582, 70.2807907 ], [ 31.0235848, 70.2806688 ], [ 31.0231177, 70.2806648 ], [ 31.0227288, 70.2806723 ], [ 31.0225509, 70.2806897 ], [ 31.0223749, 70.280687 ], [ 31.0219777, 70.280654 ], [ 31.0219144, 70.2806276 ], [ 31.0218958, 70.28059 ], [ 31.0219303, 70.2805723 ], [ 31.0221617, 70.2805569 ], [ 31.0221977, 70.2805512 ], [ 31.0222011, 70.2805404 ], [ 31.0221049, 70.2805276 ], [ 31.0217381, 70.2805059 ], [ 31.0213017, 70.2805072 ], [ 31.0207147, 70.2805221 ], [ 31.0204074, 70.2805447 ], [ 31.0202124, 70.28057 ], [ 31.0195197, 70.2805801 ], [ 31.0191009, 70.2805585 ], [ 31.0186162, 70.2804275 ], [ 31.0187035, 70.2804052 ], [ 31.0187363, 70.280372 ], [ 31.0187201, 70.2803613 ], [ 31.0184814, 70.2803369 ], [ 31.0183987, 70.2803399 ], [ 31.0182073, 70.2803646 ], [ 31.0180301, 70.2804477 ], [ 31.018061, 70.2804911 ], [ 31.0176293, 70.2804291 ], [ 31.0168883, 70.2804165 ], [ 31.016549, 70.2803816 ], [ 31.0155484, 70.2804458 ], [ 31.0141442, 70.2803748 ], [ 31.0131863, 70.2803571 ], [ 31.0125898, 70.2803618 ], [ 31.0123979, 70.2803859 ], [ 31.0116698, 70.2803689 ], [ 31.0106736, 70.2804273 ], [ 31.0094757, 70.280367 ], [ 31.0088883, 70.2803118 ], [ 31.0082882, 70.2803864 ], [ 31.0075663, 70.2804302 ], [ 31.0071577, 70.2804727 ], [ 31.0065728, 70.2805731 ], [ 31.0060521, 70.2807079 ], [ 31.0059786, 70.2807605 ], [ 31.0059618, 70.2808066 ], [ 31.0059792, 70.280827 ], [ 31.0055001, 70.2809156 ], [ 31.0051828, 70.2809657 ], [ 31.0045694, 70.2809325 ], [ 31.0037959, 70.2808323 ], [ 31.0022337, 70.2807099 ], [ 31.0016407, 70.2806878 ], [ 31.0011157, 70.2807105 ], [ 31.0006327, 70.2807616 ], [ 30.999934, 70.2808951 ], [ 30.9996689, 70.2809458 ], [ 30.9968339, 70.2816803 ], [ 30.9964335, 70.2816979 ], [ 30.995838, 70.2816956 ], [ 30.9956162, 70.2818358 ], [ 30.9955183, 70.2819632 ], [ 30.9953906, 70.2820542 ], [ 30.9941439, 70.2823955 ], [ 30.9941959, 70.282514 ], [ 30.9944085, 70.2825265 ], [ 30.9999342, 70.2810725 ], [ 30.9999468, 70.2810691 ], [ 31.0009114, 70.2808989 ], [ 31.0015246, 70.2808485 ], [ 31.0020828, 70.2808723 ], [ 31.0029015, 70.2809512 ], [ 31.004389, 70.2811789 ], [ 31.0043728, 70.2811952 ], [ 31.0042833, 70.2812197 ], [ 31.0040173, 70.2812068 ], [ 31.0038499, 70.2812164 ], [ 31.0034798, 70.2813392 ], [ 31.0030293, 70.2815677 ], [ 31.003045, 70.2815905 ], [ 31.0031632, 70.2816063 ], [ 31.0031903, 70.2816232 ], [ 31.0032465, 70.2816757 ], [ 31.0032383, 70.2817236 ], [ 31.0031191, 70.2818354 ], [ 31.0027471, 70.2820732 ], [ 31.002576, 70.2821516 ], [ 31.0021724, 70.2822717 ], [ 31.0014327, 70.2820847 ], [ 31.0012707, 70.282093 ], [ 31.001027, 70.2820355 ], [ 31.0007231, 70.2821738 ], [ 31.0010949, 70.2822832 ], [ 31.0007249, 70.2824291 ], [ 31.0011956, 70.2825743 ], [ 31.0011781, 70.2826551 ], [ 31.0011558, 70.2826765 ], [ 31.0009798, 70.2827336 ], [ 31.0005591, 70.2828079 ], [ 31.0001959, 70.2828404 ], [ 31.0000047, 70.2828295 ], [ 30.999934, 70.2828389 ], [ 30.9999234, 70.2828404 ], [ 30.99952, 70.2827424 ], [ 30.9991626, 70.2829166 ], [ 30.9996079, 70.283021 ], [ 30.9996491, 70.2830828 ], [ 30.9997159, 70.283116 ], [ 30.9997718, 70.2831312 ], [ 30.99978, 70.2833665 ], [ 30.9997029, 70.2834348 ], [ 30.9996908, 70.2834457 ], [ 30.9996683, 70.283583 ], [ 30.9997281, 70.2837092 ], [ 30.9997391, 70.2837665 ], [ 30.9997428, 70.2837865 ], [ 30.9997122, 70.2838709 ], [ 30.9996489, 70.2839243 ], [ 30.9996006, 70.2839396 ], [ 30.9990629, 70.2839782 ], [ 30.9987369, 70.2841303 ], [ 30.9984106, 70.2840684 ], [ 30.9985298, 70.2839702 ], [ 30.9980959, 70.2839095 ], [ 30.9976787, 70.2843169 ], [ 30.9984842, 70.2845611 ], [ 30.9983175, 70.2846699 ], [ 30.9982919, 70.2846721 ], [ 30.9981356, 70.2846472 ], [ 30.9978682, 70.2848626 ], [ 30.9979125, 70.2849876 ], [ 30.9979379, 70.285006 ], [ 30.9972302, 70.2851024 ], [ 30.9968911, 70.2851325 ], [ 30.9968564, 70.2851148 ], [ 30.9958199, 70.2848616 ], [ 30.9956225, 70.2848383 ], [ 30.9952263, 70.2831353 ], [ 30.9950197, 70.2830122 ], [ 30.9945394, 70.2829764 ], [ 30.9941748, 70.2830119 ], [ 30.9941189, 70.2830636 ], [ 30.9941899, 70.2831032 ], [ 30.994733, 70.2830949 ], [ 30.9949448, 70.2831824 ], [ 30.9951062, 70.2839546 ], [ 30.9949195, 70.284103 ], [ 30.99518, 70.2843605 ], [ 30.9953048, 70.2848364 ], [ 30.9952401, 70.2849072 ], [ 30.9951394, 70.2849471 ], [ 30.9947308, 70.2850438 ], [ 30.9945286, 70.2850858 ], [ 30.9943355, 70.2851123 ], [ 30.9942141, 70.2851759 ], [ 30.9942114, 70.2852236 ], [ 30.9942316, 70.2852839 ], [ 30.9942968, 70.285314 ], [ 30.9943419, 70.2853187 ], [ 30.9944149, 70.2853109 ], [ 30.9944555, 70.2852973 ], [ 30.9945141, 70.2852319 ], [ 30.9946902, 70.2852658 ], [ 30.9947261, 70.2853173 ], [ 30.9946967, 70.2855382 ], [ 30.9944828, 70.2855512 ], [ 30.9942928, 70.2854681 ], [ 30.9938811, 70.2852586 ], [ 30.9925743, 70.2853203 ], [ 30.9921345, 70.2853475 ], [ 30.9907528, 70.285467 ], [ 30.9889565, 70.2855777 ], [ 30.9873909, 70.2856073 ], [ 30.9863496, 70.2856097 ], [ 30.983213, 70.2855136 ], [ 30.9823897, 70.285454 ], [ 30.9815189, 70.2853602 ], [ 30.9802331, 70.2851796 ], [ 30.9795128, 70.2850661 ], [ 30.9788208, 70.28494 ], [ 30.9780177, 70.284754 ], [ 30.9777342, 70.2846645 ], [ 30.9773496, 70.2844983 ], [ 30.9771507, 70.2843716 ], [ 30.9771153, 70.284306 ], [ 30.9772833, 70.2839247 ], [ 30.9775236, 70.2838359 ], [ 30.9777815, 70.2838476 ], [ 30.9779856, 70.2838322 ], [ 30.9782336, 70.2837083 ], [ 30.9783, 70.2835677 ], [ 30.9783074, 70.2834789 ], [ 30.9780437, 70.2832487 ], [ 30.977906, 70.2831908 ], [ 30.977687, 70.2831525 ], [ 30.9774117, 70.283197 ], [ 30.9771676, 70.2832113 ], [ 30.9768722, 70.2830955 ], [ 30.9767755, 70.2830207 ], [ 30.9767063, 70.2828907 ], [ 30.9769135, 70.2829068 ], [ 30.9767903, 70.2827983 ], [ 30.9764462, 70.2825858 ], [ 30.976193, 70.2824885 ], [ 30.9760942, 70.2823263 ], [ 30.9756332, 70.2822772 ], [ 30.9756647, 70.2823563 ], [ 30.9755484, 70.2824388 ], [ 30.9754872, 70.2824534 ], [ 30.9754258, 70.2824578 ], [ 30.9752167, 70.2824445 ], [ 30.9749306, 70.2822535 ], [ 30.9745267, 70.2821005 ], [ 30.9743573, 70.2821278 ], [ 30.9743076, 70.2821159 ], [ 30.9740981, 70.2820188 ], [ 30.9730208, 70.2812941 ], [ 30.9727352, 70.2812354 ], [ 30.9723379, 70.2810913 ], [ 30.9712992, 70.2805421 ], [ 30.9711172, 70.2802382 ], [ 30.9710202, 70.2798563 ], [ 30.9710307, 70.279734 ], [ 30.9711285, 70.2796393 ], [ 30.9715829, 70.279554 ], [ 30.9725342, 70.2795164 ], [ 30.9735549, 70.2792566 ], [ 30.9745398, 70.2789581 ], [ 30.9749714, 70.2790203 ], [ 30.975181, 70.2790648 ], [ 30.9754095, 70.2790213 ], [ 30.9754521, 70.2788504 ], [ 30.9752699, 70.2787493 ], [ 30.9744998, 70.278527 ], [ 30.9744108, 70.2785215 ], [ 30.9742215, 70.278531 ], [ 30.9741558, 70.2785544 ], [ 30.9741215, 70.2786137 ], [ 30.9741306, 70.2786309 ], [ 30.974189, 70.2786499 ], [ 30.9742317, 70.2786485 ], [ 30.9742884, 70.2786581 ], [ 30.9742746, 70.278696 ], [ 30.9742403, 70.2787073 ], [ 30.9740757, 70.2787086 ], [ 30.9739334, 70.2786994 ], [ 30.9737161, 70.2786745 ], [ 30.9737494, 70.2785443 ], [ 30.9736911, 70.2784815 ], [ 30.9736451, 70.2784627 ], [ 30.9734112, 70.2784214 ], [ 30.9731448, 70.2784663 ], [ 30.9728739, 70.2784429 ], [ 30.9726748, 70.2783748 ], [ 30.9726232, 70.2783273 ], [ 30.9726214, 70.2782784 ], [ 30.9727255, 70.2781114 ], [ 30.9727469, 70.2781005 ], [ 30.9728151, 70.2780957 ], [ 30.9727982, 70.2781397 ], [ 30.9728232, 70.278182 ], [ 30.9728448, 70.2781864 ], [ 30.9729385, 70.2781776 ], [ 30.9730907, 70.2781034 ], [ 30.9731356, 70.2780612 ], [ 30.9731514, 70.277975 ], [ 30.9731151, 70.2779614 ], [ 30.9720562, 70.2777392 ], [ 30.9715581, 70.2775695 ], [ 30.9711579, 70.2774134 ], [ 30.971005, 70.2773305 ], [ 30.9708271, 70.277184 ], [ 30.9707471, 70.2770923 ], [ 30.9707352, 70.2770307 ], [ 30.9707677, 70.2769871 ], [ 30.9708551, 70.2769734 ], [ 30.9709038, 70.2769304 ], [ 30.970615, 70.2768012 ], [ 30.9705361, 70.2767753 ], [ 30.970066, 70.2766695 ], [ 30.9685899, 70.2762538 ], [ 30.9683598, 70.2761768 ], [ 30.9683226, 70.2761353 ], [ 30.9683902, 70.276079 ], [ 30.9684885, 70.2760498 ], [ 30.9686076, 70.2760488 ], [ 30.9684987, 70.2759359 ], [ 30.9675903, 70.2757186 ], [ 30.9666935, 70.2758016 ], [ 30.9665844, 70.2757905 ], [ 30.9664086, 70.2757283 ], [ 30.9663621, 70.2757022 ], [ 30.9663459, 70.2756757 ], [ 30.9664051, 70.2756322 ], [ 30.9664644, 70.2756125 ], [ 30.9665312, 70.275616 ], [ 30.9666411, 70.2755533 ], [ 30.9657094, 70.2752815 ], [ 30.9653234, 70.2752255 ], [ 30.9652923, 70.275214 ], [ 30.965281, 70.2751809 ], [ 30.9653759, 70.2750991 ], [ 30.9654018, 70.2750859 ], [ 30.9654703, 70.2750791 ], [ 30.9656661, 70.275152 ], [ 30.9663607, 70.2753746 ], [ 30.9665791, 70.275434 ], [ 30.966784, 70.2754585 ], [ 30.9669204, 70.2754583 ], [ 30.9673652, 70.2754318 ], [ 30.9679906, 70.2754276 ], [ 30.9684298, 70.2754851 ], [ 30.9685818, 70.2755167 ], [ 30.9687413, 70.2755127 ], [ 30.9688541, 70.2754949 ], [ 30.9688732, 70.2754846 ], [ 30.9688692, 70.275459 ], [ 30.9688104, 70.2754279 ], [ 30.9684103, 70.2752597 ], [ 30.9675836, 70.2749353 ], [ 30.9673288, 70.2748544 ], [ 30.9669879, 70.2746861 ], [ 30.9665515, 70.2744323 ], [ 30.9659519, 70.2741976 ], [ 30.9653716, 70.2740771 ], [ 30.9652546, 70.2740378 ], [ 30.9647924, 70.2737993 ], [ 30.9645106, 70.2736271 ], [ 30.9643278, 70.2734964 ], [ 30.9642181, 70.2734481 ], [ 30.9639543, 70.2733959 ], [ 30.9638946, 70.2734481 ], [ 30.9641812, 70.2736311 ], [ 30.9644101, 70.2738053 ], [ 30.9643504, 70.2738297 ], [ 30.9640072, 70.2738836 ], [ 30.9638282, 70.2738744 ], [ 30.9637647, 70.2738614 ], [ 30.9637357, 70.2738441 ], [ 30.9636953, 70.2737784 ], [ 30.9637107, 70.273752 ], [ 30.9633381, 70.2733917 ], [ 30.9623676, 70.2731422 ], [ 30.9617886, 70.2729683 ], [ 30.9607547, 70.2727421 ], [ 30.960503, 70.2726173 ], [ 30.9605246, 70.2725977 ], [ 30.9605772, 70.2725912 ], [ 30.9608183, 70.2725942 ], [ 30.9608763, 70.2725902 ], [ 30.9609337, 70.2725752 ], [ 30.9609675, 70.2725438 ], [ 30.9609453, 70.2725246 ], [ 30.9607875, 70.2724688 ], [ 30.960127, 70.2723323 ], [ 30.959954, 70.2723209 ], [ 30.9597801, 70.2723393 ], [ 30.9597451, 70.2723545 ], [ 30.9597783, 70.2724006 ], [ 30.9597742, 70.2724435 ], [ 30.9596657, 70.2724606 ], [ 30.9595947, 70.272456 ], [ 30.9591576, 70.2723784 ], [ 30.9586307, 70.2721974 ], [ 30.9585175, 70.2721834 ], [ 30.9583602, 70.2721779 ], [ 30.9576759, 70.2722002 ], [ 30.9576546, 70.2722147 ], [ 30.9576649, 70.2722283 ], [ 30.9577607, 70.2722765 ], [ 30.9586497, 70.272599 ], [ 30.9597748, 70.2729471 ], [ 30.9606558, 70.2731611 ], [ 30.9608355, 70.273269 ], [ 30.9608209, 70.2733002 ], [ 30.9607826, 70.2733129 ], [ 30.9611821, 70.2735686 ], [ 30.9612671, 70.2735791 ], [ 30.9613019, 70.2735929 ], [ 30.961342, 70.2736226 ], [ 30.9613412, 70.2736392 ], [ 30.9611976, 70.2738017 ], [ 30.9611046, 70.2738379 ], [ 30.9608196, 70.2738996 ], [ 30.9606244, 70.273892 ], [ 30.9605047, 70.273874 ], [ 30.9603685, 70.2738261 ], [ 30.9599475, 70.2736354 ], [ 30.959889, 70.2734847 ], [ 30.9598935, 70.2734427 ], [ 30.9598576, 70.2734076 ], [ 30.9597167, 70.2733366 ], [ 30.9595127, 70.273265 ], [ 30.9590819, 70.2731469 ], [ 30.9588628, 70.2730568 ], [ 30.9586709, 70.2729234 ], [ 30.9586746, 70.2728339 ], [ 30.9586487, 70.272778 ], [ 30.9584383, 70.2726727 ], [ 30.9579783, 70.2725224 ], [ 30.9573749, 70.2722893 ], [ 30.9554626, 70.2716094 ], [ 30.9551195, 70.2714525 ], [ 30.9547888, 70.2713224 ], [ 30.9546689, 70.2712884 ], [ 30.954623, 70.2712879 ], [ 30.9545864, 70.2712968 ], [ 30.9543457, 70.2712599 ], [ 30.9540786, 70.2711953 ], [ 30.9540252, 70.271143 ], [ 30.9540585, 70.2711216 ], [ 30.9540388, 70.2710962 ], [ 30.9538953, 70.2710305 ], [ 30.9534381, 70.2708333 ], [ 30.9529208, 70.2706605 ], [ 30.9527119, 70.2705996 ], [ 30.9524079, 70.2705347 ], [ 30.9521556, 70.270501 ], [ 30.9520253, 70.2705002 ], [ 30.9516772, 70.2704309 ], [ 30.9513827, 70.2703593 ], [ 30.9510796, 70.2702406 ], [ 30.9507356, 70.2700776 ], [ 30.9505356, 70.2699615 ], [ 30.950413, 70.2699073 ], [ 30.9501965, 70.2698422 ], [ 30.9501006, 70.2698315 ], [ 30.9499361, 70.2698386 ], [ 30.9497596, 70.2698462 ], [ 30.94971, 70.2698503 ], [ 30.9496946, 70.2698666 ], [ 30.9494268, 70.2698929 ], [ 30.9487341, 70.2698807 ], [ 30.9482306, 70.2697271 ], [ 30.9474149, 70.2695371 ], [ 30.947144, 70.2694051 ], [ 30.9463921, 70.2692203 ], [ 30.9453454, 70.2691645 ], [ 30.9452499, 70.2691645 ], [ 30.9451189, 70.2691925 ], [ 30.9446546, 70.2694263 ], [ 30.9446516, 70.2694401 ], [ 30.9447133, 70.2694812 ], [ 30.9448046, 70.2695119 ], [ 30.9450359, 70.269675 ], [ 30.9453071, 70.2699363 ], [ 30.9455867, 70.2701744 ], [ 30.9455795, 70.2703198 ], [ 30.9454493, 70.2704326 ], [ 30.9452769, 70.2705361 ], [ 30.9450588, 70.2706447 ], [ 30.9447456, 70.2707814 ], [ 30.9442847, 70.2709209 ], [ 30.9438014, 70.2710143 ], [ 30.9428059, 70.2712727 ], [ 30.9428515, 70.271329 ], [ 30.9429385, 70.2713876 ], [ 30.9431658, 70.2715075 ], [ 30.9433913, 70.2715877 ], [ 30.9434451, 70.271702 ], [ 30.9433872, 70.2718335 ], [ 30.9436276, 70.2719433 ], [ 30.9437243, 70.2719678 ], [ 30.9442904, 70.2722537 ], [ 30.9444007, 70.2723733 ], [ 30.9443775, 70.2724233 ], [ 30.9444595, 70.2725427 ], [ 30.9444473, 70.272611 ], [ 30.944325, 70.2727224 ], [ 30.9441019, 70.2728434 ], [ 30.9430831, 70.2733004 ], [ 30.9424697, 70.2735366 ], [ 30.9419597, 70.2736902 ], [ 30.9416316, 70.2737659 ], [ 30.9410199, 70.2738911 ], [ 30.9402233, 70.274015 ], [ 30.9387213, 70.2741816 ], [ 30.9383005, 70.2742109 ], [ 30.9381262, 70.2742031 ], [ 30.9377404, 70.2740836 ], [ 30.937568, 70.2740111 ], [ 30.9372172, 70.2739276 ], [ 30.9370696, 70.2739147 ], [ 30.9364656, 70.2739055 ], [ 30.9357215, 70.2738715 ], [ 30.9353739, 70.2738471 ], [ 30.9349592, 70.2738522 ], [ 30.9342921, 70.2739673 ], [ 30.9340734, 70.2740202 ], [ 30.933535, 70.274014 ], [ 30.9332395, 70.2739694 ], [ 30.9328607, 70.273885 ], [ 30.9324197, 70.2738498 ], [ 30.9322218, 70.2738615 ], [ 30.9318608, 70.2739365 ], [ 30.9317108, 70.273955 ], [ 30.9313778, 70.2739462 ], [ 30.93001, 70.2738868 ], [ 30.9294283, 70.2739046 ], [ 30.9291069, 70.2738872 ], [ 30.9279365, 70.2737521 ], [ 30.9274952, 70.2736942 ], [ 30.926813, 70.2735309 ], [ 30.9263621, 70.2734088 ], [ 30.9263023, 70.2733883 ], [ 30.9260204, 70.2732371 ], [ 30.9260387, 70.2732217 ], [ 30.9260948, 70.2732216 ], [ 30.9261275, 70.2732297 ], [ 30.9262253, 70.2732127 ], [ 30.9262243, 70.2731322 ], [ 30.9254279, 70.2728886 ], [ 30.9250644, 70.2728097 ], [ 30.924621, 70.2726936 ], [ 30.9244927, 70.2725666 ], [ 30.9245595, 70.2725082 ], [ 30.9243281, 70.2723347 ], [ 30.924048, 70.272222 ], [ 30.922568, 70.2718862 ], [ 30.9220244, 70.271778 ], [ 30.9213839, 70.2716728 ], [ 30.9198134, 70.2713897 ], [ 30.9192735, 70.2712981 ], [ 30.9191313, 70.2712968 ], [ 30.91839, 70.2711605 ], [ 30.9178754, 70.2710553 ], [ 30.9176656, 70.2710247 ], [ 30.9170428, 70.2710278 ], [ 30.9164672, 70.2709115 ], [ 30.9162271, 70.2708404 ], [ 30.916075, 70.270826 ], [ 30.915655, 70.2708171 ], [ 30.9155628, 70.2708316 ], [ 30.9155769, 70.2708448 ], [ 30.91563, 70.27086 ], [ 30.9151588, 70.2708889 ], [ 30.9149102, 70.2708233 ], [ 30.9146793, 70.2707094 ], [ 30.9142355, 70.2706067 ], [ 30.9141932, 70.2705679 ], [ 30.91426, 70.270517 ], [ 30.9143094, 70.2705158 ], [ 30.9144621, 70.2705323 ], [ 30.9144684, 70.2705217 ], [ 30.9134384, 70.2702391 ], [ 30.9132065, 70.2701567 ], [ 30.912471, 70.2698665 ], [ 30.9119135, 70.2697328 ], [ 30.9117639, 70.2697059 ], [ 30.9112072, 70.2696606 ], [ 30.9110897, 70.2696601 ], [ 30.9110001, 70.2696785 ], [ 30.9107002, 70.2696867 ], [ 30.9101751, 70.2696381 ], [ 30.9093997, 70.2695337 ], [ 30.9089259, 70.2695007 ], [ 30.9088436, 70.2695584 ], [ 30.9087339, 70.2695745 ], [ 30.9080063, 70.2694766 ], [ 30.9064626, 70.2692318 ], [ 30.9063246, 70.2692035 ], [ 30.9063376, 70.2691406 ], [ 30.9065473, 70.269116 ], [ 30.9066437, 70.2689862 ], [ 30.9064587, 70.2688682 ], [ 30.9060899, 70.2687462 ], [ 30.905096, 70.268574 ], [ 30.9049857, 70.268567 ], [ 30.9045956, 70.2685891 ], [ 30.9044949, 70.2686008 ], [ 30.9037757, 70.2684313 ], [ 30.9035803, 70.2683748 ], [ 30.903485, 70.2682922 ], [ 30.9029407, 70.2681869 ], [ 30.9022116, 70.2680941 ], [ 30.9021142, 70.2680963 ], [ 30.9020711, 70.268106 ], [ 30.901785, 70.2681006 ], [ 30.9002933, 70.2678622 ], [ 30.899938, 70.2679023 ], [ 30.8999322, 70.2679029 ], [ 30.89989, 70.2679311 ], [ 30.8999378, 70.2680092 ], [ 30.8999467, 70.2680235 ], [ 30.9001717, 70.2681826 ], [ 30.9000527, 70.2682833 ], [ 30.8999614, 70.2683289 ], [ 30.8999379, 70.2683345 ], [ 30.8997775, 70.2683734 ], [ 30.899639, 70.2683963 ], [ 30.8995854, 70.268396 ], [ 30.8995434, 70.2683845 ], [ 30.8993868, 70.2683715 ], [ 30.8991594, 70.268368 ], [ 30.8990196, 70.2683825 ], [ 30.8985724, 70.2684871 ], [ 30.8984052, 70.2686036 ], [ 30.8984025, 70.2686429 ], [ 30.8981226, 70.2687877 ], [ 30.8973498, 70.2690213 ], [ 30.896737, 70.2693123 ], [ 30.8965865, 70.2693615 ], [ 30.8961619, 70.2694523 ], [ 30.8958712, 70.2694962 ], [ 30.8956714, 70.2695061 ], [ 30.8951894, 70.2694803 ], [ 30.8950436, 70.2694594 ], [ 30.8943716, 70.2693048 ], [ 30.8938789, 70.2692709 ], [ 30.8936096, 70.2692788 ], [ 30.8935011, 70.2692987 ], [ 30.8927606, 70.2693587 ], [ 30.8920789, 70.2693036 ], [ 30.8912246, 70.2693261 ], [ 30.8910143, 70.269298 ], [ 30.8910034, 70.2692632 ], [ 30.8912304, 70.2692925 ], [ 30.8912537, 70.2692631 ], [ 30.8912425, 70.2692535 ], [ 30.890943, 70.2692029 ], [ 30.8906059, 70.2691797 ], [ 30.89018, 70.2692001 ], [ 30.8902157, 70.269221 ], [ 30.8903151, 70.2692398 ], [ 30.8902369, 70.2692637 ], [ 30.8896739, 70.2692219 ], [ 30.8891515, 70.2691587 ], [ 30.888508, 70.2690457 ], [ 30.8880219, 70.2690114 ], [ 30.8871241, 70.2689324 ], [ 30.8867638, 70.2688655 ], [ 30.8866105, 70.2687863 ], [ 30.885976, 70.2686748 ], [ 30.8857893, 70.2686771 ], [ 30.8855871, 70.2686929 ], [ 30.8856038, 70.2687518 ], [ 30.8855645, 70.2687806 ], [ 30.8851665, 70.2687507 ], [ 30.8846946, 70.2686133 ], [ 30.8846941, 70.2685937 ], [ 30.8847418, 70.2685748 ], [ 30.8848284, 70.2685771 ], [ 30.8848717, 70.2685514 ], [ 30.8848707, 70.2685132 ], [ 30.8847262, 70.2684583 ], [ 30.8843274, 70.2683616 ], [ 30.8838254, 70.2682844 ], [ 30.8837239, 70.2683029 ], [ 30.8833171, 70.2682256 ], [ 30.8827212, 70.2680847 ], [ 30.8811159, 70.2677736 ], [ 30.8809135, 70.2677543 ], [ 30.8798888, 70.2675741 ], [ 30.8797256, 70.2675702 ], [ 30.879534, 70.2675324 ], [ 30.8792776, 70.2674574 ], [ 30.8792799, 70.267444 ], [ 30.8793226, 70.2674233 ], [ 30.8793858, 70.2674279 ], [ 30.8795793, 70.2674708 ], [ 30.879775, 70.2675003 ], [ 30.8798188, 70.2674987 ], [ 30.8798203, 70.2674832 ], [ 30.8797985, 70.267465 ], [ 30.8794195, 70.2673865 ], [ 30.8785927, 70.2672756 ], [ 30.8780287, 70.2672093 ], [ 30.877366, 70.2671532 ], [ 30.8770825, 70.2671184 ], [ 30.8764475, 70.2670224 ], [ 30.8762564, 70.2669679 ], [ 30.8761615, 70.2669189 ], [ 30.8761705, 70.2669033 ], [ 30.8763294, 70.2668091 ], [ 30.8764731, 70.2667802 ], [ 30.875904, 70.2665338 ], [ 30.8755009, 70.2663972 ], [ 30.8751044, 70.2663162 ], [ 30.8748519, 70.266274 ], [ 30.874007, 70.2660671 ], [ 30.8736206, 70.2659944 ], [ 30.8735207, 70.2659823 ], [ 30.873406, 70.2659814 ], [ 30.8733055, 70.2659979 ], [ 30.8731622, 70.2660442 ], [ 30.8725497, 70.265911 ], [ 30.8721996, 70.2657961 ], [ 30.8713694, 70.2655915 ], [ 30.8702397, 70.265351 ], [ 30.8701815, 70.2653693 ], [ 30.8689567, 70.2651517 ], [ 30.8686529, 70.2650468 ], [ 30.8683027, 70.2650183 ], [ 30.8681456, 70.2650316 ], [ 30.8676429, 70.2650029 ], [ 30.8669261, 70.2649045 ], [ 30.8666333, 70.2649423 ], [ 30.8666299, 70.2649826 ], [ 30.8664727, 70.2651095 ], [ 30.8663915, 70.2651226 ], [ 30.8656153, 70.2650916 ], [ 30.8652015, 70.265039 ], [ 30.8646154, 70.264946 ], [ 30.8638566, 70.2648516 ], [ 30.8623009, 70.2647278 ], [ 30.8616999, 70.2646643 ], [ 30.8613217, 70.2645856 ], [ 30.861026, 70.2645762 ], [ 30.8604949, 70.2646035 ], [ 30.860424, 70.2646512 ], [ 30.8608085, 70.264951 ], [ 30.8609391, 70.2650259 ], [ 30.8611743, 70.2650947 ], [ 30.8611881, 70.2651118 ], [ 30.861091, 70.2652002 ], [ 30.8609237, 70.2652826 ], [ 30.8607289, 70.2653367 ], [ 30.8605683, 70.2653536 ], [ 30.8604621, 70.2654524 ], [ 30.8603026, 70.265473 ], [ 30.8595328, 70.2655243 ], [ 30.8593568, 70.2655155 ], [ 30.8589292, 70.2654628 ], [ 30.8588168, 70.2654687 ], [ 30.8587498, 70.2654849 ], [ 30.8587113, 70.2655068 ], [ 30.8586612, 70.2655696 ], [ 30.8586636, 70.2655924 ], [ 30.8588148, 70.2656953 ], [ 30.8587826, 70.2657321 ], [ 30.8586984, 70.2657607 ], [ 30.8581434, 70.2657748 ], [ 30.8575419, 70.2657688 ], [ 30.857499, 70.2657855 ], [ 30.8574556, 70.265897 ], [ 30.8573887, 70.2659182 ], [ 30.8568091, 70.2660211 ], [ 30.8558622, 70.2661182 ], [ 30.8557797, 70.2661169 ], [ 30.8553116, 70.2660788 ], [ 30.8551502, 70.2660596 ], [ 30.8550578, 70.2660404 ], [ 30.8546836, 70.2659169 ], [ 30.8545855, 70.2658955 ], [ 30.8541094, 70.2658251 ], [ 30.8538453, 70.2657751 ], [ 30.8536206, 70.2657195 ], [ 30.8534585, 70.2656765 ], [ 30.8529691, 70.2655127 ], [ 30.8528822, 70.2654761 ], [ 30.852787, 70.2653887 ], [ 30.8527782, 70.2653226 ], [ 30.8526691, 70.2651361 ], [ 30.8526253, 70.2650988 ], [ 30.8522686, 70.2649773 ], [ 30.8523289, 70.264935 ], [ 30.851874, 70.2646991 ], [ 30.851701, 70.2645868 ], [ 30.8516497, 70.2645344 ], [ 30.8514244, 70.26445 ], [ 30.8509982, 70.2643548 ], [ 30.8508851, 70.2643595 ], [ 30.8508657, 70.2643743 ], [ 30.8507445, 70.2643552 ], [ 30.8505402, 70.2642922 ], [ 30.8502064, 70.2641697 ], [ 30.8500251, 70.2640693 ], [ 30.8499396, 70.2639978 ], [ 30.84967, 70.2637721 ], [ 30.849249, 70.2634731 ], [ 30.8489171, 70.2633175 ], [ 30.8484279, 70.2631243 ], [ 30.8481942, 70.2629995 ], [ 30.8481008, 70.2628765 ], [ 30.8480769, 70.2627623 ], [ 30.8483333, 70.2626093 ], [ 30.84848, 70.262619 ], [ 30.8482729, 70.2624606 ], [ 30.8481091, 70.2623547 ], [ 30.8476101, 70.2621532 ], [ 30.8475312, 70.2621405 ], [ 30.8474823, 70.2621201 ], [ 30.8471371, 70.2618717 ], [ 30.8469242, 70.2616877 ], [ 30.8468128, 70.2615215 ], [ 30.8468246, 70.2614905 ], [ 30.8468527, 70.2614748 ], [ 30.8471417, 70.2614288 ], [ 30.8472633, 70.2614297 ], [ 30.8475606, 70.2614606 ], [ 30.8476719, 70.2614548 ], [ 30.8482908, 70.2611762 ], [ 30.8482905, 70.2611636 ], [ 30.8480007, 70.2609994 ], [ 30.8479634, 70.2609632 ], [ 30.8479321, 70.2609022 ], [ 30.8478826, 70.2606716 ], [ 30.8477862, 70.2604742 ], [ 30.8474173, 70.2602378 ], [ 30.8472143, 70.2599406 ], [ 30.8465316, 70.2597434 ], [ 30.8462674, 70.259726 ], [ 30.8460759, 70.2596757 ], [ 30.8457589, 70.2595347 ], [ 30.8455836, 70.2593928 ], [ 30.845193, 70.2594684 ], [ 30.8451468, 70.2594631 ], [ 30.8450248, 70.2594281 ], [ 30.8450261, 70.2594039 ], [ 30.8451239, 70.2593519 ], [ 30.8452239, 70.2593178 ], [ 30.8453743, 70.259286 ], [ 30.8453878, 70.2592675 ], [ 30.845378, 70.2592561 ], [ 30.8449588, 70.2591107 ], [ 30.844785, 70.2590738 ], [ 30.8446569, 70.2591484 ], [ 30.8446628, 70.2592015 ], [ 30.8444505, 70.2593006 ], [ 30.8444079, 70.2593086 ], [ 30.844301, 70.2593055 ], [ 30.8442244, 70.2592837 ], [ 30.8442119, 70.2592405 ], [ 30.8443196, 70.2591322 ], [ 30.8443466, 70.2589865 ], [ 30.8443142, 70.2589164 ], [ 30.8442143, 70.2588554 ], [ 30.8439499, 70.2587522 ], [ 30.8438997, 70.2587447 ], [ 30.8436042, 70.2587227 ], [ 30.843443, 70.2587183 ], [ 30.8432712, 70.2587282 ], [ 30.842929, 70.2587698 ], [ 30.8418126, 70.2587925 ], [ 30.8417621, 70.2587618 ], [ 30.84171, 70.2587609 ], [ 30.8414956, 70.2587929 ], [ 30.8412183, 70.2588966 ], [ 30.8410445, 70.2591361 ], [ 30.8406832, 70.2592634 ], [ 30.8404334, 70.2592161 ], [ 30.840399, 70.2591995 ], [ 30.8402018, 70.259206 ], [ 30.8398839, 70.2592427 ], [ 30.8395511, 70.2593998 ], [ 30.839462, 70.2593828 ], [ 30.8393667, 70.2592525 ], [ 30.8391892, 70.2591915 ], [ 30.8390808, 70.2591747 ], [ 30.8380304, 70.2594816 ], [ 30.8378886, 70.2595492 ], [ 30.8376063, 70.259592 ], [ 30.8370583, 70.2596102 ], [ 30.836327, 70.2597559 ], [ 30.8359726, 70.2598755 ], [ 30.8356044, 70.2600626 ], [ 30.8352754, 70.2603013 ], [ 30.8351455, 70.2604196 ], [ 30.8350948, 70.2605043 ], [ 30.835136, 70.2605039 ], [ 30.8352899, 70.2606762 ], [ 30.8351482, 70.2608018 ], [ 30.8351727, 70.2608242 ], [ 30.8353536, 70.2608582 ], [ 30.8354632, 70.2609361 ], [ 30.8353214, 70.2610695 ], [ 30.8355442, 70.261193 ], [ 30.835522, 70.2613681 ], [ 30.8353919, 70.261588 ], [ 30.8352435, 70.2616878 ], [ 30.8349809, 70.2617278 ], [ 30.8349569, 70.2617376 ], [ 30.8347748, 70.261902 ], [ 30.834787, 70.2619389 ], [ 30.8348933, 70.2619911 ], [ 30.8349427, 70.26199 ], [ 30.8349896, 70.2619683 ], [ 30.8352154, 70.261997 ], [ 30.8351606, 70.2621678 ], [ 30.8351087, 70.2624535 ], [ 30.835169, 70.2629885 ], [ 30.8351243, 70.2630793 ], [ 30.8344228, 70.2637387 ], [ 30.8340486, 70.2640221 ], [ 30.8334197, 70.2643149 ], [ 30.8329508, 70.2646106 ], [ 30.8324517, 70.2648783 ], [ 30.8317046, 70.2651584 ], [ 30.8315566, 70.265258 ], [ 30.8312474, 70.2655444 ], [ 30.8311562, 70.2655837 ], [ 30.8299471, 70.2659489 ], [ 30.8293294, 70.2660812 ], [ 30.8289345, 70.2661547 ], [ 30.8276184, 70.2662895 ], [ 30.8265251, 70.2664156 ], [ 30.8262175, 70.2664438 ], [ 30.8249265, 70.2665062 ], [ 30.8231905, 70.2665693 ], [ 30.8219865, 70.2666314 ], [ 30.8213211, 70.2666487 ], [ 30.820702, 70.2666535 ], [ 30.8185829, 70.2666242 ], [ 30.8175182, 70.2666009 ], [ 30.8155628, 70.2665227 ], [ 30.8142197, 70.2664245 ], [ 30.8119778, 70.2662393 ], [ 30.811314, 70.2661777 ], [ 30.8108078, 70.2661139 ], [ 30.8106642, 70.266081 ], [ 30.8106384, 70.2660531 ], [ 30.8103295, 70.2659908 ], [ 30.8083398, 70.265801 ], [ 30.807945, 70.2657488 ], [ 30.8075087, 70.2656768 ], [ 30.8072864, 70.2656192 ], [ 30.8071543, 70.2655609 ], [ 30.80708, 70.2655083 ], [ 30.8070505, 70.2654404 ], [ 30.8069686, 70.2653484 ], [ 30.8055759, 70.2651738 ], [ 30.8050172, 70.2650829 ], [ 30.8041969, 70.2649139 ], [ 30.8039434, 70.2648355 ], [ 30.8038903, 70.2647816 ], [ 30.8031836, 70.2643088 ], [ 30.8029339, 70.2641879 ], [ 30.801383, 70.2635676 ], [ 30.8010915, 70.2634315 ], [ 30.8004758, 70.2631016 ], [ 30.8003481, 70.2630253 ], [ 30.8000342, 70.2627796 ], [ 30.7999415, 70.2627165 ], [ 30.7997856, 70.2626103 ], [ 30.7993845, 70.2623664 ], [ 30.7989474, 70.2621492 ], [ 30.7986422, 70.2619545 ], [ 30.7984032, 70.2617681 ], [ 30.79804, 70.2614435 ], [ 30.7975807, 70.2609594 ], [ 30.7974575, 70.260743 ], [ 30.7973961, 70.260579 ], [ 30.7974605, 70.2603894 ], [ 30.7976281, 70.2601576 ], [ 30.7977188, 70.2600986 ], [ 30.7979673, 70.2599914 ], [ 30.7980288, 70.2598894 ], [ 30.79799, 70.2597582 ], [ 30.7981006, 70.2595187 ], [ 30.7981717, 70.2594337 ], [ 30.7982872, 70.2593673 ], [ 30.7985147, 70.2592838 ], [ 30.7989391, 70.259274 ], [ 30.7993518, 70.2592998 ], [ 30.7996362, 70.25923 ], [ 30.7996657, 70.2591993 ], [ 30.7996238, 70.2591673 ], [ 30.7994907, 70.2591421 ], [ 30.7988037, 70.2590864 ], [ 30.7984451, 70.259081 ], [ 30.7981245, 70.2590474 ], [ 30.7975416, 70.2589278 ], [ 30.79739, 70.2588238 ], [ 30.7973431, 70.2587747 ], [ 30.7972104, 70.2585438 ], [ 30.7974234, 70.2583426 ], [ 30.797482, 70.2583043 ], [ 30.7977536, 70.2581823 ], [ 30.7976632, 70.2581225 ], [ 30.7978777, 70.2579113 ], [ 30.7979968, 70.257845 ], [ 30.798104, 70.2577493 ], [ 30.7981097, 70.2577284 ], [ 30.7980466, 70.2577246 ], [ 30.7978047, 70.2577458 ], [ 30.7977018, 70.2577773 ], [ 30.7974557, 70.2578903 ], [ 30.7972742, 70.2579947 ], [ 30.7971933, 70.2579478 ], [ 30.7975372, 70.2577546 ], [ 30.7976971, 70.2576398 ], [ 30.7977179, 70.2576076 ], [ 30.7980269, 70.2574717 ], [ 30.7981935, 70.2573577 ], [ 30.7981919, 70.257279 ], [ 30.7980731, 70.257139 ], [ 30.7976357, 70.2570701 ], [ 30.797538, 70.2570645 ], [ 30.7975107, 70.2570693 ], [ 30.7970941, 70.2570696 ], [ 30.7969406, 70.2569924 ], [ 30.796686, 70.2570887 ], [ 30.7965744, 70.2571766 ], [ 30.7964343, 70.2571782 ], [ 30.7962486, 70.2571544 ], [ 30.7960164, 70.2570866 ], [ 30.7960111, 70.257075 ], [ 30.7960852, 70.2570241 ], [ 30.7963785, 70.2566642 ], [ 30.7961678, 70.2565539 ], [ 30.7955718, 70.2565548 ], [ 30.7952339, 70.2566688 ], [ 30.7948131, 70.2568303 ], [ 30.7947839, 70.2568341 ], [ 30.7944273, 70.2568297 ], [ 30.794365, 70.2568196 ], [ 30.7942815, 70.2567869 ], [ 30.7942745, 70.2567693 ], [ 30.7942971, 70.2567637 ], [ 30.7944595, 70.256761 ], [ 30.7945928, 70.2567439 ], [ 30.7955352, 70.2564548 ], [ 30.7955993, 70.2564258 ], [ 30.7955918, 70.2564149 ], [ 30.7953091, 70.2563631 ], [ 30.7949989, 70.2563169 ], [ 30.7946252, 70.2562779 ], [ 30.7939473, 70.2563084 ], [ 30.7938808, 70.2563263 ], [ 30.7937947, 70.2563741 ], [ 30.7932414, 70.256543 ], [ 30.7927854, 70.2565769 ], [ 30.7925789, 70.2566277 ], [ 30.7910725, 70.2566517 ], [ 30.79095, 70.2566634 ], [ 30.7906528, 70.2567061 ], [ 30.7898763, 70.2568376 ], [ 30.7898601, 70.2569281 ], [ 30.7893738, 70.2569914 ], [ 30.7886718, 70.2571221 ], [ 30.7879828, 70.2573319 ], [ 30.7874286, 70.2574573 ], [ 30.7868929, 70.257542 ], [ 30.786275, 70.2576219 ], [ 30.7840483, 70.257965 ], [ 30.7829994, 70.2581037 ], [ 30.7827133, 70.2581323 ], [ 30.7803215, 70.2582858 ], [ 30.7796395, 70.2582443 ], [ 30.7794588, 70.2582189 ], [ 30.7789903, 70.2582417 ], [ 30.7789348, 70.2582587 ], [ 30.7789435, 70.2582983 ], [ 30.7789867, 70.2583153 ], [ 30.7791877, 70.2583496 ], [ 30.7791825, 70.2584263 ], [ 30.7790922, 70.2584966 ], [ 30.7789238, 70.2585585 ], [ 30.7787842, 70.2585979 ], [ 30.7786395, 70.2586192 ], [ 30.7782925, 70.2586639 ], [ 30.7776407, 70.2587164 ], [ 30.7769852, 70.2587166 ], [ 30.776867, 70.258723 ], [ 30.7757668, 70.2588654 ], [ 30.7752354, 70.2588796 ], [ 30.7746177, 70.2588771 ], [ 30.7732759, 70.2591136 ], [ 30.7725175, 70.2592636 ], [ 30.7715585, 70.2595038 ], [ 30.7706316, 70.2596973 ], [ 30.7702498, 70.2597525 ], [ 30.7699176, 70.2597782 ], [ 30.7693659, 70.2598343 ], [ 30.7690993, 70.2598725 ], [ 30.7680925, 70.2600541 ], [ 30.7676666, 70.2601767 ], [ 30.7671803, 70.2603369 ], [ 30.7665962, 70.2605657 ], [ 30.7661429, 70.2607591 ], [ 30.7659867, 70.2609026 ], [ 30.7658335, 70.2609956 ], [ 30.7650937, 70.2611254 ], [ 30.7648795, 70.2611498 ], [ 30.7640711, 70.2612144 ], [ 30.76247, 70.2613313 ], [ 30.7623465, 70.2613526 ], [ 30.7623284, 70.2613821 ], [ 30.7623917, 70.2613973 ], [ 30.7626032, 70.2614003 ], [ 30.7626094, 70.2614183 ], [ 30.7625906, 70.2614288 ], [ 30.7625123, 70.2614436 ], [ 30.7614503, 70.2615228 ], [ 30.7610671, 70.2615426 ], [ 30.7596734, 70.261597 ], [ 30.7587251, 70.26161 ], [ 30.7577102, 70.2615764 ], [ 30.756132, 70.2615022 ], [ 30.7555272, 70.2614484 ], [ 30.7535438, 70.2612065 ], [ 30.7533165, 70.2611718 ], [ 30.7529479, 70.2610693 ], [ 30.7525863, 70.2609934 ], [ 30.7520019, 70.2609162 ], [ 30.7518635, 70.2609047 ], [ 30.7516513, 70.260903 ], [ 30.7514881, 70.2609211 ], [ 30.7514579, 70.2609303 ], [ 30.7514037, 70.2609747 ], [ 30.7513566, 70.2609827 ], [ 30.7511629, 70.2609793 ], [ 30.7507213, 70.2609244 ], [ 30.7502322, 70.2608449 ], [ 30.749943, 70.2608063 ], [ 30.7497171, 70.2607761 ], [ 30.7494845, 70.2607573 ], [ 30.7488127, 70.2607236 ], [ 30.7485342, 70.2607219 ], [ 30.7483578, 70.2607166 ], [ 30.7481028, 70.2606264 ], [ 30.7476493, 70.2605515 ], [ 30.7464031, 70.2604179 ], [ 30.7458549, 70.2603473 ], [ 30.7451881, 70.2602496 ], [ 30.7445521, 70.2601395 ], [ 30.7440248, 70.2600336 ], [ 30.7436776, 70.2599248 ], [ 30.7432716, 70.2597682 ], [ 30.743058, 70.2596622 ], [ 30.7428622, 70.2595443 ], [ 30.7428775, 70.2595134 ], [ 30.7429789, 70.2594594 ], [ 30.7429944, 70.2594218 ], [ 30.7428292, 70.2592033 ], [ 30.7424943, 70.2588813 ], [ 30.7424309, 70.2588595 ], [ 30.7422257, 70.258833 ], [ 30.7421173, 70.2588286 ], [ 30.7416949, 70.2588483 ], [ 30.7414662, 70.2588382 ], [ 30.7412564, 70.2588146 ], [ 30.7409425, 70.2587503 ], [ 30.7408095, 70.2586982 ], [ 30.7402133, 70.2586353 ], [ 30.7400227, 70.2586536 ], [ 30.7395637, 70.2586255 ], [ 30.7386515, 70.2584594 ], [ 30.7380975, 70.2583472 ], [ 30.7379449, 70.258324 ], [ 30.7375001, 70.2582695 ], [ 30.7362295, 70.2581396 ], [ 30.7356401, 70.2580554 ], [ 30.7355739, 70.2580407 ], [ 30.7354925, 70.2580017 ], [ 30.7354631, 70.2579267 ], [ 30.7354962, 70.2578633 ], [ 30.7354753, 70.257815 ], [ 30.7352664, 70.2577692 ], [ 30.734953, 70.2577342 ], [ 30.7347, 70.2577202 ], [ 30.7342962, 70.2577224 ], [ 30.734012, 70.2577541 ], [ 30.7337908, 70.2578038 ], [ 30.7334188, 70.2579018 ], [ 30.7333313, 70.2579495 ], [ 30.7332351, 70.2579739 ], [ 30.7329251, 70.2580305 ], [ 30.7327285, 70.2580513 ], [ 30.732183, 70.2580257 ], [ 30.732064, 70.2580342 ], [ 30.7317617, 70.2580833 ], [ 30.7315459, 70.2581312 ], [ 30.7313928, 70.2581761 ], [ 30.7312892, 70.2582579 ], [ 30.7311082, 70.2583225 ], [ 30.7304038, 70.2583791 ], [ 30.7301028, 70.2583865 ], [ 30.7299519, 70.2583802 ], [ 30.7296078, 70.2583429 ], [ 30.7286287, 70.2582041 ], [ 30.7282735, 70.25814 ], [ 30.7280796, 70.2580976 ], [ 30.7279448, 70.2580585 ], [ 30.7273688, 70.2579637 ], [ 30.7271395, 70.257947 ], [ 30.7268957, 70.2579166 ], [ 30.7264236, 70.2578302 ], [ 30.7257731, 70.2576409 ], [ 30.7247775, 70.2574231 ], [ 30.7237848, 70.257185 ], [ 30.7234365, 70.2570819 ], [ 30.7228916, 70.2568857 ], [ 30.7222241, 70.2567046 ], [ 30.7216976, 70.2565858 ], [ 30.7212883, 70.2564568 ], [ 30.7210266, 70.2563595 ], [ 30.7207185, 70.2562206 ], [ 30.7196934, 70.2556942 ], [ 30.7195022, 70.2556223 ], [ 30.719125, 70.2555252 ], [ 30.7186848, 70.25537 ], [ 30.7184733, 70.2552792 ], [ 30.7180404, 70.2550396 ], [ 30.7176643, 70.2547638 ], [ 30.7174305, 70.2546651 ], [ 30.7163319, 70.2543672 ], [ 30.7159912, 70.2542402 ], [ 30.7157131, 70.2541182 ], [ 30.7155924, 70.2540601 ], [ 30.7154706, 70.2539809 ], [ 30.7150299, 70.2536624 ], [ 30.7148662, 70.2535102 ], [ 30.7140808, 70.2532723 ], [ 30.7138452, 70.2531814 ], [ 30.7137557, 70.2531265 ], [ 30.7134912, 70.2528903 ], [ 30.7134538, 70.2528534 ], [ 30.71344, 70.2527872 ], [ 30.7134586, 70.2527453 ], [ 30.7137252, 70.2524227 ], [ 30.71407, 70.2521064 ], [ 30.7143247, 70.2516615 ], [ 30.7142548, 70.2514491 ], [ 30.7140557, 70.2514467 ], [ 30.7139337, 70.2514356 ], [ 30.7137854, 70.2514057 ], [ 30.7132997, 70.2511429 ], [ 30.7132941, 70.2510363 ], [ 30.7134137, 70.2509009 ], [ 30.7131356, 70.2506567 ], [ 30.7124955, 70.2503373 ], [ 30.7122872, 70.2502 ], [ 30.7123188, 70.2501549 ], [ 30.7120681, 70.2500224 ], [ 30.7120343, 70.2500005 ], [ 30.7115621, 70.2496939 ], [ 30.7113489, 70.2495161 ], [ 30.710878, 70.2491846 ], [ 30.7105979, 70.2488989 ], [ 30.71053, 70.2487522 ], [ 30.7101475, 70.248169 ], [ 30.7102944, 70.2478372 ], [ 30.7104736, 70.2477175 ], [ 30.7103552, 70.2475568 ], [ 30.7102129, 70.2474368 ], [ 30.7102196, 70.2474203 ], [ 30.7102413, 70.2474138 ], [ 30.7104632, 70.2474119 ], [ 30.7107597, 70.24744 ], [ 30.710928, 70.2474247 ], [ 30.7113344, 70.2472744 ], [ 30.7114245, 70.2471593 ], [ 30.7114053, 70.2471197 ], [ 30.7113134, 70.2470735 ], [ 30.711306, 70.2469207 ], [ 30.7115183, 70.2468046 ], [ 30.7115701, 70.2467037 ], [ 30.7115642, 70.2466812 ], [ 30.7114224, 70.2466242 ], [ 30.7109459, 70.2466051 ], [ 30.7106735, 70.2465861 ], [ 30.7104886, 70.2465629 ], [ 30.7104652, 70.2465345 ], [ 30.7106359, 70.2464393 ], [ 30.7106809, 70.2464288 ], [ 30.7109415, 70.2464044 ], [ 30.7110301, 70.2464231 ], [ 30.7111136, 70.246426 ], [ 30.7114575, 70.2464227 ], [ 30.7115339, 70.246408 ], [ 30.711711, 70.2462487 ], [ 30.711806, 70.2461328 ], [ 30.7119149, 70.2459482 ], [ 30.7119121, 70.2458839 ], [ 30.7118049, 70.2457969 ], [ 30.711768, 70.2457825 ], [ 30.7117127, 70.2457757 ], [ 30.7116422, 70.2456358 ], [ 30.7116083, 70.2454948 ], [ 30.7112985, 70.245347 ], [ 30.7105442, 70.2453626 ], [ 30.7102873, 70.2454091 ], [ 30.7100337, 70.2454874 ], [ 30.7099434, 70.245492 ], [ 30.7098629, 70.2454836 ], [ 30.7098615, 70.2454627 ], [ 30.7100503, 70.245221 ], [ 30.7103447, 70.2450622 ], [ 30.7103551, 70.2450244 ], [ 30.7102681, 70.2449774 ], [ 30.7100821, 70.2449853 ], [ 30.7094106, 70.2449793 ], [ 30.7087957, 70.2450188 ], [ 30.7085732, 70.2450505 ], [ 30.7083293, 70.2451273 ], [ 30.7081058, 70.2451771 ], [ 30.7080401, 70.2451779 ], [ 30.7076854, 70.2450368 ], [ 30.7076698, 70.2450215 ], [ 30.7078127, 70.244897 ], [ 30.7079372, 70.2448115 ], [ 30.7080654, 70.2447506 ], [ 30.708131, 70.2447322 ], [ 30.7081398, 70.2446963 ], [ 30.7081012, 70.2446822 ], [ 30.7080476, 70.2446759 ], [ 30.707825, 70.2446849 ], [ 30.7075289, 70.2447207 ], [ 30.7074182, 70.2447471 ], [ 30.7069551, 70.2448989 ], [ 30.7063017, 70.245014 ], [ 30.7062754, 70.2451076 ], [ 30.7056316, 70.2452274 ], [ 30.7053341, 70.2452296 ], [ 30.7051192, 70.245157 ], [ 30.7045216, 70.2453334 ], [ 30.7044824, 70.2453374 ], [ 30.7043965, 70.2453364 ], [ 30.7038864, 70.2452799 ], [ 30.7029154, 70.2451542 ], [ 30.7026384, 70.2451049 ], [ 30.7026079, 70.2450914 ], [ 30.702617, 70.2450678 ], [ 30.7028896, 70.2450175 ], [ 30.7029483, 70.2449883 ], [ 30.7029073, 70.2449443 ], [ 30.7028589, 70.2449322 ], [ 30.7026079, 70.2449279 ], [ 30.7019095, 70.2449987 ], [ 30.7018019, 70.2449996 ], [ 30.7017048, 70.2449861 ], [ 30.7016787, 70.2449772 ], [ 30.7015945, 70.2448884 ], [ 30.701615, 70.2447603 ], [ 30.7014665, 70.2446948 ], [ 30.7010784, 70.2446331 ], [ 30.7004826, 70.2446111 ], [ 30.7001148, 70.2446831 ], [ 30.6999449, 70.2447248 ], [ 30.6997547, 70.2447715 ], [ 30.6992133, 70.2447569 ], [ 30.6992155, 70.2448156 ], [ 30.6992945, 70.244875 ], [ 30.6994814, 70.2449168 ], [ 30.6995849, 70.2449287 ], [ 30.6995732, 70.2449744 ], [ 30.6994896, 70.2450236 ], [ 30.6991428, 70.2451566 ], [ 30.6985917, 70.2453283 ], [ 30.6983482, 70.2453616 ], [ 30.6977956, 70.245383 ], [ 30.6973265, 70.2453117 ], [ 30.696385, 70.2453934 ], [ 30.6963004, 70.2455014 ], [ 30.6959378, 70.2455608 ], [ 30.6954311, 70.2455741 ], [ 30.6948347, 70.2455179 ], [ 30.6944966, 70.245442 ], [ 30.6944757, 70.2454237 ], [ 30.6944399, 70.2454163 ], [ 30.6941073, 70.2453782 ], [ 30.6939818, 70.2454055 ], [ 30.6939905, 70.2455166 ], [ 30.694008, 70.2455285 ], [ 30.694024, 70.2455262 ], [ 30.693861, 70.2456201 ], [ 30.693618, 70.2456726 ], [ 30.6931745, 70.2457172 ], [ 30.6930116, 70.245717 ], [ 30.6917495, 70.24563 ], [ 30.6906467, 70.2455022 ], [ 30.6901259, 70.2454364 ], [ 30.6900304, 70.245417 ], [ 30.6897975, 70.2454226 ], [ 30.6893769, 70.2454567 ], [ 30.6893107, 70.2454711 ], [ 30.6892338, 70.2455198 ], [ 30.6906125, 70.2456063 ], [ 30.6906878, 70.2456177 ], [ 30.6907554, 70.245664 ], [ 30.6907501, 70.2456897 ], [ 30.6907151, 70.2457026 ], [ 30.6899165, 70.2456719 ], [ 30.6895255, 70.2457265 ], [ 30.6891096, 70.2457518 ], [ 30.6888515, 70.2457532 ], [ 30.6882072, 70.2456572 ], [ 30.6873095, 70.2456151 ], [ 30.6870786, 70.2455907 ], [ 30.6867399, 70.2455874 ], [ 30.6864696, 70.2456779 ], [ 30.6862607, 70.2457806 ], [ 30.6862633, 70.2457952 ], [ 30.6863673, 70.2458178 ], [ 30.6864868, 70.2459233 ], [ 30.6865715, 70.2460296 ], [ 30.6865642, 70.2460709 ], [ 30.6865213, 70.2461114 ], [ 30.6859325, 70.2462884 ], [ 30.6854744, 70.2464151 ], [ 30.6848156, 70.246715 ], [ 30.6837557, 70.2471551 ], [ 30.6827554, 70.2476286 ], [ 30.6826967, 70.2477098 ], [ 30.6814758, 70.2483029 ], [ 30.68054, 70.2486956 ], [ 30.6800823, 70.248864 ], [ 30.6786545, 70.2492894 ], [ 30.6784901, 70.2493533 ], [ 30.678047, 70.2494983 ], [ 30.6769882, 70.2498111 ], [ 30.6768161, 70.2498984 ], [ 30.676598, 70.2499678 ], [ 30.6764657, 70.2500005 ], [ 30.6763712, 70.2500239 ], [ 30.6756862, 70.250133 ], [ 30.6752546, 70.2501769 ], [ 30.6746309, 70.2502202 ], [ 30.6741871, 70.2502405 ], [ 30.6734371, 70.2502579 ], [ 30.6725213, 70.25027 ], [ 30.6709862, 70.2503039 ], [ 30.6700907, 70.2503574 ], [ 30.6689378, 70.2504858 ], [ 30.668141, 70.2505868 ], [ 30.6678159, 70.2506348 ], [ 30.6674049, 70.2506807 ], [ 30.664888, 70.2509223 ], [ 30.6628015, 70.2510063 ], [ 30.6622583, 70.2510091 ], [ 30.6616208, 70.2509893 ], [ 30.6611727, 70.2509565 ], [ 30.660427, 70.2508926 ], [ 30.6594137, 70.250786 ], [ 30.657664, 70.2505345 ], [ 30.6572132, 70.2504461 ], [ 30.6562133, 70.2502292 ], [ 30.6559977, 70.2501965 ], [ 30.6554228, 70.2501291 ], [ 30.6550306, 70.2500975 ], [ 30.6547823, 70.2500876 ], [ 30.6537743, 70.2500858 ], [ 30.6533285, 70.2500618 ], [ 30.6525429, 70.2500005 ], [ 30.6524516, 70.2499933 ], [ 30.6518717, 70.2499823 ], [ 30.6504519, 70.2499822 ], [ 30.6499464, 70.249986 ], [ 30.6490309, 70.2499927 ], [ 30.6470917, 70.2499452 ], [ 30.6467199, 70.2499244 ], [ 30.6461195, 70.2498743 ], [ 30.6452475, 70.249768 ], [ 30.6443285, 70.2496273 ], [ 30.6435882, 70.2494914 ], [ 30.6430339, 70.2493511 ], [ 30.6426465, 70.2492268 ], [ 30.6416569, 70.2487757 ], [ 30.6413127, 70.2485996 ], [ 30.641094, 70.2485179 ], [ 30.6406281, 70.2484225 ], [ 30.6397172, 70.2482731 ], [ 30.6392669, 70.2482072 ], [ 30.638923, 70.2481818 ], [ 30.638288, 70.2481575 ], [ 30.63809, 70.248141 ], [ 30.6367193, 70.2479773 ], [ 30.6359741, 70.2479091 ], [ 30.6355363, 70.2478837 ], [ 30.6349827, 70.2478814 ], [ 30.6329943, 70.2478456 ], [ 30.6321158, 70.2478211 ], [ 30.6318691, 70.247836 ], [ 30.6313927, 70.2478795 ], [ 30.6310923, 70.2479393 ], [ 30.6308287, 70.2479661 ], [ 30.6306396, 70.2479685 ], [ 30.6303946, 70.2479511 ], [ 30.6297002, 70.2478741 ], [ 30.6289286, 70.2477447 ], [ 30.6285129, 70.2476502 ], [ 30.6276623, 70.2474104 ], [ 30.626975, 70.2472278 ], [ 30.6268017, 70.2472022 ], [ 30.6263295, 70.2471964 ], [ 30.6260319, 70.247176 ], [ 30.6256149, 70.2471384 ], [ 30.6252802, 70.2470984 ], [ 30.6248965, 70.2470413 ], [ 30.6241857, 70.2468836 ], [ 30.6238851, 70.246793 ], [ 30.6235638, 70.2466622 ], [ 30.6230986, 70.2464043 ], [ 30.6229805, 70.2462974 ], [ 30.6226513, 70.246088 ], [ 30.6223837, 70.2460325 ], [ 30.6222573, 70.2460223 ], [ 30.6208539, 70.2460149 ], [ 30.6203177, 70.2459973 ], [ 30.619016, 70.2459277 ], [ 30.6183864, 70.2458703 ], [ 30.6174693, 70.2457426 ], [ 30.6172788, 70.2457329 ], [ 30.6169899, 70.245731 ], [ 30.6163653, 70.2457636 ], [ 30.616052, 70.245789 ], [ 30.615503, 70.2458486 ], [ 30.6153147, 70.2458606 ], [ 30.615133, 70.2458639 ], [ 30.6141949, 70.2458299 ], [ 30.6137047, 70.245855 ], [ 30.6122015, 70.2461232 ], [ 30.6115568, 70.2462231 ], [ 30.6110744, 70.2463522 ], [ 30.6108573, 70.2464557 ], [ 30.6107457, 70.246494 ], [ 30.6104941, 70.2465517 ], [ 30.6103376, 70.2465632 ], [ 30.6099022, 70.246577 ], [ 30.6093785, 70.2465765 ], [ 30.6090719, 70.2465619 ], [ 30.6083869, 70.246493 ], [ 30.607628, 70.2464013 ], [ 30.6067241, 70.2463278 ], [ 30.6060149, 70.2462154 ], [ 30.6056956, 70.2461418 ], [ 30.604947, 70.2460471 ], [ 30.6040506, 70.2459789 ], [ 30.6027593, 70.245978 ], [ 30.6021646, 70.2460252 ], [ 30.601846, 70.2460725 ], [ 30.6016208, 70.2460876 ], [ 30.6012889, 70.246088 ], [ 30.6010834, 70.2460782 ], [ 30.5999481, 70.2459391 ], [ 30.5990267, 70.2458261 ], [ 30.5978265, 70.2455768 ], [ 30.5974143, 70.2455301 ], [ 30.5971078, 70.2455276 ], [ 30.5967737, 70.2455568 ], [ 30.5966177, 70.2455627 ], [ 30.5957619, 70.2455551 ], [ 30.5954734, 70.2455737 ], [ 30.5952896, 70.2455947 ], [ 30.5951745, 70.24563 ], [ 30.5951393, 70.2456563 ], [ 30.594659, 70.2461412 ], [ 30.5944485, 70.2463941 ], [ 30.5944321, 70.2465207 ], [ 30.5944529, 70.2465903 ], [ 30.5945608, 70.2466906 ], [ 30.5946227, 70.2467959 ], [ 30.5945118, 70.2469491 ], [ 30.5944254, 70.2469968 ], [ 30.5943221, 70.2471432 ], [ 30.5943999, 70.2473329 ], [ 30.594408, 70.2476312 ], [ 30.5943398, 70.2477595 ], [ 30.5942807, 70.2478135 ], [ 30.5941372, 70.2478977 ], [ 30.5930393, 70.248252 ], [ 30.592626, 70.2483621 ], [ 30.5919946, 70.2484917 ], [ 30.5915984, 70.2485539 ], [ 30.5911148, 70.2486089 ], [ 30.5892964, 70.2487572 ], [ 30.5882993, 70.2488027 ], [ 30.587352, 70.2488283 ], [ 30.5861611, 70.2488422 ], [ 30.584797, 70.2488268 ], [ 30.5818761, 70.2486818 ], [ 30.5797073, 70.2485076 ], [ 30.5787342, 70.2484856 ], [ 30.5781194, 70.2484908 ], [ 30.577721, 70.24846 ], [ 30.5770454, 70.2483833 ], [ 30.5763191, 70.2483362 ], [ 30.5743259, 70.2481483 ], [ 30.5734676, 70.2480907 ], [ 30.571985, 70.248004 ], [ 30.5710082, 70.2479137 ], [ 30.5696943, 70.24771 ], [ 30.5689543, 70.2476111 ], [ 30.5677997, 70.2474321 ], [ 30.5670483, 70.247335 ], [ 30.566123, 70.2472321 ], [ 30.5658975, 70.2471959 ], [ 30.5652784, 70.2470689 ], [ 30.5648265, 70.2469384 ], [ 30.5634716, 70.2465569 ], [ 30.5633151, 70.2464991 ], [ 30.5625722, 70.2463219 ], [ 30.5619013, 70.2462025 ], [ 30.5617369, 70.24614 ], [ 30.5608738, 70.2457746 ], [ 30.5589919, 70.245012 ], [ 30.5576633, 70.2444116 ], [ 30.5560859, 70.2436631 ], [ 30.5558044, 70.2435445 ], [ 30.5554663, 70.2434278 ], [ 30.5552842, 70.2433872 ], [ 30.5552326, 70.2433575 ], [ 30.555231, 70.2433361 ], [ 30.5555495, 70.2430554 ], [ 30.5558555, 70.2428095 ], [ 30.5560349, 70.2426293 ], [ 30.5563143, 70.2424682 ], [ 30.5564923, 70.2423831 ], [ 30.5568581, 70.2422346 ], [ 30.5570875, 70.2421296 ], [ 30.5572647, 70.2419969 ], [ 30.5573345, 70.2419324 ], [ 30.5574055, 70.2418326 ], [ 30.5574563, 70.2417971 ], [ 30.5575933, 70.2417306 ], [ 30.5580864, 70.2415605 ], [ 30.5584761, 70.2413244 ], [ 30.5585191, 70.241286 ], [ 30.5585423, 70.2412219 ], [ 30.5586196, 70.2407661 ], [ 30.5586778, 70.240695 ], [ 30.5588395, 70.2405604 ], [ 30.5589227, 70.2405047 ], [ 30.5592091, 70.2403868 ], [ 30.5592797, 70.2403159 ], [ 30.5591938, 70.2401976 ], [ 30.5590726, 70.2401483 ], [ 30.5589178, 70.2401048 ], [ 30.558685, 70.2400558 ], [ 30.5586275, 70.2400344 ], [ 30.5583377, 70.239885 ], [ 30.5582395, 70.2397852 ], [ 30.5581912, 70.2396901 ], [ 30.558192, 70.2396239 ], [ 30.5582786, 70.2395042 ], [ 30.5584499, 70.2394605 ], [ 30.5586018, 70.2393983 ], [ 30.5586381, 70.2393699 ], [ 30.5586743, 70.2393278 ], [ 30.5586355, 70.2392072 ], [ 30.558528, 70.2390557 ], [ 30.5582594, 70.2388294 ], [ 30.5579388, 70.2386736 ], [ 30.5577774, 70.2384792 ], [ 30.557805, 70.2384367 ], [ 30.5578021, 70.2383949 ], [ 30.5577513, 70.2383649 ], [ 30.5576099, 70.2383126 ], [ 30.5575011, 70.2382937 ], [ 30.5564179, 70.2381892 ], [ 30.5559286, 70.238159 ], [ 30.5551048, 70.2381331 ], [ 30.5545475, 70.2381183 ], [ 30.5541284, 70.2381246 ], [ 30.5537217, 70.2381525 ], [ 30.5532699, 70.238218 ], [ 30.5530507, 70.2382394 ], [ 30.552757, 70.2382406 ], [ 30.551586, 70.2381739 ], [ 30.5513144, 70.2381813 ], [ 30.5507505, 70.2382423 ], [ 30.5504435, 70.2383046 ], [ 30.5501522, 70.238335 ], [ 30.5499497, 70.2383496 ], [ 30.5497967, 70.2383607 ], [ 30.5490605, 70.2383763 ], [ 30.5486311, 70.2384091 ], [ 30.5480569, 70.2384644 ], [ 30.5462406, 70.2387018 ], [ 30.5455119, 70.2388644 ], [ 30.5448864, 70.2389698 ], [ 30.5446151, 70.2390013 ], [ 30.5434476, 70.2391034 ], [ 30.5424826, 70.2391971 ], [ 30.5419075, 70.2393153 ], [ 30.5417742, 70.2393457 ], [ 30.541686, 70.239376 ], [ 30.5413668, 70.2395513 ], [ 30.5411846, 70.23973 ], [ 30.5404021, 70.2401695 ], [ 30.5399459, 70.2403941 ], [ 30.5392426, 70.2406852 ], [ 30.5387159, 70.240795 ], [ 30.5380401, 70.2409051 ], [ 30.5366626, 70.2411478 ], [ 30.536384, 70.2412201 ], [ 30.5358989, 70.2414551 ], [ 30.5354884, 70.2417452 ], [ 30.5353456, 70.2418157 ], [ 30.534679, 70.242058 ], [ 30.5344988, 70.2420927 ], [ 30.5343352, 70.2421122 ], [ 30.5338412, 70.242136 ], [ 30.5330854, 70.2421331 ], [ 30.5327212, 70.242124 ], [ 30.531066, 70.2420536 ], [ 30.5300212, 70.2420333 ], [ 30.5286729, 70.241954 ], [ 30.5274383, 70.2418608 ], [ 30.5270398, 70.24182 ], [ 30.5262488, 70.2417245 ], [ 30.5257301, 70.2416849 ], [ 30.5249316, 70.2416589 ], [ 30.5221814, 70.2412285 ], [ 30.5221614, 70.2411398 ], [ 30.5221275, 70.2411101 ], [ 30.5219875, 70.2410684 ], [ 30.5217363, 70.2410194 ], [ 30.5215156, 70.2409919 ], [ 30.520844, 70.2409277 ], [ 30.5205489, 70.2408843 ], [ 30.5199241, 70.2407771 ], [ 30.519682, 70.2407237 ], [ 30.5193187, 70.2406207 ], [ 30.5184448, 70.2404319 ], [ 30.5171821, 70.2401332 ], [ 30.515921, 70.239763 ], [ 30.5140944, 70.2391274 ], [ 30.5129646, 70.2387056 ], [ 30.5123458, 70.2384581 ], [ 30.5117051, 70.2381917 ], [ 30.5111731, 70.2379395 ], [ 30.5098625, 70.2373699 ], [ 30.5093783, 70.2371715 ], [ 30.5083381, 70.2366895 ], [ 30.5066924, 70.2360239 ], [ 30.5049182, 70.235151 ], [ 30.5044513, 70.2349385 ], [ 30.5038252, 70.2345868 ], [ 30.5033315, 70.2343523 ], [ 30.502846, 70.2340767 ], [ 30.5022496, 70.2337097 ], [ 30.5011005, 70.2329505 ], [ 30.4999512, 70.2322341 ], [ 30.4995997, 70.2320173 ], [ 30.4992728, 70.2318472 ], [ 30.4987812, 70.231541 ], [ 30.497569, 70.2306246 ], [ 30.4969713, 70.2301435 ], [ 30.4967433, 70.2299263 ], [ 30.4964768, 70.2296028 ], [ 30.4963111, 70.2294446 ], [ 30.4962113, 70.229364 ], [ 30.4952015, 70.2286643 ], [ 30.4947814, 70.2283 ], [ 30.4941606, 70.2279266 ], [ 30.4937346, 70.2277152 ], [ 30.4935308, 70.2276268 ], [ 30.493291, 70.2274933 ], [ 30.4930945, 70.2273631 ], [ 30.4922708, 70.2266701 ], [ 30.4916735, 70.2262542 ], [ 30.4915895, 70.2261781 ], [ 30.4915061, 70.2260363 ], [ 30.4911163, 70.2255943 ], [ 30.4908807, 70.2253674 ], [ 30.4905789, 70.2250183 ], [ 30.4902743, 70.2247135 ], [ 30.4899894, 70.2244512 ], [ 30.4895152, 70.224058 ], [ 30.4892861, 70.2237945 ], [ 30.4891008, 70.2236194 ], [ 30.488687, 70.2233012 ], [ 30.488081, 70.2227173 ], [ 30.4879356, 70.2226772 ], [ 30.4878869, 70.2226461 ], [ 30.4878004, 70.2224329 ], [ 30.4877782, 70.2220473 ], [ 30.4879863, 70.2215817 ], [ 30.4880134, 70.2212291 ], [ 30.4881114, 70.2210197 ], [ 30.4885751, 70.2206384 ], [ 30.4885922, 70.2206101 ], [ 30.488598, 70.2205418 ], [ 30.488516, 70.2203571 ], [ 30.488523, 70.2203117 ], [ 30.488769, 70.2198918 ], [ 30.4888957, 70.2197447 ], [ 30.4889634, 70.2196902 ], [ 30.4893526, 70.2194307 ], [ 30.4895277, 70.2193423 ], [ 30.4900719, 70.2192172 ], [ 30.4902611, 70.2191899 ], [ 30.4912109, 70.2191354 ], [ 30.4915801, 70.2191245 ], [ 30.4919157, 70.2191466 ], [ 30.4930108, 70.2191317 ], [ 30.4932623, 70.2191168 ], [ 30.4933897, 70.219093 ], [ 30.4938427, 70.2189766 ], [ 30.4939532, 70.2189316 ], [ 30.4940036, 70.2188955 ], [ 30.4940295, 70.2188262 ], [ 30.4940052, 70.2187936 ], [ 30.4938963, 70.2187389 ], [ 30.4937892, 70.2187391 ], [ 30.492984, 70.218869 ], [ 30.4926618, 70.2189099 ], [ 30.4924591, 70.218917 ], [ 30.4922491, 70.2189129 ], [ 30.4921857, 70.218895 ], [ 30.4921704, 70.2188782 ], [ 30.4921188, 70.2186679 ], [ 30.4921396, 70.2186486 ], [ 30.4921979, 70.218626 ], [ 30.4922939, 70.218613 ], [ 30.4927117, 70.2186294 ], [ 30.4930828, 70.2186117 ], [ 30.493546, 70.2185634 ], [ 30.4936183, 70.218549 ], [ 30.4937796, 70.2184893 ], [ 30.4938319, 70.2184532 ], [ 30.493837, 70.2184308 ], [ 30.4937925, 70.218415 ], [ 30.493698, 70.2184013 ], [ 30.4934494, 70.218408 ], [ 30.4932101, 70.218437 ], [ 30.493137, 70.2184379 ], [ 30.4930676, 70.2184362 ], [ 30.492841, 70.2184045 ], [ 30.4923253, 70.2180724 ], [ 30.4922318, 70.2180352 ], [ 30.4921171, 70.218026 ], [ 30.4919427, 70.2180344 ], [ 30.4912506, 70.2179867 ], [ 30.4906365, 70.2180022 ], [ 30.4900098, 70.2179707 ], [ 30.4897556, 70.2179226 ], [ 30.4887397, 70.2178439 ], [ 30.4883901, 70.2178233 ], [ 30.4880108, 70.2177713 ], [ 30.4874613, 70.2176764 ], [ 30.487145, 70.2176118 ], [ 30.4857015, 70.2172451 ], [ 30.4852781, 70.2171041 ], [ 30.4839424, 70.2166306 ], [ 30.4833882, 70.2163434 ], [ 30.4825891, 70.2160248 ], [ 30.4814309, 70.2156815 ], [ 30.4806523, 70.2154931 ], [ 30.4801277, 70.2154029 ], [ 30.4798892, 70.2153348 ], [ 30.4796191, 70.2152043 ], [ 30.4794997, 70.2151161 ], [ 30.4792561, 70.2148422 ], [ 30.4791721, 70.2147685 ], [ 30.4790319, 70.214675 ], [ 30.4789218, 70.2146321 ], [ 30.478733, 70.214581 ], [ 30.478595, 70.2145246 ], [ 30.4784176, 70.214431 ], [ 30.4782894, 70.2143264 ], [ 30.4779517, 70.2140097 ], [ 30.477706, 70.213735 ], [ 30.4773592, 70.2131339 ], [ 30.4773327, 70.2130137 ], [ 30.4773301, 70.2127875 ], [ 30.4773722, 70.2125933 ], [ 30.477469, 70.2124602 ], [ 30.4776997, 70.2122853 ], [ 30.4777187, 70.2122108 ], [ 30.4776067, 70.2120254 ], [ 30.4773844, 70.2117605 ], [ 30.4772522, 70.2115277 ], [ 30.4771832, 70.2113699 ], [ 30.4770068, 70.2108122 ], [ 30.4770126, 70.210711 ], [ 30.4770641, 70.2106115 ], [ 30.4772619, 70.2104359 ], [ 30.4774514, 70.2103526 ], [ 30.4776854, 70.2102773 ], [ 30.4778038, 70.2102531 ], [ 30.4781338, 70.2102133 ], [ 30.4786269, 70.2101305 ], [ 30.4787638, 70.2100999 ], [ 30.4790685, 70.209999 ], [ 30.479571, 70.2097989 ], [ 30.4796992, 70.2097294 ], [ 30.479897, 70.2093718 ], [ 30.480016, 70.2090187 ], [ 30.4800861, 70.2087164 ], [ 30.4803662, 70.2079566 ], [ 30.480343, 70.2077583 ], [ 30.4802958, 70.2076452 ], [ 30.4801373, 70.2074242 ], [ 30.4800668, 70.2072719 ], [ 30.4800881, 70.2070801 ], [ 30.4801385, 70.2070589 ], [ 30.4802603, 70.2070367 ], [ 30.4801653, 70.2069524 ], [ 30.4797231, 70.2069249 ], [ 30.4795734, 70.2069225 ], [ 30.4794537, 70.206936 ], [ 30.4788886, 70.2070447 ], [ 30.4779332, 70.2069648 ], [ 30.4772169, 70.2069179 ], [ 30.476906, 70.2068848 ], [ 30.4765136, 70.2068309 ], [ 30.4754036, 70.2067191 ], [ 30.4745573, 70.2065902 ], [ 30.4734397, 70.2065197 ], [ 30.4731791, 70.2065146 ], [ 30.4729858, 70.2065275 ], [ 30.4727345, 70.2065186 ], [ 30.4721598, 70.2064582 ], [ 30.4721279, 70.2064451 ], [ 30.4718052, 70.2063951 ], [ 30.4715187, 70.206363 ], [ 30.4708422, 70.206318 ], [ 30.4704229, 70.206302 ], [ 30.4699169, 70.2062336 ], [ 30.4694746, 70.2062387 ], [ 30.4691897, 70.2062206 ], [ 30.4686913, 70.2061711 ], [ 30.4685032, 70.2061265 ], [ 30.4685108, 70.206108 ], [ 30.4684889, 70.2060997 ], [ 30.4682578, 70.2060928 ], [ 30.4679255, 70.2060972 ], [ 30.4676459, 70.2061271 ], [ 30.4676243, 70.2061627 ], [ 30.467668, 70.2061984 ], [ 30.4677555, 70.2062116 ], [ 30.4679975, 70.2062253 ], [ 30.4680192, 70.2062643 ], [ 30.4676723, 70.2063185 ], [ 30.4669257, 70.2063075 ], [ 30.4667545, 70.2063618 ], [ 30.4666734, 70.2063984 ], [ 30.4666459, 70.206459 ], [ 30.4666651, 70.2064879 ], [ 30.4666392, 70.2064931 ], [ 30.4660027, 70.2064777 ], [ 30.4656999, 70.2064607 ], [ 30.4654205, 70.2064292 ], [ 30.4649318, 70.2064395 ], [ 30.4646082, 70.2064723 ], [ 30.4642983, 70.2064669 ], [ 30.463503, 70.2064341 ], [ 30.4633204, 70.206343 ], [ 30.4629841, 70.206283 ], [ 30.4628482, 70.2062941 ], [ 30.4627514, 70.2063406 ], [ 30.4627494, 70.2063884 ], [ 30.4626982, 70.2064547 ], [ 30.4626668, 70.2064634 ], [ 30.462274, 70.2064369 ], [ 30.4620186, 70.206392 ], [ 30.4616804, 70.2064536 ], [ 30.4613449, 70.2064932 ], [ 30.4605161, 70.2065032 ], [ 30.4601012, 70.2064995 ], [ 30.4593875, 70.2064853 ], [ 30.4589807, 70.2064575 ], [ 30.4587028, 70.2064463 ], [ 30.4584987, 70.2064727 ], [ 30.4584014, 70.2064793 ], [ 30.4580217, 70.206505 ], [ 30.4577545, 70.2065112 ], [ 30.4569112, 70.2065101 ], [ 30.4565271, 70.2065001 ], [ 30.4556824, 70.2065013 ], [ 30.4547847, 70.2066066 ], [ 30.4538292, 70.2066974 ], [ 30.4533345, 70.206755 ], [ 30.4522609, 70.2069542 ], [ 30.4510998, 70.2071391 ], [ 30.4509636, 70.2071482 ], [ 30.4499527, 70.2071642 ], [ 30.4495206, 70.207171 ], [ 30.449042, 70.2071725 ], [ 30.4485277, 70.2071562 ], [ 30.4480826, 70.2071269 ], [ 30.4474041, 70.2070315 ], [ 30.4471675, 70.2069907 ], [ 30.446792, 70.2069441 ], [ 30.445019, 70.2068636 ], [ 30.4429206, 70.2067412 ], [ 30.4420925, 70.2067179 ], [ 30.4416636, 70.2066941 ], [ 30.4409941, 70.2066345 ], [ 30.4400052, 70.2064963 ], [ 30.4390538, 70.2063293 ], [ 30.4384879, 70.2061679 ], [ 30.4383322, 70.2061338 ], [ 30.4378591, 70.2060504 ], [ 30.4372593, 70.2059808 ], [ 30.4358252, 70.2059348 ], [ 30.4351115, 70.2058931 ], [ 30.4339561, 70.2058591 ], [ 30.4330502, 70.2058063 ], [ 30.4316502, 70.2057473 ], [ 30.4308151, 70.2057381 ], [ 30.4303137, 70.2057252 ], [ 30.4287085, 70.20568 ], [ 30.4282269, 70.2056522 ], [ 30.427487, 70.2055777 ], [ 30.4270444, 70.2055121 ], [ 30.4267872, 70.2054875 ], [ 30.4250427, 70.2053585 ], [ 30.4249302, 70.2053446 ], [ 30.4242588, 70.2052464 ], [ 30.4234561, 70.2051023 ], [ 30.4217029, 70.2048423 ], [ 30.4211125, 70.2047959 ], [ 30.4194469, 70.2046897 ], [ 30.4174724, 70.2044894 ], [ 30.4160596, 70.2043788 ], [ 30.4152638, 70.2042431 ], [ 30.414639, 70.2041772 ], [ 30.4142135, 70.2041615 ], [ 30.4119293, 70.2038989 ], [ 30.4112468, 70.2037689 ], [ 30.4109114, 70.2037187 ], [ 30.4098503, 70.2036322 ], [ 30.4093395, 70.2036418 ], [ 30.4085406, 70.203613 ], [ 30.4078687, 70.203599 ], [ 30.4071866, 70.2036549 ], [ 30.4066938, 70.2036622 ], [ 30.4061925, 70.2036235 ], [ 30.405242, 70.20348 ], [ 30.4046608, 70.2033231 ], [ 30.4041257, 70.2031985 ], [ 30.4039919, 70.2031798 ], [ 30.4036333, 70.2031476 ], [ 30.4034788, 70.2031214 ], [ 30.4032, 70.2030283 ], [ 30.4021638, 70.2026065 ], [ 30.4019415, 70.202539 ], [ 30.4014435, 70.2024822 ], [ 30.4011089, 70.2024564 ], [ 30.400732, 70.202407 ], [ 30.4002337, 70.2023308 ], [ 30.3999542, 70.2022782 ], [ 30.3994135, 70.2021463 ], [ 30.3988244, 70.2019863 ], [ 30.3974876, 70.2015875 ], [ 30.3970641, 70.2014982 ], [ 30.3950752, 70.2011762 ], [ 30.3949106, 70.2011627 ], [ 30.3944754, 70.2011509 ], [ 30.393886, 70.2011404 ], [ 30.3932219, 70.2011403 ], [ 30.3926194, 70.2011075 ], [ 30.3913668, 70.2009926 ], [ 30.3900902, 70.2008986 ], [ 30.3896512, 70.2008518 ], [ 30.388919, 70.2007608 ], [ 30.386644, 70.2003925 ], [ 30.3855991, 70.2001467 ], [ 30.3851326, 70.2000005 ], [ 30.3847669, 70.1998994 ], [ 30.3837337, 70.1996617 ], [ 30.3833614, 70.1995583 ], [ 30.3829992, 70.1994254 ], [ 30.3824615, 70.199337 ], [ 30.3823701, 70.199332 ], [ 30.3820065, 70.1993679 ], [ 30.3817784, 70.19941 ], [ 30.3817253, 70.199443 ], [ 30.381684, 70.1994545 ], [ 30.3814646, 70.1994989 ], [ 30.3811175, 70.1995532 ], [ 30.3808006, 70.1995613 ], [ 30.3804657, 70.199556 ], [ 30.3801074, 70.1995147 ], [ 30.3798546, 70.1994961 ], [ 30.379699, 70.1995009 ], [ 30.379187, 70.1995456 ], [ 30.3782663, 70.1996377 ], [ 30.3771895, 70.1996715 ], [ 30.3766436, 70.19967 ], [ 30.3752051, 70.1995682 ], [ 30.37441, 70.1995204 ], [ 30.3732256, 70.1994809 ], [ 30.3726131, 70.1994448 ], [ 30.372468, 70.1994238 ], [ 30.3721872, 70.199347 ], [ 30.3718409, 70.199278 ], [ 30.3714862, 70.1992282 ], [ 30.3712018, 70.1992022 ], [ 30.3709559, 70.199194 ], [ 30.3707056, 70.1992055 ], [ 30.3704611, 70.199274 ], [ 30.3702045, 70.1993248 ], [ 30.3697969, 70.1993318 ], [ 30.3694221, 70.1993252 ], [ 30.3691934, 70.1993179 ], [ 30.369037, 70.1993041 ], [ 30.3686517, 70.1992364 ], [ 30.3683105, 70.1991522 ], [ 30.3681472, 70.1991022 ], [ 30.3679912, 70.1990707 ], [ 30.3678396, 70.1990653 ], [ 30.3673478, 70.1991086 ], [ 30.3669036, 70.1990652 ], [ 30.3666003, 70.1990132 ], [ 30.3658487, 70.1988529 ], [ 30.3654226, 70.1988015 ], [ 30.3651314, 70.1987044 ], [ 30.3648839, 70.1986025 ], [ 30.3643299, 70.1982927 ], [ 30.364027, 70.1981645 ], [ 30.3635109, 70.197989 ], [ 30.3630919, 70.1977953 ], [ 30.3620265, 70.1972111 ], [ 30.3611827, 70.1967241 ], [ 30.3607938, 70.1965133 ], [ 30.3600504, 70.1960395 ], [ 30.3590449, 70.1953663 ], [ 30.358578, 70.1950814 ], [ 30.3582718, 70.1948341 ], [ 30.3580013, 70.1945898 ], [ 30.3578335, 70.1943899 ], [ 30.3576269, 70.1941878 ], [ 30.3569145, 70.1935788 ], [ 30.356818, 70.1935118 ], [ 30.3567258, 70.1934697 ], [ 30.3565881, 70.1934253 ], [ 30.3565903, 70.1932378 ], [ 30.3566477, 70.1930859 ], [ 30.3567019, 70.1926879 ], [ 30.3566892, 70.1923093 ], [ 30.3568748, 70.1913083 ], [ 30.3569423, 70.1911521 ], [ 30.3572152, 70.1908688 ], [ 30.3572294, 70.1905204 ], [ 30.3572707, 70.1904184 ], [ 30.3573658, 70.1902801 ], [ 30.3574636, 70.1901574 ], [ 30.3577048, 70.1899368 ], [ 30.3580123, 70.189589 ], [ 30.3580943, 70.1894404 ], [ 30.358129, 70.1894178 ], [ 30.3591967, 70.189115 ], [ 30.3599506, 70.1889563 ], [ 30.3602547, 70.1889213 ], [ 30.3604381, 70.1888936 ], [ 30.3605078, 70.1888734 ], [ 30.3604992, 70.1888261 ], [ 30.3604107, 70.18872 ], [ 30.3602511, 70.1885929 ], [ 30.3601851, 70.1885699 ], [ 30.3600913, 70.188552 ], [ 30.3596314, 70.1884977 ], [ 30.3589039, 70.1885123 ], [ 30.3587083, 70.1885343 ], [ 30.3574153, 70.1887111 ], [ 30.3573731, 70.1887314 ], [ 30.3572969, 70.1888627 ], [ 30.3572245, 70.1889065 ], [ 30.3571079, 70.1889494 ], [ 30.3568526, 70.1889755 ], [ 30.3562086, 70.1889937 ], [ 30.3557831, 70.1889439 ], [ 30.3553269, 70.1889076 ], [ 30.3546703, 70.1889046 ], [ 30.3545144, 70.1889149 ], [ 30.353914, 70.1890031 ], [ 30.3538179, 70.1890291 ], [ 30.3537001, 70.1891132 ], [ 30.3536527, 70.189247 ], [ 30.3534939, 70.1894048 ], [ 30.3533769, 70.1894498 ], [ 30.3532666, 70.1894785 ], [ 30.3530562, 70.1895001 ], [ 30.3527032, 70.1895204 ], [ 30.3523055, 70.1895284 ], [ 30.3519593, 70.1895277 ], [ 30.3516306, 70.1895182 ], [ 30.3508699, 70.1894606 ], [ 30.3499556, 70.189343 ], [ 30.3498896, 70.1893346 ], [ 30.3485297, 70.1890211 ], [ 30.3477142, 70.1887786 ], [ 30.3473545, 70.1886533 ], [ 30.3463805, 70.1882511 ], [ 30.3462116, 70.1881886 ], [ 30.3460806, 70.1881554 ], [ 30.3453735, 70.1877965 ], [ 30.3450515, 70.1876004 ], [ 30.3449123, 70.1874886 ], [ 30.3448062, 70.1873767 ], [ 30.3447537, 70.1872577 ], [ 30.3447594, 70.1871708 ], [ 30.344831, 70.1871128 ], [ 30.3450938, 70.1869479 ], [ 30.3451522, 70.1869292 ], [ 30.345361, 70.1868888 ], [ 30.3454379, 70.1868538 ], [ 30.3454535, 70.1868268 ], [ 30.3454324, 70.1867122 ], [ 30.3450266, 70.1859428 ], [ 30.3447378, 70.1855241 ], [ 30.3443131, 70.185013 ], [ 30.3442062, 70.1847926 ], [ 30.3441088, 70.1847049 ], [ 30.3439301, 70.1845815 ], [ 30.3436916, 70.1844685 ], [ 30.3435752, 70.1844245 ], [ 30.3434967, 70.1844014 ], [ 30.343368, 70.1843784 ], [ 30.3431361, 70.1843609 ], [ 30.3428448, 70.1843582 ], [ 30.3420709, 70.1843809 ], [ 30.3418597, 70.1843996 ], [ 30.3414284, 70.1845048 ], [ 30.341026, 70.1847139 ], [ 30.3406929, 70.1849035 ], [ 30.340096, 70.185315 ], [ 30.339906, 70.1854727 ], [ 30.3398613, 70.1855412 ], [ 30.3398468, 70.1856157 ], [ 30.3391506, 70.1856038 ], [ 30.3384273, 70.1855915 ], [ 30.3383775, 70.1855202 ], [ 30.3382405, 70.1854492 ], [ 30.3375642, 70.1852985 ], [ 30.3371837, 70.1851972 ], [ 30.3364332, 70.1849507 ], [ 30.3355279, 70.18462 ], [ 30.3351845, 70.1844784 ], [ 30.334816, 70.1843059 ], [ 30.3344343, 70.1841057 ], [ 30.3341487, 70.1839403 ], [ 30.3337795, 70.183689 ], [ 30.3334059, 70.1833703 ], [ 30.3330714, 70.1830043 ], [ 30.3324501, 70.1823995 ], [ 30.3322602, 70.1821629 ], [ 30.3319735, 70.1818533 ], [ 30.3314733, 70.1813538 ], [ 30.3311336, 70.1809308 ], [ 30.3308312, 70.1804546 ], [ 30.3306302, 70.1799873 ], [ 30.3304459, 70.1794846 ], [ 30.3302128, 70.1790305 ], [ 30.33022, 70.1787778 ], [ 30.3302655, 70.17876 ], [ 30.3302868, 70.1787367 ], [ 30.3302988, 70.1786269 ], [ 30.3301754, 70.1782338 ], [ 30.3301224, 70.177692 ], [ 30.3301226, 70.1772402 ], [ 30.3300971, 70.1768555 ], [ 30.3301113, 70.1765823 ], [ 30.3303035, 70.1757996 ], [ 30.3304081, 70.1755531 ], [ 30.3308507, 70.1746794 ], [ 30.3308609, 70.1746156 ], [ 30.3308341, 70.174537 ], [ 30.3307453, 70.174418 ], [ 30.3306257, 70.1743232 ], [ 30.3305266, 70.1742703 ], [ 30.3302146, 70.1741437 ], [ 30.3299779, 70.1740668 ], [ 30.3294145, 70.1739188 ], [ 30.3288588, 70.173761 ], [ 30.3286454, 70.1736908 ], [ 30.3284732, 70.1736161 ], [ 30.3279249, 70.1733211 ], [ 30.3275348, 70.1730883 ], [ 30.3272168, 70.1728731 ], [ 30.3269165, 70.1726388 ], [ 30.3267522, 70.1724746 ], [ 30.3266265, 70.1722695 ], [ 30.3262435, 70.171255 ], [ 30.3260377, 70.1708356 ], [ 30.3256927, 70.1702743 ], [ 30.3253146, 70.1698218 ], [ 30.3253152, 70.1697175 ], [ 30.3256461, 70.1694069 ], [ 30.3257723, 70.1692726 ], [ 30.325836, 70.1691698 ], [ 30.3258665, 70.1690675 ], [ 30.3258739, 70.1687167 ], [ 30.3259041, 70.1684423 ], [ 30.3260767, 70.1680776 ], [ 30.3262939, 70.1674214 ], [ 30.3263927, 70.1669472 ], [ 30.3264504, 70.1667639 ], [ 30.3268959, 70.1657866 ], [ 30.327124, 70.1653835 ], [ 30.3272938, 70.1651201 ], [ 30.3274432, 70.1649281 ], [ 30.3278652, 70.1644602 ], [ 30.32815, 70.1641696 ], [ 30.328326, 70.1638423 ], [ 30.328565, 70.1634571 ], [ 30.3296094, 70.1619297 ], [ 30.3296403, 70.161832 ], [ 30.329602, 70.1617579 ], [ 30.3293836, 70.1616552 ], [ 30.3296373, 70.1615813 ], [ 30.3301402, 70.1613906 ], [ 30.3302658, 70.1612891 ], [ 30.3304607, 70.1610963 ], [ 30.3307441, 70.1607825 ], [ 30.3315175, 70.1601832 ], [ 30.3322077, 70.1596131 ], [ 30.3327138, 70.1592794 ], [ 30.3332921, 70.1589328 ], [ 30.3343462, 70.1584727 ], [ 30.3353431, 70.1580735 ], [ 30.3360257, 70.1577322 ], [ 30.3366762, 70.1573749 ], [ 30.3373254, 70.1571484 ], [ 30.3376343, 70.1570646 ], [ 30.3384603, 70.1568881 ], [ 30.3404578, 70.156484 ], [ 30.3413239, 70.1562936 ], [ 30.3417821, 70.156139 ], [ 30.342383, 70.1559565 ], [ 30.3427212, 70.1558585 ], [ 30.3434034, 70.1556805 ], [ 30.3442432, 70.1555251 ], [ 30.3471112, 70.1549649 ], [ 30.3473645, 70.1549327 ], [ 30.3475361, 70.15492 ], [ 30.3476773, 70.1549182 ], [ 30.3479248, 70.1549356 ], [ 30.3484382, 70.1550021 ], [ 30.348749, 70.1550621 ], [ 30.3499554, 70.1553578 ], [ 30.3500789, 70.155388 ], [ 30.3510814, 70.1556716 ], [ 30.3513621, 70.1557844 ], [ 30.3521221, 70.1560548 ], [ 30.3528305, 70.1562935 ], [ 30.3534173, 70.1564218 ], [ 30.3538947, 70.1564937 ], [ 30.3540807, 70.1563855 ], [ 30.3543492, 70.1562934 ], [ 30.3549427, 70.1561644 ], [ 30.3550716, 70.1561294 ], [ 30.3551662, 70.1560878 ], [ 30.3552175, 70.1560498 ], [ 30.355217, 70.1559849 ], [ 30.3551438, 70.1558783 ], [ 30.3550296, 70.1558085 ], [ 30.3549119, 70.15575 ], [ 30.3543698, 70.1555862 ], [ 30.3541307, 70.1554506 ], [ 30.3535144, 70.1553177 ], [ 30.3534073, 70.1552894 ], [ 30.3533237, 70.1552544 ], [ 30.353218, 70.1551997 ], [ 30.3530605, 70.1550878 ], [ 30.3527864, 70.1548355 ], [ 30.3526601, 70.1546539 ], [ 30.3526031, 70.1544676 ], [ 30.3525552, 70.1539845 ], [ 30.352581, 70.1538027 ], [ 30.35278, 70.1534081 ], [ 30.352899, 70.1532642 ], [ 30.3529782, 70.1532102 ], [ 30.3533325, 70.1528645 ], [ 30.3538462, 70.1525543 ], [ 30.3542749, 70.1524823 ], [ 30.3548168, 70.1524199 ], [ 30.3552274, 70.1521723 ], [ 30.3555025, 70.1520667 ], [ 30.3556449, 70.1519712 ], [ 30.3558082, 70.151674 ], [ 30.3558385, 70.1515063 ], [ 30.3554891, 70.1502751 ], [ 30.3555059, 70.1501622 ], [ 30.3555888, 70.1500005 ], [ 30.3556718, 70.1498387 ], [ 30.3557914, 70.1495371 ], [ 30.3560781, 70.149222 ], [ 30.3563614, 70.1489752 ], [ 30.3567475, 70.1485762 ], [ 30.3571622, 70.1481063 ], [ 30.3573198, 70.1479925 ], [ 30.3579951, 70.1476167 ], [ 30.3583801, 70.1474465 ], [ 30.3584675, 70.1473959 ], [ 30.3585248, 70.1472827 ], [ 30.3585145, 70.1472224 ], [ 30.3584298, 70.1471489 ], [ 30.3578958, 70.1468951 ], [ 30.3575596, 70.146698 ], [ 30.3573527, 70.1466026 ], [ 30.3567468, 70.146371 ], [ 30.3564547, 70.1463001 ], [ 30.3562399, 70.1461282 ], [ 30.3559839, 70.1460727 ], [ 30.3558465, 70.1460093 ], [ 30.3556693, 70.1458797 ], [ 30.3555955, 70.1457909 ], [ 30.355564, 70.1455573 ], [ 30.3555979, 70.1454366 ], [ 30.3556838, 70.1452764 ], [ 30.3561305, 70.1450258 ], [ 30.3565106, 70.1447614 ], [ 30.3563368, 70.1442881 ], [ 30.3563496, 70.1440117 ], [ 30.3563952, 70.1438626 ], [ 30.3563937, 70.1438016 ], [ 30.3563339, 70.143688 ], [ 30.3561126, 70.1434278 ], [ 30.3560203, 70.143381 ], [ 30.3558328, 70.1433342 ], [ 30.3557222, 70.1432911 ], [ 30.3556983, 70.1432725 ], [ 30.3556523, 70.1431909 ], [ 30.3556327, 70.1430673 ], [ 30.3556657, 70.1429811 ], [ 30.3557425, 70.1428671 ], [ 30.3561642, 70.1424876 ], [ 30.3565691, 70.1423053 ], [ 30.3568618, 70.1421856 ], [ 30.3569918, 70.1421467 ], [ 30.3571832, 70.1419568 ], [ 30.3574041, 70.1418955 ], [ 30.3576635, 70.1418551 ], [ 30.3578129, 70.1418382 ], [ 30.358038, 70.1418468 ], [ 30.3581881, 70.1418379 ], [ 30.358207, 70.1418149 ], [ 30.3581839, 70.1417638 ], [ 30.3579971, 70.1416366 ], [ 30.3579216, 70.1415461 ], [ 30.3579727, 70.141362 ], [ 30.358021, 70.1413184 ], [ 30.3582912, 70.1411788 ], [ 30.3586547, 70.1411058 ], [ 30.3587652, 70.1411003 ], [ 30.359755, 70.1409661 ], [ 30.3601294, 70.1408965 ], [ 30.3607345, 70.140767 ], [ 30.3608963, 70.140726 ], [ 30.3610931, 70.1406576 ], [ 30.3614579, 70.1404876 ], [ 30.3617536, 70.1403341 ], [ 30.3622672, 70.1400003 ], [ 30.3623951, 70.1398981 ], [ 30.3623926, 70.1398013 ], [ 30.3623445, 70.1396695 ], [ 30.3623904, 70.1395313 ], [ 30.3626568, 70.1394457 ], [ 30.3627677, 70.1392728 ], [ 30.3627637, 70.1392115 ], [ 30.3623953, 70.1390844 ], [ 30.3622199, 70.1390417 ], [ 30.3621124, 70.1390264 ], [ 30.3619046, 70.1390121 ], [ 30.3614672, 70.138927 ], [ 30.3609407, 70.1387763 ], [ 30.3609615, 70.1386966 ], [ 30.361109, 70.1386915 ], [ 30.3613357, 70.1386657 ], [ 30.3614957, 70.1386343 ], [ 30.3615682, 70.1386079 ], [ 30.3615878, 70.1385874 ], [ 30.3615703, 70.1385624 ], [ 30.3614083, 70.1385185 ], [ 30.3600154, 70.1382648 ], [ 30.3589327, 70.1381922 ], [ 30.3585813, 70.1382003 ], [ 30.358321, 70.138233 ], [ 30.3581907, 70.1382347 ], [ 30.3581063, 70.1382053 ], [ 30.3580471, 70.138136 ], [ 30.3576163, 70.1381042 ], [ 30.3574161, 70.1381373 ], [ 30.3573514, 70.1381818 ], [ 30.3557659, 70.1379715 ], [ 30.3547188, 70.1377594 ], [ 30.3542801, 70.1376986 ], [ 30.3539275, 70.1376642 ], [ 30.3534909, 70.1376366 ], [ 30.3532785, 70.1376359 ], [ 30.352727, 70.1375898 ], [ 30.3516489, 70.1374824 ], [ 30.3506359, 70.1374704 ], [ 30.3499556, 70.1374932 ], [ 30.3496688, 70.1375028 ], [ 30.3493521, 70.1375315 ], [ 30.3486975, 70.1376101 ], [ 30.3486181, 70.1376022 ], [ 30.3483527, 70.1375515 ], [ 30.348032, 70.1375237 ], [ 30.3466969, 70.1374713 ], [ 30.3458073, 70.1374227 ], [ 30.345579, 70.1374168 ], [ 30.3451314, 70.137426 ], [ 30.344858, 70.1374189 ], [ 30.3448038, 70.13741 ], [ 30.3447914, 70.1373558 ], [ 30.3447171, 70.1373416 ], [ 30.3440488, 70.1373144 ], [ 30.3430768, 70.1372885 ], [ 30.3418907, 70.1371252 ], [ 30.3416881, 70.137116 ], [ 30.341065, 70.1371241 ], [ 30.3397541, 70.1371709 ], [ 30.3394662, 70.1371608 ], [ 30.3383205, 70.1370946 ], [ 30.3378872, 70.1370461 ], [ 30.3360851, 70.1367475 ], [ 30.3357707, 70.136643 ], [ 30.3355931, 70.1365641 ], [ 30.3345095, 70.1360357 ], [ 30.3339411, 70.1357877 ], [ 30.3332437, 70.1354974 ], [ 30.3322119, 70.1350499 ], [ 30.3309272, 70.1345143 ], [ 30.3304259, 70.1343131 ], [ 30.3295729, 70.1340143 ], [ 30.3285964, 70.1337006 ], [ 30.3280133, 70.1335606 ], [ 30.3267916, 70.1333137 ], [ 30.3265382, 70.1332541 ], [ 30.3247024, 70.1328658 ], [ 30.3229492, 70.1325167 ], [ 30.3214052, 70.1322615 ], [ 30.3205544, 70.1320775 ], [ 30.3187327, 70.1315869 ], [ 30.31838, 70.1314681 ], [ 30.3175861, 70.1310937 ], [ 30.3174621, 70.1309911 ], [ 30.3175222, 70.130933 ], [ 30.3167787, 70.1309265 ], [ 30.3164721, 70.1309133 ], [ 30.3160425, 70.1308705 ], [ 30.3157517, 70.1307357 ], [ 30.3151327, 70.1303916 ], [ 30.3148629, 70.130162 ], [ 30.3148762, 70.1301273 ], [ 30.3149521, 70.1300997 ], [ 30.3146355, 70.1300854 ], [ 30.3143014, 70.1301007 ], [ 30.3142564, 70.1300953 ], [ 30.3133565, 70.1295202 ], [ 30.3127302, 70.1291738 ], [ 30.3125137, 70.1290188 ], [ 30.313082, 70.1289477 ], [ 30.3131424, 70.1289341 ], [ 30.3131465, 70.1289132 ], [ 30.3130817, 70.128896 ], [ 30.31304, 70.128894 ], [ 30.3125762, 70.1289001 ], [ 30.3124143, 70.1289205 ], [ 30.3123305, 70.1289416 ], [ 30.3122908, 70.1289643 ], [ 30.3121899, 70.1289603 ], [ 30.31204, 70.1289091 ], [ 30.3115094, 70.1286899 ], [ 30.3111437, 70.1285122 ], [ 30.3111191, 70.1284779 ], [ 30.3111805, 70.1283785 ], [ 30.3113153, 70.1283302 ], [ 30.3113606, 70.1282731 ], [ 30.3111475, 70.1282239 ], [ 30.3107653, 70.1281508 ], [ 30.3110649, 70.128002 ], [ 30.3110643, 70.1279908 ], [ 30.3109838, 70.1279778 ], [ 30.3103928, 70.1279903 ], [ 30.3101486, 70.1280231 ], [ 30.3086478, 70.1281455 ], [ 30.3084098, 70.128067 ], [ 30.3078055, 70.1278928 ], [ 30.3072912, 70.1277562 ], [ 30.3069541, 70.1277098 ], [ 30.3066057, 70.127689 ], [ 30.3054492, 70.1274961 ], [ 30.3050067, 70.1273977 ], [ 30.3047297, 70.127267 ], [ 30.3043172, 70.1269425 ], [ 30.3040582, 70.1266621 ], [ 30.3041309, 70.1266127 ], [ 30.3040898, 70.1265715 ], [ 30.3032035, 70.126252 ], [ 30.3027299, 70.1260644 ], [ 30.3022527, 70.125807 ], [ 30.3019596, 70.1255566 ], [ 30.3015813, 70.1253822 ], [ 30.3022174, 70.1251933 ], [ 30.3022203, 70.1251083 ], [ 30.3014713, 70.1251765 ], [ 30.3012842, 70.1251865 ], [ 30.3010308, 70.1251829 ], [ 30.3007809, 70.1251672 ], [ 30.30039, 70.1249775 ], [ 30.300457, 70.1248521 ], [ 30.3006948, 70.1247235 ], [ 30.3004111, 70.1246556 ], [ 30.2999568, 70.1244597 ], [ 30.2998549, 70.1244157 ], [ 30.2988156, 70.12428 ], [ 30.2984618, 70.1242153 ], [ 30.2982978, 70.1241582 ], [ 30.2977908, 70.1240665 ], [ 30.2974901, 70.1240625 ], [ 30.2970435, 70.1239029 ], [ 30.2967769, 70.1237876 ], [ 30.2967543, 70.123738 ], [ 30.2967166, 70.1237139 ], [ 30.2965363, 70.1236654 ], [ 30.2963628, 70.1236338 ], [ 30.2962417, 70.1236213 ], [ 30.2958437, 70.1236176 ], [ 30.2957774, 70.1236058 ], [ 30.2952496, 70.1234647 ], [ 30.2947956, 70.1233159 ], [ 30.294756, 70.1232932 ], [ 30.2947514, 70.1232649 ], [ 30.2948135, 70.1232258 ], [ 30.2958296, 70.1230514 ], [ 30.2958665, 70.1230371 ], [ 30.2958301, 70.1230162 ], [ 30.2956714, 70.1230203 ], [ 30.294648, 70.1231374 ], [ 30.2940791, 70.1231445 ], [ 30.2929932, 70.1230925 ], [ 30.2909113, 70.1229598 ], [ 30.2900747, 70.1228674 ], [ 30.2889519, 70.1226892 ], [ 30.2887351, 70.1226611 ], [ 30.2885515, 70.1226293 ], [ 30.2881682, 70.122541 ], [ 30.2873363, 70.1223071 ], [ 30.2863686, 70.1221856 ], [ 30.2849543, 70.1220832 ], [ 30.2842658, 70.1220618 ], [ 30.2837399, 70.1220608 ], [ 30.2828999, 70.1220303 ], [ 30.2823062, 70.1219836 ], [ 30.2818652, 70.1219339 ], [ 30.2814055, 70.1218725 ], [ 30.2811406, 70.1218471 ], [ 30.2802522, 70.1217711 ], [ 30.2798498, 70.1217471 ], [ 30.2796329, 70.1217247 ], [ 30.2787153, 70.121563 ], [ 30.2777741, 70.1215327 ], [ 30.2773218, 70.1215424 ], [ 30.2770981, 70.1215392 ], [ 30.2768127, 70.1215197 ], [ 30.2748815, 70.1213093 ], [ 30.2745292, 70.1212859 ], [ 30.2741545, 70.1212749 ], [ 30.2732806, 70.121152 ], [ 30.2725384, 70.1210258 ], [ 30.2720092, 70.1209084 ], [ 30.2718979, 70.1208761 ], [ 30.2713354, 70.1207713 ], [ 30.269952, 70.1206378 ], [ 30.268981, 70.1205646 ], [ 30.2685438, 70.1205499 ], [ 30.2673394, 70.1205481 ], [ 30.2669459, 70.1205569 ], [ 30.2664566, 70.1205825 ], [ 30.2659891, 70.1205806 ], [ 30.2654961, 70.1205613 ], [ 30.2652832, 70.1205441 ], [ 30.2648584, 70.1204946 ], [ 30.2640291, 70.1203758 ], [ 30.2624843, 70.1201742 ], [ 30.2616843, 70.1200583 ], [ 30.2612642, 70.1199912 ], [ 30.2608828, 70.1199209 ], [ 30.2597795, 70.119699 ], [ 30.2586701, 70.1194869 ], [ 30.2581365, 70.1194067 ], [ 30.2578104, 70.1194215 ], [ 30.2572852, 70.1194237 ], [ 30.2562584, 70.1194122 ], [ 30.2543774, 70.1194186 ], [ 30.2527984, 70.1193961 ], [ 30.2513132, 70.1193537 ], [ 30.2510622, 70.1193376 ], [ 30.2508063, 70.1193041 ], [ 30.2502255, 70.1191944 ], [ 30.2499582, 70.1191345 ], [ 30.2497839, 70.1190955 ], [ 30.2496043, 70.1190714 ], [ 30.2491431, 70.1190586 ], [ 30.2483649, 70.119076 ], [ 30.2481271, 70.1190639 ], [ 30.2476239, 70.1190173 ], [ 30.2470078, 70.118914 ], [ 30.2466735, 70.1188967 ], [ 30.2465332, 70.118896 ], [ 30.2461783, 70.118915 ], [ 30.2451753, 70.1189998 ], [ 30.2449693, 70.119009 ], [ 30.2443139, 70.1190188 ], [ 30.242582, 70.1189652 ], [ 30.2421076, 70.1189342 ], [ 30.2414521, 70.1189043 ], [ 30.2409952, 70.1188941 ], [ 30.240241, 70.1188473 ], [ 30.2400192, 70.1188276 ], [ 30.2392678, 70.1187387 ], [ 30.238056, 70.1185525 ], [ 30.2374171, 70.1184336 ], [ 30.236382, 70.1182272 ], [ 30.2352518, 70.118136 ], [ 30.2346194, 70.1180988 ], [ 30.2339101, 70.1179905 ], [ 30.232814, 70.1179123 ], [ 30.2323585, 70.1178547 ], [ 30.2319324, 70.1177853 ], [ 30.2314053, 70.1176657 ], [ 30.231213, 70.1176139 ], [ 30.2308585, 70.1175027 ], [ 30.2307308, 70.1174532 ], [ 30.230419, 70.1173235 ], [ 30.2301688, 70.117189 ], [ 30.2299255, 70.1170179 ], [ 30.2298869, 70.1169807 ], [ 30.2298871, 70.1169542 ], [ 30.229527, 70.1169278 ], [ 30.2292811, 70.1169274 ], [ 30.2289579, 70.1169374 ], [ 30.2284801, 70.1170087 ], [ 30.2283586, 70.1170196 ], [ 30.2283032, 70.1170119 ], [ 30.2279137, 70.116834 ], [ 30.2278677, 70.1167883 ], [ 30.2278415, 70.1166761 ], [ 30.2278965, 70.1166473 ], [ 30.2282105, 70.1165747 ], [ 30.2284507, 70.1165421 ], [ 30.2284663, 70.1165316 ], [ 30.2284422, 70.1165237 ], [ 30.2283825, 70.1165185 ], [ 30.2279571, 70.1165399 ], [ 30.2271702, 70.1166017 ], [ 30.2270145, 70.1166529 ], [ 30.2266347, 70.116731 ], [ 30.2257026, 70.1168485 ], [ 30.2249586, 70.116872 ], [ 30.2248913, 70.1168578 ], [ 30.2245351, 70.1168326 ], [ 30.2240201, 70.1168126 ], [ 30.2234609, 70.116807 ], [ 30.223242, 70.116822 ], [ 30.2230138, 70.1168489 ], [ 30.2226863, 70.1168697 ], [ 30.2221258, 70.1168901 ], [ 30.2218082, 70.116888 ], [ 30.2213377, 70.1168451 ], [ 30.2210754, 70.1168014 ], [ 30.2198832, 70.1164995 ], [ 30.2193849, 70.1163393 ], [ 30.2191883, 70.1163137 ], [ 30.2191052, 70.1163173 ], [ 30.2188781, 70.11628 ], [ 30.218514, 70.1161998 ], [ 30.2179216, 70.1160539 ], [ 30.217861, 70.1160172 ], [ 30.2181351, 70.1159418 ], [ 30.2178757, 70.1159326 ], [ 30.2176429, 70.1160127 ], [ 30.2167787, 70.1159814 ], [ 30.2163748, 70.1159419 ], [ 30.2159531, 70.1158814 ], [ 30.214352, 70.1155939 ], [ 30.2136532, 70.1154589 ], [ 30.2129872, 70.1152923 ], [ 30.2125904, 70.1151621 ], [ 30.2123962, 70.1151087 ], [ 30.2117262, 70.1149565 ], [ 30.2115505, 70.1149097 ], [ 30.2112235, 70.1148018 ], [ 30.2109838, 70.1146993 ], [ 30.2104792, 70.1145831 ], [ 30.210158, 70.1144767 ], [ 30.2097189, 70.1143128 ], [ 30.2093672, 70.1141691 ], [ 30.2076916, 70.1138003 ], [ 30.2073532, 70.1136218 ], [ 30.2069273, 70.1133349 ], [ 30.2066597, 70.1130715 ], [ 30.2062031, 70.1124046 ], [ 30.2058893, 70.1120821 ], [ 30.2057429, 70.1120434 ], [ 30.2055808, 70.1120262 ], [ 30.2052056, 70.1120187 ], [ 30.2049376, 70.1120259 ], [ 30.204866, 70.1120125 ], [ 30.2044832, 70.1117508 ], [ 30.204488, 70.1117022 ], [ 30.2043569, 70.1115688 ], [ 30.2040591, 70.1115013 ], [ 30.2039425, 70.1114878 ], [ 30.2037842, 70.1114175 ], [ 30.2037332, 70.1113825 ], [ 30.2036369, 70.1113007 ], [ 30.2037206, 70.111173 ], [ 30.2037034, 70.1111475 ], [ 30.2035576, 70.111107 ], [ 30.2029303, 70.1110057 ], [ 30.2025621, 70.1109646 ], [ 30.2024911, 70.110945 ], [ 30.2023777, 70.1108314 ], [ 30.2022552, 70.1106159 ], [ 30.2019679, 70.1102089 ], [ 30.2018121, 70.10983 ], [ 30.2016459, 70.1096637 ], [ 30.2016745, 70.1095935 ], [ 30.2017303, 70.1095413 ], [ 30.2017606, 70.1093908 ], [ 30.2020726, 70.1091925 ], [ 30.2024803, 70.109045 ], [ 30.2025788, 70.1090049 ], [ 30.2026109, 70.1089791 ], [ 30.202564, 70.1088402 ], [ 30.2022723, 70.1086794 ], [ 30.2021678, 70.108594 ], [ 30.2021545, 70.1085646 ], [ 30.2021519, 70.1084945 ], [ 30.2021749, 70.108454 ], [ 30.2022788, 70.1084615 ], [ 30.2023778, 70.1084386 ], [ 30.2024902, 70.1083904 ], [ 30.2027289, 70.1082234 ], [ 30.2027696, 70.1081611 ], [ 30.2028052, 70.1079869 ], [ 30.2027467, 70.1078885 ], [ 30.202571, 70.1078159 ], [ 30.2026867, 70.1076014 ], [ 30.2026197, 70.1075175 ], [ 30.2023803, 70.1073894 ], [ 30.2030815, 70.1071323 ], [ 30.2032264, 70.1070663 ], [ 30.2032275, 70.1070538 ], [ 30.2031979, 70.1070475 ], [ 30.2030321, 70.1070563 ], [ 30.2029214, 70.1071036 ], [ 30.2028706, 70.1071092 ], [ 30.2029096, 70.1069999 ], [ 30.2030203, 70.1069342 ], [ 30.2033142, 70.1068183 ], [ 30.2033508, 70.1067815 ], [ 30.2033288, 70.1067566 ], [ 30.2031106, 70.1067352 ], [ 30.2026807, 70.1067067 ], [ 30.2027069, 70.1066139 ], [ 30.2026268, 70.1065649 ], [ 30.202178, 70.1065234 ], [ 30.2019749, 70.1063549 ], [ 30.2019516, 70.1062888 ], [ 30.2021378, 70.1061596 ], [ 30.2021649, 70.1060283 ], [ 30.2017996, 70.1059509 ], [ 30.201491, 70.1058135 ], [ 30.2015004, 70.1057076 ], [ 30.2013161, 70.105598 ], [ 30.2009273, 70.1055279 ], [ 30.2005714, 70.1054742 ], [ 30.2002113, 70.1054642 ], [ 30.1999595, 70.105431 ], [ 30.1995014, 70.1053705 ], [ 30.1993493, 70.1052342 ], [ 30.1990836, 70.1052296 ], [ 30.1985497, 70.1052731 ], [ 30.1984177, 70.1052166 ], [ 30.1986983, 70.1051132 ], [ 30.1987301, 70.1050917 ], [ 30.1988179, 70.1049699 ], [ 30.1987808, 70.1049522 ], [ 30.198568, 70.1049262 ], [ 30.1984016, 70.1049161 ], [ 30.1980949, 70.1049468 ], [ 30.1978037, 70.1050389 ], [ 30.1976904, 70.1051184 ], [ 30.1977044, 70.1051467 ], [ 30.1976873, 70.1051684 ], [ 30.1975277, 70.1052114 ], [ 30.1970417, 70.1050914 ], [ 30.1966984, 70.1049765 ], [ 30.1964276, 70.104854 ], [ 30.1961966, 70.1047131 ], [ 30.1959363, 70.1045183 ], [ 30.196067, 70.1044688 ], [ 30.1961546, 70.1044514 ], [ 30.1963066, 70.1043361 ], [ 30.1963937, 70.1041696 ], [ 30.1966042, 70.10404 ], [ 30.1960741, 70.1038438 ], [ 30.1960558, 70.1037772 ], [ 30.1959227, 70.1036434 ], [ 30.1953243, 70.1034643 ], [ 30.1947256, 70.1033091 ], [ 30.1947643, 70.1032455 ], [ 30.1947518, 70.1032397 ], [ 30.1936809, 70.1030629 ], [ 30.1932693, 70.1030586 ], [ 30.1924941, 70.1029227 ], [ 30.1923057, 70.1027212 ], [ 30.1923484, 70.1026814 ], [ 30.1921256, 70.1026376 ], [ 30.1918267, 70.1025952 ], [ 30.1913157, 70.1026496 ], [ 30.1912465, 70.1025769 ], [ 30.191291, 70.1025279 ], [ 30.191283, 70.1025108 ], [ 30.1910472, 70.1024727 ], [ 30.1904363, 70.1024715 ], [ 30.1902737, 70.1024897 ], [ 30.1900029, 70.1023934 ], [ 30.1901378, 70.1023628 ], [ 30.1902957, 70.1023757 ], [ 30.1903983, 70.1023674 ], [ 30.1904112, 70.1023582 ], [ 30.1903791, 70.1023436 ], [ 30.1900075, 70.1022987 ], [ 30.1895162, 70.1022535 ], [ 30.1892647, 70.1022422 ], [ 30.1885795, 70.1022556 ], [ 30.1851833, 70.1026099 ], [ 30.1851578, 70.1026254 ], [ 30.1851535, 70.1026886 ], [ 30.1847693, 70.1028342 ], [ 30.1830286, 70.1026322 ], [ 30.1828098, 70.102684 ], [ 30.1827793, 70.1027166 ], [ 30.1829145, 70.1027535 ], [ 30.1842923, 70.1029337 ], [ 30.1842242, 70.1030364 ], [ 30.1841774, 70.1032181 ], [ 30.1843396, 70.1032446 ], [ 30.1843798, 70.1032752 ], [ 30.1843647, 70.1033547 ], [ 30.1841414, 70.1035674 ], [ 30.1837089, 70.1037382 ], [ 30.1830904, 70.1040679 ], [ 30.1824241, 70.1044638 ], [ 30.1822624, 70.1046074 ], [ 30.1822065, 70.1047271 ], [ 30.1820526, 70.1048938 ], [ 30.1818011, 70.1050938 ], [ 30.1814557, 70.1052492 ], [ 30.1811466, 70.1053484 ], [ 30.1808583, 70.1054217 ], [ 30.1804224, 70.1055039 ], [ 30.1795471, 70.105623 ], [ 30.1792546, 70.1056239 ], [ 30.1787135, 70.1056098 ], [ 30.1780009, 70.1055751 ], [ 30.1777387, 70.1055962 ], [ 30.1776536, 70.1056127 ], [ 30.1775173, 70.1056431 ], [ 30.1772781, 70.1057155 ], [ 30.1771453, 70.1057412 ], [ 30.1763218, 70.1058126 ], [ 30.1758258, 70.1058207 ], [ 30.1755625, 70.105807 ], [ 30.1751218, 70.1057625 ], [ 30.1749796, 70.1057623 ], [ 30.1748154, 70.1057788 ], [ 30.1747461, 70.1057964 ], [ 30.1743268, 70.1059984 ], [ 30.1739351, 70.1061295 ], [ 30.1736123, 70.1061798 ], [ 30.1729051, 70.1061939 ], [ 30.1717591, 70.1061288 ], [ 30.1696526, 70.1059538 ], [ 30.1684143, 70.1058388 ], [ 30.1680106, 70.105785 ], [ 30.1677623, 70.1057306 ], [ 30.1673046, 70.1056134 ], [ 30.1671136, 70.1055224 ], [ 30.1664522, 70.1054737 ], [ 30.165637, 70.1054027 ], [ 30.1652815, 70.1052991 ], [ 30.1644635, 70.1052078 ], [ 30.1635831, 70.1050877 ], [ 30.1628686, 70.1050789 ], [ 30.1624732, 70.1051 ], [ 30.1616668, 70.1051276 ], [ 30.1613285, 70.1051014 ], [ 30.1609491, 70.1050436 ], [ 30.1601031, 70.1049601 ], [ 30.1599284, 70.1049507 ], [ 30.1596285, 70.10495 ], [ 30.1594942, 70.1049347 ], [ 30.1585459, 70.104727 ], [ 30.1580166, 70.1045726 ], [ 30.1572697, 70.1043349 ], [ 30.1569514, 70.1042146 ], [ 30.1566754, 70.1040895 ], [ 30.1564637, 70.1039769 ], [ 30.1563359, 70.1038798 ], [ 30.1560588, 70.1037347 ], [ 30.1559785, 70.103707 ], [ 30.1553392, 70.1035862 ], [ 30.1551164, 70.1035206 ], [ 30.1548645, 70.1034277 ], [ 30.1544609, 70.1032523 ], [ 30.1542934, 70.1031636 ], [ 30.1541437, 70.1030713 ], [ 30.1540202, 70.102959 ], [ 30.1530403, 70.1027616 ], [ 30.1529522, 70.1027354 ], [ 30.1527831, 70.1026492 ], [ 30.1526677, 70.1025532 ], [ 30.1525876, 70.1024254 ], [ 30.152535, 70.1021845 ], [ 30.1520841, 70.1021565 ], [ 30.1518161, 70.1021662 ], [ 30.1516738, 70.1021643 ], [ 30.1514284, 70.1021471 ], [ 30.1512291, 70.102107 ], [ 30.1515053, 70.1019201 ], [ 30.1518432, 70.1019739 ], [ 30.1522943, 70.1020034 ], [ 30.1524886, 70.1020244 ], [ 30.1527907, 70.1020789 ], [ 30.1531122, 70.1021527 ], [ 30.1534062, 70.1021971 ], [ 30.1538374, 70.102211 ], [ 30.1540327, 70.1021673 ], [ 30.1540666, 70.102151 ], [ 30.1540696, 70.1021279 ], [ 30.1540147, 70.1020896 ], [ 30.1534349, 70.1018507 ], [ 30.1529889, 70.1016958 ], [ 30.1517645, 70.1013489 ], [ 30.15126, 70.1012348 ], [ 30.1509856, 70.1011952 ], [ 30.150689, 70.1011054 ], [ 30.15041, 70.1009724 ], [ 30.1502201, 70.1008556 ], [ 30.1502138, 70.100833 ], [ 30.1503195, 70.1008176 ], [ 30.1503305, 70.1007893 ], [ 30.150249, 70.1007447 ], [ 30.1500072, 70.1006633 ], [ 30.1499606, 70.1006553 ], [ 30.1492114, 70.1005261 ], [ 30.1484267, 70.1004104 ], [ 30.1481899, 70.1003871 ], [ 30.1476317, 70.1003531 ], [ 30.1462207, 70.1001784 ], [ 30.1453353, 70.1001015 ], [ 30.1449743, 70.1000894 ], [ 30.1445342, 70.1000979 ], [ 30.1441343, 70.1000761 ], [ 30.1437251, 70.1000266 ], [ 30.1435838, 70.1000004 ], [ 30.1426703, 70.0998311 ], [ 30.1417823, 70.0996774 ], [ 30.1406495, 70.0995778 ], [ 30.1401249, 70.0995427 ], [ 30.1399464, 70.0995434 ], [ 30.1397144, 70.0995725 ], [ 30.1396298, 70.0995911 ], [ 30.1395375, 70.0996197 ], [ 30.1393582, 70.0996977 ], [ 30.1392472, 70.0997189 ], [ 30.1390987, 70.0997356 ], [ 30.1387216, 70.0997469 ], [ 30.1384982, 70.0997412 ], [ 30.1382808, 70.099721 ], [ 30.137628, 70.0996359 ], [ 30.1373763, 70.0995923 ], [ 30.1366294, 70.0994388 ], [ 30.1360077, 70.099301 ], [ 30.1357794, 70.0992336 ], [ 30.1350762, 70.0990792 ], [ 30.1349069, 70.0990513 ], [ 30.1346263, 70.0990136 ], [ 30.1343711, 70.0989971 ], [ 30.133622, 70.0989931 ], [ 30.1332763, 70.0989794 ], [ 30.1330196, 70.0989352 ], [ 30.1324984, 70.0987936 ], [ 30.1323287, 70.0987608 ], [ 30.1318794, 70.0987039 ], [ 30.1317483, 70.0986987 ], [ 30.1311478, 70.0987117 ], [ 30.1308442, 70.0986801 ], [ 30.1300327, 70.0985577 ], [ 30.1297458, 70.0985412 ], [ 30.1289799, 70.0985512 ], [ 30.1283103, 70.098579 ], [ 30.1277279, 70.0985826 ], [ 30.127434, 70.0985672 ], [ 30.127171, 70.0985719 ], [ 30.1268705, 70.0985918 ], [ 30.1264415, 70.0986412 ], [ 30.1262068, 70.0986548 ], [ 30.1254084, 70.0986756 ], [ 30.1250622, 70.0986666 ], [ 30.1246532, 70.0986445 ], [ 30.1241719, 70.0985944 ], [ 30.1231735, 70.0984519 ], [ 30.1226637, 70.0983509 ], [ 30.122471, 70.0983017 ], [ 30.1221112, 70.0981817 ], [ 30.1217883, 70.0980527 ], [ 30.1206056, 70.0975252 ], [ 30.1201997, 70.0972917 ], [ 30.1197762, 70.096973 ], [ 30.1190969, 70.0963902 ], [ 30.1184969, 70.0957995 ], [ 30.1180578, 70.0953042 ], [ 30.1177164, 70.094876 ], [ 30.1176475, 70.0947632 ], [ 30.1176119, 70.0946773 ], [ 30.1175939, 70.0945303 ], [ 30.1176124, 70.0940163 ], [ 30.1175958, 70.0939724 ], [ 30.1175167, 70.0939373 ], [ 30.117721, 70.0938714 ], [ 30.1186752, 70.0936169 ], [ 30.119705, 70.0936633 ], [ 30.1199743, 70.0936676 ], [ 30.120283, 70.0936238 ], [ 30.1203312, 70.0936083 ], [ 30.1203801, 70.0935727 ], [ 30.1202539, 70.0934847 ], [ 30.1200066, 70.0933863 ], [ 30.1196352, 70.0931917 ], [ 30.1194572, 70.0930651 ], [ 30.1193795, 70.0929872 ], [ 30.1192792, 70.0929162 ], [ 30.1191538, 70.0928525 ], [ 30.1189954, 70.0927999 ], [ 30.1188419, 70.0927678 ], [ 30.1186306, 70.0927426 ], [ 30.1180612, 70.0927569 ], [ 30.1177736, 70.0927901 ], [ 30.117431, 70.092808 ], [ 30.1172149, 70.0928017 ], [ 30.1167774, 70.0927517 ], [ 30.1163541, 70.092815 ], [ 30.1161684, 70.0929799 ], [ 30.1159847, 70.0930364 ], [ 30.1158694, 70.0930541 ], [ 30.1154727, 70.0930929 ], [ 30.1150882, 70.0931133 ], [ 30.1143916, 70.0930926 ], [ 30.1139447, 70.0930605 ], [ 30.1135085, 70.0929948 ], [ 30.1128872, 70.0928814 ], [ 30.1122285, 70.0926593 ], [ 30.1114937, 70.0923685 ], [ 30.1113528, 70.0923311 ], [ 30.1108224, 70.0922409 ], [ 30.1105035, 70.0921682 ], [ 30.1103501, 70.0921249 ], [ 30.1100752, 70.092026 ], [ 30.109599, 70.0918093 ], [ 30.1091593, 70.0915704 ], [ 30.1080512, 70.0910055 ], [ 30.1076997, 70.0908152 ], [ 30.1075494, 70.0907039 ], [ 30.1074428, 70.0904257 ], [ 30.1073961, 70.0904063 ], [ 30.1072392, 70.0903781 ], [ 30.1066553, 70.0903358 ], [ 30.1064876, 70.0903354 ], [ 30.1063769, 70.0903432 ], [ 30.1061443, 70.0903987 ], [ 30.1060338, 70.0904452 ], [ 30.1060112, 70.0904731 ], [ 30.1060187, 70.0905267 ], [ 30.1059564, 70.0905729 ], [ 30.105705, 70.09063 ], [ 30.1053036, 70.0906302 ], [ 30.1049437, 70.0905972 ], [ 30.1047558, 70.090575 ], [ 30.1044305, 70.0904929 ], [ 30.1042208, 70.0904303 ], [ 30.1037166, 70.0902306 ], [ 30.1033845, 70.0900612 ], [ 30.1028807, 70.0897379 ], [ 30.1027749, 70.0896263 ], [ 30.1027543, 70.0895718 ], [ 30.1022213, 70.0893865 ], [ 30.1020103, 70.0893394 ], [ 30.1017638, 70.089252 ], [ 30.1016268, 70.0891857 ], [ 30.1014961, 70.0890717 ], [ 30.1013369, 70.0889821 ], [ 30.1012686, 70.0889659 ], [ 30.1011563, 70.0889534 ], [ 30.1006879, 70.088935 ], [ 30.1004615, 70.0888975 ], [ 30.1000648, 70.0887648 ], [ 30.0999619, 70.0887152 ], [ 30.0998881, 70.0886797 ], [ 30.0995896, 70.0884794 ], [ 30.098703, 70.0876671 ], [ 30.0985191, 70.0874017 ], [ 30.0984197, 70.0871628 ], [ 30.0983581, 70.0870925 ], [ 30.0980645, 70.0870056 ], [ 30.0978288, 70.0869537 ], [ 30.0977276, 70.086919 ], [ 30.0972044, 70.0866497 ], [ 30.0968568, 70.0866163 ], [ 30.0967088, 70.0866117 ], [ 30.0965585, 70.086598 ], [ 30.0961108, 70.0863625 ], [ 30.0959464, 70.0862378 ], [ 30.0955905, 70.0860661 ], [ 30.0954521, 70.0860192 ], [ 30.0951909, 70.0858755 ], [ 30.0950325, 70.0857484 ], [ 30.0950121, 70.0856818 ], [ 30.0939614, 70.0855476 ], [ 30.0939101, 70.085532 ], [ 30.0938641, 70.0854676 ], [ 30.0938408, 70.0853902 ], [ 30.093844, 70.0850882 ], [ 30.0938807, 70.0848054 ], [ 30.0938146, 70.0839502 ], [ 30.0936092, 70.083786 ], [ 30.0935537, 70.0836986 ], [ 30.0935726, 70.0836012 ], [ 30.0937957, 70.083062 ], [ 30.0941074, 70.0825216 ], [ 30.0946076, 70.0817719 ], [ 30.0951536, 70.0809962 ], [ 30.0957731, 70.080225 ], [ 30.0958485, 70.0801864 ], [ 30.0962942, 70.0796749 ], [ 30.0966336, 70.0793312 ], [ 30.0970643, 70.0789719 ], [ 30.0977658, 70.0785029 ], [ 30.0981118, 70.0783039 ], [ 30.0985927, 70.0780488 ], [ 30.0987274, 70.0779614 ], [ 30.0991259, 70.0777286 ], [ 30.0996202, 70.0774729 ], [ 30.099899, 70.0773545 ], [ 30.0999618, 70.0773325 ], [ 30.1005083, 70.0771412 ], [ 30.1008839, 70.0770548 ], [ 30.1012513, 70.0769832 ], [ 30.1015993, 70.0769355 ], [ 30.1017687, 70.0769123 ], [ 30.1021427, 70.0768738 ], [ 30.102608, 70.0767993 ], [ 30.103622, 70.0766639 ], [ 30.1039767, 70.0766583 ], [ 30.1043622, 70.0766891 ], [ 30.1049422, 70.0767859 ], [ 30.1056706, 70.0769074 ], [ 30.1059055, 70.076962 ], [ 30.1062664, 70.0770763 ], [ 30.1065299, 70.0771489 ], [ 30.1067884, 70.0772099 ], [ 30.1070312, 70.0772537 ], [ 30.107256, 70.0772837 ], [ 30.10765, 70.0773891 ], [ 30.1081872, 70.0775623 ], [ 30.1083032, 70.0776284 ], [ 30.1088047, 70.0777617 ], [ 30.1094105, 70.0778797 ], [ 30.1100742, 70.0779788 ], [ 30.1114159, 70.0781015 ], [ 30.1121213, 70.0782116 ], [ 30.1123718, 70.0782418 ], [ 30.1128319, 70.0782112 ], [ 30.1131425, 70.0782062 ], [ 30.1134527, 70.0782161 ], [ 30.1143744, 70.0780425 ], [ 30.1151395, 70.077838 ], [ 30.116016, 70.0776524 ], [ 30.1168506, 70.07749 ], [ 30.1172292, 70.0774553 ], [ 30.1179834, 70.0773439 ], [ 30.1181527, 70.077302 ], [ 30.1191471, 70.0771728 ], [ 30.1202294, 70.0770807 ], [ 30.1211357, 70.0770233 ], [ 30.1220694, 70.0770558 ], [ 30.1227058, 70.0771273 ], [ 30.1232529, 70.0772714 ], [ 30.1235115, 70.0773171 ], [ 30.1237975, 70.0773652 ], [ 30.1239802, 70.0773714 ], [ 30.1242136, 70.0773586 ], [ 30.1247497, 70.0773052 ], [ 30.1249688, 70.0773084 ], [ 30.1250042, 70.0773194 ], [ 30.1250398, 70.0773885 ], [ 30.1252758, 70.0774703 ], [ 30.1263335, 70.0775587 ], [ 30.1274367, 70.0778508 ], [ 30.1277258, 70.0779135 ], [ 30.1278876, 70.0779304 ], [ 30.1280897, 70.0779332 ], [ 30.1282924, 70.0779118 ], [ 30.1286971, 70.0778153 ], [ 30.1290619, 70.0777616 ], [ 30.1295829, 70.0777072 ], [ 30.1297542, 70.0777054 ], [ 30.1299244, 70.0777125 ], [ 30.131476, 70.0779407 ], [ 30.1321497, 70.077986 ], [ 30.1325647, 70.077991 ], [ 30.1326751, 70.0779832 ], [ 30.1331777, 70.0779161 ], [ 30.1332752, 70.0779095 ], [ 30.1334772, 70.0779118 ], [ 30.1337751, 70.0779191 ], [ 30.1339381, 70.0779439 ], [ 30.1347894, 70.0780323 ], [ 30.1353985, 70.0780337 ], [ 30.1358454, 70.0779271 ], [ 30.1360514, 70.0778997 ], [ 30.1364366, 70.0778776 ], [ 30.1366181, 70.077891 ], [ 30.1369692, 70.0779569 ], [ 30.1374568, 70.0780248 ], [ 30.1375702, 70.0780276 ], [ 30.1379014, 70.0780097 ], [ 30.1384513, 70.0780074 ], [ 30.1388152, 70.0780177 ], [ 30.1391315, 70.0780081 ], [ 30.1411501, 70.0777225 ], [ 30.1414435, 70.0776955 ], [ 30.1420174, 70.0774744 ], [ 30.1421275, 70.077455 ], [ 30.1422223, 70.0774497 ], [ 30.1424472, 70.0774889 ], [ 30.142619, 70.0774907 ], [ 30.1428383, 70.0774803 ], [ 30.1436389, 70.0773016 ], [ 30.1439143, 70.0772154 ], [ 30.1439943, 70.0771756 ], [ 30.1440596, 70.0770951 ], [ 30.1445982, 70.0768836 ], [ 30.1447266, 70.0768485 ], [ 30.1449588, 70.0768229 ], [ 30.1460701, 70.0767316 ], [ 30.147173, 70.076621 ], [ 30.1474218, 70.0765901 ], [ 30.1478444, 70.0765033 ], [ 30.1484502, 70.0763552 ], [ 30.1485263, 70.0763131 ], [ 30.1485951, 70.076162 ], [ 30.1486652, 70.0761186 ], [ 30.1489476, 70.0760039 ], [ 30.1495567, 70.0758493 ], [ 30.1499607, 70.0757345 ], [ 30.1506324, 70.0755436 ], [ 30.15121, 70.0752114 ], [ 30.1516298, 70.0750649 ], [ 30.1536036, 70.0746086 ], [ 30.1542005, 70.074454 ], [ 30.1566664, 70.0737083 ], [ 30.1586482, 70.073243 ], [ 30.1590102, 70.0731912 ], [ 30.15959, 70.0730823 ], [ 30.1597843, 70.0730388 ], [ 30.1603232, 70.0727839 ], [ 30.1607188, 70.0726609 ], [ 30.1615069, 70.0723956 ], [ 30.162867, 70.0718619 ], [ 30.1631572, 70.0717175 ], [ 30.1634006, 70.0716481 ], [ 30.1637716, 70.0715957 ], [ 30.164335, 70.0714608 ], [ 30.1643443, 70.0713926 ], [ 30.1644093, 70.071353 ], [ 30.1649353, 70.0712281 ], [ 30.1655297, 70.0711409 ], [ 30.1658448, 70.071107 ], [ 30.1662433, 70.0710857 ], [ 30.1664017, 70.0710623 ], [ 30.1666053, 70.0710172 ], [ 30.1668453, 70.0708969 ], [ 30.1671364, 70.0708359 ], [ 30.1677833, 70.0707561 ], [ 30.1681774, 70.0706659 ], [ 30.168238, 70.0705706 ], [ 30.1684504, 70.0704556 ], [ 30.1689641, 70.0703031 ], [ 30.1695065, 70.0701254 ], [ 30.1706063, 70.0696332 ], [ 30.1706621, 70.0695947 ], [ 30.1706749, 70.0695597 ], [ 30.1705168, 70.0694664 ], [ 30.1703117, 70.069385 ], [ 30.1698922, 70.0691063 ], [ 30.1697856, 70.0690637 ], [ 30.169603, 70.0690331 ], [ 30.1693733, 70.0690095 ], [ 30.1688156, 70.0689791 ], [ 30.1681243, 70.0689675 ], [ 30.1675694, 70.0688818 ], [ 30.1668895, 70.0688259 ], [ 30.1660189, 70.0688368 ], [ 30.1655755, 70.0688657 ], [ 30.165346, 70.0688904 ], [ 30.1650266, 70.0689507 ], [ 30.1649108, 70.0689596 ], [ 30.1647497, 70.0689561 ], [ 30.1645856, 70.0689304 ], [ 30.1645616, 70.0689127 ], [ 30.1645293, 70.0687207 ], [ 30.1630684, 70.0687744 ], [ 30.1623673, 70.0687797 ], [ 30.1622323, 70.0687875 ], [ 30.1616232, 70.0688585 ], [ 30.161091, 70.068887 ], [ 30.1608898, 70.0688871 ], [ 30.1606279, 70.0688446 ], [ 30.1600618, 70.0688604 ], [ 30.1594821, 70.0689129 ], [ 30.1584171, 70.0690239 ], [ 30.1560073, 70.0693261 ], [ 30.1550055, 70.0694957 ], [ 30.1539552, 70.0696626 ], [ 30.1536316, 70.0696877 ], [ 30.1523941, 70.0697606 ], [ 30.1513596, 70.0697923 ], [ 30.1511549, 70.0697816 ], [ 30.1511277, 70.0697712 ], [ 30.1511227, 70.069691 ], [ 30.1507021, 70.0695711 ], [ 30.1499607, 70.0696087 ], [ 30.1498634, 70.0696137 ], [ 30.1493509, 70.0696868 ], [ 30.1489158, 70.0698141 ], [ 30.1483888, 70.0698905 ], [ 30.1481455, 70.0698918 ], [ 30.1467139, 70.0698432 ], [ 30.1466425, 70.0698329 ], [ 30.145922, 70.0698901 ], [ 30.1452802, 70.0699286 ], [ 30.1450143, 70.0699263 ], [ 30.1438705, 70.069976 ], [ 30.1427856, 70.0700687 ], [ 30.1416427, 70.0701903 ], [ 30.1414215, 70.0701931 ], [ 30.1399535, 70.0702791 ], [ 30.1387163, 70.0704335 ], [ 30.1382808, 70.0704712 ], [ 30.1379589, 70.0704666 ], [ 30.1371127, 70.0704777 ], [ 30.1369435, 70.070487 ], [ 30.1365263, 70.0704738 ], [ 30.1358956, 70.0704148 ], [ 30.1352792, 70.070395 ], [ 30.1338016, 70.0704235 ], [ 30.1327478, 70.0704275 ], [ 30.1321046, 70.0704245 ], [ 30.1311351, 70.070388 ], [ 30.1304225, 70.0703819 ], [ 30.1293309, 70.0703994 ], [ 30.1286188, 70.0703884 ], [ 30.1272971, 70.0702969 ], [ 30.126983, 70.0702882 ], [ 30.1258663, 70.0702803 ], [ 30.1249424, 70.0702828 ], [ 30.1232608, 70.070252 ], [ 30.1230327, 70.0701971 ], [ 30.122465, 70.0702019 ], [ 30.1216584, 70.0702345 ], [ 30.1211241, 70.0702922 ], [ 30.1209183, 70.0702513 ], [ 30.1200311, 70.0702008 ], [ 30.1199097, 70.0701705 ], [ 30.1195949, 70.0701334 ], [ 30.1190868, 70.0701235 ], [ 30.1187478, 70.0701747 ], [ 30.118574, 70.0701786 ], [ 30.1179846, 70.0701435 ], [ 30.117034, 70.0700527 ], [ 30.1147013, 70.0698507 ], [ 30.1139721, 70.0697451 ], [ 30.1128585, 70.0696524 ], [ 30.1113, 70.0696786 ], [ 30.1099014, 70.0696547 ], [ 30.1093638, 70.0696392 ], [ 30.1091233, 70.0696174 ], [ 30.1088831, 70.069581 ], [ 30.108591, 70.0695115 ], [ 30.108156, 70.0693792 ], [ 30.1076486, 70.0691509 ], [ 30.1071652, 70.0688998 ], [ 30.1068191, 70.0686354 ], [ 30.1067382, 70.0685585 ], [ 30.1066794, 70.0684522 ], [ 30.106657, 70.0683658 ], [ 30.1066671, 70.0682298 ], [ 30.1066972, 70.0681589 ], [ 30.1068823, 70.0680641 ], [ 30.1070252, 70.0680199 ], [ 30.1072284, 70.0679408 ], [ 30.1074404, 70.0678159 ], [ 30.107556, 70.0677147 ], [ 30.108047, 70.0675186 ], [ 30.1070072, 70.0674035 ], [ 30.1064332, 70.0674637 ], [ 30.1065187, 70.0674021 ], [ 30.1063912, 70.067401 ], [ 30.1058294, 70.0674715 ], [ 30.1056774, 70.0675129 ], [ 30.1055686, 70.0675664 ], [ 30.105659, 70.0676818 ], [ 30.1057067, 70.0677048 ], [ 30.1058718, 70.0677324 ], [ 30.1056021, 70.0677327 ], [ 30.1042403, 70.0676643 ], [ 30.1036353, 70.0675978 ], [ 30.1028952, 70.0675356 ], [ 30.1024901, 70.0675171 ], [ 30.1025271, 70.0675617 ], [ 30.102448, 70.0676242 ], [ 30.1023764, 70.067637 ], [ 30.1020714, 70.0676336 ], [ 30.1020519, 70.0676139 ], [ 30.1021108, 70.0674766 ], [ 30.1020294, 70.0674627 ], [ 30.1017425, 70.0674458 ], [ 30.1015148, 70.0674756 ], [ 30.1014145, 70.0674947 ], [ 30.1013345, 70.0675208 ], [ 30.1012766, 70.0675849 ], [ 30.101286, 70.0676851 ], [ 30.1011255, 70.0677387 ], [ 30.1006487, 70.0677626 ], [ 30.0999618, 70.0677363 ], [ 30.099418, 70.0677154 ], [ 30.0990982, 70.0677928 ], [ 30.0990191, 70.0678884 ], [ 30.0988171, 70.0679498 ], [ 30.0987201, 70.0679744 ], [ 30.098512, 70.0679851 ], [ 30.097875, 70.0681651 ], [ 30.0973693, 70.0684353 ], [ 30.0970648, 70.0685542 ], [ 30.0969424, 70.068673 ], [ 30.0968109, 70.0689565 ], [ 30.0968733, 70.0691076 ], [ 30.0969383, 70.0691772 ], [ 30.0969633, 70.0692723 ], [ 30.096918, 70.0693694 ], [ 30.0967637, 70.0695201 ], [ 30.0965393, 70.0696594 ], [ 30.0959458, 70.0698718 ], [ 30.093815, 70.0703634 ], [ 30.0932248, 70.0706861 ], [ 30.0930615, 70.070735 ], [ 30.0928045, 70.0709046 ], [ 30.0928212, 70.0709583 ], [ 30.093062, 70.0709763 ], [ 30.093527, 70.0707086 ], [ 30.0940107, 70.0705047 ], [ 30.0964457, 70.0698957 ], [ 30.0970298, 70.0696448 ], [ 30.0970705, 70.0696428 ], [ 30.097236, 70.0696657 ], [ 30.0975946, 70.0697516 ], [ 30.097767, 70.0698404 ], [ 30.0977996, 70.0698798 ], [ 30.0977135, 70.0702441 ], [ 30.0979218, 70.0704976 ], [ 30.0979579, 70.0705154 ], [ 30.0981083, 70.0705421 ], [ 30.0981657, 70.0705456 ], [ 30.0983203, 70.0705225 ], [ 30.0985382, 70.0705304 ], [ 30.0989853, 70.0705661 ], [ 30.0996537, 70.0707802 ], [ 30.0999374, 70.0709412 ], [ 30.0999619, 70.0709712 ], [ 30.099965, 70.0709751 ], [ 30.0999706, 70.0710985 ], [ 30.1004298, 70.0713848 ], [ 30.1009822, 70.0716001 ], [ 30.1011631, 70.0716875 ], [ 30.1012544, 70.0718081 ], [ 30.1013123, 70.0720527 ], [ 30.1016107, 70.0722156 ], [ 30.1016726, 70.0722244 ], [ 30.101768, 70.0722513 ], [ 30.1018604, 70.0723055 ], [ 30.1020019, 70.072414 ], [ 30.102061, 70.0724848 ], [ 30.102151, 70.0728553 ], [ 30.1022292, 70.0729851 ], [ 30.1022715, 70.0732948 ], [ 30.1022642, 70.0733434 ], [ 30.1018547, 70.0739963 ], [ 30.1017613, 70.0742549 ], [ 30.1018234, 70.0743628 ], [ 30.1018973, 70.0744308 ], [ 30.1019462, 70.0745726 ], [ 30.1019785, 70.0748738 ], [ 30.1019409, 70.0750042 ], [ 30.1019023, 70.0750387 ], [ 30.1009577, 70.075598 ], [ 30.0999618, 70.0760276 ], [ 30.0996398, 70.0761665 ], [ 30.0987415, 70.0764786 ], [ 30.0979352, 70.0767333 ], [ 30.0972846, 70.0769141 ], [ 30.09662, 70.0770869 ], [ 30.0958669, 70.0773146 ], [ 30.0954138, 70.0774299 ], [ 30.0936635, 70.0777944 ], [ 30.0919244, 70.07817 ], [ 30.0901784, 70.0785024 ], [ 30.0883238, 70.0788169 ], [ 30.0873353, 70.0789546 ], [ 30.0861064, 70.0790801 ], [ 30.0847146, 70.0792045 ], [ 30.0838203, 70.0792555 ], [ 30.0828116, 70.0792952 ], [ 30.0816236, 70.0793136 ], [ 30.0809017, 70.079303 ], [ 30.0802652, 70.0792651 ], [ 30.0799715, 70.0792374 ], [ 30.0797286, 70.0791902 ], [ 30.0796029, 70.0791436 ], [ 30.0794996, 70.0790728 ], [ 30.0794799, 70.0789805 ], [ 30.079436, 70.0789346 ], [ 30.079325, 70.0788695 ], [ 30.0792118, 70.0788317 ], [ 30.0789928, 70.0787834 ], [ 30.0788794, 70.0787687 ], [ 30.0785841, 70.0787509 ], [ 30.075894, 70.0786857 ], [ 30.0737961, 70.0786235 ], [ 30.073402, 70.0786257 ], [ 30.0729828, 70.0786391 ], [ 30.0716075, 70.0786172 ], [ 30.0687632, 70.0785131 ], [ 30.0672975, 70.0784917 ], [ 30.0662891, 70.0784967 ], [ 30.0653369, 70.0784557 ], [ 30.0635251, 70.078316 ], [ 30.0630556, 70.0782604 ], [ 30.0621302, 70.0781333 ], [ 30.0614326, 70.0780262 ], [ 30.0595796, 70.0776916 ], [ 30.0585596, 70.0774718 ], [ 30.0581316, 70.0773891 ], [ 30.0577219, 70.0773396 ], [ 30.0575151, 70.0773425 ], [ 30.0572957, 70.0773347 ], [ 30.0570085, 70.0772976 ], [ 30.0566528, 70.0772143 ], [ 30.0564707, 70.077163 ], [ 30.0561253, 70.0770385 ], [ 30.0557579, 70.076931 ], [ 30.0548794, 70.0767642 ], [ 30.0541896, 70.0766227 ], [ 30.0530457, 70.0763624 ], [ 30.0528407, 70.0763104 ], [ 30.0523654, 70.0761532 ], [ 30.0523879, 70.0761347 ], [ 30.0525489, 70.0761136 ], [ 30.0529278, 70.0760934 ], [ 30.0529616, 70.0760748 ], [ 30.0529181, 70.0760514 ], [ 30.0527303, 70.0760252 ], [ 30.0523641, 70.076049 ], [ 30.0514564, 70.0759815 ], [ 30.0507973, 70.0757858 ], [ 30.0501811, 70.0755806 ], [ 30.049963, 70.0755015 ], [ 30.0497919, 70.0754393 ], [ 30.0490417, 70.075319 ], [ 30.0481957, 70.0751611 ], [ 30.0477522, 70.0750745 ], [ 30.0473258, 70.074977 ], [ 30.0470374, 70.074886 ], [ 30.0465291, 70.0745987 ], [ 30.0461308, 70.0744481 ], [ 30.0456348, 70.0744145 ], [ 30.044786, 70.0743045 ], [ 30.0436989, 70.0740928 ], [ 30.0431748, 70.0739752 ], [ 30.0428266, 70.0738093 ], [ 30.0421466, 70.0736902 ], [ 30.0420947, 70.0736981 ], [ 30.0420078, 70.0737394 ], [ 30.0412534, 70.0737285 ], [ 30.0408273, 70.073617 ], [ 30.0400701, 70.0735261 ], [ 30.0400903, 70.0735151 ], [ 30.0402795, 70.0735108 ], [ 30.0403865, 70.0735146 ], [ 30.0405732, 70.0735372 ], [ 30.0410237, 70.0734774 ], [ 30.041044, 70.0734651 ], [ 30.0410243, 70.0734579 ], [ 30.0408407, 70.0734215 ], [ 30.0400715, 70.0733168 ], [ 30.0398337, 70.0733116 ], [ 30.0397034, 70.0733187 ], [ 30.0389289, 70.0734079 ], [ 30.0382223, 70.0735004 ], [ 30.0370135, 70.073723 ], [ 30.0360318, 70.0737801 ], [ 30.0358868, 70.0737966 ], [ 30.0354134, 70.0737387 ], [ 30.035193, 70.0736999 ], [ 30.0340918, 70.073453 ], [ 30.0340478, 70.0734537 ], [ 30.033841, 70.073498 ], [ 30.0337049, 70.0734681 ], [ 30.0335853, 70.0734215 ], [ 30.0334923, 70.0733691 ], [ 30.0333945, 70.0732867 ], [ 30.033379, 70.0732318 ], [ 30.0333908, 70.0731722 ], [ 30.0334583, 70.0730904 ], [ 30.033479, 70.0730728 ], [ 30.0339545, 70.0731036 ], [ 30.0339786, 70.0730144 ], [ 30.0327556, 70.0729478 ], [ 30.0324438, 70.0730174 ], [ 30.0322663, 70.0729874 ], [ 30.0318498, 70.0728907 ], [ 30.0318783, 70.0728754 ], [ 30.0318759, 70.0728616 ], [ 30.0318032, 70.0728211 ], [ 30.0317342, 70.0728023 ], [ 30.0315706, 70.0727772 ], [ 30.0314037, 70.0727568 ], [ 30.0306843, 70.0727445 ], [ 30.0302883, 70.072709 ], [ 30.0299445, 70.0726002 ], [ 30.0299871, 70.0725473 ], [ 30.0299806, 70.0725267 ], [ 30.0294698, 70.0723759 ], [ 30.0293653, 70.0723555 ], [ 30.0291519, 70.0723506 ], [ 30.0287889, 70.0723696 ], [ 30.0284257, 70.0724357 ], [ 30.0279874, 70.0724865 ], [ 30.0277915, 70.0724663 ], [ 30.0276947, 70.0724489 ], [ 30.025618, 70.0718775 ], [ 30.0257046, 70.0717171 ], [ 30.0258432, 70.0717135 ], [ 30.0259147, 70.0716843 ], [ 30.0259278, 70.0716604 ], [ 30.0253243, 70.0715794 ], [ 30.0250001, 70.0715822 ], [ 30.0247549, 70.0715547 ], [ 30.0243772, 70.0714717 ], [ 30.02296, 70.0711237 ], [ 30.0225105, 70.070956 ], [ 30.0223857, 70.0707817 ], [ 30.0209816, 70.0706442 ], [ 30.0206149, 70.0706698 ], [ 30.0200754, 70.0706409 ], [ 30.0199351, 70.0706177 ], [ 30.0199029, 70.0705958 ], [ 30.0192484, 70.0705056 ], [ 30.0186875, 70.070515 ], [ 30.0174225, 70.0705583 ], [ 30.0170021, 70.0705438 ], [ 30.016753, 70.0705044 ], [ 30.0167652, 70.0704581 ], [ 30.0165021, 70.0703284 ], [ 30.0163092, 70.0702976 ], [ 30.0161788, 70.0702856 ], [ 30.0146988, 70.070307 ], [ 30.0136582, 70.0703302 ], [ 30.0132522, 70.070349 ], [ 30.0128078, 70.070383 ], [ 30.0119028, 70.0704092 ], [ 30.0112102, 70.0704498 ], [ 30.0108198, 70.0704856 ], [ 30.0105187, 70.070498 ], [ 30.0090972, 70.0703531 ], [ 30.0087614, 70.0702795 ], [ 30.0085797, 70.0702207 ], [ 30.0085437, 70.0701994 ], [ 30.008538, 70.0701873 ], [ 30.0085633, 70.0701707 ], [ 30.0087975, 70.0701007 ], [ 30.0088388, 70.0700718 ], [ 30.0088274, 70.0700585 ], [ 30.0085046, 70.0699534 ], [ 30.0078132, 70.0698641 ], [ 30.0069039, 70.0696895 ], [ 30.0065556, 70.069611 ], [ 30.0060537, 70.0696004 ], [ 30.0058855, 70.0695672 ], [ 30.0056835, 70.0694424 ], [ 30.0056646, 70.0693938 ], [ 30.0056789, 70.0693434 ], [ 30.0057878, 70.0692577 ], [ 30.0056423, 70.0692339 ], [ 30.0055768, 70.069214 ], [ 30.0054717, 70.0691236 ], [ 30.0054572, 70.0690813 ], [ 30.0054772, 70.0690597 ], [ 30.0056916, 70.0689895 ], [ 30.0058535, 70.0689471 ], [ 30.0060414, 70.0687932 ], [ 30.0058619, 70.0687618 ], [ 30.0057465, 70.0686848 ], [ 30.0058853, 70.0685789 ], [ 30.005156, 70.0682831 ], [ 30.0046929, 70.0681986 ], [ 30.0044122, 70.0681768 ], [ 30.0039774, 70.0680881 ], [ 30.0040014, 70.0679946 ], [ 30.0039613, 70.0679636 ], [ 30.0037966, 70.0679061 ], [ 30.0032865, 70.0678567 ], [ 30.0020094, 70.0678603 ], [ 30.0015054, 70.0679615 ], [ 30.0007805, 70.0680651 ], [ 30.0000949, 70.068134 ], [ 30.0, 70.068145245795108 ], [ 30.0, 70.536466919760471 ], [ 30.0002812, 70.5365068 ] ] ] ] } },
{ "type": "Feature", "properties": { "FID": 156149, "id": 1516, "left": 30.0, "top": 75.0, "right": 35.0, "bottom": 70.0, "row_index": 3, "col_index": 42, "min_lon": 30.0, "min_lat": 70.0, "tile_id": "30_70" }, "geometry": { "type": "MultiPolygon", "coordinates": [ [ [ [ 30.2489022, 70.0866278 ], [ 30.2483576, 70.0866855 ], [ 30.2478653, 70.086846 ], [ 30.2470639, 70.0869766 ], [ 30.2461933, 70.0872134 ], [ 30.2458291, 70.0872869 ], [ 30.2455728, 70.0873623 ], [ 30.2452682, 70.0875108 ], [ 30.2447171, 70.0876243 ], [ 30.2439164, 70.0878092 ], [ 30.2436883, 70.0878728 ], [ 30.243319, 70.088035 ], [ 30.2431282, 70.088151 ], [ 30.2430745, 70.0881635 ], [ 30.2428817, 70.0881908 ], [ 30.2426612, 70.0881832 ], [ 30.2423074, 70.0881502 ], [ 30.2421727, 70.0881462 ], [ 30.2420921, 70.0881527 ], [ 30.241959, 70.0881829 ], [ 30.2418567, 70.0882429 ], [ 30.2417643, 70.0882711 ], [ 30.2416556, 70.0882895 ], [ 30.2409601, 70.0883574 ], [ 30.2405813, 70.0883842 ], [ 30.2397641, 70.0884605 ], [ 30.239648, 70.0884766 ], [ 30.2389704, 70.0886162 ], [ 30.2386272, 70.0887045 ], [ 30.2382201, 70.0888143 ], [ 30.2376683, 70.0889999 ], [ 30.2375288, 70.0890606 ], [ 30.2373035, 70.0892432 ], [ 30.2372716, 70.0892525 ], [ 30.2367851, 70.08928 ], [ 30.236169, 70.0893579 ], [ 30.2360662, 70.0893914 ], [ 30.2359152, 70.0894738 ], [ 30.2355498, 70.0897625 ], [ 30.235154, 70.0900202 ], [ 30.2349546, 70.0901275 ], [ 30.2347973, 70.0901936 ], [ 30.2345168, 70.0902555 ], [ 30.2341037, 70.0902766 ], [ 30.2336406, 70.0904329 ], [ 30.2329563, 70.0907259 ], [ 30.2326354, 70.0909392 ], [ 30.2323918, 70.0912221 ], [ 30.2324073, 70.0913511 ], [ 30.2324781, 70.0915486 ], [ 30.2324996, 70.0915671 ], [ 30.2325337, 70.0915729 ], [ 30.232578, 70.0915696 ], [ 30.2329985, 70.0914761 ], [ 30.2332731, 70.0914232 ], [ 30.2333936, 70.0914097 ], [ 30.2334748, 70.0914059 ], [ 30.2341535, 70.0914472 ], [ 30.2341771, 70.0914556 ], [ 30.2341977, 70.0914934 ], [ 30.2344642, 70.0916609 ], [ 30.2349536, 70.0918259 ], [ 30.2350802, 70.0918502 ], [ 30.2351473, 70.0918528 ], [ 30.2358035, 70.0918173 ], [ 30.2369014, 70.0916818 ], [ 30.2375022, 70.0916231 ], [ 30.2378216, 70.0916466 ], [ 30.2378656, 70.0917193 ], [ 30.2380227, 70.0918002 ], [ 30.2384473, 70.091927 ], [ 30.2385589, 70.0919542 ], [ 30.2387026, 70.0919694 ], [ 30.238824, 70.0919636 ], [ 30.2392705, 70.0918658 ], [ 30.2395478, 70.0917596 ], [ 30.2395606, 70.0917442 ], [ 30.2395428, 70.0916508 ], [ 30.2395713, 70.0916199 ], [ 30.2396167, 70.0916001 ], [ 30.2397919, 70.0915806 ], [ 30.2399209, 70.0915733 ], [ 30.2400001, 70.0915807 ], [ 30.2407739, 70.0917078 ], [ 30.2414447, 70.0917455 ], [ 30.2414963, 70.0917421 ], [ 30.2419539, 70.0915998 ], [ 30.2425523, 70.0916261 ], [ 30.2426447, 70.0916219 ], [ 30.2427094, 70.091607 ], [ 30.2427657, 70.0915856 ], [ 30.2432494, 70.0912453 ], [ 30.2434105, 70.0910817 ], [ 30.2434628, 70.0910581 ], [ 30.2436548, 70.0910015 ], [ 30.2440066, 70.0909434 ], [ 30.2442396, 70.0909114 ], [ 30.2443685, 70.0909041 ], [ 30.2446583, 70.0909042 ], [ 30.2449955, 70.0909223 ], [ 30.2458257, 70.0910053 ], [ 30.2465055, 70.0910542 ], [ 30.246619, 70.0910433 ], [ 30.2469924, 70.090957 ], [ 30.2471308, 70.0909141 ], [ 30.2473765, 70.0907933 ], [ 30.2474333, 70.090777 ], [ 30.2479134, 70.0907079 ], [ 30.2480065, 70.0907087 ], [ 30.2481089, 70.0907222 ], [ 30.2483554, 70.0907787 ], [ 30.2485104, 70.0907975 ], [ 30.2488734, 70.0907898 ], [ 30.2490339, 70.0907694 ], [ 30.2493592, 70.0906116 ], [ 30.2499581, 70.0904533 ], [ 30.2505347, 70.090301 ], [ 30.2505714, 70.0902725 ], [ 30.2505539, 70.0902298 ], [ 30.2505677, 70.0901992 ], [ 30.250606, 70.0901833 ], [ 30.2506966, 70.0901677 ], [ 30.2508954, 70.0901554 ], [ 30.2510047, 70.0901889 ], [ 30.2511643, 70.0902622 ], [ 30.2512731, 70.0902691 ], [ 30.2513236, 70.0902568 ], [ 30.2513859, 70.0902292 ], [ 30.2515355, 70.0900631 ], [ 30.2515472, 70.0900186 ], [ 30.2514556, 70.0899277 ], [ 30.2514899, 70.0899082 ], [ 30.2521718, 70.089748 ], [ 30.2522881, 70.0897333 ], [ 30.2528833, 70.08959 ], [ 30.2530918, 70.0895179 ], [ 30.2536397, 70.0893828 ], [ 30.2540247, 70.0894217 ], [ 30.2546156, 70.0894481 ], [ 30.2549287, 70.089454 ], [ 30.2552836, 70.0894174 ], [ 30.2561981, 70.0892493 ], [ 30.2566565, 70.0891096 ], [ 30.2569999, 70.0890213 ], [ 30.2570549, 70.08919 ], [ 30.2570852, 70.0891932 ], [ 30.2571138, 70.0891864 ], [ 30.25762, 70.0890433 ], [ 30.2578956, 70.0889498 ], [ 30.2582641, 70.0887331 ], [ 30.2584798, 70.0885887 ], [ 30.2584687, 70.0885636 ], [ 30.2582445, 70.088532 ], [ 30.2584927, 70.0884276 ], [ 30.2588923, 70.0883446 ], [ 30.2589628, 70.0883193 ], [ 30.2591716, 70.0880547 ], [ 30.2596871, 70.0875341 ], [ 30.2597015, 70.0875288 ], [ 30.2598824, 70.087523 ], [ 30.2599583, 70.0875103 ], [ 30.2602439, 70.0874318 ], [ 30.2603603, 70.0873665 ], [ 30.2605344, 70.0872165 ], [ 30.2606035, 70.0871329 ], [ 30.2610238, 70.0868432 ], [ 30.2613157, 70.0866607 ], [ 30.2613937, 70.086586 ], [ 30.2616659, 70.0860783 ], [ 30.2618992, 70.0857791 ], [ 30.2620765, 70.0855278 ], [ 30.2621343, 70.085418 ], [ 30.2621201, 70.085351 ], [ 30.2620541, 70.0853078 ], [ 30.2620193, 70.0852983 ], [ 30.2619673, 70.0852979 ], [ 30.2618778, 70.0853197 ], [ 30.2619035, 70.0852206 ], [ 30.262143, 70.0849871 ], [ 30.2622393, 70.0849361 ], [ 30.2625044, 70.0848959 ], [ 30.2626043, 70.0848676 ], [ 30.263291, 70.0844742 ], [ 30.2633229, 70.0844648 ], [ 30.2633463, 70.0844707 ], [ 30.2636415, 70.0843351 ], [ 30.2638951, 70.0841952 ], [ 30.2639096, 70.0841695 ], [ 30.2638777, 70.0839574 ], [ 30.2635388, 70.0838544 ], [ 30.2627219, 70.0838067 ], [ 30.2626044, 70.0838176 ], [ 30.2623867, 70.0838519 ], [ 30.2616272, 70.0839868 ], [ 30.2615668, 70.0840044 ], [ 30.2614082, 70.0840843 ], [ 30.2613854, 70.0841076 ], [ 30.2611483, 70.0841599 ], [ 30.2609988, 70.0841524 ], [ 30.2608356, 70.0841806 ], [ 30.2606835, 70.0842301 ], [ 30.2604305, 70.084351 ], [ 30.2598515, 70.0845499 ], [ 30.2595386, 70.0846897 ], [ 30.2593206, 70.0847961 ], [ 30.259146, 70.0849182 ], [ 30.2589999, 70.0850842 ], [ 30.2589428, 70.0852207 ], [ 30.2589237, 70.0853653 ], [ 30.2588107, 70.0856232 ], [ 30.2587416, 70.0857067 ], [ 30.2586384, 70.0857845 ], [ 30.2584979, 70.0858617 ], [ 30.2577732, 70.086134 ], [ 30.2569204, 70.0863871 ], [ 30.2568079, 70.0864322 ], [ 30.2567161, 70.086487 ], [ 30.2566155, 70.0865837 ], [ 30.2565117, 70.086659 ], [ 30.2563272, 70.0867635 ], [ 30.2561248, 70.0868494 ], [ 30.2559411, 70.0869122 ], [ 30.255862, 70.0869325 ], [ 30.255691, 70.0869533 ], [ 30.2555146, 70.0869907 ], [ 30.2551847, 70.0870951 ], [ 30.2549974, 70.0871833 ], [ 30.254995, 70.0872175 ], [ 30.2549194, 70.0872581 ], [ 30.2548398, 70.0872709 ], [ 30.2543372, 70.0873139 ], [ 30.254145, 70.0873198 ], [ 30.2534913, 70.0872958 ], [ 30.2529505, 70.0872573 ], [ 30.2528506, 70.0872374 ], [ 30.252802, 70.0872091 ], [ 30.2520528, 70.0870462 ], [ 30.2517456, 70.0865881 ], [ 30.2515854, 70.0865352 ], [ 30.2508078, 70.0864538 ], [ 30.2507458, 70.0864625 ], [ 30.25064, 70.0864973 ], [ 30.2501943, 70.0865495 ], [ 30.2499581, 70.0865638 ], [ 30.2489022, 70.0866278 ] ] ] ] } },
{ "type": "Feature", "properties": { "FID": 156150, "id": 1516, "left": 30.0, "top": 75.0, "right": 35.0, "bottom": 70.0, "row_index": 3, "col_index": 42, "min_lon": 30.0, "min_lat": 70.0, "tile_id": "30_70" }, "geometry": { "type": "MultiPolygon", "coordinates": [ [ [ [ 31.0447649, 70.3890674 ], [ 31.0449935, 70.3890725 ], [ 31.0450803, 70.3890582 ], [ 31.0454939, 70.3888988 ], [ 31.0455224, 70.3889119 ], [ 31.0455712, 70.3889103 ], [ 31.0458839, 70.3887947 ], [ 31.0463114, 70.3885553 ], [ 31.0464495, 70.3883994 ], [ 31.0467281, 70.3879982 ], [ 31.0468301, 70.3873503 ], [ 31.0467156, 70.3871639 ], [ 31.0465484, 70.3869973 ], [ 31.0463083, 70.3868034 ], [ 31.0461261, 70.3867052 ], [ 31.0458575, 70.3866132 ], [ 31.045612, 70.3865591 ], [ 31.0443794, 70.3863772 ], [ 31.0441858, 70.3863669 ], [ 31.0439651, 70.3863325 ], [ 31.0435789, 70.3862623 ], [ 31.0429864, 70.3861288 ], [ 31.0426769, 70.3861244 ], [ 31.0425428, 70.3861346 ], [ 31.0424573, 70.3861511 ], [ 31.0423893, 70.3861751 ], [ 31.0420182, 70.3863391 ], [ 31.0418983, 70.3864314 ], [ 31.0417843, 70.3867353 ], [ 31.0412848, 70.3870864 ], [ 31.0410036, 70.3873596 ], [ 31.0409884, 70.3876672 ], [ 31.041019, 70.3877929 ], [ 31.0410589, 70.3878305 ], [ 31.0412376, 70.3879121 ], [ 31.0415602, 70.3880092 ], [ 31.0416349, 70.3880151 ], [ 31.0418544, 70.3879975 ], [ 31.0423245, 70.3880109 ], [ 31.0424388, 70.3880702 ], [ 31.0424404, 70.3882123 ], [ 31.0425219, 70.3883772 ], [ 31.0427328, 70.3884083 ], [ 31.0429467, 70.3884846 ], [ 31.0429122, 70.3885177 ], [ 31.0430085, 70.3886399 ], [ 31.0436004, 70.3888494 ], [ 31.0440862, 70.3889941 ], [ 31.044169, 70.3890046 ], [ 31.0447649, 70.3890674 ] ] ] ] } },
{ "type": "Feature", "properties": { "FID": 271719, "id": 1516, "left": 30.0, "top": 75.0, "right": 35.0, "bottom": 70.0, "row_index": 3, "col_index": 42, "min_lon": 30.0, "min_lat": 70.0, "tile_id": "30_70" }, "geometry": { "type": "MultiPolygon", "coordinates": [ [ [ [ 30.2641551, 70.089896 ], [ 30.2641292, 70.0899205 ], [ 30.2641721, 70.0899843 ], [ 30.2641452, 70.0900025 ], [ 30.2638527, 70.0901317 ], [ 30.2635846, 70.0902252 ], [ 30.2633878, 70.0903249 ], [ 30.2633158, 70.0904389 ], [ 30.263363, 70.0904545 ], [ 30.2634075, 70.090455 ], [ 30.2637999, 70.0903214 ], [ 30.2638806, 70.0903162 ], [ 30.2639407, 70.0903202 ], [ 30.2639647, 70.0903312 ], [ 30.2639809, 70.0903639 ], [ 30.2639774, 70.0904868 ], [ 30.2639978, 70.0905232 ], [ 30.2640498, 70.0905488 ], [ 30.2641854, 70.0905604 ], [ 30.2642972, 70.0905623 ], [ 30.2644687, 70.0905415 ], [ 30.264972, 70.0903072 ], [ 30.2651504, 70.0902078 ], [ 30.26518, 70.0901857 ], [ 30.2652148, 70.0900699 ], [ 30.2652538, 70.0900337 ], [ 30.2654312, 70.0899546 ], [ 30.2664208, 70.0895687 ], [ 30.2664193, 70.0895598 ], [ 30.266369, 70.0895454 ], [ 30.2661678, 70.0895667 ], [ 30.2659574, 70.0896502 ], [ 30.2657041, 70.0897927 ], [ 30.2652516, 70.0899438 ], [ 30.2652137, 70.089942 ], [ 30.2651634, 70.0899276 ], [ 30.2649326, 70.0898291 ], [ 30.2653056, 70.0896389 ], [ 30.2652417, 70.0896349 ], [ 30.2650745, 70.0896594 ], [ 30.2650192, 70.089675 ], [ 30.2648055, 70.0897857 ], [ 30.2644698, 70.0897663 ], [ 30.2641551, 70.089896 ] ] ] ] } },
{ "type": "Feature", "properties": { "FID": 366351, "id": 1516, "left": 30.0, "top": 75.0, "right": 35.0, "bottom": 70.0, "row_index": 3, "col_index": 42, "min_lon": 30.0, "min_lat": 70.0, "tile_id": "30_70" }, "geometry": { "type": "MultiPolygon", "coordinates": [ [ [ [ 30.8975753, 70.2489119 ], [ 30.8977711, 70.2488479 ], [ 30.8977961, 70.2487808 ], [ 30.8974852, 70.2487185 ], [ 30.8971621, 70.2486947 ], [ 30.8959845, 70.2486365 ], [ 30.8950737, 70.2486594 ], [ 30.8946095, 70.2488355 ], [ 30.8943458, 70.2489625 ], [ 30.8943608, 70.2489807 ], [ 30.8947127, 70.2491103 ], [ 30.8943942, 70.2491302 ], [ 30.8936513, 70.2489215 ], [ 30.8929059, 70.2489317 ], [ 30.8914856, 70.248987 ], [ 30.8910057, 70.2490367 ], [ 30.8909388, 70.2490465 ], [ 30.8908723, 70.249075 ], [ 30.8908482, 70.2491098 ], [ 30.8908393, 70.2493175 ], [ 30.8908804, 70.2494308 ], [ 30.8911195, 70.2495663 ], [ 30.8912178, 70.2495887 ], [ 30.8917735, 70.2496391 ], [ 30.8919792, 70.2496424 ], [ 30.892868, 70.2496133 ], [ 30.8928938, 70.2496394 ], [ 30.8928551, 70.2496816 ], [ 30.8928881, 70.2497126 ], [ 30.8931432, 70.249811 ], [ 30.8938394, 70.2498731 ], [ 30.894555, 70.2498977 ], [ 30.8949585, 70.2497574 ], [ 30.8953424, 70.2495749 ], [ 30.8958203, 70.2494964 ], [ 30.8965381, 70.2493175 ], [ 30.8971854, 70.2492296 ], [ 30.8972967, 70.2491993 ], [ 30.8974108, 70.2491513 ], [ 30.8974959, 70.249099 ], [ 30.8975248, 70.248985 ], [ 30.8975753, 70.2489119 ] ] ] ] } },
{ "type": "Feature", "properties": { "FID": 366352, "id": 1516, "left": 30.0, "top": 75.0, "right": 35.0, "bottom": 70.0, "row_index": 3, "col_index": 42, "min_lon": 30.0, "min_lat": 70.0, "tile_id": "30_70" }, "geometry": { "type": "MultiPolygon", "coordinates": [ [ [ [ 30.8805613, 70.2579882 ], [ 30.8805011, 70.2580446 ], [ 30.8805065, 70.2580732 ], [ 30.8805687, 70.2581645 ], [ 30.8806818, 70.2582106 ], [ 30.8807143, 70.2582431 ], [ 30.880948, 70.258304 ], [ 30.8809878, 70.2584475 ], [ 30.881057, 70.2584703 ], [ 30.8811229, 70.2585317 ], [ 30.8812336, 70.2585928 ], [ 30.8813295, 70.2586161 ], [ 30.8814196, 70.2586229 ], [ 30.8814996, 70.2586883 ], [ 30.8815774, 70.2587027 ], [ 30.8817917, 70.2586919 ], [ 30.8818793, 70.2586726 ], [ 30.8819386, 70.258644 ], [ 30.8819414, 70.2585772 ], [ 30.8817956, 70.258536 ], [ 30.881744, 70.2585119 ], [ 30.8817339, 70.2584156 ], [ 30.8814699, 70.2583585 ], [ 30.8814259, 70.2583264 ], [ 30.8814966, 70.2582255 ], [ 30.8814772, 70.2581592 ], [ 30.881241, 70.2581036 ], [ 30.881169, 70.258078 ], [ 30.8811578, 70.2580488 ], [ 30.8811954, 70.2580216 ], [ 30.881296, 70.2580151 ], [ 30.881457, 70.2579892 ], [ 30.8817395, 70.2579946 ], [ 30.8818302, 70.2579825 ], [ 30.8818792, 70.2579584 ], [ 30.8818565, 70.2579264 ], [ 30.881654, 70.2578557 ], [ 30.8815578, 70.2578467 ], [ 30.8813777, 70.2579235 ], [ 30.881276, 70.2579335 ], [ 30.8811912, 70.257931 ], [ 30.8811858, 70.2578981 ], [ 30.8813809, 70.2578312 ], [ 30.881409, 70.2578022 ], [ 30.8814048, 70.2577414 ], [ 30.8813499, 70.2577169 ], [ 30.881267, 70.2577061 ], [ 30.8810015, 70.257733 ], [ 30.8809406, 70.2577141 ], [ 30.8809256, 70.25765 ], [ 30.8808943, 70.2576211 ], [ 30.8808102, 70.2575999 ], [ 30.8806334, 70.2575834 ], [ 30.8805917, 70.2575539 ], [ 30.8805598, 70.2574618 ], [ 30.8804907, 70.2574419 ], [ 30.8803975, 70.2574382 ], [ 30.8803246, 70.2574494 ], [ 30.8801447, 70.257524 ], [ 30.8800863, 70.2575955 ], [ 30.880102, 70.2576595 ], [ 30.8801367, 70.2576882 ], [ 30.8803047, 70.2577163 ], [ 30.8803659, 70.2577366 ], [ 30.8803975, 70.2577629 ], [ 30.8804241, 70.2578252 ], [ 30.8805582, 70.2579055 ], [ 30.8805681, 70.2579363 ], [ 30.8805613, 70.2579882 ] ] ] ] } },
{ "type": "Feature", "properties": { "FID": 366353, "id": 1516, "left": 30.0, "top": 75.0, "right": 35.0, "bottom": 70.0, "row_index": 3, "col_index": 42, "min_lon": 30.0, "min_lat": 70.0, "tile_id": "30_70" }, "geometry": { "type": "MultiPolygon", "coordinates": [ [ [ [ 30.9506904, 70.2693178 ], [ 30.9511726, 70.269303 ], [ 30.9511491, 70.2692571 ], [ 30.9510185, 70.2691603 ], [ 30.9508997, 70.2690974 ], [ 30.9508504, 70.2690843 ], [ 30.9507035, 70.2690692 ], [ 30.9503868, 70.2690522 ], [ 30.9504175, 70.268929 ], [ 30.949936, 70.2687411 ], [ 30.9498352, 70.2687019 ], [ 30.9495518, 70.2685552 ], [ 30.9494908, 70.2684758 ], [ 30.9489691, 70.2682011 ], [ 30.9487389, 70.268104 ], [ 30.9484078, 70.2679977 ], [ 30.9481646, 70.267935 ], [ 30.9469972, 70.2678354 ], [ 30.9469003, 70.2679114 ], [ 30.9469319, 70.2680766 ], [ 30.9468275, 70.2680925 ], [ 30.9459271, 70.2679748 ], [ 30.945657, 70.2679461 ], [ 30.945607, 70.2679521 ], [ 30.9456281, 70.2681584 ], [ 30.9456471, 70.2681811 ], [ 30.9460922, 70.2682911 ], [ 30.9466898, 70.2684187 ], [ 30.9478537, 70.2687172 ], [ 30.948423, 70.2688861 ], [ 30.948894, 70.2690054 ], [ 30.9497845, 70.269176 ], [ 30.9499361, 70.2691997 ], [ 30.9506904, 70.2693178 ] ] ] ] } },
{ "type": "Feature", "properties": { "FID": 366354, "id": 1516, "left": 30.0, "top": 75.0, "right": 35.0, "bottom": 70.0, "row_index": 3, "col_index": 42, "min_lon": 30.0, "min_lat": 70.0, "tile_id": "30_70" }, "geometry": { "type": "MultiPolygon", "coordinates": [ [ [ [ 30.9245606, 70.2542802 ], [ 30.9247125, 70.2542166 ], [ 30.9246995, 70.2541923 ], [ 30.9245077, 70.254168 ], [ 30.9242827, 70.2541956 ], [ 30.9239452, 70.2539986 ], [ 30.9237317, 70.2539652 ], [ 30.9236072, 70.2540384 ], [ 30.9232219, 70.2540828 ], [ 30.9225041, 70.25399 ], [ 30.922444, 70.2539522 ], [ 30.9224042, 70.2538587 ], [ 30.9224786, 70.2537641 ], [ 30.9225918, 70.2537679 ], [ 30.9228551, 70.2538089 ], [ 30.92274, 70.2537427 ], [ 30.9224106, 70.2536154 ], [ 30.9223148, 70.2534579 ], [ 30.9219213, 70.2533724 ], [ 30.9212797, 70.2533099 ], [ 30.9209681, 70.253289 ], [ 30.9206903, 70.2534142 ], [ 30.9202692, 70.2534951 ], [ 30.9200612, 70.2534852 ], [ 30.91996, 70.2535223 ], [ 30.9199009, 70.2535608 ], [ 30.9198592, 70.2536385 ], [ 30.9199236, 70.2537216 ], [ 30.920215, 70.2537988 ], [ 30.9202955, 70.2539029 ], [ 30.9203337, 70.2540412 ], [ 30.9205382, 70.2540938 ], [ 30.9209876, 70.254184 ], [ 30.9213846, 70.2542453 ], [ 30.9216855, 70.2542716 ], [ 30.9222566, 70.2542843 ], [ 30.9223707, 70.2542702 ], [ 30.9224994, 70.254272 ], [ 30.9227216, 70.2543232 ], [ 30.9228973, 70.2543836 ], [ 30.9231279, 70.2544258 ], [ 30.9235061, 70.2544812 ], [ 30.9236376, 70.2544719 ], [ 30.9237494, 70.2544526 ], [ 30.9240703, 70.2543729 ], [ 30.9242816, 70.2543336 ], [ 30.9245606, 70.2542802 ] ] ] ] } },
{ "type": "Feature", "properties": { "FID": 366355, "id": 1516, "left": 30.0, "top": 75.0, "right": 35.0, "bottom": 70.0, "row_index": 3, "col_index": 42, "min_lon": 30.0, "min_lat": 70.0, "tile_id": "30_70" }, "geometry": { "type": "MultiPolygon", "coordinates": [ [ [ [ 30.9312775, 70.2537063 ], [ 30.9311426, 70.2537877 ], [ 30.9311454, 70.2538032 ], [ 30.9313933, 70.2538645 ], [ 30.9324033, 70.2539742 ], [ 30.9325668, 70.2539776 ], [ 30.9327068, 70.2539563 ], [ 30.93288, 70.2539096 ], [ 30.9330976, 70.2537913 ], [ 30.9331677, 70.2537773 ], [ 30.9333993, 70.2537848 ], [ 30.9334261, 70.2538127 ], [ 30.9333241, 70.253863 ], [ 30.9334198, 70.2539077 ], [ 30.9334659, 70.2539134 ], [ 30.9335502, 70.2539 ], [ 30.9337661, 70.2537798 ], [ 30.9337672, 70.2537437 ], [ 30.9337055, 70.2536516 ], [ 30.933209, 70.2535691 ], [ 30.9330226, 70.2535492 ], [ 30.9326458, 70.2535379 ], [ 30.9323805, 70.2535453 ], [ 30.9319408, 70.2535986 ], [ 30.9318466, 70.2536183 ], [ 30.9317548, 70.2536508 ], [ 30.931555, 70.2536629 ], [ 30.9314535, 70.253659 ], [ 30.9313544, 70.2536761 ], [ 30.9312775, 70.2537063 ] ] ] ] } },
{ "type": "Feature", "properties": { "FID": 381513, "id": 1516, "left": 30.0, "top": 75.0, "right": 35.0, "bottom": 70.0, "row_index": 3, "col_index": 42, "min_lon": 30.0, "min_lat": 70.0, "tile_id": "30_70" }, "geometry": { "type": "MultiPolygon", "coordinates": [ [ [ [ 31.145838, 70.38969 ], [ 31.1458494, 70.3897152 ], [ 31.1458233, 70.3899189 ], [ 31.1458519, 70.3900865 ], [ 31.1458899, 70.3901614 ], [ 31.14607, 70.3903316 ], [ 31.1462597, 70.3904607 ], [ 31.1462981, 70.3904717 ], [ 31.1464207, 70.3904737 ], [ 31.1472522, 70.3904209 ], [ 31.1477385, 70.3904871 ], [ 31.1479202, 70.390667 ], [ 31.1481846, 70.390804 ], [ 31.148437, 70.390859 ], [ 31.1485338, 70.3908594 ], [ 31.1485791, 70.3908515 ], [ 31.148611, 70.3908171 ], [ 31.1486177, 70.3907303 ], [ 31.1485334, 70.3906581 ], [ 31.1487072, 70.3905236 ], [ 31.1490325, 70.390416 ], [ 31.1491204, 70.3903951 ], [ 31.1491317, 70.3903662 ], [ 31.1491036, 70.3902552 ], [ 31.1490658, 70.390183 ], [ 31.1488065, 70.3899366 ], [ 31.1481292, 70.3895354 ], [ 31.1480005, 70.3895031 ], [ 31.1479083, 70.3894962 ], [ 31.147853, 70.389501 ], [ 31.1478103, 70.3895421 ], [ 31.1478296, 70.3896459 ], [ 31.1478238, 70.3896577 ], [ 31.1477844, 70.3896662 ], [ 31.1477542, 70.3896589 ], [ 31.1475417, 70.3895 ], [ 31.1473298, 70.3893119 ], [ 31.1468872, 70.389176 ], [ 31.1464194, 70.3891316 ], [ 31.1461143, 70.3891249 ], [ 31.1459927, 70.3891289 ], [ 31.1458382, 70.3891459 ], [ 31.1457199, 70.389172 ], [ 31.1455168, 70.3892404 ], [ 31.1453328, 70.389332 ], [ 31.1453029, 70.3893651 ], [ 31.1452855, 70.3894065 ], [ 31.1453393, 70.3895091 ], [ 31.1454317, 70.389557 ], [ 31.1455932, 70.3896137 ], [ 31.145772, 70.3896576 ], [ 31.145838, 70.38969 ] ] ] ] } },
{ "type": "Feature", "properties": { "FID": 395636, "id": 1516, "left": 30.0, "top": 75.0, "right": 35.0, "bottom": 70.0, "row_index": 3, "col_index": 42, "min_lon": 30.0, "min_lat": 70.0, "tile_id": "30_70" }, "geometry": { "type": "MultiPolygon", "coordinates": [ [ [ [ 30.7206227, 70.4737327 ], [ 30.7205822, 70.4736269 ], [ 30.720459, 70.4736321 ], [ 30.7200018, 70.4736995 ], [ 30.7199383, 70.4737146 ], [ 30.7198821, 70.4737538 ], [ 30.7198167, 70.4738318 ], [ 30.7203355, 70.4738027 ], [ 30.7204339, 70.4737857 ], [ 30.7204472, 70.473775 ], [ 30.7206227, 70.4737327 ] ] ] ] } },
{ "type": "Feature", "properties": { "FID": 395637, "id": 1516, "left": 30.0, "top": 75.0, "right": 35.0, "bottom": 70.0, "row_index": 3, "col_index": 42, "min_lon": 30.0, "min_lat": 70.0, "tile_id": "30_70" }, "geometry": { "type": "MultiPolygon", "coordinates": [ [ [ [ 30.4222379, 70.5527997 ], [ 30.4226295, 70.5526961 ], [ 30.422493, 70.5526997 ], [ 30.4218421, 70.5527661 ], [ 30.4215633, 70.5527992 ], [ 30.4215292, 70.5528169 ], [ 30.4215789, 70.5528383 ], [ 30.4218099, 70.5528135 ], [ 30.4220149, 70.5528122 ], [ 30.4222022, 70.5528247 ], [ 30.4222379, 70.5527997 ] ] ] ] } },
{ "type": "Feature", "properties": { "FID": 395638, "id": 1516, "left": 30.0, "top": 75.0, "right": 35.0, "bottom": 70.0, "row_index": 3, "col_index": 42, "min_lon": 30.0, "min_lat": 70.0, "tile_id": "30_70" }, "geometry": { "type": "MultiPolygon", "coordinates": [ [ [ [ 30.0720295, 70.7071732 ], [ 30.0719855, 70.7070812 ], [ 30.0719406, 70.7070696 ], [ 30.0717888, 70.7070668 ], [ 30.0717576, 70.7070748 ], [ 30.0717324, 70.707111 ], [ 30.0717745, 70.7071926 ], [ 30.0718727, 70.707271 ], [ 30.0719926, 70.7073124 ], [ 30.0721299, 70.7073035 ], [ 30.0720295, 70.7071732 ] ] ] ] } },
{ "type": "Feature", "properties": { "FID": 395639, "id": 1516, "left": 30.0, "top": 75.0, "right": 35.0, "bottom": 70.0, "row_index": 3, "col_index": 42, "min_lon": 30.0, "min_lat": 70.0, "tile_id": "30_70" }, "geometry": { "type": "MultiPolygon", "coordinates": [ [ [ [ 30.5961605, 70.5040698 ], [ 30.5949975, 70.5038601 ], [ 30.5948788, 70.5038459 ], [ 30.5947818, 70.5038484 ], [ 30.5947867, 70.5038737 ], [ 30.594816, 70.5038884 ], [ 30.5949567, 70.5039245 ], [ 30.5961635, 70.5041381 ], [ 30.5963109, 70.5041487 ], [ 30.5963082, 70.5041417 ], [ 30.5961605, 70.5040698 ] ] ] ] } },
{ "type": "Feature", "properties": { "FID": 395640, "id": 1516, "left": 30.0, "top": 75.0, "right": 35.0, "bottom": 70.0, "row_index": 3, "col_index": 42, "min_lon": 30.0, "min_lat": 70.0, "tile_id": "30_70" }, "geometry": { "type": "MultiPolygon", "coordinates": [ [ [ [ 30.4741447, 70.5477725 ], [ 30.4742945, 70.5477725 ], [ 30.4744675, 70.547755 ], [ 30.4744606, 70.5476176 ], [ 30.4743207, 70.5475312 ], [ 30.4739694, 70.5475275 ], [ 30.4739405, 70.5475408 ], [ 30.4739409, 70.5476261 ], [ 30.4741194, 70.5476137 ], [ 30.4740796, 70.5477509 ], [ 30.4741447, 70.5477725 ] ] ] ] } },
{ "type": "Feature", "properties": { "FID": 395641, "id": 1516, "left": 30.0, "top": 75.0, "right": 35.0, "bottom": 70.0, "row_index": 3, "col_index": 42, "min_lon": 30.0, "min_lat": 70.0, "tile_id": "30_70" }, "geometry": { "type": "MultiPolygon", "coordinates": [ [ [ [ 30.6151063, 70.5513156 ], [ 30.6148378, 70.551277 ], [ 30.6148496, 70.5513035 ], [ 30.6152001, 70.5514106 ], [ 30.6158335, 70.5515517 ], [ 30.6158985, 70.5515539 ], [ 30.6160295, 70.5515384 ], [ 30.6160192, 70.5515131 ], [ 30.6159737, 70.5514965 ], [ 30.6158984, 70.5514904 ], [ 30.6151063, 70.5513156 ] ] ] ] } },
{ "type": "Feature", "properties": { "FID": 395642, "id": 1516, "left": 30.0, "top": 75.0, "right": 35.0, "bottom": 70.0, "row_index": 3, "col_index": 42, "min_lon": 30.0, "min_lat": 70.0, "tile_id": "30_70" }, "geometry": { "type": "MultiPolygon", "coordinates": [ [ [ [ 30.3948434, 70.5524398 ], [ 30.3948777, 70.5524483 ], [ 30.3956854, 70.552413 ], [ 30.395734, 70.5523566 ], [ 30.3957301, 70.5523339 ], [ 30.3956933, 70.5523147 ], [ 30.3955917, 70.5523022 ], [ 30.3950205, 70.5522936 ], [ 30.3947746, 70.5523164 ], [ 30.3947206, 70.5523316 ], [ 30.3948434, 70.5524398 ] ] ] ] } },
{ "type": "Feature", "properties": { "FID": 395643, "id": 1516, "left": 30.0, "top": 75.0, "right": 35.0, "bottom": 70.0, "row_index": 3, "col_index": 42, "min_lon": 30.0, "min_lat": 70.0, "tile_id": "30_70" }, "geometry": { "type": "MultiPolygon", "coordinates": [ [ [ [ 30.2904874, 70.6239038 ], [ 30.2903734, 70.623953 ], [ 30.2903589, 70.6239691 ], [ 30.2904547, 70.6240963 ], [ 30.2906441, 70.6241141 ], [ 30.290907, 70.6241089 ], [ 30.2909355, 70.6241044 ], [ 30.2909476, 70.6240799 ], [ 30.2909011, 70.6240083 ], [ 30.2906677, 70.6238616 ], [ 30.2904874, 70.6239038 ] ] ] ] } },
{ "type": "Feature", "properties": { "FID": 395644, "id": 1516, "left": 30.0, "top": 75.0, "right": 35.0, "bottom": 70.0, "row_index": 3, "col_index": 42, "min_lon": 30.0, "min_lat": 70.0, "tile_id": "30_70" }, "geometry": { "type": "MultiPolygon", "coordinates": [ [ [ [ 30.3236715, 70.6024435 ], [ 30.3236729, 70.6025242 ], [ 30.3236844, 70.6025394 ], [ 30.323801, 70.6025583 ], [ 30.3239156, 70.6025408 ], [ 30.3245166, 70.6023738 ], [ 30.3245566, 70.6023385 ], [ 30.3243293, 70.6023386 ], [ 30.3238404, 70.6023541 ], [ 30.3237551, 70.6023854 ], [ 30.3236715, 70.6024435 ] ] ] ] } },
{ "type": "Feature", "properties": { "FID": 395645, "id": 1516, "left": 30.0, "top": 75.0, "right": 35.0, "bottom": 70.0, "row_index": 3, "col_index": 42, "min_lon": 30.0, "min_lat": 70.0, "tile_id": "30_70" }, "geometry": { "type": "MultiPolygon", "coordinates": [ [ [ [ 30.3252091, 70.6014794 ], [ 30.325282, 70.6015888 ], [ 30.3254137, 70.601598 ], [ 30.3254674, 70.6015977 ], [ 30.325999, 70.6015011 ], [ 30.3260483, 70.6014828 ], [ 30.3260645, 70.601463 ], [ 30.3258442, 70.6013938 ], [ 30.3255365, 70.6013597 ], [ 30.3252302, 70.6014633 ], [ 30.3252091, 70.6014794 ] ] ] ] } },
{ "type": "Feature", "properties": { "FID": 395646, "id": 1516, "left": 30.0, "top": 75.0, "right": 35.0, "bottom": 70.0, "row_index": 3, "col_index": 42, "min_lon": 30.0, "min_lat": 70.0, "tile_id": "30_70" }, "geometry": { "type": "MultiPolygon", "coordinates": [ [ [ [ 30.3243977, 70.6048511 ], [ 30.3249951, 70.6049125 ], [ 30.3253585, 70.6049118 ], [ 30.3253522, 70.6049016 ], [ 30.3252783, 70.6048811 ], [ 30.3251807, 70.6048663 ], [ 30.3247265, 70.6048055 ], [ 30.3243817, 70.604768 ], [ 30.3242955, 70.6047771 ], [ 30.3242402, 70.6048239 ], [ 30.3243977, 70.6048511 ] ] ] ] } },
{ "type": "Feature", "properties": { "FID": 395647, "id": 1516, "left": 30.0, "top": 75.0, "right": 35.0, "bottom": 70.0, "row_index": 3, "col_index": 42, "min_lon": 30.0, "min_lat": 70.0, "tile_id": "30_70" }, "geometry": { "type": "MultiPolygon", "coordinates": [ [ [ [ 30.1681644, 70.6859899 ], [ 30.1680276, 70.6859885 ], [ 30.1679669, 70.6859968 ], [ 30.1679105, 70.6860215 ], [ 30.1679004, 70.6860488 ], [ 30.1682407, 70.6861606 ], [ 30.1682889, 70.6861679 ], [ 30.1684774, 70.686174 ], [ 30.1686106, 70.6861577 ], [ 30.1686326, 70.6861002 ], [ 30.1681644, 70.6859899 ] ] ] ] } },
{ "type": "Feature", "properties": { "FID": 395648, "id": 1516, "left": 30.0, "top": 75.0, "right": 35.0, "bottom": 70.0, "row_index": 3, "col_index": 42, "min_lon": 30.0, "min_lat": 70.0, "tile_id": "30_70" }, "geometry": { "type": "MultiPolygon", "coordinates": [ [ [ [ 30.2065278, 70.6444948 ], [ 30.2066689, 70.6444886 ], [ 30.207133, 70.6443283 ], [ 30.2070144, 70.6442177 ], [ 30.2069056, 70.6441446 ], [ 30.206637, 70.6441546 ], [ 30.206504, 70.6441736 ], [ 30.2062381, 70.6443622 ], [ 30.2062572, 70.6444002 ], [ 30.2064903, 70.6444791 ], [ 30.2065278, 70.6444948 ] ] ] ] } },
{ "type": "Feature", "properties": { "FID": 395649, "id": 1516, "left": 30.0, "top": 75.0, "right": 35.0, "bottom": 70.0, "row_index": 3, "col_index": 42, "min_lon": 30.0, "min_lat": 70.0, "tile_id": "30_70" }, "geometry": { "type": "MultiPolygon", "coordinates": [ [ [ [ 30.3320644, 70.6137147 ], [ 30.3319343, 70.6137367 ], [ 30.3321627, 70.6138149 ], [ 30.332248, 70.6138299 ], [ 30.3323003, 70.613833 ], [ 30.332554, 70.61382 ], [ 30.332616, 70.6137825 ], [ 30.3325794, 70.6137669 ], [ 30.3324125, 70.613706 ], [ 30.3322413, 70.6136983 ], [ 30.3320644, 70.6137147 ] ] ] ] } },
{ "type": "Feature", "properties": { "FID": 395650, "id": 1516, "left": 30.0, "top": 75.0, "right": 35.0, "bottom": 70.0, "row_index": 3, "col_index": 42, "min_lon": 30.0, "min_lat": 70.0, "tile_id": "30_70" }, "geometry": { "type": "MultiPolygon", "coordinates": [ [ [ [ 30.4250206, 70.5531238 ], [ 30.4249539, 70.5531236 ], [ 30.4248814, 70.5531333 ], [ 30.4248178, 70.553165 ], [ 30.4248163, 70.5531798 ], [ 30.4248945, 70.5532111 ], [ 30.4250652, 70.5532366 ], [ 30.4253221, 70.5532486 ], [ 30.4254456, 70.5532361 ], [ 30.4254895, 70.5531667 ], [ 30.4250206, 70.5531238 ] ] ] ] } },
{ "type": "Feature", "properties": { "FID": 395652, "id": 1516, "left": 30.0, "top": 75.0, "right": 35.0, "bottom": 70.0, "row_index": 3, "col_index": 42, "min_lon": 30.0, "min_lat": 70.0, "tile_id": "30_70" }, "geometry": { "type": "MultiPolygon", "coordinates": [ [ [ [ 30.2818129, 70.6287738 ], [ 30.2816854, 70.6287724 ], [ 30.281544, 70.6288105 ], [ 30.2815343, 70.6288313 ], [ 30.2816988, 70.6289 ], [ 30.281989, 70.6288979 ], [ 30.2821201, 70.6288753 ], [ 30.282142, 70.6288466 ], [ 30.2821409, 70.6288294 ], [ 30.2820081, 70.6288019 ], [ 30.2818129, 70.6287738 ] ] ] ] } },
{ "type": "Feature", "properties": { "FID": 395653, "id": 1516, "left": 30.0, "top": 75.0, "right": 35.0, "bottom": 70.0, "row_index": 3, "col_index": 42, "min_lon": 30.0, "min_lat": 70.0, "tile_id": "30_70" }, "geometry": { "type": "MultiPolygon", "coordinates": [ [ [ [ 30.0467007, 70.7085332 ], [ 30.0469436, 70.7085548 ], [ 30.0470928, 70.7085418 ], [ 30.0472436, 70.7084779 ], [ 30.0472387, 70.7084679 ], [ 30.0469703, 70.7083934 ], [ 30.0468061, 70.7083866 ], [ 30.0465312, 70.7084173 ], [ 30.0464535, 70.708481 ], [ 30.0464699, 70.7084856 ], [ 30.0467007, 70.7085332 ] ] ] ] } },
{ "type": "Feature", "properties": { "FID": 395654, "id": 1516, "left": 30.0, "top": 75.0, "right": 35.0, "bottom": 70.0, "row_index": 3, "col_index": 42, "min_lon": 30.0, "min_lat": 70.0, "tile_id": "30_70" }, "geometry": { "type": "MultiPolygon", "coordinates": [ [ [ [ 30.4348193, 70.5538049 ], [ 30.4348144, 70.5537844 ], [ 30.4344502, 70.5537278 ], [ 30.4343587, 70.5537319 ], [ 30.4340873, 70.5538345 ], [ 30.4340779, 70.5539264 ], [ 30.4341235, 70.5539425 ], [ 30.4341773, 70.553945 ], [ 30.434503, 70.5539064 ], [ 30.4345515, 70.5538936 ], [ 30.4348193, 70.5538049 ] ] ] ] } },
{ "type": "Feature", "properties": { "FID": 395655, "id": 1516, "left": 30.0, "top": 75.0, "right": 35.0, "bottom": 70.0, "row_index": 3, "col_index": 42, "min_lon": 30.0, "min_lat": 70.0, "tile_id": "30_70" }, "geometry": { "type": "MultiPolygon", "coordinates": [ [ [ [ 30.0349924, 70.7099288 ], [ 30.0347859, 70.7099412 ], [ 30.0347204, 70.7099546 ], [ 30.0347111, 70.7100421 ], [ 30.0347441, 70.7100899 ], [ 30.0348324, 70.710109 ], [ 30.0349472, 70.7101184 ], [ 30.0350603, 70.7101154 ], [ 30.0351461, 70.7100909 ], [ 30.0350397, 70.7099479 ], [ 30.0349924, 70.7099288 ] ] ] ] } },
{ "type": "Feature", "properties": { "FID": 395657, "id": 1516, "left": 30.0, "top": 75.0, "right": 35.0, "bottom": 70.0, "row_index": 3, "col_index": 42, "min_lon": 30.0, "min_lat": 70.0, "tile_id": "30_70" }, "geometry": { "type": "MultiPolygon", "coordinates": [ [ [ [ 30.4344454, 70.553505 ], [ 30.4344141, 70.5535128 ], [ 30.4344157, 70.5535359 ], [ 30.4350464, 70.5535439 ], [ 30.4352769, 70.5535394 ], [ 30.4352845, 70.5534994 ], [ 30.4352523, 70.5534864 ], [ 30.4350239, 70.5534667 ], [ 30.4347344, 70.5534609 ], [ 30.4346839, 70.55347 ], [ 30.4344454, 70.553505 ] ] ] ] } },
{ "type": "Feature", "properties": { "FID": 395658, "id": 1516, "left": 30.0, "top": 75.0, "right": 35.0, "bottom": 70.0, "row_index": 3, "col_index": 42, "min_lon": 30.0, "min_lat": 70.0, "tile_id": "30_70" }, "geometry": { "type": "MultiPolygon", "coordinates": [ [ [ [ 30.3078479, 70.5845678 ], [ 30.3078476, 70.5845827 ], [ 30.3079003, 70.5845902 ], [ 30.3084066, 70.5844969 ], [ 30.3085243, 70.5844638 ], [ 30.3085681, 70.5844416 ], [ 30.3085608, 70.5844072 ], [ 30.3080251, 70.5844751 ], [ 30.3079569, 70.5844877 ], [ 30.3079262, 70.5845025 ], [ 30.3078479, 70.5845678 ] ] ] ] } },
{ "type": "Feature", "properties": { "FID": 395659, "id": 1516, "left": 30.0, "top": 75.0, "right": 35.0, "bottom": 70.0, "row_index": 3, "col_index": 42, "min_lon": 30.0, "min_lat": 70.0, "tile_id": "30_70" }, "geometry": { "type": "MultiPolygon", "coordinates": [ [ [ [ 30.2050796, 70.675708 ], [ 30.2051051, 70.6757139 ], [ 30.2058355, 70.6757722 ], [ 30.2059083, 70.6757508 ], [ 30.2059098, 70.6757354 ], [ 30.2051186, 70.6755702 ], [ 30.2049802, 70.6755749 ], [ 30.2049502, 70.6755819 ], [ 30.2049469, 70.6755971 ], [ 30.2050303, 70.6756665 ], [ 30.2050796, 70.675708 ] ] ] ] } },
{ "type": "Feature", "properties": { "FID": 395661, "id": 1516, "left": 30.0, "top": 75.0, "right": 35.0, "bottom": 70.0, "row_index": 3, "col_index": 42, "min_lon": 30.0, "min_lat": 70.0, "tile_id": "30_70" }, "geometry": { "type": "MultiPolygon", "coordinates": [ [ [ [ 30.2964842, 70.5829007 ], [ 30.2964857, 70.5828866 ], [ 30.2964584, 70.5827713 ], [ 30.2963882, 70.5827716 ], [ 30.2963207, 70.5827771 ], [ 30.2962647, 70.5827936 ], [ 30.2960858, 70.5828675 ], [ 30.2960207, 70.5829649 ], [ 30.296209, 70.5829471 ], [ 30.296448, 70.5829124 ], [ 30.2964842, 70.5829007 ] ] ] ] } },
{ "type": "Feature", "properties": { "FID": 395662, "id": 1516, "left": 30.0, "top": 75.0, "right": 35.0, "bottom": 70.0, "row_index": 3, "col_index": 42, "min_lon": 30.0, "min_lat": 70.0, "tile_id": "30_70" }, "geometry": { "type": "MultiPolygon", "coordinates": [ [ [ [ 30.6810187, 70.4866596 ], [ 30.6811425, 70.4866439 ], [ 30.6811616, 70.4866346 ], [ 30.6811654, 70.4865793 ], [ 30.6811443, 70.4865271 ], [ 30.6811166, 70.486511 ], [ 30.6810042, 70.4864981 ], [ 30.6806158, 70.4865165 ], [ 30.6806201, 70.4865509 ], [ 30.6808991, 70.4866416 ], [ 30.6810187, 70.4866596 ] ] ] ] } },
{ "type": "Feature", "properties": { "FID": 395663, "id": 1516, "left": 30.0, "top": 75.0, "right": 35.0, "bottom": 70.0, "row_index": 3, "col_index": 42, "min_lon": 30.0, "min_lat": 70.0, "tile_id": "30_70" }, "geometry": { "type": "MultiPolygon", "coordinates": [ [ [ [ 30.1354532, 70.6923393 ], [ 30.1355965, 70.6922943 ], [ 30.1355228, 70.6922482 ], [ 30.1354017, 70.6922545 ], [ 30.1343284, 70.6923779 ], [ 30.1342698, 70.6923902 ], [ 30.1343681, 70.6924634 ], [ 30.1344022, 70.6924654 ], [ 30.1350833, 70.6924179 ], [ 30.1353004, 70.6923648 ], [ 30.1354532, 70.6923393 ] ] ] ] } },
{ "type": "Feature", "properties": { "FID": 395664, "id": 1516, "left": 30.0, "top": 75.0, "right": 35.0, "bottom": 70.0, "row_index": 3, "col_index": 42, "min_lon": 30.0, "min_lat": 70.0, "tile_id": "30_70" }, "geometry": { "type": "MultiPolygon", "coordinates": [ [ [ [ 30.719369, 70.4745183 ], [ 30.719211, 70.4744768 ], [ 30.7190071, 70.4744687 ], [ 30.7188821, 70.4744738 ], [ 30.7188095, 70.4744916 ], [ 30.7188079, 70.474576 ], [ 30.7190252, 70.4746107 ], [ 30.719364, 70.4746116 ], [ 30.71943, 70.474591 ], [ 30.7194383, 70.4745638 ], [ 30.719369, 70.4745183 ] ] ] ] } },
{ "type": "Feature", "properties": { "FID": 395665, "id": 1516, "left": 30.0, "top": 75.0, "right": 35.0, "bottom": 70.0, "row_index": 3, "col_index": 42, "min_lon": 30.0, "min_lat": 70.0, "tile_id": "30_70" }, "geometry": { "type": "MultiPolygon", "coordinates": [ [ [ [ 30.6118525, 70.5357735 ], [ 30.6118312, 70.5357823 ], [ 30.6118335, 70.5358321 ], [ 30.6118627, 70.5358473 ], [ 30.6119117, 70.5358526 ], [ 30.6125594, 70.5357968 ], [ 30.6125537, 70.5357829 ], [ 30.6124428, 70.5357312 ], [ 30.6123684, 70.5357117 ], [ 30.6121549, 70.5357306 ], [ 30.6120451, 70.5357571 ], [ 30.6118525, 70.5357735 ] ] ] ] } },
{ "type": "Feature", "properties": { "FID": 395666, "id": 1516, "left": 30.0, "top": 75.0, "right": 35.0, "bottom": 70.0, "row_index": 3, "col_index": 42, "min_lon": 30.0, "min_lat": 70.0, "tile_id": "30_70" }, "geometry": { "type": "MultiPolygon", "coordinates": [ [ [ [ 30.040229, 70.708636 ], [ 30.0401796, 70.7086915 ], [ 30.0401838, 70.7087235 ], [ 30.0408747, 70.7087934 ], [ 30.0409576, 70.708794 ], [ 30.0409553, 70.7087582 ], [ 30.0409238, 70.7087331 ], [ 30.0408077, 70.7086804 ], [ 30.0403095, 70.7086032 ], [ 30.0402705, 70.7086043 ], [ 30.0402402, 70.7086393 ], [ 30.040229, 70.708636 ] ] ] ] } },
{ "type": "Feature", "properties": { "FID": 395667, "id": 1516, "left": 30.0, "top": 75.0, "right": 35.0, "bottom": 70.0, "row_index": 3, "col_index": 42, "min_lon": 30.0, "min_lat": 70.0, "tile_id": "30_70" }, "geometry": { "type": "MultiPolygon", "coordinates": [ [ [ [ 30.0311088, 70.708954 ], [ 30.0309747, 70.7088646 ], [ 30.0308464, 70.7088201 ], [ 30.030715, 70.7088229 ], [ 30.0306783, 70.7088332 ], [ 30.0306531, 70.7088876 ], [ 30.0306689, 70.7089315 ], [ 30.030752, 70.7089712 ], [ 30.0311119, 70.7091018 ], [ 30.0312128, 70.7091028 ], [ 30.0311802, 70.7090363 ], [ 30.0311088, 70.708954 ] ] ] ] } },
{ "type": "Feature", "properties": { "FID": 395668, "id": 1516, "left": 30.0, "top": 75.0, "right": 35.0, "bottom": 70.0, "row_index": 3, "col_index": 42, "min_lon": 30.0, "min_lat": 70.0, "tile_id": "30_70" }, "geometry": { "type": "MultiPolygon", "coordinates": [ [ [ [ 30.2024311, 70.6450426 ], [ 30.2020477, 70.6449455 ], [ 30.2019701, 70.6449537 ], [ 30.2018845, 70.6449793 ], [ 30.2016843, 70.6450808 ], [ 30.2016821, 70.6451502 ], [ 30.2017807, 70.6452296 ], [ 30.2025198, 70.6452418 ], [ 30.2025519, 70.6452302 ], [ 30.2025777, 70.6451998 ], [ 30.2025452, 70.6451513 ], [ 30.2024311, 70.6450426 ] ] ] ] } },
{ "type": "Feature", "properties": { "FID": 395669, "id": 1516, "left": 30.0, "top": 75.0, "right": 35.0, "bottom": 70.0, "row_index": 3, "col_index": 42, "min_lon": 30.0, "min_lat": 70.0, "tile_id": "30_70" }, "geometry": { "type": "MultiPolygon", "coordinates": [ [ [ [ 30.6006604, 70.5511987 ], [ 30.6008188, 70.5512793 ], [ 30.6008743, 70.551294 ], [ 30.6014045, 70.5513793 ], [ 30.6015277, 70.5513742 ], [ 30.6016095, 70.551361 ], [ 30.6016281, 70.551349 ], [ 30.6015293, 70.5513134 ], [ 30.6010776, 70.5511743 ], [ 30.6006728, 70.5510629 ], [ 30.6006419, 70.551062 ], [ 30.6006604, 70.5511987 ] ] ] ] } },
{ "type": "Feature", "properties": { "FID": 395670, "id": 1516, "left": 30.0, "top": 75.0, "right": 35.0, "bottom": 70.0, "row_index": 3, "col_index": 42, "min_lon": 30.0, "min_lat": 70.0, "tile_id": "30_70" }, "geometry": { "type": "MultiPolygon", "coordinates": [ [ [ [ 30.1807554, 70.6479671 ], [ 30.1807334, 70.6479371 ], [ 30.1806876, 70.6479146 ], [ 30.1804401, 70.6479321 ], [ 30.180222, 70.6479994 ], [ 30.1801912, 70.6480164 ], [ 30.1802043, 70.6480607 ], [ 30.1805003, 70.6481913 ], [ 30.1805625, 70.6481858 ], [ 30.1807264, 70.6481171 ], [ 30.1807654, 70.6480632 ], [ 30.1807554, 70.6479671 ] ] ] ] } },
{ "type": "Feature", "properties": { "FID": 395671, "id": 1516, "left": 30.0, "top": 75.0, "right": 35.0, "bottom": 70.0, "row_index": 3, "col_index": 42, "min_lon": 30.0, "min_lat": 70.0, "tile_id": "30_70" }, "geometry": { "type": "MultiPolygon", "coordinates": [ [ [ [ 30.2881937, 70.5804685 ], [ 30.2882435, 70.5804468 ], [ 30.2885132, 70.5802855 ], [ 30.288253, 70.5802913 ], [ 30.288037, 70.5803102 ], [ 30.2879356, 70.5803332 ], [ 30.2877507, 70.5804066 ], [ 30.287733, 70.5804463 ], [ 30.2877579, 70.5804835 ], [ 30.2878404, 70.5804919 ], [ 30.2880533, 70.5804933 ], [ 30.2881937, 70.5804685 ] ] ] ] } },
{ "type": "Feature", "properties": { "FID": 395672, "id": 1516, "left": 30.0, "top": 75.0, "right": 35.0, "bottom": 70.0, "row_index": 3, "col_index": 42, "min_lon": 30.0, "min_lat": 70.0, "tile_id": "30_70" }, "geometry": { "type": "MultiPolygon", "coordinates": [ [ [ [ 30.5322182, 70.5419628 ], [ 30.532111, 70.5419853 ], [ 30.5320402, 70.5420407 ], [ 30.5320419, 70.5421031 ], [ 30.5323879, 70.5421194 ], [ 30.5329154, 70.5420201 ], [ 30.5334987, 70.5419809 ], [ 30.5335678, 70.5419693 ], [ 30.5336107, 70.5419312 ], [ 30.5330497, 70.5419323 ], [ 30.5323559, 70.5419745 ], [ 30.5322182, 70.5419628 ] ] ] ] } },
{ "type": "Feature", "properties": { "FID": 395673, "id": 1516, "left": 30.0, "top": 75.0, "right": 35.0, "bottom": 70.0, "row_index": 3, "col_index": 42, "min_lon": 30.0, "min_lat": 70.0, "tile_id": "30_70" }, "geometry": { "type": "MultiPolygon", "coordinates": [ [ [ [ 30.6730329, 70.4895713 ], [ 30.6730324, 70.4895426 ], [ 30.6729718, 70.4893528 ], [ 30.6725251, 70.4889968 ], [ 30.6724222, 70.4889621 ], [ 30.6722426, 70.4889629 ], [ 30.6721204, 70.4889733 ], [ 30.6720839, 70.4890121 ], [ 30.6725502, 70.489389 ], [ 30.6726641, 70.4894582 ], [ 30.6729953, 70.4895768 ], [ 30.6730329, 70.4895713 ] ] ] ] } },
{ "type": "Feature", "properties": { "FID": 395674, "id": 1516, "left": 30.0, "top": 75.0, "right": 35.0, "bottom": 70.0, "row_index": 3, "col_index": 42, "min_lon": 30.0, "min_lat": 70.0, "tile_id": "30_70" }, "geometry": { "type": "MultiPolygon", "coordinates": [ [ [ [ 30.6985669, 70.4756177 ], [ 30.6985494, 70.4756518 ], [ 30.6986074, 70.4756846 ], [ 30.6987677, 70.4756896 ], [ 30.6991862, 70.4756507 ], [ 30.6992049, 70.4756432 ], [ 30.6992098, 70.4756232 ], [ 30.699092, 70.4755446 ], [ 30.6988813, 70.475514 ], [ 30.6987561, 70.475523 ], [ 30.69866, 70.4755759 ], [ 30.6985669, 70.4756177 ] ] ] ] } },
{ "type": "Feature", "properties": { "FID": 395675, "id": 1516, "left": 30.0, "top": 75.0, "right": 35.0, "bottom": 70.0, "row_index": 3, "col_index": 42, "min_lon": 30.0, "min_lat": 70.0, "tile_id": "30_70" }, "geometry": { "type": "MultiPolygon", "coordinates": [ [ [ [ 30.3201489, 70.6176371 ], [ 30.319933, 70.61765 ], [ 30.3197572, 70.617595 ], [ 30.3196144, 70.6175978 ], [ 30.3195244, 70.6176624 ], [ 30.3195315, 70.6176755 ], [ 30.3199955, 70.6177175 ], [ 30.3203613, 70.6177149 ], [ 30.3204023, 70.6176911 ], [ 30.3203919, 70.6176222 ], [ 30.3202796, 70.6176017 ], [ 30.3201489, 70.6176371 ] ] ] ] } },
{ "type": "Feature", "properties": { "FID": 395676, "id": 1516, "left": 30.0, "top": 75.0, "right": 35.0, "bottom": 70.0, "row_index": 3, "col_index": 42, "min_lon": 30.0, "min_lat": 70.0, "tile_id": "30_70" }, "geometry": { "type": "MultiPolygon", "coordinates": [ [ [ [ 30.3337555, 70.6115336 ], [ 30.3338182, 70.6115539 ], [ 30.3340489, 70.6115919 ], [ 30.3341959, 70.6115927 ], [ 30.3342975, 70.6115738 ], [ 30.3343457, 70.611538 ], [ 30.3343361, 70.6114407 ], [ 30.3343095, 70.6114366 ], [ 30.3339381, 70.6114524 ], [ 30.3338918, 70.6114575 ], [ 30.3338419, 70.6114766 ], [ 30.3337555, 70.6115336 ] ] ] ] } },
{ "type": "Feature", "properties": { "FID": 395678, "id": 1516, "left": 30.0, "top": 75.0, "right": 35.0, "bottom": 70.0, "row_index": 3, "col_index": 42, "min_lon": 30.0, "min_lat": 70.0, "tile_id": "30_70" }, "geometry": { "type": "MultiPolygon", "coordinates": [ [ [ [ 30.6262697, 70.4987231 ], [ 30.6262136, 70.4987123 ], [ 30.6260004, 70.4986862 ], [ 30.6258769, 70.4986842 ], [ 30.6259663, 70.4987751 ], [ 30.6259979, 70.4987818 ], [ 30.6264906, 70.4987987 ], [ 30.6266105, 70.4987976 ], [ 30.6267022, 70.4987815 ], [ 30.6267019, 70.4987701 ], [ 30.6262543, 70.4987253 ], [ 30.6262697, 70.4987231 ] ] ] ] } },
{ "type": "Feature", "properties": { "FID": 395679, "id": 1516, "left": 30.0, "top": 75.0, "right": 35.0, "bottom": 70.0, "row_index": 3, "col_index": 42, "min_lon": 30.0, "min_lat": 70.0, "tile_id": "30_70" }, "geometry": { "type": "MultiPolygon", "coordinates": [ [ [ [ 30.3594809, 70.5491969 ], [ 30.3595543, 70.5492247 ], [ 30.3596189, 70.549233 ], [ 30.3598341, 70.5492339 ], [ 30.359969, 70.5491594 ], [ 30.3600057, 70.5490685 ], [ 30.3598861, 70.5490625 ], [ 30.3597533, 70.5490697 ], [ 30.3594988, 70.5491028 ], [ 30.3594834, 70.5491082 ], [ 30.3594815, 70.5491727 ], [ 30.3594809, 70.5491969 ] ] ] ] } },
{ "type": "Feature", "properties": { "FID": 395680, "id": 1516, "left": 30.0, "top": 75.0, "right": 35.0, "bottom": 70.0, "row_index": 3, "col_index": 42, "min_lon": 30.0, "min_lat": 70.0, "tile_id": "30_70" }, "geometry": { "type": "MultiPolygon", "coordinates": [ [ [ [ 30.4835023, 70.5457411 ], [ 30.4836714, 70.545742 ], [ 30.4838111, 70.5457351 ], [ 30.4838514, 70.545727 ], [ 30.4839, 70.5456961 ], [ 30.4839098, 70.5456426 ], [ 30.4838791, 70.5456084 ], [ 30.48374, 70.5455984 ], [ 30.4834701, 70.5455978 ], [ 30.4834402, 70.5456028 ], [ 30.4834318, 70.5456231 ], [ 30.4835023, 70.5457411 ] ] ] ] } },
{ "type": "Feature", "properties": { "FID": 395682, "id": 1516, "left": 30.0, "top": 75.0, "right": 35.0, "bottom": 70.0, "row_index": 3, "col_index": 42, "min_lon": 30.0, "min_lat": 70.0, "tile_id": "30_70" }, "geometry": { "type": "MultiPolygon", "coordinates": [ [ [ [ 30.2890155, 70.5798822 ], [ 30.2891339, 70.5798297 ], [ 30.2891471, 70.5798166 ], [ 30.2891326, 70.5797933 ], [ 30.2890544, 70.5797721 ], [ 30.2889516, 70.5797758 ], [ 30.288111, 70.5798694 ], [ 30.2882202, 70.5798933 ], [ 30.2883241, 70.5799005 ], [ 30.28843, 70.5799022 ], [ 30.2885881, 70.5798933 ], [ 30.2890155, 70.5798822 ] ] ] ] } },
{ "type": "Feature", "properties": { "FID": 395684, "id": 1516, "left": 30.0, "top": 75.0, "right": 35.0, "bottom": 70.0, "row_index": 3, "col_index": 42, "min_lon": 30.0, "min_lat": 70.0, "tile_id": "30_70" }, "geometry": { "type": "MultiPolygon", "coordinates": [ [ [ [ 30.1706676, 70.6858277 ], [ 30.170492, 70.6858132 ], [ 30.1704331, 70.6858163 ], [ 30.1699261, 70.6859907 ], [ 30.1699228, 70.6860271 ], [ 30.1700436, 70.6860407 ], [ 30.1702805, 70.686034 ], [ 30.1704701, 70.6860093 ], [ 30.170539, 70.6859965 ], [ 30.1707018, 70.685921 ], [ 30.1707101, 70.6859033 ], [ 30.1706676, 70.6858277 ] ] ] ] } },
{ "type": "Feature", "properties": { "FID": 395685, "id": 1516, "left": 30.0, "top": 75.0, "right": 35.0, "bottom": 70.0, "row_index": 3, "col_index": 42, "min_lon": 30.0, "min_lat": 70.0, "tile_id": "30_70" }, "geometry": { "type": "MultiPolygon", "coordinates": [ [ [ [ 30.4259905, 70.5527109 ], [ 30.4255827, 70.552779 ], [ 30.4253578, 70.5528939 ], [ 30.4254038, 70.5529222 ], [ 30.4255761, 70.5529564 ], [ 30.4257795, 70.5529731 ], [ 30.4259307, 70.5529667 ], [ 30.4262851, 70.5527548 ], [ 30.426281, 70.5527431 ], [ 30.4262274, 70.5527216 ], [ 30.4260416, 70.5527086 ], [ 30.4259905, 70.5527109 ] ] ] ] } },
{ "type": "Feature", "properties": { "FID": 395686, "id": 1516, "left": 30.0, "top": 75.0, "right": 35.0, "bottom": 70.0, "row_index": 3, "col_index": 42, "min_lon": 30.0, "min_lat": 70.0, "tile_id": "30_70" }, "geometry": { "type": "MultiPolygon", "coordinates": [ [ [ [ 30.6341594, 70.5408704 ], [ 30.6341974, 70.5408781 ], [ 30.6342727, 70.5408735 ], [ 30.6344321, 70.5407209 ], [ 30.6344269, 70.5406906 ], [ 30.6340599, 70.5405374 ], [ 30.6340168, 70.5405327 ], [ 30.6339199, 70.540539 ], [ 30.6338847, 70.540562 ], [ 30.6338757, 70.5406078 ], [ 30.6340007, 70.5408045 ], [ 30.6341594, 70.5408704 ] ] ] ] } },
{ "type": "Feature", "properties": { "FID": 395687, "id": 1516, "left": 30.0, "top": 75.0, "right": 35.0, "bottom": 70.0, "row_index": 3, "col_index": 42, "min_lon": 30.0, "min_lat": 70.0, "tile_id": "30_70" }, "geometry": { "type": "MultiPolygon", "coordinates": [ [ [ [ 30.7186662, 70.473811 ], [ 30.7185344, 70.4737957 ], [ 30.7184768, 70.4737994 ], [ 30.7183185, 70.4738299 ], [ 30.7182796, 70.4738485 ], [ 30.7182823, 70.4739108 ], [ 30.718307, 70.4739308 ], [ 30.7184406, 70.4739449 ], [ 30.7185911, 70.4739435 ], [ 30.7187131, 70.4738671 ], [ 30.718711, 70.4738446 ], [ 30.7186662, 70.473811 ] ] ] ] } },
{ "type": "Feature", "properties": { "FID": 395688, "id": 1516, "left": 30.0, "top": 75.0, "right": 35.0, "bottom": 70.0, "row_index": 3, "col_index": 42, "min_lon": 30.0, "min_lat": 70.0, "tile_id": "30_70" }, "geometry": { "type": "MultiPolygon", "coordinates": [ [ [ [ 30.606146, 70.5510239 ], [ 30.6060926, 70.5509893 ], [ 30.6060405, 70.5509773 ], [ 30.6059401, 70.5509706 ], [ 30.6058794, 70.5509787 ], [ 30.6057251, 70.551032 ], [ 30.6057218, 70.551084 ], [ 30.6057648, 70.5511321 ], [ 30.6058138, 70.551147 ], [ 30.6059339, 70.5511535 ], [ 30.6061314, 70.5510576 ], [ 30.606146, 70.5510239 ] ] ] ] } },
{ "type": "Feature", "properties": { "FID": 395689, "id": 1516, "left": 30.0, "top": 75.0, "right": 35.0, "bottom": 70.0, "row_index": 3, "col_index": 42, "min_lon": 30.0, "min_lat": 70.0, "tile_id": "30_70" }, "geometry": { "type": "MultiPolygon", "coordinates": [ [ [ [ 30.3963011, 70.5523256 ], [ 30.3965129, 70.5523294 ], [ 30.3966342, 70.5523219 ], [ 30.3966853, 70.5523058 ], [ 30.3966998, 70.5522911 ], [ 30.396669, 70.5522675 ], [ 30.3965853, 70.5522436 ], [ 30.3962669, 70.5521883 ], [ 30.3958153, 70.5522047 ], [ 30.3958132, 70.5522244 ], [ 30.3959373, 70.5522663 ], [ 30.3963011, 70.5523256 ] ] ] ] } },
{ "type": "Feature", "properties": { "FID": 395690, "id": 1516, "left": 30.0, "top": 75.0, "right": 35.0, "bottom": 70.0, "row_index": 3, "col_index": 42, "min_lon": 30.0, "min_lat": 70.0, "tile_id": "30_70" }, "geometry": { "type": "MultiPolygon", "coordinates": [ [ [ [ 30.6341322, 70.498759 ], [ 30.6342065, 70.4987537 ], [ 30.6342308, 70.4987379 ], [ 30.6342316, 70.4987165 ], [ 30.6341684, 70.4986368 ], [ 30.6339205, 70.4985924 ], [ 30.6335596, 70.4985496 ], [ 30.6333682, 70.4985382 ], [ 30.6333671, 70.4985638 ], [ 30.6337275, 70.4987282 ], [ 30.634009, 70.4987462 ], [ 30.6341322, 70.498759 ] ] ] ] } },
{ "type": "Feature", "properties": { "FID": 395692, "id": 1516, "left": 30.0, "top": 75.0, "right": 35.0, "bottom": 70.0, "row_index": 3, "col_index": 42, "min_lon": 30.0, "min_lat": 70.0, "tile_id": "30_70" }, "geometry": { "type": "MultiPolygon", "coordinates": [ [ [ [ 30.6450973, 70.495041 ], [ 30.6452813, 70.4950304 ], [ 30.645322, 70.4949937 ], [ 30.6452916, 70.4949829 ], [ 30.6450293, 70.4949652 ], [ 30.6442951, 70.4949559 ], [ 30.6441663, 70.4949626 ], [ 30.6441197, 70.4949781 ], [ 30.6441363, 70.4949981 ], [ 30.6441958, 70.4950063 ], [ 30.6449691, 70.4950268 ], [ 30.6450428, 70.495035 ], [ 30.6450973, 70.495041 ] ] ] ] } },
{ "type": "Feature", "properties": { "FID": 395693, "id": 1516, "left": 30.0, "top": 75.0, "right": 35.0, "bottom": 70.0, "row_index": 3, "col_index": 42, "min_lon": 30.0, "min_lat": 70.0, "tile_id": "30_70" }, "geometry": { "type": "MultiPolygon", "coordinates": [ [ [ [ 30.2127213, 70.675641 ], [ 30.2127525, 70.6756469 ], [ 30.2130339, 70.6756388 ], [ 30.2130828, 70.6755266 ], [ 30.2130387, 70.675356 ], [ 30.2126246, 70.6752407 ], [ 30.2122467, 70.6752493 ], [ 30.2121087, 70.6752613 ], [ 30.2120867, 70.6753019 ], [ 30.212095, 70.6753371 ], [ 30.2124154, 70.6755068 ], [ 30.2126058, 70.6755707 ], [ 30.2127213, 70.675641 ] ] ] ] } },
{ "type": "Feature", "properties": { "FID": 395694, "id": 1516, "left": 30.0, "top": 75.0, "right": 35.0, "bottom": 70.0, "row_index": 3, "col_index": 42, "min_lon": 30.0, "min_lat": 70.0, "tile_id": "30_70" }, "geometry": { "type": "MultiPolygon", "coordinates": [ [ [ [ 30.3579229, 70.549238 ], [ 30.3585637, 70.5492097 ], [ 30.3586828, 70.5491827 ], [ 30.3587119, 70.5491688 ], [ 30.3587106, 70.5490916 ], [ 30.3586924, 70.5490857 ], [ 30.3585748, 70.5490886 ], [ 30.3583662, 70.5491016 ], [ 30.3578688, 70.5491613 ], [ 30.3577976, 70.5491836 ], [ 30.3577913, 70.5491955 ], [ 30.3578233, 70.5492236 ], [ 30.3579229, 70.549238 ] ] ] ] } },
{ "type": "Feature", "properties": { "FID": 395696, "id": 1516, "left": 30.0, "top": 75.0, "right": 35.0, "bottom": 70.0, "row_index": 3, "col_index": 42, "min_lon": 30.0, "min_lat": 70.0, "tile_id": "30_70" }, "geometry": { "type": "MultiPolygon", "coordinates": [ [ [ [ 30.3244651, 70.6019649 ], [ 30.3245283, 70.6019652 ], [ 30.3251783, 70.6018138 ], [ 30.3252684, 70.6016453 ], [ 30.3252728, 70.6016266 ], [ 30.3252469, 70.6016141 ], [ 30.3251748, 70.6016027 ], [ 30.3249561, 70.6015963 ], [ 30.3248545, 70.601598 ], [ 30.3248275, 70.6016043 ], [ 30.3245401, 70.6017455 ], [ 30.3242926, 70.6019183 ], [ 30.3244651, 70.6019649 ] ] ] ] } },
{ "type": "Feature", "properties": { "FID": 395697, "id": 1516, "left": 30.0, "top": 75.0, "right": 35.0, "bottom": 70.0, "row_index": 3, "col_index": 42, "min_lon": 30.0, "min_lat": 70.0, "tile_id": "30_70" }, "geometry": { "type": "MultiPolygon", "coordinates": [ [ [ [ 30.7238103, 70.4733905 ], [ 30.7240386, 70.4733635 ], [ 30.7242342, 70.4733204 ], [ 30.7242403, 70.4733124 ], [ 30.7241863, 70.4732663 ], [ 30.7240965, 70.4732471 ], [ 30.7238398, 70.4732441 ], [ 30.7237004, 70.4732532 ], [ 30.7236075, 70.4732688 ], [ 30.7234285, 70.4733196 ], [ 30.723431, 70.4733401 ], [ 30.7234561, 70.4733492 ], [ 30.7238103, 70.4733905 ] ] ] ] } },
{ "type": "Feature", "properties": { "FID": 395699, "id": 1516, "left": 30.0, "top": 75.0, "right": 35.0, "bottom": 70.0, "row_index": 3, "col_index": 42, "min_lon": 30.0, "min_lat": 70.0, "tile_id": "30_70" }, "geometry": { "type": "MultiPolygon", "coordinates": [ [ [ [ 30.633737, 70.5405462 ], [ 30.6337321, 70.5404987 ], [ 30.6336743, 70.5404796 ], [ 30.633417, 70.5404196 ], [ 30.6329815, 70.5404279 ], [ 30.6329706, 70.5404765 ], [ 30.6331259, 70.5406629 ], [ 30.6331858, 70.5407031 ], [ 30.6334451, 70.5407035 ], [ 30.6337199, 70.5406496 ], [ 30.6337233, 70.5406151 ], [ 30.6335955, 70.5405897 ], [ 30.633737, 70.5405462 ] ] ] ] } },
{ "type": "Feature", "properties": { "FID": 395700, "id": 1516, "left": 30.0, "top": 75.0, "right": 35.0, "bottom": 70.0, "row_index": 3, "col_index": 42, "min_lon": 30.0, "min_lat": 70.0, "tile_id": "30_70" }, "geometry": { "type": "MultiPolygon", "coordinates": [ [ [ [ 30.7360708, 70.4686549 ], [ 30.7361221, 70.4686871 ], [ 30.7368064, 70.4688326 ], [ 30.7370225, 70.468838 ], [ 30.7371184, 70.4688177 ], [ 30.7371361, 70.4687682 ], [ 30.7369921, 70.4686916 ], [ 30.7366952, 70.4686129 ], [ 30.7366175, 70.4685974 ], [ 30.7364094, 70.4685805 ], [ 30.7363383, 70.4685796 ], [ 30.7360913, 70.4685997 ], [ 30.7360708, 70.4686549 ] ] ] ] } },
{ "type": "Feature", "properties": { "FID": 395701, "id": 1516, "left": 30.0, "top": 75.0, "right": 35.0, "bottom": 70.0, "row_index": 3, "col_index": 42, "min_lon": 30.0, "min_lat": 70.0, "tile_id": "30_70" }, "geometry": { "type": "MultiPolygon", "coordinates": [ [ [ [ 30.1879746, 70.5212004 ], [ 30.1878357, 70.5210218 ], [ 30.1877984, 70.521001 ], [ 30.1877183, 70.5209866 ], [ 30.1876853, 70.5209897 ], [ 30.1876322, 70.5210102 ], [ 30.1876276, 70.521024 ], [ 30.1876624, 70.5211168 ], [ 30.1877194, 70.5211832 ], [ 30.1877873, 70.5212354 ], [ 30.1878959, 70.5212416 ], [ 30.1879484, 70.5212366 ], [ 30.1879746, 70.5212004 ] ] ] ] } },
{ "type": "Feature", "properties": { "FID": 395702, "id": 1516, "left": 30.0, "top": 75.0, "right": 35.0, "bottom": 70.0, "row_index": 3, "col_index": 42, "min_lon": 30.0, "min_lat": 70.0, "tile_id": "30_70" }, "geometry": { "type": "MultiPolygon", "coordinates": [ [ [ [ 30.6264183, 70.5484957 ], [ 30.6268379, 70.5485381 ], [ 30.6271591, 70.5485143 ], [ 30.6270631, 70.5483632 ], [ 30.6268898, 70.5482976 ], [ 30.6263018, 70.5482504 ], [ 30.62618, 70.5482548 ], [ 30.6258525, 70.548342 ], [ 30.6258078, 70.5483637 ], [ 30.625806, 70.5483887 ], [ 30.6259283, 70.5484368 ], [ 30.6261392, 70.5484826 ], [ 30.6264183, 70.5484957 ] ] ] ] } },
{ "type": "Feature", "properties": { "FID": 395703, "id": 1516, "left": 30.0, "top": 75.0, "right": 35.0, "bottom": 70.0, "row_index": 3, "col_index": 42, "min_lon": 30.0, "min_lat": 70.0, "tile_id": "30_70" }, "geometry": { "type": "MultiPolygon", "coordinates": [ [ [ [ 30.681109, 70.4854837 ], [ 30.681214, 70.4854709 ], [ 30.6813209, 70.4853819 ], [ 30.6812844, 70.4853358 ], [ 30.6811491, 70.4852265 ], [ 30.6811299, 70.4852152 ], [ 30.6810501, 70.4852048 ], [ 30.6806911, 70.4852326 ], [ 30.6806703, 70.485241 ], [ 30.6806648, 70.4852682 ], [ 30.680883, 70.4854266 ], [ 30.6810776, 70.4854801 ], [ 30.681109, 70.4854837 ] ] ] ] } },
{ "type": "Feature", "properties": { "FID": 395704, "id": 1516, "left": 30.0, "top": 75.0, "right": 35.0, "bottom": 70.0, "row_index": 3, "col_index": 42, "min_lon": 30.0, "min_lat": 70.0, "tile_id": "30_70" }, "geometry": { "type": "MultiPolygon", "coordinates": [ [ [ [ 30.3512809, 70.5494668 ], [ 30.3519531, 70.5494757 ], [ 30.3520483, 70.549471 ], [ 30.352094, 70.5494557 ], [ 30.3521116, 70.5494286 ], [ 30.3521069, 70.549415 ], [ 30.3520136, 70.549405 ], [ 30.3511492, 70.5493675 ], [ 30.3508847, 70.5493638 ], [ 30.3509028, 70.5494053 ], [ 30.3510005, 70.5494441 ], [ 30.3511625, 70.5494466 ], [ 30.3512809, 70.5494668 ] ] ] ] } },
{ "type": "Feature", "properties": { "FID": 395705, "id": 1516, "left": 30.0, "top": 75.0, "right": 35.0, "bottom": 70.0, "row_index": 3, "col_index": 42, "min_lon": 30.0, "min_lat": 70.0, "tile_id": "30_70" }, "geometry": { "type": "MultiPolygon", "coordinates": [ [ [ [ 30.6182492, 70.5316215 ], [ 30.6183854, 70.5316204 ], [ 30.6184091, 70.5315712 ], [ 30.6184035, 70.5314782 ], [ 30.6181882, 70.5313445 ], [ 30.6181644, 70.5313376 ], [ 30.6180748, 70.5313384 ], [ 30.6179838, 70.5313518 ], [ 30.6179532, 70.531366 ], [ 30.6179501, 70.5313838 ], [ 30.6181772, 70.5314767 ], [ 30.6181585, 70.5315968 ], [ 30.6182492, 70.5316215 ] ] ] ] } },
{ "type": "Feature", "properties": { "FID": 395707, "id": 1516, "left": 30.0, "top": 75.0, "right": 35.0, "bottom": 70.0, "row_index": 3, "col_index": 42, "min_lon": 30.0, "min_lat": 70.0, "tile_id": "30_70" }, "geometry": { "type": "MultiPolygon", "coordinates": [ [ [ [ 30.6742276, 70.4888193 ], [ 30.6743191, 70.4888406 ], [ 30.6743134, 70.4888107 ], [ 30.6742619, 70.4887676 ], [ 30.6737481, 70.4884804 ], [ 30.6735938, 70.4884315 ], [ 30.6734669, 70.4884415 ], [ 30.6734564, 70.488467 ], [ 30.6735417, 70.4885507 ], [ 30.6736327, 70.4886003 ], [ 30.6739189, 70.4886971 ], [ 30.6740076, 70.4887085 ], [ 30.6742276, 70.4888193 ] ] ] ] } },
{ "type": "Feature", "properties": { "FID": 395708, "id": 1516, "left": 30.0, "top": 75.0, "right": 35.0, "bottom": 70.0, "row_index": 3, "col_index": 42, "min_lon": 30.0, "min_lat": 70.0, "tile_id": "30_70" }, "geometry": { "type": "MultiPolygon", "coordinates": [ [ [ [ 30.4276322, 70.5530217 ], [ 30.4280504, 70.5528989 ], [ 30.4283331, 70.5526786 ], [ 30.4283462, 70.5526467 ], [ 30.4283265, 70.5526417 ], [ 30.4282703, 70.5526386 ], [ 30.427975, 70.5526634 ], [ 30.4277923, 70.5526911 ], [ 30.4277356, 70.5527086 ], [ 30.4274611, 70.5529661 ], [ 30.4274559, 70.5529966 ], [ 30.427506, 70.5530239 ], [ 30.4276322, 70.5530217 ] ] ] ] } },
{ "type": "Feature", "properties": { "FID": 395711, "id": 1516, "left": 30.0, "top": 75.0, "right": 35.0, "bottom": 70.0, "row_index": 3, "col_index": 42, "min_lon": 30.0, "min_lat": 70.0, "tile_id": "30_70" }, "geometry": { "type": "MultiPolygon", "coordinates": [ [ [ [ 30.2832317, 70.6284227 ], [ 30.2831176, 70.6283888 ], [ 30.2830182, 70.6283858 ], [ 30.2828926, 70.6283957 ], [ 30.2827567, 70.628428 ], [ 30.2827247, 70.6284472 ], [ 30.2827415, 70.6285722 ], [ 30.2827828, 70.6285861 ], [ 30.283266, 70.6286608 ], [ 30.2834197, 70.628663 ], [ 30.28352, 70.628649 ], [ 30.2834681, 70.6285635 ], [ 30.2833969, 70.6285052 ], [ 30.2832317, 70.6284227 ] ] ] ] } },
{ "type": "Feature", "properties": { "FID": 395712, "id": 1516, "left": 30.0, "top": 75.0, "right": 35.0, "bottom": 70.0, "row_index": 3, "col_index": 42, "min_lon": 30.0, "min_lat": 70.0, "tile_id": "30_70" }, "geometry": { "type": "MultiPolygon", "coordinates": [ [ [ [ 30.7244108, 70.4725455 ], [ 30.7244121, 70.472568 ], [ 30.7244012, 70.4725821 ], [ 30.7241303, 70.4725899 ], [ 30.7241064, 70.4725962 ], [ 30.7241024, 70.4726246 ], [ 30.7242661, 70.4726802 ], [ 30.7243408, 70.4726902 ], [ 30.7244159, 70.4726891 ], [ 30.7246502, 70.4725591 ], [ 30.7244579, 70.4724624 ], [ 30.7243214, 70.4724551 ], [ 30.7241829, 70.4724671 ], [ 30.7244108, 70.4725455 ] ] ] ] } },
{ "type": "Feature", "properties": { "FID": 395713, "id": 1516, "left": 30.0, "top": 75.0, "right": 35.0, "bottom": 70.0, "row_index": 3, "col_index": 42, "min_lon": 30.0, "min_lat": 70.0, "tile_id": "30_70" }, "geometry": { "type": "MultiPolygon", "coordinates": [ [ [ [ 30.5706593, 70.5091187 ], [ 30.5705965, 70.5090813 ], [ 30.5704438, 70.5090298 ], [ 30.5704215, 70.5090121 ], [ 30.5703838, 70.5089394 ], [ 30.5703015, 70.5089006 ], [ 30.5702522, 70.5088563 ], [ 30.5702076, 70.5088432 ], [ 30.5701247, 70.5088405 ], [ 30.5700301, 70.5088503 ], [ 30.5700118, 70.5088644 ], [ 30.57005, 70.5088988 ], [ 30.5700835, 70.5089476 ], [ 30.5701424, 70.5090785 ], [ 30.5701537, 70.5092581 ], [ 30.570145, 70.5092921 ], [ 30.5701236, 70.5093161 ], [ 30.5701241, 70.5093359 ], [ 30.5701255, 70.5093598 ], [ 30.5701577, 70.5093767 ], [ 30.5703214, 70.5094143 ], [ 30.5703937, 70.5094146 ], [ 30.570464, 70.5094077 ], [ 30.57053, 70.5093873 ], [ 30.5705826, 70.5093611 ], [ 30.5706335, 70.5093363 ], [ 30.5706817, 70.5093093 ], [ 30.5706977, 70.5092806 ], [ 30.5707006, 70.5092199 ], [ 30.5706593, 70.5091187 ] ] ] ] } },
{ "type": "Feature", "properties": { "FID": 395714, "id": 1516, "left": 30.0, "top": 75.0, "right": 35.0, "bottom": 70.0, "row_index": 3, "col_index": 42, "min_lon": 30.0, "min_lat": 70.0, "tile_id": "30_70" }, "geometry": { "type": "MultiPolygon", "coordinates": [ [ [ [ 30.7016001, 70.4755627 ], [ 30.7013278, 70.4755763 ], [ 30.7014071, 70.4756768 ], [ 30.7015184, 70.4757384 ], [ 30.7015862, 70.4757612 ], [ 30.7019455, 70.4757535 ], [ 30.7020544, 70.4757404 ], [ 30.7023484, 70.4756862 ], [ 30.7023605, 70.4756443 ], [ 30.7022785, 70.4755446 ], [ 30.7022452, 70.4755277 ], [ 30.7021297, 70.4755105 ], [ 30.7016271, 70.4755148 ], [ 30.7016001, 70.4755627 ] ] ] ] } },
{ "type": "Feature", "properties": { "FID": 395715, "id": 1516, "left": 30.0, "top": 75.0, "right": 35.0, "bottom": 70.0, "row_index": 3, "col_index": 42, "min_lon": 30.0, "min_lat": 70.0, "tile_id": "30_70" }, "geometry": { "type": "MultiPolygon", "coordinates": [ [ [ [ 30.6321425, 70.5412084 ], [ 30.6324018, 70.5412171 ], [ 30.6324242, 70.5412146 ], [ 30.6324315, 70.5411818 ], [ 30.6324189, 70.541169 ], [ 30.6322413, 70.5411112 ], [ 30.6321684, 70.5410976 ], [ 30.6318682, 70.5410746 ], [ 30.6318133, 70.5410921 ], [ 30.6318076, 70.5411159 ], [ 30.6318548, 70.5411529 ], [ 30.6319318, 70.5411812 ], [ 30.63205, 70.5411951 ], [ 30.6321425, 70.5412084 ] ] ] ] } },
{ "type": "Feature", "properties": { "FID": 395716, "id": 1516, "left": 30.0, "top": 75.0, "right": 35.0, "bottom": 70.0, "row_index": 3, "col_index": 42, "min_lon": 30.0, "min_lat": 70.0, "tile_id": "30_70" }, "geometry": { "type": "MultiPolygon", "coordinates": [ [ [ [ 30.3866182, 70.5524656 ], [ 30.3866706, 70.5524844 ], [ 30.387526, 70.5524541 ], [ 30.387649, 70.5524339 ], [ 30.387768, 70.5523986 ], [ 30.3879131, 70.5523481 ], [ 30.3879523, 70.5523202 ], [ 30.3879383, 70.5523019 ], [ 30.3878742, 70.5522811 ], [ 30.3876465, 70.5522408 ], [ 30.3875969, 70.5522436 ], [ 30.3868829, 70.5523594 ], [ 30.3866506, 70.5524197 ], [ 30.3866182, 70.5524656 ] ] ] ] } },
{ "type": "Feature", "properties": { "FID": 395717, "id": 1516, "left": 30.0, "top": 75.0, "right": 35.0, "bottom": 70.0, "row_index": 3, "col_index": 42, "min_lon": 30.0, "min_lat": 70.0, "tile_id": "30_70" }, "geometry": { "type": "MultiPolygon", "coordinates": [ [ [ [ 30.6782188, 70.4876724 ], [ 30.6782229, 70.4877037 ], [ 30.6782467, 70.4877202 ], [ 30.6785814, 70.4877743 ], [ 30.6786511, 70.4877737 ], [ 30.6787364, 70.4877538 ], [ 30.6787928, 70.4877252 ], [ 30.6788173, 70.487689 ], [ 30.6788253, 70.4875884 ], [ 30.6786128, 70.4875421 ], [ 30.6784678, 70.4875352 ], [ 30.6783633, 70.4875651 ], [ 30.6782559, 70.4876201 ], [ 30.6782188, 70.4876724 ] ] ] ] } },
{ "type": "Feature", "properties": { "FID": 395718, "id": 1516, "left": 30.0, "top": 75.0, "right": 35.0, "bottom": 70.0, "row_index": 3, "col_index": 42, "min_lon": 30.0, "min_lat": 70.0, "tile_id": "30_70" }, "geometry": { "type": "MultiPolygon", "coordinates": [ [ [ [ 30.4191574, 70.5527292 ], [ 30.4190709, 70.5527194 ], [ 30.4185429, 70.5526916 ], [ 30.4181385, 70.5526831 ], [ 30.4177946, 70.5526992 ], [ 30.4176639, 70.5527667 ], [ 30.4176934, 70.5527941 ], [ 30.4178317, 70.5528284 ], [ 30.4179159, 70.5528383 ], [ 30.4180712, 70.5528414 ], [ 30.4190838, 70.5528183 ], [ 30.4191489, 70.5528002 ], [ 30.419212, 70.5527448 ], [ 30.4191574, 70.5527292 ] ] ] ] } },
{ "type": "Feature", "properties": { "FID": 395719, "id": 1516, "left": 30.0, "top": 75.0, "right": 35.0, "bottom": 70.0, "row_index": 3, "col_index": 42, "min_lon": 30.0, "min_lat": 70.0, "tile_id": "30_70" }, "geometry": { "type": "MultiPolygon", "coordinates": [ [ [ [ 30.3594358, 70.5490063 ], [ 30.3595149, 70.5490002 ], [ 30.359575, 70.5489799 ], [ 30.3595676, 70.5489736 ], [ 30.3594753, 70.5489628 ], [ 30.3590685, 70.5489452 ], [ 30.3587513, 70.5489402 ], [ 30.3581812, 70.5489405 ], [ 30.3577161, 70.5489555 ], [ 30.3577438, 70.5490347 ], [ 30.3578393, 70.549051 ], [ 30.3578876, 70.5490547 ], [ 30.3585026, 70.5490261 ], [ 30.3594358, 70.5490063 ] ] ] ] } },
{ "type": "Feature", "properties": { "FID": 395720, "id": 1516, "left": 30.0, "top": 75.0, "right": 35.0, "bottom": 70.0, "row_index": 3, "col_index": 42, "min_lon": 30.0, "min_lat": 70.0, "tile_id": "30_70" }, "geometry": { "type": "MultiPolygon", "coordinates": [ [ [ [ 30.5150067, 70.5490277 ], [ 30.5156809, 70.5490343 ], [ 30.5161987, 70.5489712 ], [ 30.5162734, 70.5489559 ], [ 30.5162952, 70.5489439 ], [ 30.5162957, 70.5489131 ], [ 30.5156751, 70.5488126 ], [ 30.5150013, 70.5487592 ], [ 30.5148684, 70.5487631 ], [ 30.5147757, 70.5487914 ], [ 30.514767, 70.5488086 ], [ 30.5147601, 70.549027 ], [ 30.5148304, 70.5490364 ], [ 30.5150067, 70.5490277 ] ] ] ] } },
{ "type": "Feature", "properties": { "FID": 395721, "id": 1516, "left": 30.0, "top": 75.0, "right": 35.0, "bottom": 70.0, "row_index": 3, "col_index": 42, "min_lon": 30.0, "min_lat": 70.0, "tile_id": "30_70" }, "geometry": { "type": "MultiPolygon", "coordinates": [ [ [ [ 30.3247974, 70.6021752 ], [ 30.3251853, 70.6020747 ], [ 30.3253126, 70.6020333 ], [ 30.3255757, 70.6019244 ], [ 30.3255695, 70.601915 ], [ 30.3254675, 70.6019138 ], [ 30.3252161, 70.6019399 ], [ 30.3245255, 70.6020494 ], [ 30.3244134, 70.6021047 ], [ 30.3244041, 70.6021577 ], [ 30.3244172, 70.6021682 ], [ 30.3244767, 70.6021791 ], [ 30.3246839, 70.60219 ], [ 30.3247974, 70.6021752 ] ] ] ] } },
{ "type": "Feature", "properties": { "FID": 395722, "id": 1516, "left": 30.0, "top": 75.0, "right": 35.0, "bottom": 70.0, "row_index": 3, "col_index": 42, "min_lon": 30.0, "min_lat": 70.0, "tile_id": "30_70" }, "geometry": { "type": "MultiPolygon", "coordinates": [ [ [ [ 30.3959441, 70.5520672 ], [ 30.3960182, 70.5519111 ], [ 30.3959253, 70.5518303 ], [ 30.3956362, 70.5517681 ], [ 30.3954804, 70.5517647 ], [ 30.3952848, 70.5518306 ], [ 30.395051, 70.5520057 ], [ 30.3950542, 70.5520653 ], [ 30.3951568, 70.552155 ], [ 30.3951959, 70.5521597 ], [ 30.3955408, 70.5521741 ], [ 30.3956855, 70.55217 ], [ 30.3957473, 70.5521644 ], [ 30.3958704, 70.552118 ], [ 30.3959441, 70.5520672 ] ] ] ] } },
{ "type": "Feature", "properties": { "FID": 395723, "id": 1516, "left": 30.0, "top": 75.0, "right": 35.0, "bottom": 70.0, "row_index": 3, "col_index": 42, "min_lon": 30.0, "min_lat": 70.0, "tile_id": "30_70" }, "geometry": { "type": "MultiPolygon", "coordinates": [ [ [ [ 30.2938242, 70.5819691 ], [ 30.2937374, 70.5819519 ], [ 30.2936718, 70.5819452 ], [ 30.2935194, 70.581946 ], [ 30.2934066, 70.5819569 ], [ 30.2933775, 70.5819647 ], [ 30.2933248, 70.582004 ], [ 30.2931271, 70.5821882 ], [ 30.2931307, 70.5822036 ], [ 30.2933566, 70.5822013 ], [ 30.2934837, 70.582193 ], [ 30.2939637, 70.5820918 ], [ 30.293982, 70.5820846 ], [ 30.2939698, 70.5820582 ], [ 30.2938242, 70.5819691 ] ] ] ] } },
{ "type": "Feature", "properties": { "FID": 395724, "id": 1516, "left": 30.0, "top": 75.0, "right": 35.0, "bottom": 70.0, "row_index": 3, "col_index": 42, "min_lon": 30.0, "min_lat": 70.0, "tile_id": "30_70" }, "geometry": { "type": "MultiPolygon", "coordinates": [ [ [ [ 30.0600831, 70.7078421 ], [ 30.0600951, 70.707919 ], [ 30.0601233, 70.7079459 ], [ 30.0601915, 70.7079537 ], [ 30.0603812, 70.7079529 ], [ 30.0604048, 70.7079465 ], [ 30.0604415, 70.7078343 ], [ 30.0599962, 70.7075638 ], [ 30.0599531, 70.707549 ], [ 30.0593903, 70.7075226 ], [ 30.0592833, 70.7075266 ], [ 30.0592568, 70.7075618 ], [ 30.0592846, 70.7075885 ], [ 30.0598102, 70.7077971 ], [ 30.0600831, 70.7078421 ] ] ] ] } },
{ "type": "Feature", "properties": { "FID": 395725, "id": 1516, "left": 30.0, "top": 75.0, "right": 35.0, "bottom": 70.0, "row_index": 3, "col_index": 42, "min_lon": 30.0, "min_lat": 70.0, "tile_id": "30_70" }, "geometry": { "type": "MultiPolygon", "coordinates": [ [ [ [ 30.6021881, 70.551936 ], [ 30.602191, 70.5519232 ], [ 30.6020486, 70.5518981 ], [ 30.6015929, 70.5518793 ], [ 30.6012438, 70.5518981 ], [ 30.6012407, 70.5519356 ], [ 30.6015979, 70.5521375 ], [ 30.6018406, 70.5522131 ], [ 30.6020807, 70.5522617 ], [ 30.602222, 70.552282 ], [ 30.6024679, 70.5522329 ], [ 30.6024979, 70.552219 ], [ 30.6025083, 70.5522052 ], [ 30.6024521, 70.5520887 ], [ 30.6021881, 70.551936 ] ] ] ] } },
{ "type": "Feature", "properties": { "FID": 395726, "id": 1516, "left": 30.0, "top": 75.0, "right": 35.0, "bottom": 70.0, "row_index": 3, "col_index": 42, "min_lon": 30.0, "min_lat": 70.0, "tile_id": "30_70" }, "geometry": { "type": "MultiPolygon", "coordinates": [ [ [ [ 30.6319347, 70.4934071 ], [ 30.6321088, 70.4934515 ], [ 30.6321281, 70.4935429 ], [ 30.6321535, 70.4935712 ], [ 30.6322363, 70.493597 ], [ 30.6322701, 70.4935876 ], [ 30.6322766, 70.4935695 ], [ 30.6322576, 70.4934701 ], [ 30.631919, 70.4932765 ], [ 30.6318489, 70.4932585 ], [ 30.6318014, 70.493269 ], [ 30.631792, 70.4932851 ], [ 30.6318064, 70.4933362 ], [ 30.6318673, 70.4933987 ], [ 30.6319347, 70.4934071 ] ] ] ] } },
{ "type": "Feature", "properties": { "FID": 395727, "id": 1516, "left": 30.0, "top": 75.0, "right": 35.0, "bottom": 70.0, "row_index": 3, "col_index": 42, "min_lon": 30.0, "min_lat": 70.0, "tile_id": "30_70" }, "geometry": { "type": "MultiPolygon", "coordinates": [ [ [ [ 30.2977792, 70.5393022 ], [ 30.2976089, 70.5392527 ], [ 30.2975251, 70.5392338 ], [ 30.2974268, 70.5392247 ], [ 30.2972626, 70.5392428 ], [ 30.2971907, 70.539328 ], [ 30.2971287, 70.5394555 ], [ 30.297133, 70.5394818 ], [ 30.2971602, 70.5394964 ], [ 30.2978299, 70.5395488 ], [ 30.2979312, 70.5395485 ], [ 30.2980006, 70.5395437 ], [ 30.2980347, 70.5395249 ], [ 30.2980609, 70.5394604 ], [ 30.2977792, 70.5393022 ] ] ] ] } },
{ "type": "Feature", "properties": { "FID": 395728, "id": 1516, "left": 30.0, "top": 75.0, "right": 35.0, "bottom": 70.0, "row_index": 3, "col_index": 42, "min_lon": 30.0, "min_lat": 70.0, "tile_id": "30_70" }, "geometry": { "type": "MultiPolygon", "coordinates": [ [ [ [ 30.3608826, 70.5492274 ], [ 30.3609453, 70.5492436 ], [ 30.3618825, 70.5492708 ], [ 30.3620455, 70.549266 ], [ 30.3622085, 70.5492189 ], [ 30.3623756, 70.5491244 ], [ 30.3624397, 70.5490719 ], [ 30.3624164, 70.5490191 ], [ 30.3623783, 70.5490074 ], [ 30.3622849, 70.5490028 ], [ 30.3618458, 70.5490088 ], [ 30.3609912, 70.5490708 ], [ 30.3609332, 70.5490942 ], [ 30.3609074, 70.5491447 ], [ 30.3608826, 70.5492274 ] ] ] ] } },
{ "type": "Feature", "properties": { "FID": 395729, "id": 1516, "left": 30.0, "top": 75.0, "right": 35.0, "bottom": 70.0, "row_index": 3, "col_index": 42, "min_lon": 30.0, "min_lat": 70.0, "tile_id": "30_70" }, "geometry": { "type": "MultiPolygon", "coordinates": [ [ [ [ 30.4340669, 70.5531859 ], [ 30.4341703, 70.5531452 ], [ 30.4341771, 70.5531178 ], [ 30.4340944, 70.5530892 ], [ 30.4339671, 70.553068 ], [ 30.4334928, 70.5530767 ], [ 30.4334121, 70.5530859 ], [ 30.4331835, 70.5532128 ], [ 30.4331795, 70.553225 ], [ 30.4332089, 70.5532761 ], [ 30.4332879, 70.5532853 ], [ 30.433667, 70.5532817 ], [ 30.4338456, 70.5532539 ], [ 30.4338522, 70.5532422 ], [ 30.4340669, 70.5531859 ] ] ] ] } },
{ "type": "Feature", "properties": { "FID": 395731, "id": 1516, "left": 30.0, "top": 75.0, "right": 35.0, "bottom": 70.0, "row_index": 3, "col_index": 42, "min_lon": 30.0, "min_lat": 70.0, "tile_id": "30_70" }, "geometry": { "type": "MultiPolygon", "coordinates": [ [ [ [ 30.3350835, 70.6126486 ], [ 30.3353863, 70.6126405 ], [ 30.3354221, 70.6126272 ], [ 30.3353329, 70.6124303 ], [ 30.3353029, 70.6124046 ], [ 30.335189, 70.6123825 ], [ 30.3351102, 70.6123822 ], [ 30.3350502, 70.612395 ], [ 30.3349749, 70.6124225 ], [ 30.3348249, 70.6125108 ], [ 30.334838, 70.6125619 ], [ 30.3348996, 70.6126072 ], [ 30.3349549, 70.6126397 ], [ 30.3350124, 70.612641 ], [ 30.3350835, 70.6126486 ] ] ] ] } },
{ "type": "Feature", "properties": { "FID": 395732, "id": 1516, "left": 30.0, "top": 75.0, "right": 35.0, "bottom": 70.0, "row_index": 3, "col_index": 42, "min_lon": 30.0, "min_lat": 70.0, "tile_id": "30_70" }, "geometry": { "type": "MultiPolygon", "coordinates": [ [ [ [ 30.680065, 70.4865779 ], [ 30.6797804, 70.4866351 ], [ 30.6797404, 70.4866509 ], [ 30.6797338, 70.4866765 ], [ 30.6797446, 70.4866862 ], [ 30.6804462, 70.4868804 ], [ 30.6805228, 70.4868902 ], [ 30.6806091, 70.486891 ], [ 30.6807147, 70.4868555 ], [ 30.6807884, 70.4867674 ], [ 30.6807764, 70.486749 ], [ 30.6805714, 70.4866004 ], [ 30.6804355, 70.4865432 ], [ 30.6803632, 70.486542 ], [ 30.680065, 70.4865779 ] ] ] ] } },
{ "type": "Feature", "properties": { "FID": 395734, "id": 1516, "left": 30.0, "top": 75.0, "right": 35.0, "bottom": 70.0, "row_index": 3, "col_index": 42, "min_lon": 30.0, "min_lat": 70.0, "tile_id": "30_70" }, "geometry": { "type": "MultiPolygon", "coordinates": [ [ [ [ 30.309743, 70.586583 ], [ 30.3098123, 70.5866168 ], [ 30.3098697, 70.5866347 ], [ 30.3099207, 70.5866386 ], [ 30.3100557, 70.586636 ], [ 30.3102157, 70.5866227 ], [ 30.3105992, 70.5865627 ], [ 30.3106325, 70.5865363 ], [ 30.3105246, 70.5864794 ], [ 30.3104598, 70.586466 ], [ 30.3102816, 70.5864611 ], [ 30.310049, 70.5864688 ], [ 30.3098488, 70.5864866 ], [ 30.3097675, 70.586503 ], [ 30.3097112, 70.5865502 ], [ 30.309743, 70.586583 ] ] ] ] } },
{ "type": "Feature", "properties": { "FID": 395735, "id": 1516, "left": 30.0, "top": 75.0, "right": 35.0, "bottom": 70.0, "row_index": 3, "col_index": 42, "min_lon": 30.0, "min_lat": 70.0, "tile_id": "30_70" }, "geometry": { "type": "MultiPolygon", "coordinates": [ [ [ [ 30.3836211, 70.5524397 ], [ 30.3835997, 70.5524541 ], [ 30.3836079, 70.5524889 ], [ 30.3836792, 70.5525011 ], [ 30.3839134, 70.5525025 ], [ 30.3846413, 70.5524208 ], [ 30.384722, 70.5524053 ], [ 30.3849404, 70.5523306 ], [ 30.3849642, 70.5523017 ], [ 30.3849562, 70.552295 ], [ 30.3844204, 70.5523178 ], [ 30.3841855, 70.5523511 ], [ 30.3841399, 70.5523936 ], [ 30.3840609, 70.5524052 ], [ 30.3837645, 70.5524108 ], [ 30.3836211, 70.5524397 ] ] ] ] } },
{ "type": "Feature", "properties": { "FID": 395736, "id": 1516, "left": 30.0, "top": 75.0, "right": 35.0, "bottom": 70.0, "row_index": 3, "col_index": 42, "min_lon": 30.0, "min_lat": 70.0, "tile_id": "30_70" }, "geometry": { "type": "MultiPolygon", "coordinates": [ [ [ [ 30.7193594, 70.4744815 ], [ 30.7194692, 70.4745085 ], [ 30.7195171, 70.4745121 ], [ 30.7196612, 70.4745099 ], [ 30.7197999, 70.4744918 ], [ 30.7209405, 70.4742451 ], [ 30.7209595, 70.4742276 ], [ 30.7209538, 70.4741734 ], [ 30.7209071, 70.4741529 ], [ 30.7205687, 70.4741357 ], [ 30.7198315, 70.4742402 ], [ 30.7196406, 70.4742788 ], [ 30.7195238, 70.4743147 ], [ 30.7194084, 70.4743716 ], [ 30.7193308, 70.4744656 ], [ 30.7193594, 70.4744815 ] ] ] ] } },
{ "type": "Feature", "properties": { "FID": 395737, "id": 1516, "left": 30.0, "top": 75.0, "right": 35.0, "bottom": 70.0, "row_index": 3, "col_index": 42, "min_lon": 30.0, "min_lat": 70.0, "tile_id": "30_70" }, "geometry": { "type": "MultiPolygon", "coordinates": [ [ [ [ 30.7240066, 70.4735039 ], [ 30.7241339, 70.4734732 ], [ 30.7242289, 70.4734296 ], [ 30.7242289, 70.4734143 ], [ 30.7241626, 70.4734018 ], [ 30.7240882, 70.4734013 ], [ 30.7232875, 70.4734302 ], [ 30.7231347, 70.4734413 ], [ 30.7227566, 70.4735098 ], [ 30.7220827, 70.473701 ], [ 30.7220374, 70.4737219 ], [ 30.722034, 70.4737346 ], [ 30.7220682, 70.4737405 ], [ 30.722757, 70.4737374 ], [ 30.7228692, 70.4737302 ], [ 30.7231638, 70.4736871 ], [ 30.7234402, 70.4735777 ], [ 30.7240066, 70.4735039 ] ] ] ] } },
{ "type": "Feature", "properties": { "FID": 395738, "id": 1516, "left": 30.0, "top": 75.0, "right": 35.0, "bottom": 70.0, "row_index": 3, "col_index": 42, "min_lon": 30.0, "min_lat": 70.0, "tile_id": "30_70" }, "geometry": { "type": "MultiPolygon", "coordinates": [ [ [ [ 30.6820154, 70.4847791 ], [ 30.6818244, 70.4846746 ], [ 30.6817563, 70.4847021 ], [ 30.681698, 70.4847534 ], [ 30.6816885, 70.4847815 ], [ 30.6817652, 70.4849099 ], [ 30.6819422, 70.4850462 ], [ 30.6820594, 70.4850643 ], [ 30.6821091, 70.485064 ], [ 30.6821469, 70.4850521 ], [ 30.6821854, 70.4850057 ], [ 30.6821804, 70.4849834 ], [ 30.682136, 70.4849626 ], [ 30.6820425, 70.4849463 ], [ 30.6820182, 70.484932 ], [ 30.6819922, 70.4848985 ], [ 30.6820162, 70.4848328 ], [ 30.6820154, 70.4847791 ] ] ] ] } },
{ "type": "Feature", "properties": { "FID": 395739, "id": 1516, "left": 30.0, "top": 75.0, "right": 35.0, "bottom": 70.0, "row_index": 3, "col_index": 42, "min_lon": 30.0, "min_lat": 70.0, "tile_id": "30_70" }, "geometry": { "type": "MultiPolygon", "coordinates": [ [ [ [ 30.3515222, 70.5496203 ], [ 30.3513917, 70.5496222 ], [ 30.3507867, 70.5496183 ], [ 30.3507411, 70.5496458 ], [ 30.3507433, 70.5497252 ], [ 30.3507747, 70.5497469 ], [ 30.3508411, 70.5497674 ], [ 30.3513921, 70.5498028 ], [ 30.3519909, 70.5498202 ], [ 30.3520641, 70.5498171 ], [ 30.3524106, 70.54975 ], [ 30.3524929, 70.5497155 ], [ 30.3525001, 70.5496888 ], [ 30.3524851, 70.5496766 ], [ 30.35243, 70.5496641 ], [ 30.3516543, 70.5496086 ], [ 30.3515563, 70.5496086 ], [ 30.3515222, 70.5496203 ] ] ] ] } },
{ "type": "Feature", "properties": { "FID": 395740, "id": 1516, "left": 30.0, "top": 75.0, "right": 35.0, "bottom": 70.0, "row_index": 3, "col_index": 42, "min_lon": 30.0, "min_lat": 70.0, "tile_id": "30_70" }, "geometry": { "type": "MultiPolygon", "coordinates": [ [ [ [ 30.3337791, 70.6127249 ], [ 30.3338707, 70.6127488 ], [ 30.333983, 70.6127939 ], [ 30.3343348, 70.6128644 ], [ 30.33451, 70.6128772 ], [ 30.3345771, 70.6128752 ], [ 30.3346459, 70.6128569 ], [ 30.334694, 70.6128335 ], [ 30.3347232, 70.6127933 ], [ 30.3347541, 70.6126677 ], [ 30.3347299, 70.6123725 ], [ 30.3347058, 70.6123561 ], [ 30.3345585, 70.6123161 ], [ 30.3344894, 70.6123107 ], [ 30.334158, 70.6123299 ], [ 30.3336037, 70.6126188 ], [ 30.3335204, 70.6126805 ], [ 30.3337791, 70.6127249 ] ] ] ] } },
{ "type": "Feature", "properties": { "FID": 395741, "id": 1516, "left": 30.0, "top": 75.0, "right": 35.0, "bottom": 70.0, "row_index": 3, "col_index": 42, "min_lon": 30.0, "min_lat": 70.0, "tile_id": "30_70" }, "geometry": { "type": "MultiPolygon", "coordinates": [ [ [ [ 30.613937, 70.5347984 ], [ 30.6139352, 70.5348209 ], [ 30.6140012, 70.5348831 ], [ 30.6141305, 70.5349798 ], [ 30.6145204, 70.5351221 ], [ 30.6146527, 70.535149 ], [ 30.6147827, 70.5351484 ], [ 30.6147837, 70.5351304 ], [ 30.6145748, 70.535021 ], [ 30.614796, 70.5348792 ], [ 30.6150188, 70.5348606 ], [ 30.6150365, 70.5348174 ], [ 30.6149046, 70.5347651 ], [ 30.6148046, 70.534737 ], [ 30.6147081, 70.5347284 ], [ 30.6145944, 70.5347254 ], [ 30.6143752, 70.5347407 ], [ 30.6141552, 70.5347833 ], [ 30.613937, 70.5347984 ] ] ] ] } },
{ "type": "Feature", "properties": { "FID": 395742, "id": 1516, "left": 30.0, "top": 75.0, "right": 35.0, "bottom": 70.0, "row_index": 3, "col_index": 42, "min_lon": 30.0, "min_lat": 70.0, "tile_id": "30_70" }, "geometry": { "type": "MultiPolygon", "coordinates": [ [ [ [ 30.445484, 70.554428 ], [ 30.4456564, 70.5544175 ], [ 30.4466164, 70.5543308 ], [ 30.4468907, 70.5542972 ], [ 30.4471686, 70.5542336 ], [ 30.4471929, 70.5542224 ], [ 30.447188, 70.5541844 ], [ 30.4471594, 70.5541783 ], [ 30.4469489, 70.5541787 ], [ 30.4461538, 70.554215 ], [ 30.4456603, 70.5543236 ], [ 30.4454376, 70.554308 ], [ 30.4452496, 70.5543064 ], [ 30.4450856, 70.5543178 ], [ 30.4449197, 70.5543589 ], [ 30.4448818, 70.5543855 ], [ 30.444876, 70.5544036 ], [ 30.4449126, 70.5544128 ], [ 30.4452634, 70.5544222 ], [ 30.445484, 70.554428 ] ] ] ] } },
{ "type": "Feature", "properties": { "FID": 395743, "id": 1516, "left": 30.0, "top": 75.0, "right": 35.0, "bottom": 70.0, "row_index": 3, "col_index": 42, "min_lon": 30.0, "min_lat": 70.0, "tile_id": "30_70" }, "geometry": { "type": "MultiPolygon", "coordinates": [ [ [ [ 30.600159, 70.5517062 ], [ 30.6002859, 70.5517159 ], [ 30.6006893, 70.5517059 ], [ 30.6009164, 70.551691 ], [ 30.6011294, 70.5517295 ], [ 30.6014841, 70.5518115 ], [ 30.6015881, 70.5518221 ], [ 30.601884, 70.5518234 ], [ 30.6017789, 70.5517706 ], [ 30.6016201, 70.5517276 ], [ 30.6013329, 70.5516829 ], [ 30.6012051, 70.5516394 ], [ 30.6011969, 70.5515687 ], [ 30.6009591, 70.5514526 ], [ 30.6005583, 70.551362 ], [ 30.6003984, 70.5512859 ], [ 30.6002834, 70.5511993 ], [ 30.5999892, 70.5511623 ], [ 30.5999479, 70.5511672 ], [ 30.5999119, 70.5511714 ], [ 30.5996257, 70.5512799 ], [ 30.5995214, 70.5513345 ], [ 30.5993145, 70.5514834 ], [ 30.5993128, 70.5515143 ], [ 30.5994951, 70.5516071 ], [ 30.5999478, 70.5516746 ], [ 30.600159, 70.5517062 ] ] ] ] } },
{ "type": "Feature", "properties": { "FID": 395744, "id": 1516, "left": 30.0, "top": 75.0, "right": 35.0, "bottom": 70.0, "row_index": 3, "col_index": 42, "min_lon": 30.0, "min_lat": 70.0, "tile_id": "30_70" }, "geometry": { "type": "MultiPolygon", "coordinates": [ [ [ [ 30.4263292, 70.5530219 ], [ 30.4263831, 70.5530445 ], [ 30.4271694, 70.5530161 ], [ 30.4273509, 70.5529473 ], [ 30.4274002, 70.5529076 ], [ 30.427301, 70.5528806 ], [ 30.4272684, 70.5528803 ], [ 30.4271562, 70.5529317 ], [ 30.4270842, 70.5529481 ], [ 30.4270214, 70.5529475 ], [ 30.4267871, 70.5529234 ], [ 30.4267728, 70.5528686 ], [ 30.4269749, 70.5528067 ], [ 30.4269977, 70.5527781 ], [ 30.4269951, 70.5527414 ], [ 30.4269345, 70.552717 ], [ 30.4268229, 70.5527001 ], [ 30.4267574, 70.5527069 ], [ 30.4266804, 70.5527311 ], [ 30.426354, 70.5529831 ], [ 30.4263292, 70.5530219 ] ] ] ] } },
{ "type": "Feature", "properties": { "FID": 395745, "id": 1516, "left": 30.0, "top": 75.0, "right": 35.0, "bottom": 70.0, "row_index": 3, "col_index": 42, "min_lon": 30.0, "min_lat": 70.0, "tile_id": "30_70" }, "geometry": { "type": "MultiPolygon", "coordinates": [ [ [ [ 30.206164, 70.5256979 ], [ 30.2061191, 70.5256532 ], [ 30.2055998, 70.5254755 ], [ 30.2052193, 70.525373 ], [ 30.2051645, 70.5253682 ], [ 30.204887, 70.5253882 ], [ 30.2047243, 70.5254201 ], [ 30.2046889, 70.5254643 ], [ 30.2047113, 70.5255157 ], [ 30.2047438, 70.5255382 ], [ 30.204847, 70.5255751 ], [ 30.204926, 70.5255948 ], [ 30.2050941, 70.5256205 ], [ 30.2051167, 70.5255232 ], [ 30.205643, 70.5256846 ], [ 30.2056507, 70.5258115 ], [ 30.2056959, 70.5258377 ], [ 30.2058841, 70.5258682 ], [ 30.2061417, 70.5258765 ], [ 30.2062247, 70.5258691 ], [ 30.206164, 70.5256979 ] ] ] ] } },
{ "type": "Feature", "properties": { "FID": 395747, "id": 1516, "left": 30.0, "top": 75.0, "right": 35.0, "bottom": 70.0, "row_index": 3, "col_index": 42, "min_lon": 30.0, "min_lat": 70.0, "tile_id": "30_70" }, "geometry": { "type": "MultiPolygon", "coordinates": [ [ [ [ 30.4440262, 70.5544884 ], [ 30.4435592, 70.5545561 ], [ 30.4434845, 70.554553 ], [ 30.443387, 70.5545609 ], [ 30.4431749, 70.5546028 ], [ 30.4429821, 70.5546655 ], [ 30.4429382, 70.5546891 ], [ 30.442932, 70.554708 ], [ 30.4429335, 70.5548773 ], [ 30.4429496, 70.554895 ], [ 30.4431131, 70.5549617 ], [ 30.4432027, 70.5549725 ], [ 30.4434686, 70.5549678 ], [ 30.4435821, 70.5549529 ], [ 30.4440717, 70.5548364 ], [ 30.4445413, 70.5548284 ], [ 30.4451945, 70.5546398 ], [ 30.4453729, 70.5545403 ], [ 30.4451795, 70.5544994 ], [ 30.4447333, 70.5544556 ], [ 30.4443969, 70.5544364 ], [ 30.4442817, 70.5544389 ], [ 30.4440262, 70.5544884 ] ] ] ] } },
{ "type": "Feature", "properties": { "FID": 395749, "id": 1516, "left": 30.0, "top": 75.0, "right": 35.0, "bottom": 70.0, "row_index": 3, "col_index": 42, "min_lon": 30.0, "min_lat": 70.0, "tile_id": "30_70" }, "geometry": { "type": "MultiPolygon", "coordinates": [ [ [ [ 30.3626588, 70.5492433 ], [ 30.362927, 70.5492949 ], [ 30.3636479, 70.5493425 ], [ 30.3649314, 70.5493172 ], [ 30.3651105, 70.5493014 ], [ 30.3652371, 70.5493098 ], [ 30.365561, 70.5493577 ], [ 30.3657482, 70.5493443 ], [ 30.3657948, 70.5493338 ], [ 30.3659032, 70.549245 ], [ 30.3659306, 70.5492036 ], [ 30.3659268, 70.5491706 ], [ 30.3658973, 70.5491561 ], [ 30.3658645, 70.5491528 ], [ 30.3644842, 70.5491094 ], [ 30.3640942, 70.5491263 ], [ 30.3636903, 70.5491075 ], [ 30.3635762, 70.5490797 ], [ 30.3633921, 70.549053 ], [ 30.3632711, 70.5490455 ], [ 30.3629163, 70.5490436 ], [ 30.3627078, 70.5490691 ], [ 30.3625988, 70.5491169 ], [ 30.3625817, 70.5491656 ], [ 30.362607, 70.5492227 ], [ 30.3626588, 70.5492433 ] ] ] ] } },
{ "type": "Feature", "properties": { "FID": 395750, "id": 1516, "left": 30.0, "top": 75.0, "right": 35.0, "bottom": 70.0, "row_index": 3, "col_index": 42, "min_lon": 30.0, "min_lat": 70.0, "tile_id": "30_70" }, "geometry": { "type": "MultiPolygon", "coordinates": [ [ [ [ 30.3516891, 70.5491078 ], [ 30.3516887, 70.5491261 ], [ 30.3523911, 70.5492883 ], [ 30.3538436, 70.5493466 ], [ 30.3539581, 70.5493461 ], [ 30.354055, 70.5493307 ], [ 30.3540838, 70.5493208 ], [ 30.3540815, 70.5492875 ], [ 30.3536992, 70.5492769 ], [ 30.3533214, 70.5492442 ], [ 30.3533935, 70.5492265 ], [ 30.3535231, 70.5492241 ], [ 30.3540406, 70.5492313 ], [ 30.3547871, 70.5491691 ], [ 30.3548372, 70.5491619 ], [ 30.3550823, 70.5490883 ], [ 30.3550974, 70.5490753 ], [ 30.3546232, 70.5490725 ], [ 30.3543935, 70.5491019 ], [ 30.3542242, 70.5490906 ], [ 30.3537387, 70.5490344 ], [ 30.3536472, 70.5489983 ], [ 30.3536379, 70.5489649 ], [ 30.3536092, 70.5489508 ], [ 30.3535511, 70.5489423 ], [ 30.3533365, 70.5489361 ], [ 30.3532252, 70.5489397 ], [ 30.3529621, 70.5490066 ], [ 30.3522792, 70.548995 ], [ 30.3521667, 70.5490016 ], [ 30.3520594, 70.5490163 ], [ 30.3519428, 70.5490502 ], [ 30.3519098, 70.54908 ], [ 30.3516891, 70.5491078 ] ] ] ] } },
{ "type": "Feature", "properties": { "FID": 395751, "id": 1516, "left": 30.0, "top": 75.0, "right": 35.0, "bottom": 70.0, "row_index": 3, "col_index": 42, "min_lon": 30.0, "min_lat": 70.0, "tile_id": "30_70" }, "geometry": { "type": "MultiPolygon", "coordinates": [ [ [ [ 30.6786208, 70.4873068 ], [ 30.6787218, 70.4872287 ], [ 30.678875, 70.4871563 ], [ 30.6789874, 70.4871338 ], [ 30.6791531, 70.4871243 ], [ 30.6792057, 70.4871271 ], [ 30.6792627, 70.4871429 ], [ 30.6793025, 70.4871765 ], [ 30.6792077, 70.4872012 ], [ 30.6789661, 70.4873648 ], [ 30.6789762, 70.4874024 ], [ 30.6790287, 70.487446 ], [ 30.679117, 70.4874756 ], [ 30.679213, 70.4874852 ], [ 30.6792646, 70.4874785 ], [ 30.6794475, 70.4873779 ], [ 30.6798422, 70.4874652 ], [ 30.6798346, 70.4874944 ], [ 30.6798679, 70.4875152 ], [ 30.6799602, 70.487533 ], [ 30.6800542, 70.487534 ], [ 30.6804359, 70.4874126 ], [ 30.6804634, 70.4873682 ], [ 30.6804588, 70.4873082 ], [ 30.680419, 70.4872524 ], [ 30.6801006, 70.4870372 ], [ 30.6800075, 70.4869888 ], [ 30.6798981, 70.4869413 ], [ 30.6790018, 70.486764 ], [ 30.6785513, 70.4867699 ], [ 30.6785467, 70.4869498 ], [ 30.6785762, 70.4869624 ], [ 30.6787047, 70.4869868 ], [ 30.6787272, 70.4869987 ], [ 30.6787219, 70.4870423 ], [ 30.6786765, 70.4870817 ], [ 30.6786007, 70.4871316 ], [ 30.67851, 70.4871716 ], [ 30.6780206, 70.4873221 ], [ 30.6776858, 70.4874438 ], [ 30.6776748, 70.487456 ], [ 30.6776802, 70.4874621 ], [ 30.6781633, 70.4875066 ], [ 30.6783811, 70.4875115 ], [ 30.6784544, 70.4875068 ], [ 30.6784985, 70.4874915 ], [ 30.6785538, 70.4874175 ], [ 30.6786208, 70.4873068 ] ] ] ] } },
{ "type": "Feature", "properties": { "FID": 395752, "id": 1516, "left": 30.0, "top": 75.0, "right": 35.0, "bottom": 70.0, "row_index": 3, "col_index": 42, "min_lon": 30.0, "min_lat": 70.0, "tile_id": "30_70" }, "geometry": { "type": "MultiPolygon", "coordinates": [ [ [ [ 30.0000452, 70.7075954 ], [ 30.0003712, 70.7076379 ], [ 30.0004216, 70.7076357 ], [ 30.0004243, 70.7075914 ], [ 30.0002916, 70.7074879 ], [ 30.0002384, 70.7074759 ], [ 30.0000795, 70.7074733 ], [ 30.0, 70.707478929533679 ], [ 30.0, 70.707581667650686 ], [ 30.0000452, 70.7075954 ] ] ] ] } },
{ "type": "Feature", "properties": { "FID": 395753, "id": 1516, "left": 30.0, "top": 75.0, "right": 35.0, "bottom": 70.0, "row_index": 3, "col_index": 42, "min_lon": 30.0, "min_lat": 70.0, "tile_id": "30_70" }, "geometry": { "type": "MultiPolygon", "coordinates": [ [ [ [ 30.3001048, 70.6210413 ], [ 30.3001023, 70.6210139 ], [ 30.3000904, 70.6209896 ], [ 30.3000041, 70.6209468 ], [ 30.2999565, 70.6209484 ], [ 30.2995363, 70.6210091 ], [ 30.2994073, 70.6210111 ], [ 30.2993212, 70.621098 ], [ 30.2995686, 70.6212382 ], [ 30.2995996, 70.6212389 ], [ 30.2999565, 70.6210993 ], [ 30.3001048, 70.6210413 ] ] ] ] } },
{ "type": "Feature", "properties": { "FID": 395755, "id": 1516, "left": 30.0, "top": 75.0, "right": 35.0, "bottom": 70.0, "row_index": 3, "col_index": 42, "min_lon": 30.0, "min_lat": 70.0, "tile_id": "30_70" }, "geometry": { "type": "MultiPolygon", "coordinates": [ [ [ [ 30.3792024, 70.5499677 ], [ 30.3791298, 70.5499503 ], [ 30.3788601, 70.5499272 ], [ 30.3786139, 70.5499761 ], [ 30.378608, 70.5500005 ], [ 30.378607, 70.5500047 ], [ 30.3789465, 70.5501014 ], [ 30.379051, 70.5500927 ], [ 30.3791083, 70.5500347 ], [ 30.3792855, 70.5500151 ], [ 30.3792881, 70.5500078 ], [ 30.3792725, 70.5500005 ], [ 30.3792024, 70.5499677 ] ] ] ] } },
{ "type": "Feature", "properties": { "FID": 395756, "id": 1516, "left": 30.0, "top": 75.0, "right": 35.0, "bottom": 70.0, "row_index": 3, "col_index": 42, "min_lon": 30.0, "min_lat": 70.0, "tile_id": "30_70" }, "geometry": { "type": "MultiPolygon", "coordinates": [ [ [ [ 30.7016325, 70.475236 ], [ 30.7012182, 70.4752001 ], [ 30.701222, 70.475236 ], [ 30.7012701, 70.4752577 ], [ 30.7016111, 70.4753513 ], [ 30.7019432, 70.4753612 ], [ 30.7019744, 70.4753343 ], [ 30.7016325, 70.475236 ] ] ] ] } },
{ "type": "Feature", "properties": { "FID": 395757, "id": 1516, "left": 30.0, "top": 75.0, "right": 35.0, "bottom": 70.0, "row_index": 3, "col_index": 42, "min_lon": 30.0, "min_lat": 70.0, "tile_id": "30_70" }, "geometry": { "type": "MultiPolygon", "coordinates": [ [ [ [ 30.2998509, 70.5830795 ], [ 30.2994154, 70.5831907 ], [ 30.299406, 70.5831997 ], [ 30.2994351, 70.5832143 ], [ 30.2996111, 70.5832321 ], [ 30.2999565, 70.5832929 ], [ 30.3000253, 70.583305 ], [ 30.3000756, 70.5833069 ], [ 30.3001769, 70.5833049 ], [ 30.3002744, 70.5832855 ], [ 30.3003673, 70.5832569 ], [ 30.3003746, 70.5832463 ], [ 30.3002102, 70.583103 ], [ 30.3000718, 70.5830761 ], [ 30.2999794, 70.5830721 ], [ 30.2999566, 70.5830734 ], [ 30.2998509, 70.5830795 ] ] ] ] } },
{ "type": "Feature", "properties": { "FID": 395758, "id": 1516, "left": 30.0, "top": 75.0, "right": 35.0, "bottom": 70.0, "row_index": 3, "col_index": 42, "min_lon": 30.0, "min_lat": 70.0, "tile_id": "30_70" }, "geometry": { "type": "MultiPolygon", "coordinates": [ [ [ [ 30.1494202, 70.6883507 ], [ 30.1493533, 70.6883474 ], [ 30.1493038, 70.6883832 ], [ 30.1492921, 70.688469 ], [ 30.1493133, 70.6884807 ], [ 30.1499602, 70.6886178 ], [ 30.150104, 70.6886482 ], [ 30.1501331, 70.6886488 ], [ 30.1501234, 70.6885593 ], [ 30.1500572, 70.6885288 ], [ 30.1499602, 70.6885016 ], [ 30.1494202, 70.6883507 ] ] ] ] } },
{ "type": "Feature", "properties": { "FID": 395759, "id": 1516, "left": 30.0, "top": 75.0, "right": 35.0, "bottom": 70.0, "row_index": 3, "col_index": 42, "min_lon": 30.0, "min_lat": 70.0, "tile_id": "30_70" }, "geometry": { "type": "MultiPolygon", "coordinates": [ [ [ [ 30.042008, 70.5292766 ], [ 30.0419352, 70.5292724 ], [ 30.0416927, 70.529263 ], [ 30.0415774, 70.5292654 ], [ 30.0414704, 70.5292795 ], [ 30.0413124, 70.5293431 ], [ 30.0412405, 70.5293543 ], [ 30.0398688, 70.529332 ], [ 30.0397663, 70.5293236 ], [ 30.0394762, 70.5292741 ], [ 30.039314, 70.5292543 ], [ 30.0391984, 70.5292506 ], [ 30.0390859, 70.5292555 ], [ 30.0386835, 70.5293277 ], [ 30.0377843, 70.5296257 ], [ 30.0374738, 70.5297592 ], [ 30.0374514, 70.5298534 ], [ 30.0375302, 70.5299292 ], [ 30.0376737, 70.5300046 ], [ 30.0378881, 70.530163 ], [ 30.0379313, 70.530221 ], [ 30.0379103, 70.5303377 ], [ 30.0378674, 70.530398 ], [ 30.037795, 70.5304503 ], [ 30.0376411, 70.5305005 ], [ 30.0370523, 70.5305485 ], [ 30.0369811, 70.5305758 ], [ 30.0369822, 70.5305954 ], [ 30.0370506, 70.5306247 ], [ 30.0371593, 70.5306439 ], [ 30.0374074, 70.5306675 ], [ 30.0374748, 70.5306672 ], [ 30.0382762, 70.5305714 ], [ 30.0384642, 70.5305705 ], [ 30.0386127, 70.5305787 ], [ 30.0388433, 70.5306222 ], [ 30.0389257, 70.5306576 ], [ 30.0390199, 70.5307799 ], [ 30.0390811, 70.5308244 ], [ 30.0391716, 70.5308552 ], [ 30.0393343, 70.530893 ], [ 30.0399946, 70.5309818 ], [ 30.0407094, 70.531036 ], [ 30.0410135, 70.5310461 ], [ 30.0412686, 70.531042 ], [ 30.0414966, 70.5310274 ], [ 30.0416489, 70.5310086 ], [ 30.0418109, 70.5309746 ], [ 30.0419091, 70.5309427 ], [ 30.0419823, 70.5309038 ], [ 30.0420846, 70.5308028 ], [ 30.042163, 70.5307529 ], [ 30.0423136, 70.530694 ], [ 30.0424192, 70.5306638 ], [ 30.0429961, 70.5305854 ], [ 30.0437884, 70.530305 ], [ 30.0442137, 70.5300364 ], [ 30.0442255, 70.5300024 ], [ 30.04414, 70.5299041 ], [ 30.0440523, 70.5298715 ], [ 30.0437453, 70.5297987 ], [ 30.0436352, 70.5297527 ], [ 30.0435517, 70.5296904 ], [ 30.0435311, 70.5296502 ], [ 30.0435538, 70.5295666 ], [ 30.043539, 70.5295398 ], [ 30.0432466, 70.5294473 ], [ 30.0430977, 70.5294168 ], [ 30.0427861, 70.5293691 ], [ 30.0424601, 70.529292 ], [ 30.042355, 70.529237 ], [ 30.0423095, 70.5292327 ], [ 30.0422078, 70.5292468 ], [ 30.0420565, 70.529288 ], [ 30.042008, 70.5292766 ] ] ] ] } },
{ "type": "Feature", "properties": { "FID": 395760, "id": 1516, "left": 30.0, "top": 75.0, "right": 35.0, "bottom": 70.0, "row_index": 3, "col_index": 42, "min_lon": 30.0, "min_lat": 70.0, "tile_id": "30_70" }, "geometry": { "type": "MultiPolygon", "coordinates": [ [ [ [ 30.2048475, 70.5252441 ], [ 30.2048255, 70.5252226 ], [ 30.2045617, 70.5251454 ], [ 30.204435, 70.5251441 ], [ 30.2043152, 70.525259 ], [ 30.2043348, 70.5252774 ], [ 30.2044725, 70.525293 ], [ 30.2048342, 70.5252807 ], [ 30.2048475, 70.5252441 ] ] ] ] } },
{ "type": "Feature", "properties": { "FID": 395761, "id": 1516, "left": 30.0, "top": 75.0, "right": 35.0, "bottom": 70.0, "row_index": 3, "col_index": 42, "min_lon": 30.0, "min_lat": 70.0, "tile_id": "30_70" }, "geometry": { "type": "MultiPolygon", "coordinates": [ [ [ [ 30.5223382, 70.5450275 ], [ 30.5227507, 70.5450378 ], [ 30.5232263, 70.5449815 ], [ 30.5233706, 70.5449445 ], [ 30.5234033, 70.5449236 ], [ 30.5229271, 70.5448759 ], [ 30.5225231, 70.5449057 ], [ 30.522188, 70.5449917 ], [ 30.5223382, 70.5450275 ] ] ] ] } },
{ "type": "Feature", "properties": { "FID": 395762, "id": 1516, "left": 30.0, "top": 75.0, "right": 35.0, "bottom": 70.0, "row_index": 3, "col_index": 42, "min_lon": 30.0, "min_lat": 70.0, "tile_id": "30_70" }, "geometry": { "type": "MultiPolygon", "coordinates": [ [ [ [ 30.399142, 70.5486958 ], [ 30.3989947, 70.5486642 ], [ 30.3989275, 70.5486672 ], [ 30.3986783, 70.5487311 ], [ 30.3986795, 70.5488194 ], [ 30.3989151, 70.5488467 ], [ 30.3991081, 70.5488073 ], [ 30.3991944, 70.5487567 ], [ 30.399142, 70.5486958 ] ] ] ] } },
{ "type": "Feature", "properties": { "FID": 395763, "id": 1516, "left": 30.0, "top": 75.0, "right": 35.0, "bottom": 70.0, "row_index": 3, "col_index": 42, "min_lon": 30.0, "min_lat": 70.0, "tile_id": "30_70" }, "geometry": { "type": "MultiPolygon", "coordinates": [ [ [ [ 30.2706085, 70.5725788 ], [ 30.2706232, 70.5725555 ], [ 30.2705468, 70.5725058 ], [ 30.2700883, 70.572546 ], [ 30.269853, 70.5726255 ], [ 30.2701741, 70.5726266 ], [ 30.2701968, 70.5726257 ], [ 30.2701969, 70.5726188 ], [ 30.2706085, 70.5725788 ] ] ] ] } },
{ "type": "Feature", "properties": { "FID": 395764, "id": 1516, "left": 30.0, "top": 75.0, "right": 35.0, "bottom": 70.0, "row_index": 3, "col_index": 42, "min_lon": 30.0, "min_lat": 70.0, "tile_id": "30_70" }, "geometry": { "type": "MultiPolygon", "coordinates": [ [ [ [ 30.1513681, 70.6881699 ], [ 30.1511559, 70.6881015 ], [ 30.1510064, 70.6881024 ], [ 30.1509708, 70.6882485 ], [ 30.1509783, 70.6882644 ], [ 30.1510279, 70.6882879 ], [ 30.1510829, 70.6882974 ], [ 30.1514172, 70.6882887 ], [ 30.1513681, 70.6881699 ] ] ] ] } },
{ "type": "Feature", "properties": { "FID": 395765, "id": 1516, "left": 30.0, "top": 75.0, "right": 35.0, "bottom": 70.0, "row_index": 3, "col_index": 42, "min_lon": 30.0, "min_lat": 70.0, "tile_id": "30_70" }, "geometry": { "type": "MultiPolygon", "coordinates": [ [ [ [ 30.4984922, 70.5456787 ], [ 30.4980205, 70.5456744 ], [ 30.4979351, 70.545683 ], [ 30.4978517, 70.5457095 ], [ 30.4978364, 70.5457895 ], [ 30.4979651, 70.5457867 ], [ 30.498485, 70.5457447 ], [ 30.4985711, 70.5457217 ], [ 30.4984922, 70.5456787 ] ] ] ] } },
{ "type": "Feature", "properties": { "FID": 395766, "id": 1516, "left": 30.0, "top": 75.0, "right": 35.0, "bottom": 70.0, "row_index": 3, "col_index": 42, "min_lon": 30.0, "min_lat": 70.0, "tile_id": "30_70" }, "geometry": { "type": "MultiPolygon", "coordinates": [ [ [ [ 30.5017074, 70.5459509 ], [ 30.5014921, 70.5458786 ], [ 30.5010284, 70.5458479 ], [ 30.5008323, 70.5458464 ], [ 30.5009444, 70.5459219 ], [ 30.5012021, 70.5459747 ], [ 30.5016645, 70.5460186 ], [ 30.5016861, 70.5460095 ], [ 30.5017074, 70.5459509 ] ] ] ] } },
{ "type": "Feature", "properties": { "FID": 395767, "id": 1516, "left": 30.0, "top": 75.0, "right": 35.0, "bottom": 70.0, "row_index": 3, "col_index": 42, "min_lon": 30.0, "min_lat": 70.0, "tile_id": "30_70" }, "geometry": { "type": "MultiPolygon", "coordinates": [ [ [ [ 30.6631887, 70.4907062 ], [ 30.662854, 70.4906905 ], [ 30.662792, 70.4907029 ], [ 30.6627947, 70.4907155 ], [ 30.6628361, 70.4907318 ], [ 30.6632306, 70.4908124 ], [ 30.6636, 70.4908101 ], [ 30.6635573, 70.4907754 ], [ 30.6631887, 70.4907062 ] ] ] ] } },
{ "type": "Feature", "properties": { "FID": 395768, "id": 1516, "left": 30.0, "top": 75.0, "right": 35.0, "bottom": 70.0, "row_index": 3, "col_index": 42, "min_lon": 30.0, "min_lat": 70.0, "tile_id": "30_70" }, "geometry": { "type": "MultiPolygon", "coordinates": [ [ [ [ 30.3258195, 70.6023561 ], [ 30.3259021, 70.602308 ], [ 30.3259327, 70.6022675 ], [ 30.3259305, 70.6021005 ], [ 30.3258094, 70.602116 ], [ 30.3256388, 70.6021718 ], [ 30.3256151, 70.6021899 ], [ 30.3256999, 70.6023347 ], [ 30.3258195, 70.6023561 ] ] ] ] } },
{ "type": "Feature", "properties": { "FID": 395769, "id": 1516, "left": 30.0, "top": 75.0, "right": 35.0, "bottom": 70.0, "row_index": 3, "col_index": 42, "min_lon": 30.0, "min_lat": 70.0, "tile_id": "30_70" }, "geometry": { "type": "MultiPolygon", "coordinates": [ [ [ [ 30.350278, 70.5497447 ], [ 30.3503747, 70.5497405 ], [ 30.3504348, 70.5497163 ], [ 30.3504377, 70.5496972 ], [ 30.350378, 70.549625 ], [ 30.3502993, 70.5496149 ], [ 30.3499551, 70.5496034 ], [ 30.3497167, 70.5495955 ], [ 30.3496749, 70.5496069 ], [ 30.3496831, 70.5496264 ], [ 30.3498818, 70.5497293 ], [ 30.3499552, 70.5497321 ], [ 30.350278, 70.5497447 ] ] ] ] } },
{ "type": "Feature", "properties": { "FID": 395771, "id": 1516, "left": 30.0, "top": 75.0, "right": 35.0, "bottom": 70.0, "row_index": 3, "col_index": 42, "min_lon": 30.0, "min_lat": 70.0, "tile_id": "30_70" }, "geometry": { "type": "MultiPolygon", "coordinates": [ [ [ [ 30.458651, 70.5485831 ], [ 30.4587675, 70.5485203 ], [ 30.4587574, 70.548491 ], [ 30.4584424, 70.5484853 ], [ 30.4582507, 70.5484906 ], [ 30.4579874, 70.5485561 ], [ 30.4582577, 70.5485675 ], [ 30.4583977, 70.5486033 ], [ 30.458651, 70.5485831 ] ] ] ] } },
{ "type": "Feature", "properties": { "FID": 395772, "id": 1516, "left": 30.0, "top": 75.0, "right": 35.0, "bottom": 70.0, "row_index": 3, "col_index": 42, "min_lon": 30.0, "min_lat": 70.0, "tile_id": "30_70" }, "geometry": { "type": "MultiPolygon", "coordinates": [ [ [ [ 30.6704546, 70.4899152 ], [ 30.6706448, 70.489999 ], [ 30.6706917, 70.4900063 ], [ 30.6707969, 70.4900037 ], [ 30.6707668, 70.4898612 ], [ 30.6705819, 70.4897668 ], [ 30.6705443, 70.4897606 ], [ 30.6704751, 70.489766 ], [ 30.6704209, 70.4898055 ], [ 30.6704546, 70.4899152 ] ] ] ] } },
{ "type": "Feature", "properties": { "FID": 395774, "id": 1516, "left": 30.0, "top": 75.0, "right": 35.0, "bottom": 70.0, "row_index": 3, "col_index": 42, "min_lon": 30.0, "min_lat": 70.0, "tile_id": "30_70" }, "geometry": { "type": "MultiPolygon", "coordinates": [ [ [ [ 30.6192039, 70.5225978 ], [ 30.6191015, 70.5224314 ], [ 30.6185162, 70.5224571 ], [ 30.6184844, 70.5224957 ], [ 30.618484, 70.5225565 ], [ 30.6186207, 70.5226801 ], [ 30.6187231, 70.5227512 ], [ 30.6193512, 70.5227837 ], [ 30.6193972, 70.5227581 ], [ 30.6192039, 70.5225978 ] ] ] ] } },
{ "type": "Feature", "properties": { "FID": 395775, "id": 1516, "left": 30.0, "top": 75.0, "right": 35.0, "bottom": 70.0, "row_index": 3, "col_index": 42, "min_lon": 30.0, "min_lat": 70.0, "tile_id": "30_70" }, "geometry": { "type": "MultiPolygon", "coordinates": [ [ [ [ 30.6274355, 70.5459557 ], [ 30.6273933, 70.5459357 ], [ 30.6273259, 70.5459205 ], [ 30.6271397, 70.5459104 ], [ 30.6268292, 70.5459393 ], [ 30.6268277, 70.5459976 ], [ 30.6268437, 70.5460038 ], [ 30.6271258, 70.5460304 ], [ 30.6274327, 70.5459998 ], [ 30.6274355, 70.5459557 ] ] ] ] } },
{ "type": "Feature", "properties": { "FID": 395776, "id": 1516, "left": 30.0, "top": 75.0, "right": 35.0, "bottom": 70.0, "row_index": 3, "col_index": 42, "min_lon": 30.0, "min_lat": 70.0, "tile_id": "30_70" }, "geometry": { "type": "MultiPolygon", "coordinates": [ [ [ [ 30.5984783, 70.549752 ], [ 30.5983951, 70.5497418 ], [ 30.5982793, 70.549777 ], [ 30.5982489, 70.549849 ], [ 30.5986745, 70.549884 ], [ 30.5988862, 70.5498798 ], [ 30.5988901, 70.5498657 ], [ 30.5988215, 70.5498287 ], [ 30.5985938, 70.5497814 ], [ 30.5984783, 70.549752 ] ] ] ] } },
{ "type": "Feature", "properties": { "FID": 395777, "id": 1516, "left": 30.0, "top": 75.0, "right": 35.0, "bottom": 70.0, "row_index": 3, "col_index": 42, "min_lon": 30.0, "min_lat": 70.0, "tile_id": "30_70" }, "geometry": { "type": "MultiPolygon", "coordinates": [ [ [ [ 30.3240922, 70.6163124 ], [ 30.3242069, 70.6162953 ], [ 30.3244187, 70.6162255 ], [ 30.3244946, 70.6161875 ], [ 30.3245242, 70.6161355 ], [ 30.3242598, 70.6161541 ], [ 30.3242027, 70.616166 ], [ 30.323943, 70.6162614 ], [ 30.3239377, 70.6162927 ], [ 30.3240922, 70.6163124 ] ] ] ] } },
{ "type": "Feature", "properties": { "FID": 395778, "id": 1516, "left": 30.0, "top": 75.0, "right": 35.0, "bottom": 70.0, "row_index": 3, "col_index": 42, "min_lon": 30.0, "min_lat": 70.0, "tile_id": "30_70" }, "geometry": { "type": "MultiPolygon", "coordinates": [ [ [ [ 30.6063773, 70.5510343 ], [ 30.6064414, 70.5510729 ], [ 30.6066634, 70.5511206 ], [ 30.6068025, 70.5511268 ], [ 30.6068462, 70.5511239 ], [ 30.6069663, 70.551094 ], [ 30.6068599, 70.5510424 ], [ 30.6063999, 70.5509187 ], [ 30.6063783, 70.5509402 ], [ 30.6063773, 70.5510343 ] ] ] ] } },
{ "type": "Feature", "properties": { "FID": 395779, "id": 1516, "left": 30.0, "top": 75.0, "right": 35.0, "bottom": 70.0, "row_index": 3, "col_index": 42, "min_lon": 30.0, "min_lat": 70.0, "tile_id": "30_70" }, "geometry": { "type": "MultiPolygon", "coordinates": [ [ [ [ 30.4361371, 70.5536228 ], [ 30.4361367, 70.5535344 ], [ 30.4361002, 70.5535176 ], [ 30.4359946, 70.5534994 ], [ 30.4358662, 70.553502 ], [ 30.43558, 70.5537281 ], [ 30.4355424, 70.5537947 ], [ 30.4359255, 70.5537111 ], [ 30.4360798, 70.5537016 ], [ 30.4361371, 70.5536228 ] ] ] ] } },
{ "type": "Feature", "properties": { "FID": 395780, "id": 1516, "left": 30.0, "top": 75.0, "right": 35.0, "bottom": 70.0, "row_index": 3, "col_index": 42, "min_lon": 30.0, "min_lat": 70.0, "tile_id": "30_70" }, "geometry": { "type": "MultiPolygon", "coordinates": [ [ [ [ 30.17132, 70.6859404 ], [ 30.170944, 70.685872 ], [ 30.1708782, 70.6858832 ], [ 30.1708899, 70.685978 ], [ 30.1709327, 70.6859919 ], [ 30.1713185, 70.6860038 ], [ 30.1716534, 70.6859815 ], [ 30.1716517, 70.6859595 ], [ 30.1715724, 70.6859487 ], [ 30.17132, 70.6859404 ] ] ] ] } },
{ "type": "Feature", "properties": { "FID": 395781, "id": 1516, "left": 30.0, "top": 75.0, "right": 35.0, "bottom": 70.0, "row_index": 3, "col_index": 42, "min_lon": 30.0, "min_lat": 70.0, "tile_id": "30_70" }, "geometry": { "type": "MultiPolygon", "coordinates": [ [ [ [ 30.327662, 70.5444738 ], [ 30.3274536, 70.5444523 ], [ 30.3273058, 70.5444516 ], [ 30.3272668, 70.5444627 ], [ 30.3271667, 70.5445252 ], [ 30.3271156, 70.5446071 ], [ 30.3272166, 70.5446214 ], [ 30.3273718, 70.5446289 ], [ 30.3275094, 70.5445747 ], [ 30.327662, 70.5444738 ] ] ] ] } },
{ "type": "Feature", "properties": { "FID": 395782, "id": 1516, "left": 30.0, "top": 75.0, "right": 35.0, "bottom": 70.0, "row_index": 3, "col_index": 42, "min_lon": 30.0, "min_lat": 70.0, "tile_id": "30_70" }, "geometry": { "type": "MultiPolygon", "coordinates": [ [ [ [ 30.6485931, 70.4944821 ], [ 30.6489456, 70.4944801 ], [ 30.6490123, 70.4944701 ], [ 30.6489996, 70.4944404 ], [ 30.6488896, 70.4944226 ], [ 30.648488, 70.4944012 ], [ 30.6480423, 70.494399 ], [ 30.6478701, 70.4944085 ], [ 30.6479592, 70.4944449 ], [ 30.6485931, 70.4944821 ] ] ] ] } },
{ "type": "Feature", "properties": { "FID": 395783, "id": 1516, "left": 30.0, "top": 75.0, "right": 35.0, "bottom": 70.0, "row_index": 3, "col_index": 42, "min_lon": 30.0, "min_lat": 70.0, "tile_id": "30_70" }, "geometry": { "type": "MultiPolygon", "coordinates": [ [ [ [ 30.2485722, 70.640848 ], [ 30.2485628, 70.6408677 ], [ 30.2485876, 70.6408807 ], [ 30.2489341, 70.6409522 ], [ 30.2491939, 70.6409524 ], [ 30.2492921, 70.6408818 ], [ 30.2492862, 70.640854 ], [ 30.2491079, 70.6408199 ], [ 30.2488133, 70.640811 ], [ 30.2485722, 70.640848 ] ] ] ] } },
{ "type": "Feature", "properties": { "FID": 395784, "id": 1516, "left": 30.0, "top": 75.0, "right": 35.0, "bottom": 70.0, "row_index": 3, "col_index": 42, "min_lon": 30.0, "min_lat": 70.0, "tile_id": "30_70" }, "geometry": { "type": "MultiPolygon", "coordinates": [ [ [ [ 30.6905992, 70.4823424 ], [ 30.6902784, 70.4823343 ], [ 30.6901605, 70.482341 ], [ 30.689561, 70.4824063 ], [ 30.6894789, 70.4824304 ], [ 30.6894752, 70.482454 ], [ 30.6896329, 70.4824577 ], [ 30.6899262, 70.4824502 ], [ 30.6905817, 70.482358 ], [ 30.6905992, 70.4823424 ] ] ] ] } },
{ "type": "Feature", "properties": { "FID": 419697, "id": 1516, "left": 30.0, "top": 75.0, "right": 35.0, "bottom": 70.0, "row_index": 3, "col_index": 42, "min_lon": 30.0, "min_lat": 70.0, "tile_id": "30_70" }, "geometry": { "type": "MultiPolygon", "coordinates": [ [ [ [ 31.0086129, 70.4079295 ], [ 31.0083904, 70.4079113 ], [ 31.0082296, 70.4079651 ], [ 31.0082074, 70.4079879 ], [ 31.008369, 70.4080907 ], [ 31.008477, 70.4081282 ], [ 31.0086469, 70.4081613 ], [ 31.0088934, 70.4081894 ], [ 31.0092366, 70.4081438 ], [ 31.0095187, 70.4080649 ], [ 31.0095358, 70.4080505 ], [ 31.0095285, 70.4080172 ], [ 31.0094537, 70.4079756 ], [ 31.0093549, 70.4079519 ], [ 31.0086129, 70.4079295 ] ] ] ] } },
{ "type": "Feature", "properties": { "FID": 536885, "id": 1516, "left": 30.0, "top": 75.0, "right": 35.0, "bottom": 70.0, "row_index": 3, "col_index": 42, "min_lon": 30.0, "min_lat": 70.0, "tile_id": "30_70" }, "geometry": { "type": "MultiPolygon", "coordinates": [ [ [ [ 31.14933, 70.3894104 ], [ 31.1492978, 70.3894278 ], [ 31.1493001, 70.3894453 ], [ 31.1494267, 70.3895807 ], [ 31.1495822, 70.3896746 ], [ 31.1496562, 70.3897026 ], [ 31.1498197, 70.3897214 ], [ 31.1498443, 70.3897177 ], [ 31.1498646, 70.3897101 ], [ 31.1498813, 70.3896513 ], [ 31.149928, 70.3896536 ], [ 31.150089, 70.3896818 ], [ 31.1502518, 70.3897595 ], [ 31.1502997, 70.3897639 ], [ 31.1503589, 70.3897577 ], [ 31.150389, 70.3897243 ], [ 31.1503856, 70.3896807 ], [ 31.1501954, 70.3894957 ], [ 31.1500441, 70.3893901 ], [ 31.1499591, 70.3893798 ], [ 31.1499279, 70.3893814 ], [ 31.14933, 70.3894104 ] ] ] ] } },
{ "type": "Feature", "properties": { "FID": 536886, "id": 1516, "left": 30.0, "top": 75.0, "right": 35.0, "bottom": 70.0, "row_index": 3, "col_index": 42, "min_lon": 30.0, "min_lat": 70.0, "tile_id": "30_70" }, "geometry": { "type": "MultiPolygon", "coordinates": [ [ [ [ 31.1505812, 70.3902659 ], [ 31.1506432, 70.3903567 ], [ 31.1509269, 70.3905586 ], [ 31.1511169, 70.3906263 ], [ 31.1512034, 70.3906327 ], [ 31.1512691, 70.3906199 ], [ 31.1513726, 70.3905713 ], [ 31.1514064, 70.3905377 ], [ 31.1514025, 70.3904738 ], [ 31.150863, 70.3899428 ], [ 31.1508318, 70.3899296 ], [ 31.1506303, 70.389888 ], [ 31.1505084, 70.3898777 ], [ 31.1504305, 70.3899012 ], [ 31.1504115, 70.3899575 ], [ 31.1505245, 70.3901295 ], [ 31.1505812, 70.3902659 ] ] ] ] } },
{ "type": "Feature", "properties": { "FID": 536887, "id": 1516, "left": 30.0, "top": 75.0, "right": 35.0, "bottom": 70.0, "row_index": 3, "col_index": 42, "min_lon": 30.0, "min_lat": 70.0, "tile_id": "30_70" }, "geometry": { "type": "MultiPolygon", "coordinates": [ [ [ [ 31.1597953, 70.3832794 ], [ 31.1605224, 70.3833359 ], [ 31.1605463, 70.3833294 ], [ 31.1605201, 70.3832945 ], [ 31.1603864, 70.3831689 ], [ 31.1606885, 70.3830034 ], [ 31.160957, 70.3829858 ], [ 31.1611815, 70.3828627 ], [ 31.1611873, 70.3827444 ], [ 31.1610393, 70.3825849 ], [ 31.1608594, 70.3824707 ], [ 31.1606144, 70.3823555 ], [ 31.1604158, 70.3823236 ], [ 31.1601834, 70.3822339 ], [ 31.1602003, 70.3822228 ], [ 31.160358, 70.3822005 ], [ 31.1603972, 70.382202 ], [ 31.1606117, 70.382258 ], [ 31.1609199, 70.3823515 ], [ 31.1611643, 70.3824415 ], [ 31.1619008, 70.3826463 ], [ 31.1626901, 70.3828338 ], [ 31.1627869, 70.3828508 ], [ 31.1629091, 70.3828453 ], [ 31.1630192, 70.3828297 ], [ 31.1630723, 70.3827919 ], [ 31.1630181, 70.3825136 ], [ 31.1630404, 70.3822564 ], [ 31.1629131, 70.3821333 ], [ 31.1626233, 70.3820887 ], [ 31.1629096, 70.3818293 ], [ 31.1628817, 70.3817574 ], [ 31.1628242, 70.3816845 ], [ 31.1625956, 70.3815716 ], [ 31.1623699, 70.3815179 ], [ 31.1614709, 70.381331 ], [ 31.1613821, 70.3813203 ], [ 31.1612216, 70.3813242 ], [ 31.1604341, 70.3814395 ], [ 31.1593626, 70.3817326 ], [ 31.1592958, 70.3817714 ], [ 31.1589251, 70.38222 ], [ 31.158875, 70.3823336 ], [ 31.1588635, 70.3824751 ], [ 31.1588921, 70.3825819 ], [ 31.1589435, 70.3826702 ], [ 31.1590072, 70.3827039 ], [ 31.1590729, 70.382716 ], [ 31.1592075, 70.3828836 ], [ 31.1591773, 70.3830686 ], [ 31.1593366, 70.3831169 ], [ 31.1596311, 70.3832577 ], [ 31.1597953, 70.3832794 ] ] ] ] } },
{ "type": "Feature", "properties": { "FID": 536933, "id": 1516, "left": 30.0, "top": 75.0, "right": 35.0, "bottom": 70.0, "row_index": 3, "col_index": 42, "min_lon": 30.0, "min_lat": 70.0, "tile_id": "30_70" }, "geometry": { "type": "MultiPolygon", "coordinates": [ [ [ [ 31.1189017, 70.4037199 ], [ 31.1189885, 70.403796 ], [ 31.1190634, 70.4038306 ], [ 31.1194028, 70.4040413 ], [ 31.1194813, 70.4041371 ], [ 31.1196236, 70.4042115 ], [ 31.1198641, 70.4043014 ], [ 31.1201324, 70.4043719 ], [ 31.1201941, 70.404384 ], [ 31.1202979, 70.4043894 ], [ 31.1205452, 70.404384 ], [ 31.1206257, 70.4043748 ], [ 31.1212299, 70.4042866 ], [ 31.1214953, 70.4042047 ], [ 31.1216962, 70.404032 ], [ 31.1216881, 70.4040158 ], [ 31.1215782, 70.4039694 ], [ 31.1209417, 70.4037522 ], [ 31.1206724, 70.403675 ], [ 31.1205389, 70.403651 ], [ 31.1205281, 70.4036444 ], [ 31.1205323, 70.4036404 ], [ 31.1205497, 70.4036348 ], [ 31.1207616, 70.4036124 ], [ 31.1208704, 70.403605 ], [ 31.12096, 70.4035938 ], [ 31.1210771, 70.4035549 ], [ 31.1211669, 70.4035182 ], [ 31.1211145, 70.4034383 ], [ 31.1209863, 70.4033577 ], [ 31.1209135, 70.4033373 ], [ 31.1207381, 70.403307 ], [ 31.1205827, 70.4033056 ], [ 31.1201579, 70.4031459 ], [ 31.1200112, 70.4030721 ], [ 31.1199477, 70.4030628 ], [ 31.1193327, 70.4031043 ], [ 31.1192109, 70.403122 ], [ 31.1190643, 70.4031543 ], [ 31.1189807, 70.4032045 ], [ 31.1187906, 70.4034181 ], [ 31.1187757, 70.4034626 ], [ 31.1188295, 70.4035836 ], [ 31.1189017, 70.4037199 ] ] ] ] } },
{ "type": "Feature", "properties": { "FID": 536934, "id": 1516, "left": 30.0, "top": 75.0, "right": 35.0, "bottom": 70.0, "row_index": 3, "col_index": 42, "min_lon": 30.0, "min_lat": 70.0, "tile_id": "30_70" }, "geometry": { "type": "MultiPolygon", "coordinates": [ [ [ [ 31.0842699, 70.3965479 ], [ 31.0843252, 70.3969712 ], [ 31.0845653, 70.3975384 ], [ 31.0845309, 70.397813 ], [ 31.0846792, 70.3982428 ], [ 31.084803, 70.398352 ], [ 31.0852924, 70.3985495 ], [ 31.0853244, 70.3987702 ], [ 31.0856322, 70.3990457 ], [ 31.0861475, 70.3991622 ], [ 31.086508, 70.3991476 ], [ 31.0868048, 70.3992836 ], [ 31.0870009, 70.3994312 ], [ 31.0866747, 70.3995815 ], [ 31.0866531, 70.3995763 ], [ 31.0867942, 70.3993719 ], [ 31.0867595, 70.3993121 ], [ 31.0864923, 70.399198 ], [ 31.0864, 70.3991769 ], [ 31.08631, 70.399189 ], [ 31.0862359, 70.3992245 ], [ 31.0861201, 70.3993099 ], [ 31.0861475, 70.3993506 ], [ 31.0862931, 70.399353 ], [ 31.0865456, 70.3994171 ], [ 31.0865722, 70.3994803 ], [ 31.0865694, 70.3995726 ], [ 31.086687, 70.3997081 ], [ 31.086809, 70.3997229 ], [ 31.0870523, 70.3997154 ], [ 31.0872573, 70.3996912 ], [ 31.0874136, 70.3995546 ], [ 31.0879055, 70.3995489 ], [ 31.0880055, 70.3995081 ], [ 31.0882077, 70.3991752 ], [ 31.0884617, 70.3983392 ], [ 31.0882086, 70.3983077 ], [ 31.088117, 70.3982667 ], [ 31.0879533, 70.3981087 ], [ 31.088249, 70.3979953 ], [ 31.0883214, 70.3979926 ], [ 31.0884277, 70.3979577 ], [ 31.0886213, 70.3978578 ], [ 31.0886322, 70.3978406 ], [ 31.0885601, 70.3978122 ], [ 31.0884678, 70.3978163 ], [ 31.0883182, 70.3978521 ], [ 31.0875037, 70.3974373 ], [ 31.0874016, 70.3973725 ], [ 31.087597, 70.3973486 ], [ 31.0876338, 70.3973169 ], [ 31.0876121, 70.3972535 ], [ 31.0875605, 70.3972164 ], [ 31.0874547, 70.397197 ], [ 31.0873983, 70.3971961 ], [ 31.0871649, 70.3972175 ], [ 31.0870341, 70.3972456 ], [ 31.0869249, 70.397257 ], [ 31.0868217, 70.397173 ], [ 31.0867664, 70.3967481 ], [ 31.086833, 70.3966557 ], [ 31.0868733, 70.3965415 ], [ 31.0867203, 70.3962553 ], [ 31.0866831, 70.3962352 ], [ 31.0866193, 70.3962268 ], [ 31.0860224, 70.3962562 ], [ 31.0855938, 70.3963246 ], [ 31.0854935, 70.3963766 ], [ 31.0854142, 70.3963699 ], [ 31.0852574, 70.3963266 ], [ 31.0850804, 70.3962097 ], [ 31.0850326, 70.3961308 ], [ 31.0850034, 70.3961164 ], [ 31.0849301, 70.3961079 ], [ 31.0847771, 70.3961075 ], [ 31.0847054, 70.3961135 ], [ 31.0846238, 70.3961357 ], [ 31.0845768, 70.3962448 ], [ 31.084458, 70.3963227 ], [ 31.0844244, 70.3963 ], [ 31.0843787, 70.3963048 ], [ 31.0843586, 70.3963146 ], [ 31.0842857, 70.3964109 ], [ 31.0842699, 70.3965479 ] ] ] ] } },
{ "type": "Feature", "properties": { "FID": 668417, "id": 1516, "left": 30.0, "top": 75.0, "right": 35.0, "bottom": 70.0, "row_index": 3, "col_index": 42, "min_lon": 30.0, "min_lat": 70.0, "tile_id": "30_70" }, "geometry": { "type": "MultiPolygon", "coordinates": [ [ [ [ 31.1084828, 70.368653 ], [ 31.1084846, 70.3687487 ], [ 31.1084327, 70.3690308 ], [ 31.1083885, 70.3691629 ], [ 31.1083917, 70.3695502 ], [ 31.1083876, 70.3695544 ], [ 31.1083001, 70.3696458 ], [ 31.1080363, 70.3697905 ], [ 31.1079765, 70.3698044 ], [ 31.1077987, 70.3698108 ], [ 31.1072051, 70.3697699 ], [ 31.1069567, 70.3697183 ], [ 31.1067192, 70.3696339 ], [ 31.1059385, 70.3690495 ], [ 31.1055213, 70.3686398 ], [ 31.1052197, 70.3683717 ], [ 31.104919, 70.3681952 ], [ 31.104605, 70.3680299 ], [ 31.1043707, 70.3679102 ], [ 31.1039772, 70.3677438 ], [ 31.1038778, 70.3676941 ], [ 31.1038468, 70.3676645 ], [ 31.1038116, 70.3675908 ], [ 31.1038129, 70.3674175 ], [ 31.1036947, 70.3668603 ], [ 31.1036675, 70.3664058 ], [ 31.1038643, 70.3666515 ], [ 31.1038847, 70.366705 ], [ 31.1039337, 70.3667102 ], [ 31.1039503, 70.3666991 ], [ 31.103889, 70.3664062 ], [ 31.1037167, 70.3662646 ], [ 31.1034581, 70.3661138 ], [ 31.103348, 70.3655649 ], [ 31.1033127, 70.3649003 ], [ 31.1032494, 70.3645839 ], [ 31.1031236, 70.3645548 ], [ 31.102787, 70.3645737 ], [ 31.1026247, 70.3645955 ], [ 31.1025549, 70.3646202 ], [ 31.1025591, 70.3646556 ], [ 31.1025803, 70.3646665 ], [ 31.1025745, 70.3646988 ], [ 31.1025026, 70.3647375 ], [ 31.10247, 70.3647363 ], [ 31.102326, 70.364697 ], [ 31.1022682, 70.3646125 ], [ 31.1023, 70.3645709 ], [ 31.1024811, 70.3644816 ], [ 31.1024879, 70.364463 ], [ 31.1024808, 70.3644261 ], [ 31.1023578, 70.3643518 ], [ 31.1022587, 70.3643726 ], [ 31.1022066, 70.3644027 ], [ 31.1021669, 70.3644703 ], [ 31.1020889, 70.3644909 ], [ 31.1017707, 70.3644468 ], [ 31.1016046, 70.3643743 ], [ 31.1013554, 70.3643958 ], [ 31.1013012, 70.3644081 ], [ 31.1012705, 70.3644524 ], [ 31.101189, 70.3646531 ], [ 31.1010134, 70.3647636 ], [ 31.1009707, 70.3647649 ], [ 31.1009052, 70.3647482 ], [ 31.1009316, 70.3646879 ], [ 31.1009078, 70.3646476 ], [ 31.1008435, 70.3646498 ], [ 31.1006873, 70.364693 ], [ 31.1006162, 70.3647354 ], [ 31.1006064, 70.3647659 ], [ 31.1006474, 70.3649656 ], [ 31.1006713, 70.3649999 ], [ 31.1007551, 70.3650485 ], [ 31.1007668, 70.3650725 ], [ 31.1007058, 70.3651434 ], [ 31.1006316, 70.3651581 ], [ 31.1003451, 70.3651413 ], [ 31.1002579, 70.3651172 ], [ 31.1001748, 70.3649963 ], [ 31.100149, 70.3648752 ], [ 31.0999963, 70.364752 ], [ 31.099932, 70.3647347 ], [ 31.0999301, 70.3647314 ], [ 31.0998545, 70.3645988 ], [ 31.0997965, 70.3643048 ], [ 31.0997331, 70.3642899 ], [ 31.0996154, 70.3642802 ], [ 31.0996008, 70.3642862 ], [ 31.0996244, 70.3643468 ], [ 31.099578, 70.3644761 ], [ 31.0995341, 70.3644916 ], [ 31.0991786, 70.3645344 ], [ 31.099113, 70.3645199 ], [ 31.0991498, 70.364329 ], [ 31.0989675, 70.3641147 ], [ 31.0989116, 70.3639662 ], [ 31.0988872, 70.3634371 ], [ 31.0989014, 70.3630094 ], [ 31.0988153, 70.3629833 ], [ 31.0988264, 70.3628071 ], [ 31.0989152, 70.3626296 ], [ 31.0988992, 70.3625506 ], [ 31.0988262, 70.3625352 ], [ 31.0985686, 70.3625855 ], [ 31.0985188, 70.3626263 ], [ 31.0984784, 70.3626933 ], [ 31.0984764, 70.3627848 ], [ 31.0985558, 70.3628818 ], [ 31.0985142, 70.3630031 ], [ 31.09847, 70.363024 ], [ 31.0983325, 70.3630567 ], [ 31.0982749, 70.3630562 ], [ 31.0981227, 70.3630126 ], [ 31.0979471, 70.363072 ], [ 31.0978354, 70.3632575 ], [ 31.0977353, 70.3633405 ], [ 31.0976441, 70.3633353 ], [ 31.0976379, 70.3633089 ], [ 31.0975974, 70.3632877 ], [ 31.0974889, 70.3632902 ], [ 31.0972136, 70.363316 ], [ 31.0971411, 70.3633958 ], [ 31.0971137, 70.3634769 ], [ 31.0970235, 70.3635096 ], [ 31.0968956, 70.3635386 ], [ 31.0965747, 70.363574 ], [ 31.0958898, 70.3636113 ], [ 31.0954448, 70.3635787 ], [ 31.0952975, 70.3635578 ], [ 31.0951449, 70.3634823 ], [ 31.0951095, 70.3633517 ], [ 31.0950144, 70.3631886 ], [ 31.0948767, 70.3631143 ], [ 31.0947418, 70.3630672 ], [ 31.0946378, 70.3630447 ], [ 31.0945246, 70.3630483 ], [ 31.094477, 70.3630707 ], [ 31.0944537, 70.3631014 ], [ 31.0943567, 70.3633317 ], [ 31.0941135, 70.3635805 ], [ 31.0941983, 70.3637573 ], [ 31.0939831, 70.3637817 ], [ 31.0939373, 70.3638371 ], [ 31.0939178, 70.3640305 ], [ 31.0937571, 70.3646058 ], [ 31.0937792, 70.3649072 ], [ 31.0939231, 70.36509 ], [ 31.0942744, 70.3653181 ], [ 31.094599, 70.3655849 ], [ 31.0946165, 70.365621 ], [ 31.0946867, 70.3659332 ], [ 31.0944419, 70.3662002 ], [ 31.0945184, 70.3663186 ], [ 31.0944048, 70.3663795 ], [ 31.09426, 70.3664387 ], [ 31.094425, 70.3666844 ], [ 31.0943182, 70.3669724 ], [ 31.0942449, 70.3669586 ], [ 31.0941211, 70.36696 ], [ 31.093768, 70.3669806 ], [ 31.0937503, 70.3671579 ], [ 31.0936603, 70.3673801 ], [ 31.0933571, 70.3674969 ], [ 31.0929305, 70.3675857 ], [ 31.0929216, 70.367705 ], [ 31.0929678, 70.3677166 ], [ 31.0929927, 70.3678008 ], [ 31.0927913, 70.3680341 ], [ 31.0924451, 70.3682716 ], [ 31.0922707, 70.3685321 ], [ 31.092143, 70.3687599 ], [ 31.0920248, 70.3688751 ], [ 31.0917928, 70.3690418 ], [ 31.0914072, 70.3692417 ], [ 31.0913013, 70.3692424 ], [ 31.0911136, 70.369403 ], [ 31.0910592, 70.3695567 ], [ 31.0908282, 70.3699433 ], [ 31.0907221, 70.3703208 ], [ 31.090726, 70.3703971 ], [ 31.09053, 70.3706415 ], [ 31.0904915, 70.3706493 ], [ 31.0904668, 70.3706814 ], [ 31.0904152, 70.3710487 ], [ 31.0905878, 70.3711243 ], [ 31.090849, 70.371204 ], [ 31.0909221, 70.3712186 ], [ 31.091074, 70.3712294 ], [ 31.0914521, 70.3712179 ], [ 31.091601, 70.3712278 ], [ 31.0916928, 70.3712498 ], [ 31.0918379, 70.3713119 ], [ 31.0918572, 70.3713739 ], [ 31.0918411, 70.3714577 ], [ 31.091746, 70.371653 ], [ 31.0915745, 70.3717895 ], [ 31.0913682, 70.3719109 ], [ 31.0911088, 70.3720226 ], [ 31.0909481, 70.3720796 ], [ 31.0907664, 70.3721302 ], [ 31.0905673, 70.3721729 ], [ 31.0900718, 70.3722297 ], [ 31.0899679, 70.3722151 ], [ 31.089915, 70.3721231 ], [ 31.0899354, 70.3718588 ], [ 31.0899201, 70.3717967 ], [ 31.089785, 70.3716837 ], [ 31.0897497, 70.3716805 ], [ 31.0897103, 70.3716862 ], [ 31.0894312, 70.3718544 ], [ 31.0891308, 70.3720654 ], [ 31.0888167, 70.3723261 ], [ 31.0886161, 70.3724225 ], [ 31.0884669, 70.3724762 ], [ 31.0883788, 70.3725013 ], [ 31.0880975, 70.3725238 ], [ 31.087252, 70.3724872 ], [ 31.0870541, 70.372553 ], [ 31.0866331, 70.372928 ], [ 31.0865417, 70.373306 ], [ 31.0865273, 70.3733331 ], [ 31.086438, 70.3733858 ], [ 31.0860868, 70.3734389 ], [ 31.0858008, 70.373464 ], [ 31.0846051, 70.3735165 ], [ 31.0835745, 70.3735466 ], [ 31.0828631, 70.3735776 ], [ 31.0823472, 70.3736296 ], [ 31.0822822, 70.373655 ], [ 31.0822243, 70.3736947 ], [ 31.08222, 70.3737136 ], [ 31.0824187, 70.3737248 ], [ 31.082619, 70.3737241 ], [ 31.0827993, 70.3737037 ], [ 31.0831795, 70.3736831 ], [ 31.0837575, 70.3736625 ], [ 31.0844411, 70.3736529 ], [ 31.0846251, 70.3737579 ], [ 31.0847275, 70.3737685 ], [ 31.0852365, 70.3737101 ], [ 31.0854614, 70.3736686 ], [ 31.0855481, 70.3736645 ], [ 31.0859874, 70.3736496 ], [ 31.0863472, 70.3736692 ], [ 31.0865164, 70.3736895 ], [ 31.086401, 70.3739397 ], [ 31.0861879, 70.3743258 ], [ 31.0860702, 70.3749704 ], [ 31.0857234, 70.3752865 ], [ 31.085391, 70.3754589 ], [ 31.0851918, 70.3755278 ], [ 31.0849886, 70.3755792 ], [ 31.08443, 70.3757799 ], [ 31.083891, 70.3760159 ], [ 31.0836593, 70.3760992 ], [ 31.0833948, 70.3762725 ], [ 31.0829262, 70.376409 ], [ 31.082097, 70.3766217 ], [ 31.0817988, 70.3766696 ], [ 31.081376, 70.3767182 ], [ 31.0812615, 70.3767398 ], [ 31.0806859, 70.3769529 ], [ 31.080312, 70.3770659 ], [ 31.0798294, 70.3771923 ], [ 31.0795044, 70.3772434 ], [ 31.0794311, 70.377277 ], [ 31.0793647, 70.3772893 ], [ 31.0791234, 70.3773256 ], [ 31.0789744, 70.37734 ], [ 31.0782379, 70.3773708 ], [ 31.0779129, 70.3773577 ], [ 31.0776615, 70.3773524 ], [ 31.0775286, 70.3773644 ], [ 31.0773663, 70.3773997 ], [ 31.0771656, 70.3774602 ], [ 31.0764957, 70.3775425 ], [ 31.0764623, 70.3775576 ], [ 31.0763261, 70.3776848 ], [ 31.0765107, 70.3778218 ], [ 31.0765627, 70.377836 ], [ 31.076631, 70.3778387 ], [ 31.0768322, 70.3780688 ], [ 31.0768666, 70.3784007 ], [ 31.0768138, 70.3784317 ], [ 31.0765921, 70.3784825 ], [ 31.0765128, 70.3785164 ], [ 31.0764893, 70.3786029 ], [ 31.0765686, 70.3787041 ], [ 31.0767554, 70.378763 ], [ 31.0768942, 70.3788291 ], [ 31.0771007, 70.3789901 ], [ 31.0769776, 70.379024 ], [ 31.0768977, 70.3790345 ], [ 31.0767422, 70.37913 ], [ 31.0771063, 70.3793109 ], [ 31.0771558, 70.3793762 ], [ 31.0771334, 70.3794501 ], [ 31.077055, 70.3794689 ], [ 31.0770156, 70.3794882 ], [ 31.0769412, 70.3795477 ], [ 31.0768939, 70.3796085 ], [ 31.0769031, 70.3798806 ], [ 31.0769414, 70.3799238 ], [ 31.0769979, 70.3799424 ], [ 31.0771731, 70.3799684 ], [ 31.0774456, 70.3799524 ], [ 31.0776077, 70.3800153 ], [ 31.0776461, 70.3801716 ], [ 31.077585, 70.3803164 ], [ 31.0774424, 70.3803934 ], [ 31.0775184, 70.3805339 ], [ 31.0779106, 70.380833 ], [ 31.0780639, 70.3809832 ], [ 31.0780144, 70.3811396 ], [ 31.0780556, 70.3813355 ], [ 31.0782115, 70.3814166 ], [ 31.0782742, 70.3814339 ], [ 31.0783821, 70.3815188 ], [ 31.0784164, 70.3816405 ], [ 31.0782504, 70.3816975 ], [ 31.0782168, 70.3818065 ], [ 31.0782498, 70.3818862 ], [ 31.0783239, 70.3819697 ], [ 31.0783612, 70.3819696 ], [ 31.0783916, 70.3819371 ], [ 31.0785115, 70.3819494 ], [ 31.0787963, 70.3820695 ], [ 31.0789729, 70.3821937 ], [ 31.0790512, 70.3822947 ], [ 31.079039, 70.3823198 ], [ 31.0789698, 70.3823322 ], [ 31.0788616, 70.382473 ], [ 31.0788609, 70.3826401 ], [ 31.0789343, 70.3828206 ], [ 31.0788742, 70.382879 ], [ 31.0783458, 70.383075 ], [ 31.0778261, 70.3835055 ], [ 31.077782, 70.3835276 ], [ 31.0777331, 70.3835799 ], [ 31.0777329, 70.3836914 ], [ 31.0778074, 70.3837148 ], [ 31.0779141, 70.383733 ], [ 31.0777614, 70.3839611 ], [ 31.0777586, 70.3840234 ], [ 31.0777921, 70.3841129 ], [ 31.0778074, 70.3841284 ], [ 31.077967, 70.3841507 ], [ 31.0780041, 70.3841404 ], [ 31.0782393, 70.3842945 ], [ 31.0783587, 70.3844573 ], [ 31.0784084, 70.3846678 ], [ 31.078288, 70.3849644 ], [ 31.0782249, 70.3850669 ], [ 31.0781617, 70.3851161 ], [ 31.0781375, 70.3851277 ], [ 31.0778722, 70.3851889 ], [ 31.077258, 70.3853074 ], [ 31.0771643, 70.3853372 ], [ 31.077147, 70.3853677 ], [ 31.0772093, 70.3854093 ], [ 31.0773079, 70.3854216 ], [ 31.077815, 70.3854432 ], [ 31.0778711, 70.385464 ], [ 31.0778858, 70.3854811 ], [ 31.0778932, 70.3855339 ], [ 31.0778737, 70.3855625 ], [ 31.0778357, 70.3855939 ], [ 31.0777637, 70.3856221 ], [ 31.0773205, 70.3857622 ], [ 31.0769435, 70.3858314 ], [ 31.0768562, 70.3858062 ], [ 31.0767346, 70.3857916 ], [ 31.0762691, 70.3857959 ], [ 31.0760635, 70.385805 ], [ 31.0759879, 70.385816 ], [ 31.0756213, 70.3861703 ], [ 31.0754575, 70.3864512 ], [ 31.0754652, 70.3865265 ], [ 31.0754318, 70.3866231 ], [ 31.0753927, 70.3866682 ], [ 31.0752416, 70.3866993 ], [ 31.0745525, 70.3867349 ], [ 31.0745432, 70.386747 ], [ 31.0746238, 70.386798 ], [ 31.074681, 70.3868012 ], [ 31.0750091, 70.3868542 ], [ 31.0745583, 70.3869794 ], [ 31.0741172, 70.3871167 ], [ 31.0740919, 70.3872985 ], [ 31.0743091, 70.3874582 ], [ 31.0743542, 70.3874595 ], [ 31.0745115, 70.3875185 ], [ 31.0745257, 70.387576 ], [ 31.0744995, 70.3877648 ], [ 31.074179, 70.3879423 ], [ 31.0738866, 70.3880113 ], [ 31.0737013, 70.3880373 ], [ 31.0735122, 70.3880544 ], [ 31.0733583, 70.3880415 ], [ 31.0732676, 70.3880459 ], [ 31.0731265, 70.3881077 ], [ 31.0730915, 70.3881422 ], [ 31.0730813, 70.3881905 ], [ 31.0731505, 70.3883696 ], [ 31.0733403, 70.3885066 ], [ 31.0733959, 70.3885901 ], [ 31.0734225, 70.3886779 ], [ 31.0732636, 70.388862 ], [ 31.0731555, 70.3889521 ], [ 31.0731077, 70.3890412 ], [ 31.0731111, 70.3890781 ], [ 31.0731775, 70.3891664 ], [ 31.0734497, 70.38932 ], [ 31.073679, 70.3895594 ], [ 31.0737016, 70.3896115 ], [ 31.0736983, 70.3896798 ], [ 31.0736486, 70.3897563 ], [ 31.0732193, 70.3900018 ], [ 31.0718976, 70.3909321 ], [ 31.071843, 70.3910885 ], [ 31.0717699, 70.3911371 ], [ 31.0714534, 70.3911816 ], [ 31.0713184, 70.3911928 ], [ 31.0709761, 70.3913538 ], [ 31.070691, 70.3913842 ], [ 31.0706635, 70.3913453 ], [ 31.0705917, 70.391307 ], [ 31.0705261, 70.3912858 ], [ 31.0703006, 70.3912473 ], [ 31.0700852, 70.3912265 ], [ 31.0699488, 70.3912262 ], [ 31.0697909, 70.3912622 ], [ 31.0696261, 70.391439 ], [ 31.0697463, 70.391436 ], [ 31.0699501, 70.3914773 ], [ 31.0701501, 70.391584 ], [ 31.0702025, 70.3916929 ], [ 31.0700599, 70.3917253 ], [ 31.0699725, 70.3917215 ], [ 31.0698819, 70.391728 ], [ 31.0698421, 70.3917506 ], [ 31.0698375, 70.3917957 ], [ 31.0699518, 70.3918783 ], [ 31.069966, 70.3918852 ], [ 31.0700334, 70.3918895 ], [ 31.0702425, 70.391874 ], [ 31.0705111, 70.391889 ], [ 31.0701202, 70.3919217 ], [ 31.0700438, 70.3919492 ], [ 31.0698649, 70.3920325 ], [ 31.0698534, 70.3920721 ], [ 31.0698835, 70.3921193 ], [ 31.0699285, 70.3921283 ], [ 31.069964, 70.3921266 ], [ 31.0704572, 70.3920524 ], [ 31.0710731, 70.3920132 ], [ 31.071249, 70.3920273 ], [ 31.0716726, 70.3922584 ], [ 31.0717553, 70.3923434 ], [ 31.0717418, 70.3924481 ], [ 31.0719482, 70.3926043 ], [ 31.0718195, 70.3926922 ], [ 31.0716043, 70.3926865 ], [ 31.0713474, 70.392852 ], [ 31.0713799, 70.3929216 ], [ 31.0710117, 70.3929608 ], [ 31.0709666, 70.3929746 ], [ 31.0708119, 70.3930637 ], [ 31.0707887, 70.393098 ], [ 31.0708355, 70.393142 ], [ 31.0708459, 70.3931883 ], [ 31.0707247, 70.393312 ], [ 31.0706706, 70.3933276 ], [ 31.0705474, 70.3933425 ], [ 31.0704919, 70.3933188 ], [ 31.0702356, 70.3933091 ], [ 31.0700407, 70.3933587 ], [ 31.0698694, 70.3934991 ], [ 31.0698401, 70.3935409 ], [ 31.0694081, 70.3937546 ], [ 31.0695113, 70.3938793 ], [ 31.0691973, 70.3941118 ], [ 31.0692324, 70.3941273 ], [ 31.0693209, 70.394135 ], [ 31.0695483, 70.3941341 ], [ 31.0697093, 70.3941795 ], [ 31.0699174, 70.3942605 ], [ 31.0698766, 70.394319 ], [ 31.0698551, 70.3943265 ], [ 31.0696195, 70.3943385 ], [ 31.0691853, 70.3943455 ], [ 31.0690462, 70.3943677 ], [ 31.0687069, 70.3946004 ], [ 31.0686949, 70.3946314 ], [ 31.0687345, 70.3946768 ], [ 31.0689639, 70.39478 ], [ 31.0691574, 70.3948142 ], [ 31.0691366, 70.3948403 ], [ 31.0687873, 70.3948103 ], [ 31.0686743, 70.3948238 ], [ 31.0684287, 70.3948803 ], [ 31.0681331, 70.3950082 ], [ 31.0676064, 70.3952761 ], [ 31.066984, 70.3959429 ], [ 31.0669826, 70.3959746 ], [ 31.067001, 70.3959909 ], [ 31.0671972, 70.396033 ], [ 31.0675674, 70.3960373 ], [ 31.0676077, 70.3960187 ], [ 31.0676085, 70.3959804 ], [ 31.0677435, 70.3959787 ], [ 31.0680436, 70.3960545 ], [ 31.0678961, 70.3962586 ], [ 31.0676238, 70.3963109 ], [ 31.0674192, 70.3961968 ], [ 31.0673994, 70.3961737 ], [ 31.0672607, 70.3961326 ], [ 31.067179, 70.3961338 ], [ 31.0671069, 70.39615 ], [ 31.067069, 70.3961958 ], [ 31.0670192, 70.3966075 ], [ 31.0670419, 70.3966283 ], [ 31.0671426, 70.3966639 ], [ 31.0674075, 70.3966985 ], [ 31.0672649, 70.3967246 ], [ 31.0669793, 70.3967149 ], [ 31.0665146, 70.3967876 ], [ 31.0664642, 70.3968022 ], [ 31.0662476, 70.3969931 ], [ 31.0662063, 70.3970478 ], [ 31.0662011, 70.3971116 ], [ 31.0662757, 70.3973345 ], [ 31.0663079, 70.397403 ], [ 31.066364, 70.3974608 ], [ 31.0666818, 70.3976018 ], [ 31.0666829, 70.3976918 ], [ 31.0670503, 70.397856 ], [ 31.0666825, 70.3980994 ], [ 31.0663706, 70.3983425 ], [ 31.0662881, 70.3984548 ], [ 31.0662741, 70.3985337 ], [ 31.0662998, 70.3985451 ], [ 31.0665542, 70.3985831 ], [ 31.0665584, 70.3986243 ], [ 31.0664869, 70.3986198 ], [ 31.0664296, 70.3986269 ], [ 31.0663617, 70.3986452 ], [ 31.0662907, 70.3986787 ], [ 31.0662707, 70.3987682 ], [ 31.0663317, 70.3988839 ], [ 31.0663953, 70.398903 ], [ 31.0662631, 70.3990782 ], [ 31.0662003, 70.3992004 ], [ 31.0659542, 70.3993503 ], [ 31.0657691, 70.3994947 ], [ 31.0657638, 70.3995311 ], [ 31.0658871, 70.3995913 ], [ 31.0660449, 70.3996222 ], [ 31.0667214, 70.3997194 ], [ 31.0678381, 70.3998167 ], [ 31.0678571, 70.3998239 ], [ 31.0678714, 70.399887 ], [ 31.0678202, 70.3998955 ], [ 31.0668649, 70.3998785 ], [ 31.0664312, 70.3998625 ], [ 31.06604, 70.3998384 ], [ 31.0659726, 70.3998443 ], [ 31.065731, 70.3998822 ], [ 31.0655179, 70.3999527 ], [ 31.0654459, 70.4000007 ], [ 31.0653998, 70.4000313 ], [ 31.0653904, 70.400047 ], [ 31.0654233, 70.4000907 ], [ 31.065323, 70.4001599 ], [ 31.0649952, 70.4002184 ], [ 31.0646451, 70.4002472 ], [ 31.0643323, 70.4003439 ], [ 31.0641322, 70.4004418 ], [ 31.0638936, 70.4006079 ], [ 31.0635132, 70.400957 ], [ 31.0635016, 70.4011417 ], [ 31.0635247, 70.4012198 ], [ 31.0636272, 70.4013159 ], [ 31.0636475, 70.4013176 ], [ 31.0643694, 70.4011674 ], [ 31.0646199, 70.4011275 ], [ 31.0646678, 70.4011282 ], [ 31.0646826, 70.4011362 ], [ 31.0635148, 70.4014254 ], [ 31.0634241, 70.4014756 ], [ 31.0633733, 70.4015807 ], [ 31.0633882, 70.4015928 ], [ 31.0634959, 70.4016073 ], [ 31.0643669, 70.4015814 ], [ 31.0647256, 70.4016027 ], [ 31.0647354, 70.4016091 ], [ 31.0647086, 70.4016184 ], [ 31.0644546, 70.4016466 ], [ 31.0643344, 70.4016322 ], [ 31.0641305, 70.4016311 ], [ 31.0634035, 70.4016665 ], [ 31.0633695, 70.4016995 ], [ 31.0633849, 70.4017496 ], [ 31.0634775, 70.4017848 ], [ 31.0638197, 70.4018294 ], [ 31.0645354, 70.4019436 ], [ 31.0653265, 70.4021235 ], [ 31.0653943, 70.4021716 ], [ 31.0650428, 70.4021033 ], [ 31.0645746, 70.4020351 ], [ 31.0644936, 70.4020306 ], [ 31.0644284, 70.402038 ], [ 31.064278, 70.4020824 ], [ 31.0642771, 70.4020891 ], [ 31.0644961, 70.4022087 ], [ 31.0644529, 70.4024213 ], [ 31.0644091, 70.4024496 ], [ 31.0642904, 70.4024695 ], [ 31.0642311, 70.4024649 ], [ 31.063998, 70.4023739 ], [ 31.0635798, 70.4023827 ], [ 31.0632858, 70.4023746 ], [ 31.063242, 70.4023496 ], [ 31.0630979, 70.4023469 ], [ 31.0629485, 70.402354 ], [ 31.0627723, 70.4024201 ], [ 31.0625235, 70.40256 ], [ 31.0621218, 70.4028387 ], [ 31.0621092, 70.4028907 ], [ 31.0621501, 70.4032179 ], [ 31.0621967, 70.4033097 ], [ 31.0623525, 70.4033585 ], [ 31.0623237, 70.4034361 ], [ 31.0621245, 70.4035412 ], [ 31.0620407, 70.4036122 ], [ 31.0619291, 70.4037725 ], [ 31.0619578, 70.403838 ], [ 31.0620421, 70.4039341 ], [ 31.0620718, 70.4039412 ], [ 31.0621676, 70.4040089 ], [ 31.0620999, 70.4040671 ], [ 31.0622137, 70.4041222 ], [ 31.062698, 70.4041932 ], [ 31.0627253, 70.4042407 ], [ 31.0624547, 70.4042114 ], [ 31.0622959, 70.404207 ], [ 31.0621715, 70.4042222 ], [ 31.0621156, 70.4042546 ], [ 31.0617865, 70.4048736 ], [ 31.0616686, 70.4049828 ], [ 31.0616624, 70.4050529 ], [ 31.0617269, 70.4051897 ], [ 31.0618643, 70.40533 ], [ 31.0619985, 70.405379 ], [ 31.0621909, 70.4057873 ], [ 31.0621367, 70.4058229 ], [ 31.062138, 70.4058391 ], [ 31.062207, 70.4059364 ], [ 31.0624777, 70.4060623 ], [ 31.0626369, 70.4060841 ], [ 31.0628678, 70.4060932 ], [ 31.0629603, 70.4060892 ], [ 31.0631005, 70.406066 ], [ 31.0633725, 70.4061194 ], [ 31.0633751, 70.4061887 ], [ 31.0634133, 70.4062708 ], [ 31.0634901, 70.4063386 ], [ 31.063813, 70.4063722 ], [ 31.0638637, 70.4065819 ], [ 31.0639725, 70.4067291 ], [ 31.0645215, 70.406787 ], [ 31.0652767, 70.4068213 ], [ 31.0654017, 70.4068119 ], [ 31.0655016, 70.4067892 ], [ 31.0656562, 70.4066132 ], [ 31.065826, 70.4064888 ], [ 31.0658822, 70.4064741 ], [ 31.0660837, 70.4063783 ], [ 31.0660576, 70.4063293 ], [ 31.0660244, 70.4063182 ], [ 31.065628, 70.4062729 ], [ 31.0657508, 70.4061145 ], [ 31.0657704, 70.4061094 ], [ 31.0658848, 70.4061073 ], [ 31.0659809, 70.4061141 ], [ 31.0660213, 70.4061238 ], [ 31.0660461, 70.4061422 ], [ 31.0664545, 70.4061864 ], [ 31.066771, 70.4061937 ], [ 31.0673819, 70.4062528 ], [ 31.0682323, 70.4066036 ], [ 31.0684076, 70.4066312 ], [ 31.0685502, 70.4066347 ], [ 31.0691724, 70.4065946 ], [ 31.0695493, 70.4064382 ], [ 31.0698105, 70.4062983 ], [ 31.0701307, 70.4063392 ], [ 31.0701288, 70.4063848 ], [ 31.0700419, 70.4064338 ], [ 31.0700569, 70.4064664 ], [ 31.0702672, 70.406483 ], [ 31.0703269, 70.4064782 ], [ 31.070577, 70.4063378 ], [ 31.0706042, 70.4063101 ], [ 31.0706307, 70.4061902 ], [ 31.0706233, 70.4061585 ], [ 31.0705499, 70.4061131 ], [ 31.070552, 70.4060866 ], [ 31.0706537, 70.4059949 ], [ 31.0710834, 70.4058875 ], [ 31.0711226, 70.4058839 ], [ 31.0711138, 70.4059054 ], [ 31.0707686, 70.4060378 ], [ 31.0707305, 70.406059 ], [ 31.070736, 70.4060688 ], [ 31.0707882, 70.4060843 ], [ 31.0710692, 70.4060981 ], [ 31.0712452, 70.406099 ], [ 31.0716091, 70.4059876 ], [ 31.072113, 70.4059177 ], [ 31.0728015, 70.4057523 ], [ 31.07324, 70.4056313 ], [ 31.0734201, 70.4055694 ], [ 31.0734825, 70.4055378 ], [ 31.0735077, 70.4054596 ], [ 31.0735789, 70.4054232 ], [ 31.0741257, 70.4054068 ], [ 31.0744273, 70.4054106 ], [ 31.0744194, 70.4054182 ], [ 31.0740516, 70.405488 ], [ 31.0740201, 70.4055049 ], [ 31.0740242, 70.4056313 ], [ 31.074153, 70.4056928 ], [ 31.0745321, 70.405714 ], [ 31.0751235, 70.4057632 ], [ 31.0752865, 70.4057399 ], [ 31.0761724, 70.4055559 ], [ 31.0762057, 70.4055275 ], [ 31.0762296, 70.4054682 ], [ 31.0760165, 70.4053982 ], [ 31.0754718, 70.4054036 ], [ 31.0750572, 70.405346 ], [ 31.0749302, 70.405221 ], [ 31.0750542, 70.4052165 ], [ 31.0753742, 70.4052529 ], [ 31.0754841, 70.4052907 ], [ 31.0759638, 70.4053347 ], [ 31.0762517, 70.4052821 ], [ 31.0768026, 70.4052912 ], [ 31.0769839, 70.4051576 ], [ 31.0770975, 70.4050329 ], [ 31.0773335, 70.4050479 ], [ 31.0773505, 70.4050976 ], [ 31.0773815, 70.4051128 ], [ 31.0775502, 70.4051145 ], [ 31.0775926, 70.4051052 ], [ 31.0777825, 70.4047985 ], [ 31.0777422, 70.404744 ], [ 31.0775964, 70.4046479 ], [ 31.077525, 70.4046444 ], [ 31.0773509, 70.4046946 ], [ 31.0771521, 70.4046043 ], [ 31.0771147, 70.4044507 ], [ 31.0772578, 70.4044089 ], [ 31.077642, 70.4044132 ], [ 31.0774381, 70.4041738 ], [ 31.0775952, 70.4042218 ], [ 31.0778829, 70.4042886 ], [ 31.0781601, 70.4043154 ], [ 31.0785069, 70.4042975 ], [ 31.0786748, 70.4042116 ], [ 31.0787726, 70.4041326 ], [ 31.0789372, 70.4039476 ], [ 31.0792489, 70.4034028 ], [ 31.0794459, 70.4033646 ], [ 31.0795031, 70.4033208 ], [ 31.0794964, 70.4032294 ], [ 31.0794549, 70.4031989 ], [ 31.0793845, 70.4031704 ], [ 31.0791811, 70.4031569 ], [ 31.0791307, 70.4031807 ], [ 31.0790845, 70.4031822 ], [ 31.0788088, 70.4030019 ], [ 31.0789016, 70.4028232 ], [ 31.0788535, 70.4025921 ], [ 31.078742, 70.4025919 ], [ 31.0785559, 70.4025679 ], [ 31.0784581, 70.4025434 ], [ 31.0783774, 70.4024867 ], [ 31.078023, 70.4019194 ], [ 31.0778305, 70.4020463 ], [ 31.0778092, 70.4020485 ], [ 31.0776476, 70.4020045 ], [ 31.0777616, 70.4017945 ], [ 31.0777831, 70.4016763 ], [ 31.0777678, 70.4016223 ], [ 31.0776622, 70.4015173 ], [ 31.0775611, 70.4014693 ], [ 31.0774804, 70.4014758 ], [ 31.0772853, 70.4015382 ], [ 31.0772488, 70.4015367 ], [ 31.0772088, 70.4012494 ], [ 31.0768885, 70.4009106 ], [ 31.0766651, 70.4007829 ], [ 31.0767537, 70.4006934 ], [ 31.0760577, 70.4005785 ], [ 31.0763821, 70.4005618 ], [ 31.0766123, 70.4005786 ], [ 31.0770201, 70.4005901 ], [ 31.077262, 70.4005893 ], [ 31.077436, 70.4005674 ], [ 31.077487, 70.4005521 ], [ 31.0775329, 70.4005096 ], [ 31.0774905, 70.4005023 ], [ 31.0774065, 70.4004443 ], [ 31.077452, 70.4003279 ], [ 31.0778113, 70.400333 ], [ 31.0780528, 70.4002673 ], [ 31.0785842, 70.4000929 ], [ 31.0787228, 70.400018 ], [ 31.0787364, 70.4000007 ], [ 31.0789062, 70.3997872 ], [ 31.0789669, 70.3996265 ], [ 31.0789599, 70.3996073 ], [ 31.0787278, 70.3995755 ], [ 31.0786974, 70.3995457 ], [ 31.0790342, 70.3993836 ], [ 31.0795732, 70.3990777 ], [ 31.0789546, 70.3990327 ], [ 31.0790725, 70.398941 ], [ 31.0792388, 70.3988827 ], [ 31.0794092, 70.3987932 ], [ 31.0793513, 70.3987498 ], [ 31.0793016, 70.3987463 ], [ 31.0792743, 70.3987057 ], [ 31.0793331, 70.3986994 ], [ 31.0794638, 70.3987111 ], [ 31.0797027, 70.3987748 ], [ 31.0797494, 70.3988311 ], [ 31.079705, 70.398872 ], [ 31.079705, 70.3988894 ], [ 31.0797248, 70.3988962 ], [ 31.0800051, 70.3988169 ], [ 31.0800492, 70.3987467 ], [ 31.0800517, 70.3986715 ], [ 31.0799968, 70.3986254 ], [ 31.0799596, 70.3986087 ], [ 31.0797478, 70.3985859 ], [ 31.079703, 70.3984451 ], [ 31.0796986, 70.3983095 ], [ 31.0797377, 70.3982011 ], [ 31.0797834, 70.3981759 ], [ 31.0800107, 70.398155 ], [ 31.0800782, 70.3981642 ], [ 31.0801216, 70.3982011 ], [ 31.0801875, 70.3982159 ], [ 31.0804873, 70.3981985 ], [ 31.0806247, 70.3981821 ], [ 31.0806501, 70.3981709 ], [ 31.0807201, 70.3980888 ], [ 31.0807019, 70.3977448 ], [ 31.0805304, 70.3976376 ], [ 31.0802844, 70.3975814 ], [ 31.0800201, 70.3975061 ], [ 31.0801203, 70.3975131 ], [ 31.0802296, 70.3975086 ], [ 31.0807382, 70.3974554 ], [ 31.0809366, 70.3974124 ], [ 31.0811894, 70.3973016 ], [ 31.0812906, 70.3970844 ], [ 31.0812141, 70.3967585 ], [ 31.0813913, 70.3962043 ], [ 31.0814013, 70.3961244 ], [ 31.0813574, 70.395961 ], [ 31.0812358, 70.3956853 ], [ 31.0810808, 70.3955567 ], [ 31.0809966, 70.395456 ], [ 31.080913, 70.3952885 ], [ 31.0809504, 70.395221 ], [ 31.0809847, 70.3952113 ], [ 31.0810393, 70.3951729 ], [ 31.0809987, 70.3949033 ], [ 31.0809708, 70.3948865 ], [ 31.0809397, 70.3948831 ], [ 31.0806762, 70.3946524 ], [ 31.0805846, 70.3945268 ], [ 31.0806584, 70.3944147 ], [ 31.0810208, 70.394342 ], [ 31.0811602, 70.3940316 ], [ 31.0811053, 70.3936599 ], [ 31.0813101, 70.3935071 ], [ 31.0813802, 70.3931835 ], [ 31.0812433, 70.3929785 ], [ 31.0809955, 70.3929007 ], [ 31.0814884, 70.3928595 ], [ 31.0815183, 70.3928485 ], [ 31.0816066, 70.3926777 ], [ 31.0816593, 70.3924959 ], [ 31.0816521, 70.392398 ], [ 31.0816073, 70.3923787 ], [ 31.0815999, 70.3923482 ], [ 31.0817665, 70.3921137 ], [ 31.0819092, 70.3919625 ], [ 31.0819735, 70.3919194 ], [ 31.0820492, 70.3919029 ], [ 31.0822074, 70.3918942 ], [ 31.0826251, 70.3918946 ], [ 31.0826768, 70.3919014 ], [ 31.082692, 70.3919204 ], [ 31.0826997, 70.392305 ], [ 31.0827444, 70.3923529 ], [ 31.0829444, 70.3925017 ], [ 31.0831297, 70.3925922 ], [ 31.0833409, 70.3926408 ], [ 31.0833997, 70.3926423 ], [ 31.0834247, 70.3926297 ], [ 31.0837017, 70.3926877 ], [ 31.0837572, 70.3927404 ], [ 31.0841653, 70.3928852 ], [ 31.0842636, 70.392894 ], [ 31.0844034, 70.3928895 ], [ 31.0847816, 70.3928349 ], [ 31.0845893, 70.3926683 ], [ 31.0846452, 70.3926367 ], [ 31.0851583, 70.3927817 ], [ 31.0859616, 70.3928494 ], [ 31.0861858, 70.3929052 ], [ 31.0867597, 70.3926911 ], [ 31.0871276, 70.392488 ], [ 31.0874909, 70.392223 ], [ 31.0875736, 70.3921894 ], [ 31.0876685, 70.3921739 ], [ 31.0878934, 70.3920457 ], [ 31.0881172, 70.3917666 ], [ 31.0879499, 70.3915489 ], [ 31.0878463, 70.3913741 ], [ 31.0880177, 70.3913232 ], [ 31.0880558, 70.3913338 ], [ 31.0883432, 70.3912842 ], [ 31.0885002, 70.3911899 ], [ 31.0883423, 70.3910638 ], [ 31.0889587, 70.3908601 ], [ 31.0888698, 70.3907485 ], [ 31.0888936, 70.390544 ], [ 31.0890248, 70.3905168 ], [ 31.0891353, 70.3905377 ], [ 31.0891725, 70.3905359 ], [ 31.0892705, 70.3904821 ], [ 31.0893439, 70.3904094 ], [ 31.0892766, 70.3902908 ], [ 31.0889624, 70.3901084 ], [ 31.0888912, 70.3900551 ], [ 31.0888884, 70.390022 ], [ 31.0893842, 70.3900626 ], [ 31.0895141, 70.3900655 ], [ 31.0896244, 70.3900524 ], [ 31.0897142, 70.390022 ], [ 31.0897832, 70.3899824 ], [ 31.0898724, 70.3898747 ], [ 31.08972, 70.3896704 ], [ 31.0896973, 70.3896586 ], [ 31.0895033, 70.3896129 ], [ 31.0895792, 70.3895443 ], [ 31.0899509, 70.3896126 ], [ 31.0901519, 70.3895972 ], [ 31.0901866, 70.389587 ], [ 31.090203, 70.3894789 ], [ 31.0901761, 70.3894678 ], [ 31.0902689, 70.3893336 ], [ 31.0904478, 70.3892452 ], [ 31.0905499, 70.3891416 ], [ 31.0905192, 70.3891278 ], [ 31.0902664, 70.3891112 ], [ 31.0904112, 70.3888649 ], [ 31.0903604, 70.3888505 ], [ 31.0898953, 70.3887764 ], [ 31.0896298, 70.3887406 ], [ 31.0897861, 70.3887095 ], [ 31.0902544, 70.3887157 ], [ 31.0907609, 70.3886847 ], [ 31.0908819, 70.3886565 ], [ 31.0910167, 70.388593 ], [ 31.0910405, 70.3885653 ], [ 31.0908979, 70.3884863 ], [ 31.091035, 70.3884512 ], [ 31.0911077, 70.3884515 ], [ 31.0911847, 70.3883792 ], [ 31.0912285, 70.3883145 ], [ 31.0913062, 70.3879762 ], [ 31.0914232, 70.3878511 ], [ 31.0914131, 70.3876314 ], [ 31.0913013, 70.3872919 ], [ 31.0910036, 70.387105 ], [ 31.0909938, 70.3870823 ], [ 31.0909947, 70.3865996 ], [ 31.0910932, 70.3861477 ], [ 31.0911907, 70.3858542 ], [ 31.0912204, 70.3856516 ], [ 31.0911766, 70.3854188 ], [ 31.0909633, 70.3852929 ], [ 31.090988, 70.3852413 ], [ 31.0912263, 70.3853327 ], [ 31.0913251, 70.385351 ], [ 31.0913746, 70.3853359 ], [ 31.0913955, 70.3852937 ], [ 31.0914313, 70.3849662 ], [ 31.0913974, 70.3846699 ], [ 31.0913032, 70.3844615 ], [ 31.0912287, 70.3843704 ], [ 31.0911905, 70.3840788 ], [ 31.0912217, 70.3838599 ], [ 31.0909764, 70.3838675 ], [ 31.0910076, 70.3836007 ], [ 31.091075, 70.3833745 ], [ 31.0910284, 70.3831862 ], [ 31.0909735, 70.3831707 ], [ 31.0909494, 70.3831433 ], [ 31.0909643, 70.3831177 ], [ 31.0911326, 70.3829942 ], [ 31.0913199, 70.3829161 ], [ 31.091684, 70.3828456 ], [ 31.0926253, 70.3827411 ], [ 31.0929107, 70.3826496 ], [ 31.0933311, 70.382494 ], [ 31.0934982, 70.38248 ], [ 31.0935372, 70.3821885 ], [ 31.0937228, 70.3819492 ], [ 31.0938006, 70.3815238 ], [ 31.0940673, 70.3811111 ], [ 31.0940369, 70.3805763 ], [ 31.0940722, 70.380303 ], [ 31.0941347, 70.3802859 ], [ 31.0942367, 70.38014 ], [ 31.094256, 70.3800039 ], [ 31.0942148, 70.3799611 ], [ 31.0941834, 70.3798543 ], [ 31.0942031, 70.3797081 ], [ 31.0943236, 70.3794435 ], [ 31.094491, 70.3787673 ], [ 31.0945281, 70.3786622 ], [ 31.0946382, 70.3785478 ], [ 31.0946659, 70.3785395 ], [ 31.0947033, 70.3785397 ], [ 31.094828, 70.3785595 ], [ 31.0948811, 70.3785584 ], [ 31.0949689, 70.3785376 ], [ 31.0950168, 70.3785073 ], [ 31.0950472, 70.3784189 ], [ 31.0950149, 70.3783715 ], [ 31.0949795, 70.3783612 ], [ 31.0949521, 70.3783633 ], [ 31.0947448, 70.3784399 ], [ 31.0947255, 70.378431 ], [ 31.0947011, 70.3783658 ], [ 31.0947245, 70.3782772 ], [ 31.094751, 70.3782491 ], [ 31.0948738, 70.3781961 ], [ 31.0949982, 70.3780721 ], [ 31.0950008, 70.3780382 ], [ 31.0950712, 70.3779609 ], [ 31.0953065, 70.3778647 ], [ 31.0953773, 70.3778614 ], [ 31.0954806, 70.3778857 ], [ 31.0955027, 70.3779297 ], [ 31.095555, 70.3779403 ], [ 31.0956414, 70.377932 ], [ 31.0958102, 70.3778528 ], [ 31.0958964, 70.3777163 ], [ 31.0959419, 70.3775966 ], [ 31.0959577, 70.3775239 ], [ 31.0959174, 70.377471 ], [ 31.0959715, 70.3774089 ], [ 31.0963576, 70.3772389 ], [ 31.0967357, 70.3771296 ], [ 31.0969867, 70.377028 ], [ 31.0970457, 70.3769924 ], [ 31.0971054, 70.3768215 ], [ 31.0970278, 70.3768219 ], [ 31.0969548, 70.376754 ], [ 31.0969756, 70.376724 ], [ 31.0970835, 70.3766334 ], [ 31.0972033, 70.3765763 ], [ 31.0973756, 70.3765068 ], [ 31.0975197, 70.3764692 ], [ 31.0981246, 70.3764108 ], [ 31.0983549, 70.3764056 ], [ 31.0987975, 70.3764145 ], [ 31.0991727, 70.3764404 ], [ 31.0992466, 70.3764541 ], [ 31.0994432, 70.3765114 ], [ 31.0995906, 70.3767035 ], [ 31.099477, 70.3768594 ], [ 31.0995442, 70.3769462 ], [ 31.0999301, 70.3772638 ], [ 31.1001056, 70.3774082 ], [ 31.1002253, 70.3774616 ], [ 31.1007112, 70.3775502 ], [ 31.1013581, 70.3775872 ], [ 31.1030952, 70.3775736 ], [ 31.1036959, 70.3776387 ], [ 31.1039671, 70.3776067 ], [ 31.1053154, 70.3775618 ], [ 31.105418, 70.3775345 ], [ 31.1055801, 70.377563 ], [ 31.1057148, 70.3775225 ], [ 31.1056521, 70.3774696 ], [ 31.1052831, 70.3774779 ], [ 31.1051065, 70.3774417 ], [ 31.104138, 70.3774706 ], [ 31.1037835, 70.3774571 ], [ 31.1035345, 70.3774092 ], [ 31.1013118, 70.3774061 ], [ 31.100755, 70.3773776 ], [ 31.1007374, 70.3773974 ], [ 31.1004365, 70.3773279 ], [ 31.0999328, 70.3769721 ], [ 31.1000575, 70.3768359 ], [ 31.10018, 70.3766351 ], [ 31.1001541, 70.3765123 ], [ 31.1001987, 70.3764152 ], [ 31.1003555, 70.376359 ], [ 31.1004786, 70.3763414 ], [ 31.1011654, 70.3763808 ], [ 31.1011597, 70.3764736 ], [ 31.1026868, 70.3764853 ], [ 31.1026949, 70.3763099 ], [ 31.1005865, 70.3762825 ], [ 31.1005893, 70.3762149 ], [ 31.1005557, 70.3761651 ], [ 31.100557, 70.376082 ], [ 31.1018547, 70.3760852 ], [ 31.1018471, 70.376165 ], [ 31.103126, 70.3761677 ], [ 31.1028772, 70.3759909 ], [ 31.1011049, 70.3759934 ], [ 31.1011054, 70.3759708 ], [ 31.1009943, 70.3759706 ], [ 31.1009937, 70.3759944 ], [ 31.1007261, 70.3759917 ], [ 31.1006252, 70.375887 ], [ 31.1006451, 70.3758098 ], [ 31.1006253, 70.3757666 ], [ 31.1004984, 70.3755706 ], [ 31.100387, 70.3754948 ], [ 31.1002833, 70.3752523 ], [ 31.1003934, 70.375138 ], [ 31.1004521, 70.3751132 ], [ 31.1008207, 70.3748291 ], [ 31.1010132, 70.3747312 ], [ 31.1022743, 70.3749121 ], [ 31.1034371, 70.3749694 ], [ 31.1035148, 70.374758 ], [ 31.103953, 70.3747726 ], [ 31.1037564, 70.3754619 ], [ 31.1038527, 70.375503 ], [ 31.1040418, 70.3755094 ], [ 31.1041523, 70.3754725 ], [ 31.104407, 70.374591 ], [ 31.1046247, 70.3738365 ], [ 31.1042935, 70.3738254 ], [ 31.1043653, 70.3735709 ], [ 31.103955, 70.3734602 ], [ 31.10388, 70.3734896 ], [ 31.1027323, 70.3731276 ], [ 31.1032061, 70.3728817 ], [ 31.1036307, 70.3726258 ], [ 31.1038623, 70.3724623 ], [ 31.1041097, 70.3722639 ], [ 31.1042503, 70.3721723 ], [ 31.10511, 70.3722325 ], [ 31.1053504, 70.3722177 ], [ 31.1054903, 70.3721723 ], [ 31.1062729, 70.3722844 ], [ 31.1063908, 70.3713867 ], [ 31.1050757, 70.3713876 ], [ 31.1054331, 70.3713814 ], [ 31.1054683, 70.3712956 ], [ 31.1054463, 70.3709459 ], [ 31.1052249, 70.3709539 ], [ 31.1053066, 70.3708191 ], [ 31.1055215, 70.370752 ], [ 31.1057929, 70.3706922 ], [ 31.108535, 70.3705981 ], [ 31.1085767, 70.3706448 ], [ 31.1086779, 70.3707587 ], [ 31.1089106, 70.3713664 ], [ 31.1089668, 70.3715131 ], [ 31.1082239, 70.3715534 ], [ 31.1082905, 70.3717283 ], [ 31.1090238, 70.3716938 ], [ 31.1091921, 70.3720785 ], [ 31.1088813, 70.3720917 ], [ 31.1092547, 70.3730113 ], [ 31.1090667, 70.3730232 ], [ 31.1098828, 70.3742483 ], [ 31.1101899, 70.374221 ], [ 31.110286, 70.3743224 ], [ 31.110097, 70.3743398 ], [ 31.1102527, 70.3745257 ], [ 31.1101489, 70.374537 ], [ 31.1102786, 70.3746581 ], [ 31.111324, 70.3745496 ], [ 31.1114323, 70.3746202 ], [ 31.1115168, 70.3747105 ], [ 31.1114938, 70.3747675 ], [ 31.1113788, 70.3749172 ], [ 31.1109529, 70.3749579 ], [ 31.1105125, 70.3749876 ], [ 31.1106956, 70.3752043 ], [ 31.1109773, 70.375185 ], [ 31.111055, 70.375296 ], [ 31.1111977, 70.3753067 ], [ 31.1112542, 70.3753714 ], [ 31.1114496, 70.3756348 ], [ 31.1110919, 70.3756555 ], [ 31.11148, 70.3760672 ], [ 31.1117748, 70.3760481 ], [ 31.1118089, 70.376111 ], [ 31.1114406, 70.3761335 ], [ 31.1119707, 70.3767006 ], [ 31.1119976, 70.3767174 ], [ 31.1126525, 70.3766583 ], [ 31.1129469, 70.3768622 ], [ 31.1122395, 70.3769221 ], [ 31.1124641, 70.3771815 ], [ 31.111503, 70.3772314 ], [ 31.1115343, 70.3773112 ], [ 31.1118159, 70.3773078 ], [ 31.1118203, 70.3773333 ], [ 31.1135304, 70.3773007 ], [ 31.1135339, 70.3773261 ], [ 31.1120207, 70.3773646 ], [ 31.1114475, 70.3773135 ], [ 31.1080543, 70.377402 ], [ 31.1078765, 70.3774228 ], [ 31.1078445, 70.3774597 ], [ 31.107973, 70.3775076 ], [ 31.1088799, 70.3775322 ], [ 31.1131312, 70.3774652 ], [ 31.1138131, 70.377488 ], [ 31.1142862, 70.3776833 ], [ 31.1144813, 70.3777808 ], [ 31.1148855, 70.3779967 ], [ 31.1151421, 70.3781793 ], [ 31.1151665, 70.3782292 ], [ 31.1151501, 70.3784588 ], [ 31.1151781, 70.3788402 ], [ 31.115071, 70.3790237 ], [ 31.1150045, 70.3790335 ], [ 31.1149992, 70.3790558 ], [ 31.1150529, 70.3791082 ], [ 31.1151349, 70.3791598 ], [ 31.11536, 70.3792813 ], [ 31.1156752, 70.3794201 ], [ 31.1158675, 70.3795385 ], [ 31.1161552, 70.3798331 ], [ 31.1161591, 70.3799189 ], [ 31.1162639, 70.3801394 ], [ 31.1168387, 70.3805261 ], [ 31.1171456, 70.3807674 ], [ 31.1172636, 70.3808423 ], [ 31.1173912, 70.3808826 ], [ 31.1175179, 70.3808987 ], [ 31.1177559, 70.380915 ], [ 31.1179313, 70.3809399 ], [ 31.1180858, 70.3810827 ], [ 31.1183873, 70.3812109 ], [ 31.1184567, 70.3812204 ], [ 31.1186251, 70.3812134 ], [ 31.1187647, 70.3811835 ], [ 31.1190689, 70.3810798 ], [ 31.1190366, 70.381013 ], [ 31.1188959, 70.3808533 ], [ 31.1188405, 70.380844 ], [ 31.1188021, 70.3808609 ], [ 31.1187887, 70.380912 ], [ 31.1187497, 70.3809304 ], [ 31.1186578, 70.3808989 ], [ 31.1186068, 70.3808646 ], [ 31.1185943, 70.3808443 ], [ 31.118621, 70.3808029 ], [ 31.1187617, 70.3807161 ], [ 31.1188951, 70.3807222 ], [ 31.1189662, 70.3807606 ], [ 31.1190351, 70.3807828 ], [ 31.1191657, 70.3807764 ], [ 31.119328, 70.3807087 ], [ 31.1193264, 70.3806777 ], [ 31.119216, 70.3806465 ], [ 31.1191005, 70.3806739 ], [ 31.1190436, 70.3806723 ], [ 31.1189455, 70.3805658 ], [ 31.1189311, 70.3804961 ], [ 31.1190184, 70.3804593 ], [ 31.1191584, 70.380487 ], [ 31.1193481, 70.3804959 ], [ 31.1194412, 70.3804891 ], [ 31.1194844, 70.3804636 ], [ 31.1194725, 70.3804227 ], [ 31.119374, 70.380346 ], [ 31.119312, 70.3802215 ], [ 31.1194805, 70.3801994 ], [ 31.1195991, 70.3801919 ], [ 31.1197136, 70.3800871 ], [ 31.1198257, 70.379749 ], [ 31.1199406, 70.3796606 ], [ 31.1201099, 70.3795941 ], [ 31.1204194, 70.379659 ], [ 31.1206452, 70.3797203 ], [ 31.1209849, 70.3796045 ], [ 31.1208093, 70.379418 ], [ 31.1205199, 70.3793297 ], [ 31.1215247, 70.3790386 ], [ 31.1217179, 70.3790092 ], [ 31.121593, 70.378815 ], [ 31.1216516, 70.3786375 ], [ 31.1220085, 70.3784803 ], [ 31.1223752, 70.3784191 ], [ 31.1224086, 70.3784046 ], [ 31.1224111, 70.3783659 ], [ 31.1222674, 70.378195 ], [ 31.1221551, 70.3781763 ], [ 31.1220453, 70.3781764 ], [ 31.1218702, 70.3782185 ], [ 31.1217838, 70.3782112 ], [ 31.121773, 70.3781958 ], [ 31.1217902, 70.3781769 ], [ 31.1218533, 70.3781501 ], [ 31.122018, 70.3781015 ], [ 31.1224121, 70.3780151 ], [ 31.1221908, 70.3779124 ], [ 31.1221782, 70.3778687 ], [ 31.1223615, 70.377815 ], [ 31.1225482, 70.3777423 ], [ 31.12276, 70.3774492 ], [ 31.1224747, 70.3773651 ], [ 31.1223638, 70.3773614 ], [ 31.1223522, 70.3772577 ], [ 31.1224561, 70.3771811 ], [ 31.1224529, 70.3770731 ], [ 31.1223499, 70.377085 ], [ 31.1223035, 70.3770658 ], [ 31.1229971, 70.376987 ], [ 31.1231119, 70.3769836 ], [ 31.1233028, 70.3769906 ], [ 31.1234423, 70.3769664 ], [ 31.1234387, 70.3769078 ], [ 31.1233443, 70.3768274 ], [ 31.1232581, 70.3767788 ], [ 31.1236137, 70.3767157 ], [ 31.1231355, 70.3766118 ], [ 31.1229542, 70.3765602 ], [ 31.12278, 70.3764968 ], [ 31.1228875, 70.3764946 ], [ 31.1231147, 70.3765118 ], [ 31.123485, 70.3764995 ], [ 31.123572, 70.3764686 ], [ 31.1234544, 70.3764121 ], [ 31.1231974, 70.3761952 ], [ 31.1233136, 70.3761358 ], [ 31.1234572, 70.3761587 ], [ 31.1235541, 70.3761632 ], [ 31.1237721, 70.3761621 ], [ 31.1238669, 70.3761509 ], [ 31.123855, 70.3761013 ], [ 31.1235625, 70.3759805 ], [ 31.123339, 70.375918 ], [ 31.1231546, 70.3759064 ], [ 31.1231362, 70.3759341 ], [ 31.1230529, 70.3759362 ], [ 31.1227963, 70.375909 ], [ 31.1227318, 70.3758861 ], [ 31.1227454, 70.3758676 ], [ 31.1227982, 70.3758607 ], [ 31.1232544, 70.3758485 ], [ 31.1236349, 70.3758044 ], [ 31.1235781, 70.3756429 ], [ 31.1232809, 70.375556 ], [ 31.1233389, 70.3755176 ], [ 31.1234033, 70.3755104 ], [ 31.123718, 70.3755077 ], [ 31.1239991, 70.3753351 ], [ 31.1241302, 70.3753356 ], [ 31.1243519, 70.3753181 ], [ 31.1245108, 70.3752889 ], [ 31.1245343, 70.37527 ], [ 31.1244919, 70.3752456 ], [ 31.1242061, 70.3751802 ], [ 31.1238314, 70.3750656 ], [ 31.1238453, 70.3750203 ], [ 31.1239863, 70.374951 ], [ 31.1242739, 70.3748521 ], [ 31.1242728, 70.3748593 ], [ 31.1243278, 70.3748721 ], [ 31.1245437, 70.3749143 ], [ 31.1246858, 70.3749286 ], [ 31.1247365, 70.3749291 ], [ 31.1249169, 70.3749002 ], [ 31.1248502, 70.3748676 ], [ 31.1248179, 70.3748281 ], [ 31.1249251, 70.3746644 ], [ 31.1251653, 70.374653 ], [ 31.1256045, 70.3746885 ], [ 31.1256012, 70.3746467 ], [ 31.1254588, 70.3745506 ], [ 31.1253802, 70.3745093 ], [ 31.1252319, 70.3744699 ], [ 31.1251801, 70.3744257 ], [ 31.1256582, 70.3743176 ], [ 31.1261369, 70.3743166 ], [ 31.126471, 70.3742513 ], [ 31.1267205, 70.3742307 ], [ 31.1267462, 70.3742209 ], [ 31.1267308, 70.3741839 ], [ 31.1261428, 70.373995 ], [ 31.1255502, 70.373836 ], [ 31.1255168, 70.3737988 ], [ 31.1255275, 70.3737512 ], [ 31.125674, 70.3736358 ], [ 31.1258726, 70.3735596 ], [ 31.1264578, 70.3733668 ], [ 31.1266161, 70.3732643 ], [ 31.127153, 70.372989 ], [ 31.1271849, 70.3729325 ], [ 31.1271502, 70.372889 ], [ 31.126975, 70.3727968 ], [ 31.1268866, 70.3727282 ], [ 31.1268384, 70.3724308 ], [ 31.1268613, 70.3724125 ], [ 31.1270471, 70.3723918 ], [ 31.1270993, 70.3723955 ], [ 31.1273282, 70.372446 ], [ 31.1275607, 70.3725205 ], [ 31.1276767, 70.3725449 ], [ 31.1277372, 70.3725489 ], [ 31.1277708, 70.3724344 ], [ 31.1276901, 70.3723307 ], [ 31.1276012, 70.3721713 ], [ 31.1277944, 70.3721486 ], [ 31.1278758, 70.3721502 ], [ 31.1279706, 70.3721955 ], [ 31.1280403, 70.3723193 ], [ 31.1281718, 70.3724735 ], [ 31.1282384, 70.3725105 ], [ 31.1284236, 70.37256 ], [ 31.1285242, 70.3725625 ], [ 31.1286368, 70.3725364 ], [ 31.1288765, 70.3723353 ], [ 31.1293283, 70.3722477 ], [ 31.1291501, 70.3720808 ], [ 31.1293748, 70.3720358 ], [ 31.1296293, 70.3720628 ], [ 31.1297481, 70.3721585 ], [ 31.1298379, 70.372255 ], [ 31.1299212, 70.3722737 ], [ 31.1300433, 70.3722702 ], [ 31.1301099, 70.3722593 ], [ 31.1301363, 70.3722392 ], [ 31.1301007, 70.3721748 ], [ 31.1300709, 70.3721465 ], [ 31.1299271, 70.3720713 ], [ 31.1296727, 70.3718301 ], [ 31.1298285, 70.3718288 ], [ 31.130507, 70.3717187 ], [ 31.130648, 70.3716831 ], [ 31.1306874, 70.3716261 ], [ 31.1306575, 70.3715386 ], [ 31.1304775, 70.3714962 ], [ 31.1304066, 70.3713988 ], [ 31.1302007, 70.3713369 ], [ 31.130195, 70.3713227 ], [ 31.1302368, 70.3712266 ], [ 31.1304097, 70.371172 ], [ 31.1304581, 70.3711726 ], [ 31.1305843, 70.3711531 ], [ 31.1308142, 70.3710839 ], [ 31.1308704, 70.3710456 ], [ 31.1307144, 70.3709631 ], [ 31.1306206, 70.3709544 ], [ 31.1305495, 70.3709733 ], [ 31.1304502, 70.3709126 ], [ 31.130409, 70.3708335 ], [ 31.1304542, 70.3707031 ], [ 31.1304823, 70.370696 ], [ 31.1309544, 70.3707397 ], [ 31.1312969, 70.37072 ], [ 31.1313474, 70.3706394 ], [ 31.131178, 70.3704827 ], [ 31.1306007, 70.3703846 ], [ 31.1299938, 70.3703407 ], [ 31.1297318, 70.3703306 ], [ 31.129476, 70.3702988 ], [ 31.1294537, 70.3702781 ], [ 31.1302559, 70.3702689 ], [ 31.1310394, 70.3702756 ], [ 31.1313116, 70.3702165 ], [ 31.1312842, 70.3700628 ], [ 31.1311437, 70.3700453 ], [ 31.1307263, 70.3699405 ], [ 31.1310022, 70.3699692 ], [ 31.1314375, 70.3699925 ], [ 31.1316404, 70.3699637 ], [ 31.1316629, 70.3699442 ], [ 31.1316432, 70.3698724 ], [ 31.1316128, 70.3698478 ], [ 31.1315844, 70.3698464 ], [ 31.1314984, 70.3698635 ], [ 31.1314425, 70.3698913 ], [ 31.1312822, 70.3698833 ], [ 31.1314887, 70.3697161 ], [ 31.1315618, 70.3697159 ], [ 31.1317154, 70.3697006 ], [ 31.1317812, 70.3696338 ], [ 31.1317094, 70.3695299 ], [ 31.1313763, 70.3694232 ], [ 31.1307438, 70.369316 ], [ 31.13137, 70.3692663 ], [ 31.1317837, 70.369268 ], [ 31.1318109, 70.3692609 ], [ 31.1318402, 70.3692008 ], [ 31.1317433, 70.3691247 ], [ 31.1316041, 70.3690647 ], [ 31.1314668, 70.3690555 ], [ 31.1313196, 70.3690572 ], [ 31.1310629, 70.3689333 ], [ 31.1310325, 70.3688887 ], [ 31.1310263, 70.3688569 ], [ 31.1313695, 70.3688112 ], [ 31.1314989, 70.3687328 ], [ 31.1314543, 70.3686047 ], [ 31.1316228, 70.368583 ], [ 31.1316867, 70.368596 ], [ 31.1317243, 70.3685949 ], [ 31.1316573, 70.3685264 ], [ 31.1315196, 70.3685029 ], [ 31.1310283, 70.3685411 ], [ 31.1311078, 70.3684871 ], [ 31.1313378, 70.3684647 ], [ 31.1314779, 70.3684297 ], [ 31.1315244, 70.3683797 ], [ 31.1314696, 70.36831 ], [ 31.1314186, 70.3683001 ], [ 31.1312702, 70.3683031 ], [ 31.1311738, 70.3683152 ], [ 31.1304979, 70.3683165 ], [ 31.1304685, 70.3683047 ], [ 31.1304872, 70.3682968 ], [ 31.1312281, 70.3681815 ], [ 31.1312262, 70.3681672 ], [ 31.1310848, 70.3681275 ], [ 31.1305802, 70.3680849 ], [ 31.1301435, 70.3680862 ], [ 31.1300158, 70.3680927 ], [ 31.1298643, 70.3680446 ], [ 31.1304957, 70.3679701 ], [ 31.1316749, 70.3678471 ], [ 31.1317503, 70.3678539 ], [ 31.1319666, 70.3678152 ], [ 31.1320872, 70.3676322 ], [ 31.131793, 70.3673948 ], [ 31.1316712, 70.3673157 ], [ 31.1314956, 70.3672875 ], [ 31.1324215, 70.3672077 ], [ 31.1324825, 70.3671765 ], [ 31.1324927, 70.3670883 ], [ 31.132396, 70.3669211 ], [ 31.1322545, 70.3665195 ], [ 31.1320775, 70.3662124 ], [ 31.1317695, 70.3659188 ], [ 31.1313508, 70.3656938 ], [ 31.1313069, 70.3656887 ], [ 31.130978, 70.3654601 ], [ 31.1310486, 70.3654307 ], [ 31.1311674, 70.3654017 ], [ 31.1312733, 70.3653369 ], [ 31.131313, 70.3652785 ], [ 31.1310851, 70.3650702 ], [ 31.1309905, 70.3650064 ], [ 31.130729, 70.3649366 ], [ 31.1305171, 70.364761 ], [ 31.1303807, 70.364579 ], [ 31.1295711, 70.3645234 ], [ 31.129395, 70.3644653 ], [ 31.1294161, 70.3644571 ], [ 31.1294059, 70.364439 ], [ 31.1293108, 70.3643393 ], [ 31.1291285, 70.3642877 ], [ 31.1286887, 70.3642411 ], [ 31.1283927, 70.3642383 ], [ 31.12844, 70.3641375 ], [ 31.1286016, 70.3641059 ], [ 31.1285845, 70.3640516 ], [ 31.1285118, 70.3639733 ], [ 31.1282061, 70.3637746 ], [ 31.1281319, 70.3637542 ], [ 31.1279934, 70.3637403 ], [ 31.1275502, 70.3637831 ], [ 31.127194, 70.3638423 ], [ 31.1270944, 70.3637788 ], [ 31.12707, 70.3637333 ], [ 31.1270054, 70.3636859 ], [ 31.1269052, 70.3636491 ], [ 31.1264636, 70.3636299 ], [ 31.1256603, 70.363683 ], [ 31.1260331, 70.3636351 ], [ 31.1265069, 70.3635631 ], [ 31.1264963, 70.3634957 ], [ 31.1264516, 70.3634766 ], [ 31.126084, 70.3634062 ], [ 31.1257553, 70.363394 ], [ 31.1250994, 70.3634103 ], [ 31.1250036, 70.3634048 ], [ 31.1245424, 70.3634294 ], [ 31.1244084, 70.3635531 ], [ 31.1241433, 70.3635862 ], [ 31.1234827, 70.3637397 ], [ 31.1230379, 70.3639573 ], [ 31.122839, 70.3638197 ], [ 31.1225144, 70.3637447 ], [ 31.122237, 70.3637493 ], [ 31.1213196, 70.3638715 ], [ 31.1210467, 70.3638898 ], [ 31.121015, 70.3638788 ], [ 31.120829, 70.3640056 ], [ 31.1207233, 70.3641214 ], [ 31.1206389, 70.364249 ], [ 31.1206275, 70.3644742 ], [ 31.1206591, 70.3646196 ], [ 31.1206103, 70.3646909 ], [ 31.1204917, 70.364626 ], [ 31.1202973, 70.3646876 ], [ 31.1202263, 70.3648739 ], [ 31.1199719, 70.3650014 ], [ 31.1197179, 70.3651601 ], [ 31.1195413, 70.3652887 ], [ 31.1195622, 70.3653794 ], [ 31.1195165, 70.3655701 ], [ 31.1193284, 70.3655929 ], [ 31.1189124, 70.3656065 ], [ 31.1181302, 70.3655987 ], [ 31.1181615, 70.3649633 ], [ 31.1180376, 70.3645185 ], [ 31.1180185, 70.3643029 ], [ 31.1179509, 70.364237 ], [ 31.1178004, 70.364171 ], [ 31.117674, 70.3641536 ], [ 31.1167794, 70.3638126 ], [ 31.1162587, 70.363809 ], [ 31.1156505, 70.3637833 ], [ 31.115619, 70.3636379 ], [ 31.1154318, 70.3636306 ], [ 31.1153372, 70.3635987 ], [ 31.1151965, 70.3634424 ], [ 31.1151277, 70.3633877 ], [ 31.1149951, 70.3633316 ], [ 31.114839, 70.3632923 ], [ 31.114624, 70.3632528 ], [ 31.1144917, 70.3632603 ], [ 31.1144117, 70.3633018 ], [ 31.1140828, 70.3636345 ], [ 31.1138159, 70.3638221 ], [ 31.1135958, 70.3639353 ], [ 31.1134709, 70.3639697 ], [ 31.1133364, 70.3639919 ], [ 31.1131747, 70.363999 ], [ 31.1130398, 70.3640268 ], [ 31.1129484, 70.3640588 ], [ 31.112812, 70.364135 ], [ 31.1126734, 70.3642349 ], [ 31.1128505, 70.3642502 ], [ 31.1125933, 70.3643676 ], [ 31.1124545, 70.3644089 ], [ 31.1123213, 70.3644649 ], [ 31.1121821, 70.3647653 ], [ 31.1120873, 70.3650535 ], [ 31.1120285, 70.3651297 ], [ 31.1118452, 70.3652055 ], [ 31.1118117, 70.3653014 ], [ 31.1118221, 70.3654925 ], [ 31.1117143, 70.3656993 ], [ 31.1117174, 70.3657804 ], [ 31.1116734, 70.3659181 ], [ 31.1114642, 70.3660366 ], [ 31.1112267, 70.3661213 ], [ 31.1110185, 70.3662462 ], [ 31.1110638, 70.3663437 ], [ 31.1109864, 70.3666418 ], [ 31.1109058, 70.3667306 ], [ 31.110784, 70.3667903 ], [ 31.11064, 70.3668276 ], [ 31.1100324, 70.3669195 ], [ 31.1099403, 70.3669105 ], [ 31.1098235, 70.3668841 ], [ 31.1098101, 70.3668662 ], [ 31.1097489, 70.3668578 ], [ 31.1097374, 70.3668631 ], [ 31.1096436, 70.3670026 ], [ 31.1095731, 70.3671776 ], [ 31.1096093, 70.3672734 ], [ 31.1095153, 70.3673698 ], [ 31.1090843, 70.3677088 ], [ 31.1089598, 70.3677556 ], [ 31.1089004, 70.3677545 ], [ 31.108916, 70.3679299 ], [ 31.108994, 70.3679666 ], [ 31.1089993, 70.3679938 ], [ 31.1089003, 70.3680952 ], [ 31.108801, 70.3681677 ], [ 31.1085802, 70.3682438 ], [ 31.1084573, 70.3682987 ], [ 31.1083912, 70.3684795 ], [ 31.1084416, 70.3686147 ], [ 31.1084828, 70.368653 ] ] ] ] } },
{ "type": "Feature", "properties": { "FID": 700042, "id": 1516, "left": 30.0, "top": 75.0, "right": 35.0, "bottom": 70.0, "row_index": 3, "col_index": 42, "min_lon": 30.0, "min_lat": 70.0, "tile_id": "30_70" }, "geometry": { "type": "MultiPolygon", "coordinates": [ [ [ [ 31.0552909, 70.3518034 ], [ 31.0553852, 70.3517948 ], [ 31.0555736, 70.3517578 ], [ 31.0556089, 70.3517279 ], [ 31.0555826, 70.3516919 ], [ 31.0554835, 70.3516787 ], [ 31.055128, 70.3516867 ], [ 31.0548536, 70.3516375 ], [ 31.0547505, 70.3516406 ], [ 31.0546775, 70.3516612 ], [ 31.0546436, 70.3516973 ], [ 31.0546567, 70.3517333 ], [ 31.0547371, 70.3517485 ], [ 31.0548299, 70.3517464 ], [ 31.0549208, 70.3517578 ], [ 31.055086, 70.3518006 ], [ 31.0551803, 70.3518012 ], [ 31.0552909, 70.3518034 ] ] ] ] } },
{ "type": "Feature", "properties": { "FID": 700043, "id": 1516, "left": 30.0, "top": 75.0, "right": 35.0, "bottom": 70.0, "row_index": 3, "col_index": 42, "min_lon": 30.0, "min_lat": 70.0, "tile_id": "30_70" }, "geometry": { "type": "MultiPolygon", "coordinates": [ [ [ [ 31.053931, 70.330347 ], [ 31.0540134, 70.3303377 ], [ 31.0540617, 70.3303084 ], [ 31.0540564, 70.3302773 ], [ 31.0539871, 70.3302487 ], [ 31.0537907, 70.330208 ], [ 31.0535087, 70.3301725 ], [ 31.0531312, 70.3301453 ], [ 31.0531017, 70.3301718 ], [ 31.053119, 70.3302059 ], [ 31.0532789, 70.3302538 ], [ 31.0534779, 70.3302913 ], [ 31.0535558, 70.3303158 ], [ 31.0536006, 70.3303449 ], [ 31.053931, 70.330347 ] ] ] ] } },
{ "type": "Feature", "properties": { "FID": 700044, "id": 1516, "left": 30.0, "top": 75.0, "right": 35.0, "bottom": 70.0, "row_index": 3, "col_index": 42, "min_lon": 30.0, "min_lat": 70.0, "tile_id": "30_70" }, "geometry": { "type": "MultiPolygon", "coordinates": [ [ [ [ 31.0532655, 70.330684 ], [ 31.0530742, 70.3306883 ], [ 31.0529949, 70.3307146 ], [ 31.052994, 70.3307504 ], [ 31.0530366, 70.3307855 ], [ 31.0533598, 70.3309126 ], [ 31.053451, 70.330916 ], [ 31.0535313, 70.3309011 ], [ 31.0535452, 70.3308699 ], [ 31.0535202, 70.3307744 ], [ 31.0534798, 70.3307473 ], [ 31.0533692, 70.3306983 ], [ 31.0532655, 70.330684 ] ] ] ] } },
{ "type": "Feature", "properties": { "FID": 700045, "id": 1516, "left": 30.0, "top": 75.0, "right": 35.0, "bottom": 70.0, "row_index": 3, "col_index": 42, "min_lon": 30.0, "min_lat": 70.0, "tile_id": "30_70" }, "geometry": { "type": "MultiPolygon", "coordinates": [ [ [ [ 31.1040077, 70.3675223 ], [ 31.1041286, 70.3675639 ], [ 31.1042235, 70.3675711 ], [ 31.1046048, 70.3675625 ], [ 31.1046513, 70.367539 ], [ 31.1045704, 70.367176 ], [ 31.1045147, 70.3671506 ], [ 31.1044111, 70.3671532 ], [ 31.1043326, 70.3671419 ], [ 31.1042862, 70.3670443 ], [ 31.1040983, 70.3669279 ], [ 31.1040816, 70.366892 ], [ 31.1040598, 70.3667818 ], [ 31.1039983, 70.3667605 ], [ 31.1039335, 70.366783 ], [ 31.1038998, 70.3668179 ], [ 31.103899, 70.3668557 ], [ 31.1039427, 70.3671357 ], [ 31.1039898, 70.3674861 ], [ 31.1040077, 70.3675223 ] ] ] ] } },
{ "type": "Feature", "properties": { "FID": 700046, "id": 1516, "left": 30.0, "top": 75.0, "right": 35.0, "bottom": 70.0, "row_index": 3, "col_index": 42, "min_lon": 30.0, "min_lat": 70.0, "tile_id": "30_70" }, "geometry": { "type": "MultiPolygon", "coordinates": [ [ [ [ 31.0468601, 70.3480218 ], [ 31.0467947, 70.3480489 ], [ 31.0467769, 70.3480786 ], [ 31.0468017, 70.3481087 ], [ 31.0468916, 70.348102 ], [ 31.0471339, 70.3480422 ], [ 31.0473704, 70.3479634 ], [ 31.0474196, 70.347928 ], [ 31.0474282, 70.3478942 ], [ 31.0474015, 70.3478269 ], [ 31.0473251, 70.3478009 ], [ 31.0471438, 70.3477751 ], [ 31.0470495, 70.3477781 ], [ 31.0469484, 70.3478758 ], [ 31.046895, 70.347972 ], [ 31.0468601, 70.3480218 ] ] ] ] } },
{ "type": "Feature", "properties": { "FID": 700047, "id": 1516, "left": 30.0, "top": 75.0, "right": 35.0, "bottom": 70.0, "row_index": 3, "col_index": 42, "min_lon": 30.0, "min_lat": 70.0, "tile_id": "30_70" }, "geometry": { "type": "MultiPolygon", "coordinates": [ [ [ [ 31.0553818, 70.3492846 ], [ 31.0555264, 70.3492327 ], [ 31.0555209, 70.3492007 ], [ 31.0554762, 70.3491745 ], [ 31.0553915, 70.3491615 ], [ 31.0553196, 70.349133 ], [ 31.0552532, 70.3490306 ], [ 31.0551619, 70.3490105 ], [ 31.0550715, 70.34902 ], [ 31.0550405, 70.3490587 ], [ 31.0550123, 70.3491742 ], [ 31.0548016, 70.3493522 ], [ 31.0548056, 70.3493797 ], [ 31.0548434, 70.3494041 ], [ 31.0549326, 70.3493902 ], [ 31.0552235, 70.3492959 ], [ 31.0553818, 70.3492846 ] ] ] ] } },
{ "type": "Feature", "properties": { "FID": 700048, "id": 1516, "left": 30.0, "top": 75.0, "right": 35.0, "bottom": 70.0, "row_index": 3, "col_index": 42, "min_lon": 30.0, "min_lat": 70.0, "tile_id": "30_70" }, "geometry": { "type": "MultiPolygon", "coordinates": [ [ [ [ 31.0466234, 70.3485873 ], [ 31.0467351, 70.3486901 ], [ 31.0468153, 70.3486986 ], [ 31.0468928, 70.3486836 ], [ 31.0469546, 70.3486546 ], [ 31.0469683, 70.3484913 ], [ 31.0470139, 70.3484615 ], [ 31.0472248, 70.3483722 ], [ 31.0472673, 70.3483411 ], [ 31.0472513, 70.3482453 ], [ 31.0471796, 70.3482222 ], [ 31.0469965, 70.3482183 ], [ 31.0469236, 70.3482043 ], [ 31.0468858, 70.3481754 ], [ 31.0468131, 70.3481609 ], [ 31.0467468, 70.3481805 ], [ 31.0466484, 70.3482344 ], [ 31.0465937, 70.3482977 ], [ 31.0465767, 70.3483837 ], [ 31.0466234, 70.3485873 ] ] ] ] } },
{ "type": "Feature", "properties": { "FID": 700049, "id": 1516, "left": 30.0, "top": 75.0, "right": 35.0, "bottom": 70.0, "row_index": 3, "col_index": 42, "min_lon": 30.0, "min_lat": 70.0, "tile_id": "30_70" }, "geometry": { "type": "MultiPolygon", "coordinates": [ [ [ [ 30.99873, 70.4156854 ], [ 30.9984133, 70.4157563 ], [ 30.9983934, 70.4157837 ], [ 30.9984106, 70.4158122 ], [ 30.9984723, 70.4158368 ], [ 30.9985087, 70.4158978 ], [ 30.9985579, 70.415927 ], [ 30.9986572, 70.4159258 ], [ 30.9987481, 70.4159091 ], [ 30.9987998, 70.4158518 ], [ 30.9988637, 70.4158271 ], [ 30.9988561, 70.4157325 ], [ 30.99873, 70.4156854 ] ] ] ] } },
{ "type": "Feature", "properties": { "FID": 700050, "id": 1516, "left": 30.0, "top": 75.0, "right": 35.0, "bottom": 70.0, "row_index": 3, "col_index": 42, "min_lon": 30.0, "min_lat": 70.0, "tile_id": "30_70" }, "geometry": { "type": "MultiPolygon", "coordinates": [ [ [ [ 30.9636809, 70.4344149 ], [ 30.963661, 70.4344283 ], [ 30.9636997, 70.434475 ], [ 30.9638478, 70.4345381 ], [ 30.9643115, 70.4346789 ], [ 30.9645712, 70.4347352 ], [ 30.9645776, 70.4347202 ], [ 30.9640695, 70.4345458 ], [ 30.9639123, 70.4344817 ], [ 30.9637924, 70.434414 ], [ 30.9636809, 70.4344149 ] ] ] ] } },
{ "type": "Feature", "properties": { "FID": 700051, "id": 1516, "left": 30.0, "top": 75.0, "right": 35.0, "bottom": 70.0, "row_index": 3, "col_index": 42, "min_lon": 30.0, "min_lat": 70.0, "tile_id": "30_70" }, "geometry": { "type": "MultiPolygon", "coordinates": [ [ [ [ 30.9666464, 70.4271275 ], [ 30.9666866, 70.4271397 ], [ 30.9670729, 70.4272312 ], [ 30.9674028, 70.4272145 ], [ 30.9674757, 70.4272186 ], [ 30.9675552, 70.4272026 ], [ 30.9675308, 70.4271456 ], [ 30.9674649, 70.427113 ], [ 30.9670724, 70.4270252 ], [ 30.9670306, 70.4270226 ], [ 30.9668249, 70.4270442 ], [ 30.9665743, 70.4270817 ], [ 30.9666464, 70.4271275 ] ] ] ] } },
{ "type": "Feature", "properties": { "FID": 700052, "id": 1516, "left": 30.0, "top": 75.0, "right": 35.0, "bottom": 70.0, "row_index": 3, "col_index": 42, "min_lon": 30.0, "min_lat": 70.0, "tile_id": "30_70" }, "geometry": { "type": "MultiPolygon", "coordinates": [ [ [ [ 30.8969177, 70.4462887 ], [ 30.8971257, 70.4463 ], [ 30.8971881, 70.4462962 ], [ 30.8973755, 70.4462322 ], [ 30.8974611, 70.4461337 ], [ 30.897436, 70.4461083 ], [ 30.8973261, 70.4460841 ], [ 30.8972857, 70.4460866 ], [ 30.8970412, 70.4461897 ], [ 30.8969177, 70.4462887 ] ] ] ] } },
{ "type": "Feature", "properties": { "FID": 700053, "id": 1516, "left": 30.0, "top": 75.0, "right": 35.0, "bottom": 70.0, "row_index": 3, "col_index": 42, "min_lon": 30.0, "min_lat": 70.0, "tile_id": "30_70" }, "geometry": { "type": "MultiPolygon", "coordinates": [ [ [ [ 30.9560244, 70.4437624 ], [ 30.9560724, 70.4437983 ], [ 30.9562261, 70.443848 ], [ 30.9563655, 70.443867 ], [ 30.9567274, 70.4438738 ], [ 30.9569122, 70.443817 ], [ 30.9568614, 70.4437892 ], [ 30.9567141, 70.4437739 ], [ 30.9560596, 70.4437522 ], [ 30.9560244, 70.4437624 ] ] ] ] } },
{ "type": "Feature", "properties": { "FID": 700054, "id": 1516, "left": 30.0, "top": 75.0, "right": 35.0, "bottom": 70.0, "row_index": 3, "col_index": 42, "min_lon": 30.0, "min_lat": 70.0, "tile_id": "30_70" }, "geometry": { "type": "MultiPolygon", "coordinates": [ [ [ [ 30.9651451, 70.4408816 ], [ 30.9654218, 70.4408898 ], [ 30.9654433, 70.4408846 ], [ 30.9653361, 70.4407435 ], [ 30.9652465, 70.4406959 ], [ 30.9651456, 70.4406727 ], [ 30.9649547, 70.4406536 ], [ 30.9646249, 70.4406732 ], [ 30.9642186, 70.440725 ], [ 30.9641679, 70.4407473 ], [ 30.9641663, 70.4407577 ], [ 30.9642061, 70.4407678 ], [ 30.9643693, 70.4407569 ], [ 30.9643811, 70.4408206 ], [ 30.9644689, 70.4408509 ], [ 30.9651451, 70.4408816 ] ] ] ] } },
{ "type": "Feature", "properties": { "FID": 700055, "id": 1516, "left": 30.0, "top": 75.0, "right": 35.0, "bottom": 70.0, "row_index": 3, "col_index": 42, "min_lon": 30.0, "min_lat": 70.0, "tile_id": "30_70" }, "geometry": { "type": "MultiPolygon", "coordinates": [ [ [ [ 30.9862243, 70.4217539 ], [ 30.9861762, 70.4217569 ], [ 30.9860339, 70.421776 ], [ 30.9848361, 70.421974 ], [ 30.9844892, 70.4220432 ], [ 30.9839675, 70.4220933 ], [ 30.9837166, 70.4221098 ], [ 30.9836761, 70.4221379 ], [ 30.9836801, 70.4221548 ], [ 30.9841203, 70.4221943 ], [ 30.9843631, 70.4222068 ], [ 30.9845317, 70.4221881 ], [ 30.9854267, 70.422005 ], [ 30.9863031, 70.4218532 ], [ 30.9863435, 70.421841 ], [ 30.9863532, 70.421827 ], [ 30.986224, 70.4217624 ], [ 30.9862243, 70.4217539 ] ] ] ] } },
{ "type": "Feature", "properties": { "FID": 700056, "id": 1516, "left": 30.0, "top": 75.0, "right": 35.0, "bottom": 70.0, "row_index": 3, "col_index": 42, "min_lon": 30.0, "min_lat": 70.0, "tile_id": "30_70" }, "geometry": { "type": "MultiPolygon", "coordinates": [ [ [ [ 30.9145911, 70.4482906 ], [ 30.9146422, 70.4482893 ], [ 30.9147622, 70.4482657 ], [ 30.9147995, 70.4481936 ], [ 30.9149787, 70.4481045 ], [ 30.914999, 70.4480834 ], [ 30.9149953, 70.4480722 ], [ 30.9148701, 70.4480387 ], [ 30.9147489, 70.4480269 ], [ 30.9146765, 70.4480564 ], [ 30.9145072, 70.4482424 ], [ 30.9145033, 70.4482758 ], [ 30.9145911, 70.4482906 ] ] ] ] } },
{ "type": "Feature", "properties": { "FID": 700057, "id": 1516, "left": 30.0, "top": 75.0, "right": 35.0, "bottom": 70.0, "row_index": 3, "col_index": 42, "min_lon": 30.0, "min_lat": 70.0, "tile_id": "30_70" }, "geometry": { "type": "MultiPolygon", "coordinates": [ [ [ [ 30.9338038, 70.4485365 ], [ 30.9338725, 70.4485324 ], [ 30.934152, 70.44855 ], [ 30.9344977, 70.4485604 ], [ 30.93469, 70.4484998 ], [ 30.9346084, 70.4484737 ], [ 30.934431, 70.4484564 ], [ 30.9339164, 70.4484763 ], [ 30.9337723, 70.4485292 ], [ 30.9338038, 70.4485365 ] ] ] ] } },
{ "type": "Feature", "properties": { "FID": 700058, "id": 1516, "left": 30.0, "top": 75.0, "right": 35.0, "bottom": 70.0, "row_index": 3, "col_index": 42, "min_lon": 30.0, "min_lat": 70.0, "tile_id": "30_70" }, "geometry": { "type": "MultiPolygon", "coordinates": [ [ [ [ 30.9576489, 70.4430256 ], [ 30.957659, 70.4430426 ], [ 30.9576813, 70.4430607 ], [ 30.9577963, 70.4431066 ], [ 30.9578881, 70.4431276 ], [ 30.9579491, 70.4431339 ], [ 30.9582132, 70.4431306 ], [ 30.9582973, 70.4431099 ], [ 30.9583131, 70.443094 ], [ 30.9581567, 70.44303 ], [ 30.9577427, 70.4429839 ], [ 30.9576489, 70.4430256 ] ] ] ] } },
{ "type": "Feature", "properties": { "FID": 700059, "id": 1516, "left": 30.0, "top": 75.0, "right": 35.0, "bottom": 70.0, "row_index": 3, "col_index": 42, "min_lon": 30.0, "min_lat": 70.0, "tile_id": "30_70" }, "geometry": { "type": "MultiPolygon", "coordinates": [ [ [ [ 30.913635, 70.448202 ], [ 30.9136918, 70.4481923 ], [ 30.9138363, 70.4479185 ], [ 30.9138899, 70.447891 ], [ 30.9139149, 70.4478905 ], [ 30.9139416, 70.4479018 ], [ 30.913923, 70.4479516 ], [ 30.9138746, 70.4479779 ], [ 30.9138103, 70.4481006 ], [ 30.913839, 70.4481136 ], [ 30.9138799, 70.4481154 ], [ 30.9141046, 70.4480785 ], [ 30.9142886, 70.4478615 ], [ 30.9142718, 70.4477315 ], [ 30.9141445, 70.4476695 ], [ 30.9139994, 70.447691 ], [ 30.913817, 70.4478349 ], [ 30.9135407, 70.4482018 ], [ 30.913635, 70.448202 ] ] ] ] } },
{ "type": "Feature", "properties": { "FID": 700060, "id": 1516, "left": 30.0, "top": 75.0, "right": 35.0, "bottom": 70.0, "row_index": 3, "col_index": 42, "min_lon": 30.0, "min_lat": 70.0, "tile_id": "30_70" }, "geometry": { "type": "MultiPolygon", "coordinates": [ [ [ [ 30.9657949, 70.4386772 ], [ 30.9659799, 70.4387021 ], [ 30.9661534, 70.4387198 ], [ 30.9667448, 70.4386567 ], [ 30.9668161, 70.4386431 ], [ 30.966849, 70.4386153 ], [ 30.9667963, 70.4385917 ], [ 30.9666477, 70.4385867 ], [ 30.965801, 70.4386725 ], [ 30.9657949, 70.4386772 ] ] ] ] } },
{ "type": "Feature", "properties": { "FID": 700061, "id": 1516, "left": 30.0, "top": 75.0, "right": 35.0, "bottom": 70.0, "row_index": 3, "col_index": 42, "min_lon": 30.0, "min_lat": 70.0, "tile_id": "30_70" }, "geometry": { "type": "MultiPolygon", "coordinates": [ [ [ [ 30.959811, 70.4428594 ], [ 30.9599131, 70.4428728 ], [ 30.9601191, 70.4428818 ], [ 30.9603368, 70.4428323 ], [ 30.9603575, 70.4427403 ], [ 30.9603018, 70.4427174 ], [ 30.9600274, 70.442703 ], [ 30.9599202, 70.4427173 ], [ 30.9590355, 70.4426812 ], [ 30.959811, 70.4428594 ] ] ] ] } },
{ "type": "Feature", "properties": { "FID": 700062, "id": 1516, "left": 30.0, "top": 75.0, "right": 35.0, "bottom": 70.0, "row_index": 3, "col_index": 42, "min_lon": 30.0, "min_lat": 70.0, "tile_id": "30_70" }, "geometry": { "type": "MultiPolygon", "coordinates": [ [ [ [ 30.9936223, 70.4201372 ], [ 30.9935763, 70.4201509 ], [ 30.9935837, 70.4201595 ], [ 30.9937013, 70.4201613 ], [ 30.9940358, 70.4201048 ], [ 30.9941056, 70.4200836 ], [ 30.9941444, 70.4199167 ], [ 30.9941313, 70.4199022 ], [ 30.9941106, 70.4198994 ], [ 30.9940809, 70.4199074 ], [ 30.9937526, 70.4200212 ], [ 30.993728, 70.4200479 ], [ 30.9936223, 70.4201372 ] ] ] ] } },
{ "type": "Feature", "properties": { "FID": 700063, "id": 1516, "left": 30.0, "top": 75.0, "right": 35.0, "bottom": 70.0, "row_index": 3, "col_index": 42, "min_lon": 30.0, "min_lat": 70.0, "tile_id": "30_70" }, "geometry": { "type": "MultiPolygon", "coordinates": [ [ [ [ 30.9827955, 70.4222313 ], [ 30.9827653, 70.422251 ], [ 30.9827681, 70.4222665 ], [ 30.9828018, 70.4222796 ], [ 30.9829905, 70.4222951 ], [ 30.9838569, 70.4222834 ], [ 30.9839096, 70.4222703 ], [ 30.9839271, 70.4222524 ], [ 30.9839218, 70.4222219 ], [ 30.9838896, 70.4222048 ], [ 30.9832168, 70.4221802 ], [ 30.9831219, 70.422189 ], [ 30.9827955, 70.4222313 ] ] ] ] } },
{ "type": "Feature", "properties": { "FID": 700064, "id": 1516, "left": 30.0, "top": 75.0, "right": 35.0, "bottom": 70.0, "row_index": 3, "col_index": 42, "min_lon": 30.0, "min_lat": 70.0, "tile_id": "30_70" }, "geometry": { "type": "MultiPolygon", "coordinates": [ [ [ [ 30.9947768, 70.4192501 ], [ 30.9948402, 70.4192696 ], [ 30.9950222, 70.4192892 ], [ 30.9951663, 70.4192688 ], [ 30.995235, 70.4192508 ], [ 30.9952804, 70.4192003 ], [ 30.9952548, 70.4191815 ], [ 30.9951662, 70.4191512 ], [ 30.9952419, 70.4190618 ], [ 30.9959161, 70.418833 ], [ 30.99594, 70.418852 ], [ 30.9959781, 70.418862 ], [ 30.9960586, 70.4188696 ], [ 30.9961474, 70.4188696 ], [ 30.9962189, 70.4188587 ], [ 30.996502, 70.4187689 ], [ 30.9968185, 70.418647 ], [ 30.9971818, 70.4184774 ], [ 30.9972723, 70.4184182 ], [ 30.9974108, 70.4182923 ], [ 30.9974053, 70.4182335 ], [ 30.9973759, 70.4182079 ], [ 30.9972879, 70.4181931 ], [ 30.9971163, 70.4182077 ], [ 30.9965235, 70.418345 ], [ 30.9963107, 70.4184153 ], [ 30.9959666, 70.4185588 ], [ 30.9954253, 70.4187125 ], [ 30.9949235, 70.41883 ], [ 30.9948714, 70.4188694 ], [ 30.9947245, 70.4190876 ], [ 30.9947768, 70.4192501 ] ] ] ] } },
{ "type": "Feature", "properties": { "FID": 700065, "id": 1516, "left": 30.0, "top": 75.0, "right": 35.0, "bottom": 70.0, "row_index": 3, "col_index": 42, "min_lon": 30.0, "min_lat": 70.0, "tile_id": "30_70" }, "geometry": { "type": "MultiPolygon", "coordinates": [ [ [ [ 30.9967463, 70.4167929 ], [ 30.9966794, 70.4167965 ], [ 30.996282, 70.4168584 ], [ 30.9961161, 70.4169533 ], [ 30.9966725, 70.4169824 ], [ 30.9969744, 70.4168855 ], [ 30.9970275, 70.4168477 ], [ 30.9970056, 70.4168232 ], [ 30.996871, 70.4168046 ], [ 30.9967463, 70.4167929 ] ] ] ] } },
{ "type": "Feature", "properties": { "FID": 700066, "id": 1516, "left": 30.0, "top": 75.0, "right": 35.0, "bottom": 70.0, "row_index": 3, "col_index": 42, "min_lon": 30.0, "min_lat": 70.0, "tile_id": "30_70" }, "geometry": { "type": "MultiPolygon", "coordinates": [ [ [ [ 30.9430648, 70.4479483 ], [ 30.943307, 70.4479766 ], [ 30.9434734, 70.4479658 ], [ 30.9438127, 70.4479047 ], [ 30.9438272, 70.4478897 ], [ 30.9434933, 70.4478357 ], [ 30.9431896, 70.4478686 ], [ 30.9429584, 70.4479021 ], [ 30.9430648, 70.4479483 ] ] ] ] } },
{ "type": "Feature", "properties": { "FID": 700067, "id": 1516, "left": 30.0, "top": 75.0, "right": 35.0, "bottom": 70.0, "row_index": 3, "col_index": 42, "min_lon": 30.0, "min_lat": 70.0, "tile_id": "30_70" }, "geometry": { "type": "MultiPolygon", "coordinates": [ [ [ [ 30.9959451, 70.4181873 ], [ 30.9960116, 70.4181647 ], [ 30.9960579, 70.4181417 ], [ 30.9960618, 70.4181089 ], [ 30.9963325, 70.4179311 ], [ 30.9962662, 70.4179198 ], [ 30.9962035, 70.4179243 ], [ 30.9960496, 70.4179507 ], [ 30.9957213, 70.4180265 ], [ 30.9956855, 70.418123 ], [ 30.995738, 70.4181944 ], [ 30.9959451, 70.4181873 ] ] ] ] } },
{ "type": "Feature", "properties": { "FID": 700068, "id": 1516, "left": 30.0, "top": 75.0, "right": 35.0, "bottom": 70.0, "row_index": 3, "col_index": 42, "min_lon": 30.0, "min_lat": 70.0, "tile_id": "30_70" }, "geometry": { "type": "MultiPolygon", "coordinates": [ [ [ [ 30.9522684, 70.4453216 ], [ 30.952325, 70.4452824 ], [ 30.9523553, 70.4452751 ], [ 30.953161, 70.4451208 ], [ 30.9536261, 70.4450532 ], [ 30.9542775, 70.4449838 ], [ 30.9545434, 70.4449327 ], [ 30.9545503, 70.4449145 ], [ 30.9545317, 70.4449047 ], [ 30.9544203, 70.4448936 ], [ 30.9542157, 70.4448921 ], [ 30.9539888, 70.4449121 ], [ 30.9536319, 70.4449561 ], [ 30.9526172, 70.4451086 ], [ 30.9524084, 70.4451719 ], [ 30.9524636, 70.4451774 ], [ 30.9526467, 70.4451408 ], [ 30.9526959, 70.4451371 ], [ 30.9526944, 70.4451438 ], [ 30.9524691, 70.4452031 ], [ 30.9521484, 70.4452656 ], [ 30.9520919, 70.4452899 ], [ 30.9521074, 70.4453328 ], [ 30.9522684, 70.4453216 ] ] ] ] } },
{ "type": "Feature", "properties": { "FID": 700069, "id": 1516, "left": 30.0, "top": 75.0, "right": 35.0, "bottom": 70.0, "row_index": 3, "col_index": 42, "min_lon": 30.0, "min_lat": 70.0, "tile_id": "30_70" }, "geometry": { "type": "MultiPolygon", "coordinates": [ [ [ [ 30.9405286, 70.4484657 ], [ 30.9412982, 70.4482726 ], [ 30.9415264, 70.4482061 ], [ 30.9416373, 70.4481559 ], [ 30.9415238, 70.4481397 ], [ 30.940216, 70.4482957 ], [ 30.9400451, 70.4483802 ], [ 30.9399157, 70.4484644 ], [ 30.939793, 70.4484842 ], [ 30.9397989, 70.4485593 ], [ 30.9401531, 70.4485104 ], [ 30.9405286, 70.4484657 ] ] ] ] } },
{ "type": "Feature", "properties": { "FID": 700070, "id": 1516, "left": 30.0, "top": 75.0, "right": 35.0, "bottom": 70.0, "row_index": 3, "col_index": 42, "min_lon": 30.0, "min_lat": 70.0, "tile_id": "30_70" }, "geometry": { "type": "MultiPolygon", "coordinates": [ [ [ [ 30.9150126, 70.4483807 ], [ 30.9150994, 70.4483905 ], [ 30.9151967, 70.4483872 ], [ 30.9153482, 70.4482929 ], [ 30.9153869, 70.448253 ], [ 30.9154187, 70.4481419 ], [ 30.9154596, 70.4481279 ], [ 30.9154431, 70.4480677 ], [ 30.9153512, 70.4480327 ], [ 30.9153037, 70.4480299 ], [ 30.9151265, 70.4481008 ], [ 30.9149148, 70.4482905 ], [ 30.9148827, 70.4483351 ], [ 30.9150126, 70.4483807 ] ] ] ] } },
{ "type": "Feature", "properties": { "FID": 700071, "id": 1516, "left": 30.0, "top": 75.0, "right": 35.0, "bottom": 70.0, "row_index": 3, "col_index": 42, "min_lon": 30.0, "min_lat": 70.0, "tile_id": "30_70" }, "geometry": { "type": "MultiPolygon", "coordinates": [ [ [ [ 30.9722797, 70.4270901 ], [ 30.9723676, 70.4271009 ], [ 30.9725618, 70.4270732 ], [ 30.97273, 70.4270265 ], [ 30.9727859, 70.4269568 ], [ 30.9728117, 70.4269498 ], [ 30.9730042, 70.4269504 ], [ 30.9733789, 70.4270795 ], [ 30.9732964, 70.4271803 ], [ 30.9736379, 70.4272427 ], [ 30.973824, 70.4272525 ], [ 30.9742571, 70.4272094 ], [ 30.9743325, 70.4271911 ], [ 30.9750925, 70.4270736 ], [ 30.9757064, 70.4270111 ], [ 30.9761066, 70.4268839 ], [ 30.9761959, 70.4268457 ], [ 30.9762062, 70.426827 ], [ 30.9760767, 70.4267048 ], [ 30.9755418, 70.4265549 ], [ 30.9754669, 70.4263469 ], [ 30.9751958, 70.4263578 ], [ 30.9746113, 70.4264007 ], [ 30.9743832, 70.4263757 ], [ 30.9741134, 70.4263204 ], [ 30.9736271, 70.4262651 ], [ 30.9734616, 70.4262617 ], [ 30.9733393, 70.4262786 ], [ 30.9731279, 70.4263413 ], [ 30.9724875, 70.4266026 ], [ 30.9721943, 70.4267343 ], [ 30.9722196, 70.4267966 ], [ 30.9723549, 70.4268674 ], [ 30.9722368, 70.4269534 ], [ 30.9721885, 70.4269602 ], [ 30.9720546, 70.427016 ], [ 30.9720411, 70.4270365 ], [ 30.9720574, 70.4270408 ], [ 30.9722797, 70.4270901 ] ] ] ] } },
{ "type": "Feature", "properties": { "FID": 700072, "id": 1516, "left": 30.0, "top": 75.0, "right": 35.0, "bottom": 70.0, "row_index": 3, "col_index": 42, "min_lon": 30.0, "min_lat": 70.0, "tile_id": "30_70" }, "geometry": { "type": "MultiPolygon", "coordinates": [ [ [ [ 30.9525745, 70.445363 ], [ 30.9535031, 70.4452002 ], [ 30.9536241, 70.4451488 ], [ 30.9536245, 70.4451333 ], [ 30.9532227, 70.4451537 ], [ 30.9526888, 70.4452477 ], [ 30.9524882, 70.4453055 ], [ 30.9524163, 70.4453633 ], [ 30.9525745, 70.445363 ] ] ] ] } },
{ "type": "Feature", "properties": { "FID": 700073, "id": 1516, "left": 30.0, "top": 75.0, "right": 35.0, "bottom": 70.0, "row_index": 3, "col_index": 42, "min_lon": 30.0, "min_lat": 70.0, "tile_id": "30_70" }, "geometry": { "type": "MultiPolygon", "coordinates": [ [ [ [ 30.9345333, 70.449125 ], [ 30.93462, 70.4491563 ], [ 30.9347842, 70.4491762 ], [ 30.9348407, 70.4491694 ], [ 30.9349889, 70.4490914 ], [ 30.9349878, 70.4490797 ], [ 30.9348511, 70.4489996 ], [ 30.9347682, 70.4489679 ], [ 30.9344947, 70.4489801 ], [ 30.9344632, 70.4489872 ], [ 30.9343931, 70.4490189 ], [ 30.934402, 70.449056 ], [ 30.9345333, 70.449125 ] ] ] ] } },
{ "type": "Feature", "properties": { "FID": 700074, "id": 1516, "left": 30.0, "top": 75.0, "right": 35.0, "bottom": 70.0, "row_index": 3, "col_index": 42, "min_lon": 30.0, "min_lat": 70.0, "tile_id": "30_70" }, "geometry": { "type": "MultiPolygon", "coordinates": [ [ [ [ 31.0335851, 70.3865507 ], [ 31.0335006, 70.3864558 ], [ 31.0334542, 70.3864439 ], [ 31.0333807, 70.3864576 ], [ 31.0331711, 70.3865607 ], [ 31.0330777, 70.3866492 ], [ 31.0330748, 70.3869374 ], [ 31.0331814, 70.3869237 ], [ 31.0334534, 70.3868116 ], [ 31.0335334, 70.3867581 ], [ 31.0335517, 70.3867293 ], [ 31.0335851, 70.3865507 ] ] ] ] } },
{ "type": "Feature", "properties": { "FID": 700075, "id": 1516, "left": 30.0, "top": 75.0, "right": 35.0, "bottom": 70.0, "row_index": 3, "col_index": 42, "min_lon": 30.0, "min_lat": 70.0, "tile_id": "30_70" }, "geometry": { "type": "MultiPolygon", "coordinates": [ [ [ [ 31.0326878, 70.3897035 ], [ 31.0328753, 70.3896054 ], [ 31.0329204, 70.3895647 ], [ 31.0329414, 70.3895122 ], [ 31.0329207, 70.3894642 ], [ 31.0328902, 70.3894619 ], [ 31.0328616, 70.3894709 ], [ 31.0324694, 70.3896943 ], [ 31.0323987, 70.3897534 ], [ 31.0324144, 70.3897654 ], [ 31.032433, 70.3897649 ], [ 31.0326878, 70.3897035 ] ] ] ] } },
{ "type": "Feature", "properties": { "FID": 700076, "id": 1516, "left": 30.0, "top": 75.0, "right": 35.0, "bottom": 70.0, "row_index": 3, "col_index": 42, "min_lon": 30.0, "min_lat": 70.0, "tile_id": "30_70" }, "geometry": { "type": "MultiPolygon", "coordinates": [ [ [ [ 31.0306494, 70.395386 ], [ 31.0307753, 70.3954827 ], [ 31.0309079, 70.3955373 ], [ 31.0312645, 70.39551 ], [ 31.0313533, 70.395419 ], [ 31.0312045, 70.39534 ], [ 31.0310417, 70.3953372 ], [ 31.0309845, 70.3953155 ], [ 31.0308422, 70.3952312 ], [ 31.0307788, 70.3952232 ], [ 31.0307453, 70.3952375 ], [ 31.0305064, 70.3952793 ], [ 31.0304975, 70.3952947 ], [ 31.0305218, 70.395307 ], [ 31.0305496, 70.3953596 ], [ 31.0306494, 70.395386 ] ] ] ] } },
{ "type": "Feature", "properties": { "FID": 700077, "id": 1516, "left": 30.0, "top": 75.0, "right": 35.0, "bottom": 70.0, "row_index": 3, "col_index": 42, "min_lon": 30.0, "min_lat": 70.0, "tile_id": "30_70" }, "geometry": { "type": "MultiPolygon", "coordinates": [ [ [ [ 31.0000758, 70.4137449 ], [ 31.0001814, 70.4137566 ], [ 31.0002745, 70.4137613 ], [ 31.0004507, 70.4137418 ], [ 31.0004992, 70.4137195 ], [ 31.0005101, 70.4136916 ], [ 31.0002721, 70.413536 ], [ 30.999934, 70.4135394 ], [ 30.9998965, 70.4135397 ], [ 30.9998932, 70.4135817 ], [ 30.9998223, 70.413594 ], [ 30.9997091, 70.4136404 ], [ 30.9996928, 70.4136551 ], [ 30.9997068, 70.4136748 ], [ 30.999934, 70.413718 ], [ 31.0000758, 70.4137449 ] ] ] ] } },
{ "type": "Feature", "properties": { "FID": 700078, "id": 1516, "left": 30.0, "top": 75.0, "right": 35.0, "bottom": 70.0, "row_index": 3, "col_index": 42, "min_lon": 30.0, "min_lat": 70.0, "tile_id": "30_70" }, "geometry": { "type": "MultiPolygon", "coordinates": [ [ [ [ 30.9996625, 70.4141546 ], [ 30.999672, 70.4141483 ], [ 30.9996288, 70.4141155 ], [ 30.9995237, 70.4139 ], [ 30.9994322, 70.4138665 ], [ 30.9993677, 70.4138638 ], [ 30.9991128, 70.4139412 ], [ 30.999098, 70.4139571 ], [ 30.9994202, 70.4141244 ], [ 30.9994634, 70.4141366 ], [ 30.9995936, 70.4141531 ], [ 30.9996625, 70.4141546 ] ] ] ] } },
{ "type": "Feature", "properties": { "FID": 700079, "id": 1516, "left": 30.0, "top": 75.0, "right": 35.0, "bottom": 70.0, "row_index": 3, "col_index": 42, "min_lon": 30.0, "min_lat": 70.0, "tile_id": "30_70" }, "geometry": { "type": "MultiPolygon", "coordinates": [ [ [ [ 31.1464965, 70.3904949 ], [ 31.1464003, 70.3904942 ], [ 31.1463771, 70.3905063 ], [ 31.1465465, 70.3905907 ], [ 31.1473054, 70.3907795 ], [ 31.1473871, 70.3907827 ], [ 31.1474107, 70.3907745 ], [ 31.1473989, 70.3907604 ], [ 31.1471643, 70.3905626 ], [ 31.1469088, 70.3905242 ], [ 31.1467313, 70.3905102 ], [ 31.1464965, 70.3904949 ] ] ] ] } },
{ "type": "Feature", "properties": { "FID": 700080, "id": 1516, "left": 30.0, "top": 75.0, "right": 35.0, "bottom": 70.0, "row_index": 3, "col_index": 42, "min_lon": 30.0, "min_lat": 70.0, "tile_id": "30_70" }, "geometry": { "type": "MultiPolygon", "coordinates": [ [ [ [ 31.0103405, 70.4047037 ], [ 31.0102415, 70.4047358 ], [ 31.010211, 70.404767 ], [ 31.0102051, 70.4047816 ], [ 31.0103137, 70.4048723 ], [ 31.0103922, 70.4048986 ], [ 31.0106443, 70.4049564 ], [ 31.0108382, 70.4049819 ], [ 31.0109468, 70.4049741 ], [ 31.0110352, 70.4049443 ], [ 31.0111414, 70.4047996 ], [ 31.0110966, 70.4046794 ], [ 31.0110703, 70.4046536 ], [ 31.0109962, 70.4046197 ], [ 31.0103405, 70.4047037 ] ] ] ] } },
{ "type": "Feature", "properties": { "FID": 700081, "id": 1516, "left": 30.0, "top": 75.0, "right": 35.0, "bottom": 70.0, "row_index": 3, "col_index": 42, "min_lon": 30.0, "min_lat": 70.0, "tile_id": "30_70" }, "geometry": { "type": "MultiPolygon", "coordinates": [ [ [ [ 31.0723469, 70.4059449 ], [ 31.0722271, 70.4059971 ], [ 31.0722046, 70.4060197 ], [ 31.072222, 70.406061 ], [ 31.072278, 70.4060859 ], [ 31.0724297, 70.4060922 ], [ 31.0726514, 70.4060739 ], [ 31.0729832, 70.4060768 ], [ 31.0731923, 70.4060682 ], [ 31.0735121, 70.4059807 ], [ 31.0736109, 70.4058666 ], [ 31.0735969, 70.4056956 ], [ 31.0735326, 70.4056871 ], [ 31.0732574, 70.4057033 ], [ 31.0730682, 70.4057262 ], [ 31.0728606, 70.4057757 ], [ 31.0726467, 70.4058748 ], [ 31.0724162, 70.4059282 ], [ 31.0723469, 70.4059449 ] ] ] ] } },
{ "type": "Feature", "properties": { "FID": 700082, "id": 1516, "left": 30.0, "top": 75.0, "right": 35.0, "bottom": 70.0, "row_index": 3, "col_index": 42, "min_lon": 30.0, "min_lat": 70.0, "tile_id": "30_70" }, "geometry": { "type": "MultiPolygon", "coordinates": [ [ [ [ 31.0590668, 70.3230569 ], [ 31.0589659, 70.3230813 ], [ 31.058942, 70.3230956 ], [ 31.0589907, 70.3231371 ], [ 31.0591146, 70.3231689 ], [ 31.0591775, 70.3231769 ], [ 31.0593275, 70.3231783 ], [ 31.0594867, 70.3231654 ], [ 31.0595028, 70.3231459 ], [ 31.0594794, 70.3231141 ], [ 31.0593865, 70.3230719 ], [ 31.0591878, 70.3230532 ], [ 31.0590668, 70.3230569 ] ] ] ] } },
{ "type": "Feature", "properties": { "FID": 700083, "id": 1516, "left": 30.0, "top": 75.0, "right": 35.0, "bottom": 70.0, "row_index": 3, "col_index": 42, "min_lon": 30.0, "min_lat": 70.0, "tile_id": "30_70" }, "geometry": { "type": "MultiPolygon", "coordinates": [ [ [ [ 31.0611119, 70.2879441 ], [ 31.0612136, 70.2879332 ], [ 31.0617508, 70.2879071 ], [ 31.0618303, 70.2878409 ], [ 31.0614529, 70.2877156 ], [ 31.0612493, 70.2877115 ], [ 31.0610969, 70.2877388 ], [ 31.061071, 70.2877884 ], [ 31.0610658, 70.2878888 ], [ 31.0611119, 70.2879441 ] ] ] ] } },
{ "type": "Feature", "properties": { "FID": 700084, "id": 1516, "left": 30.0, "top": 75.0, "right": 35.0, "bottom": 70.0, "row_index": 3, "col_index": 42, "min_lon": 30.0, "min_lat": 70.0, "tile_id": "30_70" }, "geometry": { "type": "MultiPolygon", "coordinates": [ [ [ [ 31.0623479, 70.2882914 ], [ 31.0624527, 70.2882875 ], [ 31.0624855, 70.2882823 ], [ 31.0625983, 70.2882299 ], [ 31.0626051, 70.2882122 ], [ 31.0624653, 70.2880902 ], [ 31.0621365, 70.2879684 ], [ 31.0616321, 70.2880091 ], [ 31.061406, 70.2880453 ], [ 31.0613833, 70.2880583 ], [ 31.0613848, 70.288082 ], [ 31.0614254, 70.2881069 ], [ 31.0616785, 70.2881929 ], [ 31.0618692, 70.288211 ], [ 31.0618486, 70.2882078 ], [ 31.0618, 70.2881684 ], [ 31.0618817, 70.2881712 ], [ 31.0621477, 70.2882342 ], [ 31.0621896, 70.288253 ], [ 31.0623479, 70.2882914 ] ] ] ] } },
{ "type": "Feature", "properties": { "FID": 700085, "id": 1516, "left": 30.0, "top": 75.0, "right": 35.0, "bottom": 70.0, "row_index": 3, "col_index": 42, "min_lon": 30.0, "min_lat": 70.0, "tile_id": "30_70" }, "geometry": { "type": "MultiPolygon", "coordinates": [ [ [ [ 31.0281701, 70.3970751 ], [ 31.0286183, 70.3971169 ], [ 31.0287605, 70.397096 ], [ 31.0290372, 70.3970275 ], [ 31.0291817, 70.3969637 ], [ 31.0292168, 70.3968904 ], [ 31.0296993, 70.3964481 ], [ 31.029658, 70.3963326 ], [ 31.0296056, 70.3963055 ], [ 31.0295281, 70.3962859 ], [ 31.029399, 70.3962696 ], [ 31.0292683, 70.3962585 ], [ 31.029113, 70.3962593 ], [ 31.0284885, 70.3963635 ], [ 31.0284996, 70.3964117 ], [ 31.028564, 70.3964623 ], [ 31.0285581, 70.3965937 ], [ 31.0283843, 70.3967728 ], [ 31.0283101, 70.3968052 ], [ 31.028177, 70.3963841 ], [ 31.028192, 70.3963251 ], [ 31.0281574, 70.3962675 ], [ 31.0276817, 70.3962186 ], [ 31.0275394, 70.3962338 ], [ 31.0274035, 70.3963129 ], [ 31.0273774, 70.3964135 ], [ 31.0272934, 70.3965561 ], [ 31.0268254, 70.396822 ], [ 31.0267723, 70.3969181 ], [ 31.0268589, 70.3969914 ], [ 31.0269577, 70.3970333 ], [ 31.0272998, 70.3970818 ], [ 31.0273917, 70.3970797 ], [ 31.027477, 70.3970586 ], [ 31.0274754, 70.3970396 ], [ 31.0281701, 70.3970751 ] ] ] ] } },
{ "type": "Feature", "properties": { "FID": 700086, "id": 1516, "left": 30.0, "top": 75.0, "right": 35.0, "bottom": 70.0, "row_index": 3, "col_index": 42, "min_lon": 30.0, "min_lat": 70.0, "tile_id": "30_70" }, "geometry": { "type": "MultiPolygon", "coordinates": [ [ [ [ 31.1274069, 70.3732042 ], [ 31.1280299, 70.3733684 ], [ 31.1281196, 70.3733377 ], [ 31.1280173, 70.3731915 ], [ 31.1279484, 70.3731639 ], [ 31.1277904, 70.3731459 ], [ 31.1274069, 70.3732042 ] ] ] ] } },
{ "type": "Feature", "properties": { "FID": 700087, "id": 1516, "left": 30.0, "top": 75.0, "right": 35.0, "bottom": 70.0, "row_index": 3, "col_index": 42, "min_lon": 30.0, "min_lat": 70.0, "tile_id": "30_70" }, "geometry": { "type": "MultiPolygon", "coordinates": [ [ [ [ 31.0464683, 70.3444839 ], [ 31.0464301, 70.3444695 ], [ 31.0463507, 70.3444575 ], [ 31.0461548, 70.3444586 ], [ 31.0461106, 70.3444843 ], [ 31.0459872, 70.3446198 ], [ 31.0459495, 70.3446798 ], [ 31.0459434, 70.3447351 ], [ 31.0460191, 70.3448807 ], [ 31.0460349, 70.3448956 ], [ 31.0460949, 70.3449077 ], [ 31.0461582, 70.3448962 ], [ 31.0461871, 70.3448792 ], [ 31.0462877, 70.3447454 ], [ 31.0464454, 70.3446416 ], [ 31.0464883, 70.3445242 ], [ 31.0464683, 70.3444839 ] ] ] ] } },
{ "type": "Feature", "properties": { "FID": 700088, "id": 1516, "left": 30.0, "top": 75.0, "right": 35.0, "bottom": 70.0, "row_index": 3, "col_index": 42, "min_lon": 30.0, "min_lat": 70.0, "tile_id": "30_70" }, "geometry": { "type": "MultiPolygon", "coordinates": [ [ [ [ 31.1265425, 70.3734289 ], [ 31.1264343, 70.3734558 ], [ 31.1261899, 70.3735306 ], [ 31.1258475, 70.3736128 ], [ 31.1257253, 70.3737239 ], [ 31.1263113, 70.3739858 ], [ 31.1266151, 70.3740364 ], [ 31.1269371, 70.3740126 ], [ 31.1268902, 70.3739824 ], [ 31.1269927, 70.3738872 ], [ 31.1270218, 70.3737875 ], [ 31.1268024, 70.3736546 ], [ 31.1265381, 70.3735598 ], [ 31.1265193, 70.3735172 ], [ 31.126573, 70.3735284 ], [ 31.1266288, 70.3735239 ], [ 31.1266426, 70.3734948 ], [ 31.126594, 70.3734269 ], [ 31.1265425, 70.3734289 ] ] ] ] } },
{ "type": "Feature", "properties": { "FID": 700089, "id": 1516, "left": 30.0, "top": 75.0, "right": 35.0, "bottom": 70.0, "row_index": 3, "col_index": 42, "min_lon": 30.0, "min_lat": 70.0, "tile_id": "30_70" }, "geometry": { "type": "MultiPolygon", "coordinates": [ [ [ [ 31.1004788, 70.3647408 ], [ 31.1004506, 70.3646881 ], [ 31.1004321, 70.3646867 ], [ 31.1003411, 70.364699 ], [ 31.1003258, 70.3647105 ], [ 31.1002952, 70.364748 ], [ 31.1002972, 70.3648513 ], [ 31.1003231, 70.3649722 ], [ 31.1004227, 70.3650443 ], [ 31.1004666, 70.3650496 ], [ 31.1004897, 70.3650482 ], [ 31.1004991, 70.3650313 ], [ 31.1004966, 70.3649874 ], [ 31.1004788, 70.3647408 ] ] ] ] } },
{ "type": "Feature", "properties": { "FID": 700090, "id": 1516, "left": 30.0, "top": 75.0, "right": 35.0, "bottom": 70.0, "row_index": 3, "col_index": 42, "min_lon": 30.0, "min_lat": 70.0, "tile_id": "30_70" }, "geometry": { "type": "MultiPolygon", "coordinates": [ [ [ [ 31.0349563, 70.3916734 ], [ 31.0348746, 70.3916674 ], [ 31.0347762, 70.3916755 ], [ 31.0343673, 70.3917834 ], [ 31.0341545, 70.3918525 ], [ 31.0341177, 70.3919924 ], [ 31.0341606, 70.392043 ], [ 31.0343835, 70.3920469 ], [ 31.0345, 70.3920263 ], [ 31.0346452, 70.3919867 ], [ 31.0347772, 70.3918964 ], [ 31.034779, 70.3917701 ], [ 31.0348318, 70.3917591 ], [ 31.0349115, 70.3917702 ], [ 31.0349335, 70.3917448 ], [ 31.0349563, 70.3916734 ] ] ] ] } },
{ "type": "Feature", "properties": { "FID": 700091, "id": 1516, "left": 30.0, "top": 75.0, "right": 35.0, "bottom": 70.0, "row_index": 3, "col_index": 42, "min_lon": 30.0, "min_lat": 70.0, "tile_id": "30_70" }, "geometry": { "type": "MultiPolygon", "coordinates": [ [ [ [ 31.1251576, 70.37546 ], [ 31.1252881, 70.3754852 ], [ 31.1253516, 70.3754813 ], [ 31.125403, 70.3754673 ], [ 31.1254333, 70.3754473 ], [ 31.1253587, 70.375413 ], [ 31.1251433, 70.375331 ], [ 31.124883, 70.3752688 ], [ 31.1248456, 70.3752717 ], [ 31.1248318, 70.3752829 ], [ 31.124856, 70.3753273 ], [ 31.1251576, 70.37546 ] ] ] ] } },
{ "type": "Feature", "properties": { "FID": 700092, "id": 1516, "left": 30.0, "top": 75.0, "right": 35.0, "bottom": 70.0, "row_index": 3, "col_index": 42, "min_lon": 30.0, "min_lat": 70.0, "tile_id": "30_70" }, "geometry": { "type": "MultiPolygon", "coordinates": [ [ [ [ 31.0665051, 70.3977595 ], [ 31.0664541, 70.397768 ], [ 31.0664338, 70.3977824 ], [ 31.0664075, 70.3979136 ], [ 31.0664707, 70.3979402 ], [ 31.0667116, 70.3979073 ], [ 31.0668559, 70.3978636 ], [ 31.0668397, 70.3978504 ], [ 31.0666359, 70.3977891 ], [ 31.0665612, 70.3977747 ], [ 31.0665051, 70.3977595 ] ] ] ] } },
{ "type": "Feature", "properties": { "FID": 700093, "id": 1516, "left": 30.0, "top": 75.0, "right": 35.0, "bottom": 70.0, "row_index": 3, "col_index": 42, "min_lon": 30.0, "min_lat": 70.0, "tile_id": "30_70" }, "geometry": { "type": "MultiPolygon", "coordinates": [ [ [ [ 31.0720254, 70.3888303 ], [ 31.0722008, 70.3888197 ], [ 31.0722342, 70.3887973 ], [ 31.0722314, 70.3887553 ], [ 31.0722184, 70.3887392 ], [ 31.0719343, 70.3886385 ], [ 31.0718839, 70.388636 ], [ 31.0717655, 70.3887043 ], [ 31.071746, 70.3887271 ], [ 31.0717715, 70.3887523 ], [ 31.0719611, 70.3888139 ], [ 31.0720254, 70.3888303 ] ] ] ] } },
{ "type": "Feature", "properties": { "FID": 700094, "id": 1516, "left": 30.0, "top": 75.0, "right": 35.0, "bottom": 70.0, "row_index": 3, "col_index": 42, "min_lon": 30.0, "min_lat": 70.0, "tile_id": "30_70" }, "geometry": { "type": "MultiPolygon", "coordinates": [ [ [ [ 31.0101384, 70.4048045 ], [ 31.0100099, 70.4047942 ], [ 31.0098505, 70.4048306 ], [ 31.009882, 70.4049275 ], [ 31.0101397, 70.4050792 ], [ 31.010589, 70.4053 ], [ 31.0107764, 70.4053506 ], [ 31.0108162, 70.4053388 ], [ 31.0108398, 70.40531 ], [ 31.0108576, 70.4051566 ], [ 31.0108032, 70.4050346 ], [ 31.0106549, 70.4050147 ], [ 31.0102928, 70.4048792 ], [ 31.010192, 70.4048249 ], [ 31.0101384, 70.4048045 ] ] ] ] } },
{ "type": "Feature", "properties": { "FID": 700095, "id": 1516, "left": 30.0, "top": 75.0, "right": 35.0, "bottom": 70.0, "row_index": 3, "col_index": 42, "min_lon": 30.0, "min_lat": 70.0, "tile_id": "30_70" }, "geometry": { "type": "MultiPolygon", "coordinates": [ [ [ [ 31.0422178, 70.3889074 ], [ 31.0420396, 70.388918 ], [ 31.0417121, 70.3890155 ], [ 31.0416841, 70.3890467 ], [ 31.0416889, 70.3890896 ], [ 31.0418053, 70.3892609 ], [ 31.0423383, 70.3894523 ], [ 31.0426849, 70.3895379 ], [ 31.0429087, 70.3895811 ], [ 31.04354, 70.3895925 ], [ 31.0436861, 70.389589 ], [ 31.0437147, 70.3895779 ], [ 31.0437539, 70.3894152 ], [ 31.0436286, 70.3891896 ], [ 31.0435464, 70.3891228 ], [ 31.0434736, 70.3890916 ], [ 31.0434258, 70.3890818 ], [ 31.0432103, 70.3890649 ], [ 31.0430609, 70.3890903 ], [ 31.0429474, 70.389122 ], [ 31.04289, 70.3891236 ], [ 31.042667, 70.3890533 ], [ 31.0424735, 70.3889592 ], [ 31.0423392, 70.3889172 ], [ 31.0422178, 70.3889074 ] ] ] ] } },
{ "type": "Feature", "properties": { "FID": 700096, "id": 1516, "left": 30.0, "top": 75.0, "right": 35.0, "bottom": 70.0, "row_index": 3, "col_index": 42, "min_lon": 30.0, "min_lat": 70.0, "tile_id": "30_70" }, "geometry": { "type": "MultiPolygon", "coordinates": [ [ [ [ 31.0163798, 70.3975342 ], [ 31.0164048, 70.3975519 ], [ 31.0165333, 70.3975654 ], [ 31.0166189, 70.3975555 ], [ 31.0166526, 70.3975378 ], [ 31.016752, 70.3974026 ], [ 31.0167481, 70.3973688 ], [ 31.0166893, 70.3973168 ], [ 31.0166397, 70.3972984 ], [ 31.0165769, 70.3972981 ], [ 31.0163798, 70.3975342 ] ] ] ] } },
{ "type": "Feature", "properties": { "FID": 700097, "id": 1516, "left": 30.0, "top": 75.0, "right": 35.0, "bottom": 70.0, "row_index": 3, "col_index": 42, "min_lon": 30.0, "min_lat": 70.0, "tile_id": "30_70" }, "geometry": { "type": "MultiPolygon", "coordinates": [ [ [ [ 31.0143374, 70.4002374 ], [ 31.0139172, 70.4003584 ], [ 31.0139046, 70.4003709 ], [ 31.0140637, 70.400412 ], [ 31.0142989, 70.4004383 ], [ 31.0144082, 70.4004368 ], [ 31.0145006, 70.4004243 ], [ 31.0146088, 70.4003947 ], [ 31.0146716, 70.4003667 ], [ 31.0147213, 70.4003251 ], [ 31.0147242, 70.4002758 ], [ 31.0145544, 70.4001959 ], [ 31.0143374, 70.4002374 ] ] ] ] } },
{ "type": "Feature", "properties": { "FID": 700098, "id": 1516, "left": 30.0, "top": 75.0, "right": 35.0, "bottom": 70.0, "row_index": 3, "col_index": 42, "min_lon": 30.0, "min_lat": 70.0, "tile_id": "30_70" }, "geometry": { "type": "MultiPolygon", "coordinates": [ [ [ [ 31.1160906, 70.3637757 ], [ 31.1162685, 70.3637664 ], [ 31.1164941, 70.3636457 ], [ 31.1165016, 70.3635849 ], [ 31.1164342, 70.363502 ], [ 31.1161633, 70.3633668 ], [ 31.116054, 70.3633694 ], [ 31.1158971, 70.3634604 ], [ 31.1158458, 70.363516 ], [ 31.1158159, 70.3635895 ], [ 31.1158154, 70.363657 ], [ 31.1158736, 70.363768 ], [ 31.1160906, 70.3637757 ] ] ] ] } },
{ "type": "Feature", "properties": { "FID": 700099, "id": 1516, "left": 30.0, "top": 75.0, "right": 35.0, "bottom": 70.0, "row_index": 3, "col_index": 42, "min_lon": 30.0, "min_lat": 70.0, "tile_id": "30_70" }, "geometry": { "type": "MultiPolygon", "coordinates": [ [ [ [ 31.1025497, 70.36453 ], [ 31.1026824, 70.3645658 ], [ 31.1029485, 70.3645475 ], [ 31.1031254, 70.3645234 ], [ 31.1031626, 70.3643673 ], [ 31.1031091, 70.3640398 ], [ 31.1030347, 70.3640029 ], [ 31.1029664, 70.3640018 ], [ 31.1028018, 70.3640762 ], [ 31.1027597, 70.3641708 ], [ 31.1027604, 70.3642322 ], [ 31.1025738, 70.3643461 ], [ 31.1025118, 70.3644371 ], [ 31.1025497, 70.36453 ] ] ] ] } },
{ "type": "Feature", "properties": { "FID": 700100, "id": 1516, "left": 30.0, "top": 75.0, "right": 35.0, "bottom": 70.0, "row_index": 3, "col_index": 42, "min_lon": 30.0, "min_lat": 70.0, "tile_id": "30_70" }, "geometry": { "type": "MultiPolygon", "coordinates": [ [ [ [ 31.124633, 70.3754054 ], [ 31.1247477, 70.3755715 ], [ 31.1250663, 70.3756076 ], [ 31.1251568, 70.3755647 ], [ 31.1248304, 70.3754204 ], [ 31.124687, 70.3753827 ], [ 31.1246426, 70.3753812 ], [ 31.124633, 70.3754054 ] ] ] ] } },
{ "type": "Feature", "properties": { "FID": 700101, "id": 1516, "left": 30.0, "top": 75.0, "right": 35.0, "bottom": 70.0, "row_index": 3, "col_index": 42, "min_lon": 30.0, "min_lat": 70.0, "tile_id": "30_70" }, "geometry": { "type": "MultiPolygon", "coordinates": [ [ [ [ 31.0540425, 70.3531568 ], [ 31.0541453, 70.3532236 ], [ 31.0542498, 70.353024 ], [ 31.0541858, 70.3529115 ], [ 31.0541094, 70.3528771 ], [ 31.0540108, 70.3528701 ], [ 31.0539339, 70.3529052 ], [ 31.0538866, 70.3529531 ], [ 31.0540425, 70.3531568 ] ] ] ] } },
{ "type": "Feature", "properties": { "FID": 700102, "id": 1516, "left": 30.0, "top": 75.0, "right": 35.0, "bottom": 70.0, "row_index": 3, "col_index": 42, "min_lon": 30.0, "min_lat": 70.0, "tile_id": "30_70" }, "geometry": { "type": "MultiPolygon", "coordinates": [ [ [ [ 31.1269958, 70.3726795 ], [ 31.1270348, 70.3727007 ], [ 31.127118, 70.3727192 ], [ 31.1275579, 70.3727488 ], [ 31.127682, 70.3727478 ], [ 31.127741, 70.3727346 ], [ 31.127741, 70.372666 ], [ 31.1277056, 70.3726389 ], [ 31.1276604, 70.3726236 ], [ 31.1276061, 70.3726184 ], [ 31.1272906, 70.3726441 ], [ 31.1270529, 70.3726473 ], [ 31.1270151, 70.372634 ], [ 31.1269958, 70.3726795 ] ] ] ] } },
{ "type": "Feature", "properties": { "FID": 700103, "id": 1516, "left": 30.0, "top": 75.0, "right": 35.0, "bottom": 70.0, "row_index": 3, "col_index": 42, "min_lon": 30.0, "min_lat": 70.0, "tile_id": "30_70" }, "geometry": { "type": "MultiPolygon", "coordinates": [ [ [ [ 30.8803254, 70.4414507 ], [ 30.8803704, 70.441425 ], [ 30.880367, 70.4414065 ], [ 30.8801481, 70.4412951 ], [ 30.8800036, 70.4413041 ], [ 30.8798797, 70.4413379 ], [ 30.8798462, 70.4413985 ], [ 30.8798688, 70.4414768 ], [ 30.8799741, 70.4414917 ], [ 30.8802336, 70.4414695 ], [ 30.8803254, 70.4414507 ] ] ] ] } },
{ "type": "Feature", "properties": { "FID": 700104, "id": 1516, "left": 30.0, "top": 75.0, "right": 35.0, "bottom": 70.0, "row_index": 3, "col_index": 42, "min_lon": 30.0, "min_lat": 70.0, "tile_id": "30_70" }, "geometry": { "type": "MultiPolygon", "coordinates": [ [ [ [ 30.8536427, 70.4427923 ], [ 30.8535344, 70.4428605 ], [ 30.8535291, 70.4429657 ], [ 30.8536653, 70.4430917 ], [ 30.8538352, 70.4431984 ], [ 30.8539622, 70.4432607 ], [ 30.8543682, 70.4433206 ], [ 30.8544138, 70.4433155 ], [ 30.8544365, 70.4433014 ], [ 30.8544891, 70.4432156 ], [ 30.854667, 70.4431379 ], [ 30.8551266, 70.443012 ], [ 30.855613, 70.4429839 ], [ 30.8565637, 70.4428882 ], [ 30.8566167, 70.4428651 ], [ 30.8565937, 70.4428242 ], [ 30.8564649, 70.442799 ], [ 30.8563771, 70.4427882 ], [ 30.8560338, 70.4427806 ], [ 30.8554018, 70.442694 ], [ 30.8552055, 70.4426804 ], [ 30.8548961, 70.4426783 ], [ 30.8544035, 70.4426936 ], [ 30.8543309, 70.4426987 ], [ 30.8543043, 70.4427435 ], [ 30.854058, 70.4427226 ], [ 30.8539505, 70.442741 ], [ 30.8536427, 70.4427923 ] ] ] ] } },
{ "type": "Feature", "properties": { "FID": 700105, "id": 1516, "left": 30.0, "top": 75.0, "right": 35.0, "bottom": 70.0, "row_index": 3, "col_index": 42, "min_lon": 30.0, "min_lat": 70.0, "tile_id": "30_70" }, "geometry": { "type": "MultiPolygon", "coordinates": [ [ [ [ 30.8353698, 70.4380805 ], [ 30.8352324, 70.4380857 ], [ 30.8348669, 70.4381382 ], [ 30.8348163, 70.4381533 ], [ 30.8347841, 70.4381786 ], [ 30.8347576, 70.438246 ], [ 30.8348258, 70.4382583 ], [ 30.835359, 70.4382707 ], [ 30.8355958, 70.4382442 ], [ 30.8358077, 70.4382001 ], [ 30.8358712, 70.4381597 ], [ 30.8354522, 70.4380926 ], [ 30.8353698, 70.4380805 ] ] ] ] } },
{ "type": "Feature", "properties": { "FID": 700106, "id": 1516, "left": 30.0, "top": 75.0, "right": 35.0, "bottom": 70.0, "row_index": 3, "col_index": 42, "min_lon": 30.0, "min_lat": 70.0, "tile_id": "30_70" }, "geometry": { "type": "MultiPolygon", "coordinates": [ [ [ [ 30.8429676, 70.4402088 ], [ 30.8428121, 70.4403251 ], [ 30.8429461, 70.4404014 ], [ 30.8432365, 70.4403574 ], [ 30.8434976, 70.4402078 ], [ 30.8434902, 70.4401755 ], [ 30.8434024, 70.4401159 ], [ 30.8433716, 70.4401088 ], [ 30.8432682, 70.4401116 ], [ 30.843058, 70.4401713 ], [ 30.8429676, 70.4402088 ] ] ] ] } },
{ "type": "Feature", "properties": { "FID": 700107, "id": 1516, "left": 30.0, "top": 75.0, "right": 35.0, "bottom": 70.0, "row_index": 3, "col_index": 42, "min_lon": 30.0, "min_lat": 70.0, "tile_id": "30_70" }, "geometry": { "type": "MultiPolygon", "coordinates": [ [ [ [ 30.8831169, 70.4422889 ], [ 30.8830939, 70.4423022 ], [ 30.8831314, 70.4423556 ], [ 30.8831804, 70.4423776 ], [ 30.8834463, 70.4424412 ], [ 30.8835447, 70.4424573 ], [ 30.8836191, 70.4424558 ], [ 30.8836795, 70.4424451 ], [ 30.883665, 70.4423756 ], [ 30.8835979, 70.4423152 ], [ 30.8833958, 70.4422678 ], [ 30.8831898, 70.4422828 ], [ 30.8831169, 70.4422889 ] ] ] ] } },
{ "type": "Feature", "properties": { "FID": 700108, "id": 1516, "left": 30.0, "top": 75.0, "right": 35.0, "bottom": 70.0, "row_index": 3, "col_index": 42, "min_lon": 30.0, "min_lat": 70.0, "tile_id": "30_70" }, "geometry": { "type": "MultiPolygon", "coordinates": [ [ [ [ 30.8534895, 70.442244 ], [ 30.8536022, 70.4421747 ], [ 30.8536403, 70.4420179 ], [ 30.8536215, 70.4419989 ], [ 30.853452, 70.4420171 ], [ 30.8532831, 70.4420495 ], [ 30.8529248, 70.4421498 ], [ 30.8528507, 70.4421948 ], [ 30.8528765, 70.4422137 ], [ 30.853078, 70.4422666 ], [ 30.8532388, 70.4422908 ], [ 30.853455, 70.4422509 ], [ 30.8534895, 70.442244 ] ] ] ] } },
{ "type": "Feature", "properties": { "FID": 700109, "id": 1516, "left": 30.0, "top": 75.0, "right": 35.0, "bottom": 70.0, "row_index": 3, "col_index": 42, "min_lon": 30.0, "min_lat": 70.0, "tile_id": "30_70" }, "geometry": { "type": "MultiPolygon", "coordinates": [ [ [ [ 30.8878671, 70.4434542 ], [ 30.8879259, 70.4434336 ], [ 30.8880014, 70.4433773 ], [ 30.888012, 70.4433122 ], [ 30.8878382, 70.4432547 ], [ 30.8877131, 70.4432405 ], [ 30.8870383, 70.4432673 ], [ 30.8870006, 70.4432767 ], [ 30.8869231, 70.4433243 ], [ 30.886954, 70.4433426 ], [ 30.8873956, 70.4433823 ], [ 30.887489, 70.4433787 ], [ 30.8875573, 70.4434157 ], [ 30.8874393, 70.4434392 ], [ 30.887431, 70.4435113 ], [ 30.8874755, 70.443518 ], [ 30.887526, 70.4435155 ], [ 30.8877805, 70.4434684 ], [ 30.8878671, 70.4434542 ] ] ] ] } },
{ "type": "Feature", "properties": { "FID": 700110, "id": 1516, "left": 30.0, "top": 75.0, "right": 35.0, "bottom": 70.0, "row_index": 3, "col_index": 42, "min_lon": 30.0, "min_lat": 70.0, "tile_id": "30_70" }, "geometry": { "type": "MultiPolygon", "coordinates": [ [ [ [ 30.8101981, 70.4314542 ], [ 30.8105297, 70.4314746 ], [ 30.8106188, 70.4314636 ], [ 30.8109155, 70.4313195 ], [ 30.8111424, 70.4313001 ], [ 30.8111806, 70.4313255 ], [ 30.8111232, 70.4313342 ], [ 30.8111454, 70.4313607 ], [ 30.8111665, 70.4313637 ], [ 30.8113255, 70.4313312 ], [ 30.8113644, 70.4312971 ], [ 30.8112253, 70.4312681 ], [ 30.8108753, 70.4312583 ], [ 30.8100818, 70.4312603 ], [ 30.80998, 70.4312651 ], [ 30.8097843, 70.4312911 ], [ 30.8096515, 70.4313338 ], [ 30.8096593, 70.4313841 ], [ 30.8097077, 70.4314412 ], [ 30.8097342, 70.4314568 ], [ 30.809866, 70.4314786 ], [ 30.8100573, 70.4314765 ], [ 30.8100643, 70.4314707 ], [ 30.8101981, 70.4314542 ] ] ] ] } },
{ "type": "Feature", "properties": { "FID": 700111, "id": 1516, "left": 30.0, "top": 75.0, "right": 35.0, "bottom": 70.0, "row_index": 3, "col_index": 42, "min_lon": 30.0, "min_lat": 70.0, "tile_id": "30_70" }, "geometry": { "type": "MultiPolygon", "coordinates": [ [ [ [ 30.8389401, 70.4392433 ], [ 30.8388937, 70.4392336 ], [ 30.8387838, 70.4392296 ], [ 30.8383385, 70.4393463 ], [ 30.8383136, 70.4393881 ], [ 30.8384052, 70.4394959 ], [ 30.8387197, 70.439531 ], [ 30.838919, 70.4395419 ], [ 30.8389619, 70.4395365 ], [ 30.8390394, 70.4394704 ], [ 30.8390044, 70.4394376 ], [ 30.8389884, 70.4393197 ], [ 30.8389401, 70.4392433 ] ] ] ] } },
{ "type": "Feature", "properties": { "FID": 700112, "id": 1516, "left": 30.0, "top": 75.0, "right": 35.0, "bottom": 70.0, "row_index": 3, "col_index": 42, "min_lon": 30.0, "min_lat": 70.0, "tile_id": "30_70" }, "geometry": { "type": "MultiPolygon", "coordinates": [ [ [ [ 30.8414881, 70.4402645 ], [ 30.8420657, 70.4402844 ], [ 30.8422348, 70.4402491 ], [ 30.8421695, 70.4401441 ], [ 30.8421281, 70.4401127 ], [ 30.8420851, 70.440103 ], [ 30.8418745, 70.4401039 ], [ 30.8417271, 70.4401169 ], [ 30.8416455, 70.4401516 ], [ 30.8415167, 70.4402443 ], [ 30.8414881, 70.4402645 ] ] ] ] } },
{ "type": "Feature", "properties": { "FID": 700113, "id": 1516, "left": 30.0, "top": 75.0, "right": 35.0, "bottom": 70.0, "row_index": 3, "col_index": 42, "min_lon": 30.0, "min_lat": 70.0, "tile_id": "30_70" }, "geometry": { "type": "MultiPolygon", "coordinates": [ [ [ [ 30.8230734, 70.4331964 ], [ 30.8230964, 70.433235 ], [ 30.8233135, 70.4333081 ], [ 30.8233459, 70.4333111 ], [ 30.8235232, 70.4332481 ], [ 30.8236492, 70.4331315 ], [ 30.8236895, 70.4330218 ], [ 30.8236446, 70.4329803 ], [ 30.8236162, 70.4329842 ], [ 30.8233454, 70.4331024 ], [ 30.8230959, 70.4331742 ], [ 30.8230734, 70.4331964 ] ] ] ] } },
{ "type": "Feature", "properties": { "FID": 700114, "id": 1516, "left": 30.0, "top": 75.0, "right": 35.0, "bottom": 70.0, "row_index": 3, "col_index": 42, "min_lon": 30.0, "min_lat": 70.0, "tile_id": "30_70" }, "geometry": { "type": "MultiPolygon", "coordinates": [ [ [ [ 30.8901017, 70.4447185 ], [ 30.8900511, 70.4447528 ], [ 30.8900546, 70.4448361 ], [ 30.8900918, 70.4448636 ], [ 30.8901573, 70.4448855 ], [ 30.8902315, 70.4448992 ], [ 30.8903549, 70.4448985 ], [ 30.8903785, 70.4448949 ], [ 30.8904136, 70.4448409 ], [ 30.8904057, 70.4448041 ], [ 30.8902632, 70.4447155 ], [ 30.8901956, 70.4446989 ], [ 30.8901017, 70.4447185 ] ] ] ] } },
{ "type": "Feature", "properties": { "FID": 700115, "id": 1516, "left": 30.0, "top": 75.0, "right": 35.0, "bottom": 70.0, "row_index": 3, "col_index": 42, "min_lon": 30.0, "min_lat": 70.0, "tile_id": "30_70" }, "geometry": { "type": "MultiPolygon", "coordinates": [ [ [ [ 31.0464708, 70.3418865 ], [ 31.0463112, 70.3419238 ], [ 31.0462727, 70.3419609 ], [ 31.0462768, 70.3419964 ], [ 31.0466467, 70.3420795 ], [ 31.0468348, 70.342047 ], [ 31.0469752, 70.3419305 ], [ 31.0469499, 70.3419001 ], [ 31.0466822, 70.3418932 ], [ 31.0464708, 70.3418865 ] ] ] ] } },
{ "type": "Feature", "properties": { "FID": 700116, "id": 1516, "left": 30.0, "top": 75.0, "right": 35.0, "bottom": 70.0, "row_index": 3, "col_index": 42, "min_lon": 30.0, "min_lat": 70.0, "tile_id": "30_70" }, "geometry": { "type": "MultiPolygon", "coordinates": [ [ [ [ 30.8085643, 70.4313698 ], [ 30.8086444, 70.4313117 ], [ 30.8085959, 70.4312595 ], [ 30.8084927, 70.4312309 ], [ 30.808136, 70.43132 ], [ 30.8080069, 70.4313816 ], [ 30.8080334, 70.4314551 ], [ 30.8081403, 70.4314984 ], [ 30.8082441, 70.4314833 ], [ 30.8085643, 70.4313698 ] ] ] ] } },
{ "type": "Feature", "properties": { "FID": 700117, "id": 1516, "left": 30.0, "top": 75.0, "right": 35.0, "bottom": 70.0, "row_index": 3, "col_index": 42, "min_lon": 30.0, "min_lat": 70.0, "tile_id": "30_70" }, "geometry": { "type": "MultiPolygon", "coordinates": [ [ [ [ 30.8867513, 70.4430438 ], [ 30.8868585, 70.443033 ], [ 30.8867888, 70.4429731 ], [ 30.8867277, 70.4429675 ], [ 30.8860455, 70.4429868 ], [ 30.8859064, 70.4430157 ], [ 30.8858901, 70.4430271 ], [ 30.8859061, 70.4430619 ], [ 30.8859231, 70.4430641 ], [ 30.8859695, 70.4430515 ], [ 30.8866221, 70.4430421 ], [ 30.8867513, 70.4430438 ] ] ] ] } },
{ "type": "Feature", "properties": { "FID": 700118, "id": 1516, "left": 30.0, "top": 75.0, "right": 35.0, "bottom": 70.0, "row_index": 3, "col_index": 42, "min_lon": 30.0, "min_lat": 70.0, "tile_id": "30_70" }, "geometry": { "type": "MultiPolygon", "coordinates": [ [ [ [ 30.8489211, 70.4413383 ], [ 30.8488177, 70.4413384 ], [ 30.8487276, 70.441399 ], [ 30.8488295, 70.4415505 ], [ 30.8489062, 70.4415923 ], [ 30.8489427, 70.4416004 ], [ 30.8489853, 70.4415946 ], [ 30.8490306, 70.4415584 ], [ 30.848981, 70.4414835 ], [ 30.8490308, 70.4414841 ], [ 30.8490696, 70.4414593 ], [ 30.8489597, 70.4413667 ], [ 30.8489211, 70.4413383 ] ] ] ] } },
{ "type": "Feature", "properties": { "FID": 700119, "id": 1516, "left": 30.0, "top": 75.0, "right": 35.0, "bottom": 70.0, "row_index": 3, "col_index": 42, "min_lon": 30.0, "min_lat": 70.0, "tile_id": "30_70" }, "geometry": { "type": "MultiPolygon", "coordinates": [ [ [ [ 30.833897, 70.4360246 ], [ 30.8339584, 70.4360328 ], [ 30.8340487, 70.4360032 ], [ 30.8341503, 70.4359075 ], [ 30.8340775, 70.4357921 ], [ 30.8340366, 70.435767 ], [ 30.8339905, 70.4357673 ], [ 30.8338795, 70.4357927 ], [ 30.8337961, 70.4358269 ], [ 30.8337865, 70.4358649 ], [ 30.8338397, 70.4359309 ], [ 30.833897, 70.4360246 ] ] ] ] } },
{ "type": "Feature", "properties": { "FID": 700120, "id": 1516, "left": 30.0, "top": 75.0, "right": 35.0, "bottom": 70.0, "row_index": 3, "col_index": 42, "min_lon": 30.0, "min_lat": 70.0, "tile_id": "30_70" }, "geometry": { "type": "MultiPolygon", "coordinates": [ [ [ [ 30.8791021, 70.4411375 ], [ 30.879133, 70.4411929 ], [ 30.8791798, 70.4412263 ], [ 30.8792302, 70.4412354 ], [ 30.8793113, 70.4412324 ], [ 30.879461, 70.4412005 ], [ 30.8795641, 70.4411948 ], [ 30.8797003, 70.4412165 ], [ 30.8796816, 70.4412562 ], [ 30.8796109, 70.441252 ], [ 30.8795893, 70.4412591 ], [ 30.8797519, 70.4412803 ], [ 30.8798773, 70.4412849 ], [ 30.8800156, 70.4412573 ], [ 30.8800568, 70.4412399 ], [ 30.8798257, 70.4411397 ], [ 30.879619, 70.4410927 ], [ 30.8795678, 70.4410911 ], [ 30.8792196, 70.4411167 ], [ 30.8791021, 70.4411375 ] ] ] ] } },
{ "type": "Feature", "properties": { "FID": 700121, "id": 1516, "left": 30.0, "top": 75.0, "right": 35.0, "bottom": 70.0, "row_index": 3, "col_index": 42, "min_lon": 30.0, "min_lat": 70.0, "tile_id": "30_70" }, "geometry": { "type": "MultiPolygon", "coordinates": [ [ [ [ 30.8062957, 70.4309951 ], [ 30.805629, 70.4309535 ], [ 30.8055279, 70.4309678 ], [ 30.805511, 70.4309749 ], [ 30.8055183, 70.4310028 ], [ 30.8055843, 70.4311197 ], [ 30.8059313, 70.4312692 ], [ 30.806079, 70.4312507 ], [ 30.8061049, 70.4312366 ], [ 30.8062957, 70.4309951 ] ] ] ] } },
{ "type": "Feature", "properties": { "FID": 700122, "id": 1516, "left": 30.0, "top": 75.0, "right": 35.0, "bottom": 70.0, "row_index": 3, "col_index": 42, "min_lon": 30.0, "min_lat": 70.0, "tile_id": "30_70" }, "geometry": { "type": "MultiPolygon", "coordinates": [ [ [ [ 30.8242989, 70.4331837 ], [ 30.8242451, 70.4331464 ], [ 30.8238399, 70.4332615 ], [ 30.8238278, 70.4333556 ], [ 30.8238466, 70.4333785 ], [ 30.8241288, 70.4333827 ], [ 30.8242386, 70.4333687 ], [ 30.8242835, 70.4333049 ], [ 30.8242759, 70.4332573 ], [ 30.8242989, 70.4331837 ] ] ] ] } },
{ "type": "Feature", "properties": { "FID": 700123, "id": 1516, "left": 30.0, "top": 75.0, "right": 35.0, "bottom": 70.0, "row_index": 3, "col_index": 42, "min_lon": 30.0, "min_lat": 70.0, "tile_id": "30_70" }, "geometry": { "type": "MultiPolygon", "coordinates": [ [ [ [ 30.8317451, 70.4355727 ], [ 30.8317419, 70.4355634 ], [ 30.8322956, 70.4355007 ], [ 30.8324187, 70.4354373 ], [ 30.8324294, 70.435395 ], [ 30.8324063, 70.4353795 ], [ 30.8322362, 70.4353706 ], [ 30.8317645, 70.4354552 ], [ 30.8316296, 70.4355036 ], [ 30.8315019, 70.4355793 ], [ 30.8315363, 70.4356061 ], [ 30.8315749, 70.4356158 ], [ 30.8317109, 70.4355893 ], [ 30.8317451, 70.4355727 ] ] ] ] } },
{ "type": "Feature", "properties": { "FID": 700124, "id": 1516, "left": 30.0, "top": 75.0, "right": 35.0, "bottom": 70.0, "row_index": 3, "col_index": 42, "min_lon": 30.0, "min_lat": 70.0, "tile_id": "30_70" }, "geometry": { "type": "MultiPolygon", "coordinates": [ [ [ [ 30.9956029, 70.2813021 ], [ 30.9961321, 70.2811655 ], [ 30.9962271, 70.2811209 ], [ 30.9964536, 70.2809818 ], [ 30.9962373, 70.2809302 ], [ 30.9960743, 70.2809064 ], [ 30.9958245, 70.2809269 ], [ 30.9957198, 70.2809477 ], [ 30.9953619, 70.2810934 ], [ 30.9951733, 70.2811846 ], [ 30.9951542, 70.2812237 ], [ 30.9951588, 70.2812436 ], [ 30.9951887, 70.2812566 ], [ 30.9953409, 70.2812738 ], [ 30.995447, 70.2812622 ], [ 30.9956029, 70.2813021 ] ] ] ] } },
{ "type": "Feature", "properties": { "FID": 700125, "id": 1516, "left": 30.0, "top": 75.0, "right": 35.0, "bottom": 70.0, "row_index": 3, "col_index": 42, "min_lon": 30.0, "min_lat": 70.0, "tile_id": "30_70" }, "geometry": { "type": "MultiPolygon", "coordinates": [ [ [ [ 31.0470007, 70.3431691 ], [ 31.0468426, 70.3432334 ], [ 31.0467109, 70.3433174 ], [ 31.0467027, 70.3433788 ], [ 31.0467211, 70.3434028 ], [ 31.0469788, 70.34353 ], [ 31.0470709, 70.3435223 ], [ 31.0474996, 70.343382 ], [ 31.0477117, 70.3432929 ], [ 31.047762, 70.3432548 ], [ 31.0475214, 70.3431466 ], [ 31.0473252, 70.343113 ], [ 31.0470007, 70.3431691 ] ] ] ] } },
{ "type": "Feature", "properties": { "FID": 700126, "id": 1516, "left": 30.0, "top": 75.0, "right": 35.0, "bottom": 70.0, "row_index": 3, "col_index": 42, "min_lon": 30.0, "min_lat": 70.0, "tile_id": "30_70" }, "geometry": { "type": "MultiPolygon", "coordinates": [ [ [ [ 30.9885267, 70.2800715 ], [ 30.9885739, 70.2801197 ], [ 30.9886192, 70.2801383 ], [ 30.9886983, 70.2801505 ], [ 30.988865, 70.2801474 ], [ 30.9890177, 70.2801024 ], [ 30.9893233, 70.2798309 ], [ 30.9893177, 70.2797826 ], [ 30.9892833, 70.2797801 ], [ 30.9889846, 70.2798185 ], [ 30.9886851, 70.2798813 ], [ 30.988545, 70.279946 ], [ 30.9885267, 70.2800715 ] ] ] ] } },
{ "type": "Feature", "properties": { "FID": 700127, "id": 1516, "left": 30.0, "top": 75.0, "right": 35.0, "bottom": 70.0, "row_index": 3, "col_index": 42, "min_lon": 30.0, "min_lat": 70.0, "tile_id": "30_70" }, "geometry": { "type": "MultiPolygon", "coordinates": [ [ [ [ 31.0718685, 70.3887964 ], [ 31.0717137, 70.3887949 ], [ 31.071691, 70.3888061 ], [ 31.0716341, 70.3889053 ], [ 31.0716432, 70.3889507 ], [ 31.0720233, 70.3890298 ], [ 31.0720942, 70.3890344 ], [ 31.0721141, 70.3890266 ], [ 31.0720114, 70.3889166 ], [ 31.0721404, 70.3888677 ], [ 31.0719562, 70.3888162 ], [ 31.0718685, 70.3887964 ] ] ] ] } },
{ "type": "Feature", "properties": { "FID": 700128, "id": 1516, "left": 30.0, "top": 75.0, "right": 35.0, "bottom": 70.0, "row_index": 3, "col_index": 42, "min_lon": 30.0, "min_lat": 70.0, "tile_id": "30_70" }, "geometry": { "type": "MultiPolygon", "coordinates": [ [ [ [ 30.9510687, 70.4452938 ], [ 30.9511534, 70.4452797 ], [ 30.9511926, 70.4452556 ], [ 30.9511418, 70.4452339 ], [ 30.950763, 70.4452321 ], [ 30.9505945, 70.4452592 ], [ 30.950538, 70.4452826 ], [ 30.9505191, 70.4453134 ], [ 30.9503821, 70.4453541 ], [ 30.9503441, 70.4453821 ], [ 30.9503482, 70.4454132 ], [ 30.9504056, 70.4454355 ], [ 30.9505805, 70.4454258 ], [ 30.950707, 70.4453792 ], [ 30.9508543, 70.4453453 ], [ 30.9509462, 70.4453351 ], [ 30.9510687, 70.4452938 ] ] ] ] } },
{ "type": "Feature", "properties": { "FID": 700129, "id": 1516, "left": 30.0, "top": 75.0, "right": 35.0, "bottom": 70.0, "row_index": 3, "col_index": 42, "min_lon": 30.0, "min_lat": 70.0, "tile_id": "30_70" }, "geometry": { "type": "MultiPolygon", "coordinates": [ [ [ [ 30.9735582, 70.2814031 ], [ 30.9735818, 70.2813976 ], [ 30.9736436, 70.2813312 ], [ 30.9734779, 70.2811858 ], [ 30.9732494, 70.2811395 ], [ 30.9731791, 70.2812138 ], [ 30.9732125, 70.2812523 ], [ 30.9733245, 70.2813154 ], [ 30.9735225, 70.281395 ], [ 30.9735582, 70.2814031 ] ] ] ] } },
{ "type": "Feature", "properties": { "FID": 700130, "id": 1516, "left": 30.0, "top": 75.0, "right": 35.0, "bottom": 70.0, "row_index": 3, "col_index": 42, "min_lon": 30.0, "min_lat": 70.0, "tile_id": "30_70" }, "geometry": { "type": "MultiPolygon", "coordinates": [ [ [ [ 31.0704391, 70.391161 ], [ 31.0707302, 70.3911838 ], [ 31.0708126, 70.3910629 ], [ 31.0708, 70.3910527 ], [ 31.0707246, 70.3910106 ], [ 31.0703729, 70.3908981 ], [ 31.070276, 70.3908303 ], [ 31.0702036, 70.3908201 ], [ 31.0701486, 70.3908206 ], [ 31.0699527, 70.3908798 ], [ 31.069855, 70.3909352 ], [ 31.0698181, 70.390974 ], [ 31.0698129, 70.3910122 ], [ 31.0698708, 70.3910393 ], [ 31.0704391, 70.391161 ] ] ] ] } },
{ "type": "Feature", "properties": { "FID": 700131, "id": 1516, "left": 30.0, "top": 75.0, "right": 35.0, "bottom": 70.0, "row_index": 3, "col_index": 42, "min_lon": 30.0, "min_lat": 70.0, "tile_id": "30_70" }, "geometry": { "type": "MultiPolygon", "coordinates": [ [ [ [ 31.0056379, 70.4093765 ], [ 31.0056358, 70.4094356 ], [ 31.0056627, 70.409484 ], [ 31.0057276, 70.4095095 ], [ 31.005904, 70.4095389 ], [ 31.0060448, 70.4095063 ], [ 31.0061226, 70.4094524 ], [ 31.0060059, 70.409326 ], [ 31.0059737, 70.4093082 ], [ 31.0058255, 70.4092752 ], [ 31.0056379, 70.4093765 ] ] ] ] } },
{ "type": "Feature", "properties": { "FID": 700132, "id": 1516, "left": 30.0, "top": 75.0, "right": 35.0, "bottom": 70.0, "row_index": 3, "col_index": 42, "min_lon": 30.0, "min_lat": 70.0, "tile_id": "30_70" }, "geometry": { "type": "MultiPolygon", "coordinates": [ [ [ [ 31.0532179, 70.3571358 ], [ 31.0532248, 70.3571536 ], [ 31.0533047, 70.3571855 ], [ 31.0534779, 70.3572032 ], [ 31.0538572, 70.3572037 ], [ 31.0539002, 70.3571926 ], [ 31.0539321, 70.3571653 ], [ 31.0539199, 70.3571471 ], [ 31.0536939, 70.3570672 ], [ 31.0536118, 70.3570609 ], [ 31.0534405, 70.3570881 ], [ 31.0532179, 70.3571358 ] ] ] ] } },
{ "type": "Feature", "properties": { "FID": 700133, "id": 1516, "left": 30.0, "top": 75.0, "right": 35.0, "bottom": 70.0, "row_index": 3, "col_index": 42, "min_lon": 30.0, "min_lat": 70.0, "tile_id": "30_70" }, "geometry": { "type": "MultiPolygon", "coordinates": [ [ [ [ 30.9569651, 70.443383 ], [ 30.956616, 70.4433444 ], [ 30.9563006, 70.4433233 ], [ 30.9558933, 70.4433128 ], [ 30.9560466, 70.4433712 ], [ 30.9562909, 70.4434001 ], [ 30.9572282, 70.4434772 ], [ 30.9574279, 70.4434793 ], [ 30.9573483, 70.443459 ], [ 30.9569651, 70.443383 ] ] ] ] } },
{ "type": "Feature", "properties": { "FID": 700134, "id": 1516, "left": 30.0, "top": 75.0, "right": 35.0, "bottom": 70.0, "row_index": 3, "col_index": 42, "min_lon": 30.0, "min_lat": 70.0, "tile_id": "30_70" }, "geometry": { "type": "MultiPolygon", "coordinates": [ [ [ [ 31.0884937, 70.3935743 ], [ 31.0885336, 70.3935804 ], [ 31.088577, 70.3935734 ], [ 31.0887817, 70.3934283 ], [ 31.0887901, 70.3933831 ], [ 31.0887687, 70.3933592 ], [ 31.0887171, 70.3933434 ], [ 31.0884688, 70.3933443 ], [ 31.0884242, 70.3933477 ], [ 31.0883848, 70.3933623 ], [ 31.0883711, 70.3933839 ], [ 31.0884734, 70.3935522 ], [ 31.0884937, 70.3935743 ] ] ] ] } },
{ "type": "Feature", "properties": { "FID": 700135, "id": 1516, "left": 30.0, "top": 75.0, "right": 35.0, "bottom": 70.0, "row_index": 3, "col_index": 42, "min_lon": 30.0, "min_lat": 70.0, "tile_id": "30_70" }, "geometry": { "type": "MultiPolygon", "coordinates": [ [ [ [ 31.0595829, 70.3227138 ], [ 31.0596287, 70.3227226 ], [ 31.0597247, 70.3227259 ], [ 31.0598643, 70.3227097 ], [ 31.060008, 70.3226778 ], [ 31.0600102, 70.3226577 ], [ 31.0599366, 70.322587 ], [ 31.0598411, 70.3225577 ], [ 31.0597864, 70.3225508 ], [ 31.0596977, 70.3225575 ], [ 31.0595369, 70.3226292 ], [ 31.0595508, 70.3226954 ], [ 31.0595829, 70.3227138 ] ] ] ] } },
{ "type": "Feature", "properties": { "FID": 700136, "id": 1516, "left": 30.0, "top": 75.0, "right": 35.0, "bottom": 70.0, "row_index": 3, "col_index": 42, "min_lon": 30.0, "min_lat": 70.0, "tile_id": "30_70" }, "geometry": { "type": "MultiPolygon", "coordinates": [ [ [ [ 31.071742, 70.3892175 ], [ 31.0718575, 70.3892282 ], [ 31.0721501, 70.3892348 ], [ 31.0722694, 70.3892097 ], [ 31.0722906, 70.389195 ], [ 31.0723243, 70.3891542 ], [ 31.07233, 70.3890863 ], [ 31.0717333, 70.3889981 ], [ 31.0716048, 70.3889945 ], [ 31.0715419, 70.3890151 ], [ 31.0714728, 70.3890892 ], [ 31.0715438, 70.3891692 ], [ 31.071609, 70.3891886 ], [ 31.071742, 70.3892175 ] ] ] ] } },
{ "type": "Feature", "properties": { "FID": 700137, "id": 1516, "left": 30.0, "top": 75.0, "right": 35.0, "bottom": 70.0, "row_index": 3, "col_index": 42, "min_lon": 30.0, "min_lat": 70.0, "tile_id": "30_70" }, "geometry": { "type": "MultiPolygon", "coordinates": [ [ [ [ 31.0891614, 70.3995617 ], [ 31.0891869, 70.3995694 ], [ 31.0892347, 70.3995678 ], [ 31.0892524, 70.3995614 ], [ 31.0893076, 70.3994317 ], [ 31.0893947, 70.3993869 ], [ 31.0892577, 70.3990756 ], [ 31.0891866, 70.3991379 ], [ 31.0890547, 70.39942 ], [ 31.0890594, 70.3994732 ], [ 31.0891614, 70.3995617 ] ] ] ] } },
{ "type": "Feature", "properties": { "FID": 700138, "id": 1516, "left": 30.0, "top": 75.0, "right": 35.0, "bottom": 70.0, "row_index": 3, "col_index": 42, "min_lon": 30.0, "min_lat": 70.0, "tile_id": "30_70" }, "geometry": { "type": "MultiPolygon", "coordinates": [ [ [ [ 30.7330284, 70.4577598 ], [ 30.7329649, 70.4578458 ], [ 30.733028, 70.4578937 ], [ 30.7332098, 70.4579666 ], [ 30.733334, 70.4580113 ], [ 30.7336161, 70.4580889 ], [ 30.73364, 70.4580891 ], [ 30.7336574, 70.4580845 ], [ 30.7335725, 70.4580412 ], [ 30.7334765, 70.4580173 ], [ 30.7334037, 70.4579241 ], [ 30.7335377, 70.4579024 ], [ 30.7336047, 70.4578752 ], [ 30.7335299, 70.4578212 ], [ 30.7334047, 70.457782 ], [ 30.7330284, 70.4577598 ] ] ] ] } },
{ "type": "Feature", "properties": { "FID": 700139, "id": 1516, "left": 30.0, "top": 75.0, "right": 35.0, "bottom": 70.0, "row_index": 3, "col_index": 42, "min_lon": 30.0, "min_lat": 70.0, "tile_id": "30_70" }, "geometry": { "type": "MultiPolygon", "coordinates": [ [ [ [ 30.7448771, 70.4317693 ], [ 30.7447809, 70.4317995 ], [ 30.7446838, 70.4318595 ], [ 30.7448549, 70.4319308 ], [ 30.7452961, 70.4320451 ], [ 30.7455869, 70.4320829 ], [ 30.7456364, 70.432087 ], [ 30.745672, 70.432079 ], [ 30.7456622, 70.4320615 ], [ 30.7451185, 70.4318589 ], [ 30.7448771, 70.4317693 ] ] ] ] } },
{ "type": "Feature", "properties": { "FID": 700140, "id": 1516, "left": 30.0, "top": 75.0, "right": 35.0, "bottom": 70.0, "row_index": 3, "col_index": 42, "min_lon": 30.0, "min_lat": 70.0, "tile_id": "30_70" }, "geometry": { "type": "MultiPolygon", "coordinates": [ [ [ [ 30.7603572, 70.4329139 ], [ 30.7602771, 70.4328922 ], [ 30.7602035, 70.4328807 ], [ 30.7599131, 70.4328625 ], [ 30.7597988, 70.4328761 ], [ 30.7597944, 70.4329002 ], [ 30.7598282, 70.4329029 ], [ 30.7598476, 70.4330517 ], [ 30.7601402, 70.4330389 ], [ 30.7601892, 70.433025 ], [ 30.7602953, 70.4329655 ], [ 30.7603572, 70.4329139 ] ] ] ] } },
{ "type": "Feature", "properties": { "FID": 700141, "id": 1516, "left": 30.0, "top": 75.0, "right": 35.0, "bottom": 70.0, "row_index": 3, "col_index": 42, "min_lon": 30.0, "min_lat": 70.0, "tile_id": "30_70" }, "geometry": { "type": "MultiPolygon", "coordinates": [ [ [ [ 30.7295643, 70.4294619 ], [ 30.7293761, 70.4294741 ], [ 30.7293274, 70.4294703 ], [ 30.7296292, 70.4295859 ], [ 30.7297123, 70.4295976 ], [ 30.7301213, 70.429605 ], [ 30.7303005, 70.4295971 ], [ 30.730038, 70.4294252 ], [ 30.729785, 70.4293393 ], [ 30.7296967, 70.4293224 ], [ 30.7296224, 70.4293221 ], [ 30.7294698, 70.4293627 ], [ 30.7294677, 70.4293761 ], [ 30.7295529, 70.429413 ], [ 30.729567, 70.4294297 ], [ 30.7295643, 70.4294619 ] ] ] ] } },
{ "type": "Feature", "properties": { "FID": 700142, "id": 1516, "left": 30.0, "top": 75.0, "right": 35.0, "bottom": 70.0, "row_index": 3, "col_index": 42, "min_lon": 30.0, "min_lat": 70.0, "tile_id": "30_70" }, "geometry": { "type": "MultiPolygon", "coordinates": [ [ [ [ 30.7380451, 70.4618184 ], [ 30.7382405, 70.4618956 ], [ 30.7383075, 70.4619042 ], [ 30.7384624, 70.4619004 ], [ 30.7388299, 70.4618483 ], [ 30.7388368, 70.4618389 ], [ 30.7388016, 70.4618176 ], [ 30.7385936, 70.4617499 ], [ 30.7384744, 70.4617399 ], [ 30.7381623, 70.4617957 ], [ 30.7380451, 70.4618184 ] ] ] ] } },
{ "type": "Feature", "properties": { "FID": 700143, "id": 1516, "left": 30.0, "top": 75.0, "right": 35.0, "bottom": 70.0, "row_index": 3, "col_index": 42, "min_lon": 30.0, "min_lat": 70.0, "tile_id": "30_70" }, "geometry": { "type": "MultiPolygon", "coordinates": [ [ [ [ 30.7336364, 70.4552543 ], [ 30.7335268, 70.4552062 ], [ 30.7334691, 70.4551633 ], [ 30.7334558, 70.455133 ], [ 30.7335042, 70.4550798 ], [ 30.7333998, 70.455038 ], [ 30.7329796, 70.4550067 ], [ 30.7328675, 70.4550245 ], [ 30.7328323, 70.4550427 ], [ 30.7328453, 70.4550654 ], [ 30.7331249, 70.4551799 ], [ 30.7333093, 70.4552403 ], [ 30.7334618, 70.455279 ], [ 30.7335519, 70.4552932 ], [ 30.7336481, 70.4552896 ], [ 30.7336364, 70.4552543 ] ] ] ] } },
{ "type": "Feature", "properties": { "FID": 700144, "id": 1516, "left": 30.0, "top": 75.0, "right": 35.0, "bottom": 70.0, "row_index": 3, "col_index": 42, "min_lon": 30.0, "min_lat": 70.0, "tile_id": "30_70" }, "geometry": { "type": "MultiPolygon", "coordinates": [ [ [ [ 30.733301, 70.4564739 ], [ 30.7332687, 70.4564871 ], [ 30.732919, 70.4565326 ], [ 30.7328795, 70.4565454 ], [ 30.732916, 70.4565765 ], [ 30.7331199, 70.4566297 ], [ 30.7333314, 70.4566187 ], [ 30.7334227, 70.4566029 ], [ 30.733654, 70.4565442 ], [ 30.7337887, 70.4564969 ], [ 30.7337818, 70.4564649 ], [ 30.7337313, 70.456443 ], [ 30.7335176, 70.4564324 ], [ 30.733301, 70.4564739 ] ] ] ] } },
{ "type": "Feature", "properties": { "FID": 700145, "id": 1516, "left": 30.0, "top": 75.0, "right": 35.0, "bottom": 70.0, "row_index": 3, "col_index": 42, "min_lon": 30.0, "min_lat": 70.0, "tile_id": "30_70" }, "geometry": { "type": "MultiPolygon", "coordinates": [ [ [ [ 30.7337519, 70.4572969 ], [ 30.7336903, 70.4573452 ], [ 30.733677, 70.4573984 ], [ 30.7337151, 70.4574582 ], [ 30.7338684, 70.4574837 ], [ 30.7339816, 70.457479 ], [ 30.7342178, 70.4574424 ], [ 30.7343393, 70.4573509 ], [ 30.7344237, 70.4573289 ], [ 30.7345359, 70.4572679 ], [ 30.7345353, 70.4571495 ], [ 30.7345218, 70.4571339 ], [ 30.7344215, 70.4570885 ], [ 30.734372, 70.4570884 ], [ 30.7341437, 70.4571321 ], [ 30.7340116, 70.4571827 ], [ 30.7337519, 70.4572969 ] ] ] ] } },
{ "type": "Feature", "properties": { "FID": 700146, "id": 1516, "left": 30.0, "top": 75.0, "right": 35.0, "bottom": 70.0, "row_index": 3, "col_index": 42, "min_lon": 30.0, "min_lat": 70.0, "tile_id": "30_70" }, "geometry": { "type": "MultiPolygon", "coordinates": [ [ [ [ 30.7601565, 70.4325217 ], [ 30.7603881, 70.4325617 ], [ 30.7604544, 70.432533 ], [ 30.7604578, 70.4325206 ], [ 30.7604079, 70.4325022 ], [ 30.7602201, 70.4324646 ], [ 30.760002, 70.4324492 ], [ 30.7599156, 70.4324522 ], [ 30.7595644, 70.4325397 ], [ 30.7598008, 70.4326036 ], [ 30.760041, 70.432621 ], [ 30.7600658, 70.4326161 ], [ 30.760084, 70.4325869 ], [ 30.7601565, 70.4325217 ] ] ] ] } },
{ "type": "Feature", "properties": { "FID": 700147, "id": 1516, "left": 30.0, "top": 75.0, "right": 35.0, "bottom": 70.0, "row_index": 3, "col_index": 42, "min_lon": 30.0, "min_lat": 70.0, "tile_id": "30_70" }, "geometry": { "type": "MultiPolygon", "coordinates": [ [ [ [ 30.7339174, 70.4591011 ], [ 30.7340461, 70.4590546 ], [ 30.7340451, 70.4589903 ], [ 30.7339906, 70.458963 ], [ 30.7339056, 70.4589508 ], [ 30.7337162, 70.4589496 ], [ 30.7335584, 70.4589849 ], [ 30.7334361, 70.4590357 ], [ 30.7334101, 70.4590962 ], [ 30.7334656, 70.4591276 ], [ 30.733741, 70.4591215 ], [ 30.7339174, 70.4591011 ] ] ] ] } },
{ "type": "Feature", "properties": { "FID": 700148, "id": 1516, "left": 30.0, "top": 75.0, "right": 35.0, "bottom": 70.0, "row_index": 3, "col_index": 42, "min_lon": 30.0, "min_lat": 70.0, "tile_id": "30_70" }, "geometry": { "type": "MultiPolygon", "coordinates": [ [ [ [ 30.7703543, 70.4279419 ], [ 30.7703778, 70.4279385 ], [ 30.7703208, 70.4278923 ], [ 30.7701114, 70.4278154 ], [ 30.7699387, 70.427794 ], [ 30.7693452, 70.4278689 ], [ 30.7692387, 70.4279038 ], [ 30.7691571, 70.427951 ], [ 30.7691652, 70.4279633 ], [ 30.7696584, 70.4280169 ], [ 30.7697151, 70.4280151 ], [ 30.7700016, 70.428034 ], [ 30.7703094, 70.4280638 ], [ 30.7703543, 70.4279419 ] ] ] ] } },
{ "type": "Feature", "properties": { "FID": 700149, "id": 1516, "left": 30.0, "top": 75.0, "right": 35.0, "bottom": 70.0, "row_index": 3, "col_index": 42, "min_lon": 30.0, "min_lat": 70.0, "tile_id": "30_70" }, "geometry": { "type": "MultiPolygon", "coordinates": [ [ [ [ 30.7742394, 70.4270778 ], [ 30.7740943, 70.4270127 ], [ 30.7739953, 70.4269869 ], [ 30.773851, 70.4269839 ], [ 30.7736982, 70.4270071 ], [ 30.7734709, 70.4270807 ], [ 30.7734883, 70.4271012 ], [ 30.7735893, 70.4270993 ], [ 30.7742394, 70.4270778 ] ] ] ] } },
{ "type": "Feature", "properties": { "FID": 700150, "id": 1516, "left": 30.0, "top": 75.0, "right": 35.0, "bottom": 70.0, "row_index": 3, "col_index": 42, "min_lon": 30.0, "min_lat": 70.0, "tile_id": "30_70" }, "geometry": { "type": "MultiPolygon", "coordinates": [ [ [ [ 30.7574304, 70.4329147 ], [ 30.7577349, 70.4329559 ], [ 30.7583913, 70.4329541 ], [ 30.7584026, 70.4328555 ], [ 30.7579623, 70.4328652 ], [ 30.7575628, 70.4329026 ], [ 30.7574304, 70.4329147 ] ] ] ] } },
{ "type": "Feature", "properties": { "FID": 700151, "id": 1516, "left": 30.0, "top": 75.0, "right": 35.0, "bottom": 70.0, "row_index": 3, "col_index": 42, "min_lon": 30.0, "min_lat": 70.0, "tile_id": "30_70" }, "geometry": { "type": "MultiPolygon", "coordinates": [ [ [ [ 30.7453823, 70.4318224 ], [ 30.745321, 70.4318076 ], [ 30.7451541, 70.4318461 ], [ 30.7452794, 70.4319023 ], [ 30.7455946, 70.4320051 ], [ 30.7459453, 70.4320973 ], [ 30.7460023, 70.4321021 ], [ 30.7460254, 70.4320947 ], [ 30.7456349, 70.4319231 ], [ 30.7453823, 70.4318224 ] ] ] ] } },
{ "type": "Feature", "properties": { "FID": 700152, "id": 1516, "left": 30.0, "top": 75.0, "right": 35.0, "bottom": 70.0, "row_index": 3, "col_index": 42, "min_lon": 30.0, "min_lat": 70.0, "tile_id": "30_70" }, "geometry": { "type": "MultiPolygon", "coordinates": [ [ [ [ 30.7272128, 70.4510354 ], [ 30.7274417, 70.4511529 ], [ 30.7277524, 70.4512589 ], [ 30.7277781, 70.4512144 ], [ 30.7276874, 70.4510261 ], [ 30.7275311, 70.4509761 ], [ 30.7272777, 70.4509213 ], [ 30.7271439, 70.4509384 ], [ 30.7270625, 70.4509728 ], [ 30.7270913, 70.4509945 ], [ 30.7272128, 70.4510354 ] ] ] ] } },
{ "type": "Feature", "properties": { "FID": 700153, "id": 1516, "left": 30.0, "top": 75.0, "right": 35.0, "bottom": 70.0, "row_index": 3, "col_index": 42, "min_lon": 30.0, "min_lat": 70.0, "tile_id": "30_70" }, "geometry": { "type": "MultiPolygon", "coordinates": [ [ [ [ 30.7456515, 70.4315879 ], [ 30.7456119, 70.4315905 ], [ 30.7455341, 70.4316324 ], [ 30.7455416, 70.4316449 ], [ 30.7461913, 70.4318783 ], [ 30.7462726, 70.4318749 ], [ 30.7463039, 70.431866 ], [ 30.7463111, 70.4318531 ], [ 30.7462226, 70.4317989 ], [ 30.7456761, 70.4315963 ], [ 30.7456515, 70.4315879 ] ] ] ] } },
{ "type": "Feature", "properties": { "FID": 700154, "id": 1516, "left": 30.0, "top": 75.0, "right": 35.0, "bottom": 70.0, "row_index": 3, "col_index": 42, "min_lon": 30.0, "min_lat": 70.0, "tile_id": "30_70" }, "geometry": { "type": "MultiPolygon", "coordinates": [ [ [ [ 30.7385282, 70.4620184 ], [ 30.7384049, 70.4620245 ], [ 30.7382602, 70.46206 ], [ 30.7381472, 70.4621003 ], [ 30.7381181, 70.4621299 ], [ 30.738125, 70.4621533 ], [ 30.7383023, 70.4621778 ], [ 30.7384813, 70.4621674 ], [ 30.7385755, 70.4621509 ], [ 30.7386822, 70.4620661 ], [ 30.7385953, 70.4620304 ], [ 30.7385282, 70.4620184 ] ] ] ] } },
{ "type": "Feature", "properties": { "FID": 700155, "id": 1516, "left": 30.0, "top": 75.0, "right": 35.0, "bottom": 70.0, "row_index": 3, "col_index": 42, "min_lon": 30.0, "min_lat": 70.0, "tile_id": "30_70" }, "geometry": { "type": "MultiPolygon", "coordinates": [ [ [ [ 30.8778317, 70.2562052 ], [ 30.8778477, 70.2561753 ], [ 30.87767, 70.2561549 ], [ 30.8774874, 70.2561518 ], [ 30.877103, 70.2561691 ], [ 30.8770123, 70.2561868 ], [ 30.8769409, 70.2562499 ], [ 30.8769836, 70.2562741 ], [ 30.8773013, 70.2562655 ], [ 30.8775031, 70.2562449 ], [ 30.8775658, 70.2562273 ], [ 30.8778317, 70.2562052 ] ] ] ] } },
{ "type": "Feature", "properties": { "FID": 700156, "id": 1516, "left": 30.0, "top": 75.0, "right": 35.0, "bottom": 70.0, "row_index": 3, "col_index": 42, "min_lon": 30.0, "min_lat": 70.0, "tile_id": "30_70" }, "geometry": { "type": "MultiPolygon", "coordinates": [ [ [ [ 30.9341732, 70.2646746 ], [ 30.9341189, 70.264635 ], [ 30.9335755, 70.2643324 ], [ 30.9333756, 70.2642816 ], [ 30.9332931, 70.2642748 ], [ 30.9331885, 70.2642778 ], [ 30.9330932, 70.2643354 ], [ 30.9330949, 70.2643586 ], [ 30.9332733, 70.2644856 ], [ 30.9334774, 70.2646074 ], [ 30.9338434, 70.2647158 ], [ 30.9340299, 70.2647229 ], [ 30.9341759, 70.2646946 ], [ 30.9341732, 70.2646746 ] ] ] ] } },
{ "type": "Feature", "properties": { "FID": 700157, "id": 1516, "left": 30.0, "top": 75.0, "right": 35.0, "bottom": 70.0, "row_index": 3, "col_index": 42, "min_lon": 30.0, "min_lat": 70.0, "tile_id": "30_70" }, "geometry": { "type": "MultiPolygon", "coordinates": [ [ [ [ 30.9197865, 70.2532422 ], [ 30.9198412, 70.2532642 ], [ 30.9215026, 70.2532631 ], [ 30.9221445, 70.2533453 ], [ 30.9227434, 70.2533704 ], [ 30.9227588, 70.2533606 ], [ 30.9227225, 70.253278 ], [ 30.9226585, 70.2532335 ], [ 30.9224654, 70.2531969 ], [ 30.9223199, 70.2531875 ], [ 30.9215257, 70.2531693 ], [ 30.9205139, 70.253126 ], [ 30.9202518, 70.2531371 ], [ 30.9197865, 70.2532422 ] ] ] ] } },
{ "type": "Feature", "properties": { "FID": 700158, "id": 1516, "left": 30.0, "top": 75.0, "right": 35.0, "bottom": 70.0, "row_index": 3, "col_index": 42, "min_lon": 30.0, "min_lat": 70.0, "tile_id": "30_70" }, "geometry": { "type": "MultiPolygon", "coordinates": [ [ [ [ 30.8773468, 70.2560478 ], [ 30.8773239, 70.2560171 ], [ 30.8771879, 70.2559667 ], [ 30.8771001, 70.2559486 ], [ 30.8770033, 70.2559434 ], [ 30.8769168, 70.2559495 ], [ 30.8768748, 70.2559851 ], [ 30.8768591, 70.256051 ], [ 30.876603, 70.2560669 ], [ 30.8764162, 70.25614 ], [ 30.8764288, 70.25617 ], [ 30.8765261, 70.2561711 ], [ 30.8767977, 70.2561485 ], [ 30.8772625, 70.256084 ], [ 30.8773468, 70.2560478 ] ] ] ] } },
{ "type": "Feature", "properties": { "FID": 700159, "id": 1516, "left": 30.0, "top": 75.0, "right": 35.0, "bottom": 70.0, "row_index": 3, "col_index": 42, "min_lon": 30.0, "min_lat": 70.0, "tile_id": "30_70" }, "geometry": { "type": "MultiPolygon", "coordinates": [ [ [ [ 30.9354699, 70.2654934 ], [ 30.9356063, 70.2655441 ], [ 30.9359313, 70.2656119 ], [ 30.9374327, 70.2658798 ], [ 30.9375198, 70.2658895 ], [ 30.9376533, 70.2658765 ], [ 30.9376788, 70.2658621 ], [ 30.9376728, 70.2658452 ], [ 30.9370561, 70.2656196 ], [ 30.9366386, 70.2655005 ], [ 30.9364928, 70.2655246 ], [ 30.9364633, 70.2655127 ], [ 30.9364029, 70.2654797 ], [ 30.9362538, 70.2652572 ], [ 30.9360627, 70.2650675 ], [ 30.935986, 70.2650174 ], [ 30.9358145, 70.2649453 ], [ 30.9357703, 70.2649433 ], [ 30.9356965, 70.2649606 ], [ 30.9356081, 70.2649943 ], [ 30.9355435, 70.2650589 ], [ 30.9355146, 70.2650665 ], [ 30.9352224, 70.2650346 ], [ 30.9349622, 70.2649626 ], [ 30.9348154, 70.2649948 ], [ 30.9347755, 70.2650384 ], [ 30.9348239, 70.2651475 ], [ 30.9349472, 70.2652011 ], [ 30.9351181, 70.2653045 ], [ 30.9354699, 70.2654934 ] ] ] ] } },
{ "type": "Feature", "properties": { "FID": 700160, "id": 1516, "left": 30.0, "top": 75.0, "right": 35.0, "bottom": 70.0, "row_index": 3, "col_index": 42, "min_lon": 30.0, "min_lat": 70.0, "tile_id": "30_70" }, "geometry": { "type": "MultiPolygon", "coordinates": [ [ [ [ 30.8998945, 70.2481212 ], [ 30.8998964, 70.2481049 ], [ 30.8998678, 70.2480877 ], [ 30.8996426, 70.2480305 ], [ 30.8996053, 70.2480293 ], [ 30.8991425, 70.2479416 ], [ 30.898864, 70.2478396 ], [ 30.8984633, 70.2477606 ], [ 30.8979876, 70.2477583 ], [ 30.8972151, 70.2478991 ], [ 30.8960978, 70.2482736 ], [ 30.8958205, 70.2483592 ], [ 30.8955468, 70.2484149 ], [ 30.8954799, 70.2484423 ], [ 30.8954731, 70.2484665 ], [ 30.8955167, 70.2485173 ], [ 30.8956517, 70.2486015 ], [ 30.8956784, 70.2486038 ], [ 30.8964148, 70.2486277 ], [ 30.8969742, 70.2486356 ], [ 30.897464, 70.2486332 ], [ 30.8983561, 70.2486963 ], [ 30.8987795, 70.2486781 ], [ 30.8990534, 70.2486547 ], [ 30.8994703, 70.2485528 ], [ 30.8995855, 70.2484871 ], [ 30.8996083, 70.24846 ], [ 30.8995909, 70.2484105 ], [ 30.8994904, 70.248354 ], [ 30.8995021, 70.2483019 ], [ 30.899684, 70.2482359 ], [ 30.8998945, 70.2481212 ] ] ] ] } },
{ "type": "Feature", "properties": { "FID": 700161, "id": 1516, "left": 30.0, "top": 75.0, "right": 35.0, "bottom": 70.0, "row_index": 3, "col_index": 42, "min_lon": 30.0, "min_lat": 70.0, "tile_id": "30_70" }, "geometry": { "type": "MultiPolygon", "coordinates": [ [ [ [ 30.9539905, 70.2617706 ], [ 30.953886, 70.2617324 ], [ 30.9538817, 70.2617191 ], [ 30.9539366, 70.26172 ], [ 30.9539573, 70.2617086 ], [ 30.9538404, 70.2616707 ], [ 30.9537569, 70.2616633 ], [ 30.9529502, 70.261676 ], [ 30.9528475, 70.2617024 ], [ 30.9527829, 70.261745 ], [ 30.9528668, 70.2617878 ], [ 30.9534322, 70.2618874 ], [ 30.953803, 70.2619408 ], [ 30.9540861, 70.2619731 ], [ 30.9543398, 70.2619809 ], [ 30.9549056, 70.2619417 ], [ 30.9549598, 70.2619301 ], [ 30.955004, 70.2619076 ], [ 30.9549676, 70.2618457 ], [ 30.9549327, 70.2618305 ], [ 30.954693, 70.2617771 ], [ 30.9546006, 70.2617648 ], [ 30.9544111, 70.2617594 ], [ 30.9542575, 70.2617678 ], [ 30.9542259, 70.2617773 ], [ 30.9540416, 70.2617736 ], [ 30.9539905, 70.2617706 ] ] ] ] } },
{ "type": "Feature", "properties": { "FID": 700162, "id": 1516, "left": 30.0, "top": 75.0, "right": 35.0, "bottom": 70.0, "row_index": 3, "col_index": 42, "min_lon": 30.0, "min_lat": 70.0, "tile_id": "30_70" }, "geometry": { "type": "MultiPolygon", "coordinates": [ [ [ [ 30.867111, 70.2647919 ], [ 30.8674908, 70.2648667 ], [ 30.8676477, 70.2648857 ], [ 30.8677575, 70.2648903 ], [ 30.8677965, 70.2648805 ], [ 30.8678023, 70.2648609 ], [ 30.8677193, 70.2648238 ], [ 30.8673736, 70.2647443 ], [ 30.8671573, 70.2647219 ], [ 30.8670626, 70.2647366 ], [ 30.8670422, 70.2647541 ], [ 30.867111, 70.2647919 ] ] ] ] } },
{ "type": "Feature", "properties": { "FID": 700163, "id": 1516, "left": 30.0, "top": 75.0, "right": 35.0, "bottom": 70.0, "row_index": 3, "col_index": 42, "min_lon": 30.0, "min_lat": 70.0, "tile_id": "30_70" }, "geometry": { "type": "MultiPolygon", "coordinates": [ [ [ [ 30.9711865, 70.2767999 ], [ 30.9713715, 70.2768393 ], [ 30.9714815, 70.2768482 ], [ 30.9715324, 70.276833 ], [ 30.9715475, 70.2768193 ], [ 30.9715269, 70.2767973 ], [ 30.9708802, 70.2765614 ], [ 30.9707773, 70.2765388 ], [ 30.9706754, 70.2765325 ], [ 30.9705613, 70.2765371 ], [ 30.9705463, 70.2765519 ], [ 30.970702, 70.2766329 ], [ 30.9711865, 70.2767999 ] ] ] ] } },
{ "type": "Feature", "properties": { "FID": 700164, "id": 1516, "left": 30.0, "top": 75.0, "right": 35.0, "bottom": 70.0, "row_index": 3, "col_index": 42, "min_lon": 30.0, "min_lat": 70.0, "tile_id": "30_70" }, "geometry": { "type": "MultiPolygon", "coordinates": [ [ [ [ 30.957943, 70.2720435 ], [ 30.958175, 70.2720733 ], [ 30.9586758, 70.2721049 ], [ 30.9588044, 70.2721031 ], [ 30.958908, 70.2720875 ], [ 30.9590332, 70.2720426 ], [ 30.9590514, 70.2720218 ], [ 30.9590365, 70.2720017 ], [ 30.9588351, 70.2719317 ], [ 30.9581163, 70.2717541 ], [ 30.9579657, 70.2716804 ], [ 30.9573542, 70.2714794 ], [ 30.9572062, 70.2714399 ], [ 30.9569097, 70.2713831 ], [ 30.9566365, 70.2713473 ], [ 30.9565828, 70.2713469 ], [ 30.9565542, 70.2713694 ], [ 30.9565676, 70.2713962 ], [ 30.9567778, 70.2715645 ], [ 30.9570778, 70.2717628 ], [ 30.9577609, 70.2719957 ], [ 30.957943, 70.2720435 ] ] ] ] } },
{ "type": "Feature", "properties": { "FID": 700165, "id": 1516, "left": 30.0, "top": 75.0, "right": 35.0, "bottom": 70.0, "row_index": 3, "col_index": 42, "min_lon": 30.0, "min_lat": 70.0, "tile_id": "30_70" }, "geometry": { "type": "MultiPolygon", "coordinates": [ [ [ [ 30.894014, 70.2499186 ], [ 30.8938976, 70.2499008 ], [ 30.8937258, 70.2499081 ], [ 30.89363, 70.2499445 ], [ 30.893557, 70.2499966 ], [ 30.8935591, 70.2500006 ], [ 30.8935688, 70.2500184 ], [ 30.89375, 70.2500505 ], [ 30.8939026, 70.2500481 ], [ 30.8939687, 70.2500247 ], [ 30.8939789, 70.2500006 ], [ 30.894014, 70.2499186 ] ] ] ] } },
{ "type": "Feature", "properties": { "FID": 700166, "id": 1516, "left": 30.0, "top": 75.0, "right": 35.0, "bottom": 70.0, "row_index": 3, "col_index": 42, "min_lon": 30.0, "min_lat": 70.0, "tile_id": "30_70" }, "geometry": { "type": "MultiPolygon", "coordinates": [ [ [ [ 30.7126, 70.2457344 ], [ 30.7125378, 70.2457319 ], [ 30.7119985, 70.2457591 ], [ 30.7119518, 70.2457888 ], [ 30.7119535, 70.2458064 ], [ 30.7120608, 70.2459183 ], [ 30.7121346, 70.2459247 ], [ 30.7122749, 70.2459107 ], [ 30.7124181, 70.2458766 ], [ 30.7126173, 70.2457542 ], [ 30.7126, 70.2457344 ] ] ] ] } },
{ "type": "Feature", "properties": { "FID": 700167, "id": 1516, "left": 30.0, "top": 75.0, "right": 35.0, "bottom": 70.0, "row_index": 3, "col_index": 42, "min_lon": 30.0, "min_lat": 70.0, "tile_id": "30_70" }, "geometry": { "type": "MultiPolygon", "coordinates": [ [ [ [ 30.7922964, 70.2564588 ], [ 30.7922026, 70.2564612 ], [ 30.792044, 70.2564909 ], [ 30.7919986, 70.2565165 ], [ 30.7919983, 70.2565645 ], [ 30.7920323, 70.2565791 ], [ 30.7921384, 70.2565924 ], [ 30.7925883, 70.2565869 ], [ 30.7926139, 70.256576 ], [ 30.7926003, 70.2565563 ], [ 30.7924761, 70.25652 ], [ 30.7922964, 70.2564588 ] ] ] ] } },
{ "type": "Feature", "properties": { "FID": 700168, "id": 1516, "left": 30.0, "top": 75.0, "right": 35.0, "bottom": 70.0, "row_index": 3, "col_index": 42, "min_lon": 30.0, "min_lat": 70.0, "tile_id": "30_70" }, "geometry": { "type": "MultiPolygon", "coordinates": [ [ [ [ 30.9345119, 70.2647883 ], [ 30.9345378, 70.2648745 ], [ 30.9345843, 70.2649109 ], [ 30.9346165, 70.2649173 ], [ 30.9347613, 70.2649188 ], [ 30.9348912, 70.2648726 ], [ 30.9348789, 70.2648111 ], [ 30.9347103, 70.2647477 ], [ 30.9346297, 70.264731 ], [ 30.9345845, 70.2647302 ], [ 30.9345119, 70.2647883 ] ] ] ] } },
{ "type": "Feature", "properties": { "FID": 700169, "id": 1516, "left": 30.0, "top": 75.0, "right": 35.0, "bottom": 70.0, "row_index": 3, "col_index": 42, "min_lon": 30.0, "min_lat": 70.0, "tile_id": "30_70" }, "geometry": { "type": "MultiPolygon", "coordinates": [ [ [ [ 30.896214, 70.2494504 ], [ 30.8959793, 70.2494729 ], [ 30.8959847, 70.2495248 ], [ 30.8959463, 70.2495781 ], [ 30.8958756, 70.2496047 ], [ 30.8958713, 70.2496234 ], [ 30.895987, 70.2496374 ], [ 30.8961531, 70.2496325 ], [ 30.8964264, 70.2495669 ], [ 30.8965617, 70.2494935 ], [ 30.8965666, 70.2494811 ], [ 30.8965127, 70.249462 ], [ 30.8964159, 70.2494561 ], [ 30.896214, 70.2494504 ] ] ] ] } },
{ "type": "Feature", "properties": { "FID": 700170, "id": 1516, "left": 30.0, "top": 75.0, "right": 35.0, "bottom": 70.0, "row_index": 3, "col_index": 42, "min_lon": 30.0, "min_lat": 70.0, "tile_id": "30_70" }, "geometry": { "type": "MultiPolygon", "coordinates": [ [ [ [ 30.930874, 70.2536244 ], [ 30.9306309, 70.253686 ], [ 30.9304641, 70.2537083 ], [ 30.93038, 70.2537016 ], [ 30.9304225, 70.2536405 ], [ 30.930489, 70.2535876 ], [ 30.9306737, 70.2535066 ], [ 30.9304634, 70.2534663 ], [ 30.9300364, 70.2534429 ], [ 30.9299252, 70.2534677 ], [ 30.9297423, 70.2535501 ], [ 30.9296337, 70.2536532 ], [ 30.9297181, 70.2537667 ], [ 30.9301286, 70.2539185 ], [ 30.9303517, 70.2539386 ], [ 30.9304673, 70.2539416 ], [ 30.9309611, 70.2537733 ], [ 30.9311771, 70.2536384 ], [ 30.931146, 70.2535807 ], [ 30.930874, 70.2536244 ] ] ] ] } },
{ "type": "Feature", "properties": { "FID": 700171, "id": 1516, "left": 30.0, "top": 75.0, "right": 35.0, "bottom": 70.0, "row_index": 3, "col_index": 42, "min_lon": 30.0, "min_lat": 70.0, "tile_id": "30_70" }, "geometry": { "type": "MultiPolygon", "coordinates": [ [ [ [ 30.8776327, 70.2560232 ], [ 30.8776631, 70.2560247 ], [ 30.8781542, 70.2559944 ], [ 30.878204, 70.2559668 ], [ 30.878194, 70.2559298 ], [ 30.8779645, 70.2558287 ], [ 30.8779024, 70.2558214 ], [ 30.8776608, 70.2558674 ], [ 30.8775149, 70.2559435 ], [ 30.877493, 70.2559672 ], [ 30.8775118, 70.2559879 ], [ 30.8776327, 70.2560232 ] ] ] ] } },
{ "type": "Feature", "properties": { "FID": 700175, "id": 1516, "left": 30.0, "top": 75.0, "right": 35.0, "bottom": 70.0, "row_index": 3, "col_index": 42, "min_lon": 30.0, "min_lat": 70.0, "tile_id": "30_70" }, "geometry": { "type": "MultiPolygon", "coordinates": [ [ [ [ 30.2483563, 70.0910324 ], [ 30.2482779, 70.0910771 ], [ 30.2482434, 70.0911312 ], [ 30.2482613, 70.0911525 ], [ 30.2484485, 70.091199 ], [ 30.2485566, 70.0912092 ], [ 30.2489363, 70.0912011 ], [ 30.2494176, 70.0911774 ], [ 30.2494689, 70.09117 ], [ 30.2497423, 70.0910864 ], [ 30.2497167, 70.091065 ], [ 30.2495268, 70.0910251 ], [ 30.2492581, 70.090989 ], [ 30.2487098, 70.0909579 ], [ 30.2486382, 70.0909591 ], [ 30.2485508, 70.0909745 ], [ 30.2483563, 70.0910324 ] ] ] ] } },
{ "type": "Feature", "properties": { "FID": 700176, "id": 1516, "left": 30.0, "top": 75.0, "right": 35.0, "bottom": 70.0, "row_index": 3, "col_index": 42, "min_lon": 30.0, "min_lat": 70.0, "tile_id": "30_70" }, "geometry": { "type": "MultiPolygon", "coordinates": [ [ [ [ 30.3555639, 70.1376538 ], [ 30.3555357, 70.1376156 ], [ 30.355351, 70.1375985 ], [ 30.3547812, 70.1375643 ], [ 30.3547152, 70.1375713 ], [ 30.3546703, 70.1376012 ], [ 30.3546569, 70.1376443 ], [ 30.3546979, 70.1376715 ], [ 30.3554376, 70.1378179 ], [ 30.355603, 70.1378413 ], [ 30.3558037, 70.1378517 ], [ 30.3564731, 70.1378434 ], [ 30.3568389, 70.1378096 ], [ 30.3568306, 70.1378004 ], [ 30.3566796, 70.1377609 ], [ 30.3565756, 70.1377469 ], [ 30.3557428, 70.1376975 ], [ 30.3555639, 70.1376538 ] ] ] ] } },
{ "type": "Feature", "properties": { "FID": 700177, "id": 1516, "left": 30.0, "top": 75.0, "right": 35.0, "bottom": 70.0, "row_index": 3, "col_index": 42, "min_lon": 30.0, "min_lat": 70.0, "tile_id": "30_70" }, "geometry": { "type": "MultiPolygon", "coordinates": [ [ [ [ 30.4138216, 70.1965135 ], [ 30.4137873, 70.196441 ], [ 30.4134814, 70.1963434 ], [ 30.4133731, 70.1963277 ], [ 30.413298, 70.196326 ], [ 30.4131578, 70.1963351 ], [ 30.4129513, 70.1963704 ], [ 30.4127075, 70.1964266 ], [ 30.4123868, 70.1965089 ], [ 30.4121474, 70.1966114 ], [ 30.4120154, 70.1967041 ], [ 30.4119843, 70.196757 ], [ 30.4119784, 70.1968077 ], [ 30.4120581, 70.1968571 ], [ 30.4120932, 70.1968571 ], [ 30.4121422, 70.1968426 ], [ 30.4122327, 70.196762 ], [ 30.4123077, 70.196732 ], [ 30.4124007, 70.1967045 ], [ 30.4126117, 70.1966712 ], [ 30.4138216, 70.1965135 ] ] ] ] } },
{ "type": "Feature", "properties": { "FID": 700178, "id": 1516, "left": 30.0, "top": 75.0, "right": 35.0, "bottom": 70.0, "row_index": 3, "col_index": 42, "min_lon": 30.0, "min_lat": 70.0, "tile_id": "30_70" }, "geometry": { "type": "MultiPolygon", "coordinates": [ [ [ [ 30.4165634, 70.1963543 ], [ 30.4171296, 70.1963452 ], [ 30.417208, 70.1963404 ], [ 30.4172937, 70.1963229 ], [ 30.4173495, 70.1962785 ], [ 30.4172853, 70.1962053 ], [ 30.4170599, 70.1960821 ], [ 30.4166652, 70.1960008 ], [ 30.4162596, 70.1959895 ], [ 30.4158994, 70.1960192 ], [ 30.415788, 70.1960471 ], [ 30.4156278, 70.1961166 ], [ 30.4153618, 70.1962785 ], [ 30.4153239, 70.1963168 ], [ 30.4153446, 70.1963282 ], [ 30.4153699, 70.1963268 ], [ 30.4159003, 70.1962426 ], [ 30.4163378, 70.1963304 ], [ 30.4165634, 70.1963543 ] ] ] ] } },
{ "type": "Feature", "properties": { "FID": 700611, "id": 1516, "left": 30.0, "top": 75.0, "right": 35.0, "bottom": 70.0, "row_index": 3, "col_index": 42, "min_lon": 30.0, "min_lat": 70.0, "tile_id": "30_70" }, "geometry": { "type": "MultiPolygon", "coordinates": [ [ [ [ 30.5711429, 70.5090983 ], [ 30.5711031, 70.5090939 ], [ 30.5710768, 70.5090969 ], [ 30.5710365, 70.5091128 ], [ 30.5710189, 70.5091364 ], [ 30.5710244, 70.5091526 ], [ 30.571119, 70.5092301 ], [ 30.5711752, 70.5092629 ], [ 30.5712261, 70.5092753 ], [ 30.571293, 70.5092805 ], [ 30.5713927, 70.5092793 ], [ 30.5714424, 70.5092657 ], [ 30.5714625, 70.5092354 ], [ 30.5714598, 70.5092142 ], [ 30.5714456, 70.5091757 ], [ 30.5714304, 70.5091683 ], [ 30.5713468, 70.5091425 ], [ 30.5711429, 70.5090983 ] ] ] ] } },
{ "type": "Feature", "properties": { "FID": 700612, "id": 1516, "left": 30.0, "top": 75.0, "right": 35.0, "bottom": 70.0, "row_index": 3, "col_index": 42, "min_lon": 30.0, "min_lat": 70.0, "tile_id": "30_70" }, "geometry": { "type": "MultiPolygon", "coordinates": [ [ [ [ 30.5701743, 70.5086698 ], [ 30.5701362, 70.5086587 ], [ 30.5700948, 70.5086552 ], [ 30.5700641, 70.5086555 ], [ 30.5700381, 70.5086599 ], [ 30.5700261, 70.5086745 ], [ 30.5700292, 70.5086977 ], [ 30.5700225, 70.5087169 ], [ 30.5699683, 70.5087697 ], [ 30.5699621, 70.5087881 ], [ 30.5699629, 70.5087976 ], [ 30.5699723, 70.5088074 ], [ 30.5700503, 70.5088152 ], [ 30.5701645, 70.508804 ], [ 30.5701855, 70.5087945 ], [ 30.5701939, 70.508775 ], [ 30.5701922, 70.508695 ], [ 30.5701903, 70.5086794 ], [ 30.5701743, 70.5086698 ] ] ] ] } }
]
}
