{
"type": "FeatureCollection",
"name": "35_25",
"crs": { "type": "name", "properties": { "name": "urn:ogc:def:crs:OGC:1.3:CRS84" } },
"xy_coordinate_resolution": 1e-15,
"features": [
{ "type": "Feature", "properties": { "FID": 54806, "id": 1561, "left": 35.0, "top": 30.0, "right": 40.0, "bottom": 25.0, "row_index": 12, "col_index": 43, "min_lon": 35.0, "min_lat": 25.0, "tile_id": "35_25" }, "geometry": { "type": "MultiPolygon", "coordinates": [ [ [ [ 36.8972358, 25.3943989 ], [ 36.897519, 25.3944028 ], [ 36.8975278, 25.3938886 ], [ 36.8972447, 25.3938844 ], [ 36.8972358, 25.3943989 ] ] ] ] } },
{ "type": "Feature", "properties": { "FID": 54807, "id": 1561, "left": 35.0, "top": 30.0, "right": 40.0, "bottom": 25.0, "row_index": 12, "col_index": 43, "min_lon": 35.0, "min_lat": 25.0, "tile_id": "35_25" }, "geometry": { "type": "MultiPolygon", "coordinates": [ [ [ [ 37.0635515, 25.4083892 ], [ 37.0615568, 25.4091348 ], [ 37.0605505, 25.4100226 ], [ 37.0601015, 25.4115603 ], [ 37.0606679, 25.4115676 ], [ 37.0607966, 25.4123412 ], [ 37.0613468, 25.4133777 ], [ 37.0611767, 25.4151764 ], [ 37.0608936, 25.4151726 ], [ 37.0608853, 25.4156871 ], [ 37.0614538, 25.4155654 ], [ 37.0625991, 25.4148088 ], [ 37.0643232, 25.4132877 ], [ 37.0651748, 25.4131707 ], [ 37.0653324, 25.4121437 ], [ 37.0658609, 25.4117237 ], [ 37.0666156, 25.4116461 ], [ 37.0666197, 25.4113888 ], [ 37.06577, 25.4113777 ], [ 37.06567, 25.4115451 ], [ 37.0651996, 25.4116274 ], [ 37.0646658, 25.4095622 ], [ 37.0640994, 25.4095548 ], [ 37.0642487, 25.4090422 ], [ 37.0645362, 25.4087886 ], [ 37.0646946, 25.4077616 ], [ 37.0635515, 25.4083892 ] ] ] ] } },
{ "type": "Feature", "properties": { "FID": 54809, "id": 1561, "left": 35.0, "top": 30.0, "right": 40.0, "bottom": 25.0, "row_index": 12, "col_index": 43, "min_lon": 35.0, "min_lat": 25.0, "tile_id": "35_25" }, "geometry": { "type": "MultiPolygon", "coordinates": [ [ [ [ 36.9015473, 25.3851105 ], [ 36.90136, 25.3851963 ], [ 36.9013511, 25.3857107 ], [ 36.9016342, 25.3857149 ], [ 36.901738, 25.3852893 ], [ 36.9019262, 25.3852044 ], [ 36.9022406, 25.3834081 ], [ 36.9019574, 25.383404 ], [ 36.9015473, 25.3851105 ] ] ] ] } },
{ "type": "Feature", "properties": { "FID": 54812, "id": 1561, "left": 35.0, "top": 30.0, "right": 40.0, "bottom": 25.0, "row_index": 12, "col_index": 43, "min_lon": 35.0, "min_lat": 25.0, "tile_id": "35_25" }, "geometry": { "type": "MultiPolygon", "coordinates": [ [ [ [ 37.00951, 25.4218173 ], [ 37.0090783, 25.4221979 ], [ 37.0089159, 25.423482 ], [ 37.0094803, 25.4236179 ], [ 37.0103215, 25.4241437 ], [ 37.0111692, 25.4242843 ], [ 37.0117568, 25.4230059 ], [ 37.0114735, 25.4230021 ], [ 37.011482, 25.4224877 ], [ 37.0109176, 25.422351 ], [ 37.0107776, 25.4222208 ], [ 37.0106449, 25.4217045 ], [ 37.00951, 25.4218173 ] ] ] ] } },
{ "type": "Feature", "properties": { "FID": 54813, "id": 1561, "left": 35.0, "top": 30.0, "right": 40.0, "bottom": 25.0, "row_index": 12, "col_index": 43, "min_lon": 35.0, "min_lat": 25.0, "tile_id": "35_25" }, "geometry": { "type": "MultiPolygon", "coordinates": [ [ [ [ 37.0109976, 25.426083 ], [ 37.0115472, 25.4271195 ], [ 37.011664, 25.4286648 ], [ 37.0125094, 25.4289333 ], [ 37.0124841, 25.4304767 ], [ 37.012063, 25.4302136 ], [ 37.0119344, 25.4294402 ], [ 37.0108057, 25.4291677 ], [ 37.0106339, 25.4309662 ], [ 37.0103465, 25.4312195 ], [ 37.0100507, 25.4319874 ], [ 37.009763, 25.4322408 ], [ 37.0096135, 25.4327532 ], [ 37.0090448, 25.4328738 ], [ 37.0087574, 25.4331271 ], [ 37.0081888, 25.4332486 ], [ 37.0081718, 25.4342773 ], [ 37.00732, 25.4343939 ], [ 37.0064618, 25.4348969 ], [ 36.9999466, 25.4348084 ], [ 36.9988093, 25.4350501 ], [ 36.9985219, 25.4353034 ], [ 36.995685, 25.4355221 ], [ 36.9951204, 25.4353862 ], [ 36.9951119, 25.4359006 ], [ 36.9945455, 25.4358929 ], [ 36.994554, 25.4353784 ], [ 36.9939853, 25.4354988 ], [ 36.9936978, 25.4357521 ], [ 36.9922794, 25.4358619 ], [ 36.9922709, 25.4363763 ], [ 36.9919897, 25.4362433 ], [ 36.9888695, 25.436458 ], [ 36.9884378, 25.4368384 ], [ 36.9884206, 25.4378672 ], [ 36.9882773, 25.4379934 ], [ 36.987713, 25.4378575 ], [ 36.9882367, 25.4404374 ], [ 36.9876703, 25.4404296 ], [ 36.9878027, 25.440946 ], [ 36.9876595, 25.4410722 ], [ 36.9873762, 25.4410683 ], [ 36.9872363, 25.4409382 ], [ 36.9865627, 25.4388708 ], [ 36.9859963, 25.438863 ], [ 36.9857343, 25.4375731 ], [ 36.9851679, 25.4375653 ], [ 36.9850343, 25.437049 ], [ 36.984193, 25.4365228 ], [ 36.9840604, 25.4360065 ], [ 36.9832106, 25.4359949 ], [ 36.983215, 25.4357377 ], [ 36.9837814, 25.4357455 ], [ 36.9839354, 25.4349757 ], [ 36.983526, 25.4340692 ], [ 36.9826763, 25.4340575 ], [ 36.9822444, 25.434438 ], [ 36.9820819, 25.435722 ], [ 36.9815175, 25.4355852 ], [ 36.9810857, 25.4359656 ], [ 36.9810772, 25.4364801 ], [ 36.9804934, 25.4375011 ], [ 36.9793431, 25.4385143 ], [ 36.9790471, 25.439282 ], [ 36.9778969, 25.4402953 ], [ 36.9773087, 25.4415737 ], [ 36.9768328, 25.4446544 ], [ 36.9765495, 25.4446504 ], [ 36.976558, 25.4441359 ], [ 36.9761284, 25.4443873 ], [ 36.9759785, 25.4448997 ], [ 36.9751244, 25.4451452 ], [ 36.9748583, 25.4441125 ], [ 36.9745752, 25.4441085 ], [ 36.9742703, 25.4453907 ], [ 36.9748368, 25.4453986 ], [ 36.9745365, 25.4464234 ], [ 36.9759485, 25.4467003 ], [ 36.975802, 25.4469554 ], [ 36.9757461, 25.4502992 ], [ 36.9754586, 25.4505525 ], [ 36.9754327, 25.4520957 ], [ 36.9757117, 25.4523569 ], [ 36.9758194, 25.4544166 ], [ 36.9752528, 25.4544086 ], [ 36.9755017, 25.4564703 ], [ 36.9748014, 25.4559462 ], [ 36.9746689, 25.4554296 ], [ 36.9743856, 25.4554258 ], [ 36.9743684, 25.4564546 ], [ 36.9749286, 25.4568479 ], [ 36.9766306, 25.4567432 ], [ 36.9767674, 25.4570023 ], [ 36.9766049, 25.4582864 ], [ 36.9782983, 25.4586952 ], [ 36.9791482, 25.4587069 ], [ 36.9794357, 25.4584536 ], [ 36.9814168, 25.4586099 ], [ 36.9814083, 25.4591244 ], [ 36.9816893, 25.4592563 ], [ 36.9831061, 25.4592758 ], [ 36.9853662, 25.4596933 ], [ 36.9853618, 25.4599505 ], [ 36.9847931, 25.4600709 ], [ 36.9845034, 25.4604532 ], [ 36.9864822, 25.4607377 ], [ 36.9863231, 25.4617645 ], [ 36.9860354, 25.4620178 ], [ 36.9860225, 25.4627895 ], [ 36.985304, 25.4634222 ], [ 36.9845888, 25.4637989 ], [ 36.9844304, 25.4648258 ], [ 36.9838617, 25.4649461 ], [ 36.9835741, 25.4651994 ], [ 36.9830052, 25.4653207 ], [ 36.9829967, 25.4658352 ], [ 36.9824365, 25.4654411 ], [ 36.9821532, 25.4654372 ], [ 36.9814378, 25.4658137 ], [ 36.9812881, 25.4663262 ], [ 36.9810069, 25.4661932 ], [ 36.9804402, 25.4661854 ], [ 36.9797164, 25.4670764 ], [ 36.9796992, 25.4681051 ], [ 36.9795557, 25.4682313 ], [ 36.9778579, 25.4680798 ], [ 36.9785916, 25.4665462 ], [ 36.9785958, 25.4662892 ], [ 36.9784569, 25.466158 ], [ 36.9781736, 25.4661542 ], [ 36.9777415, 25.4665347 ], [ 36.9774367, 25.4678167 ], [ 36.9772934, 25.4679429 ], [ 36.9752993, 25.4685591 ], [ 36.9752908, 25.4690735 ], [ 36.9764283, 25.468832 ], [ 36.9759942, 25.4693404 ], [ 36.9754145, 25.4701043 ], [ 36.9749793, 25.4707409 ], [ 36.9741293, 25.4707292 ], [ 36.9738417, 25.4709826 ], [ 36.9732728, 25.4711038 ], [ 36.973861, 25.4698256 ], [ 36.9721545, 25.4701875 ], [ 36.9718668, 25.4704408 ], [ 36.9693168, 25.4704054 ], [ 36.9690379, 25.4701444 ], [ 36.9676211, 25.4701247 ], [ 36.9671891, 25.470505 ], [ 36.9668884, 25.47153 ], [ 36.9670003, 25.4733325 ], [ 36.9675714, 25.473083 ], [ 36.9677039, 25.4735993 ], [ 36.968262, 25.4741217 ], [ 36.9683911, 25.4748953 ], [ 36.9698035, 25.475172 ], [ 36.9700783, 25.4756904 ], [ 36.969795, 25.4756865 ], [ 36.9697907, 25.4759437 ], [ 36.9709262, 25.4758303 ], [ 36.9712053, 25.4760915 ], [ 36.9723344, 25.4763644 ], [ 36.9729054, 25.4761149 ], [ 36.9748931, 25.4758851 ], [ 36.9751787, 25.4757609 ], [ 36.97517, 25.4762754 ], [ 36.976589, 25.4761658 ], [ 36.97716, 25.4759165 ], [ 36.9788623, 25.4758118 ], [ 36.9788708, 25.4752973 ], [ 36.9805667, 25.475578 ], [ 36.9805754, 25.4750635 ], [ 36.9819921, 25.475083 ], [ 36.9820006, 25.4745685 ], [ 36.9814361, 25.4744317 ], [ 36.981296, 25.4743016 ], [ 36.9811635, 25.4737853 ], [ 36.9820178, 25.4735398 ], [ 36.9820263, 25.4730253 ], [ 36.9828765, 25.4730371 ], [ 36.9821547, 25.4737989 ], [ 36.982005, 25.4743113 ], [ 36.9834238, 25.4742019 ], [ 36.983705, 25.4743347 ], [ 36.9837137, 25.4738203 ], [ 36.9868284, 25.4739913 ], [ 36.9871161, 25.4737381 ], [ 36.9888226, 25.4733759 ], [ 36.9889851, 25.4720919 ], [ 36.9895689, 25.4710707 ], [ 36.9904317, 25.4703107 ], [ 36.9914582, 25.4682667 ], [ 36.9920312, 25.4678881 ], [ 36.9926001, 25.4677677 ], [ 36.9933336, 25.4662342 ], [ 36.9941964, 25.4654742 ], [ 36.9944967, 25.4644491 ], [ 36.9943599, 25.46419 ], [ 36.9960641, 25.463956 ], [ 36.9951756, 25.4662593 ], [ 36.9974381, 25.4665475 ], [ 36.9977343, 25.4657796 ], [ 36.9991509, 25.4657991 ], [ 36.9991594, 25.4652846 ], [ 36.9985948, 25.4651478 ], [ 36.9981758, 25.4647566 ], [ 36.9983435, 25.4632153 ], [ 36.9969226, 25.4634532 ], [ 36.9962393, 25.4619002 ], [ 36.9959604, 25.4616392 ], [ 36.9957067, 25.4598348 ], [ 36.9959987, 25.4593243 ], [ 36.9960114, 25.4585527 ], [ 36.9968742, 25.4577927 ], [ 36.9974578, 25.4567715 ], [ 36.9983206, 25.4560114 ], [ 36.9986336, 25.4542147 ], [ 36.9984967, 25.4539556 ], [ 36.9993508, 25.4537101 ], [ 36.9997838, 25.4532015 ], [ 37.0000841, 25.4521764 ], [ 37.0003718, 25.4519231 ], [ 37.0003803, 25.4514086 ], [ 37.0002433, 25.4511495 ], [ 37.0008163, 25.450771 ], [ 37.001385, 25.4506506 ], [ 37.0013935, 25.4501361 ], [ 37.0022435, 25.4501476 ], [ 37.0023888, 25.4498923 ], [ 37.0023973, 25.449378 ], [ 37.0029724, 25.4488711 ], [ 37.0031272, 25.4481015 ], [ 37.0036939, 25.4481093 ], [ 37.0035602, 25.4475929 ], [ 37.0041354, 25.4470862 ], [ 37.0042858, 25.4465736 ], [ 37.0051357, 25.4465852 ], [ 37.0055687, 25.4460766 ], [ 37.0055772, 25.4455621 ], [ 37.0054402, 25.445303 ], [ 37.0060068, 25.4453108 ], [ 37.0060153, 25.4447963 ], [ 37.0080004, 25.444694 ], [ 37.0085629, 25.444959 ], [ 37.0094126, 25.4449706 ], [ 37.0105332, 25.4457575 ], [ 37.0113829, 25.4457691 ], [ 37.0136366, 25.4465714 ], [ 37.0147698, 25.4465867 ], [ 37.0167466, 25.4469998 ], [ 37.0168919, 25.4467445 ], [ 37.0167592, 25.4462282 ], [ 37.0204398, 25.446406 ], [ 37.0232833, 25.4458016 ], [ 37.0231495, 25.4452852 ], [ 37.0228706, 25.4450242 ], [ 37.0228874, 25.4439953 ], [ 37.0234791, 25.4424597 ], [ 37.0234916, 25.441688 ], [ 37.0241045, 25.4388662 ], [ 37.0239388, 25.4316604 ], [ 37.0235353, 25.4303686 ], [ 37.0229709, 25.4302318 ], [ 37.0225519, 25.4298407 ], [ 37.022419, 25.4293244 ], [ 37.0221336, 25.4294487 ], [ 37.020151, 25.4294221 ], [ 37.0191696, 25.4287661 ], [ 37.0187789, 25.4267026 ], [ 37.0165234, 25.4260286 ], [ 37.0163833, 25.4258986 ], [ 37.0162506, 25.4253822 ], [ 37.0156821, 25.4255026 ], [ 37.014963, 25.4261365 ], [ 37.0148135, 25.4266491 ], [ 37.0142469, 25.4266415 ], [ 37.0142637, 25.4256126 ], [ 37.0122769, 25.425843 ], [ 37.0122811, 25.4255858 ], [ 37.0134141, 25.4256011 ], [ 37.0135132, 25.4254327 ], [ 37.0137016, 25.4253476 ], [ 37.0137058, 25.4250904 ], [ 37.0134224, 25.4250866 ], [ 37.0133223, 25.4252541 ], [ 37.0122875, 25.4251994 ], [ 37.0120021, 25.4253248 ], [ 37.0120104, 25.4248103 ], [ 37.0105986, 25.424534 ], [ 37.0105901, 25.4250482 ], [ 37.0091781, 25.4247719 ], [ 37.0091739, 25.4250292 ], [ 37.0103005, 25.4254298 ], [ 37.0108691, 25.4253094 ], [ 37.0109976, 25.426083 ] ] ] ] } },
{ "type": "Feature", "properties": { "FID": 54814, "id": 1561, "left": 35.0, "top": 30.0, "right": 40.0, "bottom": 25.0, "row_index": 12, "col_index": 43, "min_lon": 35.0, "min_lat": 25.0, "tile_id": "35_25" }, "geometry": { "type": "MultiPolygon", "coordinates": [ [ [ [ 37.0293219, 25.414238 ], [ 37.0282017, 25.4161927 ], [ 37.0280144, 25.4162786 ], [ 37.0280102, 25.4165359 ], [ 37.0282935, 25.4165397 ], [ 37.0283926, 25.4163713 ], [ 37.0288662, 25.4161611 ], [ 37.0300011, 25.4160481 ], [ 37.0307212, 25.4152858 ], [ 37.0310129, 25.4147752 ], [ 37.0310212, 25.4142607 ], [ 37.03032, 25.4138649 ], [ 37.0300367, 25.4138612 ], [ 37.0293219, 25.414238 ] ] ] ] } },
{ "type": "Feature", "properties": { "FID": 54815, "id": 1561, "left": 35.0, "top": 30.0, "right": 40.0, "bottom": 25.0, "row_index": 12, "col_index": 43, "min_lon": 35.0, "min_lat": 25.0, "tile_id": "35_25" }, "geometry": { "type": "MultiPolygon", "coordinates": [ [ [ [ 37.0230123, 25.4623916 ], [ 37.021306, 25.4627549 ], [ 37.0212975, 25.4632693 ], [ 37.0201622, 25.4633822 ], [ 37.0198745, 25.4636356 ], [ 37.0173204, 25.4638585 ], [ 37.0163134, 25.4647456 ], [ 37.0161595, 25.4655154 ], [ 37.0158762, 25.4655116 ], [ 37.0158677, 25.4660261 ], [ 37.0167114, 25.466423 ], [ 37.0169949, 25.4664268 ], [ 37.0172824, 25.4661733 ], [ 37.0187075, 25.4656781 ], [ 37.0189951, 25.4654247 ], [ 37.0206972, 25.4653194 ], [ 37.0207141, 25.4642905 ], [ 37.0224289, 25.4634128 ], [ 37.0232809, 25.4632962 ], [ 37.0235852, 25.4620138 ], [ 37.0230123, 25.4623916 ] ] ] ] } },
{ "type": "Feature", "properties": { "FID": 54816, "id": 1561, "left": 35.0, "top": 30.0, "right": 40.0, "bottom": 25.0, "row_index": 12, "col_index": 43, "min_lon": 35.0, "min_lat": 25.0, "tile_id": "35_25" }, "geometry": { "type": "MultiPolygon", "coordinates": [ [ [ [ 36.9799766, 25.4600046 ], [ 36.9789694, 25.4608915 ], [ 36.9790815, 25.462694 ], [ 36.9787982, 25.4626901 ], [ 36.9787939, 25.4629473 ], [ 36.9802148, 25.4627097 ], [ 36.9803646, 25.4621971 ], [ 36.9809398, 25.4616906 ], [ 36.9810906, 25.4611781 ], [ 36.9802407, 25.4611663 ], [ 36.980245, 25.4609091 ], [ 36.9808116, 25.460917 ], [ 36.9808201, 25.4604026 ], [ 36.9813824, 25.4606676 ], [ 36.9813955, 25.4598959 ], [ 36.9799766, 25.4600046 ] ] ] ] } },
{ "type": "Feature", "properties": { "FID": 54818, "id": 1561, "left": 35.0, "top": 30.0, "right": 40.0, "bottom": 25.0, "row_index": 12, "col_index": 43, "min_lon": 35.0, "min_lat": 25.0, "tile_id": "35_25" }, "geometry": { "type": "MultiPolygon", "coordinates": [ [ [ [ 36.8862251, 25.4086476 ], [ 36.8862205, 25.4089048 ], [ 36.8865016, 25.4090369 ], [ 36.8876365, 25.4089252 ], [ 36.8876499, 25.4081535 ], [ 36.8862251, 25.4086476 ] ] ] ] } },
{ "type": "Feature", "properties": { "FID": 54819, "id": 1561, "left": 35.0, "top": 30.0, "right": 40.0, "bottom": 25.0, "row_index": 12, "col_index": 43, "min_lon": 35.0, "min_lat": 25.0, "tile_id": "35_25" }, "geometry": { "type": "MultiPolygon", "coordinates": [ [ [ [ 36.8797121, 25.3923463 ], [ 36.8795609, 25.3928587 ], [ 36.8777099, 25.3934747 ], [ 36.8774222, 25.3937277 ], [ 36.8762829, 25.3940978 ], [ 36.8762738, 25.3946121 ], [ 36.8751391, 25.394724 ], [ 36.8745681, 25.3949729 ], [ 36.8737051, 25.3957323 ], [ 36.8731366, 25.395853 ], [ 36.8731276, 25.3963675 ], [ 36.872559, 25.3964873 ], [ 36.8722714, 25.3967404 ], [ 36.8717029, 25.3968614 ], [ 36.8716893, 25.3976329 ], [ 36.87055, 25.3980018 ], [ 36.8691115, 25.3992673 ], [ 36.8679654, 25.4000224 ], [ 36.8668191, 25.4007776 ], [ 36.8662529, 25.4007693 ], [ 36.865673, 25.4015327 ], [ 36.8648235, 25.4015204 ], [ 36.8642618, 25.401255 ], [ 36.8631313, 25.4011105 ], [ 36.8631223, 25.4016247 ], [ 36.8625538, 25.4017447 ], [ 36.8612495, 25.4033983 ], [ 36.8602476, 25.4040263 ], [ 36.8591126, 25.404139 ], [ 36.8586647, 25.4054187 ], [ 36.8573704, 25.4065571 ], [ 36.856231, 25.4069269 ], [ 36.8559295, 25.4079515 ], [ 36.8547946, 25.408063 ], [ 36.8545069, 25.4083161 ], [ 36.8539427, 25.4081796 ], [ 36.8539337, 25.4086941 ], [ 36.8533652, 25.4088139 ], [ 36.8530773, 25.409067 ], [ 36.8522255, 25.4091836 ], [ 36.8517821, 25.4102063 ], [ 36.8514122, 25.4150887 ], [ 36.8511198, 25.415599 ], [ 36.8512255, 25.4176585 ], [ 36.8517919, 25.4176669 ], [ 36.8519238, 25.4181832 ], [ 36.8514882, 25.4188196 ], [ 36.8512051, 25.4188154 ], [ 36.8509263, 25.418554 ], [ 36.8506432, 25.4185499 ], [ 36.8500699, 25.4189279 ], [ 36.8499369, 25.4184113 ], [ 36.8497982, 25.4182803 ], [ 36.8492317, 25.418272 ], [ 36.8487904, 25.4191664 ], [ 36.8487768, 25.4199379 ], [ 36.8480624, 25.4203129 ], [ 36.8477723, 25.420695 ], [ 36.8483319, 25.4210887 ], [ 36.8491724, 25.4216154 ], [ 36.8497365, 25.4217528 ], [ 36.8493294, 25.4207179 ], [ 36.8494852, 25.4199483 ], [ 36.8500561, 25.4196994 ], [ 36.8501928, 25.4199587 ], [ 36.850303, 25.4217612 ], [ 36.8522763, 25.4223045 ], [ 36.8525685, 25.4217942 ], [ 36.8522854, 25.4217901 ], [ 36.8522899, 25.4215328 ], [ 36.8517235, 25.4215247 ], [ 36.8515904, 25.4210082 ], [ 36.850618, 25.4199649 ], [ 36.8523128, 25.4202469 ], [ 36.8523219, 25.4197326 ], [ 36.8526027, 25.4198649 ], [ 36.8534545, 25.4197491 ], [ 36.8535912, 25.4200084 ], [ 36.8535821, 25.4205228 ], [ 36.8534364, 25.420778 ], [ 36.854567, 25.4209226 ], [ 36.8556929, 25.4213253 ], [ 36.8557112, 25.4202966 ], [ 36.8554256, 25.4204206 ], [ 36.854295, 25.420276 ], [ 36.8542998, 25.4200188 ], [ 36.8585613, 25.4193091 ], [ 36.8585704, 25.4187948 ], [ 36.8591436, 25.4184168 ], [ 36.8599977, 25.4181721 ], [ 36.8602856, 25.417919 ], [ 36.8611351, 25.4179313 ], [ 36.861697, 25.4181968 ], [ 36.8668013, 25.4178855 ], [ 36.8668104, 25.4173711 ], [ 36.8682309, 25.4171344 ], [ 36.8685277, 25.4163669 ], [ 36.8699459, 25.4162584 ], [ 36.8708046, 25.4157564 ], [ 36.8713687, 25.4158937 ], [ 36.87167, 25.4148689 ], [ 36.873086, 25.4148895 ], [ 36.8730996, 25.414118 ], [ 36.8762124, 25.4142911 ], [ 36.8765001, 25.4140381 ], [ 36.8770688, 25.413918 ], [ 36.877502, 25.4134098 ], [ 36.8776532, 25.4128974 ], [ 36.8796399, 25.4126689 ], [ 36.879649, 25.4121545 ], [ 36.8810693, 25.4119177 ], [ 36.8810784, 25.4114034 ], [ 36.8816447, 25.4114115 ], [ 36.8816583, 25.4106398 ], [ 36.8822245, 25.4106482 ], [ 36.8825212, 25.4098806 ], [ 36.8830899, 25.4097597 ], [ 36.8839529, 25.4090003 ], [ 36.8848113, 25.4084981 ], [ 36.88538, 25.4083783 ], [ 36.8853889, 25.4078638 ], [ 36.885962, 25.4074856 ], [ 36.8868115, 25.4074979 ], [ 36.8870926, 25.407631 ], [ 36.8874205, 25.4050632 ], [ 36.8885577, 25.4048222 ], [ 36.8887167, 25.4037954 ], [ 36.8885845, 25.403279 ], [ 36.8894341, 25.4032913 ], [ 36.8894475, 25.4025196 ], [ 36.8900138, 25.4025278 ], [ 36.8896065, 25.4014928 ], [ 36.8899164, 25.3999538 ], [ 36.8897979, 25.3986657 ], [ 36.8912338, 25.3975283 ], [ 36.893227, 25.3969141 ], [ 36.8934923, 25.397947 ], [ 36.8949036, 25.3982244 ], [ 36.8949125, 25.39771 ], [ 36.8957575, 25.3979795 ], [ 36.8956065, 25.3984917 ], [ 36.8957308, 25.3995227 ], [ 36.8962971, 25.3995308 ], [ 36.8964515, 25.3987612 ], [ 36.8961772, 25.3982428 ], [ 36.8960674, 25.3964403 ], [ 36.8966361, 25.3963193 ], [ 36.896917, 25.3964524 ], [ 36.8972135, 25.3956848 ], [ 36.8966494, 25.3955478 ], [ 36.8943865, 25.3953872 ], [ 36.8943774, 25.3959016 ], [ 36.8949438, 25.3959097 ], [ 36.8949304, 25.3966812 ], [ 36.8940809, 25.3966691 ], [ 36.8939478, 25.3961526 ], [ 36.8938089, 25.3960216 ], [ 36.8932449, 25.3958854 ], [ 36.892842, 25.3945932 ], [ 36.8928554, 25.3938217 ], [ 36.8924356, 25.3935584 ], [ 36.8924267, 25.3940727 ], [ 36.8912963, 25.3939275 ], [ 36.8907367, 25.393534 ], [ 36.8910066, 25.3943097 ], [ 36.8895885, 25.3944176 ], [ 36.8893077, 25.3942853 ], [ 36.8892986, 25.3947997 ], [ 36.8867592, 25.3942486 ], [ 36.8867683, 25.3937344 ], [ 36.8861997, 25.3938544 ], [ 36.8859121, 25.3941074 ], [ 36.8850627, 25.3940952 ], [ 36.8847839, 25.393834 ], [ 36.8839346, 25.3938217 ], [ 36.8822445, 25.3932828 ], [ 36.8818261, 25.3928914 ], [ 36.8818306, 25.3926342 ], [ 36.8822648, 25.392126 ], [ 36.8811345, 25.3919806 ], [ 36.8797121, 25.3923463 ] ] ] ] } },
{ "type": "Feature", "properties": { "FID": 54820, "id": 1561, "left": 35.0, "top": 30.0, "right": 40.0, "bottom": 25.0, "row_index": 12, "col_index": 43, "min_lon": 35.0, "min_lat": 25.0, "tile_id": "35_25" }, "geometry": { "type": "MultiPolygon", "coordinates": [ [ [ [ 37.0800659, 25.39407 ], [ 37.0797705, 25.3948381 ], [ 37.0793421, 25.3950897 ], [ 37.07933, 25.3958614 ], [ 37.0798962, 25.3958689 ], [ 37.0806159, 25.3951063 ], [ 37.0810534, 25.3943403 ], [ 37.080487, 25.3943329 ], [ 37.0804951, 25.3938185 ], [ 37.0800659, 25.39407 ] ] ] ] } },
{ "type": "Feature", "properties": { "FID": 54821, "id": 1561, "left": 35.0, "top": 30.0, "right": 40.0, "bottom": 25.0, "row_index": 12, "col_index": 43, "min_lon": 35.0, "min_lat": 25.0, "tile_id": "35_25" }, "geometry": { "type": "MultiPolygon", "coordinates": [ [ [ [ 36.9770046, 25.4343659 ], [ 36.9789961, 25.4338787 ], [ 36.9790046, 25.4333644 ], [ 36.9787215, 25.4333605 ], [ 36.9787256, 25.4331032 ], [ 36.9784446, 25.4329702 ], [ 36.9773095, 25.4330838 ], [ 36.977318, 25.4325693 ], [ 36.9767515, 25.4325616 ], [ 36.9770046, 25.4343659 ] ] ] ] } },
{ "type": "Feature", "properties": { "FID": 54822, "id": 1561, "left": 35.0, "top": 30.0, "right": 40.0, "bottom": 25.0, "row_index": 12, "col_index": 43, "min_lon": 35.0, "min_lat": 25.0, "tile_id": "35_25" }, "geometry": { "type": "MultiPolygon", "coordinates": [ [ [ [ 37.001667, 25.4678915 ], [ 37.0010981, 25.4680119 ], [ 37.0000953, 25.4686419 ], [ 36.9996494, 25.4699221 ], [ 36.9993661, 25.4699184 ], [ 36.9993406, 25.4714615 ], [ 36.9996239, 25.4714655 ], [ 36.9996324, 25.4709511 ], [ 37.0001993, 25.4709588 ], [ 37.0004996, 25.4699337 ], [ 37.0010662, 25.4699414 ], [ 37.0015077, 25.4689184 ], [ 37.0015162, 25.4684039 ], [ 37.0022422, 25.4673848 ], [ 37.0016755, 25.4673771 ], [ 37.001667, 25.4678915 ] ] ] ] } },
{ "type": "Feature", "properties": { "FID": 54823, "id": 1561, "left": 35.0, "top": 30.0, "right": 40.0, "bottom": 25.0, "row_index": 12, "col_index": 43, "min_lon": 35.0, "min_lat": 25.0, "tile_id": "35_25" }, "geometry": { "type": "MultiPolygon", "coordinates": [ [ [ [ 37.0139847, 25.4253516 ], [ 37.0151178, 25.4253669 ], [ 37.0151219, 25.4251097 ], [ 37.0145555, 25.4251019 ], [ 37.0145597, 25.4248447 ], [ 37.0139932, 25.4248371 ], [ 37.0139847, 25.4253516 ] ] ] ] } },
{ "type": "Feature", "properties": { "FID": 54824, "id": 1561, "left": 35.0, "top": 30.0, "right": 40.0, "bottom": 25.0, "row_index": 12, "col_index": 43, "min_lon": 35.0, "min_lat": 25.0, "tile_id": "35_25" }, "geometry": { "type": "MultiPolygon", "coordinates": [ [ [ [ 37.0143249, 25.4218825 ], [ 37.0141807, 25.4220097 ], [ 37.014585, 25.4233015 ], [ 37.0143017, 25.4232975 ], [ 37.0142934, 25.423812 ], [ 37.0154304, 25.4235701 ], [ 37.0148934, 25.4217619 ], [ 37.0143249, 25.4218825 ] ] ] ] } },
{ "type": "Feature", "properties": { "FID": 54825, "id": 1561, "left": 35.0, "top": 30.0, "right": 40.0, "bottom": 25.0, "row_index": 12, "col_index": 43, "min_lon": 35.0, "min_lat": 25.0, "tile_id": "35_25" }, "geometry": { "type": "MultiPolygon", "coordinates": [ [ [ [ 36.9782902, 25.4252501 ], [ 36.9780025, 25.4255034 ], [ 36.9777194, 25.4254996 ], [ 36.9774404, 25.4252384 ], [ 36.976874, 25.4252306 ], [ 36.9767296, 25.4253576 ], [ 36.9765799, 25.4258702 ], [ 36.9762968, 25.4258662 ], [ 36.9762925, 25.4261235 ], [ 36.9779812, 25.4267895 ], [ 36.9782601, 25.4270505 ], [ 36.9791076, 25.4271913 ], [ 36.9792701, 25.4259073 ], [ 36.9789914, 25.4256461 ], [ 36.9788587, 25.4251297 ], [ 36.9782902, 25.4252501 ] ] ] ] } },
{ "type": "Feature", "properties": { "FID": 54826, "id": 1561, "left": 35.0, "top": 30.0, "right": 40.0, "bottom": 25.0, "row_index": 12, "col_index": 43, "min_lon": 35.0, "min_lat": 25.0, "tile_id": "35_25" }, "geometry": { "type": "MultiPolygon", "coordinates": [ [ [ [ 37.0614666, 25.4501699 ], [ 37.0620332, 25.4501773 ], [ 37.0622999, 25.45121 ], [ 37.0625813, 25.4513419 ], [ 37.0634313, 25.4513531 ], [ 37.0648539, 25.4509864 ], [ 37.0647201, 25.4504701 ], [ 37.064581, 25.4503391 ], [ 37.0634456, 25.4504533 ], [ 37.0634498, 25.450196 ], [ 37.0626019, 25.4500558 ], [ 37.0623226, 25.4497948 ], [ 37.061756, 25.4497874 ], [ 37.0614666, 25.4501699 ] ] ] ] } },
{ "type": "Feature", "properties": { "FID": 54827, "id": 1561, "left": 35.0, "top": 30.0, "right": 40.0, "bottom": 25.0, "row_index": 12, "col_index": 43, "min_lon": 35.0, "min_lat": 25.0, "tile_id": "35_25" }, "geometry": { "type": "MultiPolygon", "coordinates": [ [ [ [ 36.8458036, 25.4198944 ], [ 36.8474982, 25.4201764 ], [ 36.8475165, 25.4191477 ], [ 36.8469501, 25.4191395 ], [ 36.8469365, 25.419911 ], [ 36.8463701, 25.4199027 ], [ 36.8463791, 25.4193883 ], [ 36.8458174, 25.4191229 ], [ 36.8458036, 25.4198944 ] ] ] ] } },
{ "type": "Feature", "properties": { "FID": 54828, "id": 1561, "left": 35.0, "top": 30.0, "right": 40.0, "bottom": 25.0, "row_index": 12, "col_index": 43, "min_lon": 35.0, "min_lat": 25.0, "tile_id": "35_25" }, "geometry": { "type": "MultiPolygon", "coordinates": [ [ [ [ 36.8850928, 25.4248386 ], [ 36.8845263, 25.4248305 ], [ 36.8845218, 25.4250878 ], [ 36.8848051, 25.4250917 ], [ 36.884796, 25.4256062 ], [ 36.8853625, 25.4256143 ], [ 36.8856772, 25.423818 ], [ 36.8851107, 25.4238099 ], [ 36.8850928, 25.4248386 ] ] ] ] } },
{ "type": "Feature", "properties": { "FID": 54829, "id": 1561, "left": 35.0, "top": 30.0, "right": 40.0, "bottom": 25.0, "row_index": 12, "col_index": 43, "min_lon": 35.0, "min_lat": 25.0, "tile_id": "35_25" }, "geometry": { "type": "MultiPolygon", "coordinates": [ [ [ [ 37.0707382, 25.4106712 ], [ 37.0704426, 25.4114391 ], [ 37.0694396, 25.4121978 ], [ 37.0694231, 25.4132267 ], [ 37.0714099, 25.4129955 ], [ 37.0718505, 25.4119721 ], [ 37.0718711, 25.410686 ], [ 37.0716205, 25.4086245 ], [ 37.0717667, 25.4083692 ], [ 37.070917, 25.408358 ], [ 37.0707382, 25.4106712 ] ] ] ] } },
{ "type": "Feature", "properties": { "FID": 54830, "id": 1561, "left": 35.0, "top": 30.0, "right": 40.0, "bottom": 25.0, "row_index": 12, "col_index": 43, "min_lon": 35.0, "min_lat": 25.0, "tile_id": "35_25" }, "geometry": { "type": "MultiPolygon", "coordinates": [ [ [ [ 36.9908317, 25.4718598 ], [ 36.9908273, 25.472117 ], [ 36.9911108, 25.472121 ], [ 36.99121, 25.4719526 ], [ 36.9916818, 25.4718715 ], [ 36.9916903, 25.471357 ], [ 36.9908317, 25.4718598 ] ] ] ] } },
{ "type": "Feature", "properties": { "FID": 54831, "id": 1561, "left": 35.0, "top": 30.0, "right": 40.0, "bottom": 25.0, "row_index": 12, "col_index": 43, "min_lon": 35.0, "min_lat": 25.0, "tile_id": "35_25" }, "geometry": { "type": "MultiPolygon", "coordinates": [ [ [ [ 36.8167139, 25.4935534 ], [ 36.8181261, 25.4938318 ], [ 36.8181306, 25.4935745 ], [ 36.8178473, 25.4935704 ], [ 36.8178519, 25.4933132 ], [ 36.8167232, 25.4930391 ], [ 36.8167139, 25.4935534 ] ] ] ] } },
{ "type": "Feature", "properties": { "FID": 54832, "id": 1561, "left": 35.0, "top": 30.0, "right": 40.0, "bottom": 25.0, "row_index": 12, "col_index": 43, "min_lon": 35.0, "min_lat": 25.0, "tile_id": "35_25" }, "geometry": { "type": "MultiPolygon", "coordinates": [ [ [ [ 36.8535145, 25.4323556 ], [ 36.8540811, 25.4323639 ], [ 36.8540856, 25.4321066 ], [ 36.8538023, 25.4321025 ], [ 36.8538114, 25.4315882 ], [ 36.8535283, 25.4315841 ], [ 36.8535145, 25.4323556 ] ] ] ] } },
{ "type": "Feature", "properties": { "FID": 54833, "id": 1561, "left": 35.0, "top": 30.0, "right": 40.0, "bottom": 25.0, "row_index": 12, "col_index": 43, "min_lon": 35.0, "min_lat": 25.0, "tile_id": "35_25" }, "geometry": { "type": "MultiPolygon", "coordinates": [ [ [ [ 36.8891039, 25.4059872 ], [ 36.8882521, 25.406104 ], [ 36.8882432, 25.4066185 ], [ 36.8879601, 25.4066145 ], [ 36.8879556, 25.4068716 ], [ 36.8885174, 25.4071369 ], [ 36.8885263, 25.4066226 ], [ 36.8893759, 25.4066347 ], [ 36.889677, 25.40561 ], [ 36.8891039, 25.4059872 ] ] ] ] } },
{ "type": "Feature", "properties": { "FID": 54834, "id": 1561, "left": 35.0, "top": 30.0, "right": 40.0, "bottom": 25.0, "row_index": 12, "col_index": 43, "min_lon": 35.0, "min_lat": 25.0, "tile_id": "35_25" }, "geometry": { "type": "MultiPolygon", "coordinates": [ [ [ [ 36.8732136, 25.4156631 ], [ 36.8730633, 25.4161755 ], [ 36.8727802, 25.4161713 ], [ 36.8727756, 25.4164285 ], [ 36.873614, 25.4170834 ], [ 36.8744613, 25.4172248 ], [ 36.8751824, 25.4164633 ], [ 36.8753379, 25.4156939 ], [ 36.8744861, 25.4158097 ], [ 36.8739242, 25.4155444 ], [ 36.8733579, 25.4155361 ], [ 36.8732136, 25.4156631 ] ] ] ] } },
{ "type": "Feature", "properties": { "FID": 54835, "id": 1561, "left": 35.0, "top": 30.0, "right": 40.0, "bottom": 25.0, "row_index": 12, "col_index": 43, "min_lon": 35.0, "min_lat": 25.0, "tile_id": "35_25" }, "geometry": { "type": "MultiPolygon", "coordinates": [ [ [ [ 36.9567672, 25.3322073 ], [ 36.9573204, 25.3329869 ], [ 36.9574537, 25.3335033 ], [ 36.9580177, 25.3336392 ], [ 36.9588538, 25.3344226 ], [ 36.9616623, 25.3357478 ], [ 36.9624985, 25.3365312 ], [ 36.963905, 25.3370653 ], [ 36.9658691, 25.3381215 ], [ 36.9681248, 25.3386671 ], [ 36.9700931, 25.3394662 ], [ 36.9709294, 25.3402494 ], [ 36.9717763, 25.3403902 ], [ 36.9717806, 25.340133 ], [ 36.9714975, 25.340129 ], [ 36.9715019, 25.3398718 ], [ 36.9712187, 25.339868 ], [ 36.9712316, 25.3390963 ], [ 36.9706655, 25.3390886 ], [ 36.9705321, 25.3385722 ], [ 36.9701146, 25.3381801 ], [ 36.9695486, 25.3381723 ], [ 36.9672972, 25.3373694 ], [ 36.9664609, 25.336586 ], [ 36.9657593, 25.3361908 ], [ 36.9650674, 25.3352804 ], [ 36.9619755, 25.3339514 ], [ 36.9608608, 25.3329068 ], [ 36.9602968, 25.3327709 ], [ 36.9603055, 25.3322564 ], [ 36.9569222, 25.3314377 ], [ 36.9567672, 25.3322073 ] ] ] ] } },
{ "type": "Feature", "properties": { "FID": 54836, "id": 1561, "left": 35.0, "top": 30.0, "right": 40.0, "bottom": 25.0, "row_index": 12, "col_index": 43, "min_lon": 35.0, "min_lat": 25.0, "tile_id": "35_25" }, "geometry": { "type": "MultiPolygon", "coordinates": [ [ [ [ 36.8254069, 25.493337 ], [ 36.8253176, 25.4933357 ], [ 36.8252242, 25.4931654 ], [ 36.8238095, 25.4930153 ], [ 36.8236651, 25.4931423 ], [ 36.8235147, 25.4936545 ], [ 36.8251204, 25.4935088 ], [ 36.8253561, 25.4936819 ], [ 36.8255976, 25.4935158 ], [ 36.8260696, 25.4934353 ], [ 36.8263622, 25.4929251 ], [ 36.8255122, 25.4929125 ], [ 36.8254069, 25.493337 ] ] ] ] } },
{ "type": "Feature", "properties": { "FID": 54837, "id": 1561, "left": 35.0, "top": 30.0, "right": 40.0, "bottom": 25.0, "row_index": 12, "col_index": 43, "min_lon": 35.0, "min_lat": 25.0, "tile_id": "35_25" }, "geometry": { "type": "MultiPolygon", "coordinates": [ [ [ [ 37.1598024, 25.1594106 ], [ 37.1599211, 25.1609559 ], [ 37.1607595, 25.1616091 ], [ 37.1613229, 25.1617452 ], [ 37.1613112, 25.1625169 ], [ 37.1614954, 25.1626066 ], [ 37.1615784, 25.1635494 ], [ 37.1618612, 25.163553 ], [ 37.1618765, 25.1625238 ], [ 37.1616914, 25.1624331 ], [ 37.1616132, 25.1612341 ], [ 37.1613304, 25.1612307 ], [ 37.1608077, 25.1583938 ], [ 37.1602424, 25.1583868 ], [ 37.1598024, 25.1594106 ] ] ] ] } },
{ "type": "Feature", "properties": { "FID": 54838, "id": 1561, "left": 35.0, "top": 30.0, "right": 40.0, "bottom": 25.0, "row_index": 12, "col_index": 43, "min_lon": 35.0, "min_lat": 25.0, "tile_id": "35_25" }, "geometry": { "type": "MultiPolygon", "coordinates": [ [ [ [ 36.8518061, 25.4328451 ], [ 36.8520892, 25.4328492 ], [ 36.8520983, 25.432335 ], [ 36.8518152, 25.4323308 ], [ 36.8518061, 25.4328451 ] ] ] ] } },
{ "type": "Feature", "properties": { "FID": 54839, "id": 1561, "left": 35.0, "top": 30.0, "right": 40.0, "bottom": 25.0, "row_index": 12, "col_index": 43, "min_lon": 35.0, "min_lat": 25.0, "tile_id": "35_25" }, "geometry": { "type": "MultiPolygon", "coordinates": [ [ [ [ 36.9639095, 25.471746 ], [ 36.9639009, 25.4722603 ], [ 36.9641842, 25.4722642 ], [ 36.9644805, 25.4714965 ], [ 36.9639095, 25.471746 ] ] ] ] } },
{ "type": "Feature", "properties": { "FID": 54841, "id": 1561, "left": 35.0, "top": 30.0, "right": 40.0, "bottom": 25.0, "row_index": 12, "col_index": 43, "min_lon": 35.0, "min_lat": 25.0, "tile_id": "35_25" }, "geometry": { "type": "MultiPolygon", "coordinates": [ [ [ [ 36.8615906, 25.4322161 ], [ 36.8617237, 25.4327326 ], [ 36.8628611, 25.4324918 ], [ 36.8628656, 25.4322348 ], [ 36.8625825, 25.4322306 ], [ 36.8626006, 25.4312019 ], [ 36.8617509, 25.4311894 ], [ 36.8615906, 25.4322161 ] ] ] ] } },
{ "type": "Feature", "properties": { "FID": 54842, "id": 1561, "left": 35.0, "top": 30.0, "right": 40.0, "bottom": 25.0, "row_index": 12, "col_index": 43, "min_lon": 35.0, "min_lat": 25.0, "tile_id": "35_25" }, "geometry": { "type": "MultiPolygon", "coordinates": [ [ [ [ 36.9939677, 25.4707447 ], [ 36.9934009, 25.4707369 ], [ 36.9931199, 25.4706048 ], [ 36.99266, 25.4726566 ], [ 36.9922312, 25.4729082 ], [ 36.9922227, 25.4734224 ], [ 36.993354, 25.4735663 ], [ 36.9936417, 25.4733128 ], [ 36.9942104, 25.4731924 ], [ 36.9951074, 25.4703748 ], [ 36.9939677, 25.4707447 ] ] ] ] } },
{ "type": "Feature", "properties": { "FID": 54843, "id": 1561, "left": 35.0, "top": 30.0, "right": 40.0, "bottom": 25.0, "row_index": 12, "col_index": 43, "min_lon": 35.0, "min_lat": 25.0, "tile_id": "35_25" }, "geometry": { "type": "MultiPolygon", "coordinates": [ [ [ [ 36.9105676, 25.3685186 ], [ 36.9104174, 25.3688652 ], [ 36.9101813, 25.3692724 ], [ 36.9099373, 25.3697886 ], [ 36.90983, 25.3703024 ], [ 36.909728, 25.3711118 ], [ 36.9097844, 25.3718025 ], [ 36.9098461, 25.3723502 ], [ 36.9099292, 25.3728131 ], [ 36.9101438, 25.3732809 ], [ 36.9103691, 25.3736056 ], [ 36.9106105, 25.3741994 ], [ 36.9105676, 25.3743472 ], [ 36.9108009, 25.3750088 ], [ 36.9109404, 25.375256 ], [ 36.9109055, 25.3753674 ], [ 36.9114393, 25.3761793 ], [ 36.9119543, 25.3767973 ], [ 36.9125122, 25.3772311 ], [ 36.9130513, 25.377454 ], [ 36.913518, 25.3774782 ], [ 36.9138613, 25.377437 ], [ 36.9138506, 25.3773861 ], [ 36.913569, 25.3774201 ], [ 36.9132927, 25.3774225 ], [ 36.9128957, 25.3766543 ], [ 36.91248, 25.3764386 ], [ 36.912311, 25.3762447 ], [ 36.9121876, 25.3757382 ], [ 36.9128528, 25.3756461 ], [ 36.9128582, 25.3755977 ], [ 36.9118416, 25.3757043 ], [ 36.9115466, 25.3758134 ], [ 36.911222, 25.3753505 ], [ 36.9114554, 25.3753287 ], [ 36.9117853, 25.3752414 ], [ 36.9121796, 25.3749676 ], [ 36.9122332, 25.3748803 ], [ 36.9118014, 25.3751275 ], [ 36.9114554, 25.3746671 ], [ 36.911442, 25.3745047 ], [ 36.9117236, 25.3740709 ], [ 36.912024, 25.374146 ], [ 36.9127107, 25.3744974 ], [ 36.9129735, 25.3745847 ], [ 36.9150496, 25.3746816 ], [ 36.9154733, 25.3751469 ], [ 36.9156021, 25.3751493 ], [ 36.9156048, 25.3749724 ], [ 36.9158006, 25.3749676 ], [ 36.9158328, 25.3742163 ], [ 36.9155163, 25.3741921 ], [ 36.9150254, 25.3745047 ], [ 36.9131532, 25.3744465 ], [ 36.9128528, 25.3744005 ], [ 36.9119704, 25.3739764 ], [ 36.9117719, 25.3739279 ], [ 36.9113401, 25.3739158 ], [ 36.9110316, 25.3738625 ], [ 36.9106615, 25.3736589 ], [ 36.9104764, 25.3734578 ], [ 36.911096, 25.3732397 ], [ 36.9109404, 25.3728858 ], [ 36.9107848, 25.3723187 ], [ 36.9106856, 25.3716838 ], [ 36.9106883, 25.3710149 ], [ 36.9107634, 25.3703339 ], [ 36.9108331, 25.3700867 ], [ 36.9112918, 25.3693887 ], [ 36.9114903, 25.3691972 ], [ 36.9116861, 25.369127 ], [ 36.9121072, 25.3690785 ], [ 36.912311, 25.3690203 ], [ 36.9126436, 25.3686422 ], [ 36.9126758, 25.3684774 ], [ 36.9125631, 25.3682084 ], [ 36.9122037, 25.3679031 ], [ 36.9118255, 25.3679103 ], [ 36.9113776, 25.3680969 ], [ 36.9107071, 25.3685938 ], [ 36.9107634, 25.3683829 ], [ 36.9107795, 25.3680315 ], [ 36.9107124, 25.3675589 ], [ 36.9105837, 25.3672026 ], [ 36.9101787, 25.3663447 ], [ 36.9102967, 25.3648566 ], [ 36.9103664, 25.3633151 ], [ 36.9107419, 25.3632352 ], [ 36.9107661, 25.3629346 ], [ 36.9103155, 25.3629879 ], [ 36.9102886, 25.3622802 ], [ 36.9101438, 25.3616791 ], [ 36.9098568, 25.3610029 ], [ 36.9096127, 25.3605933 ], [ 36.9092104, 25.3600141 ], [ 36.9088134, 25.3595996 ], [ 36.9083655, 25.3591076 ], [ 36.9076359, 25.3588507 ], [ 36.9073194, 25.3585695 ], [ 36.9070351, 25.3578836 ], [ 36.907078, 25.3576266 ], [ 36.9071397, 25.3575976 ], [ 36.9078237, 25.3577018 ], [ 36.9083789, 25.357869 ], [ 36.9089663, 25.3581284 ], [ 36.9094813, 25.3584435 ], [ 36.9099453, 25.3588216 ], [ 36.9103798, 25.3592748 ], [ 36.9106936, 25.359762 ], [ 36.9109511, 25.3602346 ], [ 36.9111443, 25.3606903 ], [ 36.9112703, 25.3612671 ], [ 36.9113052, 25.3619748 ], [ 36.9113696, 25.3634194 ], [ 36.9114447, 25.3648227 ], [ 36.9115224, 25.3654698 ], [ 36.9117531, 25.3660442 ], [ 36.9121018, 25.3666476 ], [ 36.9125792, 25.3672414 ], [ 36.9127268, 25.3671081 ], [ 36.9126946, 25.3669506 ], [ 36.9122681, 25.3664877 ], [ 36.9119328, 25.3660078 ], [ 36.9116539, 25.3652129 ], [ 36.9115654, 25.3645536 ], [ 36.9114929, 25.3634266 ], [ 36.9119516, 25.3634921 ], [ 36.9122949, 25.3630703 ], [ 36.9122761, 25.362954 ], [ 36.9117719, 25.3624838 ], [ 36.9114393, 25.3623772 ], [ 36.9113508, 25.3610975 ], [ 36.9111657, 25.3603728 ], [ 36.9108009, 25.3596699 ], [ 36.9103691, 25.3590979 ], [ 36.9099131, 25.3586519 ], [ 36.9093874, 25.3582835 ], [ 36.9089609, 25.3579951 ], [ 36.9083789, 25.3577551 ], [ 36.9076735, 25.3575758 ], [ 36.9072631, 25.3574933 ], [ 36.9072336, 25.3574376 ], [ 36.9073758, 25.3571807 ], [ 36.9073328, 25.3570983 ], [ 36.9066381, 25.3571177 ], [ 36.9063485, 25.3572679 ], [ 36.9062036, 25.3575055 ], [ 36.9061366, 25.3578593 ], [ 36.90615, 25.3581744 ], [ 36.9067293, 25.3581672 ], [ 36.9069359, 25.3584798 ], [ 36.9069117, 25.3585889 ], [ 36.9068044, 25.3588385 ], [ 36.9066381, 25.358904 ], [ 36.905871, 25.3590688 ], [ 36.9053024, 25.3593063 ], [ 36.9048303, 25.3595972 ], [ 36.904133, 25.3600431 ], [ 36.9033444, 25.3604552 ], [ 36.9025451, 25.3609642 ], [ 36.9017672, 25.3623844 ], [ 36.9013703, 25.362302 ], [ 36.9013274, 25.3611096 ], [ 36.9017029, 25.3602952 ], [ 36.9020247, 25.3595972 ], [ 36.9012737, 25.3596117 ], [ 36.9010752, 25.3589718 ], [ 36.90063, 25.3589525 ], [ 36.9001687, 25.3598832 ], [ 36.8986841, 25.3598174 ], [ 36.8984056, 25.3595562 ], [ 36.8981224, 25.359552 ], [ 36.8966981, 25.3600462 ], [ 36.8961187, 25.3608096 ], [ 36.8947055, 25.3606612 ], [ 36.8947144, 25.360147 ], [ 36.8941483, 25.3601388 ], [ 36.8941394, 25.3606533 ], [ 36.8932901, 25.360641 ], [ 36.8932812, 25.3611555 ], [ 36.8915851, 25.361002 ], [ 36.8908701, 25.3613781 ], [ 36.8905647, 25.3626601 ], [ 36.8902772, 25.3629132 ], [ 36.8890913, 25.3659835 ], [ 36.8891975, 25.368043 ], [ 36.8897637, 25.3680511 ], [ 36.8893207, 25.3690738 ], [ 36.8890332, 25.3693269 ], [ 36.8884401, 25.3708619 ], [ 36.8884313, 25.3713764 ], [ 36.8881393, 25.3718867 ], [ 36.8881213, 25.3729156 ], [ 36.8878293, 25.3734259 ], [ 36.8874834, 25.3770226 ], [ 36.8866163, 25.3780392 ], [ 36.8854345, 25.3808521 ], [ 36.885147, 25.3811052 ], [ 36.8851334, 25.3818767 ], [ 36.8848369, 25.3826442 ], [ 36.8849431, 25.3847039 ], [ 36.8857902, 25.3848442 ], [ 36.8863475, 25.3853668 ], [ 36.8905855, 25.3859423 ], [ 36.8917091, 25.3864728 ], [ 36.893127, 25.3863649 ], [ 36.8935227, 25.3854291 ], [ 36.8939943, 25.3853482 ], [ 36.8942863, 25.3848379 ], [ 36.8937178, 25.3849579 ], [ 36.892855, 25.3857175 ], [ 36.8917202, 25.3858302 ], [ 36.8917248, 25.3855731 ], [ 36.8914417, 25.385569 ], [ 36.891446, 25.3853118 ], [ 36.8928684, 25.3849459 ], [ 36.8940143, 25.3841904 ], [ 36.8951602, 25.3834352 ], [ 36.8957354, 25.3829288 ], [ 36.896587, 25.3828128 ], [ 36.8968835, 25.3820453 ], [ 36.8980204, 25.3818043 ], [ 36.8980293, 25.3812898 ], [ 36.8988898, 25.3806586 ], [ 36.8994583, 25.3805386 ], [ 36.9001833, 25.3795199 ], [ 36.9001878, 25.3792626 ], [ 36.8996305, 25.37874 ], [ 36.8996571, 25.3771969 ], [ 36.9002322, 25.3766905 ], [ 36.9003832, 25.3761781 ], [ 36.899817, 25.3761702 ], [ 36.8996839, 25.3756537 ], [ 36.8992642, 25.3753904 ], [ 36.8991088, 25.37616 ], [ 36.8989656, 25.3762861 ], [ 36.8983993, 25.3762781 ], [ 36.8981139, 25.3764031 ], [ 36.8982861, 25.3746047 ], [ 36.8985738, 25.3743515 ], [ 36.8990345, 25.3723001 ], [ 36.8995985, 25.3724363 ], [ 36.90045, 25.3723203 ], [ 36.9007509, 25.3712955 ], [ 36.8999015, 25.3712834 ], [ 36.9006265, 25.3702647 ], [ 36.9006356, 25.3697503 ], [ 36.9004989, 25.3694909 ], [ 36.9016358, 25.36925 ], [ 36.9018034, 25.3677089 ], [ 36.9011096, 25.3669272 ], [ 36.9016756, 25.3669353 ], [ 36.9015426, 25.3664187 ], [ 36.9014037, 25.3662878 ], [ 36.9008397, 25.3661515 ], [ 36.9011362, 25.365384 ], [ 36.9016957, 25.3657773 ], [ 36.9025428, 25.3659185 ], [ 36.902525, 25.3669472 ], [ 36.9030933, 25.3668262 ], [ 36.9036684, 25.3663199 ], [ 36.9039516, 25.3663241 ], [ 36.9055215, 25.3672188 ], [ 36.9066379, 25.367228 ], [ 36.907333, 25.367273 ], [ 36.9078305, 25.3684865 ], [ 36.9086632, 25.3677092 ], [ 36.9092468, 25.3675245 ], [ 36.910589, 25.3681139 ], [ 36.9105676, 25.3685186 ] ] ] ] } },
{ "type": "Feature", "properties": { "FID": 54844, "id": 1561, "left": 35.0, "top": 30.0, "right": 40.0, "bottom": 25.0, "row_index": 12, "col_index": 43, "min_lon": 35.0, "min_lat": 25.0, "tile_id": "35_25" }, "geometry": { "type": "MultiPolygon", "coordinates": [ [ [ [ 36.8699378, 25.4489301 ], [ 36.8693646, 25.4493081 ], [ 36.86936, 25.4495653 ], [ 36.8699265, 25.4495736 ], [ 36.8705067, 25.4488103 ], [ 36.8699378, 25.4489301 ] ] ] ] } },
{ "type": "Feature", "properties": { "FID": 54845, "id": 1561, "left": 35.0, "top": 30.0, "right": 40.0, "bottom": 25.0, "row_index": 12, "col_index": 43, "min_lon": 35.0, "min_lat": 25.0, "tile_id": "35_25" }, "geometry": { "type": "MultiPolygon", "coordinates": [ [ [ [ 36.9039794, 25.3811175 ], [ 36.9042625, 25.3811216 ], [ 36.9045545, 25.3806111 ], [ 36.9039882, 25.380603 ], [ 36.9039794, 25.3811175 ] ] ] ] } },
{ "type": "Feature", "properties": { "FID": 54846, "id": 1561, "left": 35.0, "top": 30.0, "right": 40.0, "bottom": 25.0, "row_index": 12, "col_index": 43, "min_lon": 35.0, "min_lat": 25.0, "tile_id": "35_25" }, "geometry": { "type": "MultiPolygon", "coordinates": [ [ [ [ 36.8908679, 25.4022828 ], [ 36.8905579, 25.4038218 ], [ 36.8916883, 25.4039662 ], [ 36.8922568, 25.4038462 ], [ 36.8922659, 25.403332 ], [ 36.8919826, 25.4033278 ], [ 36.8919916, 25.4028133 ], [ 36.8917083, 25.4028094 ], [ 36.8917218, 25.4020377 ], [ 36.8908679, 25.4022828 ] ] ] ] } },
{ "type": "Feature", "properties": { "FID": 54847, "id": 1561, "left": 35.0, "top": 30.0, "right": 40.0, "bottom": 25.0, "row_index": 12, "col_index": 43, "min_lon": 35.0, "min_lat": 25.0, "tile_id": "35_25" }, "geometry": { "type": "MultiPolygon", "coordinates": [ [ [ [ 37.1482624, 25.1654416 ], [ 37.1491105, 25.1654524 ], [ 37.1491182, 25.1649379 ], [ 37.1488355, 25.1649344 ], [ 37.1488394, 25.1646771 ], [ 37.1479954, 25.1644091 ], [ 37.1482624, 25.1654416 ] ] ] ] } },
{ "type": "Feature", "properties": { "FID": 54848, "id": 1561, "left": 35.0, "top": 30.0, "right": 40.0, "bottom": 25.0, "row_index": 12, "col_index": 43, "min_lon": 35.0, "min_lat": 25.0, "tile_id": "35_25" }, "geometry": { "type": "MultiPolygon", "coordinates": [ [ [ [ 36.8335963, 25.4846709 ], [ 36.8325695, 25.4865857 ], [ 36.8316963, 25.487859 ], [ 36.8311204, 25.488365 ], [ 36.8302287, 25.4906672 ], [ 36.8297972, 25.4910461 ], [ 36.8283735, 25.4914113 ], [ 36.8283642, 25.4919257 ], [ 36.8297789, 25.4920748 ], [ 36.8303387, 25.4924695 ], [ 36.8308093, 25.489904 ], [ 36.8313854, 25.4893978 ], [ 36.8318339, 25.4881183 ], [ 36.8324007, 25.4881266 ], [ 36.8324145, 25.4873551 ], [ 36.8329766, 25.4876207 ], [ 36.8335848, 25.4853143 ], [ 36.8341516, 25.4853228 ], [ 36.8341654, 25.4845511 ], [ 36.8335963, 25.4846709 ] ] ] ] } },
{ "type": "Feature", "properties": { "FID": 54849, "id": 1561, "left": 35.0, "top": 30.0, "right": 40.0, "bottom": 25.0, "row_index": 12, "col_index": 43, "min_lon": 35.0, "min_lat": 25.0, "tile_id": "35_25" }, "geometry": { "type": "MultiPolygon", "coordinates": [ [ [ [ 37.1689335, 25.1821659 ], [ 37.1683682, 25.1821589 ], [ 37.1682032, 25.1837005 ], [ 37.168482, 25.1839614 ], [ 37.1684667, 25.1849903 ], [ 37.1703803, 25.1893879 ], [ 37.1706207, 25.1922212 ], [ 37.1708997, 25.192482 ], [ 37.1711594, 25.194029 ], [ 37.1722288, 25.1981589 ], [ 37.1720687, 25.1994435 ], [ 37.1729209, 25.1991967 ], [ 37.1729131, 25.1997111 ], [ 37.1734786, 25.1997181 ], [ 37.1741428, 25.2025565 ], [ 37.1744217, 25.2028173 ], [ 37.1747695, 25.2079676 ], [ 37.1744867, 25.207964 ], [ 37.1744752, 25.2087357 ], [ 37.1756064, 25.2087497 ], [ 37.1757665, 25.2074652 ], [ 37.1756292, 25.2072063 ], [ 37.1764814, 25.2069594 ], [ 37.1769434, 25.2043923 ], [ 37.1769664, 25.2028487 ], [ 37.1765657, 25.2013 ], [ 37.1760002, 25.201293 ], [ 37.1755911, 25.2002588 ], [ 37.1753121, 25.199998 ], [ 37.174208, 25.1981834 ], [ 37.1742272, 25.1968971 ], [ 37.174808, 25.1958752 ], [ 37.1745483, 25.1943282 ], [ 37.1734442, 25.1925134 ], [ 37.173173, 25.1917381 ], [ 37.172894, 25.1914775 ], [ 37.1718131, 25.1881192 ], [ 37.1715688, 25.1855433 ], [ 37.17129, 25.1852825 ], [ 37.1707438, 25.1839893 ], [ 37.1706258, 25.1824441 ], [ 37.1700605, 25.1824371 ], [ 37.1699264, 25.1819209 ], [ 37.1689488, 25.1811368 ], [ 37.1689335, 25.1821659 ] ] ] ] } },
{ "type": "Feature", "properties": { "FID": 54850, "id": 1561, "left": 35.0, "top": 30.0, "right": 40.0, "bottom": 25.0, "row_index": 12, "col_index": 43, "min_lon": 35.0, "min_lat": 25.0, "tile_id": "35_25" }, "geometry": { "type": "MultiPolygon", "coordinates": [ [ [ [ 36.7937409, 25.4788036 ], [ 36.7945816, 25.4793308 ], [ 36.7945909, 25.4788165 ], [ 36.7943076, 25.4788121 ], [ 36.7943123, 25.4785549 ], [ 36.7937457, 25.4785464 ], [ 36.7937409, 25.4788036 ] ] ] ] } },
{ "type": "Feature", "properties": { "FID": 54851, "id": 1561, "left": 35.0, "top": 30.0, "right": 40.0, "bottom": 25.0, "row_index": 12, "col_index": 43, "min_lon": 35.0, "min_lat": 25.0, "tile_id": "35_25" }, "geometry": { "type": "MultiPolygon", "coordinates": [ [ [ [ 37.0611523, 25.4432193 ], [ 37.061003, 25.4437318 ], [ 37.0607197, 25.4437281 ], [ 37.0607114, 25.4442425 ], [ 37.0629799, 25.4441433 ], [ 37.0632612, 25.4442762 ], [ 37.0632693, 25.4437617 ], [ 37.0646879, 25.4436513 ], [ 37.0649692, 25.4437842 ], [ 37.0645602, 25.4427496 ], [ 37.0644211, 25.4426188 ], [ 37.0627212, 25.4425963 ], [ 37.0611523, 25.4432193 ] ] ] ] } },
{ "type": "Feature", "properties": { "FID": 54852, "id": 1561, "left": 35.0, "top": 30.0, "right": 40.0, "bottom": 25.0, "row_index": 12, "col_index": 43, "min_lon": 35.0, "min_lat": 25.0, "tile_id": "35_25" }, "geometry": { "type": "MultiPolygon", "coordinates": [ [ [ [ 37.02766, 25.4206476 ], [ 37.0285139, 25.4204017 ], [ 37.0288097, 25.419634 ], [ 37.0282433, 25.4196262 ], [ 37.0282474, 25.419369 ], [ 37.0276872, 25.4189751 ], [ 37.0271229, 25.4188394 ], [ 37.02766, 25.4206476 ] ] ] ] } },
{ "type": "Feature", "properties": { "FID": 54853, "id": 1561, "left": 35.0, "top": 30.0, "right": 40.0, "bottom": 25.0, "row_index": 12, "col_index": 43, "min_lon": 35.0, "min_lat": 25.0, "tile_id": "35_25" }, "geometry": { "type": "MultiPolygon", "coordinates": [ [ [ [ 36.8905131, 25.4063938 ], [ 36.8905086, 25.406651 ], [ 36.891075, 25.4066591 ], [ 36.8910839, 25.4061448 ], [ 36.8905131, 25.4063938 ] ] ] ] } },
{ "type": "Feature", "properties": { "FID": 54854, "id": 1561, "left": 35.0, "top": 30.0, "right": 40.0, "bottom": 25.0, "row_index": 12, "col_index": 43, "min_lon": 35.0, "min_lat": 25.0, "tile_id": "35_25" }, "geometry": { "type": "MultiPolygon", "coordinates": [ [ [ [ 36.8659199, 25.4518307 ], [ 36.8659153, 25.4520879 ], [ 36.8673362, 25.4518513 ], [ 36.8673453, 25.4513368 ], [ 36.8659199, 25.4518307 ] ] ] ] } },
{ "type": "Feature", "properties": { "FID": 54855, "id": 1561, "left": 35.0, "top": 30.0, "right": 40.0, "bottom": 25.0, "row_index": 12, "col_index": 43, "min_lon": 35.0, "min_lat": 25.0, "tile_id": "35_25" }, "geometry": { "type": "MultiPolygon", "coordinates": [ [ [ [ 36.8538261, 25.4627163 ], [ 36.8536657, 25.463743 ], [ 36.8537987, 25.4642595 ], [ 36.8535154, 25.4642554 ], [ 36.8535109, 25.4645126 ], [ 36.8540728, 25.4647779 ], [ 36.8542323, 25.4637513 ], [ 36.8540956, 25.463492 ], [ 36.8549501, 25.4632472 ], [ 36.8546804, 25.4624716 ], [ 36.8538261, 25.4627163 ] ] ] ] } },
{ "type": "Feature", "properties": { "FID": 54856, "id": 1561, "left": 35.0, "top": 30.0, "right": 40.0, "bottom": 25.0, "row_index": 12, "col_index": 43, "min_lon": 35.0, "min_lat": 25.0, "tile_id": "35_25" }, "geometry": { "type": "MultiPolygon", "coordinates": [ [ [ [ 37.0583661, 25.4226003 ], [ 37.0580788, 25.4228538 ], [ 37.0580663, 25.4236255 ], [ 37.0583455, 25.4238863 ], [ 37.0583413, 25.4241435 ], [ 37.058054, 25.4243971 ], [ 37.0580499, 25.4246544 ], [ 37.0583249, 25.4251724 ], [ 37.0583166, 25.4256869 ], [ 37.0580293, 25.4259403 ], [ 37.058021, 25.4264548 ], [ 37.0581589, 25.4267139 ], [ 37.0573092, 25.4267028 ], [ 37.057305, 25.42696 ], [ 37.058155, 25.4269711 ], [ 37.0581467, 25.4274856 ], [ 37.0578633, 25.4274818 ], [ 37.0578592, 25.427739 ], [ 37.0584216, 25.4280038 ], [ 37.0592117, 25.4228687 ], [ 37.0588038, 25.4218341 ], [ 37.0582374, 25.4218267 ], [ 37.0583661, 25.4226003 ] ] ] ] } },
{ "type": "Feature", "properties": { "FID": 54857, "id": 1561, "left": 35.0, "top": 30.0, "right": 40.0, "bottom": 25.0, "row_index": 12, "col_index": 43, "min_lon": 35.0, "min_lat": 25.0, "tile_id": "35_25" }, "geometry": { "type": "MultiPolygon", "coordinates": [ [ [ [ 36.8932479, 25.4283004 ], [ 36.8952262, 25.428586 ], [ 36.8952305, 25.4283287 ], [ 36.8946641, 25.4283206 ], [ 36.8946686, 25.4280634 ], [ 36.893257, 25.4277859 ], [ 36.8932479, 25.4283004 ] ] ] ] } },
{ "type": "Feature", "properties": { "FID": 54858, "id": 1561, "left": 35.0, "top": 30.0, "right": 40.0, "bottom": 25.0, "row_index": 12, "col_index": 43, "min_lon": 35.0, "min_lat": 25.0, "tile_id": "35_25" }, "geometry": { "type": "MultiPolygon", "coordinates": [ [ [ [ 37.0487118, 25.4517926 ], [ 37.0488174, 25.4522777 ], [ 37.0495006, 25.453097 ], [ 37.0496473, 25.453688 ], [ 37.0506253, 25.4536508 ], [ 37.0502512, 25.4532266 ], [ 37.0498095, 25.4525882 ], [ 37.0496062, 25.4522013 ], [ 37.0492883, 25.4517194 ], [ 37.0492637, 25.4512947 ], [ 37.0489127, 25.4513281 ], [ 37.0487118, 25.4517926 ] ] ] ] } },
{ "type": "Feature", "properties": { "FID": 54859, "id": 1561, "left": 35.0, "top": 30.0, "right": 40.0, "bottom": 25.0, "row_index": 12, "col_index": 43, "min_lon": 35.0, "min_lat": 25.0, "tile_id": "35_25" }, "geometry": { "type": "MultiPolygon", "coordinates": [ [ [ [ 36.9745924, 25.4430798 ], [ 36.9745837, 25.4435943 ], [ 36.974867, 25.443598 ], [ 36.9751632, 25.4428303 ], [ 36.9745924, 25.4430798 ] ] ] ] } },
{ "type": "Feature", "properties": { "FID": 54860, "id": 1561, "left": 35.0, "top": 30.0, "right": 40.0, "bottom": 25.0, "row_index": 12, "col_index": 43, "min_lon": 35.0, "min_lat": 25.0, "tile_id": "35_25" }, "geometry": { "type": "MultiPolygon", "coordinates": [ [ [ [ 36.845052, 25.4303017 ], [ 36.8447641, 25.4305548 ], [ 36.8433389, 25.4310484 ], [ 36.8424708, 25.4320647 ], [ 36.8419021, 25.4321855 ], [ 36.8418929, 25.4326997 ], [ 36.8410478, 25.43243 ], [ 36.8410388, 25.4329445 ], [ 36.8404699, 25.4330643 ], [ 36.8403255, 25.4331913 ], [ 36.8401752, 25.4337035 ], [ 36.8393255, 25.433691 ], [ 36.8391743, 25.4342034 ], [ 36.8388864, 25.4344563 ], [ 36.8382969, 25.4357339 ], [ 36.8379862, 25.437273 ], [ 36.8375572, 25.4375238 ], [ 36.8375481, 25.4380382 ], [ 36.8378312, 25.4380424 ], [ 36.8378174, 25.4388139 ], [ 36.8389573, 25.4384444 ], [ 36.8392406, 25.4384485 ], [ 36.8398025, 25.4387141 ], [ 36.8412187, 25.4387349 ], [ 36.8437817, 25.4380008 ], [ 36.8440696, 25.4377477 ], [ 36.8446383, 25.4376279 ], [ 36.8446473, 25.4371136 ], [ 36.8454925, 25.4373831 ], [ 36.8455016, 25.4368689 ], [ 36.8472104, 25.4363794 ], [ 36.8470773, 25.435863 ], [ 36.8485164, 25.4345977 ], [ 36.8486676, 25.4340855 ], [ 36.8495173, 25.4340979 ], [ 36.8496167, 25.4339297 ], [ 36.8500815, 25.4342344 ], [ 36.8506502, 25.4341146 ], [ 36.8509153, 25.4351475 ], [ 36.8511985, 25.4351516 ], [ 36.8513625, 25.4338676 ], [ 36.8510883, 25.4333491 ], [ 36.8501111, 25.4325631 ], [ 36.8501021, 25.4330775 ], [ 36.8496814, 25.4328141 ], [ 36.8496859, 25.4325568 ], [ 36.8499737, 25.4323038 ], [ 36.8499783, 25.4320465 ], [ 36.8495653, 25.4313969 ], [ 36.8489989, 25.4313886 ], [ 36.8488545, 25.4315156 ], [ 36.8487042, 25.432028 ], [ 36.8484209, 25.4320239 ], [ 36.8484302, 25.4315094 ], [ 36.8475827, 25.4313678 ], [ 36.8470369, 25.4302027 ], [ 36.8476033, 25.430211 ], [ 36.8476078, 25.4299537 ], [ 36.845052, 25.4303017 ] ] ] ] } },
{ "type": "Feature", "properties": { "FID": 54861, "id": 1561, "left": 35.0, "top": 30.0, "right": 40.0, "bottom": 25.0, "row_index": 12, "col_index": 43, "min_lon": 35.0, "min_lat": 25.0, "tile_id": "35_25" }, "geometry": { "type": "MultiPolygon", "coordinates": [ [ [ [ 37.1424775, 25.2299496 ], [ 37.1424698, 25.2304641 ], [ 37.142187, 25.2304607 ], [ 37.142183, 25.2307179 ], [ 37.1438839, 25.2304818 ], [ 37.1438916, 25.2299674 ], [ 37.14474, 25.2299781 ], [ 37.1444631, 25.2295882 ], [ 37.1441802, 25.2295846 ], [ 37.1424775, 25.2299496 ] ] ] ] } },
{ "type": "Feature", "properties": { "FID": 54862, "id": 1561, "left": 35.0, "top": 30.0, "right": 40.0, "bottom": 25.0, "row_index": 12, "col_index": 43, "min_lon": 35.0, "min_lat": 25.0, "tile_id": "35_25" }, "geometry": { "type": "MultiPolygon", "coordinates": [ [ [ [ 37.0160582, 25.4716885 ], [ 37.0159076, 25.4722011 ], [ 37.0154769, 25.4725808 ], [ 37.0146247, 25.4726984 ], [ 37.014612, 25.4734699 ], [ 37.0140452, 25.4734623 ], [ 37.0140284, 25.4744912 ], [ 37.0145929, 25.4746269 ], [ 37.0151639, 25.4743774 ], [ 37.018283, 25.4742914 ], [ 37.018716, 25.4737827 ], [ 37.0188707, 25.473013 ], [ 37.0194438, 25.4726343 ], [ 37.0208626, 25.4725252 ], [ 37.0208668, 25.4722682 ], [ 37.0200189, 25.4721276 ], [ 37.0194606, 25.4716056 ], [ 37.0177606, 25.4715825 ], [ 37.0160582, 25.4716885 ] ] ] ] } },
{ "type": "Feature", "properties": { "FID": 54863, "id": 1561, "left": 35.0, "top": 30.0, "right": 40.0, "bottom": 25.0, "row_index": 12, "col_index": 43, "min_lon": 35.0, "min_lat": 25.0, "tile_id": "35_25" }, "geometry": { "type": "MultiPolygon", "coordinates": [ [ [ [ 37.1700611, 25.2107396 ], [ 37.1694879, 25.2112471 ], [ 37.1688954, 25.2130407 ], [ 37.168995, 25.2158721 ], [ 37.1695623, 25.2157502 ], [ 37.1698491, 25.2154964 ], [ 37.1704164, 25.2153752 ], [ 37.1704204, 25.215118 ], [ 37.1701377, 25.2151144 ], [ 37.1701798, 25.2122847 ], [ 37.1704627, 25.2122883 ], [ 37.1709018, 25.2112645 ], [ 37.1711883, 25.2110109 ], [ 37.171338, 25.2104981 ], [ 37.1702106, 25.2102269 ], [ 37.1700611, 25.2107396 ] ] ] ] } },
{ "type": "Feature", "properties": { "FID": 54864, "id": 1561, "left": 35.0, "top": 30.0, "right": 40.0, "bottom": 25.0, "row_index": 12, "col_index": 43, "min_lon": 35.0, "min_lat": 25.0, "tile_id": "35_25" }, "geometry": { "type": "MultiPolygon", "coordinates": [ [ [ [ 37.118428, 25.3037443 ], [ 37.118424, 25.3040015 ], [ 37.1189901, 25.3040087 ], [ 37.118998, 25.3034942 ], [ 37.118428, 25.3037443 ] ] ] ] } },
{ "type": "Feature", "properties": { "FID": 54866, "id": 1561, "left": 35.0, "top": 30.0, "right": 40.0, "bottom": 25.0, "row_index": 12, "col_index": 43, "min_lon": 35.0, "min_lat": 25.0, "tile_id": "35_25" }, "geometry": { "type": "MultiPolygon", "coordinates": [ [ [ [ 36.9746895, 25.4626335 ], [ 36.9745463, 25.4627596 ], [ 36.9739774, 25.4628809 ], [ 36.9732297, 25.465186 ], [ 36.9719445, 25.465811 ], [ 36.9716568, 25.4660643 ], [ 36.9710881, 25.4661854 ], [ 36.9707746, 25.4679821 ], [ 36.9699245, 25.4679703 ], [ 36.9699201, 25.4682274 ], [ 36.9710515, 25.4683714 ], [ 36.9716225, 25.4681219 ], [ 36.9736079, 25.4680212 ], [ 36.9736207, 25.4672495 ], [ 36.9753359, 25.4663723 ], [ 36.9759048, 25.466252 ], [ 36.9766255, 25.4654901 ], [ 36.9766342, 25.4649758 ], [ 36.976355, 25.4647146 ], [ 36.9765187, 25.4634306 ], [ 36.9759541, 25.4632937 ], [ 36.9758143, 25.4631635 ], [ 36.9756903, 25.4621327 ], [ 36.9748404, 25.462121 ], [ 36.9746895, 25.4626335 ] ] ] ] } },
{ "type": "Feature", "properties": { "FID": 54867, "id": 1561, "left": 35.0, "top": 30.0, "right": 40.0, "bottom": 25.0, "row_index": 12, "col_index": 43, "min_lon": 35.0, "min_lat": 25.0, "tile_id": "35_25" }, "geometry": { "type": "MultiPolygon", "coordinates": [ [ [ [ 37.1684455, 25.167494 ], [ 37.1685835, 25.1677529 ], [ 37.1683008, 25.1677495 ], [ 37.1682855, 25.1687784 ], [ 37.168568, 25.168782 ], [ 37.1690261, 25.1664719 ], [ 37.1686066, 25.1662095 ], [ 37.1684455, 25.167494 ] ] ] ] } },
{ "type": "Feature", "properties": { "FID": 54869, "id": 1561, "left": 35.0, "top": 30.0, "right": 40.0, "bottom": 25.0, "row_index": 12, "col_index": 43, "min_lon": 35.0, "min_lat": 25.0, "tile_id": "35_25" }, "geometry": { "type": "MultiPolygon", "coordinates": [ [ [ [ 37.0128772, 25.4237929 ], [ 37.0137226, 25.4240617 ], [ 37.0137267, 25.4238044 ], [ 37.0134436, 25.4238007 ], [ 37.0134519, 25.4232862 ], [ 37.0128898, 25.4230212 ], [ 37.0128772, 25.4237929 ] ] ] ] } },
{ "type": "Feature", "properties": { "FID": 54870, "id": 1561, "left": 35.0, "top": 30.0, "right": 40.0, "bottom": 25.0, "row_index": 12, "col_index": 43, "min_lon": 35.0, "min_lat": 25.0, "tile_id": "35_25" }, "geometry": { "type": "MultiPolygon", "coordinates": [ [ [ [ 37.029093, 25.4196377 ], [ 37.0290847, 25.4201522 ], [ 37.0302176, 25.4201673 ], [ 37.0305217, 25.418885 ], [ 37.029093, 25.4196377 ] ] ] ] } },
{ "type": "Feature", "properties": { "FID": 54874, "id": 1561, "left": 35.0, "top": 30.0, "right": 40.0, "bottom": 25.0, "row_index": 12, "col_index": 43, "min_lon": 35.0, "min_lat": 25.0, "tile_id": "35_25" }, "geometry": { "type": "MultiPolygon", "coordinates": [ [ [ [ 36.9821462, 25.431864 ], [ 36.9835538, 25.4323977 ], [ 36.9835625, 25.4318834 ], [ 36.9832792, 25.4318795 ], [ 36.9832836, 25.4316222 ], [ 36.982438, 25.4313535 ], [ 36.9821719, 25.4303206 ], [ 36.9816054, 25.4303128 ], [ 36.9821462, 25.431864 ] ] ] ] } },
{ "type": "Feature", "properties": { "FID": 54875, "id": 1561, "left": 35.0, "top": 30.0, "right": 40.0, "bottom": 25.0, "row_index": 12, "col_index": 43, "min_lon": 35.0, "min_lat": 25.0, "tile_id": "35_25" }, "geometry": { "type": "MultiPolygon", "coordinates": [ [ [ [ 36.8647777, 25.4523285 ], [ 36.8647687, 25.452843 ], [ 36.865052, 25.4528471 ], [ 36.865632, 25.4520838 ], [ 36.8647777, 25.4523285 ] ] ] ] } },
{ "type": "Feature", "properties": { "FID": 54876, "id": 1561, "left": 35.0, "top": 30.0, "right": 40.0, "bottom": 25.0, "row_index": 12, "col_index": 43, "min_lon": 35.0, "min_lat": 25.0, "tile_id": "35_25" }, "geometry": { "type": "MultiPolygon", "coordinates": [ [ [ [ 36.9326983, 25.4075079 ], [ 36.934101, 25.4082993 ], [ 36.9343974, 25.4075317 ], [ 36.9341143, 25.4075278 ], [ 36.9341186, 25.4072705 ], [ 36.9327072, 25.4069935 ], [ 36.9326983, 25.4075079 ] ] ] ] } },
{ "type": "Feature", "properties": { "FID": 54878, "id": 1561, "left": 35.0, "top": 30.0, "right": 40.0, "bottom": 25.0, "row_index": 12, "col_index": 43, "min_lon": 35.0, "min_lat": 25.0, "tile_id": "35_25" }, "geometry": { "type": "MultiPolygon", "coordinates": [ [ [ [ 36.8809427, 25.4515338 ], [ 36.8806594, 25.4515298 ], [ 36.880646, 25.4523013 ], [ 36.8809293, 25.4523055 ], [ 36.8815273, 25.4505132 ], [ 36.8809609, 25.450505 ], [ 36.8809427, 25.4515338 ] ] ] ] } },
{ "type": "Feature", "properties": { "FID": 54879, "id": 1561, "left": 35.0, "top": 30.0, "right": 40.0, "bottom": 25.0, "row_index": 12, "col_index": 43, "min_lon": 35.0, "min_lat": 25.0, "tile_id": "35_25" }, "geometry": { "type": "MultiPolygon", "coordinates": [ [ [ [ 37.0233448, 25.4506906 ], [ 37.0230571, 25.4509441 ], [ 37.0227487, 25.4524835 ], [ 37.0227277, 25.4537696 ], [ 37.0220093, 25.4544026 ], [ 37.0214406, 25.4545241 ], [ 37.0213363, 25.4549486 ], [ 37.0210025, 25.45529 ], [ 37.020853, 25.4558025 ], [ 37.0214196, 25.4558101 ], [ 37.0215271, 25.4551272 ], [ 37.022001, 25.4549171 ], [ 37.0222843, 25.4549208 ], [ 37.0228467, 25.4551858 ], [ 37.024259, 25.4554619 ], [ 37.0265215, 25.4557498 ], [ 37.0273587, 25.4565328 ], [ 37.0284941, 25.4564198 ], [ 37.0287859, 25.4559093 ], [ 37.027365, 25.4561474 ], [ 37.0273691, 25.4558902 ], [ 37.0266689, 25.4553663 ], [ 37.0257239, 25.4525236 ], [ 37.0251573, 25.4525158 ], [ 37.025032, 25.4514852 ], [ 37.0234952, 25.4501781 ], [ 37.0233448, 25.4506906 ] ] ] ] } },
{ "type": "Feature", "properties": { "FID": 54880, "id": 1561, "left": 35.0, "top": 30.0, "right": 40.0, "bottom": 25.0, "row_index": 12, "col_index": 43, "min_lon": 35.0, "min_lat": 25.0, "tile_id": "35_25" }, "geometry": { "type": "MultiPolygon", "coordinates": [ [ [ [ 36.9997347, 25.4647779 ], [ 36.9991679, 25.4647702 ], [ 36.9991637, 25.4650274 ], [ 37.0000137, 25.4650389 ], [ 37.0001633, 25.4645266 ], [ 36.9997432, 25.4642635 ], [ 36.9997347, 25.4647779 ] ] ] ] } },
{ "type": "Feature", "properties": { "FID": 54881, "id": 1561, "left": 35.0, "top": 30.0, "right": 40.0, "bottom": 25.0, "row_index": 12, "col_index": 43, "min_lon": 35.0, "min_lat": 25.0, "tile_id": "35_25" }, "geometry": { "type": "MultiPolygon", "coordinates": [ [ [ [ 37.0020036, 25.4560616 ], [ 37.0015621, 25.4570847 ], [ 37.0009934, 25.4572051 ], [ 37.000849, 25.4573323 ], [ 37.0006993, 25.4578449 ], [ 37.000416, 25.4578409 ], [ 37.0003949, 25.459127 ], [ 37.0012406, 25.4593958 ], [ 37.0019738, 25.4578621 ], [ 37.0028366, 25.4571021 ], [ 37.0028407, 25.4568449 ], [ 37.0024332, 25.4558103 ], [ 37.0020036, 25.4560616 ] ] ] ] } },
{ "type": "Feature", "properties": { "FID": 54882, "id": 1561, "left": 35.0, "top": 30.0, "right": 40.0, "bottom": 25.0, "row_index": 12, "col_index": 43, "min_lon": 35.0, "min_lat": 25.0, "tile_id": "35_25" }, "geometry": { "type": "MultiPolygon", "coordinates": [ [ [ [ 36.9743263, 25.4420471 ], [ 36.975747, 25.4418093 ], [ 36.9760388, 25.4412988 ], [ 36.9754722, 25.4412911 ], [ 36.9754765, 25.4410339 ], [ 36.9743478, 25.440761 ], [ 36.9743263, 25.4420471 ] ] ] ] } },
{ "type": "Feature", "properties": { "FID": 54884, "id": 1561, "left": 35.0, "top": 30.0, "right": 40.0, "bottom": 25.0, "row_index": 12, "col_index": 43, "min_lon": 35.0, "min_lat": 25.0, "tile_id": "35_25" }, "geometry": { "type": "MultiPolygon", "coordinates": [ [ [ [ 36.8864969, 25.3874677 ], [ 36.8860262, 25.3875493 ], [ 36.8860128, 25.388321 ], [ 36.8865725, 25.3887145 ], [ 36.8888376, 25.388747 ], [ 36.8891251, 25.3884938 ], [ 36.8896936, 25.3883737 ], [ 36.8896981, 25.3881167 ], [ 36.8868624, 25.3883331 ], [ 36.8868667, 25.3880759 ], [ 36.8865836, 25.3880719 ], [ 36.8866874, 25.3876465 ], [ 36.8877252, 25.3875737 ], [ 36.8877297, 25.3873165 ], [ 36.886597, 25.3873002 ], [ 36.8864969, 25.3874677 ] ] ] ] } },
{ "type": "Feature", "properties": { "FID": 54885, "id": 1561, "left": 35.0, "top": 30.0, "right": 40.0, "bottom": 25.0, "row_index": 12, "col_index": 43, "min_lon": 35.0, "min_lat": 25.0, "tile_id": "35_25" }, "geometry": { "type": "MultiPolygon", "coordinates": [ [ [ [ 36.8060371, 25.4883772 ], [ 36.8058925, 25.4885041 ], [ 36.8054493, 25.4895265 ], [ 36.8050284, 25.4892629 ], [ 36.8049012, 25.4884893 ], [ 36.8040513, 25.4884766 ], [ 36.8033096, 25.4902663 ], [ 36.8031358, 25.4920644 ], [ 36.8037024, 25.4920728 ], [ 36.8039717, 25.4928486 ], [ 36.8056695, 25.4930023 ], [ 36.807379, 25.4925133 ], [ 36.807667, 25.4922604 ], [ 36.8088076, 25.4918919 ], [ 36.8089118, 25.4914666 ], [ 36.8093835, 25.4913861 ], [ 36.8093883, 25.4911289 ], [ 36.8088216, 25.4911204 ], [ 36.8085311, 25.4915016 ], [ 36.8082456, 25.4916263 ], [ 36.8082501, 25.4913691 ], [ 36.8076857, 25.4912317 ], [ 36.8072718, 25.4905829 ], [ 36.8067145, 25.4900599 ], [ 36.806606, 25.4882576 ], [ 36.8060371, 25.4883772 ] ] ] ] } },
{ "type": "Feature", "properties": { "FID": 54886, "id": 1561, "left": 35.0, "top": 30.0, "right": 40.0, "bottom": 25.0, "row_index": 12, "col_index": 43, "min_lon": 35.0, "min_lat": 25.0, "tile_id": "35_25" }, "geometry": { "type": "MultiPolygon", "coordinates": [ [ [ [ 36.805654, 25.4626466 ], [ 36.8050851, 25.462767 ], [ 36.8049335, 25.4632794 ], [ 36.804502, 25.4636583 ], [ 36.8036428, 25.4641599 ], [ 36.802217, 25.464653 ], [ 36.8016411, 25.465159 ], [ 36.8010768, 25.4650223 ], [ 36.8009254, 25.4655345 ], [ 36.7999226, 25.4661622 ], [ 36.7991976, 25.4670522 ], [ 36.799321, 25.468083 ], [ 36.7990377, 25.4680786 ], [ 36.7990282, 25.4685931 ], [ 36.7993115, 25.4685973 ], [ 36.7997266, 25.4691181 ], [ 36.7998594, 25.4696345 ], [ 36.8006977, 25.4702897 ], [ 36.8012643, 25.4702983 ], [ 36.8024045, 25.4699299 ], [ 36.802414, 25.4694156 ], [ 36.8032754, 25.4687849 ], [ 36.8038445, 25.4686653 ], [ 36.8038538, 25.4681508 ], [ 36.8061155, 25.4684419 ], [ 36.8064128, 25.4676747 ], [ 36.8069794, 25.4676832 ], [ 36.8069887, 25.4671688 ], [ 36.8078434, 25.4669244 ], [ 36.8078666, 25.4656385 ], [ 36.8084332, 25.465647 ], [ 36.8083283, 25.4635872 ], [ 36.8084799, 25.463075 ], [ 36.8096177, 25.4628348 ], [ 36.809915, 25.4620675 ], [ 36.8079296, 25.462166 ], [ 36.8073677, 25.4619004 ], [ 36.8068012, 25.4618919 ], [ 36.805654, 25.4626466 ] ] ] ] } },
{ "type": "Feature", "properties": { "FID": 54887, "id": 1561, "left": 35.0, "top": 30.0, "right": 40.0, "bottom": 25.0, "row_index": 12, "col_index": 43, "min_lon": 35.0, "min_lat": 25.0, "tile_id": "35_25" }, "geometry": { "type": "MultiPolygon", "coordinates": [ [ [ [ 36.9046172, 25.4261475 ], [ 36.9046083, 25.4266619 ], [ 36.9080003, 25.4270957 ], [ 36.908288, 25.4268426 ], [ 36.9097108, 25.4264775 ], [ 36.9097197, 25.425963 ], [ 36.9063233, 25.4257855 ], [ 36.9046172, 25.4261475 ] ] ] ] } },
{ "type": "Feature", "properties": { "FID": 54888, "id": 1561, "left": 35.0, "top": 30.0, "right": 40.0, "bottom": 25.0, "row_index": 12, "col_index": 43, "min_lon": 35.0, "min_lat": 25.0, "tile_id": "35_25" }, "geometry": { "type": "MultiPolygon", "coordinates": [ [ [ [ 37.0017307, 25.4640333 ], [ 37.002014, 25.4640372 ], [ 37.0020267, 25.4632656 ], [ 37.0017434, 25.4632616 ], [ 37.0017477, 25.4630046 ], [ 37.0014644, 25.4630006 ], [ 37.0017307, 25.4640333 ] ] ] ] } },
{ "type": "Feature", "properties": { "FID": 54889, "id": 1561, "left": 35.0, "top": 30.0, "right": 40.0, "bottom": 25.0, "row_index": 12, "col_index": 43, "min_lon": 35.0, "min_lat": 25.0, "tile_id": "35_25" }, "geometry": { "type": "MultiPolygon", "coordinates": [ [ [ [ 36.9638385, 25.4591389 ], [ 36.9635552, 25.459135 ], [ 36.9635508, 25.4593922 ], [ 36.9638319, 25.4595241 ], [ 36.9658173, 25.4594236 ], [ 36.9661093, 25.4589131 ], [ 36.963847, 25.4586245 ], [ 36.9638385, 25.4591389 ] ] ] ] } },
{ "type": "Feature", "properties": { "FID": 54890, "id": 1561, "left": 35.0, "top": 30.0, "right": 40.0, "bottom": 25.0, "row_index": 12, "col_index": 43, "min_lon": 35.0, "min_lat": 25.0, "tile_id": "35_25" }, "geometry": { "type": "MultiPolygon", "coordinates": [ [ [ [ 37.0348953, 25.4112254 ], [ 37.0348787, 25.4122543 ], [ 37.0343122, 25.4122467 ], [ 37.0347282, 25.4127668 ], [ 37.0347197, 25.4132811 ], [ 37.0345766, 25.4134076 ], [ 37.0323088, 25.4135062 ], [ 37.0322837, 25.4150496 ], [ 37.0317152, 25.4151702 ], [ 37.0312835, 25.4155506 ], [ 37.031134, 25.4160632 ], [ 37.0308509, 25.4160594 ], [ 37.0308384, 25.4168311 ], [ 37.0331083, 25.4166043 ], [ 37.0330958, 25.4173758 ], [ 37.0336623, 25.4173835 ], [ 37.0336706, 25.4168691 ], [ 37.0356615, 25.4163811 ], [ 37.0356532, 25.4168955 ], [ 37.0359365, 25.4168993 ], [ 37.0359448, 25.4163849 ], [ 37.037942, 25.4155106 ], [ 37.0387936, 25.4153938 ], [ 37.0387978, 25.4151365 ], [ 37.0382313, 25.415129 ], [ 37.0382355, 25.4148717 ], [ 37.0390852, 25.4148833 ], [ 37.0392306, 25.4146277 ], [ 37.0390977, 25.4141116 ], [ 37.0396642, 25.4141191 ], [ 37.0401051, 25.4130959 ], [ 37.0401134, 25.4125814 ], [ 37.0395553, 25.4120594 ], [ 37.0394226, 25.4115431 ], [ 37.0374379, 25.4116447 ], [ 37.0354638, 25.4111038 ], [ 37.0348953, 25.4112254 ] ] ] ] } },
{ "type": "Feature", "properties": { "FID": 54891, "id": 1561, "left": 35.0, "top": 30.0, "right": 40.0, "bottom": 25.0, "row_index": 12, "col_index": 43, "min_lon": 35.0, "min_lat": 25.0, "tile_id": "35_25" }, "geometry": { "type": "MultiPolygon", "coordinates": [ [ [ [ 36.8605453, 25.4352881 ], [ 36.8610128, 25.4353824 ], [ 36.8611072, 25.4355534 ], [ 36.8616738, 25.4355618 ], [ 36.8616783, 25.4353045 ], [ 36.8612098, 25.4352093 ], [ 36.8611164, 25.435039 ], [ 36.8605498, 25.4350309 ], [ 36.8605453, 25.4352881 ] ] ] ] } },
{ "type": "Feature", "properties": { "FID": 54892, "id": 1561, "left": 35.0, "top": 30.0, "right": 40.0, "bottom": 25.0, "row_index": 12, "col_index": 43, "min_lon": 35.0, "min_lat": 25.0, "tile_id": "35_25" }, "geometry": { "type": "MultiPolygon", "coordinates": [ [ [ [ 36.9765586, 25.4271562 ], [ 36.977125, 25.4271639 ], [ 36.9771335, 25.4266496 ], [ 36.9765671, 25.4266417 ], [ 36.9765586, 25.4271562 ] ] ] ] } },
{ "type": "Feature", "properties": { "FID": 54893, "id": 1561, "left": 35.0, "top": 30.0, "right": 40.0, "bottom": 25.0, "row_index": 12, "col_index": 43, "min_lon": 35.0, "min_lat": 25.0, "tile_id": "35_25" }, "geometry": { "type": "MultiPolygon", "coordinates": [ [ [ [ 36.8529327, 25.4651467 ], [ 36.852357, 25.4656528 ], [ 36.850086, 25.4658768 ], [ 36.8463869, 25.4667235 ], [ 36.8462357, 25.4672357 ], [ 36.8452376, 25.4676065 ], [ 36.8446619, 25.4681125 ], [ 36.8438027, 25.4686145 ], [ 36.8432338, 25.4687352 ], [ 36.8433245, 25.4715663 ], [ 36.8430365, 25.4718193 ], [ 36.8430274, 25.4723336 ], [ 36.843165, 25.4725929 ], [ 36.8425984, 25.4725846 ], [ 36.8427348, 25.4728439 ], [ 36.842721, 25.4736154 ], [ 36.8419972, 25.4745046 ], [ 36.8402973, 25.4744797 ], [ 36.8392752, 25.4761372 ], [ 36.8392614, 25.4769087 ], [ 36.8389552, 25.4781905 ], [ 36.8383746, 25.4789537 ], [ 36.8382244, 25.4794661 ], [ 36.8390698, 25.4797358 ], [ 36.8390743, 25.4794785 ], [ 36.838791, 25.4794744 ], [ 36.8388002, 25.4789599 ], [ 36.8390836, 25.4789643 ], [ 36.8390926, 25.4784498 ], [ 36.8405302, 25.477313 ], [ 36.8413892, 25.476811 ], [ 36.8419582, 25.4766912 ], [ 36.841972, 25.4759197 ], [ 36.8425455, 25.4755417 ], [ 36.8431145, 25.475422 ], [ 36.8434117, 25.4746545 ], [ 36.8439851, 25.4742767 ], [ 36.8445542, 25.4741569 ], [ 36.8449877, 25.4736487 ], [ 36.8454453, 25.4718547 ], [ 36.8460119, 25.471863 ], [ 36.846309, 25.4710956 ], [ 36.8468756, 25.471104 ], [ 36.8468849, 25.4705895 ], [ 36.8474515, 25.4705978 ], [ 36.847611, 25.4695712 ], [ 36.8479034, 25.4690611 ], [ 36.8480684, 25.4677772 ], [ 36.8489206, 25.4676606 ], [ 36.8520348, 25.4678352 ], [ 36.8523319, 25.4670679 ], [ 36.8528985, 25.4670762 ], [ 36.8530442, 25.466821 ], [ 36.8530626, 25.4657923 ], [ 36.8533504, 25.4655392 ], [ 36.8535016, 25.4650269 ], [ 36.8529327, 25.4651467 ] ] ] ] } },
{ "type": "Feature", "properties": { "FID": 54899, "id": 1561, "left": 35.0, "top": 30.0, "right": 40.0, "bottom": 25.0, "row_index": 12, "col_index": 43, "min_lon": 35.0, "min_lat": 25.0, "tile_id": "35_25" }, "geometry": { "type": "MultiPolygon", "coordinates": [ [ [ [ 36.7716973, 25.697384 ], [ 36.7715463, 25.6978962 ], [ 36.7721116, 25.6980329 ], [ 36.7723906, 25.6982944 ], [ 36.7738003, 25.6988304 ], [ 36.775222, 25.698724 ], [ 36.7752314, 25.6982096 ], [ 36.7749475, 25.6982052 ], [ 36.7749525, 25.6979482 ], [ 36.7726888, 25.6975273 ], [ 36.772126, 25.6972614 ], [ 36.7718421, 25.697257 ], [ 36.7716973, 25.697384 ] ] ] ] } },
{ "type": "Feature", "properties": { "FID": 54900, "id": 1561, "left": 35.0, "top": 30.0, "right": 40.0, "bottom": 25.0, "row_index": 12, "col_index": 43, "min_lon": 35.0, "min_lat": 25.0, "tile_id": "35_25" }, "geometry": { "type": "MultiPolygon", "coordinates": [ [ [ [ 36.5461458, 25.7935597 ], [ 36.5455751, 25.7936782 ], [ 36.5449965, 25.7941828 ], [ 36.5435764, 25.794159 ], [ 36.5425684, 25.7947854 ], [ 36.5433721, 25.8040585 ], [ 36.5439402, 25.8040681 ], [ 36.5439349, 25.8043251 ], [ 36.5436508, 25.8043204 ], [ 36.5436297, 25.8053489 ], [ 36.5450553, 25.8051157 ], [ 36.5455127, 25.8035803 ], [ 36.5458867, 25.799214 ], [ 36.5455195, 25.7963784 ], [ 36.5449514, 25.7963688 ], [ 36.5456981, 25.794581 ], [ 36.546566, 25.7938241 ], [ 36.5467244, 25.7930551 ], [ 36.5461564, 25.7930454 ], [ 36.5461458, 25.7935597 ] ] ] ] } },
{ "type": "Feature", "properties": { "FID": 54901, "id": 1561, "left": 35.0, "top": 30.0, "right": 40.0, "bottom": 25.0, "row_index": 12, "col_index": 43, "min_lon": 35.0, "min_lat": 25.0, "tile_id": "35_25" }, "geometry": { "type": "MultiPolygon", "coordinates": [ [ [ [ 36.6819892, 25.6845783 ], [ 36.680945, 25.6849076 ], [ 36.6804838, 25.6867008 ], [ 36.6791848, 25.6878371 ], [ 36.6786123, 25.6880852 ], [ 36.6778849, 25.6889745 ], [ 36.6778649, 25.690003 ], [ 36.6781338, 25.690779 ], [ 36.6784126, 25.6910406 ], [ 36.6788138, 25.6923332 ], [ 36.680223, 25.6928701 ], [ 36.6805216, 25.6921032 ], [ 36.6802379, 25.6920986 ], [ 36.6802478, 25.6915844 ], [ 36.6805316, 25.6915889 ], [ 36.6807577, 25.6872196 ], [ 36.6816341, 25.6859474 ], [ 36.6821801, 25.6847575 ], [ 36.6823689, 25.6846728 ], [ 36.6826677, 25.6839059 ], [ 36.6821, 25.683897 ], [ 36.6819892, 25.6845783 ] ] ] ] } },
{ "type": "Feature", "properties": { "FID": 54902, "id": 1561, "left": 35.0, "top": 30.0, "right": 40.0, "bottom": 25.0, "row_index": 12, "col_index": 43, "min_lon": 35.0, "min_lat": 25.0, "tile_id": "35_25" }, "geometry": { "type": "MultiPolygon", "coordinates": [ [ [ [ 36.7163993, 25.7608278 ], [ 36.7159531, 25.7618498 ], [ 36.7158092, 25.7619756 ], [ 36.7152387, 25.7620958 ], [ 36.715508, 25.7628717 ], [ 36.7157919, 25.762876 ], [ 36.7160907, 25.7621091 ], [ 36.7162753, 25.7621996 ], [ 36.7162175, 25.7628828 ], [ 36.7154957, 25.7635141 ], [ 36.7149251, 25.7636343 ], [ 36.7149202, 25.7638913 ], [ 36.7152043, 25.7638959 ], [ 36.7153358, 25.7644124 ], [ 36.715615, 25.764674 ], [ 36.7157476, 25.7651905 ], [ 36.716318, 25.7650703 ], [ 36.716607, 25.7648176 ], [ 36.7174564, 25.7649601 ], [ 36.7184794, 25.7634328 ], [ 36.7184991, 25.7624041 ], [ 36.71836, 25.7622729 ], [ 36.716473, 25.7620267 ], [ 36.7163797, 25.7618564 ], [ 36.7175205, 25.7616171 ], [ 36.7175352, 25.7608456 ], [ 36.7181031, 25.7608545 ], [ 36.7181081, 25.7605974 ], [ 36.7163993, 25.7608278 ] ] ] ] } },
{ "type": "Feature", "properties": { "FID": 54903, "id": 1561, "left": 35.0, "top": 30.0, "right": 40.0, "bottom": 25.0, "row_index": 12, "col_index": 43, "min_lon": 35.0, "min_lat": 25.0, "tile_id": "35_25" }, "geometry": { "type": "MultiPolygon", "coordinates": [ [ [ [ 36.7185363, 25.5591978 ], [ 36.7188198, 25.5592022 ], [ 36.7188102, 25.5597164 ], [ 36.7193772, 25.5597253 ], [ 36.7193967, 25.5586966 ], [ 36.7185462, 25.5586833 ], [ 36.7185363, 25.5591978 ] ] ] ] } },
{ "type": "Feature", "properties": { "FID": 54904, "id": 1561, "left": 35.0, "top": 30.0, "right": 40.0, "bottom": 25.0, "row_index": 12, "col_index": 43, "min_lon": 35.0, "min_lat": 25.0, "tile_id": "35_25" }, "geometry": { "type": "MultiPolygon", "coordinates": [ [ [ [ 36.642172, 25.7148954 ], [ 36.6418375, 25.7174622 ], [ 36.6419089, 25.7210646 ], [ 36.641625, 25.7210599 ], [ 36.6416199, 25.7213171 ], [ 36.6419038, 25.7213216 ], [ 36.6421624, 25.7226119 ], [ 36.6424463, 25.7226167 ], [ 36.6424969, 25.7200451 ], [ 36.6433536, 25.7198017 ], [ 36.6435052, 25.7192897 ], [ 36.6437942, 25.7190372 ], [ 36.6440983, 25.7180132 ], [ 36.643561, 25.7164613 ], [ 36.6432822, 25.7161995 ], [ 36.6430439, 25.7138807 ], [ 36.6417823, 25.7130886 ], [ 36.642172, 25.7148954 ] ] ] ] } },
{ "type": "Feature", "properties": { "FID": 54905, "id": 1561, "left": 35.0, "top": 30.0, "right": 40.0, "bottom": 25.0, "row_index": 12, "col_index": 43, "min_lon": 35.0, "min_lat": 25.0, "tile_id": "35_25" }, "geometry": { "type": "MultiPolygon", "coordinates": [ [ [ [ 36.9179395, 25.6064195 ], [ 36.918786, 25.6066886 ], [ 36.9187949, 25.6061743 ], [ 36.9185114, 25.6061704 ], [ 36.9185157, 25.6059131 ], [ 36.918232, 25.605909 ], [ 36.9182409, 25.6053947 ], [ 36.9179574, 25.6053905 ], [ 36.9179395, 25.6064195 ] ] ] ] } },
{ "type": "Feature", "properties": { "FID": 54906, "id": 1561, "left": 35.0, "top": 30.0, "right": 40.0, "bottom": 25.0, "row_index": 12, "col_index": 43, "min_lon": 35.0, "min_lat": 25.0, "tile_id": "35_25" }, "geometry": { "type": "MultiPolygon", "coordinates": [ [ [ [ 36.9074214, 25.5586765 ], [ 36.9079886, 25.5586847 ], [ 36.9081209, 25.559201 ], [ 36.9083999, 25.5594622 ], [ 36.9086656, 25.5604951 ], [ 36.9087497, 25.5638406 ], [ 36.9093169, 25.5638487 ], [ 36.9088777, 25.5646144 ], [ 36.9080181, 25.5651165 ], [ 36.9081513, 25.5656329 ], [ 36.9073008, 25.5656208 ], [ 36.9073052, 25.5653636 ], [ 36.9070217, 25.5653596 ], [ 36.9073186, 25.5645921 ], [ 36.9068884, 25.564843 ], [ 36.9069994, 25.5666455 ], [ 36.9078455, 25.5669149 ], [ 36.9078367, 25.5674293 ], [ 36.9084037, 25.5674373 ], [ 36.9083902, 25.5682089 ], [ 36.9089552, 25.5683452 ], [ 36.9097947, 25.5690007 ], [ 36.9098349, 25.566686 ], [ 36.9101184, 25.5666901 ], [ 36.9103842, 25.5677228 ], [ 36.9106677, 25.567727 ], [ 36.9109735, 25.566445 ], [ 36.9115407, 25.5664531 ], [ 36.911979, 25.5656875 ], [ 36.9128429, 25.5649281 ], [ 36.9135879, 25.5628807 ], [ 36.9141551, 25.5628888 ], [ 36.9143097, 25.5621192 ], [ 36.9145977, 25.5618661 ], [ 36.9147489, 25.5613537 ], [ 36.9153159, 25.5613619 ], [ 36.9156263, 25.5598226 ], [ 36.9167648, 25.5595817 ], [ 36.9175267, 25.5565053 ], [ 36.9181069, 25.5557417 ], [ 36.9181203, 25.5549703 ], [ 36.9187007, 25.5542067 ], [ 36.9198794, 25.5516508 ], [ 36.9201672, 25.5513978 ], [ 36.9200349, 25.5508812 ], [ 36.9208899, 25.5506361 ], [ 36.9216115, 25.5498746 ], [ 36.9217625, 25.5493622 ], [ 36.9223297, 25.5493704 ], [ 36.9227677, 25.5486047 ], [ 36.9229277, 25.5475779 ], [ 36.9235013, 25.5471997 ], [ 36.9240706, 25.5470797 ], [ 36.9243675, 25.5463122 ], [ 36.9249345, 25.5463201 ], [ 36.9248011, 25.5458038 ], [ 36.9253813, 25.5450402 ], [ 36.9257047, 25.5427295 ], [ 36.9265951, 25.5404267 ], [ 36.9264671, 25.5396531 ], [ 36.9270341, 25.5396611 ], [ 36.9275297, 25.535552 ], [ 36.9278175, 25.5352988 ], [ 36.9281318, 25.5335023 ], [ 36.9287123, 25.5327387 ], [ 36.9287255, 25.5319673 ], [ 36.9293055, 25.5312037 ], [ 36.9294567, 25.5306913 ], [ 36.9300304, 25.5303131 ], [ 36.9305994, 25.5301929 ], [ 36.931033, 25.5296845 ], [ 36.9310373, 25.5294273 ], [ 36.9307584, 25.5291661 ], [ 36.9307803, 25.5278801 ], [ 36.9310727, 25.5273696 ], [ 36.9319364, 25.52661 ], [ 36.9319583, 25.5253241 ], [ 36.9318215, 25.525065 ], [ 36.9329599, 25.5248238 ], [ 36.9336813, 25.5240621 ], [ 36.9341245, 25.5230393 ], [ 36.9335531, 25.5232886 ], [ 36.9335664, 25.5225169 ], [ 36.9321536, 25.5222398 ], [ 36.9321447, 25.5227541 ], [ 36.9284575, 25.5228302 ], [ 36.9281785, 25.522569 ], [ 36.9253439, 25.522529 ], [ 36.9239334, 25.5221234 ], [ 36.9237779, 25.522893 ], [ 36.9236344, 25.5230192 ], [ 36.9230653, 25.5231402 ], [ 36.923202, 25.5233995 ], [ 36.9228742, 25.5259673 ], [ 36.9219929, 25.5277558 ], [ 36.9223299, 25.5329056 ], [ 36.9214794, 25.5328935 ], [ 36.9218954, 25.533414 ], [ 36.9220243, 25.5341876 ], [ 36.9214573, 25.5341797 ], [ 36.9215853, 25.5349533 ], [ 36.9212974, 25.5352063 ], [ 36.9211472, 25.5357187 ], [ 36.9217142, 25.5357268 ], [ 36.9215497, 25.5370107 ], [ 36.9214063, 25.537137 ], [ 36.9208372, 25.5372579 ], [ 36.9208327, 25.5375152 ], [ 36.9216788, 25.5377845 ], [ 36.9215055, 25.5395828 ], [ 36.9207905, 25.539958 ], [ 36.9200657, 25.5408485 ], [ 36.9193464, 25.5414811 ], [ 36.9187773, 25.5416021 ], [ 36.9187639, 25.5423736 ], [ 36.9176276, 25.5424857 ], [ 36.9174832, 25.5426127 ], [ 36.917333, 25.5431251 ], [ 36.9161969, 25.5432371 ], [ 36.9160523, 25.5433641 ], [ 36.9159022, 25.5438765 ], [ 36.9142056, 25.5435951 ], [ 36.9141967, 25.5441096 ], [ 36.911364, 25.54394 ], [ 36.9110759, 25.5441931 ], [ 36.9073859, 25.5443978 ], [ 36.9068212, 25.5442615 ], [ 36.9066923, 25.5434879 ], [ 36.9065533, 25.5433568 ], [ 36.9051358, 25.5433365 ], [ 36.9041319, 25.5439657 ], [ 36.904123, 25.5444802 ], [ 36.904402, 25.5447414 ], [ 36.9048098, 25.5457763 ], [ 36.9056537, 25.5461738 ], [ 36.9062116, 25.5466962 ], [ 36.9067809, 25.5465762 ], [ 36.9075913, 25.5489032 ], [ 36.9081583, 25.5489113 ], [ 36.9081494, 25.5494256 ], [ 36.9070086, 25.5497947 ], [ 36.9065717, 25.5504322 ], [ 36.9064169, 25.5512016 ], [ 36.9069818, 25.5513379 ], [ 36.9075399, 25.5518604 ], [ 36.9081047, 25.5519977 ], [ 36.9083659, 25.5532876 ], [ 36.9089329, 25.5532957 ], [ 36.9090205, 25.556384 ], [ 36.9088705, 25.5568964 ], [ 36.9071693, 25.5568722 ], [ 36.9071559, 25.5576437 ], [ 36.9082855, 25.5579171 ], [ 36.9085556, 25.5586928 ], [ 36.9079952, 25.5582984 ], [ 36.9074305, 25.5581621 ], [ 36.9074214, 25.5586765 ] ] ] ] } },
{ "type": "Feature", "properties": { "FID": 54907, "id": 1561, "left": 35.0, "top": 30.0, "right": 40.0, "bottom": 25.0, "row_index": 12, "col_index": 43, "min_lon": 35.0, "min_lat": 25.0, "tile_id": "35_25" }, "geometry": { "type": "MultiPolygon", "coordinates": [ [ [ [ 36.7211026, 25.558466 ], [ 36.7210977, 25.5587232 ], [ 36.7225201, 25.5584881 ], [ 36.722525, 25.5582309 ], [ 36.7211026, 25.558466 ] ] ] ] } },
{ "type": "Feature", "properties": { "FID": 54908, "id": 1561, "left": 35.0, "top": 30.0, "right": 40.0, "bottom": 25.0, "row_index": 12, "col_index": 43, "min_lon": 35.0, "min_lat": 25.0, "tile_id": "35_25" }, "geometry": { "type": "MultiPolygon", "coordinates": [ [ [ [ 36.7298814, 25.5591169 ], [ 36.730727, 25.5593874 ], [ 36.7307319, 25.5591301 ], [ 36.7304484, 25.5591258 ], [ 36.7304532, 25.5588686 ], [ 36.7298911, 25.5586026 ], [ 36.7298814, 25.5591169 ] ] ] ] } },
{ "type": "Feature", "properties": { "FID": 54909, "id": 1561, "left": 35.0, "top": 30.0, "right": 40.0, "bottom": 25.0, "row_index": 12, "col_index": 43, "min_lon": 35.0, "min_lat": 25.0, "tile_id": "35_25" }, "geometry": { "type": "MultiPolygon", "coordinates": [ [ [ [ 36.9672416, 25.5767565 ], [ 36.9663866, 25.5770018 ], [ 36.9663735, 25.5777733 ], [ 36.9669341, 25.5781666 ], [ 36.9672178, 25.5781706 ], [ 36.9675057, 25.5779173 ], [ 36.9683586, 25.5778009 ], [ 36.968513, 25.5770313 ], [ 36.9680989, 25.5763819 ], [ 36.9672503, 25.576242 ], [ 36.9672416, 25.5767565 ] ] ] ] } },
{ "type": "Feature", "properties": { "FID": 54910, "id": 1561, "left": 35.0, "top": 30.0, "right": 40.0, "bottom": 25.0, "row_index": 12, "col_index": 43, "min_lon": 35.0, "min_lat": 25.0, "tile_id": "35_25" }, "geometry": { "type": "MultiPolygon", "coordinates": [ [ [ [ 36.7449935, 25.6756226 ], [ 36.7449789, 25.6763941 ], [ 36.7407126, 25.6768426 ], [ 36.7409769, 25.6778756 ], [ 36.7415422, 25.6780125 ], [ 36.7423838, 25.67854 ], [ 36.7432254, 25.6790675 ], [ 36.7452023, 25.6796125 ], [ 36.7477516, 25.6799093 ], [ 36.7483095, 25.6804322 ], [ 36.7494471, 25.6803217 ], [ 36.7497164, 25.6810975 ], [ 36.7505677, 25.6811107 ], [ 36.7505775, 25.6805963 ], [ 36.7502936, 25.6805919 ], [ 36.7502985, 25.6803349 ], [ 36.749731, 25.680326 ], [ 36.7496127, 25.679038 ], [ 36.7488049, 25.6767104 ], [ 36.7483868, 25.6763177 ], [ 36.7478217, 25.6761809 ], [ 36.747689, 25.6756643 ], [ 36.7475499, 25.675533 ], [ 36.7455635, 25.6755024 ], [ 36.7449935, 25.6756226 ] ] ] ] } },
{ "type": "Feature", "properties": { "FID": 54911, "id": 1561, "left": 35.0, "top": 30.0, "right": 40.0, "bottom": 25.0, "row_index": 12, "col_index": 43, "min_lon": 35.0, "min_lat": 25.0, "tile_id": "35_25" }, "geometry": { "type": "MultiPolygon", "coordinates": [ [ [ [ 35.9669287, 26.9692121 ], [ 35.9666026, 26.9692874 ], [ 35.9665618, 26.9693861 ], [ 35.9664717, 26.969389 ], [ 35.9664387, 26.9695573 ], [ 35.9668021, 26.9696422 ], [ 35.9668316, 26.9697378 ], [ 35.9670012, 26.9697729 ], [ 35.9671377, 26.9696936 ], [ 35.9675521, 26.9697168 ], [ 35.9673659, 26.9695979 ], [ 35.9673257, 26.9694368 ], [ 35.9670551, 26.969242 ], [ 35.9669287, 26.9692121 ] ] ] ] } },
{ "type": "Feature", "properties": { "FID": 54912, "id": 1561, "left": 35.0, "top": 30.0, "right": 40.0, "bottom": 25.0, "row_index": 12, "col_index": 43, "min_lon": 35.0, "min_lat": 25.0, "tile_id": "35_25" }, "geometry": { "type": "MultiPolygon", "coordinates": [ [ [ [ 36.7093615, 25.5644564 ], [ 36.7099287, 25.5644652 ], [ 36.7099383, 25.563951 ], [ 36.7096548, 25.5639464 ], [ 36.7096598, 25.5636894 ], [ 36.7093763, 25.5636849 ], [ 36.7093615, 25.5644564 ] ] ] ] } },
{ "type": "Feature", "properties": { "FID": 54913, "id": 1561, "left": 35.0, "top": 30.0, "right": 40.0, "bottom": 25.0, "row_index": 12, "col_index": 43, "min_lon": 35.0, "min_lat": 25.0, "tile_id": "35_25" }, "geometry": { "type": "MultiPolygon", "coordinates": [ [ [ [ 36.723659, 25.5582486 ], [ 36.7242211, 25.5585146 ], [ 36.7245142, 25.5580046 ], [ 36.7236637, 25.5579914 ], [ 36.723659, 25.5582486 ] ] ] ] } },
{ "type": "Feature", "properties": { "FID": 54914, "id": 1561, "left": 35.0, "top": 30.0, "right": 40.0, "bottom": 25.0, "row_index": 12, "col_index": 43, "min_lon": 35.0, "min_lat": 25.0, "tile_id": "35_25" }, "geometry": { "type": "MultiPolygon", "coordinates": [ [ [ [ 36.7763994, 25.5251433 ], [ 36.7763511, 25.5249706 ], [ 36.7760675, 25.524791 ], [ 36.7759622, 25.5247773 ], [ 36.7757837, 25.5248594 ], [ 36.7756396, 25.5249361 ], [ 36.7754218, 25.5251134 ], [ 36.775184, 25.5252744 ], [ 36.7750146, 25.5254272 ], [ 36.774835, 25.5255365 ], [ 36.7746916, 25.5257013 ], [ 36.7745727, 25.5258545 ], [ 36.7745411, 25.5259795 ], [ 36.7744997, 25.526041 ], [ 36.77444, 25.5260408 ], [ 36.7743798, 25.5260685 ], [ 36.7743359, 25.5261595 ], [ 36.7743382, 25.5262914 ], [ 36.7743099, 25.5264403 ], [ 36.7742481, 25.5265691 ], [ 36.7741736, 25.5266227 ], [ 36.7740841, 25.5266419 ], [ 36.7736717, 25.5268178 ], [ 36.773579, 25.5268847 ], [ 36.7735731, 25.5270718 ], [ 36.7735158, 25.5272923 ], [ 36.7734491, 25.5274608 ], [ 36.7733606, 25.5275579 ], [ 36.7732954, 25.5277354 ], [ 36.7731998, 25.5279131 ], [ 36.7731034, 25.5280268 ], [ 36.7729986, 25.5280653 ], [ 36.7728558, 25.5280665 ], [ 36.7727088, 25.5281389 ], [ 36.7725622, 25.5283891 ], [ 36.7724143, 25.5286663 ], [ 36.7722633, 25.5288451 ], [ 36.7720481, 25.529028 ], [ 36.7719242, 25.5291165 ], [ 36.7718648, 25.5291966 ], [ 36.7716409, 25.5295816 ], [ 36.7714017, 25.5298897 ], [ 36.7711825, 25.530084 ], [ 36.7710548, 25.5301038 ], [ 36.7709169, 25.5301979 ], [ 36.7707003, 25.5302685 ], [ 36.7705302, 25.5304133 ], [ 36.770307, 25.5305813 ], [ 36.7700177, 25.5307433 ], [ 36.7697385, 25.5308165 ], [ 36.7694761, 25.5308373 ], [ 36.7693406, 25.5308265 ], [ 36.7692965, 25.5309305 ], [ 36.7691883, 25.5310358 ], [ 36.7690682, 25.5310851 ], [ 36.7688892, 25.5310803 ], [ 36.7683766, 25.5311441 ], [ 36.7680819, 25.5312773 ], [ 36.7674149, 25.5315449 ], [ 36.7666063, 25.5319077 ], [ 36.7655982, 25.5323611 ], [ 36.76496, 25.5326463 ], [ 36.7646484, 25.5327002 ], [ 36.7644281, 25.5327728 ], [ 36.7641319, 25.5329617 ], [ 36.7636937, 25.5332606 ], [ 36.7633345, 25.5335856 ], [ 36.7633627, 25.5337795 ], [ 36.7635028, 25.5339283 ], [ 36.7637399, 25.5339731 ], [ 36.7640214, 25.5339829 ], [ 36.7643898, 25.5338791 ], [ 36.7646175, 25.5337994 ], [ 36.7648056, 25.5336982 ], [ 36.7648956, 25.533938 ], [ 36.7650846, 25.5342709 ], [ 36.7652732, 25.5342022 ], [ 36.7654473, 25.534083 ], [ 36.7656574, 25.5338307 ], [ 36.7657832, 25.5335798 ], [ 36.7658417, 25.5334188 ], [ 36.7659485, 25.5331935 ], [ 36.7662944, 25.5329441 ], [ 36.7664916, 25.5327941 ], [ 36.7667152, 25.532591 ], [ 36.7674259, 25.5323043 ], [ 36.767892, 25.5321785 ], [ 36.7680845, 25.5321512 ], [ 36.7683098, 25.531979 ], [ 36.7688359, 25.5316983 ], [ 36.7693192, 25.5314981 ], [ 36.7698467, 25.5313219 ], [ 36.7700549, 25.5311798 ], [ 36.7703225, 25.5311058 ], [ 36.7707035, 25.5309376 ], [ 36.7712804, 25.5307038 ], [ 36.7717551, 25.5305346 ], [ 36.7723029, 25.530357 ], [ 36.772903, 25.5302322 ], [ 36.7732713, 25.5300682 ], [ 36.7736747, 25.5297728 ], [ 36.774067, 25.5294696 ], [ 36.7744429, 25.5292359 ], [ 36.7746386, 25.5289855 ], [ 36.7767059, 25.5306159 ], [ 36.7770982, 25.5297209 ], [ 36.7751549, 25.5281336 ], [ 36.775273, 25.5279062 ], [ 36.7754369, 25.5277092 ], [ 36.7756034, 25.5274341 ], [ 36.7758115, 25.5270533 ], [ 36.7759102, 25.526675 ], [ 36.7758331, 25.526324 ], [ 36.775762, 25.5260769 ], [ 36.7757521, 25.525819 ], [ 36.7756971, 25.5255316 ], [ 36.7760208, 25.5253331 ], [ 36.7763994, 25.5251433 ] ] ] ] } },
{ "type": "Feature", "properties": { "FID": 54915, "id": 1561, "left": 35.0, "top": 30.0, "right": 40.0, "bottom": 25.0, "row_index": 12, "col_index": 43, "min_lon": 35.0, "min_lat": 25.0, "tile_id": "35_25" }, "geometry": { "type": "MultiPolygon", "coordinates": [ [ [ [ 36.8283323, 25.729108 ], [ 36.8286116, 25.7293696 ], [ 36.8288955, 25.7293738 ], [ 36.8289, 25.7291166 ], [ 36.8287144, 25.7290255 ], [ 36.8286256, 25.7285979 ], [ 36.8283417, 25.7285938 ], [ 36.8283323, 25.729108 ] ] ] ] } },
{ "type": "Feature", "properties": { "FID": 54916, "id": 1561, "left": 35.0, "top": 30.0, "right": 40.0, "bottom": 25.0, "row_index": 12, "col_index": 43, "min_lon": 35.0, "min_lat": 25.0, "tile_id": "35_25" }, "geometry": { "type": "MultiPolygon", "coordinates": [ [ [ [ 36.7562125, 25.6601041 ], [ 36.7564915, 25.6603655 ], [ 36.7566049, 25.6619108 ], [ 36.7574514, 25.6621811 ], [ 36.7575735, 25.6632119 ], [ 36.7584104, 25.6639964 ], [ 36.7592375, 25.6652954 ], [ 36.7596446, 25.6663306 ], [ 36.7610585, 25.6666095 ], [ 36.7610681, 25.6660953 ], [ 36.7639105, 25.6658815 ], [ 36.7642087, 25.6651143 ], [ 36.7653486, 25.6648745 ], [ 36.7659449, 25.6633402 ], [ 36.7650936, 25.6633274 ], [ 36.7650984, 25.6630701 ], [ 36.7639706, 25.6626664 ], [ 36.7634127, 25.6621435 ], [ 36.7625661, 25.6618732 ], [ 36.7614312, 25.6618558 ], [ 36.7597383, 25.6613154 ], [ 36.7595983, 25.661185 ], [ 36.7594665, 25.6606685 ], [ 36.7577712, 25.6602563 ], [ 36.7570734, 25.6596029 ], [ 36.7569417, 25.6590864 ], [ 36.7563741, 25.6590775 ], [ 36.7563838, 25.6585632 ], [ 36.7558162, 25.6585545 ], [ 36.7562125, 25.6601041 ] ] ] ] } },
{ "type": "Feature", "properties": { "FID": 54917, "id": 1561, "left": 35.0, "top": 30.0, "right": 40.0, "bottom": 25.0, "row_index": 12, "col_index": 43, "min_lon": 35.0, "min_lat": 25.0, "tile_id": "35_25" }, "geometry": { "type": "MultiPolygon", "coordinates": [ [ [ [ 36.6636585, 25.574023 ], [ 36.6635147, 25.5741488 ], [ 36.6629452, 25.5742687 ], [ 36.6629301, 25.5750402 ], [ 36.6637857, 25.5747965 ], [ 36.6637957, 25.5742823 ], [ 36.6646464, 25.5742959 ], [ 36.6647976, 25.5737839 ], [ 36.6646589, 25.5736525 ], [ 36.6638106, 25.5735108 ], [ 36.6636585, 25.574023 ] ] ] ] } },
{ "type": "Feature", "properties": { "FID": 54918, "id": 1561, "left": 35.0, "top": 30.0, "right": 40.0, "bottom": 25.0, "row_index": 12, "col_index": 43, "min_lon": 35.0, "min_lat": 25.0, "tile_id": "35_25" }, "geometry": { "type": "MultiPolygon", "coordinates": [ [ [ [ 36.9575508, 25.6128953 ], [ 36.9578345, 25.6128993 ], [ 36.9578389, 25.6126421 ], [ 36.9575552, 25.6126381 ], [ 36.9575508, 25.6128953 ] ] ] ] } },
{ "type": "Feature", "properties": { "FID": 54919, "id": 1561, "left": 35.0, "top": 30.0, "right": 40.0, "bottom": 25.0, "row_index": 12, "col_index": 43, "min_lon": 35.0, "min_lat": 25.0, "tile_id": "35_25" }, "geometry": { "type": "MultiPolygon", "coordinates": [ [ [ [ 36.5788969, 25.7197735 ], [ 36.5785765, 25.7215688 ], [ 36.5794333, 25.7213258 ], [ 36.5797328, 25.7205592 ], [ 36.579449, 25.7205545 ], [ 36.5794541, 25.7202972 ], [ 36.5800218, 25.7203067 ], [ 36.5800375, 25.7195354 ], [ 36.5788969, 25.7197735 ] ] ] ] } },
{ "type": "Feature", "properties": { "FID": 54920, "id": 1561, "left": 35.0, "top": 30.0, "right": 40.0, "bottom": 25.0, "row_index": 12, "col_index": 43, "min_lon": 35.0, "min_lat": 25.0, "tile_id": "35_25" }, "geometry": { "type": "MultiPolygon", "coordinates": [ [ [ [ 36.6012924, 25.7003383 ], [ 36.6004255, 25.7010956 ], [ 36.5999744, 25.7023742 ], [ 36.6005395, 25.7025118 ], [ 36.6008182, 25.7027735 ], [ 36.6013832, 25.7029119 ], [ 36.6016361, 25.7044594 ], [ 36.6022038, 25.7044687 ], [ 36.6023607, 25.7036996 ], [ 36.6026497, 25.7034471 ], [ 36.6028024, 25.7029351 ], [ 36.6025185, 25.7029306 ], [ 36.6025391, 25.7019021 ], [ 36.602823, 25.7019066 ], [ 36.6025597, 25.7008735 ], [ 36.6034162, 25.7006303 ], [ 36.6034368, 25.6996017 ], [ 36.6028719, 25.6994634 ], [ 36.6027321, 25.699333 ], [ 36.6026062, 25.6985592 ], [ 36.6017598, 25.6982882 ], [ 36.6012924, 25.7003383 ] ] ] ] } },
{ "type": "Feature", "properties": { "FID": 54921, "id": 1561, "left": 35.0, "top": 30.0, "right": 40.0, "bottom": 25.0, "row_index": 12, "col_index": 43, "min_lon": 35.0, "min_lat": 25.0, "tile_id": "35_25" }, "geometry": { "type": "MultiPolygon", "coordinates": [ [ [ [ 36.9424486, 25.566891 ], [ 36.9430158, 25.566899 ], [ 36.9434494, 25.5663906 ], [ 36.9436049, 25.565621 ], [ 36.9427542, 25.5656091 ], [ 36.9427586, 25.5653518 ], [ 36.9421959, 25.5650867 ], [ 36.9424486, 25.566891 ] ] ] ] } },
{ "type": "Feature", "properties": { "FID": 54922, "id": 1561, "left": 35.0, "top": 30.0, "right": 40.0, "bottom": 25.0, "row_index": 12, "col_index": 43, "min_lon": 35.0, "min_lat": 25.0, "tile_id": "35_25" }, "geometry": { "type": "MultiPolygon", "coordinates": [ [ [ [ 36.7871465, 25.7140827 ], [ 36.7871369, 25.714597 ], [ 36.7877047, 25.7146057 ], [ 36.7880029, 25.7138385 ], [ 36.7871465, 25.7140827 ] ] ] ] } },
{ "type": "Feature", "properties": { "FID": 54923, "id": 1561, "left": 35.0, "top": 30.0, "right": 40.0, "bottom": 25.0, "row_index": 12, "col_index": 43, "min_lon": 35.0, "min_lat": 25.0, "tile_id": "35_25" }, "geometry": { "type": "MultiPolygon", "coordinates": [ [ [ [ 36.6067468, 26.0569284 ], [ 36.6070314, 26.0569331 ], [ 36.6073267, 26.0564237 ], [ 36.6067572, 26.0564143 ], [ 36.6067468, 26.0569284 ] ] ] ] } },
{ "type": "Feature", "properties": { "FID": 54924, "id": 1561, "left": 35.0, "top": 30.0, "right": 40.0, "bottom": 25.0, "row_index": 12, "col_index": 43, "min_lon": 35.0, "min_lat": 25.0, "tile_id": "35_25" }, "geometry": { "type": "MultiPolygon", "coordinates": [ [ [ [ 36.7145429, 25.5604216 ], [ 36.7148264, 25.5604261 ], [ 36.7151198, 25.5599162 ], [ 36.7145528, 25.5599073 ], [ 36.7145429, 25.5604216 ] ] ] ] } },
{ "type": "Feature", "properties": { "FID": 54925, "id": 1561, "left": 35.0, "top": 30.0, "right": 40.0, "bottom": 25.0, "row_index": 12, "col_index": 43, "min_lon": 35.0, "min_lat": 25.0, "tile_id": "35_25" }, "geometry": { "type": "MultiPolygon", "coordinates": [ [ [ [ 36.9454781, 25.5888009 ], [ 36.9449086, 25.5889211 ], [ 36.9447642, 25.5890481 ], [ 36.9447553, 25.5895625 ], [ 36.9441749, 25.5903261 ], [ 36.9441662, 25.5908406 ], [ 36.944441, 25.5913588 ], [ 36.9444278, 25.5921305 ], [ 36.9448449, 25.5926508 ], [ 36.9442777, 25.5926429 ], [ 36.9441553, 25.5940963 ], [ 36.9439676, 25.5941821 ], [ 36.9439589, 25.5946965 ], [ 36.9436752, 25.5946926 ], [ 36.9436665, 25.5952068 ], [ 36.94395, 25.5952108 ], [ 36.9443463, 25.5942751 ], [ 36.944535, 25.59419 ], [ 36.9446894, 25.5934204 ], [ 36.9449774, 25.5931672 ], [ 36.9458591, 25.5913788 ], [ 36.9460147, 25.5906092 ], [ 36.9454473, 25.5906013 ], [ 36.9457442, 25.5898336 ], [ 36.9468831, 25.5895924 ], [ 36.9470286, 25.5893371 ], [ 36.9470375, 25.5888228 ], [ 36.9466191, 25.5884306 ], [ 36.945487, 25.5882864 ], [ 36.9454781, 25.5888009 ] ] ] ] } },
{ "type": "Feature", "properties": { "FID": 54926, "id": 1561, "left": 35.0, "top": 30.0, "right": 40.0, "bottom": 25.0, "row_index": 12, "col_index": 43, "min_lon": 35.0, "min_lat": 25.0, "tile_id": "35_25" }, "geometry": { "type": "MultiPolygon", "coordinates": [ [ [ [ 36.442286, 26.1558254 ], [ 36.44142, 26.1563244 ], [ 36.4402722, 26.1566901 ], [ 36.4402665, 26.1569473 ], [ 36.4414088, 26.1568385 ], [ 36.4425651, 26.1560876 ], [ 36.4431376, 26.1559697 ], [ 36.4431433, 26.1557124 ], [ 36.442286, 26.1558254 ] ] ] ] } },
{ "type": "Feature", "properties": { "FID": 54927, "id": 1561, "left": 35.0, "top": 30.0, "right": 40.0, "bottom": 25.0, "row_index": 12, "col_index": 43, "min_lon": 35.0, "min_lat": 25.0, "tile_id": "35_25" }, "geometry": { "type": "MultiPolygon", "coordinates": [ [ [ [ 36.7309389, 25.558016 ], [ 36.7301842, 25.5580927 ], [ 36.7301795, 25.5583498 ], [ 36.7307391, 25.558744 ], [ 36.7313038, 25.5588818 ], [ 36.7313086, 25.5586246 ], [ 36.7310251, 25.5586202 ], [ 36.7311296, 25.558195 ], [ 36.7313184, 25.5581103 ], [ 36.7313231, 25.5578531 ], [ 36.7310396, 25.5578487 ], [ 36.7309389, 25.558016 ] ] ] ] } },
{ "type": "Feature", "properties": { "FID": 54928, "id": 1561, "left": 35.0, "top": 30.0, "right": 40.0, "bottom": 25.0, "row_index": 12, "col_index": 43, "min_lon": 35.0, "min_lat": 25.0, "tile_id": "35_25" }, "geometry": { "type": "MultiPolygon", "coordinates": [ [ [ [ 36.7151343, 25.5591447 ], [ 36.7151247, 25.559659 ], [ 36.7156843, 25.560053 ], [ 36.7165324, 25.5601953 ], [ 36.7166785, 25.5599404 ], [ 36.7166932, 25.5591691 ], [ 36.7165543, 25.5590377 ], [ 36.7162708, 25.5590334 ], [ 36.7151343, 25.5591447 ] ] ] ] } },
{ "type": "Feature", "properties": { "FID": 54929, "id": 1561, "left": 35.0, "top": 30.0, "right": 40.0, "bottom": 25.0, "row_index": 12, "col_index": 43, "min_lon": 35.0, "min_lat": 25.0, "tile_id": "35_25" }, "geometry": { "type": "MultiPolygon", "coordinates": [ [ [ [ 36.9091472, 25.5736221 ], [ 36.90858, 25.573614 ], [ 36.9092615, 25.5751674 ], [ 36.9092438, 25.5761961 ], [ 36.9089557, 25.5764492 ], [ 36.9088055, 25.5769615 ], [ 36.9096518, 25.577231 ], [ 36.9096427, 25.5777453 ], [ 36.9085063, 25.5778574 ], [ 36.9079279, 25.5784926 ], [ 36.9093435, 25.578641 ], [ 36.9099041, 25.5790354 ], [ 36.9101965, 25.5785251 ], [ 36.909913, 25.578521 ], [ 36.9099174, 25.5782637 ], [ 36.9104845, 25.5782719 ], [ 36.9106662, 25.5759593 ], [ 36.9101124, 25.5751795 ], [ 36.9095675, 25.5738854 ], [ 36.9100336, 25.5715767 ], [ 36.9097501, 25.5715728 ], [ 36.9091472, 25.5736221 ] ] ] ] } },
{ "type": "Feature", "properties": { "FID": 54930, "id": 1561, "left": 35.0, "top": 30.0, "right": 40.0, "bottom": 25.0, "row_index": 12, "col_index": 43, "min_lon": 35.0, "min_lat": 25.0, "tile_id": "35_25" }, "geometry": { "type": "MultiPolygon", "coordinates": [ [ [ [ 36.7001291, 26.0288664 ], [ 36.700119, 26.0293807 ], [ 36.7006883, 26.0293897 ], [ 36.7007034, 26.0286182 ], [ 36.7001291, 26.0288664 ] ] ] ] } },
{ "type": "Feature", "properties": { "FID": 54931, "id": 1561, "left": 35.0, "top": 30.0, "right": 40.0, "bottom": 25.0, "row_index": 12, "col_index": 43, "min_lon": 35.0, "min_lat": 25.0, "tile_id": "35_25" }, "geometry": { "type": "MultiPolygon", "coordinates": [ [ [ [ 36.7653594, 25.6947146 ], [ 36.76592, 25.6951085 ], [ 36.7664853, 25.6952462 ], [ 36.7669009, 25.6957671 ], [ 36.7670337, 25.6962837 ], [ 36.7675966, 25.6965494 ], [ 36.7676157, 25.6955209 ], [ 36.767332, 25.6955165 ], [ 36.7673367, 25.6952593 ], [ 36.7676206, 25.6952636 ], [ 36.7673607, 25.6939735 ], [ 36.7667929, 25.6939648 ], [ 36.7666697, 25.692934 ], [ 36.7665308, 25.6928027 ], [ 36.7645559, 25.6921298 ], [ 36.7653594, 25.6947146 ] ] ] ] } },
{ "type": "Feature", "properties": { "FID": 54932, "id": 1561, "left": 35.0, "top": 30.0, "right": 40.0, "bottom": 25.0, "row_index": 12, "col_index": 43, "min_lon": 35.0, "min_lat": 25.0, "tile_id": "35_25" }, "geometry": { "type": "MultiPolygon", "coordinates": [ [ [ [ 36.8004393, 25.70155 ], [ 36.8001484, 25.7019319 ], [ 36.8018301, 25.7031145 ], [ 36.8032424, 25.7035222 ], [ 36.8032471, 25.7032649 ], [ 36.8029632, 25.7032606 ], [ 36.8029774, 25.7024891 ], [ 36.8015793, 25.7013099 ], [ 36.8010118, 25.7013014 ], [ 36.8004393, 25.70155 ] ] ] ] } },
{ "type": "Feature", "properties": { "FID": 54933, "id": 1561, "left": 35.0, "top": 30.0, "right": 40.0, "bottom": 25.0, "row_index": 12, "col_index": 43, "min_lon": 35.0, "min_lat": 25.0, "tile_id": "35_25" }, "geometry": { "type": "MultiPolygon", "coordinates": [ [ [ [ 36.9421122, 25.6113924 ], [ 36.9419685, 25.6115187 ], [ 36.9408274, 25.6118889 ], [ 36.9412435, 25.6124092 ], [ 36.9412392, 25.6126665 ], [ 36.9408075, 25.6130458 ], [ 36.9390988, 25.6134081 ], [ 36.9395019, 25.6147001 ], [ 36.9392004, 25.6157249 ], [ 36.9389124, 25.6159779 ], [ 36.9390458, 25.6164945 ], [ 36.9381948, 25.6164824 ], [ 36.9381861, 25.6169968 ], [ 36.9396, 25.6172739 ], [ 36.9396043, 25.6170169 ], [ 36.9393208, 25.6170127 ], [ 36.9393252, 25.6167557 ], [ 36.9413154, 25.6165264 ], [ 36.9417536, 25.6157608 ], [ 36.9426178, 25.6150012 ], [ 36.942769, 25.6144888 ], [ 36.9433363, 25.6144967 ], [ 36.9439345, 25.6127045 ], [ 36.9453617, 25.6122098 ], [ 36.945366, 25.6119528 ], [ 36.9436663, 25.6117997 ], [ 36.9431033, 25.6115345 ], [ 36.9422634, 25.61088 ], [ 36.9421122, 25.6113924 ] ] ] ] } },
{ "type": "Feature", "properties": { "FID": 54934, "id": 1561, "left": 35.0, "top": 30.0, "right": 40.0, "bottom": 25.0, "row_index": 12, "col_index": 43, "min_lon": 35.0, "min_lat": 25.0, "tile_id": "35_25" }, "geometry": { "type": "MultiPolygon", "coordinates": [ [ [ [ 36.6425725, 25.7233902 ], [ 36.6429785, 25.7244258 ], [ 36.6426946, 25.7244212 ], [ 36.6426795, 25.7251925 ], [ 36.6435438, 25.724563 ], [ 36.644114, 25.7244441 ], [ 36.6441342, 25.7234156 ], [ 36.6435615, 25.7236635 ], [ 36.6434292, 25.723147 ], [ 36.6427301, 25.7226212 ], [ 36.6425725, 25.7233902 ] ] ] ] } },
{ "type": "Feature", "properties": { "FID": 54935, "id": 1561, "left": 35.0, "top": 30.0, "right": 40.0, "bottom": 25.0, "row_index": 12, "col_index": 43, "min_lon": 35.0, "min_lat": 25.0, "tile_id": "35_25" }, "geometry": { "type": "MultiPolygon", "coordinates": [ [ [ [ 36.6415391, 25.6822177 ], [ 36.6423829, 25.6826167 ], [ 36.6440881, 25.682516 ], [ 36.644093, 25.6822589 ], [ 36.6438093, 25.6822544 ], [ 36.6438144, 25.6819972 ], [ 36.6429756, 25.6813402 ], [ 36.6418483, 25.6809365 ], [ 36.6418583, 25.6804222 ], [ 36.6412907, 25.680413 ], [ 36.6415391, 25.6822177 ] ] ] ] } },
{ "type": "Feature", "properties": { "FID": 54936, "id": 1561, "left": 35.0, "top": 30.0, "right": 40.0, "bottom": 25.0, "row_index": 12, "col_index": 43, "min_lon": 35.0, "min_lat": 25.0, "tile_id": "35_25" }, "geometry": { "type": "MultiPolygon", "coordinates": [ [ [ [ 36.7376382, 25.7493352 ], [ 36.7382061, 25.7493441 ], [ 36.738211, 25.7490869 ], [ 36.737927, 25.7490825 ], [ 36.7379319, 25.7488253 ], [ 36.7376478, 25.7488209 ], [ 36.7376382, 25.7493352 ] ] ] ] } },
{ "type": "Feature", "properties": { "FID": 54937, "id": 1561, "left": 35.0, "top": 30.0, "right": 40.0, "bottom": 25.0, "row_index": 12, "col_index": 43, "min_lon": 35.0, "min_lat": 25.0, "tile_id": "35_25" }, "geometry": { "type": "MultiPolygon", "coordinates": [ [ [ [ 36.578975, 25.7159166 ], [ 36.5806727, 25.716202 ], [ 36.580678, 25.715945 ], [ 36.5795427, 25.7159261 ], [ 36.5795531, 25.7154118 ], [ 36.5789853, 25.7154023 ], [ 36.578975, 25.7159166 ] ] ] ] } },
{ "type": "Feature", "properties": { "FID": 54938, "id": 1561, "left": 35.0, "top": 30.0, "right": 40.0, "bottom": 25.0, "row_index": 12, "col_index": 43, "min_lon": 35.0, "min_lat": 25.0, "tile_id": "35_25" }, "geometry": { "type": "MultiPolygon", "coordinates": [ [ [ [ 36.5504898, 25.7272723 ], [ 36.5500436, 25.7282936 ], [ 36.5486163, 25.728655 ], [ 36.5480379, 25.7291596 ], [ 36.5471836, 25.7292744 ], [ 36.5467363, 25.7302955 ], [ 36.54573, 25.7309213 ], [ 36.5451596, 25.7310408 ], [ 36.5450014, 25.7318096 ], [ 36.5438501, 25.7325618 ], [ 36.5432611, 25.7335807 ], [ 36.5423936, 25.7343379 ], [ 36.5420939, 25.7351043 ], [ 36.5412317, 25.7356042 ], [ 36.5408949, 25.7381706 ], [ 36.5405949, 25.7389372 ], [ 36.5408523, 25.7402277 ], [ 36.5411311, 25.7404896 ], [ 36.5408259, 25.7415133 ], [ 36.5408153, 25.7420275 ], [ 36.5410939, 25.7422895 ], [ 36.5412984, 25.7461509 ], [ 36.5415717, 25.7466701 ], [ 36.5413811, 25.7559264 ], [ 36.5410918, 25.7561787 ], [ 36.5404923, 25.7577119 ], [ 36.5404709, 25.7587404 ], [ 36.5401553, 25.7602783 ], [ 36.5398659, 25.7605306 ], [ 36.5395556, 25.7618115 ], [ 36.5392557, 25.7625781 ], [ 36.5392398, 25.7633494 ], [ 36.5386295, 25.7653968 ], [ 36.5384401, 25.7677085 ], [ 36.5378724, 25.7676988 ], [ 36.5378457, 25.7689844 ], [ 36.5384137, 25.768994 ], [ 36.5384084, 25.7692511 ], [ 36.5378404, 25.7692414 ], [ 36.537814, 25.7705272 ], [ 36.537246, 25.7705176 ], [ 36.5369355, 25.7717982 ], [ 36.5375034, 25.7718079 ], [ 36.5377556, 25.7733554 ], [ 36.5383235, 25.773365 ], [ 36.5387223, 25.774658 ], [ 36.5392797, 25.7751817 ], [ 36.5393957, 25.7764697 ], [ 36.5399636, 25.7764794 ], [ 36.539937, 25.777765 ], [ 36.5405051, 25.7777746 ], [ 36.5407467, 25.7798364 ], [ 36.5415906, 25.7802359 ], [ 36.5421585, 25.7802456 ], [ 36.5424479, 25.7799933 ], [ 36.5430185, 25.7798748 ], [ 36.5437438, 25.7791154 ], [ 36.5438969, 25.7786036 ], [ 36.5444728, 25.7782271 ], [ 36.5453275, 25.7781133 ], [ 36.5456274, 25.7773467 ], [ 36.5447754, 25.7773323 ], [ 36.544786, 25.7768181 ], [ 36.5453539, 25.7768277 ], [ 36.54579, 25.7763206 ], [ 36.5453963, 25.7747706 ], [ 36.5459642, 25.7747803 ], [ 36.5459695, 25.774523 ], [ 36.5454016, 25.7745136 ], [ 36.5458958, 25.7711781 ], [ 36.5457597, 25.7709186 ], [ 36.5463277, 25.7709283 ], [ 36.5468007, 25.7686213 ], [ 36.5463122, 25.764755 ], [ 36.5468759, 25.7580768 ], [ 36.5474439, 25.7580865 ], [ 36.5473067, 25.757827 ], [ 36.5476382, 25.7555176 ], [ 36.5479274, 25.7552653 ], [ 36.5482324, 25.7542416 ], [ 36.5485216, 25.7539891 ], [ 36.5497155, 25.75118 ], [ 36.5500047, 25.7509277 ], [ 36.5500258, 25.7498992 ], [ 36.5503203, 25.7493896 ], [ 36.5503413, 25.7483613 ], [ 36.5497894, 25.7475803 ], [ 36.5499529, 25.7465543 ], [ 36.55081, 25.7463114 ], [ 36.5509672, 25.7455424 ], [ 36.5506885, 25.7452806 ], [ 36.5504205, 25.7445044 ], [ 36.5504363, 25.7437331 ], [ 36.5502974, 25.7436015 ], [ 36.5497323, 25.7434639 ], [ 36.5497429, 25.7429497 ], [ 36.5491778, 25.7428111 ], [ 36.5490379, 25.7426805 ], [ 36.5490695, 25.7411379 ], [ 36.5496478, 25.7406331 ], [ 36.5502367, 25.7396142 ], [ 36.5505524, 25.7380763 ], [ 36.5511517, 25.7365431 ], [ 36.5511834, 25.7350003 ], [ 36.5516361, 25.7337219 ], [ 36.5524824, 25.7339933 ], [ 36.5523664, 25.7327053 ], [ 36.5522275, 25.7325739 ], [ 36.5516624, 25.7324363 ], [ 36.5520982, 25.7319291 ], [ 36.5521035, 25.731672 ], [ 36.5518302, 25.731153 ], [ 36.5518724, 25.729096 ], [ 36.5523197, 25.7280746 ], [ 36.551752, 25.7280651 ], [ 36.55162, 25.7275484 ], [ 36.5512027, 25.7271551 ], [ 36.550635, 25.7271457 ], [ 36.5504898, 25.7272723 ] ] ] ] } },
{ "type": "Feature", "properties": { "FID": 54939, "id": 1561, "left": 35.0, "top": 30.0, "right": 40.0, "bottom": 25.0, "row_index": 12, "col_index": 43, "min_lon": 35.0, "min_lat": 25.0, "tile_id": "35_25" }, "geometry": { "type": "MultiPolygon", "coordinates": [ [ [ [ 36.7037465, 26.0258373 ], [ 36.7034468, 26.0266041 ], [ 36.7035596, 26.0281493 ], [ 36.703275, 26.0281448 ], [ 36.7032649, 26.0286591 ], [ 36.7038342, 26.0286679 ], [ 36.7045653, 26.0276507 ], [ 36.7045802, 26.0268794 ], [ 36.7041789, 26.0255869 ], [ 36.7037465, 26.0258373 ] ] ] ] } },
{ "type": "Feature", "properties": { "FID": 54940, "id": 1561, "left": 35.0, "top": 30.0, "right": 40.0, "bottom": 25.0, "row_index": 12, "col_index": 43, "min_lon": 35.0, "min_lat": 25.0, "tile_id": "35_25" }, "geometry": { "type": "MultiPolygon", "coordinates": [ [ [ [ 36.110301, 26.5977996 ], [ 36.1101079, 26.5979459 ], [ 36.1098826, 26.5982553 ], [ 36.1096418, 26.5985936 ], [ 36.1093663, 26.599365 ], [ 36.1093606, 26.599804 ], [ 36.1094373, 26.600066 ], [ 36.1095436, 26.6001805 ], [ 36.1096918, 26.6001622 ], [ 36.1097431, 26.6000588 ], [ 36.1097512, 26.5998238 ], [ 36.1097994, 26.5996847 ], [ 36.1102076, 26.5987344 ], [ 36.1104727, 26.5983536 ], [ 36.1107807, 26.5980139 ], [ 36.1109287, 26.5979051 ], [ 36.1109555, 26.5978619 ], [ 36.110926, 26.5977756 ], [ 36.1108321, 26.5977324 ], [ 36.1105817, 26.5977014 ], [ 36.110301, 26.5977996 ] ] ] ] } },
{ "type": "Feature", "properties": { "FID": 54941, "id": 1561, "left": 35.0, "top": 30.0, "right": 40.0, "bottom": 25.0, "row_index": 12, "col_index": 43, "min_lon": 35.0, "min_lat": 25.0, "tile_id": "35_25" }, "geometry": { "type": "MultiPolygon", "coordinates": [ [ [ [ 36.9600127, 25.526232 ], [ 36.9598695, 25.5263583 ], [ 36.9578765, 25.526845 ], [ 36.9574442, 25.5272252 ], [ 36.9571477, 25.527993 ], [ 36.9564286, 25.5286255 ], [ 36.9554293, 25.5289981 ], [ 36.9555629, 25.5295144 ], [ 36.9535784, 25.5294866 ], [ 36.9534013, 25.5315424 ], [ 36.9532579, 25.5316684 ], [ 36.9524053, 25.5317856 ], [ 36.9516612, 25.5338334 ], [ 36.951648, 25.5346049 ], [ 36.9513558, 25.5351154 ], [ 36.9510286, 25.5376836 ], [ 36.9507232, 25.5389655 ], [ 36.9502876, 25.5396021 ], [ 36.9497183, 25.5397232 ], [ 36.9495673, 25.5402356 ], [ 36.9484202, 25.5409914 ], [ 36.9482526, 25.5425325 ], [ 36.9488132, 25.5429258 ], [ 36.9516482, 25.5429655 ], [ 36.9522241, 25.5424592 ], [ 36.9527931, 25.542339 ], [ 36.9536612, 25.541322 ], [ 36.9533777, 25.541318 ], [ 36.9533864, 25.5408036 ], [ 36.9536699, 25.5408075 ], [ 36.9543913, 25.5400459 ], [ 36.9545421, 25.5395335 ], [ 36.9554036, 25.5389018 ], [ 36.9559729, 25.5387816 ], [ 36.9562738, 25.5377569 ], [ 36.956843, 25.5376357 ], [ 36.9571309, 25.5373825 ], [ 36.9579835, 25.5372661 ], [ 36.9581333, 25.5367537 ], [ 36.958709, 25.5362472 ], [ 36.9588644, 25.5354775 ], [ 36.9582974, 25.5354696 ], [ 36.9583017, 25.5352124 ], [ 36.9588753, 25.5348342 ], [ 36.9597236, 25.534975 ], [ 36.9598693, 25.5347198 ], [ 36.959754, 25.5331746 ], [ 36.9606111, 25.5328002 ], [ 36.9611868, 25.5322937 ], [ 36.9617559, 25.5321734 ], [ 36.9622023, 25.5308934 ], [ 36.9622154, 25.5301217 ], [ 36.9625119, 25.5293539 ], [ 36.9626759, 25.5280699 ], [ 36.9635263, 25.5280818 ], [ 36.9648232, 25.5268134 ], [ 36.9655497, 25.5257945 ], [ 36.9649806, 25.5259147 ], [ 36.9601638, 25.5257197 ], [ 36.9600127, 25.526232 ] ] ] ] } },
{ "type": "Feature", "properties": { "FID": 54942, "id": 1561, "left": 35.0, "top": 30.0, "right": 40.0, "bottom": 25.0, "row_index": 12, "col_index": 43, "min_lon": 35.0, "min_lat": 25.0, "tile_id": "35_25" }, "geometry": { "type": "MultiPolygon", "coordinates": [ [ [ [ 36.7099824, 25.5616365 ], [ 36.7105469, 25.5617735 ], [ 36.7113853, 25.5624301 ], [ 36.7114048, 25.5614015 ], [ 36.7108329, 25.5616497 ], [ 36.7108378, 25.5613927 ], [ 36.7099922, 25.5611222 ], [ 36.7099824, 25.5616365 ] ] ] ] } },
{ "type": "Feature", "properties": { "FID": 54943, "id": 1561, "left": 35.0, "top": 30.0, "right": 40.0, "bottom": 25.0, "row_index": 12, "col_index": 43, "min_lon": 35.0, "min_lat": 25.0, "tile_id": "35_25" }, "geometry": { "type": "MultiPolygon", "coordinates": [ [ [ [ 36.5738292, 25.7176316 ], [ 36.5732615, 25.7176221 ], [ 36.5732458, 25.7183934 ], [ 36.5741001, 25.7182787 ], [ 36.5743787, 25.7185405 ], [ 36.5766546, 25.7183211 ], [ 36.5769358, 25.7184549 ], [ 36.5769464, 25.7179406 ], [ 36.5777979, 25.7179548 ], [ 36.5778032, 25.7176977 ], [ 36.5763864, 25.717545 ], [ 36.5755558, 25.7165023 ], [ 36.5741443, 25.7160935 ], [ 36.5738292, 25.7176316 ] ] ] ] } },
{ "type": "Feature", "properties": { "FID": 54944, "id": 1561, "left": 35.0, "top": 30.0, "right": 40.0, "bottom": 25.0, "row_index": 12, "col_index": 43, "min_lon": 35.0, "min_lat": 25.0, "tile_id": "35_25" }, "geometry": { "type": "MultiPolygon", "coordinates": [ [ [ [ 36.8517433, 25.6193529 ], [ 36.8510278, 25.6197277 ], [ 36.849893, 25.6197111 ], [ 36.8496071, 25.619836 ], [ 36.8496025, 25.620093 ], [ 36.8515721, 25.621022 ], [ 36.8532742, 25.6210471 ], [ 36.8546995, 25.6206825 ], [ 36.854997, 25.6199152 ], [ 36.8558479, 25.6199277 ], [ 36.8558571, 25.6194132 ], [ 36.8535878, 25.6193799 ], [ 36.8535969, 25.6188657 ], [ 36.8533132, 25.6188615 ], [ 36.8533041, 25.6193758 ], [ 36.852453, 25.6193633 ], [ 36.8524623, 25.6188488 ], [ 36.8518949, 25.6188405 ], [ 36.8517433, 25.6193529 ] ] ] ] } },
{ "type": "Feature", "properties": { "FID": 54945, "id": 1561, "left": 35.0, "top": 30.0, "right": 40.0, "bottom": 25.0, "row_index": 12, "col_index": 43, "min_lon": 35.0, "min_lat": 25.0, "tile_id": "35_25" }, "geometry": { "type": "MultiPolygon", "coordinates": [ [ [ [ 36.6006589, 25.8799936 ], [ 36.6003747, 25.8799888 ], [ 36.5998114, 25.8797223 ], [ 36.5989587, 25.8797082 ], [ 36.5988135, 25.879835 ], [ 36.5989301, 25.8811228 ], [ 36.5997803, 25.8812651 ], [ 36.6000592, 25.8815269 ], [ 36.6020333, 25.8823313 ], [ 36.6023123, 25.8825931 ], [ 36.6037232, 25.883131 ], [ 36.6040023, 25.8833927 ], [ 36.6054132, 25.8839304 ], [ 36.6068318, 25.8840829 ], [ 36.607142, 25.8828019 ], [ 36.6068577, 25.8827972 ], [ 36.6068628, 25.8825401 ], [ 36.6065786, 25.8825354 ], [ 36.6063255, 25.8809879 ], [ 36.605757, 25.8809786 ], [ 36.6057466, 25.8814929 ], [ 36.6051807, 25.8813544 ], [ 36.6049018, 25.8810926 ], [ 36.6034831, 25.880941 ], [ 36.6034935, 25.8804267 ], [ 36.6026434, 25.8802837 ], [ 36.6018063, 25.8794982 ], [ 36.6015221, 25.8794935 ], [ 36.6006589, 25.8799936 ] ] ] ] } },
{ "type": "Feature", "properties": { "FID": 54946, "id": 1561, "left": 35.0, "top": 30.0, "right": 40.0, "bottom": 25.0, "row_index": 12, "col_index": 43, "min_lon": 35.0, "min_lat": 25.0, "tile_id": "35_25" }, "geometry": { "type": "MultiPolygon", "coordinates": [ [ [ [ 36.0267803, 26.9057107 ], [ 36.0276739, 26.904444 ], [ 36.0278579, 26.9029052 ], [ 36.0269948, 26.903015 ], [ 36.0268544, 26.902884 ], [ 36.0267249, 26.9023671 ], [ 36.0258685, 26.9022201 ], [ 36.0257281, 26.9020889 ], [ 36.0257483, 26.901318 ], [ 36.0252087, 26.9000211 ], [ 36.0246489, 26.8994951 ], [ 36.0246759, 26.8984671 ], [ 36.024396, 26.8982042 ], [ 36.0237239, 26.8965183 ], [ 36.0231541, 26.8963783 ], [ 36.0233238, 26.8953533 ], [ 36.0229112, 26.8947015 ], [ 36.0214985, 26.8939003 ], [ 36.0207916, 26.8935002 ], [ 36.0206623, 26.8929831 ], [ 36.0200925, 26.8928421 ], [ 36.0195329, 26.8923161 ], [ 36.0175266, 26.8922738 ], [ 36.0173796, 26.8923996 ], [ 36.0172233, 26.8929105 ], [ 36.0166535, 26.8927695 ], [ 36.0152002, 26.89351 ], [ 36.0134739, 26.8937308 ], [ 36.0124465, 26.8946092 ], [ 36.0117001, 26.89575 ], [ 36.0111235, 26.8958669 ], [ 36.0109663, 26.8963777 ], [ 36.0097996, 26.8971243 ], [ 36.008899, 26.898648 ], [ 36.008019, 26.8994006 ], [ 36.0070912, 26.9019521 ], [ 36.0067979, 26.9022029 ], [ 36.0064909, 26.9029678 ], [ 36.0059041, 26.9034696 ], [ 36.0055903, 26.9044913 ], [ 36.0047102, 26.9052439 ], [ 36.0039466, 26.9070275 ], [ 36.0033734, 26.9070152 ], [ 36.0035026, 26.9075323 ], [ 36.0032091, 26.9077831 ], [ 36.0029022, 26.908548 ], [ 36.0026087, 26.9087988 ], [ 36.0024524, 26.9093097 ], [ 36.0010192, 26.9092792 ], [ 36.0011485, 26.9097962 ], [ 36.0005616, 26.9102979 ], [ 36.0004051, 26.9108088 ], [ 36.0000001, 26.9108563 ], [ 35.9996797, 26.9109353 ], [ 35.9986998, 26.9118563 ], [ 35.9984335, 26.9126332 ], [ 35.9983518, 26.914949 ], [ 35.9980653, 26.9149551 ], [ 35.9980721, 26.9152121 ], [ 35.9986453, 26.9151998 ], [ 35.9990611, 26.9146769 ], [ 36.0000001, 26.9131586 ], [ 36.0004936, 26.9128676 ], [ 36.000651, 26.9123567 ], [ 36.0026642, 26.9121424 ], [ 36.0026779, 26.9116285 ], [ 36.002968, 26.9115057 ], [ 36.0043943, 26.9117931 ], [ 36.0052575, 26.9116833 ], [ 36.0052439, 26.9121972 ], [ 36.0063736, 26.9128634 ], [ 36.0072301, 26.9130107 ], [ 36.0074896, 26.9140447 ], [ 36.0083427, 26.9143199 ], [ 36.0083291, 26.9148338 ], [ 36.0089026, 26.9148459 ], [ 36.0089296, 26.9138181 ], [ 36.010373, 26.9134626 ], [ 36.0109598, 26.9129608 ], [ 36.0121199, 26.9124711 ], [ 36.0150033, 26.9118899 ], [ 36.015317, 26.910868 ], [ 36.0167636, 26.9103843 ], [ 36.0172203, 26.9093656 ], [ 36.0175136, 26.9091146 ], [ 36.0176708, 26.9086037 ], [ 36.0182441, 26.9086158 ], [ 36.0186871, 26.908111 ], [ 36.0188445, 26.9076002 ], [ 36.0225909, 26.9069079 ], [ 36.0226043, 26.906394 ], [ 36.0263372, 26.9062155 ], [ 36.0267803, 26.9057107 ] ] ] ] } },
{ "type": "Feature", "properties": { "FID": 54947, "id": 1561, "left": 35.0, "top": 30.0, "right": 40.0, "bottom": 25.0, "row_index": 12, "col_index": 43, "min_lon": 35.0, "min_lat": 25.0, "tile_id": "35_25" }, "geometry": { "type": "MultiPolygon", "coordinates": [ [ [ [ 36.9059383, 25.5787213 ], [ 36.9064065, 25.5788156 ], [ 36.906501, 25.5789867 ], [ 36.9056503, 25.5789746 ], [ 36.9053555, 25.579613 ], [ 36.904786, 25.579734 ], [ 36.9047905, 25.5794767 ], [ 36.904507, 25.5794726 ], [ 36.9045205, 25.5787011 ], [ 36.9039533, 25.578693 ], [ 36.9038019, 25.5792053 ], [ 36.9036584, 25.5793314 ], [ 36.9025218, 25.5794442 ], [ 36.9025084, 25.5802157 ], [ 36.903933, 25.5798498 ], [ 36.9056323, 25.5800033 ], [ 36.9057363, 25.5795779 ], [ 36.9067801, 25.5792479 ], [ 36.906789, 25.5787336 ], [ 36.9065099, 25.5784724 ], [ 36.9070771, 25.5784805 ], [ 36.9070861, 25.5779661 ], [ 36.9059518, 25.5779498 ], [ 36.9059383, 25.5787213 ] ] ] ] } },
{ "type": "Feature", "properties": { "FID": 54948, "id": 1561, "left": 35.0, "top": 30.0, "right": 40.0, "bottom": 25.0, "row_index": 12, "col_index": 43, "min_lon": 35.0, "min_lat": 25.0, "tile_id": "35_25" }, "geometry": { "type": "MultiPolygon", "coordinates": [ [ [ [ 36.4461956, 26.1529375 ], [ 36.4457464, 26.1539583 ], [ 36.4454616, 26.1539534 ], [ 36.4454502, 26.1544675 ], [ 36.4463049, 26.1544826 ], [ 36.4467596, 26.1532048 ], [ 36.4467821, 26.1521764 ], [ 36.4469307, 26.1519218 ], [ 36.4463608, 26.1519118 ], [ 36.4461956, 26.1529375 ] ] ] ] } },
{ "type": "Feature", "properties": { "FID": 54949, "id": 1561, "left": 35.0, "top": 30.0, "right": 40.0, "bottom": 25.0, "row_index": 12, "col_index": 43, "min_lon": 35.0, "min_lat": 25.0, "tile_id": "35_25" }, "geometry": { "type": "MultiPolygon", "coordinates": [ [ [ [ 36.7716612, 25.7222065 ], [ 36.7715164, 25.7223333 ], [ 36.7713652, 25.7228455 ], [ 36.7710814, 25.7228412 ], [ 36.7710766, 25.7230984 ], [ 36.7716397, 25.7233641 ], [ 36.7716491, 25.7228499 ], [ 36.7722171, 25.7228586 ], [ 36.7722314, 25.7220871 ], [ 36.7716612, 25.7222065 ] ] ] ] } },
{ "type": "Feature", "properties": { "FID": 54950, "id": 1561, "left": 35.0, "top": 30.0, "right": 40.0, "bottom": 25.0, "row_index": 12, "col_index": 43, "min_lon": 35.0, "min_lat": 25.0, "tile_id": "35_25" }, "geometry": { "type": "MultiPolygon", "coordinates": [ [ [ [ 36.9591288, 25.5868048 ], [ 36.958555, 25.5871832 ], [ 36.9585419, 25.5879547 ], [ 36.9593885, 25.5882239 ], [ 36.959822, 25.5877154 ], [ 36.9602654, 25.5866926 ], [ 36.9591288, 25.5868048 ] ] ] ] } },
{ "type": "Feature", "properties": { "FID": 54951, "id": 1561, "left": 35.0, "top": 30.0, "right": 40.0, "bottom": 25.0, "row_index": 12, "col_index": 43, "min_lon": 35.0, "min_lat": 25.0, "tile_id": "35_25" }, "geometry": { "type": "MultiPolygon", "coordinates": [ [ [ [ 36.5972558, 25.8795519 ], [ 36.5972454, 25.8800661 ], [ 36.5975296, 25.8800709 ], [ 36.5978296, 25.8793043 ], [ 36.5972558, 25.8795519 ] ] ] ] } },
{ "type": "Feature", "properties": { "FID": 54952, "id": 1561, "left": 35.0, "top": 30.0, "right": 40.0, "bottom": 25.0, "row_index": 12, "col_index": 43, "min_lon": 35.0, "min_lat": 25.0, "tile_id": "35_25" }, "geometry": { "type": "MultiPolygon", "coordinates": [ [ [ [ 36.5228074, 25.6722754 ], [ 36.52224, 25.6722657 ], [ 36.5222294, 25.67278 ], [ 36.5213781, 25.6727654 ], [ 36.5213676, 25.6732797 ], [ 36.5208, 25.6732701 ], [ 36.5204791, 25.675065 ], [ 36.5210385, 25.67546 ], [ 36.5218871, 25.6756035 ], [ 36.5220124, 25.6763772 ], [ 36.5227011, 25.6774177 ], [ 36.5224173, 25.677413 ], [ 36.522412, 25.67767 ], [ 36.5229769, 25.6778078 ], [ 36.523844, 25.6770508 ], [ 36.5249948, 25.6762988 ], [ 36.5261324, 25.6761899 ], [ 36.5263005, 25.6749068 ], [ 36.5265947, 25.6743973 ], [ 36.5266214, 25.6731117 ], [ 36.5269104, 25.6728594 ], [ 36.5270633, 25.6723476 ], [ 36.5259259, 25.6724564 ], [ 36.5249455, 25.6717972 ], [ 36.5248147, 25.6712807 ], [ 36.5239637, 25.6712661 ], [ 36.5239742, 25.6707518 ], [ 36.5234069, 25.6707422 ], [ 36.5228074, 25.6722754 ] ] ] ] } },
{ "type": "Feature", "properties": { "FID": 54953, "id": 1561, "left": 35.0, "top": 30.0, "right": 40.0, "bottom": 25.0, "row_index": 12, "col_index": 43, "min_lon": 35.0, "min_lat": 25.0, "tile_id": "35_25" }, "geometry": { "type": "MultiPolygon", "coordinates": [ [ [ [ 36.219306, 26.6394307 ], [ 36.2192413, 26.639522 ], [ 36.2191407, 26.6395884 ], [ 36.2189883, 26.6397278 ], [ 36.2188981, 26.6398029 ], [ 36.2188, 26.6399029 ], [ 36.2185963, 26.6401223 ], [ 36.2184327, 26.6402979 ], [ 36.2183408, 26.6402918 ], [ 36.2182971, 26.6403717 ], [ 36.2181823, 26.6403996 ], [ 36.2181282, 26.6404365 ], [ 36.21804, 26.6405333 ], [ 36.2179307, 26.6406049 ], [ 36.2179285, 26.6406735 ], [ 36.2179593, 26.6407131 ], [ 36.2179236, 26.6407519 ], [ 36.2178913, 26.6407445 ], [ 36.2178437, 26.6407819 ], [ 36.217859, 26.6408408 ], [ 36.2177951, 26.6408616 ], [ 36.2177288, 26.640878 ], [ 36.2176901, 26.6409171 ], [ 36.2176879, 26.640959 ], [ 36.2176225, 26.6409829 ], [ 36.2175694, 26.6410557 ], [ 36.2175315, 26.6411449 ], [ 36.2174866, 26.6412431 ], [ 36.2174885, 26.6413112 ], [ 36.2174265, 26.6414638 ], [ 36.2174762, 26.6415093 ], [ 36.217532, 26.6415603 ], [ 36.2175986, 26.6415698 ], [ 36.2176648, 26.6415514 ], [ 36.2177149, 26.6415655 ], [ 36.2177528, 26.6415952 ], [ 36.2177923, 26.6416518 ], [ 36.2178013, 26.6417084 ], [ 36.2178073, 26.6417759 ], [ 36.2177959, 26.6418173 ], [ 36.2177493, 26.6418352 ], [ 36.2177721, 26.6418745 ], [ 36.2178453, 26.6419026 ], [ 36.2178941, 26.6419126 ], [ 36.2180221, 26.6418845 ], [ 36.2180912, 26.6418308 ], [ 36.2181501, 26.6417277 ], [ 36.2182273, 26.6416246 ], [ 36.2182832, 26.6415842 ], [ 36.2183695, 26.6415819 ], [ 36.218409, 26.6415468 ], [ 36.2184614, 26.6415208 ], [ 36.2185135, 26.6414875 ], [ 36.2185899, 26.641427 ], [ 36.2186895, 26.6413932 ], [ 36.2187951, 26.6413539 ], [ 36.2188275, 26.6413174 ], [ 36.21886, 26.6412428 ], [ 36.2189092, 26.6412123 ], [ 36.2189381, 26.6412418 ], [ 36.2189889, 26.6411971 ], [ 36.2190644, 26.6411596 ], [ 36.2190854, 26.6411172 ], [ 36.2190748, 26.6410829 ], [ 36.2191026, 26.6410639 ], [ 36.2191363, 26.6410916 ], [ 36.2192058, 26.6410467 ], [ 36.219257, 26.6410563 ], [ 36.219352, 26.6410401 ], [ 36.2193645, 26.6409966 ], [ 36.219377, 26.6409684 ], [ 36.2194013, 26.6409557 ], [ 36.2194319, 26.6409585 ], [ 36.2194571, 26.6409546 ], [ 36.2195023, 26.6409477 ], [ 36.2195456, 26.640926 ], [ 36.2195909, 26.6409423 ], [ 36.2196434, 26.6408633 ], [ 36.2196575, 26.640802 ], [ 36.2196801, 26.6407738 ], [ 36.2197172, 26.6407591 ], [ 36.2197438, 26.6407768 ], [ 36.2197874, 26.6407653 ], [ 36.2198104, 26.6406703 ], [ 36.2198269, 26.6406306 ], [ 36.2198578, 26.6405971 ], [ 36.2198978, 26.6406141 ], [ 36.2199808, 26.6405228 ], [ 36.2199847, 26.6404838 ], [ 36.2199689, 26.6404702 ], [ 36.2199721, 26.6404095 ], [ 36.2199886, 26.6404449 ], [ 36.2200442, 26.6404382 ], [ 36.220054, 26.6403673 ], [ 36.2200329, 26.6403347 ], [ 36.2199868, 26.6403536 ], [ 36.2199577, 26.6403253 ], [ 36.2199878, 26.6402985 ], [ 36.2199934, 26.6401976 ], [ 36.2200485, 26.6401848 ], [ 36.2200509, 26.6401483 ], [ 36.2200833, 26.6400941 ], [ 36.2201754, 26.6399864 ], [ 36.2201337, 26.6399531 ], [ 36.2201657, 26.6399061 ], [ 36.2201977, 26.6398413 ], [ 36.2201728, 26.6397804 ], [ 36.220132, 26.6397445 ], [ 36.220147, 26.6396871 ], [ 36.220162, 26.6395906 ], [ 36.2202039, 26.6396121 ], [ 36.2202119, 26.6395588 ], [ 36.2201551, 26.6395482 ], [ 36.2201507, 26.6395055 ], [ 36.2201286, 26.639477 ], [ 36.2200986, 26.6394236 ], [ 36.2200945, 26.6393737 ], [ 36.2200704, 26.6393024 ], [ 36.2200248, 26.6392664 ], [ 36.2200299, 26.6392287 ], [ 36.2199967, 26.6392031 ], [ 36.2200058, 26.6391587 ], [ 36.2200395, 26.639103 ], [ 36.2200412, 26.6390481 ], [ 36.2200271, 26.6389861 ], [ 36.2199996, 26.6389453 ], [ 36.2199403, 26.6389315 ], [ 36.2199369, 26.6388465 ], [ 36.2199023, 26.6387156 ], [ 36.2198063, 26.6387381 ], [ 36.2197904, 26.6389265 ], [ 36.2197624, 26.6389512 ], [ 36.2197186, 26.6389655 ], [ 36.2196946, 26.638983 ], [ 36.2196837, 26.639038 ], [ 36.2196624, 26.6390787 ], [ 36.2196368, 26.6390894 ], [ 36.2195829, 26.6391459 ], [ 36.2195619, 26.6391912 ], [ 36.2195489, 26.6392365 ], [ 36.219306, 26.6394307 ] ] ] ] } },
{ "type": "Feature", "properties": { "FID": 54954, "id": 1561, "left": 35.0, "top": 30.0, "right": 40.0, "bottom": 25.0, "row_index": 12, "col_index": 43, "min_lon": 35.0, "min_lat": 25.0, "tile_id": "35_25" }, "geometry": { "type": "MultiPolygon", "coordinates": [ [ [ [ 36.9630933, 25.5107635 ], [ 36.9633078, 25.5097371 ], [ 36.9639301, 25.5091368 ], [ 36.9653892, 25.5085073 ], [ 36.9660544, 25.5084008 ], [ 36.9664943, 25.5080813 ], [ 36.9670844, 25.5065126 ], [ 36.967814, 25.5044404 ], [ 36.9687474, 25.5029104 ], [ 36.9693804, 25.5029589 ], [ 36.9703996, 25.5029976 ], [ 36.971215, 25.503414 ], [ 36.9721269, 25.5038885 ], [ 36.9737577, 25.5049343 ], [ 36.975367, 25.5059026 ], [ 36.9763434, 25.5063867 ], [ 36.9768369, 25.5065465 ], [ 36.9770408, 25.5067402 ], [ 36.9768316, 25.5067983 ], [ 36.9768369, 25.5068757 ], [ 36.9774002, 25.5067789 ], [ 36.9775987, 25.5067015 ], [ 36.977722, 25.5065707 ], [ 36.9779849, 25.5066676 ], [ 36.977942, 25.5067789 ], [ 36.9779634, 25.5069774 ], [ 36.9782209, 25.5072534 ], [ 36.9782799, 25.5072243 ], [ 36.9780976, 25.5069968 ], [ 36.978237, 25.5069581 ], [ 36.9784677, 25.5069581 ], [ 36.9786555, 25.5070549 ], [ 36.9785374, 25.5072437 ], [ 36.9786018, 25.5072921 ], [ 36.9788378, 25.5070452 ], [ 36.9795513, 25.5072437 ], [ 36.9793904, 25.5075923 ], [ 36.979444, 25.5076359 ], [ 36.9795674, 25.5074809 ], [ 36.9797283, 25.5074761 ], [ 36.9800824, 25.5076117 ], [ 36.9803452, 25.5077569 ], [ 36.9804364, 25.5078925 ], [ 36.9801307, 25.507999 ], [ 36.9802326, 25.5080184 ], [ 36.9806617, 25.5079409 ], [ 36.9809514, 25.5076359 ], [ 36.9810533, 25.5072582 ], [ 36.9810373, 25.5069242 ], [ 36.9809407, 25.5067644 ], [ 36.9809407, 25.5069 ], [ 36.9808817, 25.5069484 ], [ 36.980592, 25.5069581 ], [ 36.9802701, 25.5067741 ], [ 36.9799697, 25.5063771 ], [ 36.9799697, 25.5061398 ], [ 36.9796371, 25.5069048 ], [ 36.9793099, 25.5068515 ], [ 36.9790041, 25.5067015 ], [ 36.9789612, 25.5065998 ], [ 36.9790095, 25.5063674 ], [ 36.9788539, 25.5064933 ], [ 36.978516, 25.5062512 ], [ 36.9785696, 25.5060769 ], [ 36.9783872, 25.5062512 ], [ 36.978178, 25.506348 ], [ 36.9780761, 25.5064594 ], [ 36.9778401, 25.5063674 ], [ 36.9778454, 25.5062802 ], [ 36.977824, 25.5060769 ], [ 36.9776416, 25.5058832 ], [ 36.9774485, 25.5058929 ], [ 36.9772231, 25.5057573 ], [ 36.9760966, 25.5042371 ], [ 36.9755602, 25.5037723 ], [ 36.974144, 25.5032687 ], [ 36.9735646, 25.5032494 ], [ 36.9727921, 25.5026877 ], [ 36.9722128, 25.5024941 ], [ 36.9713974, 25.501855 ], [ 36.9710541, 25.501855 ], [ 36.9704103, 25.5015063 ], [ 36.9700885, 25.5010222 ], [ 36.9700026, 25.5003443 ], [ 36.9707751, 25.499008 ], [ 36.9721699, 25.4980977 ], [ 36.9727278, 25.4973811 ], [ 36.9734359, 25.4971487 ], [ 36.9739079, 25.4973036 ], [ 36.9742298, 25.497691 ], [ 36.9753885, 25.4980202 ], [ 36.9765299, 25.4981267 ], [ 36.9770539, 25.497902 ], [ 36.9773671, 25.4974016 ], [ 36.9790914, 25.49601 ], [ 36.9807916, 25.4960332 ], [ 36.9816291, 25.4968167 ], [ 36.983046, 25.4968361 ], [ 36.9841925, 25.4960801 ], [ 36.9847615, 25.4959597 ], [ 36.9851947, 25.4954511 ], [ 36.9850878, 25.4933916 ], [ 36.9862257, 25.4931501 ], [ 36.9858086, 25.4926297 ], [ 36.9856761, 25.4921134 ], [ 36.9836901, 25.4922143 ], [ 36.9831148, 25.4927208 ], [ 36.9821159, 25.4930935 ], [ 36.981966, 25.4936059 ], [ 36.9811138, 25.4937223 ], [ 36.980255, 25.4942251 ], [ 36.9791235, 25.4940813 ], [ 36.97899, 25.4935649 ], [ 36.9788509, 25.4934339 ], [ 36.9785674, 25.49343 ], [ 36.9779921, 25.4939367 ], [ 36.9765708, 25.4941742 ], [ 36.9755892, 25.493518 ], [ 36.9754565, 25.4930017 ], [ 36.9748899, 25.4929937 ], [ 36.9749027, 25.4922223 ], [ 36.9740503, 25.4923387 ], [ 36.9737627, 25.4925919 ], [ 36.9720624, 25.4925683 ], [ 36.9703533, 25.4930593 ], [ 36.9700657, 25.4933126 ], [ 36.9692112, 25.4935579 ], [ 36.968348, 25.4943179 ], [ 36.9673492, 25.4946904 ], [ 36.9674826, 25.4952068 ], [ 36.9615117, 25.496281 ], [ 36.961224, 25.4965343 ], [ 36.9595213, 25.4966397 ], [ 36.9593705, 25.4971521 ], [ 36.9589394, 25.4975316 ], [ 36.9580891, 25.4975197 ], [ 36.9578014, 25.497773 ], [ 36.9575179, 25.497769 ], [ 36.957239, 25.497508 ], [ 36.9552552, 25.4974802 ], [ 36.9546928, 25.4972151 ], [ 36.9487414, 25.4971319 ], [ 36.9481832, 25.4966097 ], [ 36.9464807, 25.496715 ], [ 36.9463297, 25.4972273 ], [ 36.9461863, 25.4973534 ], [ 36.941652, 25.4972899 ], [ 36.9410785, 25.4976681 ], [ 36.9411866, 25.4969854 ], [ 36.9413751, 25.4969006 ], [ 36.9418085, 25.4963922 ], [ 36.9419595, 25.4958798 ], [ 36.9408215, 25.4961209 ], [ 36.9409958, 25.4968068 ], [ 36.9402415, 25.4968847 ], [ 36.9402284, 25.4976562 ], [ 36.9407952, 25.4976641 ], [ 36.941211, 25.4981846 ], [ 36.9411935, 25.4992134 ], [ 36.9411759, 25.5002423 ], [ 36.9414242, 25.5023037 ], [ 36.9419691, 25.5035978 ], [ 36.9420806, 25.5054001 ], [ 36.9426474, 25.505408 ], [ 36.9427756, 25.5061816 ], [ 36.9437242, 25.5087677 ], [ 36.9459587, 25.510728 ], [ 36.9468047, 25.5109971 ], [ 36.9470836, 25.5112583 ], [ 36.9476506, 25.5112663 ], [ 36.9484877, 25.5120497 ], [ 36.9490524, 25.5121867 ], [ 36.949314, 25.5134768 ], [ 36.9498788, 25.5136129 ], [ 36.950716, 25.5143963 ], [ 36.9526892, 25.5150674 ], [ 36.9529901, 25.5140427 ], [ 36.954139, 25.5131578 ], [ 36.9592496, 25.5127146 ], [ 36.9595374, 25.5124613 ], [ 36.9603921, 25.512216 ], [ 36.9609676, 25.5117095 ], [ 36.9625075, 25.511383 ], [ 36.9630933, 25.5107635 ] ] ] ] } },
{ "type": "Feature", "properties": { "FID": 54955, "id": 1561, "left": 35.0, "top": 30.0, "right": 40.0, "bottom": 25.0, "row_index": 12, "col_index": 43, "min_lon": 35.0, "min_lat": 25.0, "tile_id": "35_25" }, "geometry": { "type": "MultiPolygon", "coordinates": [ [ [ [ 36.9483188, 25.5885835 ], [ 36.948888, 25.5884624 ], [ 36.9491674, 25.5887236 ], [ 36.9508625, 25.5891337 ], [ 36.9512785, 25.589654 ], [ 36.9514121, 25.5901704 ], [ 36.9519793, 25.5901783 ], [ 36.9521163, 25.5904376 ], [ 36.9520901, 25.5919808 ], [ 36.9523692, 25.5922418 ], [ 36.9525028, 25.5927583 ], [ 36.9527886, 25.5926332 ], [ 36.9533537, 25.5927703 ], [ 36.9539428, 25.5914922 ], [ 36.9536591, 25.5914883 ], [ 36.9536635, 25.591231 ], [ 36.9539472, 25.591235 ], [ 36.9539559, 25.5907205 ], [ 36.9545297, 25.5903422 ], [ 36.9553828, 25.5902259 ], [ 36.9556795, 25.5894584 ], [ 36.9562467, 25.5894663 ], [ 36.9563925, 25.589211 ], [ 36.9564011, 25.5886967 ], [ 36.956262, 25.5885656 ], [ 36.9554112, 25.5885537 ], [ 36.9551233, 25.5888069 ], [ 36.9534216, 25.5887831 ], [ 36.9528587, 25.5885179 ], [ 36.9500269, 25.588221 ], [ 36.9496075, 25.5878298 ], [ 36.9494751, 25.5873134 ], [ 36.9486285, 25.5870443 ], [ 36.9483188, 25.5885835 ] ] ] ] } },
{ "type": "Feature", "properties": { "FID": 54956, "id": 1561, "left": 35.0, "top": 30.0, "right": 40.0, "bottom": 25.0, "row_index": 12, "col_index": 43, "min_lon": 35.0, "min_lat": 25.0, "tile_id": "35_25" }, "geometry": { "type": "MultiPolygon", "coordinates": [ [ [ [ 36.7950137, 25.5022323 ], [ 36.7953159, 25.5012079 ], [ 36.7950326, 25.5012037 ], [ 36.7950418, 25.5006893 ], [ 36.7964635, 25.5004534 ], [ 36.7966141, 25.4999412 ], [ 36.796761, 25.4996861 ], [ 36.7959131, 25.4995443 ], [ 36.7950607, 25.4996605 ], [ 36.7949092, 25.5001727 ], [ 36.7943329, 25.5006787 ], [ 36.7941683, 25.5019624 ], [ 36.7950137, 25.5022323 ] ] ] ] } },
{ "type": "Feature", "properties": { "FID": 54957, "id": 1561, "left": 35.0, "top": 30.0, "right": 40.0, "bottom": 25.0, "row_index": 12, "col_index": 43, "min_lon": 35.0, "min_lat": 25.0, "tile_id": "35_25" }, "geometry": { "type": "MultiPolygon", "coordinates": [ [ [ [ 36.7739269, 25.7345068 ], [ 36.7738413, 25.7345197 ], [ 36.7736762, 25.7346846 ], [ 36.7736434, 25.7346577 ], [ 36.7735932, 25.7346549 ], [ 36.7735654, 25.7348673 ], [ 36.7735095, 25.7349266 ], [ 36.7733433, 25.7349578 ], [ 36.7732267, 25.7351918 ], [ 36.773063, 25.7354091 ], [ 36.7728776, 25.7354437 ], [ 36.7728033, 25.7354814 ], [ 36.7726299, 25.7355389 ], [ 36.7722409, 25.7357654 ], [ 36.7720504, 25.7358432 ], [ 36.7719009, 25.7358788 ], [ 36.7717117, 25.7359767 ], [ 36.7715932, 25.7360761 ], [ 36.7713606, 25.7361899 ], [ 36.7710221, 25.7364139 ], [ 36.7709352, 25.7364347 ], [ 36.7705364, 25.7369076 ], [ 36.7703672, 25.7370378 ], [ 36.770286, 25.7370659 ], [ 36.7701432, 25.7372086 ], [ 36.7700675, 25.7371935 ], [ 36.7695885, 25.7376685 ], [ 36.7692708, 25.7378942 ], [ 36.7689462, 25.7379982 ], [ 36.7689092, 25.7380562 ], [ 36.768926, 25.7381425 ], [ 36.7689822, 25.738184 ], [ 36.7690116, 25.7381589 ], [ 36.7689691, 25.7381317 ], [ 36.7689789, 25.7380665 ], [ 36.7690334, 25.7380419 ], [ 36.7690917, 25.7379934 ], [ 36.7691692, 25.7380087 ], [ 36.7692077, 25.7379515 ], [ 36.7692936, 25.737935 ], [ 36.7696984, 25.7376437 ], [ 36.7700511, 25.7372681 ], [ 36.7701655, 25.7372784 ], [ 36.770293, 25.7371505 ], [ 36.770503, 25.7370299 ], [ 36.77056, 25.736985 ], [ 36.7706563, 25.7369953 ], [ 36.7708728, 25.7368371 ], [ 36.7710183, 25.7368091 ], [ 36.7711111, 25.7367465 ], [ 36.7712017, 25.7367382 ], [ 36.7712506, 25.7366586 ], [ 36.771362, 25.7366558 ], [ 36.7712851, 25.7366835 ], [ 36.7712617, 25.7367374 ], [ 36.7712939, 25.7367675 ], [ 36.7714308, 25.7367295 ], [ 36.771511, 25.7366406 ], [ 36.7716398, 25.736657 ], [ 36.7716821, 25.736636 ], [ 36.7716017, 25.7365722 ], [ 36.7716012, 25.7365105 ], [ 36.7715543, 25.7364772 ], [ 36.7713881, 25.7364632 ], [ 36.7712618, 25.7364586 ], [ 36.7711985, 25.7364334 ], [ 36.7711622, 25.7363838 ], [ 36.7713869, 25.7362279 ], [ 36.7716072, 25.7361328 ], [ 36.7716937, 25.7361358 ], [ 36.7720446, 25.7359993 ], [ 36.7721024, 25.7358935 ], [ 36.7721737, 25.7359894 ], [ 36.772164, 25.7360769 ], [ 36.7720758, 25.7361337 ], [ 36.7719616, 25.7361503 ], [ 36.7718389, 25.7362386 ], [ 36.7718863, 25.7362969 ], [ 36.7719216, 25.736285 ], [ 36.7719366, 25.7362366 ], [ 36.771959, 25.736268 ], [ 36.7719688, 25.7364116 ], [ 36.7720042, 25.7364603 ], [ 36.7721727, 25.7364195 ], [ 36.7722383, 25.7363541 ], [ 36.7723141, 25.7363209 ], [ 36.7724139, 25.7363228 ], [ 36.7724861, 25.7362538 ], [ 36.7724892, 25.7362074 ], [ 36.7724135, 25.7362297 ], [ 36.7723559, 25.7361952 ], [ 36.7723238, 25.7361222 ], [ 36.7723526, 25.7360569 ], [ 36.7724285, 25.7360114 ], [ 36.772539, 25.735983 ], [ 36.7726113, 25.736058 ], [ 36.772602, 25.7359659 ], [ 36.7726827, 25.735938 ], [ 36.7726919, 25.7359087 ], [ 36.7726669, 25.7358832 ], [ 36.7728331, 25.7357493 ], [ 36.7729982, 25.7356717 ], [ 36.7732021, 25.7356687 ], [ 36.7734115, 25.7356137 ], [ 36.7735234, 25.7355367 ], [ 36.7735259, 25.7354513 ], [ 36.7737255, 25.7352798 ], [ 36.77366, 25.7352411 ], [ 36.7736119, 25.7352853 ], [ 36.7735256, 25.7353174 ], [ 36.7735423, 25.7352207 ], [ 36.7734154, 25.7352259 ], [ 36.7735636, 25.7350632 ], [ 36.7736518, 25.7348306 ], [ 36.7736486, 25.7347503 ], [ 36.7737462, 25.7346842 ], [ 36.7737543, 25.7346346 ], [ 36.7738524, 25.7345587 ], [ 36.7740766, 25.7344823 ], [ 36.7740487, 25.7344637 ], [ 36.7739269, 25.7345068 ] ] ] ] } },
{ "type": "Feature", "properties": { "FID": 54958, "id": 1561, "left": 35.0, "top": 30.0, "right": 40.0, "bottom": 25.0, "row_index": 12, "col_index": 43, "min_lon": 35.0, "min_lat": 25.0, "tile_id": "35_25" }, "geometry": { "type": "MultiPolygon", "coordinates": [ [ [ [ 36.6977779, 25.6805441 ], [ 36.6977679, 25.6810584 ], [ 36.6991918, 25.6808237 ], [ 36.6992016, 25.6803094 ], [ 36.6977779, 25.6805441 ] ] ] ] } },
{ "type": "Feature", "properties": { "FID": 54959, "id": 1561, "left": 35.0, "top": 30.0, "right": 40.0, "bottom": 25.0, "row_index": 12, "col_index": 43, "min_lon": 35.0, "min_lat": 25.0, "tile_id": "35_25" }, "geometry": { "type": "MultiPolygon", "coordinates": [ [ [ [ 36.716772, 25.5625144 ], [ 36.7176225, 25.5625276 ], [ 36.7179158, 25.5620177 ], [ 36.7173487, 25.5620088 ], [ 36.7173536, 25.5617516 ], [ 36.7165031, 25.5617383 ], [ 36.716772, 25.5625144 ] ] ] ] } },
{ "type": "Feature", "properties": { "FID": 54960, "id": 1561, "left": 35.0, "top": 30.0, "right": 40.0, "bottom": 25.0, "row_index": 12, "col_index": 43, "min_lon": 35.0, "min_lat": 25.0, "tile_id": "35_25" }, "geometry": { "type": "MultiPolygon", "coordinates": [ [ [ [ 36.7183921, 25.7606018 ], [ 36.7189601, 25.7606107 ], [ 36.718965, 25.7603536 ], [ 36.7186809, 25.7603491 ], [ 36.7186858, 25.7600921 ], [ 36.718402, 25.7600875 ], [ 36.7183921, 25.7606018 ] ] ] ] } },
{ "type": "Feature", "properties": { "FID": 54961, "id": 1561, "left": 35.0, "top": 30.0, "right": 40.0, "bottom": 25.0, "row_index": 12, "col_index": 43, "min_lon": 35.0, "min_lat": 25.0, "tile_id": "35_25" }, "geometry": { "type": "MultiPolygon", "coordinates": [ [ [ [ 36.7195477, 25.759591 ], [ 36.7198315, 25.7595956 ], [ 36.7198463, 25.7588241 ], [ 36.7195624, 25.7588195 ], [ 36.7195477, 25.759591 ] ] ] ] } },
{ "type": "Feature", "properties": { "FID": 54962, "id": 1561, "left": 35.0, "top": 30.0, "right": 40.0, "bottom": 25.0, "row_index": 12, "col_index": 43, "min_lon": 35.0, "min_lat": 25.0, "tile_id": "35_25" }, "geometry": { "type": "MultiPolygon", "coordinates": [ [ [ [ 36.9084811, 25.5956077 ], [ 36.9079162, 25.5954714 ], [ 36.9074588, 25.5972656 ], [ 36.9075429, 25.6006113 ], [ 36.9086732, 25.6008846 ], [ 36.9086641, 25.601399 ], [ 36.9095106, 25.6016684 ], [ 36.9098075, 25.6009008 ], [ 36.9097129, 25.6003198 ], [ 36.9095463, 25.5996109 ], [ 36.9104061, 25.5991087 ], [ 36.9103793, 25.6006517 ], [ 36.9112258, 25.6009211 ], [ 36.9120364, 25.603248 ], [ 36.9131644, 25.6036497 ], [ 36.9142967, 25.6037948 ], [ 36.9142878, 25.6043093 ], [ 36.9145715, 25.6043132 ], [ 36.9145849, 25.6035417 ], [ 36.9151521, 25.6035499 ], [ 36.9154224, 25.6043255 ], [ 36.9159852, 25.6045907 ], [ 36.9159986, 25.6038192 ], [ 36.9162823, 25.6038232 ], [ 36.9162732, 25.6043376 ], [ 36.9174035, 25.6046109 ], [ 36.9177094, 25.6033289 ], [ 36.9171375, 25.603578 ], [ 36.9171555, 25.6025493 ], [ 36.9174392, 25.6025533 ], [ 36.9174481, 25.602039 ], [ 36.9177338, 25.6019139 ], [ 36.9182989, 25.6020511 ], [ 36.9184447, 25.6017959 ], [ 36.9186361, 25.5989689 ], [ 36.9192099, 25.5985907 ], [ 36.9197794, 25.5984705 ], [ 36.9202177, 25.597705 ], [ 36.9200942, 25.5966742 ], [ 36.9209474, 25.5965572 ], [ 36.9220908, 25.596059 ], [ 36.9235066, 25.5962082 ], [ 36.9234889, 25.5972371 ], [ 36.9237726, 25.597241 ], [ 36.9240695, 25.5964735 ], [ 36.9252084, 25.5962324 ], [ 36.9252173, 25.5957181 ], [ 36.9260704, 25.5956011 ], [ 36.9263585, 25.5953478 ], [ 36.9280691, 25.5948576 ], [ 36.9283571, 25.5946045 ], [ 36.9294983, 25.5942352 ], [ 36.9296486, 25.5937228 ], [ 36.9299366, 25.5934696 ], [ 36.929941, 25.5932123 ], [ 36.9296662, 25.5926939 ], [ 36.9285495, 25.5916491 ], [ 36.9280045, 25.590355 ], [ 36.927446, 25.5898326 ], [ 36.9271757, 25.589057 ], [ 36.9263337, 25.5885306 ], [ 36.9260634, 25.5877549 ], [ 36.9252214, 25.5872286 ], [ 36.9243929, 25.5859305 ], [ 36.9235821, 25.5836036 ], [ 36.9234429, 25.5834726 ], [ 36.922878, 25.5833363 ], [ 36.9228824, 25.5830791 ], [ 36.9234496, 25.5830872 ], [ 36.924198, 25.5807825 ], [ 36.9242069, 25.5802681 ], [ 36.9244949, 25.580015 ], [ 36.9244995, 25.5797578 ], [ 36.9235184, 25.5791003 ], [ 36.9226699, 25.57896 ], [ 36.9226877, 25.5779313 ], [ 36.9215378, 25.5788149 ], [ 36.9209684, 25.5789358 ], [ 36.9208172, 25.5794482 ], [ 36.9205291, 25.5797013 ], [ 36.9196473, 25.5814896 ], [ 36.9193592, 25.5817429 ], [ 36.9192001, 25.5827695 ], [ 36.9183492, 25.5827574 ], [ 36.918198, 25.5832698 ], [ 36.9174785, 25.5839022 ], [ 36.9157701, 25.5842643 ], [ 36.9157612, 25.5847786 ], [ 36.9149083, 25.5848946 ], [ 36.9144757, 25.5852749 ], [ 36.9143031, 25.5870732 ], [ 36.9137336, 25.5871932 ], [ 36.913301, 25.5875733 ], [ 36.9127161, 25.5885941 ], [ 36.9118518, 25.5893535 ], [ 36.9119763, 25.5903843 ], [ 36.9111232, 25.5905004 ], [ 36.910092, 25.5926727 ], [ 36.9100786, 25.5934442 ], [ 36.909498, 25.5942078 ], [ 36.9090417, 25.596002 ], [ 36.9084811, 25.5956077 ] ] ] ] } },
{ "type": "Feature", "properties": { "FID": 54963, "id": 1561, "left": 35.0, "top": 30.0, "right": 40.0, "bottom": 25.0, "row_index": 12, "col_index": 43, "min_lon": 35.0, "min_lat": 25.0, "tile_id": "35_25" }, "geometry": { "type": "MultiPolygon", "coordinates": [ [ [ [ 36.5415652, 25.6986995 ], [ 36.5408315, 25.699845 ], [ 36.5402532, 25.7003496 ], [ 36.5402428, 25.7008639 ], [ 36.5403798, 25.7011234 ], [ 36.5400959, 25.7011187 ], [ 36.5400854, 25.7016329 ], [ 36.5403692, 25.7016377 ], [ 36.5408892, 25.7039614 ], [ 36.5414569, 25.7039709 ], [ 36.5414464, 25.7044851 ], [ 36.5425868, 25.7042472 ], [ 36.5431808, 25.702971 ], [ 36.5437512, 25.7028518 ], [ 36.5440402, 25.7025993 ], [ 36.5446104, 25.7024808 ], [ 36.544621, 25.7019665 ], [ 36.5457614, 25.7017286 ], [ 36.5462131, 25.7004502 ], [ 36.5462394, 25.6991644 ], [ 36.5455384, 25.6987664 ], [ 36.5447028, 25.6979807 ], [ 36.5438514, 25.6979663 ], [ 36.5415652, 25.6986995 ] ] ] ] } },
{ "type": "Feature", "properties": { "FID": 54964, "id": 1561, "left": 35.0, "top": 30.0, "right": 40.0, "bottom": 25.0, "row_index": 12, "col_index": 43, "min_lon": 35.0, "min_lat": 25.0, "tile_id": "35_25" }, "geometry": { "type": "MultiPolygon", "coordinates": [ [ [ [ 36.6678586, 25.5644839 ], [ 36.666808, 25.5651982 ], [ 36.6662385, 25.5653182 ], [ 36.6660813, 25.5660874 ], [ 36.6657929, 25.5663401 ], [ 36.6654544, 25.5691642 ], [ 36.6651608, 25.5696739 ], [ 36.6651459, 25.5704454 ], [ 36.6648524, 25.5709551 ], [ 36.6641342, 25.5714582 ], [ 36.6641291, 25.5717153 ], [ 36.6644126, 25.5717198 ], [ 36.6644028, 25.5722343 ], [ 36.6646838, 25.5723668 ], [ 36.6655343, 25.5723804 ], [ 36.6658229, 25.5721277 ], [ 36.6672429, 25.5720222 ], [ 36.6679662, 25.5712621 ], [ 36.6685532, 25.5702426 ], [ 36.6687602, 25.5669018 ], [ 36.6681907, 25.5670209 ], [ 36.6673253, 25.5677788 ], [ 36.6667581, 25.5677697 ], [ 36.6666184, 25.5676393 ], [ 36.666492, 25.5668657 ], [ 36.6673427, 25.5668791 ], [ 36.6675188, 25.5650814 ], [ 36.6680493, 25.5646629 ], [ 36.6685214, 25.564583 ], [ 36.6682455, 25.5641923 ], [ 36.6679645, 25.5640596 ], [ 36.6678586, 25.5644839 ] ] ] ] } },
{ "type": "Feature", "properties": { "FID": 54965, "id": 1561, "left": 35.0, "top": 30.0, "right": 40.0, "bottom": 25.0, "row_index": 12, "col_index": 43, "min_lon": 35.0, "min_lat": 25.0, "tile_id": "35_25" }, "geometry": { "type": "MultiPolygon", "coordinates": [ [ [ [ 36.7059315, 26.0232998 ], [ 36.7056469, 26.0232952 ], [ 36.705652, 26.023038 ], [ 36.7050827, 26.0230289 ], [ 36.7050778, 26.0232862 ], [ 36.7056395, 26.0236804 ], [ 36.7059242, 26.023685 ], [ 36.7062137, 26.0234323 ], [ 36.7067854, 26.0233132 ], [ 36.7065084, 26.0229225 ], [ 36.7059416, 26.0227855 ], [ 36.7059315, 26.0232998 ] ] ] ] } },
{ "type": "Feature", "properties": { "FID": 54966, "id": 1561, "left": 35.0, "top": 30.0, "right": 40.0, "bottom": 25.0, "row_index": 12, "col_index": 43, "min_lon": 35.0, "min_lat": 25.0, "tile_id": "35_25" }, "geometry": { "type": "MultiPolygon", "coordinates": [ [ [ [ 36.8251034, 25.6801833 ], [ 36.8252132, 25.6819858 ], [ 36.8266275, 25.682264 ], [ 36.8266322, 25.682007 ], [ 36.8263485, 25.6820026 ], [ 36.8263578, 25.6814884 ], [ 36.8257902, 25.6814799 ], [ 36.8255343, 25.6799325 ], [ 36.8251034, 25.6801833 ] ] ] ] } },
{ "type": "Feature", "properties": { "FID": 54967, "id": 1561, "left": 35.0, "top": 30.0, "right": 40.0, "bottom": 25.0, "row_index": 12, "col_index": 43, "min_lon": 35.0, "min_lat": 25.0, "tile_id": "35_25" }, "geometry": { "type": "MultiPolygon", "coordinates": [ [ [ [ 36.792111, 25.6912634 ], [ 36.7932346, 25.6919232 ], [ 36.7937999, 25.6920608 ], [ 36.7938094, 25.6915466 ], [ 36.7943769, 25.6915551 ], [ 36.7943817, 25.6912978 ], [ 36.7938141, 25.6912893 ], [ 36.7938188, 25.6910321 ], [ 36.7921159, 25.6910064 ], [ 36.792111, 25.6912634 ] ] ] ] } },
{ "type": "Feature", "properties": { "FID": 54968, "id": 1561, "left": 35.0, "top": 30.0, "right": 40.0, "bottom": 25.0, "row_index": 12, "col_index": 43, "min_lon": 35.0, "min_lat": 25.0, "tile_id": "35_25" }, "geometry": { "type": "MultiPolygon", "coordinates": [ [ [ [ 36.8400682, 25.5348024 ], [ 36.8389274, 25.5351712 ], [ 36.8384903, 25.5358083 ], [ 36.8377706, 25.5364403 ], [ 36.8367664, 25.5370691 ], [ 36.836616, 25.5375813 ], [ 36.8360467, 25.5377011 ], [ 36.8357585, 25.537954 ], [ 36.8351892, 25.5380748 ], [ 36.8350333, 25.5388442 ], [ 36.8343181, 25.539219 ], [ 36.833588, 25.5403664 ], [ 36.8331563, 25.5407454 ], [ 36.8325871, 25.5408659 ], [ 36.8325778, 25.5413804 ], [ 36.8320085, 25.5415 ], [ 36.8311397, 25.5425163 ], [ 36.8301401, 25.5428877 ], [ 36.8298381, 25.5439122 ], [ 36.8291182, 25.5445443 ], [ 36.8282654, 25.5446607 ], [ 36.8279634, 25.5456852 ], [ 36.8273964, 25.5456767 ], [ 36.8273916, 25.545934 ], [ 36.8287999, 25.5464694 ], [ 36.8287906, 25.5469837 ], [ 36.8290741, 25.546988 ], [ 36.8290834, 25.5464736 ], [ 36.8293669, 25.5464777 ], [ 36.8294988, 25.5469943 ], [ 36.8300565, 25.547517 ], [ 36.8300473, 25.5480315 ], [ 36.8297592, 25.5482844 ], [ 36.8293158, 25.5493069 ], [ 36.8287488, 25.5492984 ], [ 36.8291319, 25.5516193 ], [ 36.8296852, 25.5523993 ], [ 36.8299454, 25.5536894 ], [ 36.8305031, 25.5542122 ], [ 36.8310516, 25.5552492 ], [ 36.8310331, 25.5562779 ], [ 36.8313121, 25.5565393 ], [ 36.8318558, 25.5578338 ], [ 36.8321348, 25.5580952 ], [ 36.8327933, 25.5609345 ], [ 36.8333603, 25.560943 ], [ 36.8336114, 25.5627474 ], [ 36.8347409, 25.5630215 ], [ 36.8347316, 25.5635357 ], [ 36.8352918, 25.5639296 ], [ 36.8358566, 25.564067 ], [ 36.8359932, 25.5643261 ], [ 36.8359792, 25.5650978 ], [ 36.835536, 25.5661201 ], [ 36.836375, 25.5667754 ], [ 36.8369399, 25.5669128 ], [ 36.8372094, 25.5676884 ], [ 36.8380556, 25.5679581 ], [ 36.8380463, 25.5684726 ], [ 36.8391643, 25.5693891 ], [ 36.8397292, 25.5695265 ], [ 36.8401448, 25.5700472 ], [ 36.8402778, 25.5705635 ], [ 36.842544, 25.5707251 ], [ 36.8436734, 25.570999 ], [ 36.8462278, 25.5709084 ], [ 36.8465251, 25.5701411 ], [ 36.8468087, 25.5701453 ], [ 36.8477823, 25.5711887 ], [ 36.8479153, 25.5717051 ], [ 36.8490473, 25.5718498 ], [ 36.8493262, 25.5721112 ], [ 36.8510321, 25.5718791 ], [ 36.8521801, 25.5711243 ], [ 36.8527496, 25.5710044 ], [ 36.8527586, 25.57049 ], [ 36.8538976, 25.5702494 ], [ 36.854048, 25.5697372 ], [ 36.8553474, 25.56847 ], [ 36.8550639, 25.5684658 ], [ 36.8550684, 25.5682086 ], [ 36.8553519, 25.5682127 ], [ 36.8552143, 25.5679534 ], [ 36.8551005, 25.5664083 ], [ 36.8556675, 25.5664167 ], [ 36.855818, 25.5659043 ], [ 36.8563943, 25.5653983 ], [ 36.8571357, 25.5636083 ], [ 36.8577027, 25.5636166 ], [ 36.8574375, 25.5625837 ], [ 36.8568703, 25.5625754 ], [ 36.8568751, 25.5623184 ], [ 36.8574491, 25.5619404 ], [ 36.8580183, 25.5618206 ], [ 36.8580274, 25.5613061 ], [ 36.8603003, 25.5610821 ], [ 36.8603094, 25.5605679 ], [ 36.8608834, 25.5601899 ], [ 36.8614526, 25.56007 ], [ 36.861759, 25.5587882 ], [ 36.8631812, 25.5585518 ], [ 36.8631996, 25.5575229 ], [ 36.864329, 25.5577967 ], [ 36.8641914, 25.5575374 ], [ 36.8643474, 25.556768 ], [ 36.8666224, 25.5564148 ], [ 36.8671848, 25.5566803 ], [ 36.870027, 25.5563362 ], [ 36.8697503, 25.5559459 ], [ 36.8672032, 25.5556516 ], [ 36.8660873, 25.5546062 ], [ 36.8653848, 25.5542107 ], [ 36.8651149, 25.5534348 ], [ 36.864697, 25.5530425 ], [ 36.8641323, 25.552906 ], [ 36.8638669, 25.5518731 ], [ 36.863398, 25.5517779 ], [ 36.863309, 25.5513505 ], [ 36.8630255, 25.5513464 ], [ 36.8630164, 25.5518606 ], [ 36.8632009, 25.551951 ], [ 36.863144, 25.5526344 ], [ 36.8624266, 25.5531385 ], [ 36.8621614, 25.5521056 ], [ 36.8615944, 25.5520973 ], [ 36.861608, 25.5513256 ], [ 36.8621727, 25.551462 ], [ 36.8627329, 25.5518567 ], [ 36.8629015, 25.5503156 ], [ 36.8627626, 25.5501844 ], [ 36.8624791, 25.5501802 ], [ 36.8621911, 25.5504333 ], [ 36.8607711, 25.5505416 ], [ 36.8605379, 25.5477085 ], [ 36.8599709, 25.5477002 ], [ 36.8599754, 25.5474429 ], [ 36.8605424, 25.5474513 ], [ 36.8605698, 25.5459081 ], [ 36.8600028, 25.5458998 ], [ 36.8600121, 25.5453855 ], [ 36.8611506, 25.5451449 ], [ 36.8610038, 25.5454 ], [ 36.8612508, 25.5474617 ], [ 36.8618085, 25.5479842 ], [ 36.8619418, 25.5485008 ], [ 36.8625042, 25.5487661 ], [ 36.8625133, 25.5482519 ], [ 36.8627968, 25.548256 ], [ 36.8627832, 25.5490275 ], [ 36.8633457, 25.5492931 ], [ 36.8633638, 25.5482643 ], [ 36.8639308, 25.5482725 ], [ 36.8646528, 25.5475114 ], [ 36.8646664, 25.5467397 ], [ 36.8652425, 25.5462335 ], [ 36.8652563, 25.545462 ], [ 36.8651174, 25.5453309 ], [ 36.8645526, 25.5451946 ], [ 36.8644194, 25.5446781 ], [ 36.8640015, 25.5442857 ], [ 36.8634368, 25.5441492 ], [ 36.8633037, 25.5436327 ], [ 36.8628858, 25.5432403 ], [ 36.8611939, 25.5427011 ], [ 36.8609149, 25.5424397 ], [ 36.856649, 25.5431492 ], [ 36.8555241, 25.5426182 ], [ 36.8549571, 25.5426098 ], [ 36.8527031, 25.5418051 ], [ 36.8524241, 25.5415437 ], [ 36.8518571, 25.5415354 ], [ 36.8512741, 25.5424276 ], [ 36.8521246, 25.5424401 ], [ 36.8523897, 25.543473 ], [ 36.8529567, 25.5434813 ], [ 36.8532219, 25.5445144 ], [ 36.8526526, 25.5446342 ], [ 36.8506453, 25.5458909 ], [ 36.848375, 25.5459867 ], [ 36.8483795, 25.5457295 ], [ 36.8489533, 25.5453517 ], [ 36.8500896, 25.5452402 ], [ 36.849952, 25.5449808 ], [ 36.8499796, 25.5434377 ], [ 36.8498407, 25.5433067 ], [ 36.8489924, 25.5431659 ], [ 36.849152, 25.5421392 ], [ 36.8485942, 25.5416166 ], [ 36.848787, 25.5387896 ], [ 36.8482223, 25.5386524 ], [ 36.8480406, 25.5383517 ], [ 36.8485128, 25.5382712 ], [ 36.8482431, 25.5374953 ], [ 36.8479596, 25.5374912 ], [ 36.8478498, 25.5381729 ], [ 36.8465353, 25.5378557 ], [ 36.8461164, 25.5374641 ], [ 36.8457101, 25.5364292 ], [ 36.8454266, 25.536425 ], [ 36.8454175, 25.5369393 ], [ 36.8428685, 25.5367728 ], [ 36.8420318, 25.5359886 ], [ 36.841186, 25.5357189 ], [ 36.8407719, 25.5350701 ], [ 36.8406445, 25.5342965 ], [ 36.8400775, 25.5342882 ], [ 36.8400682, 25.5348024 ] ] ] ] } },
{ "type": "Feature", "properties": { "FID": 54969, "id": 1561, "left": 35.0, "top": 30.0, "right": 40.0, "bottom": 25.0, "row_index": 12, "col_index": 43, "min_lon": 35.0, "min_lat": 25.0, "tile_id": "35_25" }, "geometry": { "type": "MultiPolygon", "coordinates": [ [ [ [ 36.9763503, 25.5411228 ], [ 36.9760668, 25.5411188 ], [ 36.9760581, 25.5416333 ], [ 36.9769044, 25.5419022 ], [ 36.9772008, 25.5411345 ], [ 36.9777701, 25.5410134 ], [ 36.9780579, 25.5407601 ], [ 36.979194, 25.5406476 ], [ 36.9791983, 25.5403904 ], [ 36.9766512, 25.5400978 ], [ 36.9763503, 25.5411228 ] ] ] ] } },
{ "type": "Feature", "properties": { "FID": 54970, "id": 1561, "left": 35.0, "top": 30.0, "right": 40.0, "bottom": 25.0, "row_index": 12, "col_index": 43, "min_lon": 35.0, "min_lat": 25.0, "tile_id": "35_25" }, "geometry": { "type": "MultiPolygon", "coordinates": [ [ [ [ 36.8241484, 25.7249298 ], [ 36.8255633, 25.7252082 ], [ 36.825568, 25.724951 ], [ 36.825, 25.7249425 ], [ 36.8250048, 25.7246853 ], [ 36.8238832, 25.7238968 ], [ 36.8241484, 25.7249298 ] ] ] ] } },
{ "type": "Feature", "properties": { "FID": 54971, "id": 1561, "left": 35.0, "top": 30.0, "right": 40.0, "bottom": 25.0, "row_index": 12, "col_index": 43, "min_lon": 35.0, "min_lat": 25.0, "tile_id": "35_25" }, "geometry": { "type": "MultiPolygon", "coordinates": [ [ [ [ 36.7865193, 25.7172882 ], [ 36.7860857, 25.7176679 ], [ 36.7855038, 25.7184309 ], [ 36.785348, 25.7192001 ], [ 36.786758, 25.7197361 ], [ 36.7867769, 25.7187074 ], [ 36.786493, 25.718703 ], [ 36.7864979, 25.718446 ], [ 36.7876453, 25.7178198 ], [ 36.7887833, 25.7177089 ], [ 36.788788, 25.7174519 ], [ 36.7876525, 25.7174345 ], [ 36.7876619, 25.7169202 ], [ 36.7865193, 25.7172882 ] ] ] ] } },
{ "type": "Feature", "properties": { "FID": 54972, "id": 1561, "left": 35.0, "top": 30.0, "right": 40.0, "bottom": 25.0, "row_index": 12, "col_index": 43, "min_lon": 35.0, "min_lat": 25.0, "tile_id": "35_25" }, "geometry": { "type": "MultiPolygon", "coordinates": [ [ [ [ 36.7082716, 25.5621241 ], [ 36.7082619, 25.5626385 ], [ 36.7079782, 25.562634 ], [ 36.7079733, 25.5628912 ], [ 36.7085405, 25.5629001 ], [ 36.7086499, 25.5622176 ], [ 36.7088386, 25.562133 ], [ 36.7088435, 25.5618759 ], [ 36.70856, 25.5618714 ], [ 36.7082716, 25.5621241 ] ] ] ] } },
{ "type": "Feature", "properties": { "FID": 54973, "id": 1561, "left": 35.0, "top": 30.0, "right": 40.0, "bottom": 25.0, "row_index": 12, "col_index": 43, "min_lon": 35.0, "min_lat": 25.0, "tile_id": "35_25" }, "geometry": { "type": "MultiPolygon", "coordinates": [ [ [ [ 36.8612812, 25.6175629 ], [ 36.8607116, 25.6176837 ], [ 36.8607023, 25.6181981 ], [ 36.8612697, 25.6182064 ], [ 36.8616621, 25.6175279 ], [ 36.8618509, 25.6174431 ], [ 36.8618599, 25.6169288 ], [ 36.8615763, 25.6169246 ], [ 36.8612812, 25.6175629 ] ] ] ] } },
{ "type": "Feature", "properties": { "FID": 54974, "id": 1561, "left": 35.0, "top": 30.0, "right": 40.0, "bottom": 25.0, "row_index": 12, "col_index": 43, "min_lon": 35.0, "min_lat": 25.0, "tile_id": "35_25" }, "geometry": { "type": "MultiPolygon", "coordinates": [ [ [ [ 36.5920381, 25.7017289 ], [ 36.5917542, 25.7017242 ], [ 36.5917489, 25.7019813 ], [ 36.593452, 25.7020094 ], [ 36.5934571, 25.7017524 ], [ 36.5928893, 25.7017429 ], [ 36.5928997, 25.7012287 ], [ 36.5920483, 25.7012147 ], [ 36.5920381, 25.7017289 ] ] ] ] } },
{ "type": "Feature", "properties": { "FID": 54975, "id": 1561, "left": 35.0, "top": 30.0, "right": 40.0, "bottom": 25.0, "row_index": 12, "col_index": 43, "min_lon": 35.0, "min_lat": 25.0, "tile_id": "35_25" }, "geometry": { "type": "MultiPolygon", "coordinates": [ [ [ [ 36.7364926, 25.5535257 ], [ 36.7366605, 25.5533687 ], [ 36.7369055, 25.5531765 ], [ 36.7371642, 25.5528824 ], [ 36.7373974, 25.552598 ], [ 36.7376134, 25.5525028 ], [ 36.7378335, 25.55244 ], [ 36.7379834, 25.5523299 ], [ 36.7381067, 25.5521083 ], [ 36.7381661, 25.5519449 ], [ 36.7383003, 25.5517478 ], [ 36.7386061, 25.5514775 ], [ 36.7390057, 25.5511601 ], [ 36.7396779, 25.5506121 ], [ 36.7403306, 25.550404 ], [ 36.7408765, 25.5501638 ], [ 36.7416198, 25.5498574 ], [ 36.743184, 25.5490143 ], [ 36.7435511, 25.5488288 ], [ 36.7436815, 25.5487412 ], [ 36.7438467, 25.5486208 ], [ 36.7439714, 25.548612 ], [ 36.7440385, 25.5486163 ], [ 36.7441522, 25.5484786 ], [ 36.7447034, 25.5482293 ], [ 36.7450514, 25.5480233 ], [ 36.7454638, 25.5476745 ], [ 36.7458222, 25.547426 ], [ 36.7462086, 25.547127 ], [ 36.7464766, 25.5468216 ], [ 36.7469038, 25.5464474 ], [ 36.747175, 25.5462449 ], [ 36.7475848, 25.5459223 ], [ 36.7482932, 25.5452222 ], [ 36.7483974, 25.5450683 ], [ 36.7487686, 25.5445307 ], [ 36.7490107, 25.5442056 ], [ 36.7492281, 25.5436929 ], [ 36.7491743, 25.5434564 ], [ 36.7490926, 25.54321 ], [ 36.7489124, 25.5428947 ], [ 36.7487063, 25.5428101 ], [ 36.7485518, 25.5428539 ], [ 36.7483331, 25.5428135 ], [ 36.7479903, 25.5427852 ], [ 36.7476583, 25.5426931 ], [ 36.7473859, 25.5426003 ], [ 36.7471971, 25.5424821 ], [ 36.7470299, 25.5422476 ], [ 36.7468209, 25.541784 ], [ 36.7465751, 25.5413892 ], [ 36.7462864, 25.5410552 ], [ 36.746066, 25.5409335 ], [ 36.7459229, 25.5407069 ], [ 36.7457376, 25.5403559 ], [ 36.7455217, 25.5397874 ], [ 36.7455814, 25.5396561 ], [ 36.7456793, 25.5393977 ], [ 36.7458468, 25.5389028 ], [ 36.7460762, 25.5382313 ], [ 36.7462941, 25.5374917 ], [ 36.7464494, 25.5369267 ], [ 36.7466071, 25.5363436 ], [ 36.7466431, 25.5361072 ], [ 36.7466525, 25.5358648 ], [ 36.74664, 25.535549 ], [ 36.7465758, 25.5356177 ], [ 36.7465586, 25.535698 ], [ 36.7465309, 25.5358954 ], [ 36.7465115, 25.5360746 ], [ 36.7464927, 25.5362728 ], [ 36.7464097, 25.5365411 ], [ 36.7462533, 25.5369395 ], [ 36.7460842, 25.5373643 ], [ 36.7459501, 25.5377446 ], [ 36.7458318, 25.5381013 ], [ 36.7457068, 25.5384321 ], [ 36.7456258, 25.5387723 ], [ 36.7455605, 25.5392441 ], [ 36.745463, 25.5395109 ], [ 36.7452906, 25.5397377 ], [ 36.7451989, 25.5399686 ], [ 36.745119, 25.5400286 ], [ 36.7450104, 25.5400614 ], [ 36.7448225, 25.5404387 ], [ 36.7447016, 25.5406396 ], [ 36.744664, 25.5411453 ], [ 36.7446528, 25.5417551 ], [ 36.7446983, 25.5423204 ], [ 36.7447566, 25.542812 ], [ 36.7448012, 25.5431983 ], [ 36.7448066, 25.5436464 ], [ 36.7448235, 25.5441331 ], [ 36.7448199, 25.5446894 ], [ 36.7446398, 25.5451361 ], [ 36.7444668, 25.5457508 ], [ 36.7442344, 25.5462882 ], [ 36.7439476, 25.5467817 ], [ 36.7433387, 25.5472777 ], [ 36.7425661, 25.5477903 ], [ 36.74171, 25.5482797 ], [ 36.7406171, 25.5489537 ], [ 36.7400584, 25.5493787 ], [ 36.7396877, 25.5496296 ], [ 36.7391719, 25.5499571 ], [ 36.7387602, 25.5502195 ], [ 36.7383786, 25.5504512 ], [ 36.7366397, 25.5512599 ], [ 36.7359102, 25.5512889 ], [ 36.7355132, 25.5516664 ], [ 36.7347515, 25.5519568 ], [ 36.7315864, 25.5542315 ], [ 36.7310929, 25.5544734 ], [ 36.7310285, 25.5546477 ], [ 36.7313933, 25.5557995 ], [ 36.73208, 25.5567287 ], [ 36.7324769, 25.5568061 ], [ 36.7331421, 25.5566126 ], [ 36.7334533, 25.5567868 ], [ 36.7337, 25.5565351 ], [ 36.7338931, 25.5566319 ], [ 36.7344618, 25.5561286 ], [ 36.7351913, 25.5572223 ], [ 36.7354381, 25.557445 ], [ 36.7358029, 25.557474 ], [ 36.7383349, 25.5573869 ], [ 36.7385387, 25.557445 ], [ 36.7386675, 25.5573675 ], [ 36.7386782, 25.557232 ], [ 36.7385065, 25.5571643 ], [ 36.7383456, 25.557232 ], [ 36.7358029, 25.5573288 ], [ 36.7355025, 25.5572949 ], [ 36.7352825, 25.5570626 ], [ 36.735937, 25.55669 ], [ 36.7355078, 25.5560512 ], [ 36.7348212, 25.5563802 ], [ 36.7347246, 25.5562109 ], [ 36.7347246, 25.5560221 ], [ 36.7363472, 25.553617 ], [ 36.7364926, 25.5535257 ] ] ] ] } },
{ "type": "Feature", "properties": { "FID": 54976, "id": 1561, "left": 35.0, "top": 30.0, "right": 40.0, "bottom": 25.0, "row_index": 12, "col_index": 43, "min_lon": 35.0, "min_lat": 25.0, "tile_id": "35_25" }, "geometry": { "type": "MultiPolygon", "coordinates": [ [ [ [ 36.7448591, 25.5262471 ], [ 36.7446417, 25.5263371 ], [ 36.7444706, 25.526807 ], [ 36.7444197, 25.5272581 ], [ 36.7448177, 25.5273461 ], [ 36.7452002, 25.5273868 ], [ 36.7454439, 25.5273789 ], [ 36.7458542, 25.5273639 ], [ 36.7462934, 25.5274167 ], [ 36.7469117, 25.5275824 ], [ 36.7475562, 25.527846 ], [ 36.7480196, 25.5280798 ], [ 36.7486326, 25.5283748 ], [ 36.7491733, 25.5286253 ], [ 36.7497876, 25.5289148 ], [ 36.750362, 25.5291792 ], [ 36.7507883, 25.5294064 ], [ 36.751029, 25.5295983 ], [ 36.7516261, 25.5298433 ], [ 36.7520414, 25.5300381 ], [ 36.7526679, 25.5303136 ], [ 36.7532754, 25.5305966 ], [ 36.7537678, 25.530926 ], [ 36.754224, 25.5312725 ], [ 36.7545404, 25.5315725 ], [ 36.7547981, 25.531858 ], [ 36.7550052, 25.5321599 ], [ 36.7551894, 25.5324111 ], [ 36.755358, 25.5325827 ], [ 36.7556492, 25.5327721 ], [ 36.7558221, 25.5330016 ], [ 36.7560582, 25.5333852 ], [ 36.7563084, 25.5337154 ], [ 36.7565528, 25.534009 ], [ 36.7568274, 25.5341486 ], [ 36.7571706, 25.5341932 ], [ 36.7574466, 25.5340674 ], [ 36.7576035, 25.5338683 ], [ 36.7576106, 25.5337299 ], [ 36.757771, 25.533664 ], [ 36.7579952, 25.5336554 ], [ 36.7584175, 25.5336621 ], [ 36.7588305, 25.5336351 ], [ 36.7589248, 25.5335301 ], [ 36.7585441, 25.5335027 ], [ 36.7582625, 25.5332741 ], [ 36.7578083, 25.5330937 ], [ 36.7577154, 25.5329979 ], [ 36.7572226, 25.5326937 ], [ 36.7568406, 25.5323919 ], [ 36.7564658, 25.5321149 ], [ 36.7562835, 25.5318869 ], [ 36.7558351, 25.5315392 ], [ 36.7554186, 25.5311409 ], [ 36.7552897, 25.5310883 ], [ 36.755156, 25.5310429 ], [ 36.7550544, 25.5309554 ], [ 36.7548979, 25.5307977 ], [ 36.754712, 25.5306386 ], [ 36.7546207, 25.5304947 ], [ 36.7545625, 25.5302744 ], [ 36.7545639, 25.5300754 ], [ 36.754536, 25.5299504 ], [ 36.7542563, 25.5296494 ], [ 36.7538271, 25.5292971 ], [ 36.7534659, 25.5290794 ], [ 36.7530718, 25.5288992 ], [ 36.7527745, 25.5288073 ], [ 36.7525728, 25.5287238 ], [ 36.7522342, 25.5285926 ], [ 36.7518475, 25.5284873 ], [ 36.7514538, 25.52838 ], [ 36.7509875, 25.5282618 ], [ 36.7503938, 25.5280531 ], [ 36.7498119, 25.5278411 ], [ 36.7493592, 25.5276713 ], [ 36.748755, 25.5274758 ], [ 36.7480067, 25.527193 ], [ 36.7475691, 25.5270425 ], [ 36.7470854, 25.5268769 ], [ 36.7465772, 25.5267272 ], [ 36.7461462, 25.5265775 ], [ 36.7458012, 25.5264336 ], [ 36.7455318, 25.5262847 ], [ 36.7453105, 25.5260835 ], [ 36.7452762, 25.5259767 ], [ 36.7448591, 25.5262471 ] ] ] ] } },
{ "type": "Feature", "properties": { "FID": 54977, "id": 1561, "left": 35.0, "top": 30.0, "right": 40.0, "bottom": 25.0, "row_index": 12, "col_index": 43, "min_lon": 35.0, "min_lat": 25.0, "tile_id": "35_25" }, "geometry": { "type": "MultiPolygon", "coordinates": [ [ [ [ 36.0410475, 26.7403852 ], [ 36.0414852, 26.740724 ], [ 36.0420436, 26.7409857 ], [ 36.0422346, 26.7410162 ], [ 36.042248, 26.7409994 ], [ 36.0422158, 26.7409156 ], [ 36.0422426, 26.7408677 ], [ 36.0423553, 26.7408318 ], [ 36.0425135, 26.7408294 ], [ 36.0428344, 26.7408791 ], [ 36.0432434, 26.7410022 ], [ 36.0433879, 26.7409683 ], [ 36.043431, 26.7408546 ], [ 36.0432994, 26.7407 ], [ 36.0431207, 26.7405181 ], [ 36.0427035, 26.7402108 ], [ 36.0421943, 26.7398699 ], [ 36.0418021, 26.7397483 ], [ 36.0413575, 26.7397419 ], [ 36.0410701, 26.7399423 ], [ 36.0410475, 26.7403852 ] ] ] ] } },
{ "type": "Feature", "properties": { "FID": 54978, "id": 1561, "left": 35.0, "top": 30.0, "right": 40.0, "bottom": 25.0, "row_index": 12, "col_index": 43, "min_lon": 35.0, "min_lat": 25.0, "tile_id": "35_25" }, "geometry": { "type": "MultiPolygon", "coordinates": [ [ [ [ 36.8321214, 25.7237624 ], [ 36.8326868, 25.723899 ], [ 36.832966, 25.7241604 ], [ 36.8346579, 25.7248291 ], [ 36.8346672, 25.7243148 ], [ 36.8343833, 25.7243107 ], [ 36.8343926, 25.7237962 ], [ 36.8338271, 25.7236588 ], [ 36.8329894, 25.7228746 ], [ 36.8324239, 25.722738 ], [ 36.8321214, 25.7237624 ] ] ] ] } },
{ "type": "Feature", "properties": { "FID": 54979, "id": 1561, "left": 35.0, "top": 30.0, "right": 40.0, "bottom": 25.0, "row_index": 12, "col_index": 43, "min_lon": 35.0, "min_lat": 25.0, "tile_id": "35_25" }, "geometry": { "type": "MultiPolygon", "coordinates": [ [ [ [ 36.7157548, 25.6533028 ], [ 36.7156036, 25.6538148 ], [ 36.7150362, 25.6538059 ], [ 36.7150068, 25.6553489 ], [ 36.7155743, 25.6553578 ], [ 36.7158433, 25.6561336 ], [ 36.7164108, 25.6561425 ], [ 36.7166798, 25.6569186 ], [ 36.7192139, 25.657987 ], [ 36.7196488, 25.6574793 ], [ 36.7198009, 25.6569673 ], [ 36.7189497, 25.6569539 ], [ 36.7189595, 25.6564396 ], [ 36.7186756, 25.6564353 ], [ 36.718548, 25.6556615 ], [ 36.7178563, 25.65475 ], [ 36.7170149, 25.6542223 ], [ 36.71645, 25.6540853 ], [ 36.7161859, 25.6530522 ], [ 36.7157548, 25.6533028 ] ] ] ] } },
{ "type": "Feature", "properties": { "FID": 54980, "id": 1561, "left": 35.0, "top": 30.0, "right": 40.0, "bottom": 25.0, "row_index": 12, "col_index": 43, "min_lon": 35.0, "min_lat": 25.0, "tile_id": "35_25" }, "geometry": { "type": "MultiPolygon", "coordinates": [ [ [ [ 36.53361, 25.6162569 ], [ 36.5322026, 25.6157186 ], [ 36.5299338, 25.6156803 ], [ 36.5265254, 25.6158798 ], [ 36.5245507, 25.6153319 ], [ 36.5237106, 25.6148033 ], [ 36.5231434, 25.6147937 ], [ 36.5225815, 25.614527 ], [ 36.5191863, 25.614084 ], [ 36.5191969, 25.6135697 ], [ 36.5183462, 25.6135551 ], [ 36.5183356, 25.6140694 ], [ 36.5177684, 25.6140598 ], [ 36.517779, 25.6135457 ], [ 36.5166446, 25.6135262 ], [ 36.5166341, 25.6140405 ], [ 36.5160669, 25.6140309 ], [ 36.5160775, 25.6135166 ], [ 36.5138168, 25.6130919 ], [ 36.5075698, 25.6133718 ], [ 36.5075592, 25.6138861 ], [ 36.5069894, 25.6140044 ], [ 36.5061226, 25.6147613 ], [ 36.5055526, 25.6148806 ], [ 36.5053997, 25.6153924 ], [ 36.5051107, 25.6156447 ], [ 36.5039605, 25.6163968 ], [ 36.5038083, 25.6169086 ], [ 36.5032385, 25.6170269 ], [ 36.5027993, 25.6176629 ], [ 36.502216, 25.6184245 ], [ 36.5017832, 25.6188025 ], [ 36.5009297, 25.6189169 ], [ 36.5007766, 25.6194287 ], [ 36.4999098, 25.6201856 ], [ 36.4994634, 25.6212068 ], [ 36.4988936, 25.6213251 ], [ 36.4986046, 25.6215774 ], [ 36.4977511, 25.6216918 ], [ 36.4975982, 25.6222036 ], [ 36.4974541, 25.6223293 ], [ 36.4966006, 25.6224438 ], [ 36.4964315, 25.6237269 ], [ 36.4958429, 25.6247456 ], [ 36.4951897, 25.6288498 ], [ 36.4944517, 25.6302514 ], [ 36.4938819, 25.6303707 ], [ 36.4937288, 25.6308825 ], [ 36.4921559, 25.6314981 ], [ 36.4912943, 25.6319976 ], [ 36.4902822, 25.632881 ], [ 36.4898439, 25.633516 ], [ 36.4892738, 25.6336351 ], [ 36.488958, 25.635173 ], [ 36.4875398, 25.6351486 ], [ 36.4870869, 25.6364268 ], [ 36.4865088, 25.6369312 ], [ 36.4864927, 25.6377027 ], [ 36.4861983, 25.6382121 ], [ 36.4862814, 25.6410427 ], [ 36.4845687, 25.6415277 ], [ 36.4844048, 25.6425536 ], [ 36.483254, 25.6433054 ], [ 36.4830964, 25.6440743 ], [ 36.4822429, 25.6441877 ], [ 36.4820977, 25.6443143 ], [ 36.482224, 25.6450881 ], [ 36.4830695, 25.6453599 ], [ 36.4834729, 25.6463956 ], [ 36.4837511, 25.6466577 ], [ 36.4839754, 25.6494909 ], [ 36.4842538, 25.6497528 ], [ 36.4845213, 25.650529 ], [ 36.4856182, 25.6523483 ], [ 36.486453, 25.6531344 ], [ 36.4865846, 25.6536511 ], [ 36.4874356, 25.6536657 ], [ 36.4877031, 25.6544419 ], [ 36.4882623, 25.6548369 ], [ 36.4896726, 25.6552476 ], [ 36.4896566, 25.6560189 ], [ 36.4910695, 25.6563003 ], [ 36.4910535, 25.6570716 ], [ 36.4916209, 25.6570815 ], [ 36.4916046, 25.6578528 ], [ 36.4930177, 25.6581344 ], [ 36.4931483, 25.6586509 ], [ 36.4934266, 25.6589129 ], [ 36.4935583, 25.6594296 ], [ 36.4946849, 25.6598343 ], [ 36.4969115, 25.6619303 ], [ 36.4977599, 25.6620739 ], [ 36.4977492, 25.6625882 ], [ 36.4985976, 25.6627309 ], [ 36.498876, 25.6629928 ], [ 36.5008618, 25.6630268 ], [ 36.501151, 25.6627745 ], [ 36.5028531, 25.6628036 ], [ 36.5034152, 25.6630705 ], [ 36.505401, 25.6631045 ], [ 36.5056902, 25.6628522 ], [ 36.5093916, 25.6622729 ], [ 36.5101325, 25.6607422 ], [ 36.5108582, 25.659983 ], [ 36.5105745, 25.6599783 ], [ 36.5105798, 25.659721 ], [ 36.5108635, 25.659726 ], [ 36.5115883, 25.6589666 ], [ 36.5121878, 25.6574336 ], [ 36.5124768, 25.6571813 ], [ 36.5125195, 25.6551244 ], [ 36.5119627, 25.6546005 ], [ 36.5120642, 25.6497152 ], [ 36.5119255, 25.6495838 ], [ 36.5102315, 25.6491696 ], [ 36.5094844, 25.6509573 ], [ 36.5093404, 25.651083 ], [ 36.5084893, 25.6510684 ], [ 36.5083496, 25.6509378 ], [ 36.5083817, 25.6493952 ], [ 36.5082457, 25.6491355 ], [ 36.5093804, 25.649155 ], [ 36.509391, 25.6486407 ], [ 36.5099584, 25.6486504 ], [ 36.5102689, 25.6473697 ], [ 36.5108361, 25.6473793 ], [ 36.5108522, 25.646608 ], [ 36.5102848, 25.6465982 ], [ 36.5102956, 25.6460841 ], [ 36.5097255, 25.6462024 ], [ 36.5091421, 25.6469641 ], [ 36.5085749, 25.6469545 ], [ 36.5082965, 25.6466925 ], [ 36.5077318, 25.6465547 ], [ 36.5077212, 25.647069 ], [ 36.5063082, 25.6467876 ], [ 36.5063135, 25.6465305 ], [ 36.5068809, 25.6465402 ], [ 36.5068915, 25.6460259 ], [ 36.5060406, 25.6460114 ], [ 36.5060298, 25.6465256 ], [ 36.5054706, 25.6461299 ], [ 36.5037686, 25.6461008 ], [ 36.5034823, 25.6462249 ], [ 36.5034929, 25.6457107 ], [ 36.5029176, 25.6460862 ], [ 36.5020667, 25.6460717 ], [ 36.5017804, 25.6461958 ], [ 36.5017964, 25.6454243 ], [ 36.5026526, 25.6451818 ], [ 36.5027994, 25.6449271 ], [ 36.5026794, 25.6438963 ], [ 36.5032468, 25.6439059 ], [ 36.5032574, 25.6433918 ], [ 36.5041085, 25.6434064 ], [ 36.504119, 25.6428921 ], [ 36.5052591, 25.6426543 ], [ 36.5052699, 25.6421401 ], [ 36.5055536, 25.642145 ], [ 36.5055428, 25.6426593 ], [ 36.5066773, 25.6426785 ], [ 36.5066881, 25.6421643 ], [ 36.5075416, 25.6420499 ], [ 36.5078306, 25.6417976 ], [ 36.5101026, 25.6417082 ], [ 36.5102493, 25.6414534 ], [ 36.51014, 25.6399084 ], [ 36.5095726, 25.6398987 ], [ 36.5094411, 25.639382 ], [ 36.5093024, 25.6392506 ], [ 36.5084541, 25.6391079 ], [ 36.5083224, 25.6385912 ], [ 36.5080442, 25.6383293 ], [ 36.5080548, 25.637815 ], [ 36.5082026, 25.6375604 ], [ 36.5073515, 25.6375459 ], [ 36.5079455, 25.6362699 ], [ 36.5102173, 25.6361796 ], [ 36.5105037, 25.6360564 ], [ 36.5110442, 25.6373516 ], [ 36.5121735, 25.6376281 ], [ 36.5123043, 25.6381448 ], [ 36.5125825, 25.6384068 ], [ 36.5124199, 25.6394328 ], [ 36.5135545, 25.6394521 ], [ 36.5138221, 25.6402283 ], [ 36.5124039, 25.6402041 ], [ 36.5120988, 25.6412278 ], [ 36.5129391, 25.6417566 ], [ 36.5129499, 25.6412423 ], [ 36.5155133, 25.6407715 ], [ 36.5153551, 25.6415406 ], [ 36.5146384, 25.6419137 ], [ 36.5143547, 25.6419087 ], [ 36.5137955, 25.6415139 ], [ 36.5136265, 25.642797 ], [ 36.5130485, 25.6433017 ], [ 36.5131748, 25.6440754 ], [ 36.5140204, 25.644347 ], [ 36.5140151, 25.6446043 ], [ 36.5134479, 25.6445946 ], [ 36.5135785, 25.6451112 ], [ 36.5127115, 25.6458681 ], [ 36.5127008, 25.6463824 ], [ 36.5133678, 25.6484514 ], [ 36.5139272, 25.6488462 ], [ 36.5147754, 25.6489898 ], [ 36.5147648, 25.6495039 ], [ 36.5161806, 25.6496562 ], [ 36.5176042, 25.6494232 ], [ 36.5184713, 25.6486664 ], [ 36.5193248, 25.6485527 ], [ 36.519477, 25.6480408 ], [ 36.520055, 25.6475362 ], [ 36.5202079, 25.6470244 ], [ 36.5207752, 25.647034 ], [ 36.5203918, 25.64497 ], [ 36.5199801, 25.6443194 ], [ 36.519, 25.6436602 ], [ 36.519711, 25.6367275 ], [ 36.5199998, 25.6364752 ], [ 36.5204471, 25.635454 ], [ 36.5221595, 25.6349687 ], [ 36.5221701, 25.6344544 ], [ 36.5230344, 25.6338256 ], [ 36.524744, 25.6334691 ], [ 36.5247282, 25.6342406 ], [ 36.5255819, 25.6341259 ], [ 36.5261597, 25.6336213 ], [ 36.5270211, 25.6331216 ], [ 36.5281583, 25.6330125 ], [ 36.5281689, 25.6324984 ], [ 36.5287363, 25.6325079 ], [ 36.5288934, 25.631739 ], [ 36.5291823, 25.6314867 ], [ 36.5297762, 25.6302106 ], [ 36.5306429, 25.6294536 ], [ 36.5308117, 25.6281705 ], [ 36.5313815, 25.6280511 ], [ 36.5344987, 25.6282327 ], [ 36.5344881, 25.628747 ], [ 36.5361874, 25.6289038 ], [ 36.537876, 25.6295757 ], [ 36.5378654, 25.63009 ], [ 36.540405, 25.6307753 ], [ 36.5406834, 25.6310373 ], [ 36.5415316, 25.6311807 ], [ 36.5421927, 25.6335067 ], [ 36.5420409, 25.6340186 ], [ 36.5431596, 25.6348091 ], [ 36.5427705, 25.6330019 ], [ 36.5424921, 25.6327402 ], [ 36.5422717, 25.6296498 ], [ 36.5428548, 25.628888 ], [ 36.5433176, 25.6270953 ], [ 36.5441685, 25.6271097 ], [ 36.5441842, 25.6263382 ], [ 36.5450404, 25.6260955 ], [ 36.545187, 25.6258407 ], [ 36.5451974, 25.6253264 ], [ 36.5450587, 25.6251951 ], [ 36.5444942, 25.6250573 ], [ 36.5442316, 25.624024 ], [ 36.5450693, 25.6246808 ], [ 36.5459149, 25.6249522 ], [ 36.5461933, 25.625214 ], [ 36.5467578, 25.6253525 ], [ 36.5469098, 25.6248407 ], [ 36.5466367, 25.6243217 ], [ 36.5449665, 25.6227504 ], [ 36.5448357, 25.6222337 ], [ 36.5437038, 25.6220857 ], [ 36.5435588, 25.6222123 ], [ 36.5434017, 25.6229813 ], [ 36.5442579, 25.6227385 ], [ 36.5442369, 25.623767 ], [ 36.5431024, 25.6237479 ], [ 36.5424403, 25.6214217 ], [ 36.5417395, 25.6210237 ], [ 36.5406104, 25.6207475 ], [ 36.5401923, 25.620355 ], [ 36.5403452, 25.6198432 ], [ 36.5392135, 25.6196952 ], [ 36.5380895, 25.6191618 ], [ 36.5376715, 25.6187693 ], [ 36.5375409, 25.6182527 ], [ 36.5364089, 25.6181046 ], [ 36.5352904, 25.617314 ], [ 36.5341719, 25.6165236 ], [ 36.53361, 25.6162569 ] ] ] ] } },
{ "type": "Feature", "properties": { "FID": 54981, "id": 1561, "left": 35.0, "top": 30.0, "right": 40.0, "bottom": 25.0, "row_index": 12, "col_index": 43, "min_lon": 35.0, "min_lat": 25.0, "tile_id": "35_25" }, "geometry": { "type": "MultiPolygon", "coordinates": [ [ [ [ 36.7210166, 25.7570418 ], [ 36.7210117, 25.7572988 ], [ 36.7218588, 25.7575695 ], [ 36.7218735, 25.756798 ], [ 36.7210166, 25.7570418 ] ] ] ] } },
{ "type": "Feature", "properties": { "FID": 54982, "id": 1561, "left": 35.0, "top": 30.0, "right": 40.0, "bottom": 25.0, "row_index": 12, "col_index": 43, "min_lon": 35.0, "min_lat": 25.0, "tile_id": "35_25" }, "geometry": { "type": "MultiPolygon", "coordinates": [ [ [ [ 36.4316529, 26.1598801 ], [ 36.4305077, 26.1601169 ], [ 36.4303535, 26.1606285 ], [ 36.4296277, 26.1612581 ], [ 36.429055, 26.1613768 ], [ 36.4289534, 26.1615438 ], [ 36.4276222, 26.1617364 ], [ 36.4270439, 26.1621123 ], [ 36.4270327, 26.1626266 ], [ 36.4287475, 26.1624 ], [ 36.4291444, 26.1617232 ], [ 36.4301889, 26.1616542 ], [ 36.4304907, 26.160888 ], [ 36.4319263, 26.1603992 ], [ 36.4322338, 26.159376 ], [ 36.431664, 26.159366 ], [ 36.4316529, 26.1598801 ] ] ] ] } },
{ "type": "Feature", "properties": { "FID": 54983, "id": 1561, "left": 35.0, "top": 30.0, "right": 40.0, "bottom": 25.0, "row_index": 12, "col_index": 43, "min_lon": 35.0, "min_lat": 25.0, "tile_id": "35_25" }, "geometry": { "type": "MultiPolygon", "coordinates": [ [ [ [ 36.6890247, 25.7441986 ], [ 36.6891374, 25.7457438 ], [ 36.6899843, 25.7460145 ], [ 36.6899743, 25.7465287 ], [ 36.6905422, 25.7465378 ], [ 36.6905621, 25.7455091 ], [ 36.6902782, 25.7455046 ], [ 36.690288, 25.7449903 ], [ 36.6895878, 25.7444647 ], [ 36.6894562, 25.7439483 ], [ 36.6890247, 25.7441986 ] ] ] ] } },
{ "type": "Feature", "properties": { "FID": 54984, "id": 1561, "left": 35.0, "top": 30.0, "right": 40.0, "bottom": 25.0, "row_index": 12, "col_index": 43, "min_lon": 35.0, "min_lat": 25.0, "tile_id": "35_25" }, "geometry": { "type": "MultiPolygon", "coordinates": [ [ [ [ 36.3808886, 26.1742669 ], [ 36.3805979, 26.1745187 ], [ 36.3794554, 26.174627 ], [ 36.3792953, 26.1753956 ], [ 36.378854, 26.1760301 ], [ 36.3779937, 26.1762715 ], [ 36.377703, 26.1765234 ], [ 36.3762668, 26.1770116 ], [ 36.3756856, 26.1775153 ], [ 36.3745401, 26.1777517 ], [ 36.3739587, 26.1782554 ], [ 36.3728077, 26.1787487 ], [ 36.371764, 26.1787702 ], [ 36.3716709, 26.1785998 ], [ 36.3725314, 26.1783584 ], [ 36.3725429, 26.1778441 ], [ 36.3716883, 26.1778286 ], [ 36.3716765, 26.1783427 ], [ 36.3702492, 26.1784448 ], [ 36.3691008, 26.1788099 ], [ 36.3690893, 26.1793242 ], [ 36.3702377, 26.1789589 ], [ 36.3715652, 26.1789426 ], [ 36.3716593, 26.179114 ], [ 36.3682144, 26.1802078 ], [ 36.3669058, 26.1813416 ], [ 36.3663127, 26.1823595 ], [ 36.3663012, 26.1828736 ], [ 36.3661564, 26.1829991 ], [ 36.3638655, 26.1834714 ], [ 36.3635747, 26.1837234 ], [ 36.3618595, 26.183949 ], [ 36.3604261, 26.1843089 ], [ 36.3604146, 26.1848231 ], [ 36.3595539, 26.1850645 ], [ 36.3595308, 26.1860928 ], [ 36.3606618, 26.1864988 ], [ 36.360941, 26.1867612 ], [ 36.3617928, 26.1869057 ], [ 36.3618043, 26.1863917 ], [ 36.363796, 26.1865563 ], [ 36.3652263, 26.1863253 ], [ 36.3683894, 26.1850974 ], [ 36.3701048, 26.1848715 ], [ 36.3703955, 26.1846198 ], [ 36.3721165, 26.1841369 ], [ 36.3732736, 26.1833864 ], [ 36.3761402, 26.1826672 ], [ 36.3764308, 26.1824153 ], [ 36.3772913, 26.1821739 ], [ 36.377582, 26.181922 ], [ 36.3781547, 26.1818042 ], [ 36.3788839, 26.181046 ], [ 36.3794709, 26.1802853 ], [ 36.3796253, 26.1797736 ], [ 36.3807678, 26.1796655 ], [ 36.3813492, 26.1791617 ], [ 36.3819218, 26.1790439 ], [ 36.3819334, 26.1785298 ], [ 36.3827939, 26.1782883 ], [ 36.3831018, 26.1772652 ], [ 36.3836803, 26.1768895 ], [ 36.3845465, 26.1763909 ], [ 36.3851192, 26.1762732 ], [ 36.3845781, 26.1749774 ], [ 36.3840082, 26.174967 ], [ 36.3838767, 26.1744503 ], [ 36.3831736, 26.1740513 ], [ 36.3828888, 26.1740462 ], [ 36.3808886, 26.1742669 ] ] ] ] } },
{ "type": "Feature", "properties": { "FID": 54985, "id": 1561, "left": 35.0, "top": 30.0, "right": 40.0, "bottom": 25.0, "row_index": 12, "col_index": 43, "min_lon": 35.0, "min_lat": 25.0, "tile_id": "35_25" }, "geometry": { "type": "MultiPolygon", "coordinates": [ [ [ [ 36.8111187, 25.6997819 ], [ 36.811526, 25.700817 ], [ 36.8123659, 25.7014723 ], [ 36.8140668, 25.7016269 ], [ 36.8140762, 25.7011126 ], [ 36.8137923, 25.7011083 ], [ 36.8138016, 25.700594 ], [ 36.8135177, 25.7005896 ], [ 36.8133848, 25.7000731 ], [ 36.8132457, 25.6999421 ], [ 36.8126803, 25.6998055 ], [ 36.8125474, 25.699289 ], [ 36.8121291, 25.6988962 ], [ 36.81128, 25.6987554 ], [ 36.8111187, 25.6997819 ] ] ] ] } },
{ "type": "Feature", "properties": { "FID": 54986, "id": 1561, "left": 35.0, "top": 30.0, "right": 40.0, "bottom": 25.0, "row_index": 12, "col_index": 43, "min_lon": 35.0, "min_lat": 25.0, "tile_id": "35_25" }, "geometry": { "type": "MultiPolygon", "coordinates": [ [ [ [ 36.7337554, 25.7518472 ], [ 36.7336042, 25.7523592 ], [ 36.7344463, 25.7528869 ], [ 36.734456, 25.7523726 ], [ 36.735308, 25.7523859 ], [ 36.7353129, 25.7521286 ], [ 36.7350288, 25.7521243 ], [ 36.7350338, 25.751867 ], [ 36.7347522, 25.7517336 ], [ 36.7339003, 25.7517204 ], [ 36.7337554, 25.7518472 ] ] ] ] } },
{ "type": "Feature", "properties": { "FID": 54987, "id": 1561, "left": 35.0, "top": 30.0, "right": 40.0, "bottom": 25.0, "row_index": 12, "col_index": 43, "min_lon": 35.0, "min_lat": 25.0, "tile_id": "35_25" }, "geometry": { "type": "MultiPolygon", "coordinates": [ [ [ [ 36.8817104, 25.6095003 ], [ 36.8814224, 25.6097534 ], [ 36.8809815, 25.610647 ], [ 36.8804118, 25.6107678 ], [ 36.8804073, 25.611025 ], [ 36.8809724, 25.6111613 ], [ 36.8863642, 25.6111112 ], [ 36.8858081, 25.6104595 ], [ 36.8824224, 25.6093815 ], [ 36.8818618, 25.608988 ], [ 36.8817104, 25.6095003 ] ] ] ] } },
{ "type": "Feature", "properties": { "FID": 54988, "id": 1561, "left": 35.0, "top": 30.0, "right": 40.0, "bottom": 25.0, "row_index": 12, "col_index": 43, "min_lon": 35.0, "min_lat": 25.0, "tile_id": "35_25" }, "geometry": { "type": "MultiPolygon", "coordinates": [ [ [ [ 36.7801354, 25.7093458 ], [ 36.7801163, 25.7103744 ], [ 36.7809704, 25.7102583 ], [ 36.781259, 25.7100054 ], [ 36.7821129, 25.7098903 ], [ 36.7821225, 25.7093761 ], [ 36.7804217, 25.7092211 ], [ 36.7801354, 25.7093458 ] ] ] ] } },
{ "type": "Feature", "properties": { "FID": 54989, "id": 1561, "left": 35.0, "top": 30.0, "right": 40.0, "bottom": 25.0, "row_index": 12, "col_index": 43, "min_lon": 35.0, "min_lat": 25.0, "tile_id": "35_25" }, "geometry": { "type": "MultiPolygon", "coordinates": [ [ [ [ 36.7649309, 25.5118093 ], [ 36.7650445, 25.5133543 ], [ 36.7673023, 25.5139034 ], [ 36.7673117, 25.5133889 ], [ 36.7667449, 25.5133804 ], [ 36.7667735, 25.5118372 ], [ 36.7650755, 25.5116823 ], [ 36.7649309, 25.5118093 ] ] ] ] } },
{ "type": "Feature", "properties": { "FID": 54990, "id": 1561, "left": 35.0, "top": 30.0, "right": 40.0, "bottom": 25.0, "row_index": 12, "col_index": 43, "min_lon": 35.0, "min_lat": 25.0, "tile_id": "35_25" }, "geometry": { "type": "MultiPolygon", "coordinates": [ [ [ [ 36.5820141, 25.6989907 ], [ 36.5818572, 25.6997597 ], [ 36.5804355, 25.6998645 ], [ 36.5798627, 25.700112 ], [ 36.5788506, 25.700996 ], [ 36.5786988, 25.7015078 ], [ 36.5772798, 25.7014844 ], [ 36.5771008, 25.7032818 ], [ 36.5765125, 25.7043009 ], [ 36.5765021, 25.7048151 ], [ 36.5756402, 25.7053152 ], [ 36.5756245, 25.7060867 ], [ 36.5753303, 25.7065963 ], [ 36.5744684, 25.7070964 ], [ 36.5746004, 25.7076129 ], [ 36.5740301, 25.7077316 ], [ 36.5735907, 25.7083678 ], [ 36.5730075, 25.7091296 ], [ 36.5722855, 25.7097603 ], [ 36.5714312, 25.709875 ], [ 36.5717047, 25.710394 ], [ 36.5708506, 25.710508 ], [ 36.5701326, 25.7108824 ], [ 36.5699808, 25.7113942 ], [ 36.5682726, 25.7116229 ], [ 36.5684087, 25.7118824 ], [ 36.5682464, 25.7129085 ], [ 36.5671033, 25.7132748 ], [ 36.5669581, 25.7134014 ], [ 36.5669477, 25.7139157 ], [ 36.5662203, 25.7148034 ], [ 36.5656501, 25.7149228 ], [ 36.5651923, 25.7164587 ], [ 36.5646142, 25.7169633 ], [ 36.5637155, 25.7192632 ], [ 36.5625592, 25.7202727 ], [ 36.5621207, 25.7209079 ], [ 36.5609774, 25.7212751 ], [ 36.5609617, 25.7220464 ], [ 36.5592481, 25.7225322 ], [ 36.5592324, 25.7233037 ], [ 36.5580889, 25.7236698 ], [ 36.5578, 25.7239223 ], [ 36.5569457, 25.724037 ], [ 36.5567822, 25.7250631 ], [ 36.5561987, 25.7258249 ], [ 36.5561882, 25.7263392 ], [ 36.5564668, 25.726601 ], [ 36.5565883, 25.727632 ], [ 36.5574346, 25.7279034 ], [ 36.5569925, 25.7286675 ], [ 36.5568353, 25.7294365 ], [ 36.5562675, 25.7294271 ], [ 36.5561146, 25.7299389 ], [ 36.5558255, 25.7301912 ], [ 36.5556735, 25.7307032 ], [ 36.556817, 25.730336 ], [ 36.5579472, 25.7306123 ], [ 36.5593639, 25.730765 ], [ 36.5595, 25.7310245 ], [ 36.559343, 25.7317935 ], [ 36.5599134, 25.7316741 ], [ 36.5602023, 25.7314216 ], [ 36.5607727, 25.7313031 ], [ 36.5610356, 25.7323364 ], [ 36.5618926, 25.7320935 ], [ 36.5621502, 25.7333838 ], [ 36.5630018, 25.7333982 ], [ 36.5628173, 25.7354528 ], [ 36.5636482, 25.7364955 ], [ 36.5639162, 25.7372715 ], [ 36.564195, 25.7375335 ], [ 36.5643216, 25.7383072 ], [ 36.5651602, 25.7389638 ], [ 36.5660145, 25.7388501 ], [ 36.5662827, 25.7396261 ], [ 36.5668427, 25.7400209 ], [ 36.5674104, 25.7400304 ], [ 36.567689, 25.7402923 ], [ 36.5682543, 25.7404307 ], [ 36.5683853, 25.7409474 ], [ 36.5689373, 25.7417281 ], [ 36.5689321, 25.7419854 ], [ 36.5686429, 25.7422377 ], [ 36.5684858, 25.7430067 ], [ 36.5687671, 25.7431396 ], [ 36.5693375, 25.7430209 ], [ 36.5695849, 25.7448257 ], [ 36.5707153, 25.7451016 ], [ 36.5706943, 25.7461301 ], [ 36.5718247, 25.7464063 ], [ 36.5722396, 25.7469277 ], [ 36.5720825, 25.7476966 ], [ 36.5726425, 25.7480914 ], [ 36.5734941, 25.7481056 ], [ 36.5768805, 25.7491908 ], [ 36.5777217, 25.7497193 ], [ 36.5802796, 25.7496336 ], [ 36.5807155, 25.7491265 ], [ 36.5808684, 25.7486145 ], [ 36.5814337, 25.7487521 ], [ 36.5817226, 25.7484998 ], [ 36.5822932, 25.7483811 ], [ 36.5822983, 25.7481239 ], [ 36.5820144, 25.7481192 ], [ 36.5820196, 25.7478621 ], [ 36.5823036, 25.7478669 ], [ 36.5814936, 25.7457956 ], [ 36.5809256, 25.7457862 ], [ 36.5805357, 25.7439791 ], [ 36.5810143, 25.741415 ], [ 36.5818659, 25.7414291 ], [ 36.5815977, 25.7406529 ], [ 36.5824546, 25.7404101 ], [ 36.5826013, 25.7401553 ], [ 36.5826168, 25.7393838 ], [ 36.5824781, 25.7392524 ], [ 36.5813477, 25.7389765 ], [ 36.5805115, 25.738191 ], [ 36.579665, 25.7379196 ], [ 36.5791129, 25.7371388 ], [ 36.5785452, 25.7371294 ], [ 36.5779825, 25.7368629 ], [ 36.5768678, 25.7358155 ], [ 36.5763027, 25.7356779 ], [ 36.5767122, 25.7364564 ], [ 36.5768521, 25.7365868 ], [ 36.5774174, 25.7367253 ], [ 36.5774121, 25.7369824 ], [ 36.577696, 25.7369871 ], [ 36.5776909, 25.7372443 ], [ 36.5762817, 25.7367064 ], [ 36.5762016, 25.735845 ], [ 36.5751645, 25.7357871 ], [ 36.5747459, 25.7353948 ], [ 36.5747616, 25.7346233 ], [ 36.5750768, 25.7330854 ], [ 36.5749379, 25.7329538 ], [ 36.5743728, 25.7328164 ], [ 36.5743938, 25.7317879 ], [ 36.573253, 25.732026 ], [ 36.5739778, 25.7312664 ], [ 36.57361, 25.7284309 ], [ 36.5730449, 25.7282925 ], [ 36.5722063, 25.7276359 ], [ 36.5721959, 25.7281502 ], [ 36.5713494, 25.7278788 ], [ 36.57136, 25.7273645 ], [ 36.5719277, 25.727374 ], [ 36.5719381, 25.7268597 ], [ 36.5710865, 25.7268455 ], [ 36.5714017, 25.7253076 ], [ 36.569696, 25.7254072 ], [ 36.5695508, 25.7255339 ], [ 36.5692303, 25.727329 ], [ 36.5692095, 25.7283575 ], [ 36.5693467, 25.728617 ], [ 36.5682139, 25.728469 ], [ 36.5673465, 25.7292262 ], [ 36.5666283, 25.7296006 ], [ 36.5664766, 25.7301124 ], [ 36.5648612, 25.7305114 ], [ 36.563906, 25.7308412 ], [ 36.5639111, 25.7305839 ], [ 36.5647733, 25.7300839 ], [ 36.5653411, 25.7300935 ], [ 36.565493, 25.7295815 ], [ 36.5660712, 25.7290769 ], [ 36.5662241, 25.7285649 ], [ 36.5656563, 25.7285554 ], [ 36.565203, 25.7283758 ], [ 36.5645208, 25.7285365 ], [ 36.5630963, 25.7287697 ], [ 36.5631014, 25.7285127 ], [ 36.563961, 25.7281407 ], [ 36.5645391, 25.7276361 ], [ 36.5648309, 25.7272555 ], [ 36.5671254, 25.726136 ], [ 36.5676958, 25.7260173 ], [ 36.5677115, 25.725246 ], [ 36.5682819, 25.7251264 ], [ 36.5685709, 25.7248741 ], [ 36.5691413, 25.7247554 ], [ 36.5691517, 25.7242411 ], [ 36.5697194, 25.7242506 ], [ 36.5694199, 25.7250173 ], [ 36.5711231, 25.7250457 ], [ 36.5712698, 25.7247909 ], [ 36.5712906, 25.7237624 ], [ 36.5703055, 25.7233596 ], [ 36.5694696, 25.7225741 ], [ 36.5689045, 25.7224365 ], [ 36.5689254, 25.721408 ], [ 36.5683603, 25.7212695 ], [ 36.5682205, 25.7211391 ], [ 36.5682309, 25.7206248 ], [ 36.568851, 25.7180629 ], [ 36.5694291, 25.7175583 ], [ 36.569582, 25.7170463 ], [ 36.5701496, 25.7170557 ], [ 36.5701602, 25.7165414 ], [ 36.5707357, 25.7161648 ], [ 36.5713059, 25.7160463 ], [ 36.5714526, 25.7157915 ], [ 36.5714682, 25.71502 ], [ 36.5713295, 25.7148886 ], [ 36.5707644, 25.714751 ], [ 36.5707695, 25.714494 ], [ 36.5713399, 25.7143744 ], [ 36.5719181, 25.7138695 ], [ 36.573345, 25.713508 ], [ 36.5733346, 25.7140223 ], [ 36.5736185, 25.714027 ], [ 36.5740541, 25.7135199 ], [ 36.5743953, 25.710696 ], [ 36.5746845, 25.7104437 ], [ 36.5748372, 25.7099317 ], [ 36.5754127, 25.7095551 ], [ 36.5759829, 25.7094365 ], [ 36.5764187, 25.7089293 ], [ 36.5765714, 25.7084175 ], [ 36.5774282, 25.7081744 ], [ 36.5774386, 25.7076601 ], [ 36.5780141, 25.7072835 ], [ 36.5788682, 25.7071695 ], [ 36.5788786, 25.7066552 ], [ 36.5794541, 25.7062785 ], [ 36.5808757, 25.7061738 ], [ 36.5806075, 25.7053978 ], [ 36.5823286, 25.7045258 ], [ 36.5845939, 25.7048204 ], [ 36.585435, 25.7053489 ], [ 36.5865756, 25.7051105 ], [ 36.5891609, 25.7036101 ], [ 36.590015, 25.7034959 ], [ 36.5903195, 25.7024721 ], [ 36.5914599, 25.7022338 ], [ 36.5914703, 25.7017195 ], [ 36.5909027, 25.70171 ], [ 36.5909131, 25.7011958 ], [ 36.5897805, 25.701048 ], [ 36.589218, 25.7007815 ], [ 36.5883665, 25.7007675 ], [ 36.5863902, 25.7002203 ], [ 36.5844244, 25.6991589 ], [ 36.5835886, 25.6983734 ], [ 36.5830209, 25.698364 ], [ 36.5820141, 25.6989907 ] ] ] ] } },
{ "type": "Feature", "properties": { "FID": 54991, "id": 1561, "left": 35.0, "top": 30.0, "right": 40.0, "bottom": 25.0, "row_index": 12, "col_index": 43, "min_lon": 35.0, "min_lat": 25.0, "tile_id": "35_25" }, "geometry": { "type": "MultiPolygon", "coordinates": [ [ [ [ 36.9757763, 25.5246499 ], [ 36.9757633, 25.5254214 ], [ 36.976328, 25.5255575 ], [ 36.9766071, 25.5258185 ], [ 36.9774597, 25.5257023 ], [ 36.9777648, 25.5244201 ], [ 36.976633, 25.5242753 ], [ 36.9757763, 25.5246499 ] ] ] ] } },
{ "type": "Feature", "properties": { "FID": 54992, "id": 1561, "left": 35.0, "top": 30.0, "right": 40.0, "bottom": 25.0, "row_index": 12, "col_index": 43, "min_lon": 35.0, "min_lat": 25.0, "tile_id": "35_25" }, "geometry": { "type": "MultiPolygon", "coordinates": [ [ [ [ 36.9668854, 25.5726351 ], [ 36.9667353, 25.5731477 ], [ 36.9655988, 25.57326 ], [ 36.9644514, 25.5740158 ], [ 36.9638821, 25.5741369 ], [ 36.9637224, 25.5751638 ], [ 36.9632932, 25.5754151 ], [ 36.9632628, 25.5772156 ], [ 36.9635463, 25.5772195 ], [ 36.9635376, 25.577734 ], [ 36.9641048, 25.5777417 ], [ 36.9646502, 25.5790356 ], [ 36.9649337, 25.5790396 ], [ 36.9649468, 25.5782681 ], [ 36.965802, 25.5780228 ], [ 36.9659606, 25.5769959 ], [ 36.9668245, 25.576236 ], [ 36.9671167, 25.5757257 ], [ 36.9671297, 25.574954 ], [ 36.9664278, 25.5745578 ], [ 36.9661507, 25.5741685 ], [ 36.9670059, 25.5739232 ], [ 36.9670146, 25.5734087 ], [ 36.9672961, 25.5735408 ], [ 36.9684325, 25.5734286 ], [ 36.968578, 25.5731732 ], [ 36.9685867, 25.5726588 ], [ 36.9684476, 25.5725278 ], [ 36.9670298, 25.5725081 ], [ 36.9668854, 25.5726351 ] ] ] ] } },
{ "type": "Feature", "properties": { "FID": 54993, "id": 1561, "left": 35.0, "top": 30.0, "right": 40.0, "bottom": 25.0, "row_index": 12, "col_index": 43, "min_lon": 35.0, "min_lat": 25.0, "tile_id": "35_25" }, "geometry": { "type": "MultiPolygon", "coordinates": [ [ [ [ 36.9193577, 25.6064395 ], [ 36.9204879, 25.606713 ], [ 36.9204925, 25.6064557 ], [ 36.9202088, 25.6064518 ], [ 36.9202131, 25.6061945 ], [ 36.9196482, 25.6060573 ], [ 36.9193577, 25.6064395 ] ] ] ] } },
{ "type": "Feature", "properties": { "FID": 54994, "id": 1561, "left": 35.0, "top": 30.0, "right": 40.0, "bottom": 25.0, "row_index": 12, "col_index": 43, "min_lon": 35.0, "min_lat": 25.0, "tile_id": "35_25" }, "geometry": { "type": "MultiPolygon", "coordinates": [ [ [ [ 36.697718, 25.5653025 ], [ 36.6972578, 25.5670959 ], [ 36.6976637, 25.5681313 ], [ 36.6982309, 25.5681401 ], [ 36.6982211, 25.5686544 ], [ 36.6990593, 25.5693102 ], [ 36.7004795, 25.5692044 ], [ 36.7007777, 25.5684374 ], [ 36.7013447, 25.5684463 ], [ 36.701638, 25.5679366 ], [ 36.7013545, 25.5679321 ], [ 36.7013594, 25.5676748 ], [ 36.7007924, 25.5676659 ], [ 36.7007974, 25.5674089 ], [ 36.7025033, 25.5671783 ], [ 36.7028113, 25.5658971 ], [ 36.7033783, 25.565906 ], [ 36.7033882, 25.5653917 ], [ 36.7022542, 25.5653738 ], [ 36.7022689, 25.5646024 ], [ 36.697718, 25.5653025 ] ] ] ] } },
{ "type": "Feature", "properties": { "FID": 54995, "id": 1561, "left": 35.0, "top": 30.0, "right": 40.0, "bottom": 25.0, "row_index": 12, "col_index": 43, "min_lon": 35.0, "min_lat": 25.0, "tile_id": "35_25" }, "geometry": { "type": "MultiPolygon", "coordinates": [ [ [ [ 36.7133504, 25.5634898 ], [ 36.7139124, 25.5637557 ], [ 36.7142107, 25.5629888 ], [ 36.7139272, 25.5629844 ], [ 36.7139319, 25.5627272 ], [ 36.7133698, 25.5624611 ], [ 36.7133504, 25.5634898 ] ] ] ] } },
{ "type": "Feature", "properties": { "FID": 54996, "id": 1561, "left": 35.0, "top": 30.0, "right": 40.0, "bottom": 25.0, "row_index": 12, "col_index": 43, "min_lon": 35.0, "min_lat": 25.0, "tile_id": "35_25" }, "geometry": { "type": "MultiPolygon", "coordinates": [ [ [ [ 36.7901467, 25.5048597 ], [ 36.7889967, 25.5057431 ], [ 36.7889919, 25.5060004 ], [ 36.790128, 25.5058885 ], [ 36.7904089, 25.5060217 ], [ 36.7909993, 25.5047444 ], [ 36.7901467, 25.5048597 ] ] ] ] } },
{ "type": "Feature", "properties": { "FID": 54997, "id": 1561, "left": 35.0, "top": 30.0, "right": 40.0, "bottom": 25.0, "row_index": 12, "col_index": 43, "min_lon": 35.0, "min_lat": 25.0, "tile_id": "35_25" }, "geometry": { "type": "MultiPolygon", "coordinates": [ [ [ [ 36.4821729, 26.0632963 ], [ 36.4818552, 26.064834 ], [ 36.481286, 26.064824 ], [ 36.4814222, 26.0650837 ], [ 36.4814113, 26.0655978 ], [ 36.4808308, 26.066102 ], [ 36.4808089, 26.0671306 ], [ 36.4805131, 26.0676397 ], [ 36.4803438, 26.0689227 ], [ 36.4800592, 26.0689178 ], [ 36.4800372, 26.0699461 ], [ 36.4806065, 26.0699561 ], [ 36.4813563, 26.0681688 ], [ 36.4813727, 26.0673974 ], [ 36.4816683, 26.0668883 ], [ 36.4816849, 26.066117 ], [ 36.4822706, 26.0653557 ], [ 36.48243, 26.0645868 ], [ 36.4832895, 26.0643447 ], [ 36.4837269, 26.0638378 ], [ 36.4838862, 26.0630692 ], [ 36.4821729, 26.0632963 ] ] ] ] } },
{ "type": "Feature", "properties": { "FID": 54998, "id": 1561, "left": 35.0, "top": 30.0, "right": 40.0, "bottom": 25.0, "row_index": 12, "col_index": 43, "min_lon": 35.0, "min_lat": 25.0, "tile_id": "35_25" }, "geometry": { "type": "MultiPolygon", "coordinates": [ [ [ [ 36.73625, 25.7176737 ], [ 36.7362352, 25.7184452 ], [ 36.7356652, 25.7185645 ], [ 36.7350876, 25.7190701 ], [ 36.73437, 25.7194452 ], [ 36.7341946, 25.7212432 ], [ 36.7353131, 25.7221604 ], [ 36.7372882, 25.7228346 ], [ 36.7374394, 25.7223226 ], [ 36.7380167, 25.721817 ], [ 36.7381738, 25.7210478 ], [ 36.7378899, 25.7210432 ], [ 36.7379094, 25.7200147 ], [ 36.7381933, 25.720019 ], [ 36.7376645, 25.7179531 ], [ 36.7370967, 25.7179442 ], [ 36.7371063, 25.7174299 ], [ 36.73625, 25.7176737 ] ] ] ] } },
{ "type": "Feature", "properties": { "FID": 54999, "id": 1561, "left": 35.0, "top": 30.0, "right": 40.0, "bottom": 25.0, "row_index": 12, "col_index": 43, "min_lon": 35.0, "min_lat": 25.0, "tile_id": "35_25" }, "geometry": { "type": "MultiPolygon", "coordinates": [ [ [ [ 36.7790199, 25.7005827 ], [ 36.7787313, 25.7008353 ], [ 36.7785707, 25.701862 ], [ 36.7794104, 25.7025174 ], [ 36.7811159, 25.7024152 ], [ 36.7811254, 25.7019009 ], [ 36.7808415, 25.7018966 ], [ 36.7808511, 25.7013821 ], [ 36.7805673, 25.7013778 ], [ 36.7804391, 25.7006042 ], [ 36.7803, 25.700473 ], [ 36.7791719, 25.7000705 ], [ 36.7790199, 25.7005827 ] ] ] ] } },
{ "type": "Feature", "properties": { "FID": 55000, "id": 1561, "left": 35.0, "top": 30.0, "right": 40.0, "bottom": 25.0, "row_index": 12, "col_index": 43, "min_lon": 35.0, "min_lat": 25.0, "tile_id": "35_25" }, "geometry": { "type": "MultiPolygon", "coordinates": [ [ [ [ 36.6824884, 25.6785012 ], [ 36.6841737, 25.6794279 ], [ 36.6850225, 25.6795704 ], [ 36.6850423, 25.6785419 ], [ 36.6844747, 25.6785328 ], [ 36.6844799, 25.6782757 ], [ 36.6839123, 25.6782667 ], [ 36.6837798, 25.6777501 ], [ 36.6836409, 25.6776188 ], [ 36.6825082, 25.6774727 ], [ 36.6824884, 25.6785012 ] ] ] ] } },
{ "type": "Feature", "properties": { "FID": 55001, "id": 1561, "left": 35.0, "top": 30.0, "right": 40.0, "bottom": 25.0, "row_index": 12, "col_index": 43, "min_lon": 35.0, "min_lat": 25.0, "tile_id": "35_25" }, "geometry": { "type": "MultiPolygon", "coordinates": [ [ [ [ 36.7551101, 25.6886405 ], [ 36.7556633, 25.6894209 ], [ 36.7557913, 25.6901945 ], [ 36.7563588, 25.6902032 ], [ 36.7566281, 25.690979 ], [ 36.7571885, 25.6913731 ], [ 36.7591681, 25.6917898 ], [ 36.759173, 25.6915328 ], [ 36.7588892, 25.6915284 ], [ 36.7588988, 25.691014 ], [ 36.7586149, 25.6910096 ], [ 36.7584822, 25.6904931 ], [ 36.7583431, 25.6903619 ], [ 36.7572152, 25.6899592 ], [ 36.7572295, 25.6891877 ], [ 36.7566644, 25.6890499 ], [ 36.7563853, 25.6887883 ], [ 36.7555363, 25.6886471 ], [ 36.7552717, 25.687614 ], [ 36.754988, 25.6876097 ], [ 36.7551101, 25.6886405 ] ] ] ] } },
{ "type": "Feature", "properties": { "FID": 55002, "id": 1561, "left": 35.0, "top": 30.0, "right": 40.0, "bottom": 25.0, "row_index": 12, "col_index": 43, "min_lon": 35.0, "min_lat": 25.0, "tile_id": "35_25" }, "geometry": { "type": "MultiPolygon", "coordinates": [ [ [ [ 36.7183417, 25.7706332 ], [ 36.7186208, 25.7708947 ], [ 36.7187486, 25.7716683 ], [ 36.7190325, 25.7716728 ], [ 36.7190523, 25.7706443 ], [ 36.7187682, 25.7706398 ], [ 36.7187781, 25.7701255 ], [ 36.718494, 25.770121 ], [ 36.7185087, 25.7693495 ], [ 36.7182249, 25.7693451 ], [ 36.7183417, 25.7706332 ] ] ] ] } },
{ "type": "Feature", "properties": { "FID": 55003, "id": 1561, "left": 35.0, "top": 30.0, "right": 40.0, "bottom": 25.0, "row_index": 12, "col_index": 43, "min_lon": 35.0, "min_lat": 25.0, "tile_id": "35_25" }, "geometry": { "type": "MultiPolygon", "coordinates": [ [ [ [ 36.6915165, 25.7915682 ], [ 36.6913549, 25.7925945 ], [ 36.6910709, 25.7925899 ], [ 36.691061, 25.7931044 ], [ 36.6927703, 25.7928742 ], [ 36.6926477, 25.7918434 ], [ 36.6923685, 25.7915816 ], [ 36.692237, 25.7910651 ], [ 36.6915165, 25.7915682 ] ] ] ] } },
{ "type": "Feature", "properties": { "FID": 55004, "id": 1561, "left": 35.0, "top": 30.0, "right": 40.0, "bottom": 25.0, "row_index": 12, "col_index": 43, "min_lon": 35.0, "min_lat": 25.0, "tile_id": "35_25" }, "geometry": { "type": "MultiPolygon", "coordinates": [ [ [ [ 36.724483, 25.7540091 ], [ 36.725051, 25.754018 ], [ 36.724326, 25.7547783 ], [ 36.7241746, 25.7552905 ], [ 36.7236066, 25.7552816 ], [ 36.7237384, 25.7557982 ], [ 36.7230118, 25.7566867 ], [ 36.7221574, 25.7568023 ], [ 36.721844, 25.7583408 ], [ 36.72156, 25.7583364 ], [ 36.7215256, 25.7601365 ], [ 36.7223776, 25.7601499 ], [ 36.7226762, 25.7593827 ], [ 36.7238121, 25.7594005 ], [ 36.7242572, 25.7583786 ], [ 36.7251239, 25.7576205 ], [ 36.725281, 25.7568513 ], [ 36.7264218, 25.7566118 ], [ 36.7267206, 25.7558448 ], [ 36.7281477, 25.7554808 ], [ 36.7287255, 25.7549753 ], [ 36.7301526, 25.7546122 ], [ 36.7301625, 25.7540979 ], [ 36.7315822, 25.75412 ], [ 36.7315872, 25.7538628 ], [ 36.7276238, 25.7531575 ], [ 36.7259298, 25.7526165 ], [ 36.7255206, 25.7517103 ], [ 36.7251001, 25.7514464 ], [ 36.724483, 25.7540091 ] ] ] ] } },
{ "type": "Feature", "properties": { "FID": 55005, "id": 1561, "left": 35.0, "top": 30.0, "right": 40.0, "bottom": 25.0, "row_index": 12, "col_index": 43, "min_lon": 35.0, "min_lat": 25.0, "tile_id": "35_25" }, "geometry": { "type": "MultiPolygon", "coordinates": [ [ [ [ 36.7152538, 25.5626593 ], [ 36.7147777, 25.5629976 ], [ 36.7147679, 25.5635119 ], [ 36.7150514, 25.5635165 ], [ 36.7154443, 25.5628383 ], [ 36.7164787, 25.5630241 ], [ 36.7164836, 25.5627671 ], [ 36.7159191, 25.5626291 ], [ 36.7153592, 25.562235 ], [ 36.7152538, 25.5626593 ] ] ] ] } },
{ "type": "Feature", "properties": { "FID": 55006, "id": 1561, "left": 35.0, "top": 30.0, "right": 40.0, "bottom": 25.0, "row_index": 12, "col_index": 43, "min_lon": 35.0, "min_lat": 25.0, "tile_id": "35_25" }, "geometry": { "type": "MultiPolygon", "coordinates": [ [ [ [ 36.8504511, 25.5408722 ], [ 36.8515759, 25.5414031 ], [ 36.8518686, 25.540893 ], [ 36.8515851, 25.5408888 ], [ 36.8515897, 25.5406316 ], [ 36.8504604, 25.5403577 ], [ 36.8504511, 25.5408722 ] ] ] ] } },
{ "type": "Feature", "properties": { "FID": 55007, "id": 1561, "left": 35.0, "top": 30.0, "right": 40.0, "bottom": 25.0, "row_index": 12, "col_index": 43, "min_lon": 35.0, "min_lat": 25.0, "tile_id": "35_25" }, "geometry": { "type": "MultiPolygon", "coordinates": [ [ [ [ 36.8274992, 25.7280667 ], [ 36.8283463, 25.7283365 ], [ 36.8283557, 25.7278223 ], [ 36.8280717, 25.7278179 ], [ 36.8280904, 25.7267894 ], [ 36.8275226, 25.7267809 ], [ 36.8275319, 25.7262664 ], [ 36.827248, 25.7262623 ], [ 36.8274992, 25.7280667 ] ] ] ] } },
{ "type": "Feature", "properties": { "FID": 55008, "id": 1561, "left": 35.0, "top": 30.0, "right": 40.0, "bottom": 25.0, "row_index": 12, "col_index": 43, "min_lon": 35.0, "min_lat": 25.0, "tile_id": "35_25" }, "geometry": { "type": "MultiPolygon", "coordinates": [ [ [ [ 35.2689591, 27.6660716 ], [ 35.268943, 27.6660668 ], [ 35.2689081, 27.6660478 ], [ 35.2689108, 27.6659647 ], [ 35.2688867, 27.6659552 ], [ 35.268825, 27.6659813 ], [ 35.2687848, 27.6660407 ], [ 35.2687445, 27.6660811 ], [ 35.2686882, 27.6661191 ], [ 35.268656, 27.6661618 ], [ 35.2685836, 27.6661927 ], [ 35.2684951, 27.6662402 ], [ 35.2684414, 27.6663044 ], [ 35.2683341, 27.6663566 ], [ 35.2682456, 27.6664018 ], [ 35.2682215, 27.6664659 ], [ 35.2681196, 27.6664802 ], [ 35.2681142, 27.6665514 ], [ 35.2680767, 27.6666013 ], [ 35.2680311, 27.6666393 ], [ 35.2679667, 27.6666726 ], [ 35.2679291, 27.6667106 ], [ 35.2678996, 27.6667629 ], [ 35.2678433, 27.6667581 ], [ 35.2677495, 27.6668392 ], [ 35.2676555, 27.6669125 ], [ 35.2676314, 27.6670004 ], [ 35.2675563, 27.6670313 ], [ 35.2674893, 27.6670313 ], [ 35.2673578, 27.6670741 ], [ 35.2673659, 27.6671097 ], [ 35.267331, 27.6671429 ], [ 35.2672586, 27.6671501 ], [ 35.2671888, 27.6671691 ], [ 35.2671593, 27.667219 ], [ 35.2671486, 27.6672617 ], [ 35.267154, 27.6673045 ], [ 35.2671835, 27.667333 ], [ 35.267221, 27.6673401 ], [ 35.2672747, 27.667314 ], [ 35.2673471, 27.667276 ], [ 35.2674302, 27.6673069 ], [ 35.2675161, 27.6672878 ], [ 35.2675724, 27.6672475 ], [ 35.2676421, 27.6672308 ], [ 35.2676958, 27.6672023 ], [ 35.2677387, 27.6672095 ], [ 35.2677682, 27.6672237 ], [ 35.2678218, 27.6671976 ], [ 35.2678218, 27.6671453 ], [ 35.267846, 27.6670788 ], [ 35.2678782, 27.6670384 ], [ 35.2679157, 27.6670075 ], [ 35.2680123, 27.6670004 ], [ 35.2680445, 27.6669695 ], [ 35.2680498, 27.6669196 ], [ 35.2680847, 27.666865 ], [ 35.2681276, 27.6667937 ], [ 35.2681679, 27.6667248 ], [ 35.268192, 27.6666678 ], [ 35.2682081, 27.6666203 ], [ 35.2682859, 27.6665823 ], [ 35.2683744, 27.6665372 ], [ 35.2684548, 27.6664944 ], [ 35.268538, 27.6664469 ], [ 35.2686372, 27.666416 ], [ 35.2687097, 27.6663994 ], [ 35.2687579, 27.6663685 ], [ 35.2688679, 27.6662711 ], [ 35.2689081, 27.666226 ], [ 35.2689323, 27.6661547 ], [ 35.2689591, 27.6660716 ] ] ] ] } },
{ "type": "Feature", "properties": { "FID": 55009, "id": 1561, "left": 35.0, "top": 30.0, "right": 40.0, "bottom": 25.0, "row_index": 12, "col_index": 43, "min_lon": 35.0, "min_lat": 25.0, "tile_id": "35_25" }, "geometry": { "type": "MultiPolygon", "coordinates": [ [ [ [ 35.7800822, 27.0783295 ], [ 35.7801012, 27.0791005 ], [ 35.7806754, 27.0790891 ], [ 35.7806563, 27.078318 ], [ 35.7800822, 27.0783295 ] ] ] ] } },
{ "type": "Feature", "properties": { "FID": 55012, "id": 1561, "left": 35.0, "top": 30.0, "right": 40.0, "bottom": 25.0, "row_index": 12, "col_index": 43, "min_lon": 35.0, "min_lat": 25.0, "tile_id": "35_25" }, "geometry": { "type": "MultiPolygon", "coordinates": [ [ [ [ 35.1902068, 27.9746332 ], [ 35.190255, 27.9742778 ], [ 35.1904696, 27.9737472 ], [ 35.1907915, 27.9731361 ], [ 35.1910222, 27.9728329 ], [ 35.1915854, 27.972307 ], [ 35.1922184, 27.9718569 ], [ 35.1928836, 27.9714873 ], [ 35.1932108, 27.9714494 ], [ 35.1935005, 27.97144 ], [ 35.1938331, 27.9714257 ], [ 35.1939565, 27.971421 ], [ 35.1940745, 27.9714305 ], [ 35.1941764, 27.9714589 ], [ 35.1942676, 27.9714447 ], [ 35.1944313, 27.9713615 ], [ 35.1943535, 27.9712031 ], [ 35.1944125, 27.9710846 ], [ 35.1944715, 27.9709804 ], [ 35.1947451, 27.9707956 ], [ 35.1949918, 27.9706345 ], [ 35.1954907, 27.9705682 ], [ 35.1958233, 27.9705824 ], [ 35.1961666, 27.9705872 ], [ 35.1964617, 27.9705966 ], [ 35.1966011, 27.9705966 ], [ 35.1967674, 27.970464 ], [ 35.1969016, 27.9702697 ], [ 35.1970571, 27.9700234 ], [ 35.1971644, 27.9698765 ], [ 35.1972556, 27.9697817 ], [ 35.1973844, 27.9697107 ], [ 35.1978722, 27.9696344 ], [ 35.1982748, 27.9696017 ], [ 35.1987201, 27.9696301 ], [ 35.1990634, 27.9696728 ], [ 35.1994121, 27.9696633 ], [ 35.1997286, 27.9695733 ], [ 35.2000344, 27.9694975 ], [ 35.2004757, 27.9694647 ], [ 35.2003992, 27.9692653 ], [ 35.2002168, 27.9690568 ], [ 35.2001148, 27.9688768 ], [ 35.1996428, 27.9679245 ], [ 35.1994201, 27.9674243 ], [ 35.1991492, 27.9670243 ], [ 35.1990581, 27.9666926 ], [ 35.1989454, 27.9663704 ], [ 35.1988043, 27.9656339 ], [ 35.1986128, 27.9650343 ], [ 35.1984465, 27.9645321 ], [ 35.1983875, 27.9641057 ], [ 35.1983392, 27.963575 ], [ 35.1983607, 27.9629543 ], [ 35.1984787, 27.9623099 ], [ 35.1986611, 27.9617887 ], [ 35.1987308, 27.9615376 ], [ 35.1988971, 27.9612912 ], [ 35.1990634, 27.9609406 ], [ 35.1991546, 27.9607274 ], [ 35.1992994, 27.9604146 ], [ 35.1994979, 27.9601777 ], [ 35.1996803, 27.9600403 ], [ 35.1997662, 27.9599503 ], [ 35.1999485, 27.9596044 ], [ 35.2002007, 27.9591116 ], [ 35.2005011, 27.9586378 ], [ 35.2007049, 27.9583393 ], [ 35.2008176, 27.9580692 ], [ 35.2008551, 27.9577328 ], [ 35.2008927, 27.9574058 ], [ 35.2009088, 27.9571357 ], [ 35.2009195, 27.9568704 ], [ 35.2009678, 27.956733 ], [ 35.2011824, 27.9562402 ], [ 35.2013808, 27.9557569 ], [ 35.2016652, 27.9553778 ], [ 35.2017724, 27.9551977 ], [ 35.2020836, 27.9547665 ], [ 35.2022392, 27.9545106 ], [ 35.2024162, 27.9542832 ], [ 35.2025664, 27.954141 ], [ 35.2026308, 27.9540557 ], [ 35.2029097, 27.9537667 ], [ 35.2032691, 27.953345 ], [ 35.2036017, 27.9530275 ], [ 35.2040738, 27.9527384 ], [ 35.2043527, 27.9526152 ], [ 35.2045619, 27.9525678 ], [ 35.2050823, 27.9525252 ], [ 35.2054471, 27.9524731 ], [ 35.2057046, 27.952402 ], [ 35.2058709, 27.9523309 ], [ 35.2061069, 27.9522883 ], [ 35.2064234, 27.9522598 ], [ 35.2070349, 27.952075 ], [ 35.207212, 27.9517386 ], [ 35.20733, 27.951241 ], [ 35.2075607, 27.9506487 ], [ 35.2078235, 27.9499711 ], [ 35.2079844, 27.9495777 ], [ 35.2082205, 27.949246 ], [ 35.2085048, 27.9487532 ], [ 35.2086818, 27.9484831 ], [ 35.2087998, 27.948322 ], [ 35.2090198, 27.948085 ], [ 35.2091566, 27.9477231 ], [ 35.209347, 27.9473553 ], [ 35.2095133, 27.947033 ], [ 35.2097708, 27.9465828 ], [ 35.2101356, 27.9457725 ], [ 35.2105486, 27.9449432 ], [ 35.2108544, 27.944365 ], [ 35.2111387, 27.9438864 ], [ 35.2113587, 27.9434883 ], [ 35.2118897, 27.9426922 ], [ 35.2123243, 27.9421946 ], [ 35.2127695, 27.9417254 ], [ 35.2130163, 27.9413558 ], [ 35.2133113, 27.9410098 ], [ 35.2137941, 27.9406591 ], [ 35.2139711, 27.9405454 ], [ 35.214293, 27.9403606 ], [ 35.2146363, 27.9402373 ], [ 35.2148616, 27.9401331 ], [ 35.2150333, 27.9400809 ], [ 35.2151459, 27.940062 ], [ 35.2154624, 27.9399056 ], [ 35.2158165, 27.9396449 ], [ 35.2161491, 27.9395407 ], [ 35.2163583, 27.9394554 ], [ 35.2167284, 27.9393464 ], [ 35.2169645, 27.9393085 ], [ 35.2175224, 27.9392516 ], [ 35.2182412, 27.9392421 ], [ 35.2186167, 27.9392895 ], [ 35.2189064, 27.9393274 ], [ 35.2193195, 27.9393985 ], [ 35.2197379, 27.9394222 ], [ 35.2200329, 27.9394791 ], [ 35.2203709, 27.939498 ], [ 35.2206445, 27.9395028 ], [ 35.220843, 27.9395075 ], [ 35.2211648, 27.939517 ], [ 35.2215189, 27.9395502 ], [ 35.2216476, 27.9395739 ], [ 35.2225006, 27.9396923 ], [ 35.2227098, 27.9397208 ], [ 35.2229351, 27.939735 ], [ 35.223096, 27.9397492 ], [ 35.2232516, 27.9397255 ], [ 35.2233267, 27.9397066 ], [ 35.2235627, 27.9396023 ], [ 35.2238363, 27.9392753 ], [ 35.2238899, 27.9391568 ], [ 35.2239811, 27.9390905 ], [ 35.2243996, 27.9388867 ], [ 35.2244908, 27.9387161 ], [ 35.2246088, 27.9385455 ], [ 35.2247697, 27.9384222 ], [ 35.2249145, 27.9383796 ], [ 35.2252042, 27.9383322 ], [ 35.2253705, 27.9383038 ], [ 35.225451, 27.9382327 ], [ 35.2254188, 27.9381616 ], [ 35.2252954, 27.9381426 ], [ 35.2250111, 27.9381521 ], [ 35.2247482, 27.9381853 ], [ 35.2245283, 27.9381995 ], [ 35.2243191, 27.9381095 ], [ 35.2240133, 27.9380621 ], [ 35.2235949, 27.9380004 ], [ 35.2234286, 27.937972 ], [ 35.2231765, 27.9379246 ], [ 35.2228171, 27.9379104 ], [ 35.2224845, 27.937882 ], [ 35.2217925, 27.9378725 ], [ 35.2213043, 27.9378914 ], [ 35.2209288, 27.9379057 ], [ 35.2205425, 27.9379151 ], [ 35.220108, 27.9379531 ], [ 35.2198183, 27.9379673 ], [ 35.2193087, 27.9379341 ], [ 35.2189225, 27.9379341 ], [ 35.2184612, 27.9379294 ], [ 35.2181607, 27.9379483 ], [ 35.2179408, 27.9379957 ], [ 35.2174902, 27.9380668 ], [ 35.2170503, 27.9380763 ], [ 35.2167016, 27.9381474 ], [ 35.2163368, 27.9381805 ], [ 35.2159721, 27.9381805 ], [ 35.2155966, 27.9381663 ], [ 35.2151674, 27.938081 ], [ 35.2147007, 27.9380431 ], [ 35.2141482, 27.9380336 ], [ 35.2137136, 27.9380526 ], [ 35.2133864, 27.9380478 ], [ 35.2129894, 27.9380099 ], [ 35.2124315, 27.9379388 ], [ 35.2116859, 27.9378298 ], [ 35.2113318, 27.9378109 ], [ 35.2106398, 27.937664 ], [ 35.2101517, 27.9375834 ], [ 35.2098191, 27.937536 ], [ 35.2095348, 27.9375076 ], [ 35.2093309, 27.9375834 ], [ 35.2091592, 27.9376403 ], [ 35.2087837, 27.9378441 ], [ 35.2085048, 27.9379009 ], [ 35.2078021, 27.9381948 ], [ 35.2075285, 27.9383559 ], [ 35.2073407, 27.9384886 ], [ 35.207153, 27.9386071 ], [ 35.206874, 27.9387777 ], [ 35.206756, 27.9389293 ], [ 35.2065468, 27.9391473 ], [ 35.2063483, 27.9393227 ], [ 35.2058816, 27.9395644 ], [ 35.2055812, 27.9397208 ], [ 35.2053344, 27.9399198 ], [ 35.2051681, 27.9400146 ], [ 35.2050018, 27.9400809 ], [ 35.2048463, 27.9401331 ], [ 35.2044278, 27.9403748 ], [ 35.2041382, 27.9406402 ], [ 35.2038431, 27.9408724 ], [ 35.2036339, 27.9410288 ], [ 35.2033496, 27.9413226 ], [ 35.2027488, 27.9418392 ], [ 35.202266, 27.9422562 ], [ 35.2019817, 27.9425927 ], [ 35.2016813, 27.9429718 ], [ 35.2013916, 27.9433651 ], [ 35.2011502, 27.9436447 ], [ 35.2008605, 27.944038 ], [ 35.2007049, 27.9442371 ], [ 35.2005386, 27.9444172 ], [ 35.2004796, 27.9444835 ], [ 35.2002382, 27.9445925 ], [ 35.1997125, 27.9448579 ], [ 35.1991814, 27.9451375 ], [ 35.198704, 27.945346 ], [ 35.1984036, 27.9455545 ], [ 35.198012, 27.9456919 ], [ 35.1973361, 27.9460426 ], [ 35.1965207, 27.9463649 ], [ 35.1958662, 27.9465876 ], [ 35.1952869, 27.9469003 ], [ 35.1948523, 27.9471989 ], [ 35.1943642, 27.9474643 ], [ 35.1940906, 27.9477723 ], [ 35.1937795, 27.9480519 ], [ 35.1934093, 27.948431 ], [ 35.1932001, 27.94863 ], [ 35.1929319, 27.9489475 ], [ 35.1923963, 27.9495343 ], [ 35.191918, 27.9499805 ], [ 35.1917303, 27.9501843 ], [ 35.1913708, 27.9506771 ], [ 35.1911455, 27.950843 ], [ 35.1910275, 27.9509994 ], [ 35.1904163, 27.9518803 ], [ 35.1900029, 27.9522977 ], [ 35.1894128, 27.9529801 ], [ 35.1891822, 27.953345 ], [ 35.1889247, 27.9535914 ], [ 35.1886779, 27.9538236 ], [ 35.1884955, 27.9539183 ], [ 35.1883882, 27.9541647 ], [ 35.1881522, 27.9544348 ], [ 35.187884, 27.954686 ], [ 35.1873207, 27.9553304 ], [ 35.1869345, 27.9557332 ], [ 35.1865887, 27.955927 ], [ 35.1863927, 27.9559796 ], [ 35.1862317, 27.9559511 ], [ 35.1861352, 27.9559796 ], [ 35.1860332, 27.9562639 ], [ 35.1859099, 27.9565245 ], [ 35.1858509, 27.9566287 ], [ 35.1856846, 27.9571263 ], [ 35.1855451, 27.9576143 ], [ 35.1853895, 27.958036 ], [ 35.1852286, 27.9583772 ], [ 35.1851535, 27.9586899 ], [ 35.1851481, 27.9590074 ], [ 35.1851481, 27.9592206 ], [ 35.1851428, 27.9594386 ], [ 35.1850784, 27.9597892 ], [ 35.1849872, 27.9599266 ], [ 35.1849604, 27.960083 ], [ 35.1849979, 27.9603957 ], [ 35.1850355, 27.9607842 ], [ 35.185014, 27.9610543 ], [ 35.1849174, 27.9616134 ], [ 35.1848853, 27.9622815 ], [ 35.1846868, 27.9628975 ], [ 35.184617, 27.9631201 ], [ 35.1845741, 27.9633191 ], [ 35.1843917, 27.9636224 ], [ 35.1842844, 27.9638356 ], [ 35.1841932, 27.9639209 ], [ 35.184027, 27.9639967 ], [ 35.1839679, 27.9639493 ], [ 35.1839036, 27.9639493 ], [ 35.1839089, 27.9640204 ], [ 35.1839518, 27.9641294 ], [ 35.1840001, 27.9642573 ], [ 35.1840484, 27.96439 ], [ 35.1841074, 27.9645274 ], [ 35.1841396, 27.9647264 ], [ 35.1841825, 27.9652902 ], [ 35.1841772, 27.9659251 ], [ 35.1840472, 27.9663833 ], [ 35.1839358, 27.9664984 ], [ 35.1838231, 27.9666452 ], [ 35.1837963, 27.9667969 ], [ 35.1838553, 27.9670432 ], [ 35.1838607, 27.9672091 ], [ 35.1838767, 27.9673938 ], [ 35.1839143, 27.9675312 ], [ 35.1838821, 27.9678676 ], [ 35.1838338, 27.9682846 ], [ 35.1837802, 27.9684504 ], [ 35.1836407, 27.9686541 ], [ 35.1836085, 27.9687584 ], [ 35.1836407, 27.9689431 ], [ 35.1835227, 27.9690711 ], [ 35.1834851, 27.9692274 ], [ 35.1834851, 27.9693601 ], [ 35.1834744, 27.9695496 ], [ 35.1833725, 27.9696491 ], [ 35.1833242, 27.9698244 ], [ 35.1832563, 27.9702536 ], [ 35.1831901, 27.970464 ], [ 35.1830989, 27.9707246 ], [ 35.1830184, 27.9709378 ], [ 35.1829594, 27.9711415 ], [ 35.1829326, 27.9713499 ], [ 35.1830345, 27.9715537 ], [ 35.1831204, 27.9717574 ], [ 35.1833296, 27.9720985 ], [ 35.1834315, 27.9723212 ], [ 35.1835763, 27.9725723 ], [ 35.1837265, 27.9727381 ], [ 35.1838821, 27.9729181 ], [ 35.184145, 27.9733493 ], [ 35.1840806, 27.973842 ], [ 35.1841181, 27.973932 ], [ 35.1842898, 27.974022 ], [ 35.1845688, 27.9741262 ], [ 35.1848155, 27.9742542 ], [ 35.1850462, 27.9745052 ], [ 35.1852125, 27.9745763 ], [ 35.1854914, 27.9745763 ], [ 35.1858401, 27.9746284 ], [ 35.1863444, 27.9748037 ], [ 35.1866828, 27.9749563 ], [ 35.1881411, 27.9754475 ], [ 35.1886135, 27.9756565 ], [ 35.1890641, 27.9759407 ], [ 35.1895201, 27.9763292 ], [ 35.1896542, 27.9763624 ], [ 35.1897722, 27.9763245 ], [ 35.1898313, 27.9762155 ], [ 35.1899815, 27.9761018 ], [ 35.1902497, 27.9759786 ], [ 35.1902819, 27.9757039 ], [ 35.1901907, 27.9754054 ], [ 35.1901478, 27.9750832 ], [ 35.1902068, 27.9746332 ] ] ] ] } },
{ "type": "Feature", "properties": { "FID": 55014, "id": 1561, "left": 35.0, "top": 30.0, "right": 40.0, "bottom": 25.0, "row_index": 12, "col_index": 43, "min_lon": 35.0, "min_lat": 25.0, "tile_id": "35_25" }, "geometry": { "type": "MultiPolygon", "coordinates": [ [ [ [ 35.1453407, 27.7707322 ], [ 35.1452076, 27.7707967 ], [ 35.1451284, 27.7709032 ], [ 35.1448592, 27.7708079 ], [ 35.1446153, 27.7707603 ], [ 35.1443619, 27.7707154 ], [ 35.1440356, 27.7708079 ], [ 35.1438582, 27.7709312 ], [ 35.1438867, 27.7710321 ], [ 35.1438677, 27.771147 ], [ 35.1437505, 27.7712171 ], [ 35.1436365, 27.7713068 ], [ 35.1434527, 27.7714049 ], [ 35.1434939, 27.7715759 ], [ 35.1435383, 27.7717384 ], [ 35.1433799, 27.7719655 ], [ 35.1432468, 27.7720888 ], [ 35.1431645, 27.7722878 ], [ 35.1430251, 27.772299 ], [ 35.1429016, 27.7725148 ], [ 35.1428826, 27.7728287 ], [ 35.1428224, 27.7730305 ], [ 35.1428224, 27.7731959 ], [ 35.1427242, 27.7733304 ], [ 35.1425911, 27.7734005 ], [ 35.1424613, 27.7737704 ], [ 35.1424074, 27.7739442 ], [ 35.1422427, 27.7742665 ], [ 35.1419037, 27.7745944 ], [ 35.1415743, 27.774743 ], [ 35.1410287, 27.7748165 ], [ 35.1406652, 27.7749364 ], [ 35.1404498, 27.7750289 ], [ 35.1402724, 27.7754184 ], [ 35.1400538, 27.775752 ], [ 35.1397551, 27.7762512 ], [ 35.1395723, 27.7764947 ], [ 35.1393791, 27.7768786 ], [ 35.1390465, 27.7774868 ], [ 35.138641, 27.7781146 ], [ 35.1385714, 27.7784117 ], [ 35.1382609, 27.7786303 ], [ 35.1379347, 27.7788965 ], [ 35.1377731, 27.7792665 ], [ 35.1375197, 27.7796308 ], [ 35.1372663, 27.7800288 ], [ 35.1368735, 27.780323 ], [ 35.1366613, 27.7806033 ], [ 35.1365884, 27.7808163 ], [ 35.1363635, 27.7808892 ], [ 35.1361449, 27.7810321 ], [ 35.135996, 27.781175 ], [ 35.1358503, 27.7813852 ], [ 35.1355842, 27.7816178 ], [ 35.1353847, 27.7817804 ], [ 35.135094, 27.7818524 ], [ 35.1349514, 27.7819835 ], [ 35.1347543, 27.7820438 ], [ 35.1346181, 27.7823156 ], [ 35.1345294, 27.7824277 ], [ 35.1342348, 27.7825511 ], [ 35.1339529, 27.7827949 ], [ 35.1338642, 27.7831116 ], [ 35.1334112, 27.7833918 ], [ 35.1331451, 27.7835095 ], [ 35.1329519, 27.7837253 ], [ 35.1327587, 27.7839355 ], [ 35.1322297, 27.7842101 ], [ 35.1317134, 27.7845072 ], [ 35.1312857, 27.7848491 ], [ 35.1310418, 27.7850509 ], [ 35.1306712, 27.7853227 ], [ 35.1302847, 27.7855413 ], [ 35.1296195, 27.7860065 ], [ 35.1293059, 27.7863316 ], [ 35.1290652, 27.7866482 ], [ 35.1285362, 27.7869789 ], [ 35.1277031, 27.7877244 ], [ 35.1269428, 27.7885062 ], [ 35.1266071, 27.7892264 ], [ 35.126455, 27.7895627 ], [ 35.1262618, 27.7897645 ], [ 35.1260622, 27.7897981 ], [ 35.125964, 27.7896328 ], [ 35.1258405, 27.7897897 ], [ 35.1257866, 27.7902044 ], [ 35.1257708, 27.7903418 ], [ 35.1256188, 27.7904623 ], [ 35.1253812, 27.790849 ], [ 35.1252798, 27.7911012 ], [ 35.1251689, 27.7911824 ], [ 35.1251214, 27.7913141 ], [ 35.1251088, 27.7917933 ], [ 35.1250929, 27.7923818 ], [ 35.1249726, 27.7929619 ], [ 35.1249314, 27.7932085 ], [ 35.1249219, 27.7934691 ], [ 35.1248839, 27.793668 ], [ 35.1249314, 27.7937997 ], [ 35.1252735, 27.7934271 ], [ 35.1256029, 27.7931552 ], [ 35.1257898, 27.7929983 ], [ 35.1259704, 27.7928414 ], [ 35.1262713, 27.7926536 ], [ 35.1265786, 27.7924126 ], [ 35.1268098, 27.7922697 ], [ 35.1269048, 27.7921492 ], [ 35.1271107, 27.7920708 ], [ 35.1273388, 27.7919727 ], [ 35.1273927, 27.7918858 ], [ 35.1275352, 27.7918214 ], [ 35.1276904, 27.7917261 ], [ 35.1278393, 27.7916476 ], [ 35.1280769, 27.7914907 ], [ 35.1287991, 27.7910171 ], [ 35.1296322, 27.7904931 ], [ 35.1300788, 27.7902465 ], [ 35.1306216, 27.789766 ], [ 35.1311242, 27.7894478 ], [ 35.1313998, 27.7892629 ], [ 35.1318401, 27.788963 ], [ 35.132065, 27.7887893 ], [ 35.1323469, 27.7886576 ], [ 35.1326637, 27.7885314 ], [ 35.132765, 27.7883689 ], [ 35.1331515, 27.788212 ], [ 35.1334746, 27.7880943 ], [ 35.133918, 27.7879149 ], [ 35.1343423, 27.7877792 ], [ 35.1351598, 27.787545 ], [ 35.1360816, 27.7873685 ], [ 35.1367753, 27.7872984 ], [ 35.1373835, 27.7873376 ], [ 35.1378966, 27.7874581 ], [ 35.1389705, 27.7877524 ], [ 35.1392904, 27.7877356 ], [ 35.139509, 27.7875786 ], [ 35.1397307, 27.7874385 ], [ 35.1399018, 27.787346 ], [ 35.1400792, 27.7872648 ], [ 35.1400728, 27.7871471 ], [ 35.1400665, 27.7870294 ], [ 35.1401964, 27.7868949 ], [ 35.1403041, 27.7868108 ], [ 35.1404751, 27.7868108 ], [ 35.140662, 27.7865838 ], [ 35.1407887, 27.7863876 ], [ 35.140681, 27.7862951 ], [ 35.1406367, 27.7862195 ], [ 35.1406652, 27.7860934 ], [ 35.1407982, 27.7859336 ], [ 35.1411245, 27.7856422 ], [ 35.1413367, 27.7855637 ], [ 35.141248, 27.785474 ], [ 35.1414159, 27.7852919 ], [ 35.1415363, 27.7851602 ], [ 35.1417327, 27.7850088 ], [ 35.1418626, 27.7847398 ], [ 35.1419798, 27.7844708 ], [ 35.1418847, 27.7843559 ], [ 35.1418404, 27.7842606 ], [ 35.1419608, 27.7840896 ], [ 35.1421033, 27.7839299 ], [ 35.1421667, 27.7839411 ], [ 35.1421857, 27.7838122 ], [ 35.1423124, 27.7837001 ], [ 35.1423821, 27.7834955 ], [ 35.1424898, 27.7833778 ], [ 35.1424708, 27.7832657 ], [ 35.1425214, 27.7831816 ], [ 35.1425816, 27.7830051 ], [ 35.1424644, 27.7829238 ], [ 35.1425468, 27.78275 ], [ 35.1427653, 27.7824978 ], [ 35.1429427, 27.7824558 ], [ 35.1430599, 27.7823016 ], [ 35.1430473, 27.7821671 ], [ 35.1430378, 27.7820914 ], [ 35.143117, 27.7819485 ], [ 35.1432247, 27.7819177 ], [ 35.1431803, 27.781842 ], [ 35.1430726, 27.78187 ], [ 35.1430599, 27.7817523 ], [ 35.1431613, 27.7814889 ], [ 35.1433957, 27.7811666 ], [ 35.1435731, 27.7809788 ], [ 35.1437663, 27.7808275 ], [ 35.1437885, 27.7807098 ], [ 35.1438835, 27.7804632 ], [ 35.1438075, 27.7803735 ], [ 35.1439469, 27.7801997 ], [ 35.1439311, 27.7801577 ], [ 35.1440831, 27.7799391 ], [ 35.1441876, 27.7799111 ], [ 35.1443017, 27.7797093 ], [ 35.1442225, 27.7796644 ], [ 35.1442035, 27.7795747 ], [ 35.1443238, 27.779387 ], [ 35.1445171, 27.7792384 ], [ 35.1446248, 27.7790647 ], [ 35.1445836, 27.7789974 ], [ 35.1445076, 27.7789498 ], [ 35.1446058, 27.7787816 ], [ 35.1447103, 27.7786667 ], [ 35.144875, 27.7785686 ], [ 35.1449732, 27.7784397 ], [ 35.1450207, 27.7782155 ], [ 35.1450271, 27.7780754 ], [ 35.1450397, 27.7779492 ], [ 35.1450651, 27.7778287 ], [ 35.1451126, 27.7777306 ], [ 35.1452171, 27.7776494 ], [ 35.145328, 27.7775176 ], [ 35.1453185, 27.7774223 ], [ 35.1454262, 27.777299 ], [ 35.1455592, 27.7772402 ], [ 35.1455561, 27.7771729 ], [ 35.1456321, 27.7770636 ], [ 35.1457493, 27.7769459 ], [ 35.1457049, 27.776887 ], [ 35.1456163, 27.7768422 ], [ 35.1456416, 27.7767273 ], [ 35.1457651, 27.7765339 ], [ 35.1458728, 27.7764891 ], [ 35.1458665, 27.7764022 ], [ 35.145952, 27.7762761 ], [ 35.1460534, 27.7762592 ], [ 35.1461453, 27.7760799 ], [ 35.1460787, 27.7760098 ], [ 35.1461959, 27.77585 ], [ 35.146253, 27.7756987 ], [ 35.1462878, 27.7755754 ], [ 35.1463321, 27.7754521 ], [ 35.1462973, 27.775354 ], [ 35.1463036, 27.7752335 ], [ 35.1463702, 27.7751073 ], [ 35.1464779, 27.7750765 ], [ 35.1465222, 27.774928 ], [ 35.1465095, 27.7748495 ], [ 35.1465507, 27.7747878 ], [ 35.1465317, 27.7746169 ], [ 35.1464779, 27.7745384 ], [ 35.1464272, 27.7744263 ], [ 35.1464589, 27.7742525 ], [ 35.146481, 27.7741432 ], [ 35.1465127, 27.7740731 ], [ 35.1466204, 27.7739246 ], [ 35.1467028, 27.7735686 ], [ 35.1467091, 27.7734005 ], [ 35.1466267, 27.7732856 ], [ 35.1466521, 27.7731566 ], [ 35.1466901, 27.7729913 ], [ 35.1466204, 27.7729913 ], [ 35.1464462, 27.7731006 ], [ 35.1461484, 27.7732127 ], [ 35.1459457, 27.7733444 ], [ 35.1456859, 27.7735014 ], [ 35.1453375, 27.7735855 ], [ 35.1450207, 27.7736247 ], [ 35.1448243, 27.7736948 ], [ 35.1445487, 27.7737368 ], [ 35.1443999, 27.7737873 ], [ 35.1442763, 27.7737704 ], [ 35.1442193, 27.7738433 ], [ 35.1441148, 27.7738685 ], [ 35.1440197, 27.7738153 ], [ 35.1439564, 27.7737424 ], [ 35.1439279, 27.7736779 ], [ 35.1439184, 27.7736163 ], [ 35.1439976, 27.773549 ], [ 35.1441084, 27.7734369 ], [ 35.1442225, 27.7734313 ], [ 35.1444442, 27.77335 ], [ 35.1446628, 27.7732968 ], [ 35.1447515, 27.7732435 ], [ 35.1448972, 27.7732323 ], [ 35.1450144, 27.7732043 ], [ 35.1451158, 27.7730249 ], [ 35.145252, 27.7729212 ], [ 35.1454452, 27.7728231 ], [ 35.1456289, 27.7726662 ], [ 35.1457493, 27.7725512 ], [ 35.1458475, 27.7724335 ], [ 35.1459964, 27.7723494 ], [ 35.1461959, 27.7722205 ], [ 35.1464525, 27.7721028 ], [ 35.1465982, 27.7719823 ], [ 35.1466299, 27.7718702 ], [ 35.1466774, 27.77173 ], [ 35.1467281, 27.7715254 ], [ 35.1467218, 27.7713264 ], [ 35.1465792, 27.7712255 ], [ 35.1464335, 27.7711442 ], [ 35.1463195, 27.7710574 ], [ 35.1462371, 27.7710293 ], [ 35.1461389, 27.7709733 ], [ 35.1461072, 27.7708752 ], [ 35.1459425, 27.7708331 ], [ 35.1459172, 27.7709116 ], [ 35.1458602, 27.7709537 ], [ 35.1457398, 27.77092 ], [ 35.1456067, 27.7708864 ], [ 35.1454959, 27.7708191 ], [ 35.1453407, 27.7707322 ] ] ] ] } },
{ "type": "Feature", "properties": { "FID": 55015, "id": 1561, "left": 35.0, "top": 30.0, "right": 40.0, "bottom": 25.0, "row_index": 12, "col_index": 43, "min_lon": 35.0, "min_lat": 25.0, "tile_id": "35_25" }, "geometry": { "type": "MultiPolygon", "coordinates": [ [ [ [ 35.8651737, 27.0470508 ], [ 35.8651868, 27.0475649 ], [ 35.8648997, 27.0475707 ], [ 35.8649063, 27.0478276 ], [ 35.8654803, 27.047816 ], [ 35.8657477, 27.0470391 ], [ 35.8651737, 27.0470508 ] ] ] ] } },
{ "type": "Feature", "properties": { "FID": 55016, "id": 1561, "left": 35.0, "top": 30.0, "right": 40.0, "bottom": 25.0, "row_index": 12, "col_index": 43, "min_lon": 35.0, "min_lat": 25.0, "tile_id": "35_25" }, "geometry": { "type": "MultiPolygon", "coordinates": [ [ [ [ 35.2667034, 27.6679649 ], [ 35.2666149, 27.6679744 ], [ 35.2665344, 27.6679862 ], [ 35.2664459, 27.6679601 ], [ 35.2663708, 27.6679981 ], [ 35.2662903, 27.6680266 ], [ 35.2662072, 27.6680195 ], [ 35.266124, 27.6680195 ], [ 35.2660757, 27.6680338 ], [ 35.2659631, 27.6680908 ], [ 35.265888, 27.6681549 ], [ 35.265829, 27.6682547 ], [ 35.2657378, 27.6683378 ], [ 35.2657458, 27.6684281 ], [ 35.265719, 27.6685089 ], [ 35.2656117, 27.6685801 ], [ 35.2655688, 27.6686324 ], [ 35.2655795, 27.6686728 ], [ 35.2657753, 27.6686609 ], [ 35.265829, 27.6686538 ], [ 35.2658692, 27.6686419 ], [ 35.2659255, 27.6685801 ], [ 35.2659872, 27.6685397 ], [ 35.2660704, 27.6685279 ], [ 35.2661321, 27.6684756 ], [ 35.2662179, 27.6684542 ], [ 35.2663171, 27.6684138 ], [ 35.26636, 27.668383 ], [ 35.2664271, 27.6683663 ], [ 35.2665076, 27.6682666 ], [ 35.2665773, 27.6682095 ], [ 35.2666041, 27.6681715 ], [ 35.2666256, 27.6681193 ], [ 35.2667087, 27.6680195 ], [ 35.2667034, 27.6679649 ] ] ] ] } },
{ "type": "Feature", "properties": { "FID": 55018, "id": 1561, "left": 35.0, "top": 30.0, "right": 40.0, "bottom": 25.0, "row_index": 12, "col_index": 43, "min_lon": 35.0, "min_lat": 25.0, "tile_id": "35_25" }, "geometry": { "type": "MultiPolygon", "coordinates": [ [ [ [ 35.1875058, 27.773695 ], [ 35.1874441, 27.7736784 ], [ 35.1873811, 27.7736724 ], [ 35.1873073, 27.773695 ], [ 35.1871826, 27.7737567 ], [ 35.1871128, 27.7738018 ], [ 35.1870136, 27.7738706 ], [ 35.1869291, 27.7739311 ], [ 35.1868862, 27.7739679 ], [ 35.1868929, 27.773994 ], [ 35.1869157, 27.774026 ], [ 35.1869586, 27.7740486 ], [ 35.1870324, 27.7740747 ], [ 35.1871249, 27.7740676 ], [ 35.1872027, 27.774045 ], [ 35.1873314, 27.7739976 ], [ 35.1874454, 27.773905 ], [ 35.1875219, 27.7738469 ], [ 35.187605, 27.7737828 ], [ 35.1875836, 27.7737389 ], [ 35.1875286, 27.7737389 ], [ 35.1875058, 27.773695 ] ] ] ] } },
{ "type": "Feature", "properties": { "FID": 55020, "id": 1561, "left": 35.0, "top": 30.0, "right": 40.0, "bottom": 25.0, "row_index": 12, "col_index": 43, "min_lon": 35.0, "min_lat": 25.0, "tile_id": "35_25" }, "geometry": { "type": "MultiPolygon", "coordinates": [ [ [ [ 35.1289527, 27.7838925 ], [ 35.1288201, 27.7841309 ], [ 35.1287406, 27.7841661 ], [ 35.1285815, 27.7843068 ], [ 35.128639, 27.7844358 ], [ 35.1286876, 27.7844827 ], [ 35.1287229, 27.7845491 ], [ 35.128798, 27.7845491 ], [ 35.1290499, 27.7844045 ], [ 35.129178, 27.7841231 ], [ 35.1290366, 27.7839355 ], [ 35.1289527, 27.7838925 ] ] ] ] } },
{ "type": "Feature", "properties": { "FID": 55021, "id": 1561, "left": 35.0, "top": 30.0, "right": 40.0, "bottom": 25.0, "row_index": 12, "col_index": 43, "min_lon": 35.0, "min_lat": 25.0, "tile_id": "35_25" }, "geometry": { "type": "MultiPolygon", "coordinates": [ [ [ [ 35.2725747, 27.6621138 ], [ 35.2725157, 27.6621067 ], [ 35.2724433, 27.6621162 ], [ 35.2723762, 27.6621661 ], [ 35.2723306, 27.6622326 ], [ 35.2722877, 27.6622445 ], [ 35.2722368, 27.6622445 ], [ 35.2720392, 27.662206 ], [ 35.2719712, 27.6622136 ], [ 35.2719069, 27.6622469 ], [ 35.2718908, 27.6623063 ], [ 35.2718237, 27.6623585 ], [ 35.2717781, 27.6623775 ], [ 35.2716815, 27.6623704 ], [ 35.2716145, 27.662387 ], [ 35.2715608, 27.6624512 ], [ 35.2715287, 27.6625153 ], [ 35.2714911, 27.6625818 ], [ 35.2714348, 27.6626389 ], [ 35.271416, 27.6626769 ], [ 35.2713007, 27.6627267 ], [ 35.2711987, 27.662741 ], [ 35.2711585, 27.6628028 ], [ 35.2711585, 27.6628835 ], [ 35.2711746, 27.6629596 ], [ 35.2711934, 27.663019 ], [ 35.2711424, 27.6630736 ], [ 35.2710539, 27.663133 ], [ 35.271011, 27.6632161 ], [ 35.2709413, 27.6632921 ], [ 35.2708769, 27.6633515 ], [ 35.2708688, 27.6634062 ], [ 35.2708179, 27.6634489 ], [ 35.2707455, 27.6634798 ], [ 35.270673, 27.663525 ], [ 35.2706382, 27.6635653 ], [ 35.2706328, 27.6636556 ], [ 35.2706113, 27.6638053 ], [ 35.2705792, 27.6638552 ], [ 35.2705121, 27.6638742 ], [ 35.2703515, 27.6638641 ], [ 35.2702787, 27.6638694 ], [ 35.2702466, 27.6638955 ], [ 35.2702787, 27.6639478 ], [ 35.2703351, 27.6639692 ], [ 35.2703968, 27.6640262 ], [ 35.2703351, 27.6640856 ], [ 35.2702707, 27.6641616 ], [ 35.2702385, 27.6641996 ], [ 35.2702278, 27.6642471 ], [ 35.2702197, 27.6643469 ], [ 35.2701446, 27.6643517 ], [ 35.2701385, 27.6643623 ], [ 35.2700722, 27.6643707 ], [ 35.2700132, 27.6644514 ], [ 35.2699918, 27.664556 ], [ 35.2699998, 27.6646035 ], [ 35.2700025, 27.664689 ], [ 35.2699703, 27.6647436 ], [ 35.269922, 27.6647983 ], [ 35.2698898, 27.6648244 ], [ 35.2698711, 27.6648648 ], [ 35.2699677, 27.6648698 ], [ 35.2700883, 27.6648695 ], [ 35.2700883, 27.6648505 ], [ 35.270158, 27.6647888 ], [ 35.2701876, 27.6647531 ], [ 35.2701849, 27.6647009 ], [ 35.2702063, 27.6646581 ], [ 35.2702948, 27.6646296 ], [ 35.2703163, 27.6645726 ], [ 35.2703404, 27.6645298 ], [ 35.2703404, 27.6644942 ], [ 35.2703592, 27.6644443 ], [ 35.2703485, 27.6643944 ], [ 35.2703753, 27.6643635 ], [ 35.2704021, 27.6643208 ], [ 35.2703887, 27.6642661 ], [ 35.2703834, 27.6642329 ], [ 35.2704236, 27.6641972 ], [ 35.2704585, 27.6641949 ], [ 35.2705684, 27.6642139 ], [ 35.2705926, 27.6641996 ], [ 35.270673, 27.6641972 ], [ 35.2707535, 27.6641664 ], [ 35.2708447, 27.6641046 ], [ 35.2708903, 27.6641307 ], [ 35.2709278, 27.6641545 ], [ 35.2710056, 27.6641497 ], [ 35.2710593, 27.6640571 ], [ 35.2710727, 27.6640096 ], [ 35.2711397, 27.6639597 ], [ 35.27118, 27.6639549 ], [ 35.2712524, 27.6638813 ], [ 35.2712336, 27.6638338 ], [ 35.2711907, 27.6637981 ], [ 35.27118, 27.6637316 ], [ 35.2712309, 27.6636722 ], [ 35.2712765, 27.663677 ], [ 35.271357, 27.6636794 ], [ 35.2713919, 27.663677 ], [ 35.2714187, 27.6637103 ], [ 35.2714348, 27.6637316 ], [ 35.2715045, 27.6636817 ], [ 35.2714965, 27.663639 ], [ 35.2715555, 27.6635392 ], [ 35.2716252, 27.6634893 ], [ 35.2716923, 27.6634917 ], [ 35.2717754, 27.6634869 ], [ 35.2719229, 27.6634632 ], [ 35.27199, 27.6633943 ], [ 35.2720034, 27.6633207 ], [ 35.2720275, 27.6632898 ], [ 35.2720866, 27.6632613 ], [ 35.2721, 27.663228 ], [ 35.2721295, 27.6632161 ], [ 35.2722046, 27.663114 ], [ 35.272226, 27.6630451 ], [ 35.2722904, 27.6629738 ], [ 35.2723494, 27.6629287 ], [ 35.2724057, 27.6629144 ], [ 35.2724755, 27.6628907 ], [ 35.2725452, 27.6628146 ], [ 35.2725318, 27.6627719 ], [ 35.2725318, 27.6627267 ], [ 35.2725908, 27.6626317 ], [ 35.2726284, 27.6625937 ], [ 35.2726713, 27.6625652 ], [ 35.2726954, 27.6625462 ], [ 35.2727222, 27.6624298 ], [ 35.2727357, 27.662349 ], [ 35.2726981, 27.6623015 ], [ 35.2726793, 27.6622588 ], [ 35.2726713, 27.6622112 ], [ 35.272674, 27.6621233 ], [ 35.2725747, 27.6621138 ] ] ] ] } },
{ "type": "Feature", "properties": { "FID": 55022, "id": 1561, "left": 35.0, "top": 30.0, "right": 40.0, "bottom": 25.0, "row_index": 12, "col_index": 43, "min_lon": 35.0, "min_lat": 25.0, "tile_id": "35_25" }, "geometry": { "type": "MultiPolygon", "coordinates": [ [ [ [ 35.1299423, 27.7831381 ], [ 35.1297037, 27.7833843 ], [ 35.1297214, 27.7834821 ], [ 35.1297302, 27.7836462 ], [ 35.1297037, 27.7838221 ], [ 35.1300086, 27.7837674 ], [ 35.13015, 27.7836697 ], [ 35.1301853, 27.7835798 ], [ 35.1301455, 27.7835094 ], [ 35.1301058, 27.7833922 ], [ 35.1303532, 27.7834273 ], [ 35.1304636, 27.7834078 ], [ 35.130552, 27.7833257 ], [ 35.1305918, 27.7831889 ], [ 35.1305211, 27.7830912 ], [ 35.1304857, 27.783056 ], [ 35.1303576, 27.7829974 ], [ 35.1302118, 27.7829622 ], [ 35.1299423, 27.7831381 ] ] ] ] } },
{ "type": "Feature", "properties": { "FID": 55023, "id": 1561, "left": 35.0, "top": 30.0, "right": 40.0, "bottom": 25.0, "row_index": 12, "col_index": 43, "min_lon": 35.0, "min_lat": 25.0, "tile_id": "35_25" }, "geometry": { "type": "MultiPolygon", "coordinates": [ [ [ [ 35.2829922, 27.6483581 ], [ 35.2827805, 27.6483984 ], [ 35.282686, 27.6483955 ], [ 35.2825123, 27.6484507 ], [ 35.2824748, 27.648522 ], [ 35.2824104, 27.648617 ], [ 35.2823514, 27.648674 ], [ 35.2822173, 27.6487121 ], [ 35.2821958, 27.6487643 ], [ 35.2821368, 27.6488736 ], [ 35.2820724, 27.6488879 ], [ 35.2819812, 27.6489972 ], [ 35.2819222, 27.6490447 ], [ 35.28189, 27.6491112 ], [ 35.2818525, 27.64923 ], [ 35.2816701, 27.6492728 ], [ 35.2816272, 27.649306 ], [ 35.2814877, 27.6495389 ], [ 35.2813965, 27.6496292 ], [ 35.2813053, 27.6496482 ], [ 35.2812356, 27.6497242 ], [ 35.2811819, 27.6498192 ], [ 35.2810639, 27.6498905 ], [ 35.2809942, 27.6499618 ], [ 35.2808225, 27.6502517 ], [ 35.280742, 27.6504085 ], [ 35.2805543, 27.6505415 ], [ 35.2804524, 27.650608 ], [ 35.2803888, 27.650634 ], [ 35.2802432, 27.6507981 ], [ 35.280109, 27.6509787 ], [ 35.2799427, 27.6510737 ], [ 35.2798033, 27.6512733 ], [ 35.2796102, 27.6514491 ], [ 35.2794331, 27.6515774 ], [ 35.2793634, 27.6516487 ], [ 35.2792787, 27.651734 ], [ 35.279004, 27.6519623 ], [ 35.2788484, 27.6520811 ], [ 35.2786821, 27.6522094 ], [ 35.2785909, 27.6522711 ], [ 35.2784139, 27.6523519 ], [ 35.278371, 27.6524755 ], [ 35.2783173, 27.652599 ], [ 35.278253, 27.6526655 ], [ 35.2781564, 27.6527986 ], [ 35.2780759, 27.6529126 ], [ 35.2779955, 27.6530504 ], [ 35.2779472, 27.6531977 ], [ 35.2778292, 27.6533688 ], [ 35.2777916, 27.6534543 ], [ 35.2777487, 27.6535779 ], [ 35.2776736, 27.6536634 ], [ 35.2775824, 27.6537727 ], [ 35.2774644, 27.6539247 ], [ 35.2774322, 27.6540625 ], [ 35.2774, 27.654129 ], [ 35.2773035, 27.6542763 ], [ 35.277282, 27.6544759 ], [ 35.2771962, 27.6545519 ], [ 35.2771586, 27.6546992 ], [ 35.2771103, 27.6548703 ], [ 35.2770084, 27.6549986 ], [ 35.2768904, 27.6551221 ], [ 35.276826, 27.6552077 ], [ 35.2767777, 27.6553264 ], [ 35.2766758, 27.6553835 ], [ 35.2766275, 27.6554547 ], [ 35.2766436, 27.6556163 ], [ 35.27659, 27.6556543 ], [ 35.2764076, 27.6557256 ], [ 35.2764291, 27.6558729 ], [ 35.2765042, 27.6559584 ], [ 35.2765149, 27.6561009 ], [ 35.2764666, 27.6562435 ], [ 35.2764291, 27.656386 ], [ 35.2763454, 27.6565404 ], [ 35.276193, 27.6567424 ], [ 35.2761501, 27.6568659 ], [ 35.2760965, 27.657056 ], [ 35.2759516, 27.6571843 ], [ 35.2758712, 27.6572271 ], [ 35.2757961, 27.6572888 ], [ 35.2756941, 27.6574076 ], [ 35.2756941, 27.6575597 ], [ 35.2756506, 27.6578377 ], [ 35.2754366, 27.657897 ], [ 35.2754098, 27.65803 ], [ 35.2753937, 27.6580633 ], [ 35.2754826, 27.6581277 ], [ 35.2756276, 27.6582477 ], [ 35.2756834, 27.6581821 ], [ 35.2757907, 27.6582344 ], [ 35.2758712, 27.6582819 ], [ 35.2759838, 27.6582724 ], [ 35.2762735, 27.6582819 ], [ 35.2763057, 27.6582154 ], [ 35.2764398, 27.6581678 ], [ 35.2765471, 27.657935 ], [ 35.2765202, 27.6578637 ], [ 35.2765363, 27.6577687 ], [ 35.2765793, 27.6575929 ], [ 35.2765846, 27.6574029 ], [ 35.2765685, 27.6573696 ], [ 35.2765685, 27.6572651 ], [ 35.2767456, 27.6571558 ], [ 35.2768475, 27.6570322 ], [ 35.2769333, 27.6568802 ], [ 35.2768904, 27.6567662 ], [ 35.2768582, 27.6566664 ], [ 35.2768421, 27.6565856 ], [ 35.2769011, 27.656367 ], [ 35.2771693, 27.6561437 ], [ 35.2772284, 27.6561152 ], [ 35.2773464, 27.6561057 ], [ 35.2774161, 27.6559869 ], [ 35.277459, 27.6559441 ], [ 35.2775717, 27.6559394 ], [ 35.277636, 27.6559441 ], [ 35.2777862, 27.6558539 ], [ 35.2777541, 27.6556828 ], [ 35.2777702, 27.6555925 ], [ 35.2777916, 27.6555403 ], [ 35.2779748, 27.6554915 ], [ 35.2781028, 27.6554642 ], [ 35.2782315, 27.655374 ], [ 35.2781081, 27.6552884 ], [ 35.2780223, 27.6552409 ], [ 35.2778989, 27.6551886 ], [ 35.2778506, 27.6551316 ], [ 35.2778453, 27.6550556 ], [ 35.2778774, 27.6550081 ], [ 35.2779847, 27.6549938 ], [ 35.2780276, 27.6550081 ], [ 35.2781028, 27.6549368 ], [ 35.2780867, 27.6547848 ], [ 35.278092, 27.6546565 ], [ 35.2782369, 27.6545092 ], [ 35.2783924, 27.6543951 ], [ 35.2784997, 27.6543381 ], [ 35.2786392, 27.6542953 ], [ 35.2787948, 27.6542336 ], [ 35.2789342, 27.6542098 ], [ 35.2791643, 27.6541727 ], [ 35.2794707, 27.6541813 ], [ 35.2797604, 27.6539817 ], [ 35.2798998, 27.6538249 ], [ 35.2799267, 27.6537156 ], [ 35.2800071, 27.6535969 ], [ 35.2800608, 27.6534496 ], [ 35.2801573, 27.653364 ], [ 35.280329, 27.6532262 ], [ 35.2804094, 27.6531169 ], [ 35.2805382, 27.6530124 ], [ 35.2806616, 27.6528318 ], [ 35.2807796, 27.6527748 ], [ 35.2808547, 27.6526655 ], [ 35.2808869, 27.6526133 ], [ 35.28108, 27.6524755 ], [ 35.2811819, 27.6522949 ], [ 35.2812463, 27.6521761 ], [ 35.2812892, 27.6520431 ], [ 35.2813482, 27.65191 ], [ 35.2814984, 27.6518482 ], [ 35.2815306, 27.651796 ], [ 35.2815521, 27.6516677 ], [ 35.2816218, 27.6516392 ], [ 35.2817559, 27.6515869 ], [ 35.2817935, 27.6514919 ], [ 35.2818417, 27.6514538 ], [ 35.2819437, 27.6513446 ], [ 35.2819437, 27.651278 ], [ 35.2820617, 27.6511878 ], [ 35.2821958, 27.6511592 ], [ 35.2822494, 27.6511355 ], [ 35.282346, 27.6510024 ], [ 35.282346, 27.6508551 ], [ 35.2823996, 27.6507839 ], [ 35.282625, 27.6506128 ], [ 35.2827644, 27.650513 ], [ 35.2828824, 27.6504132 ], [ 35.28292, 27.65038 ], [ 35.2831399, 27.6502754 ], [ 35.2834296, 27.6501043 ], [ 35.2835013, 27.6500177 ], [ 35.2835731, 27.6499536 ], [ 35.2836763, 27.6499203 ], [ 35.2837316, 27.649846 ], [ 35.2838159, 27.6498002 ], [ 35.2839339, 27.6496007 ], [ 35.2837676, 27.6496149 ], [ 35.2835913, 27.6495978 ], [ 35.2834298, 27.6495221 ], [ 35.2832414, 27.6494526 ], [ 35.2831726, 27.6492853 ], [ 35.2831989, 27.649097 ], [ 35.2833331, 27.6489924 ], [ 35.2833223, 27.6488166 ], [ 35.2833009, 27.6487548 ], [ 35.2832687, 27.6487073 ], [ 35.2832794, 27.648598 ], [ 35.2833331, 27.6484745 ], [ 35.2834708, 27.6483535 ], [ 35.2833959, 27.6483608 ], [ 35.2832204, 27.6483747 ], [ 35.2829922, 27.6483581 ] ] ] ] } },
{ "type": "Feature", "properties": { "FID": 55024, "id": 1561, "left": 35.0, "top": 30.0, "right": 40.0, "bottom": 25.0, "row_index": 12, "col_index": 43, "min_lon": 35.0, "min_lat": 25.0, "tile_id": "35_25" }, "geometry": { "type": "MultiPolygon", "coordinates": [ [ [ [ 35.1762156, 27.7828502 ], [ 35.1761593, 27.782893 ], [ 35.1758455, 27.782874 ], [ 35.1757007, 27.7829191 ], [ 35.1754995, 27.7829001 ], [ 35.1753842, 27.7829618 ], [ 35.1753144, 27.7830282 ], [ 35.1752661, 27.7829665 ], [ 35.175073, 27.7830353 ], [ 35.1749845, 27.7831018 ], [ 35.1747967, 27.7830828 ], [ 35.1745849, 27.7829855 ], [ 35.1744937, 27.7830116 ], [ 35.1744373, 27.7830828 ], [ 35.1743998, 27.7831421 ], [ 35.1743354, 27.7831658 ], [ 35.1742576, 27.7831896 ], [ 35.1741906, 27.7831706 ], [ 35.174043, 27.7831564 ], [ 35.1738633, 27.7831611 ], [ 35.1736541, 27.7830591 ], [ 35.1735307, 27.783173 ], [ 35.1735039, 27.783294 ], [ 35.1734717, 27.7833865 ], [ 35.173225, 27.7834577 ], [ 35.1730238, 27.7834506 ], [ 35.1729407, 27.7834387 ], [ 35.172946, 27.7833367 ], [ 35.1729487, 27.7831753 ], [ 35.172946, 27.7830591 ], [ 35.1729004, 27.7830567 ], [ 35.1728575, 27.7831777 ], [ 35.172828, 27.7832536 ], [ 35.1727529, 27.7834079 ], [ 35.1726268, 27.783434 ], [ 35.1724498, 27.7833604 ], [ 35.1725008, 27.7832679 ], [ 35.1724927, 27.7831635 ], [ 35.1722594, 27.7830852 ], [ 35.1721467, 27.7831041 ], [ 35.1720394, 27.7831848 ], [ 35.1719831, 27.783256 ], [ 35.1719241, 27.7833035 ], [ 35.1718383, 27.7832774 ], [ 35.17179, 27.7831967 ], [ 35.1716639, 27.7831445 ], [ 35.171393, 27.7831397 ], [ 35.171385, 27.7831991 ], [ 35.1715191, 27.783275 ], [ 35.1715835, 27.7833699 ], [ 35.1715915, 27.7834482 ], [ 35.171444, 27.7834791 ], [ 35.1713126, 27.783555 ], [ 35.1712589, 27.7836594 ], [ 35.1711114, 27.7836879 ], [ 35.1709585, 27.7836737 ], [ 35.1709102, 27.7836167 ], [ 35.1709826, 27.7835526 ], [ 35.1710121, 27.7835123 ], [ 35.170937, 27.7834672 ], [ 35.1706688, 27.7832631 ], [ 35.1705589, 27.7832987 ], [ 35.1705133, 27.7833628 ], [ 35.1704864, 27.783453 ], [ 35.1705937, 27.7835194 ], [ 35.1704998, 27.7836547 ], [ 35.1703067, 27.7837282 ], [ 35.1701136, 27.7836926 ], [ 35.1701431, 27.7835764 ], [ 35.1700117, 27.7834292 ], [ 35.1700117, 27.7833462 ], [ 35.1698695, 27.7833414 ], [ 35.1697891, 27.783294 ], [ 35.1695986, 27.7833557 ], [ 35.1695021, 27.783434 ], [ 35.1693626, 27.7834245 ], [ 35.1691507, 27.7833082 ], [ 35.1689281, 27.7833794 ], [ 35.1687484, 27.7833486 ], [ 35.1685848, 27.7833842 ], [ 35.1684104, 27.7833652 ], [ 35.1683836, 27.7834648 ], [ 35.1682951, 27.7835289 ], [ 35.1680081, 27.7835384 ], [ 35.1678954, 27.7833747 ], [ 35.1677399, 27.7834411 ], [ 35.1674797, 27.7834079 ], [ 35.1673, 27.7834126 ], [ 35.1672222, 27.7834648 ], [ 35.1670881, 27.7834838 ], [ 35.1669808, 27.7835669 ], [ 35.1668306, 27.7835455 ], [ 35.166667, 27.7836903 ], [ 35.1665892, 27.7837188 ], [ 35.1664739, 27.7837543 ], [ 35.1662566, 27.783733 ], [ 35.1661439, 27.7837638 ], [ 35.1660849, 27.7838374 ], [ 35.1659106, 27.7839347 ], [ 35.1656477, 27.7839584 ], [ 35.1654278, 27.7840771 ], [ 35.1653956, 27.7841696 ], [ 35.1652454, 27.7842835 ], [ 35.164945, 27.7844022 ], [ 35.1647626, 27.7844829 ], [ 35.1644944, 27.7846039 ], [ 35.1643656, 27.7847344 ], [ 35.164312, 27.7848222 ], [ 35.1642288, 27.7848934 ], [ 35.1640652, 27.7851046 ], [ 35.1638828, 27.785152 ], [ 35.163505, 27.7855252 ], [ 35.1633625, 27.7856564 ], [ 35.163156, 27.7859659 ], [ 35.1629146, 27.7862388 ], [ 35.1628636, 27.786488 ], [ 35.16281, 27.7865378 ], [ 35.1628475, 27.7866636 ], [ 35.1627349, 27.7867822 ], [ 35.1626657, 27.7869533 ], [ 35.1626517, 27.7871477 ], [ 35.1626088, 27.7872568 ], [ 35.1625283, 27.7873612 ], [ 35.1625551, 27.787608 ], [ 35.1626437, 27.7876389 ], [ 35.1626302, 27.7878548 ], [ 35.1624988, 27.7881182 ], [ 35.1625122, 27.7883982 ], [ 35.1626168, 27.7885334 ], [ 35.1627014, 27.7887529 ], [ 35.1627715, 27.7889544 ], [ 35.1629933, 27.7891814 ], [ 35.1634991, 27.7894001 ], [ 35.1642296, 27.7895386 ], [ 35.16443, 27.7895822 ], [ 35.1646759, 27.7895228 ], [ 35.1649103, 27.7896601 ], [ 35.1653158, 27.7896012 ], [ 35.1654805, 27.7894639 ], [ 35.1655343, 27.7894023 ], [ 35.1656674, 27.7894331 ], [ 35.1658068, 27.7894275 ], [ 35.1659271, 27.7893602 ], [ 35.1662376, 27.7892621 ], [ 35.1663896, 27.7892369 ], [ 35.166605, 27.7891416 ], [ 35.1668933, 27.7890464 ], [ 35.1669978, 27.7889931 ], [ 35.1670073, 27.7889315 ], [ 35.1670643, 27.7888978 ], [ 35.1671404, 27.7889231 ], [ 35.167229, 27.7889483 ], [ 35.1673463, 27.788895 ], [ 35.1674983, 27.7888782 ], [ 35.1676535, 27.7889371 ], [ 35.1676567, 27.7890099 ], [ 35.1675585, 27.7890744 ], [ 35.1674128, 27.7891164 ], [ 35.1673367, 27.7891641 ], [ 35.1674508, 27.7892145 ], [ 35.167587, 27.7892005 ], [ 35.1676947, 27.78915 ], [ 35.1677105, 27.7890884 ], [ 35.1677517, 27.789038 ], [ 35.1678467, 27.7889959 ], [ 35.1679291, 27.7889875 ], [ 35.1681635, 27.7890295 ], [ 35.1682459, 27.7889707 ], [ 35.1682205, 27.7889118 ], [ 35.1681793, 27.788839 ], [ 35.1681698, 27.7887829 ], [ 35.1682237, 27.7887521 ], [ 35.1684857, 27.7887904 ], [ 35.168531, 27.7887437 ], [ 35.1686988, 27.7887185 ], [ 35.1687654, 27.7888138 ], [ 35.1689016, 27.7888082 ], [ 35.1690473, 27.7887073 ], [ 35.1690758, 27.7886428 ], [ 35.1690315, 27.7885644 ], [ 35.1688604, 27.7885672 ], [ 35.1688541, 27.7884635 ], [ 35.1688636, 27.7883626 ], [ 35.1689459, 27.7882673 ], [ 35.1691233, 27.7881608 ], [ 35.169269, 27.7881188 ], [ 35.1693831, 27.7881692 ], [ 35.1695351, 27.7881216 ], [ 35.1696333, 27.7881188 ], [ 35.1699247, 27.7880487 ], [ 35.1701211, 27.787889 ], [ 35.170213, 27.787861 ], [ 35.1704442, 27.7877881 ], [ 35.1705329, 27.7876732 ], [ 35.1708085, 27.7876816 ], [ 35.1712457, 27.7876984 ], [ 35.1713977, 27.7877769 ], [ 35.1713787, 27.787861 ], [ 35.171328, 27.7879282 ], [ 35.1714262, 27.787945 ], [ 35.1715497, 27.7878526 ], [ 35.1715751, 27.7877068 ], [ 35.1716543, 27.7876676 ], [ 35.1717652, 27.7876704 ], [ 35.1718602, 27.7877321 ], [ 35.1718729, 27.787676 ], [ 35.1718285, 27.7876059 ], [ 35.1718887, 27.7875303 ], [ 35.1719425, 27.7875079 ], [ 35.1720217, 27.7875219 ], [ 35.1721199, 27.7874882 ], [ 35.1721896, 27.7874686 ], [ 35.1722593, 27.7874939 ], [ 35.1722086, 27.7876284 ], [ 35.1722466, 27.787676 ], [ 35.1723512, 27.7876312 ], [ 35.1723417, 27.7875527 ], [ 35.172405, 27.7874826 ], [ 35.1724874, 27.7875555 ], [ 35.1725982, 27.7875667 ], [ 35.1726616, 27.7874995 ], [ 35.1727408, 27.7874967 ], [ 35.172744, 27.7875947 ], [ 35.1728453, 27.7875639 ], [ 35.1728802, 27.7874967 ], [ 35.1729625, 27.787421 ], [ 35.1730924, 27.7873762 ], [ 35.1729404, 27.7873005 ], [ 35.1730227, 27.7871744 ], [ 35.1732635, 27.7871323 ], [ 35.1735232, 27.7871071 ], [ 35.1737735, 27.7870455 ], [ 35.1739192, 27.7870595 ], [ 35.1740934, 27.786981 ], [ 35.1740174, 27.7868885 ], [ 35.1741029, 27.786768 ], [ 35.1742391, 27.7867372 ], [ 35.1748695, 27.7866615 ], [ 35.1750817, 27.7866868 ], [ 35.1752623, 27.7868269 ], [ 35.175636, 27.7869362 ], [ 35.1760193, 27.7870287 ], [ 35.1764565, 27.7871071 ], [ 35.176637, 27.7870875 ], [ 35.1769506, 27.7871492 ], [ 35.1773371, 27.787152 ], [ 35.1774923, 27.7871099 ], [ 35.1777711, 27.7871295 ], [ 35.1781448, 27.7870539 ], [ 35.1787594, 27.7870202 ], [ 35.179244, 27.786995 ], [ 35.1792504, 27.786939 ], [ 35.1792599, 27.7868577 ], [ 35.1793264, 27.786911 ], [ 35.1793454, 27.7869726 ], [ 35.1794467, 27.7869138 ], [ 35.1796622, 27.7868997 ], [ 35.179716, 27.7870315 ], [ 35.1798364, 27.7870819 ], [ 35.1803432, 27.7870483 ], [ 35.1807898, 27.7869362 ], [ 35.1808057, 27.7867792 ], [ 35.1809482, 27.786684 ], [ 35.1810686, 27.7866503 ], [ 35.1811921, 27.7866756 ], [ 35.1814202, 27.7865354 ], [ 35.1816514, 27.7863449 ], [ 35.1818288, 27.78623 ], [ 35.1818859, 27.7861571 ], [ 35.1818573, 27.7860814 ], [ 35.1818193, 27.7859665 ], [ 35.1817021, 27.7859693 ], [ 35.1816103, 27.7859357 ], [ 35.1815311, 27.7858741 ], [ 35.1813917, 27.7858993 ], [ 35.1812523, 27.7857536 ], [ 35.1808469, 27.7856499 ], [ 35.1806283, 27.7855826 ], [ 35.1804889, 27.785605 ], [ 35.180321, 27.7854621 ], [ 35.1799853, 27.785364 ], [ 35.1796526, 27.7852071 ], [ 35.1795449, 27.7852379 ], [ 35.1793612, 27.7851314 ], [ 35.1792757, 27.7851258 ], [ 35.1792123, 27.7850445 ], [ 35.17913, 27.7848988 ], [ 35.1791205, 27.7846914 ], [ 35.1791458, 27.7845625 ], [ 35.1792504, 27.7845681 ], [ 35.1792377, 27.7844869 ], [ 35.1791648, 27.7844504 ], [ 35.1790033, 27.7843187 ], [ 35.1789051, 27.7841982 ], [ 35.1788797, 27.7841365 ], [ 35.1788924, 27.7840413 ], [ 35.1789494, 27.7839572 ], [ 35.1788952, 27.7839133 ], [ 35.1787691, 27.7839181 ], [ 35.1786833, 27.783892 ], [ 35.1786001, 27.7839655 ], [ 35.1785062, 27.7839537 ], [ 35.1784016, 27.7839489 ], [ 35.1783614, 27.783873 ], [ 35.178348, 27.7837899 ], [ 35.178348, 27.7837235 ], [ 35.178407, 27.7836571 ], [ 35.178458, 27.7836167 ], [ 35.1784446, 27.7835526 ], [ 35.1783641, 27.783517 ], [ 35.1783104, 27.7835882 ], [ 35.1783185, 27.7836547 ], [ 35.1782783, 27.7836808 ], [ 35.1781683, 27.7836713 ], [ 35.1780878, 27.7835123 ], [ 35.1780476, 27.7834411 ], [ 35.1781522, 27.783377 ], [ 35.1782783, 27.7833153 ], [ 35.1783024, 27.7832489 ], [ 35.1782139, 27.7831991 ], [ 35.178112, 27.7831825 ], [ 35.1780181, 27.7831492 ], [ 35.1779215, 27.7831611 ], [ 35.1779081, 27.7831231 ], [ 35.1778223, 27.783097 ], [ 35.1778625, 27.7830092 ], [ 35.1777901, 27.7829404 ], [ 35.1776801, 27.7829404 ], [ 35.1775836, 27.782874 ], [ 35.1773663, 27.7827862 ], [ 35.1771115, 27.7827838 ], [ 35.1770176, 27.7828289 ], [ 35.1769613, 27.7829024 ], [ 35.1768808, 27.7829262 ], [ 35.1767977, 27.7829143 ], [ 35.1766582, 27.7828953 ], [ 35.1766287, 27.7828289 ], [ 35.1764812, 27.7828858 ], [ 35.1764088, 27.7828645 ], [ 35.1762156, 27.7828502 ] ] ] ] } },
{ "type": "Feature", "properties": { "FID": 55025, "id": 1561, "left": 35.0, "top": 30.0, "right": 40.0, "bottom": 25.0, "row_index": 12, "col_index": 43, "min_lon": 35.0, "min_lat": 25.0, "tile_id": "35_25" }, "geometry": { "type": "MultiPolygon", "coordinates": [ [ [ [ 35.781827, 27.0791944 ], [ 35.7811247, 27.0798515 ], [ 35.7808565, 27.0806283 ], [ 35.7798744, 27.0815473 ], [ 35.7791655, 27.0819474 ], [ 35.7790353, 27.0824643 ], [ 35.7773156, 27.0826264 ], [ 35.7770349, 27.0828892 ], [ 35.7767476, 27.0828948 ], [ 35.7758673, 27.0821407 ], [ 35.7750028, 27.0820298 ], [ 35.7748777, 27.0828035 ], [ 35.774048, 27.0841057 ], [ 35.774067, 27.0848767 ], [ 35.7737926, 27.0853964 ], [ 35.7733069, 27.089006 ], [ 35.7724645, 27.0897939 ], [ 35.7716284, 27.0908389 ], [ 35.7699752, 27.0937 ], [ 35.769707, 27.0944767 ], [ 35.7691515, 27.095259 ], [ 35.7687308, 27.0956527 ], [ 35.7681597, 27.0957929 ], [ 35.7680345, 27.0965667 ], [ 35.7676138, 27.0969604 ], [ 35.7667586, 27.0972343 ], [ 35.7663369, 27.0976287 ], [ 35.7662128, 27.0984027 ], [ 35.7645055, 27.0990785 ], [ 35.7639438, 27.0996039 ], [ 35.7629476, 27.1000097 ], [ 35.7628172, 27.1005264 ], [ 35.762246, 27.1006659 ], [ 35.7614097, 27.1017109 ], [ 35.7602642, 27.1018625 ], [ 35.7601326, 27.1023792 ], [ 35.7588567, 27.1030468 ], [ 35.7584349, 27.1034412 ], [ 35.7578856, 27.1044805 ], [ 35.7573239, 27.1050057 ], [ 35.7567749, 27.1060451 ], [ 35.7567873, 27.1065591 ], [ 35.7556953, 27.1088948 ], [ 35.7557204, 27.109923 ], [ 35.7563642, 27.1127387 ], [ 35.755553, 27.1148118 ], [ 35.7555781, 27.1158398 ], [ 35.7553351, 27.1176446 ], [ 35.7546395, 27.1185576 ], [ 35.7539304, 27.1189577 ], [ 35.7537063, 27.1215334 ], [ 35.7534252, 27.1217961 ], [ 35.7528822, 27.1230925 ], [ 35.7528949, 27.1236066 ], [ 35.752614, 27.1238691 ], [ 35.7519531, 27.1261964 ], [ 35.7499455, 27.1263639 ], [ 35.7495297, 27.1270152 ], [ 35.7497494, 27.1300966 ], [ 35.7506269, 27.1307218 ], [ 35.7512047, 27.1308394 ], [ 35.751536, 27.132633 ], [ 35.7521103, 27.1326217 ], [ 35.752123, 27.1331357 ], [ 35.7529973, 27.1336328 ], [ 35.7534152, 27.1331104 ], [ 35.7536773, 27.1320766 ], [ 35.7549325, 27.1305092 ], [ 35.7546454, 27.1305149 ], [ 35.754639, 27.1302578 ], [ 35.7549263, 27.1302522 ], [ 35.7550504, 27.1294784 ], [ 35.7564553, 27.128165 ], [ 35.7565804, 27.1273913 ], [ 35.7571549, 27.1273799 ], [ 35.7575537, 27.1260864 ], [ 35.7583965, 27.1252985 ], [ 35.7585154, 27.1242675 ], [ 35.7596486, 27.123602 ], [ 35.760507, 27.1234571 ], [ 35.7604946, 27.122943 ], [ 35.7613562, 27.122926 ], [ 35.7613436, 27.1224121 ], [ 35.7624863, 27.1221324 ], [ 35.7624736, 27.1216183 ], [ 35.763048, 27.1216071 ], [ 35.7630353, 27.121093 ], [ 35.7636099, 27.1210817 ], [ 35.7640276, 27.1205593 ], [ 35.7641589, 27.1200424 ], [ 35.7652857, 27.1191197 ], [ 35.7658571, 27.1189804 ], [ 35.7661253, 27.1182036 ], [ 35.7666966, 27.1180634 ], [ 35.7672583, 27.1175381 ], [ 35.7678297, 27.1173987 ], [ 35.7680979, 27.1166221 ], [ 35.7686722, 27.1166107 ], [ 35.7686596, 27.1160966 ], [ 35.7692339, 27.1160853 ], [ 35.7699325, 27.1153002 ], [ 35.7702071, 27.1147804 ], [ 35.7716114, 27.1134671 ], [ 35.7721668, 27.1126846 ], [ 35.7721542, 27.1121707 ], [ 35.7729841, 27.1108685 ], [ 35.7729776, 27.1106117 ], [ 35.7726841, 27.1103603 ], [ 35.7726715, 27.1098462 ], [ 35.7729461, 27.1093267 ], [ 35.7729397, 27.1090696 ], [ 35.7723462, 27.1083098 ], [ 35.7720274, 27.1070305 ], [ 35.7718811, 27.1069044 ], [ 35.7715876, 27.1066531 ], [ 35.7710132, 27.1066644 ], [ 35.7705662, 27.1060309 ], [ 35.7706787, 27.1047428 ], [ 35.7718115, 27.1040772 ], [ 35.7729603, 27.1040545 ], [ 35.7732441, 27.1039209 ], [ 35.7735503, 27.1046861 ], [ 35.7741311, 27.1049318 ], [ 35.7742678, 27.104672 ], [ 35.7742424, 27.103644 ], [ 35.7739363, 27.1028787 ], [ 35.7739174, 27.1021076 ], [ 35.7745913, 27.1002944 ], [ 35.7760209, 27.100009 ], [ 35.776432, 27.0992295 ], [ 35.7764131, 27.0984584 ], [ 35.7774919, 27.0956087 ], [ 35.7774792, 27.0950946 ], [ 35.7777601, 27.0948319 ], [ 35.7777219, 27.0932898 ], [ 35.7774222, 27.0927816 ], [ 35.7773904, 27.0914966 ], [ 35.7764719, 27.0892004 ], [ 35.7761784, 27.0889491 ], [ 35.7758659, 27.0879268 ], [ 35.7759846, 27.086896 ], [ 35.7773917, 27.0857105 ], [ 35.7799727, 27.0855314 ], [ 35.7804156, 27.0860369 ], [ 35.7805724, 27.086548 ], [ 35.7837246, 27.0862284 ], [ 35.7841421, 27.085706 ], [ 35.7845161, 27.0833843 ], [ 35.7839417, 27.0833957 ], [ 35.7840721, 27.0828789 ], [ 35.7837151, 27.0800576 ], [ 35.7829882, 27.0796858 ], [ 35.7824014, 27.0791831 ], [ 35.781827, 27.0791944 ] ] ] ] } },
{ "type": "Feature", "properties": { "FID": 55028, "id": 1561, "left": 35.0, "top": 30.0, "right": 40.0, "bottom": 25.0, "row_index": 12, "col_index": 43, "min_lon": 35.0, "min_lat": 25.0, "tile_id": "35_25" }, "geometry": { "type": "MultiPolygon", "coordinates": [ [ [ [ 35.0001562, 28.0053333 ], [ 35.0006014, 28.0053759 ], [ 35.0008482, 28.0053617 ], [ 35.0010842, 28.0053285 ], [ 35.0013041, 28.005267 ], [ 35.0015992, 28.0052007 ], [ 35.0015241, 28.0050396 ], [ 35.0012576, 28.0049137 ], [ 35.0, 28.004874491589415 ], [ 35.0, 28.005320755303288 ], [ 35.0001562, 28.0053333 ] ] ] ] } },
{ "type": "Feature", "properties": { "FID": 55040, "id": 1561, "left": 35.0, "top": 30.0, "right": 40.0, "bottom": 25.0, "row_index": 12, "col_index": 43, "min_lon": 35.0, "min_lat": 25.0, "tile_id": "35_25" }, "geometry": { "type": "MultiPolygon", "coordinates": [ [ [ [ 35.0341451, 28.0849394 ], [ 35.0338474, 28.0848234 ], [ 35.0339466, 28.0849086 ], [ 35.0341344, 28.0851737 ], [ 35.0343597, 28.0856398 ], [ 35.0343999, 28.0858694 ], [ 35.0343865, 28.0860326 ], [ 35.0343409, 28.0861533 ], [ 35.0343114, 28.0862977 ], [ 35.0342658, 28.0864089 ], [ 35.0343811, 28.0863971 ], [ 35.0346896, 28.086442 ], [ 35.0347513, 28.0863521 ], [ 35.0347835, 28.086319 ], [ 35.0347754, 28.0862527 ], [ 35.0347567, 28.0861936 ], [ 35.0347862, 28.0861155 ], [ 35.0348023, 28.0860185 ], [ 35.0347674, 28.0859143 ], [ 35.0347379, 28.0858528 ], [ 35.0347111, 28.0856517 ], [ 35.0346482, 28.0854368 ], [ 35.0343677, 28.0850743 ], [ 35.0341451, 28.0849394 ] ] ] ] } },
{ "type": "Feature", "properties": { "FID": 55048, "id": 1561, "left": 35.0, "top": 30.0, "right": 40.0, "bottom": 25.0, "row_index": 12, "col_index": 43, "min_lon": 35.0, "min_lat": 25.0, "tile_id": "35_25" }, "geometry": { "type": "MultiPolygon", "coordinates": [ [ [ [ 35.0878026, 28.0599488 ], [ 35.0876123, 28.0598718 ], [ 35.0876176, 28.0599286 ], [ 35.0876015, 28.0601085 ], [ 35.0875372, 28.0603688 ], [ 35.0870974, 28.0609883 ], [ 35.0865501, 28.0615144 ], [ 35.0861035, 28.0620322 ], [ 35.0858313, 28.0622671 ], [ 35.0852412, 28.062641 ], [ 35.0849998, 28.0627452 ], [ 35.0844634, 28.0628209 ], [ 35.0842273, 28.0628588 ], [ 35.0838572, 28.0629061 ], [ 35.083428, 28.0629487 ], [ 35.0829667, 28.0630481 ], [ 35.0819206, 28.0633227 ], [ 35.0812034, 28.0635206 ], [ 35.0801343, 28.0638055 ], [ 35.0793779, 28.0641038 ], [ 35.0784552, 28.0644162 ], [ 35.0777451, 28.0646016 ], [ 35.0773823, 28.0646529 ], [ 35.0771838, 28.0646434 ], [ 35.0769585, 28.0646434 ], [ 35.0763202, 28.0647523 ], [ 35.0762129, 28.0647949 ], [ 35.076068, 28.064899 ], [ 35.0757194, 28.0651688 ], [ 35.0752419, 28.0654055 ], [ 35.074963, 28.0656091 ], [ 35.0747377, 28.06577 ], [ 35.0743514, 28.0659641 ], [ 35.0739437, 28.0661155 ], [ 35.0737399, 28.0661771 ], [ 35.0734127, 28.0663854 ], [ 35.0732893, 28.0664611 ], [ 35.0733215, 28.0665605 ], [ 35.0732946, 28.0668966 ], [ 35.0732303, 28.0670765 ], [ 35.0728548, 28.0674031 ], [ 35.0727421, 28.0674788 ], [ 35.0726134, 28.0675498 ], [ 35.0725168, 28.0677486 ], [ 35.0724631, 28.0679238 ], [ 35.0725007, 28.0681273 ], [ 35.0723934, 28.068345 ], [ 35.0723237, 28.0684113 ], [ 35.0723505, 28.0684823 ], [ 35.0724953, 28.0685297 ], [ 35.0727421, 28.0685533 ], [ 35.0728918, 28.0685328 ], [ 35.0731766, 28.0684397 ], [ 35.0733107, 28.0683545 ], [ 35.0734341, 28.0682551 ], [ 35.0735414, 28.0680989 ], [ 35.0737491, 28.0678774 ], [ 35.0740671, 28.0678102 ], [ 35.0742227, 28.067796 ], [ 35.0744212, 28.0677344 ], [ 35.0746787, 28.0676066 ], [ 35.0748771, 28.0675593 ], [ 35.0750649, 28.0674977 ], [ 35.0752366, 28.0674315 ], [ 35.0754565, 28.0674457 ], [ 35.0756711, 28.0674693 ], [ 35.0758749, 28.0674693 ], [ 35.0760251, 28.0673889 ], [ 35.0761217, 28.06728 ], [ 35.0761807, 28.0671806 ], [ 35.0762933, 28.0671522 ], [ 35.0764221, 28.0670765 ], [ 35.0765938, 28.0670433 ], [ 35.0767976, 28.0670339 ], [ 35.0770819, 28.0669487 ], [ 35.0772697, 28.0669061 ], [ 35.0775218, 28.0668729 ], [ 35.0777042, 28.0668398 ], [ 35.0779188, 28.0667072 ], [ 35.0780314, 28.0666457 ], [ 35.0781709, 28.0665274 ], [ 35.0783594, 28.0663926 ], [ 35.0785357, 28.0663948 ], [ 35.0786859, 28.0663049 ], [ 35.0788361, 28.0662386 ], [ 35.0790989, 28.066215 ], [ 35.0793511, 28.0662102 ], [ 35.0795549, 28.066125 ], [ 35.0797158, 28.0661061 ], [ 35.0798929, 28.0659972 ], [ 35.0800055, 28.0659735 ], [ 35.0801879, 28.0659499 ], [ 35.080381, 28.0658789 ], [ 35.0805312, 28.0657653 ], [ 35.0807136, 28.0656327 ], [ 35.081073, 28.0654481 ], [ 35.0813037, 28.0653487 ], [ 35.0815183, 28.0652114 ], [ 35.0817168, 28.0651404 ], [ 35.081926, 28.0649511 ], [ 35.0818723, 28.0646765 ], [ 35.0819474, 28.0645298 ], [ 35.0820976, 28.064454 ], [ 35.0824732, 28.0643688 ], [ 35.0826609, 28.0644114 ], [ 35.0829399, 28.0644493 ], [ 35.0834066, 28.064544 ], [ 35.0837821, 28.0646529 ], [ 35.0842488, 28.0648469 ], [ 35.0850588, 28.0650742 ], [ 35.0857937, 28.0653818 ], [ 35.0869578, 28.0657747 ], [ 35.0875908, 28.0659972 ], [ 35.0882142, 28.0662431 ], [ 35.08883, 28.0664469 ], [ 35.0892109, 28.066641 ], [ 35.0893128, 28.0666883 ], [ 35.0895166, 28.0667924 ], [ 35.0898653, 28.0670102 ], [ 35.0900692, 28.0670907 ], [ 35.0901818, 28.0670907 ], [ 35.0903749, 28.0670765 ], [ 35.0905573, 28.0670197 ], [ 35.0908309, 28.0669108 ], [ 35.0911252, 28.0668422 ], [ 35.0910938, 28.0667972 ], [ 35.0912976, 28.0666126 ], [ 35.091362, 28.0665037 ], [ 35.0913888, 28.066357 ], [ 35.0915068, 28.0662055 ], [ 35.0916892, 28.0660682 ], [ 35.0917965, 28.0660114 ], [ 35.091995, 28.0658173 ], [ 35.091936, 28.0657558 ], [ 35.0918341, 28.0656611 ], [ 35.0917053, 28.0655238 ], [ 35.0914103, 28.065131 ], [ 35.0909349, 28.0645304 ], [ 35.0904339, 28.0639191 ], [ 35.0897688, 28.0631901 ], [ 35.0894415, 28.0627452 ], [ 35.0888944, 28.0619357 ], [ 35.0884116, 28.0612824 ], [ 35.0878859, 28.0602978 ], [ 35.0878026, 28.0599488 ] ] ] ] } },
{ "type": "Feature", "properties": { "FID": 55050, "id": 1561, "left": 35.0, "top": 30.0, "right": 40.0, "bottom": 25.0, "row_index": 12, "col_index": 43, "min_lon": 35.0, "min_lat": 25.0, "tile_id": "35_25" }, "geometry": { "type": "MultiPolygon", "coordinates": [ [ [ [ 35.0775486, 28.0406387 ], [ 35.077334, 28.0407263 ], [ 35.0770658, 28.0408352 ], [ 35.0769693, 28.0409181 ], [ 35.0769478, 28.0409843 ], [ 35.0769612, 28.0410175 ], [ 35.0772321, 28.0409583 ], [ 35.0775191, 28.0408612 ], [ 35.0776935, 28.040821 ], [ 35.0778674, 28.0408111 ], [ 35.0779214, 28.0407973 ], [ 35.0780234, 28.0407523 ], [ 35.0780877, 28.0406955 ], [ 35.0780556, 28.0406316 ], [ 35.0780046, 28.0406056 ], [ 35.0778088, 28.0406008 ], [ 35.0775486, 28.0406387 ] ] ] ] } },
{ "type": "Feature", "properties": { "FID": 55051, "id": 1561, "left": 35.0, "top": 30.0, "right": 40.0, "bottom": 25.0, "row_index": 12, "col_index": 43, "min_lon": 35.0, "min_lat": 25.0, "tile_id": "35_25" }, "geometry": { "type": "MultiPolygon", "coordinates": [ [ [ [ 35.0361943, 28.0486282 ], [ 35.0359368, 28.0485904 ], [ 35.0356257, 28.0485904 ], [ 35.0352019, 28.0485998 ], [ 35.0346869, 28.0486756 ], [ 35.0343436, 28.0487703 ], [ 35.0339895, 28.0488839 ], [ 35.0337374, 28.0489738 ], [ 35.0332493, 28.0490733 ], [ 35.0328036, 28.0490721 ], [ 35.0323266, 28.0491822 ], [ 35.0319457, 28.0492579 ], [ 35.0316882, 28.0493763 ], [ 35.0313771, 28.049523 ], [ 35.0305456, 28.0497929 ], [ 35.0300574, 28.0500107 ], [ 35.0294244, 28.0502616 ], [ 35.0289255, 28.050522 ], [ 35.0283515, 28.0508155 ], [ 35.027917, 28.0510617 ], [ 35.027504, 28.0512226 ], [ 35.0271606, 28.051412 ], [ 35.0269622, 28.0515398 ], [ 35.0266188, 28.0517055 ], [ 35.0263184, 28.051786 ], [ 35.0261575, 28.0517718 ], [ 35.0258893, 28.0518428 ], [ 35.0258195, 28.0519138 ], [ 35.0258034, 28.0520227 ], [ 35.0257873, 28.0521884 ], [ 35.0257176, 28.0523683 ], [ 35.0256211, 28.0526382 ], [ 35.0255674, 28.052979 ], [ 35.0254387, 28.0531826 ], [ 35.025267, 28.0533436 ], [ 35.0251007, 28.0534524 ], [ 35.0249398, 28.0535897 ], [ 35.0247467, 28.0537318 ], [ 35.0247091, 28.0539117 ], [ 35.0247359, 28.0540442 ], [ 35.0248271, 28.0542146 ], [ 35.0248593, 28.054404 ], [ 35.024929, 28.0546218 ], [ 35.0250149, 28.0547496 ], [ 35.0250632, 28.0552277 ], [ 35.0250524, 28.0554313 ], [ 35.0250149, 28.0555923 ], [ 35.0249076, 28.0558716 ], [ 35.0248218, 28.0560325 ], [ 35.024811, 28.0561509 ], [ 35.0248432, 28.0562929 ], [ 35.0248325, 28.0565059 ], [ 35.0247788, 28.0569367 ], [ 35.0245482, 28.0574906 ], [ 35.0242478, 28.0580445 ], [ 35.0240815, 28.0583853 ], [ 35.0238401, 28.0585557 ], [ 35.0236094, 28.0586883 ], [ 35.0235558, 28.0588824 ], [ 35.0235558, 28.058925 ], [ 35.0235879, 28.0591569 ], [ 35.0236201, 28.0593889 ], [ 35.023663, 28.0596871 ], [ 35.0237274, 28.0599617 ], [ 35.023663, 28.0601369 ], [ 35.0235936, 28.0603962 ], [ 35.0234967, 28.0605298 ], [ 35.0232929, 28.0606765 ], [ 35.0232822, 28.0608848 ], [ 35.0233251, 28.0610126 ], [ 35.0234163, 28.0612351 ], [ 35.0235128, 28.0614529 ], [ 35.0235933, 28.0616469 ], [ 35.0237811, 28.0618884 ], [ 35.0239152, 28.062144 ], [ 35.0239903, 28.0623239 ], [ 35.0240385, 28.0626032 ], [ 35.0240761, 28.0629109 ], [ 35.0240707, 28.0632138 ], [ 35.0241297, 28.0636067 ], [ 35.0241297, 28.0638623 ], [ 35.0241351, 28.0640848 ], [ 35.0242209, 28.06426 ], [ 35.0243604, 28.0644304 ], [ 35.0244892, 28.0645535 ], [ 35.0246501, 28.0648659 ], [ 35.0248164, 28.0652682 ], [ 35.0248539, 28.0653771 ], [ 35.0249129, 28.065557 ], [ 35.0249505, 28.0657795 ], [ 35.0249934, 28.0660303 ], [ 35.0250471, 28.0662812 ], [ 35.0251168, 28.0664848 ], [ 35.0251919, 28.0666268 ], [ 35.0252616, 28.0670007 ], [ 35.0253046, 28.0673084 ], [ 35.0253046, 28.0675451 ], [ 35.0253206, 28.0677534 ], [ 35.0254226, 28.0679332 ], [ 35.0255728, 28.0681888 ], [ 35.0256479, 28.0683829 ], [ 35.0257069, 28.0685533 ], [ 35.0256908, 28.0687379 ], [ 35.0256425, 28.0689367 ], [ 35.0256422, 28.0691102 ], [ 35.0256479, 28.0694385 ], [ 35.0256801, 28.0695899 ], [ 35.0256908, 28.0697651 ], [ 35.0256565, 28.0698817 ], [ 35.025841, 28.0700444 ], [ 35.0259644, 28.0701627 ], [ 35.026077, 28.0703994 ], [ 35.0260878, 28.0705792 ], [ 35.0260878, 28.0707922 ], [ 35.0261468, 28.0709058 ], [ 35.0262916, 28.0710052 ], [ 35.0263935, 28.0711662 ], [ 35.0265759, 28.0713602 ], [ 35.0266081, 28.0714454 ], [ 35.0267208, 28.0715354 ], [ 35.0268549, 28.0716442 ], [ 35.0270212, 28.0717389 ], [ 35.0271421, 28.0717882 ], [ 35.0275093, 28.0717957 ], [ 35.0277078, 28.0717768 ], [ 35.0278956, 28.0717768 ], [ 35.0281477, 28.0717626 ], [ 35.0284374, 28.0717152 ], [ 35.0287485, 28.0716679 ], [ 35.0289524, 28.0716916 ], [ 35.0292313, 28.0716584 ], [ 35.0294566, 28.0715969 ], [ 35.0297946, 28.0715874 ], [ 35.0301433, 28.0715212 ], [ 35.0303578, 28.071417 ], [ 35.0305724, 28.0711804 ], [ 35.0307602, 28.0710289 ], [ 35.0309962, 28.0708916 ], [ 35.0311249, 28.0707591 ], [ 35.0313395, 28.0706124 ], [ 35.0315702, 28.0705224 ], [ 35.0318974, 28.070423 ], [ 35.0322086, 28.070352 ], [ 35.0327343, 28.0702858 ], [ 35.0330079, 28.0702053 ], [ 35.0331581, 28.0701722 ], [ 35.0334424, 28.0700018 ], [ 35.0339359, 28.069926 ], [ 35.0341988, 28.0697935 ], [ 35.0345313, 28.0695142 ], [ 35.0348586, 28.0693107 ], [ 35.0351804, 28.069216 ], [ 35.0353414, 28.0691355 ], [ 35.0354701, 28.0690456 ], [ 35.0354969, 28.0689083 ], [ 35.0354111, 28.0688279 ], [ 35.0352716, 28.0687095 ], [ 35.0352716, 28.0686054 ], [ 35.0353736, 28.0684208 ], [ 35.0354862, 28.0682172 ], [ 35.0355774, 28.0680705 ], [ 35.0355774, 28.067919 ], [ 35.035572, 28.0677486 ], [ 35.035615, 28.0676824 ], [ 35.0357008, 28.0675593 ], [ 35.0358671, 28.0673605 ], [ 35.0362211, 28.0669534 ], [ 35.0362372, 28.0668777 ], [ 35.0362104, 28.0667356 ], [ 35.0362104, 28.0666362 ], [ 35.0362587, 28.0665132 ], [ 35.036366, 28.0663428 ], [ 35.0364733, 28.0661345 ], [ 35.0364518, 28.065841 ], [ 35.036484, 28.0657227 ], [ 35.0366235, 28.0655901 ], [ 35.0367683, 28.0654292 ], [ 35.0368702, 28.0652966 ], [ 35.0370473, 28.0650647 ], [ 35.037058, 28.0648848 ], [ 35.0371063, 28.0647239 ], [ 35.0372672, 28.0645677 ], [ 35.0373799, 28.0643546 ], [ 35.0373959, 28.0642032 ], [ 35.0374871, 28.0640848 ], [ 35.0377017, 28.0639759 ], [ 35.0377822, 28.0638197 ], [ 35.0377876, 28.0635783 ], [ 35.0378305, 28.063531 ], [ 35.0379753, 28.0634316 ], [ 35.0382382, 28.063247 ], [ 35.0382006, 28.0631239 ], [ 35.0381684, 28.0629866 ], [ 35.0382796, 28.0627508 ], [ 35.0384635, 28.0626221 ], [ 35.0386083, 28.06257 ], [ 35.0387531, 28.0624422 ], [ 35.0389248, 28.0623097 ], [ 35.0392574, 28.0621535 ], [ 35.039472, 28.0620304 ], [ 35.0400728, 28.0618316 ], [ 35.0402981, 28.0616564 ], [ 35.0403678, 28.061557 ], [ 35.0404108, 28.0614197 ], [ 35.0403571, 28.0612919 ], [ 35.0403464, 28.0611688 ], [ 35.0403839, 28.0608659 ], [ 35.0404483, 28.0607002 ], [ 35.0405395, 28.0606055 ], [ 35.0407594, 28.0604256 ], [ 35.0409687, 28.060383 ], [ 35.0410759, 28.0602694 ], [ 35.0410759, 28.0601889 ], [ 35.041033, 28.0600658 ], [ 35.0410438, 28.059957 ], [ 35.0409901, 28.0598055 ], [ 35.0409526, 28.0596919 ], [ 35.0409687, 28.0594883 ], [ 35.0410438, 28.0592374 ], [ 35.04121, 28.0591001 ], [ 35.0413334, 28.0590197 ], [ 35.0415695, 28.0589202 ], [ 35.0417519, 28.0588019 ], [ 35.0418377, 28.0585983 ], [ 35.0419664, 28.0584989 ], [ 35.0420898, 28.0582244 ], [ 35.0423419, 28.057893 ], [ 35.0422454, 28.0577131 ], [ 35.0421864, 28.0574622 ], [ 35.0420791, 28.0572539 ], [ 35.0419772, 28.0570314 ], [ 35.0419718, 28.0568326 ], [ 35.0419825, 28.056558 ], [ 35.0420684, 28.0562408 ], [ 35.0421381, 28.0558574 ], [ 35.0422829, 28.0554739 ], [ 35.042299, 28.0551993 ], [ 35.0424224, 28.0548301 ], [ 35.0425458, 28.0544087 ], [ 35.0426423, 28.0541862 ], [ 35.0427765, 28.0540395 ], [ 35.0431412, 28.0538359 ], [ 35.0435758, 28.0535519 ], [ 35.0441068, 28.0533625 ], [ 35.0450295, 28.0531163 ], [ 35.0453085, 28.0529364 ], [ 35.0453997, 28.0528323 ], [ 35.0455016, 28.0527234 ], [ 35.0456679, 28.0525908 ], [ 35.0458503, 28.0525009 ], [ 35.0462029, 28.0524737 ], [ 35.0477278, 28.0523068 ], [ 35.0488704, 28.0521079 ], [ 35.0491816, 28.0520085 ], [ 35.0488222, 28.0519849 ], [ 35.0486988, 28.0519849 ], [ 35.0483769, 28.0519706 ], [ 35.0475883, 28.051947 ], [ 35.0470627, 28.0519464 ], [ 35.045979, 28.0516866 ], [ 35.0458127, 28.0515966 ], [ 35.0457805, 28.0514594 ], [ 35.0452441, 28.0514025 ], [ 35.0438333, 28.0511564 ], [ 35.0427014, 28.0509386 ], [ 35.041607, 28.0506593 ], [ 35.0409474, 28.0504945 ], [ 35.0399923, 28.050219 ], [ 35.0389041, 28.0497532 ], [ 35.038045, 28.0493479 ], [ 35.0368166, 28.048846 ], [ 35.0361943, 28.0486282 ] ] ] ] } },
{ "type": "Feature", "properties": { "FID": 55959, "id": 1561, "left": 35.0, "top": 30.0, "right": 40.0, "bottom": 25.0, "row_index": 12, "col_index": 43, "min_lon": 35.0, "min_lat": 25.0, "tile_id": "35_25" }, "geometry": { "type": "MultiPolygon", "coordinates": [ [ [ [ 36.5678215, 25.7267911 ], [ 36.5679691, 25.7265363 ], [ 36.566542, 25.7268979 ], [ 36.5656799, 25.727398 ], [ 36.5652041, 25.7279305 ], [ 36.5655935, 25.7281552 ], [ 36.5673753, 25.7278125 ], [ 36.5678111, 25.7273054 ], [ 36.5678215, 25.7267911 ] ] ] ] } },
{ "type": "Feature", "properties": { "FID": 123912, "id": 1561, "left": 35.0, "top": 30.0, "right": 40.0, "bottom": 25.0, "row_index": 12, "col_index": 43, "min_lon": 35.0, "min_lat": 25.0, "tile_id": "35_25" }, "geometry": { "type": "MultiPolygon", "coordinates": [ [ [ [ 37.2792158, 25.0000292 ], [ 37.2786494, 25.0001507 ], [ 37.2780776, 25.0006588 ], [ 37.276666, 25.0006423 ], [ 37.2758519, 25.0014465 ], [ 37.2755184, 25.0014554 ], [ 37.2746363, 25.0011773 ], [ 37.274074, 25.0011532 ], [ 37.2739477, 25.0012776 ], [ 37.2745322, 25.0017759 ], [ 37.2745248, 25.0022906 ], [ 37.274239, 25.0025446 ], [ 37.2739438, 25.0029441 ], [ 37.2736942, 25.0031524 ], [ 37.2729611, 25.0028309 ], [ 37.2729243, 25.0033982 ], [ 37.2731452, 25.003505 ], [ 37.2728382, 25.0038595 ], [ 37.2725935, 25.0043791 ], [ 37.2724329, 25.0046866 ], [ 37.2719522, 25.0054339 ], [ 37.2714079, 25.0060454 ], [ 37.2709389, 25.0063658 ], [ 37.2704049, 25.0072699 ], [ 37.2702147, 25.007644 ], [ 37.2698937, 25.008234 ], [ 37.2694924, 25.0084172 ], [ 37.2692789, 25.0081903 ], [ 37.2691463, 25.0083104 ], [ 37.2694556, 25.0085373 ], [ 37.2693304, 25.0087417 ], [ 37.2689087, 25.0096546 ], [ 37.2694732, 25.0102086 ], [ 37.2696465, 25.0106932 ], [ 37.2700272, 25.0109869 ], [ 37.2701847, 25.0117609 ], [ 37.2701461, 25.0125321 ], [ 37.2700019, 25.0127877 ], [ 37.2694371, 25.0127812 ], [ 37.269126, 25.014836 ], [ 37.2679968, 25.0148228 ], [ 37.2675528, 25.0173272 ], [ 37.2670955, 25.0185703 ], [ 37.2665621, 25.0190767 ], [ 37.2659919, 25.020039 ], [ 37.2657854, 25.0201586 ], [ 37.2655077, 25.0200681 ], [ 37.2654428, 25.0200578 ], [ 37.2653632, 25.0200675 ], [ 37.2652958, 25.0200971 ], [ 37.2652455, 25.0201378 ], [ 37.2650527, 25.02041 ], [ 37.2650087, 25.0204662 ], [ 37.2649659, 25.0204993 ], [ 37.2649367, 25.0205428 ], [ 37.2649238, 25.020593 ], [ 37.264929, 25.0206443 ], [ 37.2649517, 25.0206915 ], [ 37.2649897, 25.0207298 ], [ 37.2650391, 25.0207553 ], [ 37.2650917, 25.0207653 ], [ 37.2651452, 25.0207606 ], [ 37.2651947, 25.0207417 ], [ 37.2652358, 25.0207103 ], [ 37.2652647, 25.0206692 ], [ 37.265279, 25.0206199 ], [ 37.2652756, 25.0205691 ], [ 37.2652601, 25.0205335 ], [ 37.2652752, 25.0204753 ], [ 37.265389, 25.0203038 ], [ 37.2654168, 25.0202852 ], [ 37.2654649, 25.020287 ], [ 37.2656784, 25.0203721 ], [ 37.2657143, 25.0204036 ], [ 37.2657396, 25.0204415 ], [ 37.2657449, 25.0204848 ], [ 37.2657306, 25.0205259 ], [ 37.2656992, 25.020511 ], [ 37.2655882, 25.0206619 ], [ 37.2655847, 25.0207044 ], [ 37.2655922, 25.0207304 ], [ 37.2659234, 25.0212105 ], [ 37.2660135, 25.0212713 ], [ 37.2660808, 25.0212731 ], [ 37.2661194, 25.0212472 ], [ 37.2661488, 25.0212274 ], [ 37.2663972, 25.0210604 ], [ 37.26649, 25.0211394 ], [ 37.2666394, 25.0213331 ], [ 37.2666851, 25.0214227 ], [ 37.2667553, 25.0216701 ], [ 37.2667269, 25.0217066 ], [ 37.2667194, 25.0217376 ], [ 37.2667373, 25.0217686 ], [ 37.2667305, 25.0218509 ], [ 37.2666985, 25.02187 ], [ 37.266669, 25.0218566 ], [ 37.2666284, 25.0218519 ], [ 37.2665879, 25.0218701 ], [ 37.2665743, 25.0218946 ], [ 37.2665808, 25.0219225 ], [ 37.2666084, 25.0219733 ], [ 37.2665833, 25.0220593 ], [ 37.2665475, 25.0221821 ], [ 37.2665374, 25.0222166 ], [ 37.265487, 25.0222545 ], [ 37.2654068, 25.0222686 ], [ 37.2653686, 25.0222753 ], [ 37.2653234, 25.0222832 ], [ 37.2650286, 25.0223538 ], [ 37.2649935, 25.0223621 ], [ 37.2648298, 25.0224013 ], [ 37.2646918, 25.0224549 ], [ 37.26466, 25.0224672 ], [ 37.2643746, 25.022578 ], [ 37.264343, 25.0225903 ], [ 37.2640544, 25.0227024 ], [ 37.2640223, 25.0227148 ], [ 37.2637363, 25.0228259 ], [ 37.2637043, 25.0228383 ], [ 37.2634529, 25.0229359 ], [ 37.2633274, 25.0226428 ], [ 37.2633278, 25.0226135 ], [ 37.2633387, 25.0225923 ], [ 37.2633636, 25.0225583 ], [ 37.2634009, 25.0225225 ], [ 37.2644689, 25.021789 ], [ 37.2644769, 25.0217811 ], [ 37.264482, 25.0217713 ], [ 37.2644837, 25.0217607 ], [ 37.2644819, 25.02175 ], [ 37.2644768, 25.0217403 ], [ 37.2644684, 25.0217322 ], [ 37.2644576, 25.0217267 ], [ 37.2644456, 25.0217245 ], [ 37.2644334, 25.0217256 ], [ 37.2644221, 25.0217301 ], [ 37.263316, 25.0224699 ], [ 37.263303, 25.0224833 ], [ 37.2632392, 25.022598 ], [ 37.2632355, 25.0226193 ], [ 37.2632514, 25.0226878 ], [ 37.2631501, 25.0229639 ], [ 37.2630981, 25.0230298 ], [ 37.2630111, 25.023083 ], [ 37.2629091, 25.0231933 ], [ 37.2627831, 25.0234877 ], [ 37.2624278, 25.0240142 ], [ 37.2621358, 25.0245778 ], [ 37.2615392, 25.0269191 ], [ 37.261456, 25.0271211 ], [ 37.2608274, 25.0275646 ], [ 37.2601035, 25.0278466 ], [ 37.2594367, 25.0282609 ], [ 37.258573, 25.029383 ], [ 37.2577728, 25.0304763 ], [ 37.2568138, 25.0316041 ], [ 37.2568265, 25.0318918 ], [ 37.256255, 25.0324902 ], [ 37.2558822, 25.0328209 ], [ 37.2555437, 25.0333303 ], [ 37.2551595, 25.0339708 ], [ 37.2549785, 25.0342913 ], [ 37.2546102, 25.0349012 ], [ 37.2540045, 25.0357583 ], [ 37.2534179, 25.0372953 ], [ 37.2529463, 25.0386642 ], [ 37.2526868, 25.0390879 ], [ 37.2525462, 25.0396481 ], [ 37.2521271, 25.0395733 ], [ 37.252108, 25.0398495 ], [ 37.2523566, 25.0423772 ], [ 37.2522596, 25.042643 ], [ 37.2521681, 25.0427283 ], [ 37.2521294, 25.0427334 ], [ 37.2520629, 25.0426656 ], [ 37.252013, 25.0426806 ], [ 37.2519534, 25.0426731 ], [ 37.2518786, 25.0427597 ], [ 37.2518364, 25.0429217 ], [ 37.251747, 25.0431099 ], [ 37.2517373, 25.0432656 ], [ 37.2517715, 25.0432993 ], [ 37.2517687, 25.0433872 ], [ 37.2517387, 25.0434463 ], [ 37.2515788, 25.0435726 ], [ 37.2515826, 25.0436252 ], [ 37.2516297, 25.0436729 ], [ 37.2517378, 25.0437332 ], [ 37.2517461, 25.0439538 ], [ 37.2518206, 25.0440532 ], [ 37.2515674, 25.0450833 ], [ 37.2513516, 25.0467679 ], [ 37.2511192, 25.0478056 ], [ 37.2508859, 25.0484793 ], [ 37.2491081, 25.0524257 ], [ 37.2489545, 25.0529288 ], [ 37.2488121, 25.0532999 ], [ 37.2486029, 25.053849 ], [ 37.248247, 25.054875 ], [ 37.2479927, 25.0554913 ], [ 37.2478851, 25.0556233 ], [ 37.2478175, 25.0556315 ], [ 37.2476129, 25.0565703 ], [ 37.2473985, 25.0570707 ], [ 37.2473221, 25.0571573 ], [ 37.2472162, 25.0571705 ], [ 37.2471643, 25.0571385 ], [ 37.2470914, 25.0571608 ], [ 37.246971, 25.0573751 ], [ 37.2469336, 25.0577022 ], [ 37.2468548, 25.0579466 ], [ 37.2466789, 25.0581479 ], [ 37.2464297, 25.0592927 ], [ 37.2463123, 25.0600052 ], [ 37.2460066, 25.0606715 ], [ 37.2456828, 25.0610889 ], [ 37.2452302, 25.0616447 ], [ 37.2449625, 25.0621397 ], [ 37.2446018, 25.0629795 ], [ 37.2442852, 25.0637834 ], [ 37.2441854, 25.064535 ], [ 37.2442022, 25.0652045 ], [ 37.2443773, 25.0660397 ], [ 37.244619, 25.070426 ], [ 37.2439636, 25.0707865 ], [ 37.2437397, 25.0710276 ], [ 37.2437271, 25.0711775 ], [ 37.2438267, 25.0715346 ], [ 37.2438902, 25.0716621 ], [ 37.2440302, 25.0717919 ], [ 37.2445312, 25.072243 ], [ 37.2449517, 25.0725772 ], [ 37.2451489, 25.072668 ], [ 37.2455112, 25.0730639 ], [ 37.2457048, 25.0732274 ], [ 37.2462123, 25.073793 ], [ 37.2465626, 25.0740427 ], [ 37.2470969, 25.0746585 ], [ 37.2478042, 25.0754768 ], [ 37.2481825, 25.0758499 ], [ 37.2484943, 25.0761494 ], [ 37.2487114, 25.0762781 ], [ 37.2495632, 25.0770014 ], [ 37.2499533, 25.0773659 ], [ 37.2504445, 25.0776576 ], [ 37.2508246, 25.07799 ], [ 37.2511009, 25.078164 ], [ 37.2512972, 25.0783206 ], [ 37.2517329, 25.0785899 ], [ 37.2524987, 25.0792745 ], [ 37.2532059, 25.0798459 ], [ 37.2536245, 25.0803923 ], [ 37.2540748, 25.0806589 ], [ 37.2553049, 25.0813632 ], [ 37.2561632, 25.0817995 ], [ 37.2570714, 25.0824902 ], [ 37.2578531, 25.0831482 ], [ 37.2584782, 25.0838832 ], [ 37.2588278, 25.0841888 ], [ 37.2591478, 25.084705 ], [ 37.2603557, 25.0860078 ], [ 37.2607054, 25.0865111 ], [ 37.2601635, 25.0871918 ], [ 37.2606982, 25.0872675 ], [ 37.2612698, 25.0866573 ], [ 37.2617499, 25.0873107 ], [ 37.2619722, 25.0878642 ], [ 37.2615569, 25.0881442 ], [ 37.2612519, 25.0883884 ], [ 37.2617364, 25.0884143 ], [ 37.2619783, 25.0890533 ], [ 37.2618893, 25.0882644 ], [ 37.2621308, 25.0882692 ], [ 37.262736, 25.0887869 ], [ 37.2631826, 25.089267 ], [ 37.2630238, 25.0895896 ], [ 37.263394, 25.0909323 ], [ 37.2635339, 25.0910622 ], [ 37.2638531, 25.0913539 ], [ 37.2642593, 25.092652 ], [ 37.264495, 25.0930036 ], [ 37.2650419, 25.0942965 ], [ 37.2651619, 25.0958418 ], [ 37.2653968, 25.0961993 ], [ 37.2658459, 25.0973937 ], [ 37.2664133, 25.1000022 ], [ 37.2668177, 25.1024355 ], [ 37.2669935, 25.1037257 ], [ 37.2664884, 25.1056357 ], [ 37.2657754, 25.1086518 ], [ 37.2651253, 25.1108503 ], [ 37.2650812, 25.1115366 ], [ 37.2649113, 25.1135931 ], [ 37.2643462, 25.1135865 ], [ 37.2643317, 25.1146154 ], [ 37.2631979, 25.1148596 ], [ 37.2631869, 25.1156312 ], [ 37.263752, 25.1156379 ], [ 37.2637229, 25.1176961 ], [ 37.2631578, 25.1176895 ], [ 37.2631542, 25.1179467 ], [ 37.2637193, 25.1179533 ], [ 37.2637121, 25.1184678 ], [ 37.2631468, 25.1184611 ], [ 37.2626862, 25.1210289 ], [ 37.2623999, 25.1212827 ], [ 37.2620918, 25.1230803 ], [ 37.2618057, 25.1233343 ], [ 37.2609251, 25.1256397 ], [ 37.2600591, 25.1269161 ], [ 37.260041, 25.1282024 ], [ 37.2610177, 25.1291139 ], [ 37.2627133, 25.1291338 ], [ 37.2629922, 25.1293944 ], [ 37.2641171, 25.129794 ], [ 37.2642434, 25.1308248 ], [ 37.2639537, 25.1313358 ], [ 37.2636382, 25.133648 ], [ 37.2634938, 25.1339036 ], [ 37.2629285, 25.133897 ], [ 37.2627431, 25.1369824 ], [ 37.2623124, 25.1374919 ], [ 37.2617471, 25.1374853 ], [ 37.261598, 25.1379983 ], [ 37.2610255, 25.1385061 ], [ 37.2610109, 25.1395352 ], [ 37.260573, 25.1405592 ], [ 37.2600077, 25.1405526 ], [ 37.2597843, 25.1422421 ], [ 37.2595322, 25.1441493 ], [ 37.2592423, 25.1446605 ], [ 37.2588866, 25.1498024 ], [ 37.2571359, 25.1536414 ], [ 37.2568386, 25.1546671 ], [ 37.2566308, 25.1551264 ], [ 37.2562587, 25.1556894 ], [ 37.2556825, 25.1564547 ], [ 37.2552515, 25.1569642 ], [ 37.2546845, 25.1570856 ], [ 37.2543982, 25.1573396 ], [ 37.2538135, 25.1579599 ], [ 37.2533918, 25.1584861 ], [ 37.2531927, 25.1590877 ], [ 37.2528119, 25.1595084 ], [ 37.2525256, 25.1597624 ], [ 37.2513472, 25.1630933 ], [ 37.2515895, 25.1659266 ], [ 37.2512994, 25.1664377 ], [ 37.2509799, 25.1690069 ], [ 37.2506936, 25.1692609 ], [ 37.2503963, 25.1702866 ], [ 37.2495373, 25.1710483 ], [ 37.2486745, 25.1720674 ], [ 37.2482362, 25.1730914 ], [ 37.2476707, 25.1730846 ], [ 37.2476634, 25.1735992 ], [ 37.2470981, 25.1735924 ], [ 37.2470796, 25.1748788 ], [ 37.2465124, 25.1750003 ], [ 37.2459414, 25.17538 ], [ 37.2457885, 25.17615 ], [ 37.245212, 25.1769151 ], [ 37.2446394, 25.1774229 ], [ 37.2444874, 25.1781931 ], [ 37.2436411, 25.1780538 ], [ 37.2424993, 25.1788122 ], [ 37.2405203, 25.1787886 ], [ 37.2402395, 25.1786571 ], [ 37.2399679, 25.177882 ], [ 37.2396851, 25.1778786 ], [ 37.2395358, 25.1783915 ], [ 37.2392495, 25.1786454 ], [ 37.2389482, 25.1799283 ], [ 37.2386619, 25.1801821 ], [ 37.2383606, 25.181465 ], [ 37.2388373, 25.1876461 ], [ 37.2391126, 25.188164 ], [ 37.2393769, 25.1894535 ], [ 37.2390832, 25.190222 ], [ 37.2376509, 25.1914913 ], [ 37.237499, 25.1922615 ], [ 37.2369335, 25.1922547 ], [ 37.2369259, 25.1927693 ], [ 37.2363587, 25.1928907 ], [ 37.234361, 25.1941534 ], [ 37.2337936, 25.1942757 ], [ 37.2337862, 25.1947901 ], [ 37.2332208, 25.1947835 ], [ 37.2322009, 25.1968296 ], [ 37.2317698, 25.1973392 ], [ 37.2297849, 25.1977009 ], [ 37.2286409, 25.1985881 ], [ 37.2292916, 25.2024554 ], [ 37.2285591, 25.2042479 ], [ 37.226295, 25.2043488 ], [ 37.2254506, 25.2040814 ], [ 37.2246022, 25.2040712 ], [ 37.2234769, 25.2036722 ], [ 37.2234842, 25.2031577 ], [ 37.2229206, 25.2030218 ], [ 37.2226415, 25.2027612 ], [ 37.2212278, 25.2027442 ], [ 37.2198178, 25.2024699 ], [ 37.2189656, 25.202717 ], [ 37.2175332, 25.2039861 ], [ 37.2169639, 25.2042365 ], [ 37.2144209, 25.2040778 ], [ 37.2144285, 25.2035631 ], [ 37.2141455, 25.2035597 ], [ 37.2144096, 25.2048495 ], [ 37.2132767, 25.204964 ], [ 37.2127131, 25.204829 ], [ 37.211983, 25.2063639 ], [ 37.2109789, 25.2073809 ], [ 37.2104134, 25.2073741 ], [ 37.2104058, 25.2078886 ], [ 37.2098384, 25.2080099 ], [ 37.2089789, 25.2087714 ], [ 37.2081304, 25.2087612 ], [ 37.2072765, 25.2091373 ], [ 37.2064018, 25.2109277 ], [ 37.2058362, 25.2109209 ], [ 37.2059658, 25.2116943 ], [ 37.2050873, 25.2137421 ], [ 37.2048006, 25.2139959 ], [ 37.2042125, 25.2155325 ], [ 37.2039259, 25.2157863 ], [ 37.2034871, 25.2168101 ], [ 37.2029197, 25.2169315 ], [ 37.2012059, 25.2180689 ], [ 37.2004529, 25.2211473 ], [ 37.2001664, 25.2214011 ], [ 37.199578, 25.2229377 ], [ 37.1995591, 25.224224 ], [ 37.1988299, 25.2257589 ], [ 37.1976929, 25.2261305 ], [ 37.1965485, 25.2270175 ], [ 37.1961047, 25.2282985 ], [ 37.195818, 25.2285523 ], [ 37.1956697, 25.2290651 ], [ 37.195104, 25.2290583 ], [ 37.1950926, 25.22983 ], [ 37.1945251, 25.2299513 ], [ 37.1942384, 25.2302049 ], [ 37.1936708, 25.2303272 ], [ 37.193231, 25.231351 ], [ 37.1927995, 25.2318604 ], [ 37.1919398, 25.2326217 ], [ 37.1909055, 25.233262 ], [ 37.190451, 25.2337241 ], [ 37.189996, 25.2340355 ], [ 37.1882122, 25.2352045 ], [ 37.1873079, 25.2355727 ], [ 37.1856031, 25.236178 ], [ 37.184351, 25.2364949 ], [ 37.1820287, 25.2363598 ], [ 37.1816081, 25.2362501 ], [ 37.1813558, 25.2361311 ], [ 37.1809683, 25.2363094 ], [ 37.1800383, 25.2363741 ], [ 37.1791506, 25.2363185 ], [ 37.1788985, 25.2362724 ], [ 37.1786168, 25.2362385 ], [ 37.1785632, 25.2361463 ], [ 37.1785873, 25.2360492 ], [ 37.1784183, 25.2359595 ], [ 37.1781716, 25.2360031 ], [ 37.178016, 25.2362312 ], [ 37.1777981, 25.236766 ], [ 37.1768066, 25.2378556 ], [ 37.1766588, 25.2379028 ], [ 37.1765146, 25.2378144 ], [ 37.1758049, 25.2384718 ], [ 37.1750602, 25.2391603 ], [ 37.1743312, 25.2396387 ], [ 37.1737219, 25.2402446 ], [ 37.172902, 25.2412353 ], [ 37.1721329, 25.2424124 ], [ 37.1712344, 25.245746 ], [ 37.1712267, 25.2462605 ], [ 37.1709362, 25.2467715 ], [ 37.170187, 25.2495926 ], [ 37.1696213, 25.2495856 ], [ 37.1691734, 25.2511236 ], [ 37.1677321, 25.2529069 ], [ 37.1671586, 25.2534143 ], [ 37.1667232, 25.2541807 ], [ 37.1661556, 25.2543019 ], [ 37.1652974, 25.254935 ], [ 37.1651477, 25.2554478 ], [ 37.164861, 25.2557014 ], [ 37.164131, 25.2572361 ], [ 37.1632785, 25.2574827 ], [ 37.162984, 25.258251 ], [ 37.1624181, 25.258244 ], [ 37.1622685, 25.2587566 ], [ 37.1615463, 25.2597768 ], [ 37.160128, 25.2600165 ], [ 37.1601203, 25.2605309 ], [ 37.1595525, 25.2606521 ], [ 37.158981, 25.2610314 ], [ 37.1591142, 25.2615476 ], [ 37.1585368, 25.2623123 ], [ 37.1582344, 25.263595 ], [ 37.157657, 25.2643597 ], [ 37.1577912, 25.2648759 ], [ 37.1572254, 25.2648689 ], [ 37.1567812, 25.2661497 ], [ 37.1567735, 25.2666642 ], [ 37.1560511, 25.2676844 ], [ 37.1543441, 25.2683058 ], [ 37.1537723, 25.268685 ], [ 37.1531832, 25.2702213 ], [ 37.1517648, 25.270461 ], [ 37.1519018, 25.2707199 ], [ 37.1517491, 25.2714899 ], [ 37.1511834, 25.2714827 ], [ 37.1505981, 25.2727619 ], [ 37.1500303, 25.272883 ], [ 37.1494567, 25.2733903 ], [ 37.1488888, 25.2735124 ], [ 37.1481577, 25.2750469 ], [ 37.1478708, 25.2753005 ], [ 37.1478631, 25.2758152 ], [ 37.1470025, 25.2765761 ], [ 37.1468538, 25.2770888 ], [ 37.1462879, 25.2770819 ], [ 37.1459893, 25.2781072 ], [ 37.1454216, 25.2782281 ], [ 37.144565, 25.278732 ], [ 37.1437141, 25.2788505 ], [ 37.1435644, 25.2793631 ], [ 37.1429869, 25.2801278 ], [ 37.1429751, 25.2808995 ], [ 37.1426726, 25.282182 ], [ 37.141954, 25.282945 ], [ 37.1413881, 25.2829378 ], [ 37.1408026, 25.2842168 ], [ 37.1402348, 25.2843379 ], [ 37.1393781, 25.2848416 ], [ 37.1385176, 25.2856027 ], [ 37.1379496, 25.2857246 ], [ 37.1379419, 25.2862391 ], [ 37.137376, 25.2862319 ], [ 37.1372182, 25.2872591 ], [ 37.1369315, 25.2875128 ], [ 37.1366287, 25.2887953 ], [ 37.136197, 25.2893045 ], [ 37.1353443, 25.2895509 ], [ 37.1353324, 25.2903228 ], [ 37.1347646, 25.2904438 ], [ 37.1336229, 25.291073 ], [ 37.1337599, 25.2913321 ], [ 37.1336032, 25.2923591 ], [ 37.1327584, 25.2920911 ], [ 37.1328718, 25.2938936 ], [ 37.1317123, 25.29568 ], [ 37.1315633, 25.2961926 ], [ 37.1304276, 25.2964356 ], [ 37.1305607, 25.2969518 ], [ 37.1304157, 25.2972073 ], [ 37.1267274, 25.2978032 ], [ 37.1264405, 25.2980569 ], [ 37.1258725, 25.2981788 ], [ 37.1258646, 25.2986932 ], [ 37.1252966, 25.2988142 ], [ 37.1247247, 25.2991933 ], [ 37.1244259, 25.3002187 ], [ 37.1215824, 25.3010826 ], [ 37.1207236, 25.3017152 ], [ 37.1207157, 25.3022296 ], [ 37.1201496, 25.3022224 ], [ 37.1199958, 25.3029924 ], [ 37.119418, 25.3037569 ], [ 37.119115, 25.3050395 ], [ 37.1188281, 25.3052931 ], [ 37.1186713, 25.3063202 ], [ 37.117067, 25.3064685 ], [ 37.1169852, 25.3055267 ], [ 37.1167023, 25.3055231 ], [ 37.1166864, 25.3065522 ], [ 37.1168707, 25.306642 ], [ 37.1169495, 25.307842 ], [ 37.1161026, 25.3077019 ], [ 37.1158236, 25.3074411 ], [ 37.1152596, 25.3073058 ], [ 37.1151056, 25.3080756 ], [ 37.1148187, 25.3083292 ], [ 37.1139498, 25.3096046 ], [ 37.1133638, 25.3108836 ], [ 37.1125029, 25.3116443 ], [ 37.1120589, 25.3129251 ], [ 37.111491, 25.3130461 ], [ 37.110919, 25.313425 ], [ 37.110761, 25.3144523 ], [ 37.1104741, 25.3147057 ], [ 37.1095972, 25.3164955 ], [ 37.1095692, 25.3182961 ], [ 37.1087042, 25.3193143 ], [ 37.1086881, 25.3203432 ], [ 37.1084012, 25.3205968 ], [ 37.1080782, 25.3231655 ], [ 37.1077832, 25.3239336 ], [ 37.1074961, 25.3241871 ], [ 37.1073471, 25.3246998 ], [ 37.1079132, 25.324707 ], [ 37.1081801, 25.3257397 ], [ 37.1087461, 25.3257469 ], [ 37.1088673, 25.3270349 ], [ 37.1094212, 25.3278138 ], [ 37.1095552, 25.3283301 ], [ 37.1101215, 25.3283373 ], [ 37.1095354, 25.3296163 ], [ 37.1084072, 25.3293445 ], [ 37.1083951, 25.3301162 ], [ 37.1089612, 25.3301236 ], [ 37.1090903, 25.330897 ], [ 37.1088032, 25.3311506 ], [ 37.1083632, 25.332174 ], [ 37.107518, 25.331906 ], [ 37.1073681, 25.3324186 ], [ 37.106649, 25.3331812 ], [ 37.107215, 25.3331886 ], [ 37.1067779, 25.3339548 ], [ 37.106625, 25.3347246 ], [ 37.107191, 25.334732 ], [ 37.1071829, 25.3352464 ], [ 37.1077491, 25.3352536 ], [ 37.107765, 25.3342247 ], [ 37.1091844, 25.3339856 ], [ 37.1090383, 25.3342411 ], [ 37.1087193, 25.3365526 ], [ 37.1081451, 25.3370597 ], [ 37.1079962, 25.3375724 ], [ 37.107428, 25.3376932 ], [ 37.1062857, 25.3383222 ], [ 37.1062778, 25.3388367 ], [ 37.1057136, 25.3387004 ], [ 37.1054265, 25.338954 ], [ 37.1048586, 25.3390757 ], [ 37.1048504, 25.3395902 ], [ 37.1040013, 25.3395792 ], [ 37.1039933, 25.3400937 ], [ 37.1022889, 25.3404573 ], [ 37.1002914, 25.3414607 ], [ 37.0997172, 25.3419678 ], [ 37.098579, 25.3423396 ], [ 37.0984248, 25.3431094 ], [ 37.0975635, 25.3438701 ], [ 37.0974144, 25.3443827 ], [ 37.0968484, 25.3443755 ], [ 37.0966983, 25.3448881 ], [ 37.095837, 25.3456488 ], [ 37.0954008, 25.346415 ], [ 37.0948327, 25.3465358 ], [ 37.0942604, 25.3469147 ], [ 37.0942525, 25.3474292 ], [ 37.0931141, 25.3478 ], [ 37.0925418, 25.3481789 ], [ 37.0923876, 25.3489487 ], [ 37.0912392, 25.3499631 ], [ 37.091082, 25.3509901 ], [ 37.0905138, 25.3511109 ], [ 37.0899416, 25.3514898 ], [ 37.0899334, 25.3520043 ], [ 37.0893674, 25.3519969 ], [ 37.0895044, 25.352256 ], [ 37.0893551, 25.3527686 ], [ 37.088789, 25.3527614 ], [ 37.0886267, 25.3540457 ], [ 37.0883356, 25.3545564 ], [ 37.0882708, 25.3586722 ], [ 37.0879795, 25.3591829 ], [ 37.0887236, 25.3658818 ], [ 37.0892738, 25.3669181 ], [ 37.0901069, 25.3679582 ], [ 37.0900502, 25.3715594 ], [ 37.089759, 25.37207 ], [ 37.089751, 25.3725845 ], [ 37.09003, 25.3728455 ], [ 37.0900179, 25.3736172 ], [ 37.0897308, 25.3738706 ], [ 37.0899896, 25.3754178 ], [ 37.0901296, 25.3755478 ], [ 37.090694, 25.3756843 ], [ 37.0908108, 25.3772294 ], [ 37.0913568, 25.3785229 ], [ 37.0910332, 25.3810916 ], [ 37.0908881, 25.3813469 ], [ 37.0903218, 25.3813395 ], [ 37.0900224, 25.3823649 ], [ 37.089456, 25.3823575 ], [ 37.0894439, 25.3831292 ], [ 37.0885946, 25.383118 ], [ 37.088141, 25.3849132 ], [ 37.0869839, 25.3864418 ], [ 37.0864095, 25.3869489 ], [ 37.0853865, 25.3889939 ], [ 37.08482, 25.3889865 ], [ 37.0848161, 25.3892437 ], [ 37.0853823, 25.3892511 ], [ 37.0853702, 25.3900228 ], [ 37.0848038, 25.3900154 ], [ 37.0847917, 25.3907871 ], [ 37.0853579, 25.3907945 ], [ 37.0853337, 25.3923378 ], [ 37.0847673, 25.3923305 ], [ 37.0847592, 25.3928449 ], [ 37.0853256, 25.3928523 ], [ 37.0853175, 25.3933667 ], [ 37.0844638, 25.3936128 ], [ 37.0843095, 25.3943826 ], [ 37.0837269, 25.3954042 ], [ 37.0832538, 25.3984854 ], [ 37.0824042, 25.3984743 ], [ 37.0822542, 25.398987 ], [ 37.0819669, 25.3992405 ], [ 37.0815261, 25.4002639 ], [ 37.0806766, 25.4002528 ], [ 37.0805509, 25.399222 ], [ 37.0814167, 25.3982042 ], [ 37.0812837, 25.3976879 ], [ 37.0801468, 25.3979303 ], [ 37.0801387, 25.3984448 ], [ 37.0784417, 25.3982936 ], [ 37.0770317, 25.3978897 ], [ 37.0768775, 25.3986595 ], [ 37.0757284, 25.3996735 ], [ 37.075433, 25.4004416 ], [ 37.0748584, 25.4009485 ], [ 37.0753759, 25.4040426 ], [ 37.0756549, 25.4043036 ], [ 37.0759259, 25.4050791 ], [ 37.0759013, 25.4066225 ], [ 37.0754608, 25.4076457 ], [ 37.0751776, 25.4076419 ], [ 37.074931, 25.4053233 ], [ 37.0746479, 25.4053195 ], [ 37.0744445, 25.409176 ], [ 37.0747237, 25.409437 ], [ 37.0752532, 25.4117595 ], [ 37.0752166, 25.4140745 ], [ 37.0750714, 25.4143299 ], [ 37.0745048, 25.4143225 ], [ 37.0745171, 25.4135508 ], [ 37.0739467, 25.4138005 ], [ 37.0737881, 25.4148277 ], [ 37.0742073, 25.4152185 ], [ 37.0747718, 25.415355 ], [ 37.0749047, 25.4158714 ], [ 37.0751839, 25.4161324 ], [ 37.0754507, 25.4171649 ], [ 37.0757299, 25.4174259 ], [ 37.0758639, 25.4179422 ], [ 37.0764303, 25.4179496 ], [ 37.0768384, 25.418984 ], [ 37.0771134, 25.4195022 ], [ 37.0773559, 25.4220781 ], [ 37.0769232, 25.4225871 ], [ 37.0774899, 25.4225945 ], [ 37.0775983, 25.4246542 ], [ 37.0771534, 25.4259347 ], [ 37.0751584, 25.4266805 ], [ 37.0752914, 25.4271968 ], [ 37.0745673, 25.4282163 ], [ 37.0740009, 25.4282089 ], [ 37.0742678, 25.4292416 ], [ 37.0748323, 25.4293771 ], [ 37.0752506, 25.4297689 ], [ 37.0749427, 25.4313087 ], [ 37.0754889, 25.4326022 ], [ 37.0757681, 25.432863 ], [ 37.0759021, 25.4333794 ], [ 37.0767518, 25.4333905 ], [ 37.0766055, 25.4336459 ], [ 37.0765932, 25.4344175 ], [ 37.076306, 25.4346712 ], [ 37.0762651, 25.4372433 ], [ 37.0765443, 25.4375043 ], [ 37.076666, 25.4387923 ], [ 37.0772326, 25.4387997 ], [ 37.0768962, 25.4421399 ], [ 37.0760442, 25.4422569 ], [ 37.0749009, 25.4428855 ], [ 37.0747505, 25.4433983 ], [ 37.0741757, 25.4439052 ], [ 37.073876, 25.4449305 ], [ 37.0733012, 25.4454374 ], [ 37.0725607, 25.447486 ], [ 37.0739731, 25.4477617 ], [ 37.0733942, 25.448526 ], [ 37.0728276, 25.4485185 ], [ 37.0728195, 25.4490329 ], [ 37.0722529, 25.4490255 ], [ 37.0722447, 25.44954 ], [ 37.071676, 25.4496608 ], [ 37.0711011, 25.4501677 ], [ 37.0696722, 25.4509208 ], [ 37.0688183, 25.4511667 ], [ 37.0685309, 25.4514204 ], [ 37.0665373, 25.4520376 ], [ 37.0665292, 25.4525521 ], [ 37.0659626, 25.4525447 ], [ 37.0659503, 25.4533164 ], [ 37.0653836, 25.4533089 ], [ 37.0650591, 25.4558774 ], [ 37.0644925, 25.4558698 ], [ 37.0641967, 25.4566379 ], [ 37.063628, 25.4567585 ], [ 37.0633406, 25.4570119 ], [ 37.0622052, 25.4571261 ], [ 37.0621971, 25.4576405 ], [ 37.0602117, 25.4577424 ], [ 37.0587993, 25.4574665 ], [ 37.0582243, 25.4579736 ], [ 37.0573702, 25.4582195 ], [ 37.0565201, 25.4582083 ], [ 37.0559577, 25.4579435 ], [ 37.0542638, 25.4575356 ], [ 37.0539682, 25.4583036 ], [ 37.0533993, 25.4584241 ], [ 37.0528265, 25.4588029 ], [ 37.0528184, 25.4593174 ], [ 37.050835, 25.4592911 ], [ 37.050972, 25.4595502 ], [ 37.0509429, 25.4613506 ], [ 37.0507978, 25.461606 ], [ 37.0505163, 25.4614733 ], [ 37.0499497, 25.4614657 ], [ 37.0493769, 25.4618445 ], [ 37.0483474, 25.4641461 ], [ 37.0483432, 25.4644033 ], [ 37.0486224, 25.4646644 ], [ 37.048585, 25.4669794 ], [ 37.0482975, 25.4672329 ], [ 37.0482892, 25.4677473 ], [ 37.0481438, 25.4680027 ], [ 37.0455918, 25.4680968 ], [ 37.0450187, 25.4684755 ], [ 37.0450104, 25.46899 ], [ 37.0441582, 25.4691068 ], [ 37.0432958, 25.4698671 ], [ 37.042729, 25.4698596 ], [ 37.0424498, 25.4695986 ], [ 37.041602, 25.4694591 ], [ 37.0416103, 25.4689446 ], [ 37.0407622, 25.4688042 ], [ 37.0390601, 25.4689106 ], [ 37.0391387, 25.4727707 ], [ 37.0388511, 25.4730242 ], [ 37.0387016, 25.4735368 ], [ 37.0384183, 25.473533 ], [ 37.0384266, 25.4730185 ], [ 37.0375723, 25.4732644 ], [ 37.0372262, 25.4771189 ], [ 37.0366596, 25.4771113 ], [ 37.0361069, 25.4785712 ], [ 37.035774, 25.4792858 ], [ 37.0353338, 25.4801807 ], [ 37.0340382, 25.4814498 ], [ 37.0334714, 25.4814423 ], [ 37.0329995, 25.4824091 ], [ 37.0326482, 25.4822698 ], [ 37.0306061, 25.4833328 ], [ 37.02946, 25.4840892 ], [ 37.0285952, 25.4849784 ], [ 37.0278998, 25.4852404 ], [ 37.0268202, 25.4860429 ], [ 37.0259871, 25.4864502 ], [ 37.0245793, 25.4875572 ], [ 37.0239769, 25.4882497 ], [ 37.0235223, 25.4894386 ], [ 37.0227583, 25.4903688 ], [ 37.0208264, 25.4905945 ], [ 37.0188808, 25.4908726 ], [ 37.0180491, 25.4910834 ], [ 37.0172695, 25.4913637 ], [ 37.0137938, 25.4901349 ], [ 37.0103508, 25.4889046 ], [ 37.0100578, 25.488377 ], [ 37.0099595, 25.4883335 ], [ 37.0098844, 25.4884764 ], [ 37.0096872, 25.4884118 ], [ 37.009407, 25.4890962 ], [ 37.0096968, 25.4892029 ], [ 37.010237, 25.4890692 ], [ 37.0112376, 25.4894048 ], [ 37.0112228, 25.4894569 ], [ 37.0106649, 25.4895659 ], [ 37.0103189, 25.4894545 ], [ 37.0099327, 25.4895756 ], [ 37.009761, 25.4899387 ], [ 37.009753, 25.4900816 ], [ 37.0101553, 25.4902269 ], [ 37.0103806, 25.489779 ], [ 37.0104852, 25.4897184 ], [ 37.0113035, 25.48955 ], [ 37.0114592, 25.4895259 ], [ 37.0115871, 25.4895275 ], [ 37.0170893, 25.4914649 ], [ 37.0170446, 25.4915863 ], [ 37.0165104, 25.4921459 ], [ 37.0164228, 25.492119 ], [ 37.0156618, 25.4925001 ], [ 37.0155445, 25.4925373 ], [ 37.0146507, 25.4925826 ], [ 37.0137119, 25.4924276 ], [ 37.0125183, 25.4923816 ], [ 37.0117485, 25.4922703 ], [ 37.0108527, 25.4920935 ], [ 37.0102841, 25.4920621 ], [ 37.0095921, 25.4921323 ], [ 37.0094821, 25.4918805 ], [ 37.009061, 25.4915803 ], [ 37.0087042, 25.4914786 ], [ 37.0082778, 25.4914229 ], [ 37.0079184, 25.4914544 ], [ 37.0075858, 25.4916045 ], [ 37.0076367, 25.4917522 ], [ 37.0080498, 25.4915682 ], [ 37.0084387, 25.4915173 ], [ 37.0087391, 25.4915657 ], [ 37.0090234, 25.4916916 ], [ 37.0087874, 25.4922945 ], [ 37.0084199, 25.4928126 ], [ 37.0080122, 25.4931297 ], [ 37.0074302, 25.4933888 ], [ 37.0058852, 25.4939795 ], [ 37.0051315, 25.4941974 ], [ 37.0042223, 25.4943935 ], [ 37.0035249, 25.4945001 ], [ 37.0030823, 25.4946235 ], [ 37.0028087, 25.4948075 ], [ 37.0024064, 25.4948535 ], [ 37.0020282, 25.4949673 ], [ 37.0018405, 25.4951053 ], [ 37.0008695, 25.4951223 ], [ 37.0012701, 25.4964145 ], [ 37.0010851, 25.4974387 ], [ 37.0005288, 25.4981189 ], [ 36.9996366, 25.4989292 ], [ 36.9986534, 25.499454 ], [ 36.9967822, 25.5001233 ], [ 36.9972539, 25.5012933 ], [ 36.997211, 25.5023972 ], [ 36.9960952, 25.5055927 ], [ 36.9950008, 25.5058639 ], [ 36.9951583, 25.5064218 ], [ 36.9978662, 25.5058872 ], [ 36.9999575, 25.5057283 ], [ 37.0006306, 25.5070872 ], [ 37.0012694, 25.5090493 ], [ 37.0007026, 25.5090416 ], [ 37.000402, 25.5100665 ], [ 36.9998352, 25.5100587 ], [ 36.9993754, 25.5121107 ], [ 36.9982246, 25.513124 ], [ 36.9980577, 25.5146654 ], [ 36.9986226, 25.5148011 ], [ 36.9990324, 25.5157078 ], [ 36.9991724, 25.5158378 ], [ 37.0003019, 25.5161105 ], [ 37.000716, 25.5167597 ], [ 37.0006946, 25.5180459 ], [ 37.000115, 25.5188096 ], [ 37.0000936, 25.5200958 ], [ 37.0006477, 25.5208752 ], [ 37.0010628, 25.5215235 ], [ 37.0021945, 25.5216681 ], [ 37.002186, 25.5221825 ], [ 37.002753, 25.5221903 ], [ 37.0027358, 25.523219 ], [ 37.002169, 25.5232113 ], [ 37.002014, 25.5239811 ], [ 37.000863, 25.5249945 ], [ 37.0007131, 25.5255069 ], [ 36.9995773, 25.5256195 ], [ 36.9992894, 25.5258729 ], [ 36.9978677, 25.5261107 ], [ 36.9975801, 25.5263642 ], [ 36.9961649, 25.5262165 ], [ 36.9965723, 25.5272511 ], [ 36.9972709, 25.5279034 ], [ 36.998684, 25.5281801 ], [ 36.9993773, 25.5290905 ], [ 36.9993688, 25.5296048 ], [ 36.9989356, 25.5301135 ], [ 36.9983665, 25.5302339 ], [ 36.9975052, 25.5308658 ], [ 36.99862, 25.5320381 ], [ 36.9991828, 25.5323031 ], [ 36.9998802, 25.5329563 ], [ 36.999997, 25.5345016 ], [ 36.9985795, 25.5344821 ], [ 36.9981367, 25.5355051 ], [ 36.9981323, 25.5357624 ], [ 36.9982724, 25.5358924 ], [ 36.9994022, 25.5361651 ], [ 36.9996814, 25.5364263 ], [ 37.0002463, 25.536563 ], [ 37.000379, 25.5370793 ], [ 37.0006583, 25.5373405 ], [ 37.000912, 25.5391449 ], [ 37.0001907, 25.5399068 ], [ 36.9993402, 25.5398952 ], [ 36.9993317, 25.5404095 ], [ 36.9987627, 25.5405299 ], [ 36.998187, 25.5410366 ], [ 36.9976179, 25.5411579 ], [ 36.9980299, 25.5419355 ], [ 36.9987326, 25.5423305 ], [ 36.9994304, 25.5429837 ], [ 36.9996967, 25.5440164 ], [ 36.999976, 25.5442774 ], [ 37.0003847, 25.545312 ], [ 36.9998177, 25.5453042 ], [ 37.0002338, 25.5458245 ], [ 37.0003676, 25.5463409 ], [ 36.9997984, 25.5464613 ], [ 36.999225, 25.5468398 ], [ 36.999362, 25.547099 ], [ 36.9992079, 25.5478686 ], [ 36.9986387, 25.547989 ], [ 36.9977774, 25.5486208 ], [ 36.9974769, 25.5496459 ], [ 36.9957734, 25.5497506 ], [ 36.9952108, 25.5494858 ], [ 36.9949271, 25.5494819 ], [ 36.9940637, 25.5502418 ], [ 36.9932066, 25.5506164 ], [ 36.9930473, 25.5516433 ], [ 36.9923261, 25.5524053 ], [ 36.9931745, 25.552545 ], [ 36.9934603, 25.5524208 ], [ 36.9934516, 25.5529353 ], [ 36.9940188, 25.552943 ], [ 36.9940059, 25.5537145 ], [ 36.9945729, 25.5537225 ], [ 36.9944136, 25.5547493 ], [ 36.99355, 25.5555093 ], [ 36.9930781, 25.5583328 ], [ 36.9922382, 25.5576775 ], [ 36.9916733, 25.5575416 ], [ 36.9919696, 25.5567739 ], [ 36.9902705, 25.5566215 ], [ 36.9891448, 25.5560914 ], [ 36.9880278, 25.555047 ], [ 36.986331, 25.5547665 ], [ 36.9860517, 25.5545053 ], [ 36.9843612, 25.5538393 ], [ 36.9843525, 25.5543537 ], [ 36.9852032, 25.5543655 ], [ 36.9850524, 25.554878 ], [ 36.9851773, 25.5559088 ], [ 36.9863159, 25.5556671 ], [ 36.9862987, 25.556696 ], [ 36.9845975, 25.5566726 ], [ 36.984606, 25.5561581 ], [ 36.9843204, 25.5562825 ], [ 36.98121, 25.5557249 ], [ 36.9806493, 25.5553318 ], [ 36.9805157, 25.5548155 ], [ 36.9802365, 25.5545543 ], [ 36.979691, 25.5532604 ], [ 36.9797039, 25.5524889 ], [ 36.9799917, 25.5522356 ], [ 36.9801426, 25.551723 ], [ 36.981846, 25.5516176 ], [ 36.9825436, 25.5522708 ], [ 36.9828184, 25.552789 ], [ 36.9832401, 25.5530521 ], [ 36.9831106, 25.5522785 ], [ 36.9828315, 25.5520175 ], [ 36.9826988, 25.5515012 ], [ 36.9821316, 25.5514932 ], [ 36.9817275, 25.5502014 ], [ 36.9817404, 25.5494297 ], [ 36.9820411, 25.5484048 ], [ 36.9819042, 25.5481457 ], [ 36.9816207, 25.5481417 ], [ 36.9810278, 25.5496771 ], [ 36.9787551, 25.5499032 ], [ 36.9788878, 25.5504195 ], [ 36.9781622, 25.5514384 ], [ 36.977026, 25.5515509 ], [ 36.9758789, 25.5523069 ], [ 36.9747296, 25.553192 ], [ 36.9742346, 25.5573014 ], [ 36.9740889, 25.5575565 ], [ 36.9735219, 25.5575486 ], [ 36.9730787, 25.5585716 ], [ 36.9730571, 25.5598576 ], [ 36.972765, 25.5603681 ], [ 36.9727563, 25.5608825 ], [ 36.9734353, 25.5626928 ], [ 36.9740003, 25.5628289 ], [ 36.9741394, 25.5629598 ], [ 36.9742686, 25.5637334 ], [ 36.9748358, 25.5637412 ], [ 36.9749642, 25.5645148 ], [ 36.9746761, 25.564768 ], [ 36.9746674, 25.5652825 ], [ 36.9750868, 25.5656737 ], [ 36.9759354, 25.5658145 ], [ 36.9759267, 25.566329 ], [ 36.9753618, 25.5661921 ], [ 36.9739332, 25.5668158 ], [ 36.9737822, 25.5673284 ], [ 36.9734943, 25.5675817 ], [ 36.973327, 25.5691229 ], [ 36.9727599, 25.569115 ], [ 36.9728882, 25.5698886 ], [ 36.972596, 25.5703991 ], [ 36.9725829, 25.5711708 ], [ 36.9731371, 25.5719502 ], [ 36.9735521, 25.5725987 ], [ 36.9749679, 25.5727474 ], [ 36.9749766, 25.5722329 ], [ 36.9738466, 25.57196 ], [ 36.9739965, 25.5714475 ], [ 36.9741409, 25.5713205 ], [ 36.9747103, 25.5712002 ], [ 36.9750199, 25.5696608 ], [ 36.9755826, 25.5699258 ], [ 36.9755956, 25.5691543 ], [ 36.9761628, 25.5691621 ], [ 36.9764722, 25.5676229 ], [ 36.977033, 25.568016 ], [ 36.9778816, 25.5681568 ], [ 36.9774643, 25.5676365 ], [ 36.9774686, 25.5673794 ], [ 36.9777564, 25.567126 ], [ 36.9777738, 25.5660972 ], [ 36.9784983, 25.5652063 ], [ 36.9793577, 25.5647038 ], [ 36.9804941, 25.5645913 ], [ 36.9804898, 25.5648485 ], [ 36.9799226, 25.5648406 ], [ 36.9796001, 25.5671515 ], [ 36.9784616, 25.567393 ], [ 36.9775417, 25.5714966 ], [ 36.9766867, 25.5717421 ], [ 36.9763858, 25.5727669 ], [ 36.9758186, 25.5727591 ], [ 36.9756676, 25.5732715 ], [ 36.9753798, 25.5735248 ], [ 36.9750832, 25.5742925 ], [ 36.9746497, 25.5748011 ], [ 36.9740825, 25.5747931 ], [ 36.9739099, 25.5765917 ], [ 36.9737642, 25.5768468 ], [ 36.973197, 25.5768391 ], [ 36.9723159, 25.5786278 ], [ 36.9703199, 25.5792428 ], [ 36.9697462, 25.5796211 ], [ 36.9697376, 25.5801354 ], [ 36.9691704, 25.5801277 ], [ 36.9691573, 25.5808992 ], [ 36.9677306, 25.581394 ], [ 36.9675797, 25.5819063 ], [ 36.967146, 25.5824149 ], [ 36.9662953, 25.582403 ], [ 36.9662866, 25.5829175 ], [ 36.9654336, 25.5830337 ], [ 36.9645718, 25.5836654 ], [ 36.9645631, 25.5841798 ], [ 36.9634265, 25.5842921 ], [ 36.9631407, 25.5844172 ], [ 36.9635308, 25.5864807 ], [ 36.9634699, 25.5900815 ], [ 36.9631819, 25.5903348 ], [ 36.9627395, 25.5913577 ], [ 36.9621745, 25.5912208 ], [ 36.9618886, 25.5913459 ], [ 36.9617115, 25.5934015 ], [ 36.9611311, 25.5941653 ], [ 36.9609636, 25.5957064 ], [ 36.9615308, 25.5957143 ], [ 36.9616285, 25.5982883 ], [ 36.9617687, 25.5984185 ], [ 36.9623339, 25.5985554 ], [ 36.9623165, 25.5995843 ], [ 36.9628814, 25.5997203 ], [ 36.9631607, 25.5999815 ], [ 36.9642889, 25.6003835 ], [ 36.9642715, 25.6014123 ], [ 36.964843, 25.601163 ], [ 36.964967, 25.6021938 ], [ 36.9648169, 25.6027062 ], [ 36.965382, 25.6028423 ], [ 36.9655212, 25.6029732 ], [ 36.9659298, 25.604008 ], [ 36.9667786, 25.6041481 ], [ 36.967197, 25.6045402 ], [ 36.967747, 25.6055769 ], [ 36.9672915, 25.6073714 ], [ 36.9664361, 25.6076168 ], [ 36.9664274, 25.6081312 ], [ 36.9644374, 25.6083607 ], [ 36.9639853, 25.609898 ], [ 36.9639721, 25.6106697 ], [ 36.9636754, 25.6114372 ], [ 36.963796, 25.6127252 ], [ 36.9618014, 25.6132119 ], [ 36.9618147, 25.6124404 ], [ 36.9606776, 25.6125527 ], [ 36.9603896, 25.612806 ], [ 36.959255, 25.6127901 ], [ 36.9589691, 25.6129152 ], [ 36.9589604, 25.6134297 ], [ 36.9572628, 25.6131486 ], [ 36.9573909, 25.6139222 ], [ 36.9569485, 25.6149451 ], [ 36.9563811, 25.6149371 ], [ 36.9562256, 25.6157067 ], [ 36.9557918, 25.6162151 ], [ 36.9555081, 25.6162112 ], [ 36.9555168, 25.6156967 ], [ 36.9552331, 25.6156927 ], [ 36.9546308, 25.6177424 ], [ 36.9540613, 25.6178626 ], [ 36.9534851, 25.6183692 ], [ 36.9529156, 25.6184901 ], [ 36.9527644, 25.6190027 ], [ 36.9524764, 25.6192558 ], [ 36.9523263, 25.6197683 ], [ 36.9511872, 25.6200095 ], [ 36.951174, 25.6207812 ], [ 36.9500326, 25.6211507 ], [ 36.9497446, 25.6214038 ], [ 36.9486032, 25.6217742 ], [ 36.9486119, 25.6212597 ], [ 36.9474771, 25.6212439 ], [ 36.9471759, 25.6222686 ], [ 36.9466128, 25.6220034 ], [ 36.9464573, 25.6227731 ], [ 36.9461693, 25.6230261 ], [ 36.9458723, 25.6237938 ], [ 36.9455843, 25.6240471 ], [ 36.9447024, 25.6258354 ], [ 36.9444142, 25.6260887 ], [ 36.9438071, 25.6283954 ], [ 36.9437896, 25.6294242 ], [ 36.9432089, 25.6301879 ], [ 36.9431868, 25.6314739 ], [ 36.9428988, 25.6317271 ], [ 36.9428899, 25.6322414 ], [ 36.9432983, 25.6332762 ], [ 36.942731, 25.6332682 ], [ 36.9428678, 25.6335273 ], [ 36.9428283, 25.6358422 ], [ 36.9413698, 25.6381371 ], [ 36.9407759, 25.6396721 ], [ 36.9407185, 25.6430157 ], [ 36.9404259, 25.6435262 ], [ 36.9404083, 25.6445549 ], [ 36.9392556, 25.6455676 ], [ 36.9388173, 25.6463332 ], [ 36.9376801, 25.6464453 ], [ 36.9371059, 25.6468235 ], [ 36.9369415, 25.6481076 ], [ 36.9360768, 25.6488672 ], [ 36.9356386, 25.6496328 ], [ 36.934785, 25.6497488 ], [ 36.933927, 25.6501231 ], [ 36.9339183, 25.6506373 ], [ 36.9327765, 25.6510066 ], [ 36.931054, 25.6521404 ], [ 36.9309028, 25.6526526 ], [ 36.9303263, 25.6531592 ], [ 36.9293025, 25.6549454 ], [ 36.9281653, 25.6550575 ], [ 36.9273006, 25.6558169 ], [ 36.9264405, 25.6563192 ], [ 36.9250194, 25.6564281 ], [ 36.9247134, 25.6577101 ], [ 36.9227247, 25.6578099 ], [ 36.9213103, 25.6575324 ], [ 36.9207493, 25.6571391 ], [ 36.9211923, 25.6561164 ], [ 36.9210598, 25.6555999 ], [ 36.9199204, 25.6558409 ], [ 36.9199115, 25.6563553 ], [ 36.9179274, 25.6561979 ], [ 36.9173643, 25.6559327 ], [ 36.915941, 25.6561695 ], [ 36.9136664, 25.6563945 ], [ 36.9133847, 25.6562622 ], [ 36.9133759, 25.6567766 ], [ 36.9110922, 25.6575156 ], [ 36.9112112, 25.6588036 ], [ 36.9106346, 25.65931 ], [ 36.9101916, 25.6603326 ], [ 36.9093403, 25.6603204 ], [ 36.909034, 25.6616024 ], [ 36.9076106, 25.6618392 ], [ 36.9076017, 25.6623534 ], [ 36.9050387, 25.6628312 ], [ 36.9050296, 25.6633457 ], [ 36.9024643, 25.6639514 ], [ 36.9004825, 25.6636657 ], [ 36.8999215, 25.6632722 ], [ 36.899381, 25.6617209 ], [ 36.8988134, 25.6617127 ], [ 36.8985792, 25.6588796 ], [ 36.8980117, 25.6588713 ], [ 36.897755, 25.6573241 ], [ 36.8974713, 25.65732 ], [ 36.8972612, 25.6611758 ], [ 36.8969729, 25.661429 ], [ 36.8969639, 25.6619433 ], [ 36.8966756, 25.6621964 ], [ 36.8956422, 25.6644969 ], [ 36.8947864, 25.6647416 ], [ 36.8946305, 25.6655112 ], [ 36.8941961, 25.6660195 ], [ 36.8939125, 25.6660153 ], [ 36.8939215, 25.665501 ], [ 36.893354, 25.6654927 ], [ 36.8930385, 25.667289 ], [ 36.8921871, 25.6672767 ], [ 36.8917157, 25.6698424 ], [ 36.8915698, 25.6700975 ], [ 36.8909998, 25.6702175 ], [ 36.8907115, 25.6704706 ], [ 36.8901417, 25.6705914 ], [ 36.8901326, 25.6711058 ], [ 36.8884184, 25.6717237 ], [ 36.8875649, 25.6718405 ], [ 36.8872946, 25.6710648 ], [ 36.8870107, 25.6710607 ], [ 36.8866908, 25.673114 ], [ 36.8861209, 25.673234 ], [ 36.8844022, 25.6741098 ], [ 36.8841047, 25.6748773 ], [ 36.883251, 25.674993 ], [ 36.8815345, 25.6757399 ], [ 36.8806808, 25.6758565 ], [ 36.8806717, 25.676371 ], [ 36.8792617, 25.6758359 ], [ 36.8792753, 25.6750644 ], [ 36.8784218, 25.6751801 ], [ 36.8781402, 25.6750478 ], [ 36.8781493, 25.6745335 ], [ 36.8770142, 25.6745171 ], [ 36.8768984, 25.6726493 ], [ 36.8775236, 25.6719027 ], [ 36.8778603, 25.672052 ], [ 36.8778846, 25.672142 ], [ 36.8779292, 25.6721473 ], [ 36.8779661, 25.6720185 ], [ 36.8779196, 25.6719401 ], [ 36.8775577, 25.6717942 ], [ 36.8774379, 25.6718732 ], [ 36.8770148, 25.6723673 ], [ 36.8768495, 25.6722903 ], [ 36.8765552, 25.6720957 ], [ 36.8759804, 25.6715035 ], [ 36.8757789, 25.6711437 ], [ 36.8758317, 25.6704092 ], [ 36.8755037, 25.6701232 ], [ 36.8751096, 25.6698588 ], [ 36.8749607, 25.6700067 ], [ 36.8748463, 25.670523 ], [ 36.874494, 25.6713941 ], [ 36.8743507, 25.6721561 ], [ 36.8742681, 25.6733679 ], [ 36.874111, 25.6738151 ], [ 36.8738657, 25.6741163 ], [ 36.8735592, 25.6742506 ], [ 36.8731035, 25.6743403 ], [ 36.8731689, 25.674018 ], [ 36.8734434, 25.6739826 ], [ 36.8731255, 25.6738507 ], [ 36.8730272, 25.6736794 ], [ 36.8731271, 25.6735608 ], [ 36.8730259, 25.6734465 ], [ 36.8729015, 25.6734282 ], [ 36.8729097, 25.6744292 ], [ 36.8726829, 25.6750876 ], [ 36.8726921, 25.6756472 ], [ 36.8727619, 25.6761807 ], [ 36.8729083, 25.6767846 ], [ 36.8733459, 25.6777494 ], [ 36.873536, 25.6780902 ], [ 36.873862, 25.6785249 ], [ 36.874297, 25.6794265 ], [ 36.8746039, 25.6801902 ], [ 36.8747794, 25.6807044 ], [ 36.8749186, 25.6812689 ], [ 36.8750404, 25.6819965 ], [ 36.8750578, 25.6825376 ], [ 36.875017, 25.6834571 ], [ 36.8748342, 25.6844111 ], [ 36.8744756, 25.6852421 ], [ 36.8741706, 25.6855124 ], [ 36.874042, 25.6857652 ], [ 36.8738376, 25.6862355 ], [ 36.8733741, 25.6868643 ], [ 36.8728509, 25.6875608 ], [ 36.8724991, 25.6880165 ], [ 36.8721277, 25.6884556 ], [ 36.8716606, 25.6891276 ], [ 36.8713296, 25.6896797 ], [ 36.8710028, 25.6904003 ], [ 36.8706361, 25.6910215 ], [ 36.8704081, 25.6913374 ], [ 36.8699673, 25.6915521 ], [ 36.8697597, 25.691767 ], [ 36.8690399, 25.692491 ], [ 36.8686242, 25.6928822 ], [ 36.8682836, 25.6932709 ], [ 36.8679021, 25.6937267 ], [ 36.8677798, 25.6939812 ], [ 36.8674966, 25.6945161 ], [ 36.8667662, 25.6959302 ], [ 36.8664298, 25.6964203 ], [ 36.8661759, 25.6967359 ], [ 36.8657806, 25.6972556 ], [ 36.865551, 25.6974466 ], [ 36.8651845, 25.6977128 ], [ 36.864636, 25.6979954 ], [ 36.8642695, 25.6982715 ], [ 36.8639818, 25.6985682 ], [ 36.8639309, 25.698678 ], [ 36.8637478, 25.6988825 ], [ 36.8635348, 25.6990716 ], [ 36.8629864, 25.6994262 ], [ 36.8623361, 25.6996152 ], [ 36.8617446, 25.6996527 ], [ 36.8615095, 25.6995821 ], [ 36.8612819, 25.6994074 ], [ 36.8604555, 25.6993236 ], [ 36.8600794, 25.6992559 ], [ 36.8597628, 25.6991477 ], [ 36.8591441, 25.6987444 ], [ 36.859134, 25.6986261 ], [ 36.8589756, 25.6984649 ], [ 36.8587765, 25.698249 ], [ 36.8586066, 25.6981736 ], [ 36.8587408, 25.6982622 ], [ 36.8590049, 25.6985463 ], [ 36.8590544, 25.698721 ], [ 36.8590111, 25.6989576 ], [ 36.8590131, 25.6990606 ], [ 36.8591332, 25.6994405 ], [ 36.8592742, 25.6997978 ], [ 36.8593256, 25.6999814 ], [ 36.859342, 25.7002292 ], [ 36.8595885, 25.7012727 ], [ 36.8596186, 25.7015465 ], [ 36.8596105, 25.7018735 ], [ 36.8595577, 25.7021414 ], [ 36.8594494, 25.7022913 ], [ 36.859225, 25.7025426 ], [ 36.8591254, 25.7027108 ], [ 36.8589854, 25.7030906 ], [ 36.8588258, 25.7033616 ], [ 36.858656, 25.7037074 ], [ 36.8583623, 25.7041031 ], [ 36.8581865, 25.7043065 ], [ 36.8580053, 25.7046094 ], [ 36.8576649, 25.7051084 ], [ 36.8573703, 25.7054063 ], [ 36.8571787, 25.7055186 ], [ 36.8569688, 25.7055863 ], [ 36.8569631, 25.705526 ], [ 36.8570618, 25.7054423 ], [ 36.856685, 25.7056634 ], [ 36.8564772, 25.7056563 ], [ 36.8562992, 25.7058925 ], [ 36.8559504, 25.7059594 ], [ 36.8558027, 25.7060553 ], [ 36.8556583, 25.7061905 ], [ 36.8555675, 25.7062299 ], [ 36.8553352, 25.7063956 ], [ 36.8550404, 25.7065132 ], [ 36.854727, 25.7065569 ], [ 36.8541525, 25.7067627 ], [ 36.8530155, 25.7073818 ], [ 36.8528285, 25.7073888 ], [ 36.8526825, 25.7075311 ], [ 36.8525486, 25.7075705 ], [ 36.8524704, 25.7076498 ], [ 36.8523699, 25.7077022 ], [ 36.8522252, 25.7078685 ], [ 36.8521395, 25.7079451 ], [ 36.8520552, 25.7080592 ], [ 36.8518136, 25.7083509 ], [ 36.8514012, 25.7086676 ], [ 36.8509954, 25.7088707 ], [ 36.8509319, 25.7088398 ], [ 36.8508416, 25.7090127 ], [ 36.850781, 25.7090757 ], [ 36.85064, 25.7092849 ], [ 36.8504691, 25.7094402 ], [ 36.8503698, 25.7096608 ], [ 36.8502102, 25.7097923 ], [ 36.8498786, 25.7102125 ], [ 36.8495094, 25.710794 ], [ 36.8492546, 25.7113436 ], [ 36.8489252, 25.7122094 ], [ 36.8485588, 25.7129319 ], [ 36.8484553, 25.7129448 ], [ 36.8483365, 25.7131139 ], [ 36.8482315, 25.7132857 ], [ 36.8475643, 25.7138641 ], [ 36.8469099, 25.7142694 ], [ 36.8467108, 25.7144462 ], [ 36.8463317, 25.714713 ], [ 36.8460852, 25.7150225 ], [ 36.8459792, 25.7152444 ], [ 36.845805, 25.7156909 ], [ 36.8457717, 25.7159121 ], [ 36.8457474, 25.7161866 ], [ 36.8458911, 25.7167786 ], [ 36.8458864, 25.7168798 ], [ 36.8459303, 25.7169542 ], [ 36.8458874, 25.7169819 ], [ 36.8460536, 25.7172132 ], [ 36.846272, 25.7176328 ], [ 36.846403, 25.7179993 ], [ 36.8464256, 25.7182709 ], [ 36.8463809, 25.7189336 ], [ 36.8462126, 25.719476 ], [ 36.8460284, 25.7201422 ], [ 36.8459515, 25.7207534 ], [ 36.8459477, 25.721057 ], [ 36.8458664, 25.7214982 ], [ 36.8457105, 25.7219119 ], [ 36.8454783, 25.7223558 ], [ 36.8451527, 25.7228206 ], [ 36.8448326, 25.7230902 ], [ 36.8437664, 25.7236781 ], [ 36.8430603, 25.7242035 ], [ 36.8425826, 25.7246329 ], [ 36.842353, 25.724803 ], [ 36.8421865, 25.7249 ], [ 36.8418789, 25.7251751 ], [ 36.8415748, 25.7254028 ], [ 36.8412362, 25.7255281 ], [ 36.8410943, 25.7255341 ], [ 36.8408016, 25.7255625 ], [ 36.8406155, 25.7255476 ], [ 36.8404474, 25.7254926 ], [ 36.8398383, 25.7256056 ], [ 36.8396958, 25.7257322 ], [ 36.8394326, 25.7259299 ], [ 36.8391753, 25.7260821 ], [ 36.8391045, 25.7260801 ], [ 36.8390348, 25.7261804 ], [ 36.8385204, 25.7265704 ], [ 36.8383429, 25.7266349 ], [ 36.8380349, 25.7269401 ], [ 36.837848, 25.7270423 ], [ 36.8376509, 25.7270895 ], [ 36.8377337, 25.7271357 ], [ 36.8384115, 25.7268849 ], [ 36.8383906, 25.7268001 ], [ 36.8394575, 25.7260761 ], [ 36.8398998, 25.7261179 ], [ 36.8399711, 25.7262342 ], [ 36.8399179, 25.7262528 ], [ 36.8398741, 25.7262018 ], [ 36.8397482, 25.7262688 ], [ 36.8397715, 25.7263653 ], [ 36.8396997, 25.7263855 ], [ 36.8395058, 25.7263568 ], [ 36.8394638, 25.7265742 ], [ 36.8395453, 25.7265833 ], [ 36.8396336, 25.7265435 ], [ 36.8397256, 25.7264325 ], [ 36.8398073, 25.7265668 ], [ 36.839762, 25.7266381 ], [ 36.8396775, 25.7266115 ], [ 36.8395646, 25.7266524 ], [ 36.8396909, 25.7267558 ], [ 36.8398715, 25.7268477 ], [ 36.8399232, 25.7267972 ], [ 36.8402819, 25.727024 ], [ 36.8400404, 25.726999 ], [ 36.8394878, 25.7271446 ], [ 36.8393259, 25.7275411 ], [ 36.8391942, 25.7275719 ], [ 36.839081, 25.7276527 ], [ 36.8390329, 25.7277734 ], [ 36.8388807, 25.7277645 ], [ 36.8386775, 25.7278443 ], [ 36.8385581, 25.7277869 ], [ 36.8385241, 25.7278473 ], [ 36.8384601, 25.727862 ], [ 36.8383646, 25.7278196 ], [ 36.8383076, 25.7277484 ], [ 36.8381066, 25.7277049 ], [ 36.838009, 25.7277284 ], [ 36.8376891, 25.727675 ], [ 36.8374572, 25.7274223 ], [ 36.8374199, 25.7274747 ], [ 36.8372866, 25.7274165 ], [ 36.8372208, 25.7274773 ], [ 36.8370626, 25.7274339 ], [ 36.8368128, 25.7276072 ], [ 36.8367182, 25.7277406 ], [ 36.8366195, 25.7278132 ], [ 36.8363821, 25.7280047 ], [ 36.836056, 25.7281872 ], [ 36.835874, 25.7284265 ], [ 36.8357666, 25.7284471 ], [ 36.8353417, 25.728825 ], [ 36.8348383, 25.7291835 ], [ 36.8346577, 25.7293692 ], [ 36.8340155, 25.729726 ], [ 36.8337279, 25.7299119 ], [ 36.833481, 25.7300061 ], [ 36.8333685, 25.7299982 ], [ 36.8331579, 25.730054 ], [ 36.8331974, 25.7301325 ], [ 36.8333421, 25.7301371 ], [ 36.8334104, 25.7301643 ], [ 36.8331901, 25.7303228 ], [ 36.8330812, 25.7306182 ], [ 36.8330944, 25.7307248 ], [ 36.8332075, 25.7308473 ], [ 36.8331221, 25.7309438 ], [ 36.8331301, 25.7310903 ], [ 36.8329234, 25.7311256 ], [ 36.8328537, 25.7312391 ], [ 36.8329201, 25.7314836 ], [ 36.8329794, 25.7315228 ], [ 36.8331366, 25.7315158 ], [ 36.8331815, 25.7315727 ], [ 36.833121, 25.7315619 ], [ 36.8330441, 25.7315654 ], [ 36.8325445, 25.7317433 ], [ 36.8324974, 25.7318197 ], [ 36.8322478, 25.7318519 ], [ 36.8322498, 25.7319406 ], [ 36.8321284, 25.7320608 ], [ 36.8321028, 25.7322742 ], [ 36.8318673, 25.7323329 ], [ 36.831192, 25.7323209 ], [ 36.8310325, 25.7322771 ], [ 36.8304232, 25.7326571 ], [ 36.8304711, 25.7327703 ], [ 36.8304245, 25.7328115 ], [ 36.8303094, 25.7326595 ], [ 36.8301803, 25.732729 ], [ 36.8302777, 25.7329039 ], [ 36.830178, 25.7329873 ], [ 36.8300865, 25.7329479 ], [ 36.8299505, 25.7328206 ], [ 36.8299037, 25.7328444 ], [ 36.8298402, 25.7328057 ], [ 36.8297813, 25.7328322 ], [ 36.8298002, 25.7329342 ], [ 36.8296216, 25.732905 ], [ 36.8294836, 25.7329672 ], [ 36.8294463, 25.7330972 ], [ 36.8293916, 25.733142 ], [ 36.8293392, 25.7330973 ], [ 36.8291318, 25.7331203 ], [ 36.8289786, 25.7331795 ], [ 36.828998, 25.7330782 ], [ 36.8288325, 25.7330307 ], [ 36.8285449, 25.7331269 ], [ 36.8284233, 25.733233 ], [ 36.8282077, 25.7333279 ], [ 36.8281822, 25.7331534 ], [ 36.828111, 25.733105 ], [ 36.8281078, 25.7329647 ], [ 36.8281866, 25.7328616 ], [ 36.8283002, 25.7328053 ], [ 36.828335, 25.7326676 ], [ 36.8281944, 25.7326962 ], [ 36.8278688, 25.7329092 ], [ 36.8278021, 25.7328742 ], [ 36.8277725, 25.7327703 ], [ 36.827869, 25.7327449 ], [ 36.827846, 25.7327163 ], [ 36.8276645, 25.7327268 ], [ 36.8276646, 25.7329051 ], [ 36.8275866, 25.7330621 ], [ 36.8274335, 25.7331392 ], [ 36.8273596, 25.7332574 ], [ 36.8273682, 25.7333554 ], [ 36.8273161, 25.7334135 ], [ 36.8272789, 25.7336977 ], [ 36.8271831, 25.7338052 ], [ 36.82701, 25.7338165 ], [ 36.8269743, 25.7339636 ], [ 36.8269901, 25.7343476 ], [ 36.8269225, 25.7344638 ], [ 36.8268666, 25.7348556 ], [ 36.8267078, 25.7354688 ], [ 36.8266329, 25.7354681 ], [ 36.826582, 25.7356016 ], [ 36.8264369, 25.7356969 ], [ 36.8262766, 25.7360951 ], [ 36.826004, 25.7366134 ], [ 36.8259265, 25.7366459 ], [ 36.8258166, 25.736757 ], [ 36.8257647, 25.7368569 ], [ 36.8256777, 25.7371377 ], [ 36.8254941, 25.737517 ], [ 36.8254061, 25.7377067 ], [ 36.8253258, 25.7376935 ], [ 36.8252949, 25.737756 ], [ 36.8253218, 25.7378416 ], [ 36.8254096, 25.7378748 ], [ 36.8254594, 25.7381661 ], [ 36.8255642, 25.7383571 ], [ 36.8254228, 25.7385045 ], [ 36.825303, 25.7385498 ], [ 36.8251208, 25.7386612 ], [ 36.8248118, 25.7388505 ], [ 36.8244035, 25.7390065 ], [ 36.824152, 25.7394175 ], [ 36.8238791, 25.7397168 ], [ 36.8234564, 25.7400932 ], [ 36.8230031, 25.7402551 ], [ 36.8225463, 25.7406149 ], [ 36.8221514, 25.7408117 ], [ 36.8218251, 25.7409413 ], [ 36.8217069, 25.7408519 ], [ 36.8215033, 25.74048 ], [ 36.82146, 25.7403264 ], [ 36.8214914, 25.7400721 ], [ 36.8214699, 25.7398121 ], [ 36.8215241, 25.7393023 ], [ 36.8216481, 25.7391863 ], [ 36.8214677, 25.7392557 ], [ 36.8214129, 25.7396542 ], [ 36.8213779, 25.7404174 ], [ 36.821695, 25.7411397 ], [ 36.8216621, 25.7413027 ], [ 36.8216256, 25.7413561 ], [ 36.8217278, 25.7413964 ], [ 36.821834, 25.7415001 ], [ 36.8215676, 25.7418693 ], [ 36.8211603, 25.7420459 ], [ 36.8210929, 25.7421476 ], [ 36.8207356, 25.742191 ], [ 36.8206772, 25.7423877 ], [ 36.8202666, 25.742635 ], [ 36.820275, 25.7427201 ], [ 36.8202132, 25.7427705 ], [ 36.8202115, 25.7428172 ], [ 36.8202965, 25.7428408 ], [ 36.8203926, 25.7429513 ], [ 36.8205075, 25.7429416 ], [ 36.8205515, 25.743 ], [ 36.8205816, 25.7431316 ], [ 36.8205252, 25.7431549 ], [ 36.8204929, 25.7432158 ], [ 36.8205093, 25.7432923 ], [ 36.8205643, 25.7433201 ], [ 36.8205632, 25.7434027 ], [ 36.8206558, 25.7434832 ], [ 36.8204867, 25.7436047 ], [ 36.8203109, 25.7435253 ], [ 36.8202435, 25.7434741 ], [ 36.8202152, 25.7435137 ], [ 36.8203701, 25.7435934 ], [ 36.8204634, 25.7436534 ], [ 36.8205378, 25.7437256 ], [ 36.8206794, 25.7437062 ], [ 36.8208592, 25.7438438 ], [ 36.8207757, 25.7439407 ], [ 36.8209165, 25.7440846 ], [ 36.8211963, 25.7441384 ], [ 36.821262, 25.7442474 ], [ 36.8212595, 25.7443951 ], [ 36.8213522, 25.7443943 ], [ 36.8214215, 25.7445026 ], [ 36.8215043, 25.744619 ], [ 36.8215178, 25.7447914 ], [ 36.8214494, 25.7449357 ], [ 36.8214536, 25.7450461 ], [ 36.8219833, 25.7455588 ], [ 36.8219392, 25.7456763 ], [ 36.8219536, 25.745845 ], [ 36.8218873, 25.7459161 ], [ 36.8218132, 25.7460224 ], [ 36.8218751, 25.7462734 ], [ 36.8217902, 25.7464414 ], [ 36.8217833, 25.7466286 ], [ 36.8216299, 25.7466995 ], [ 36.8215282, 25.7467844 ], [ 36.821403, 25.7468061 ], [ 36.8213495, 25.7467115 ], [ 36.8212508, 25.7467696 ], [ 36.8212539, 25.7468952 ], [ 36.8211621, 25.7469594 ], [ 36.8211031, 25.7472221 ], [ 36.8212192, 25.7476499 ], [ 36.8214312, 25.7479002 ], [ 36.8215845, 25.7479771 ], [ 36.8220137, 25.7480562 ], [ 36.8221608, 25.7487538 ], [ 36.8221475, 25.7489493 ], [ 36.822051, 25.7490525 ], [ 36.8220524, 25.7492485 ], [ 36.821966, 25.7494673 ], [ 36.82191, 25.7500239 ], [ 36.8217446, 25.7503577 ], [ 36.8215495, 25.7506153 ], [ 36.8211828, 25.7509456 ], [ 36.8209016, 25.7510502 ], [ 36.8205224, 25.7512524 ], [ 36.8200353, 25.7513042 ], [ 36.8196001, 25.7515137 ], [ 36.8188284, 25.7517619 ], [ 36.8182584, 25.7519804 ], [ 36.8178835, 25.7521334 ], [ 36.816639, 25.7524136 ], [ 36.8154978, 25.7525414 ], [ 36.8147124, 25.7530008 ], [ 36.8140085, 25.7531876 ], [ 36.8129046, 25.7533548 ], [ 36.8120355, 25.753187 ], [ 36.8116305, 25.7529624 ], [ 36.8115275, 25.7528568 ], [ 36.811627, 25.7524774 ], [ 36.8114225, 25.7523311 ], [ 36.8110961, 25.7522439 ], [ 36.8106532, 25.7522651 ], [ 36.8102838, 25.7523487 ], [ 36.8104606, 25.7521159 ], [ 36.8105022, 25.7519857 ], [ 36.8104624, 25.7519335 ], [ 36.8103389, 25.7521773 ], [ 36.8100822, 25.7524229 ], [ 36.8099552, 25.7526611 ], [ 36.8099183, 25.7529644 ], [ 36.8099981, 25.7532614 ], [ 36.8101963, 25.7536647 ], [ 36.8103725, 25.7543137 ], [ 36.8105031, 25.7546084 ], [ 36.810472, 25.754752 ], [ 36.8106212, 25.7549595 ], [ 36.8103974, 25.7549718 ], [ 36.8099895, 25.7557265 ], [ 36.8090101, 25.7560274 ], [ 36.8065931, 25.7563099 ], [ 36.8060602, 25.7565407 ], [ 36.8055394, 25.7567697 ], [ 36.8052272, 25.7571484 ], [ 36.8050563, 25.75776 ], [ 36.8047768, 25.7581881 ], [ 36.8043348, 25.7585114 ], [ 36.8034951, 25.7587694 ], [ 36.8027616, 25.7588881 ], [ 36.8024716, 25.758757 ], [ 36.8019597, 25.7586966 ], [ 36.8013348, 25.7585665 ], [ 36.8008389, 25.7585481 ], [ 36.8000431, 25.7588162 ], [ 36.8000789, 25.7586906 ], [ 36.8000224, 25.7585869 ], [ 36.8002491, 25.7583728 ], [ 36.8005224, 25.7582983 ], [ 36.8006368, 25.7582459 ], [ 36.800485, 25.758182 ], [ 36.8002997, 25.7581858 ], [ 36.8000528, 25.7580826 ], [ 36.7994677, 25.7582631 ], [ 36.799142, 25.7583103 ], [ 36.7989382, 25.7583596 ], [ 36.7988652, 25.7582671 ], [ 36.7988093, 25.7581315 ], [ 36.7987162, 25.757757 ], [ 36.7987309, 25.7576955 ], [ 36.79879, 25.7576753 ], [ 36.7989404, 25.7578028 ], [ 36.7990318, 25.758005 ], [ 36.7989314, 25.7581092 ], [ 36.7990699, 25.7581075 ], [ 36.7998204, 25.7578635 ], [ 36.8003394, 25.7578229 ], [ 36.8008668, 25.7578615 ], [ 36.80107, 25.7578191 ], [ 36.8018585, 25.7579389 ], [ 36.8035048, 25.7580544 ], [ 36.8037427, 25.7579343 ], [ 36.8039293, 25.757664 ], [ 36.8038805, 25.7571193 ], [ 36.8036603, 25.7565533 ], [ 36.8037674, 25.7563253 ], [ 36.8038165, 25.7557299 ], [ 36.8035075, 25.7551902 ], [ 36.8032826, 25.7550245 ], [ 36.8028411, 25.7549258 ], [ 36.8026854, 25.7547456 ], [ 36.80207, 25.7541614 ], [ 36.8016301, 25.7541675 ], [ 36.8015714, 25.7539629 ], [ 36.8016482, 25.7536165 ], [ 36.8015742, 25.7533097 ], [ 36.8016703, 25.752941 ], [ 36.8018462, 25.7524807 ], [ 36.8017106, 25.7524106 ], [ 36.8016238, 25.7524955 ], [ 36.8013768, 25.7523511 ], [ 36.8008629, 25.7522384 ], [ 36.8003751, 25.7520394 ], [ 36.8000899, 25.7518127 ], [ 36.7998626, 25.7514586 ], [ 36.7999132, 25.7510003 ], [ 36.7996475, 25.7509077 ], [ 36.7995529, 25.7508377 ], [ 36.7986356, 25.7511934 ], [ 36.7986081, 25.7510489 ], [ 36.7989402, 25.7507015 ], [ 36.7991705, 25.7504717 ], [ 36.7999373, 25.7487922 ], [ 36.7998852, 25.7486327 ], [ 36.8002195, 25.7481334 ], [ 36.8002466, 25.7479142 ], [ 36.8000972, 25.7477145 ], [ 36.8001469, 25.7471962 ], [ 36.8015002, 25.7465498 ], [ 36.8022636, 25.7458623 ], [ 36.8028404, 25.7451294 ], [ 36.8031913, 25.7440798 ], [ 36.8032736, 25.7437419 ], [ 36.8038093, 25.7424275 ], [ 36.8043601, 25.741069 ], [ 36.80461, 25.7407536 ], [ 36.8048555, 25.740342 ], [ 36.8051994, 25.7399763 ], [ 36.8053793, 25.739961 ], [ 36.8056267, 25.7395899 ], [ 36.8059271, 25.739429 ], [ 36.8067817, 25.7386023 ], [ 36.8073434, 25.7384217 ], [ 36.807769, 25.7384029 ], [ 36.8083408, 25.7386854 ], [ 36.8079875, 25.738452 ], [ 36.8078734, 25.7381696 ], [ 36.8077339, 25.7378463 ], [ 36.8076395, 25.7367756 ], [ 36.8077595, 25.7354668 ], [ 36.8080404, 25.7318437 ], [ 36.8085171, 25.7281856 ], [ 36.8086245, 25.727957 ], [ 36.8084936, 25.7278604 ], [ 36.8085157, 25.7279478 ], [ 36.8080462, 25.7282098 ], [ 36.8079376, 25.7282383 ], [ 36.8079032, 25.7280438 ], [ 36.8081179, 25.7278161 ], [ 36.8081327, 25.7279128 ], [ 36.8082119, 25.7278993 ], [ 36.8083053, 25.7277389 ], [ 36.8084699, 25.7276583 ], [ 36.8085857, 25.7277036 ], [ 36.8087619, 25.7276113 ], [ 36.808867, 25.7273483 ], [ 36.809162, 25.7264783 ], [ 36.8092633, 25.7260447 ], [ 36.8094927, 25.7243329 ], [ 36.8096743, 25.7237043 ], [ 36.8097088, 25.7236574 ], [ 36.8094689, 25.7235698 ], [ 36.8093084, 25.7238831 ], [ 36.8091861, 25.7239076 ], [ 36.8092056, 25.7237209 ], [ 36.8093079, 25.7235655 ], [ 36.809511, 25.7232919 ], [ 36.8096513, 25.7229911 ], [ 36.809668, 25.7230711 ], [ 36.8096388, 25.7231464 ], [ 36.809658, 25.7232436 ], [ 36.8097562, 25.7232391 ], [ 36.8097925, 25.7231317 ], [ 36.8097192, 25.7230689 ], [ 36.8098028, 25.7228326 ], [ 36.8100019, 25.7226454 ], [ 36.8099619, 25.7225306 ], [ 36.8100382, 25.7223536 ], [ 36.8101582, 25.7222204 ], [ 36.8100926, 25.7219466 ], [ 36.8103149, 25.721346 ], [ 36.8105921, 25.7210532 ], [ 36.8107288, 25.7208347 ], [ 36.8107365, 25.7206178 ], [ 36.8108939, 25.7201679 ], [ 36.810913, 25.7199856 ], [ 36.8111475, 25.7193989 ], [ 36.8112913, 25.7192738 ], [ 36.8114959, 25.7192193 ], [ 36.811494, 25.7190682 ], [ 36.8113772, 25.71883 ], [ 36.8116147, 25.7184087 ], [ 36.8119574, 25.7181474 ], [ 36.8122966, 25.7180044 ], [ 36.8129876, 25.7180019 ], [ 36.8135789, 25.7180018 ], [ 36.8138966, 25.7180726 ], [ 36.8143707, 25.7181093 ], [ 36.8143982, 25.7179822 ], [ 36.8145269, 25.7179133 ], [ 36.8146221, 25.7178148 ], [ 36.8147911, 25.7178026 ], [ 36.8148993, 25.7177406 ], [ 36.8147679, 25.7176733 ], [ 36.8146805, 25.7175466 ], [ 36.814586, 25.7173114 ], [ 36.8143115, 25.7168288 ], [ 36.8141372, 25.7166862 ], [ 36.8137841, 25.7164214 ], [ 36.8134049, 25.7162719 ], [ 36.8130572, 25.7162415 ], [ 36.8123864, 25.7158782 ], [ 36.8116036, 25.7156733 ], [ 36.8111706, 25.7154979 ], [ 36.8106808, 25.7152009 ], [ 36.8099882, 25.7145337 ], [ 36.8097768, 25.7142709 ], [ 36.8094683, 25.713923 ], [ 36.8089393, 25.7134172 ], [ 36.808233, 25.7126562 ], [ 36.8078163, 25.7119454 ], [ 36.8076992, 25.7118814 ], [ 36.8076456, 25.7120469 ], [ 36.8078053, 25.712307 ], [ 36.8078931, 25.712572 ], [ 36.8078175, 25.7127212 ], [ 36.8077055, 25.7127225 ], [ 36.8076265, 25.7128492 ], [ 36.8075166, 25.7128448 ], [ 36.8073894, 25.7127924 ], [ 36.8073134, 25.7129337 ], [ 36.8075568, 25.7130077 ], [ 36.8076482, 25.7131769 ], [ 36.8075805, 25.7134878 ], [ 36.8074965, 25.7139629 ], [ 36.8075177, 25.714122 ], [ 36.8070327, 25.7143232 ], [ 36.8068445, 25.7142846 ], [ 36.806645, 25.7144038 ], [ 36.8065253, 25.7143596 ], [ 36.8064535, 25.7139036 ], [ 36.806594, 25.713856 ], [ 36.8066017, 25.713627 ], [ 36.8067522, 25.7135147 ], [ 36.8066423, 25.7134423 ], [ 36.8064637, 25.7134611 ], [ 36.8060187, 25.7138887 ], [ 36.8056001, 25.7148985 ], [ 36.805589, 25.7151535 ], [ 36.8054607, 25.7152177 ], [ 36.8054479, 25.7160228 ], [ 36.8056283, 25.7163271 ], [ 36.8056837, 25.7167097 ], [ 36.8054959, 25.7163376 ], [ 36.8052811, 25.7160077 ], [ 36.8051967, 25.7162133 ], [ 36.8050063, 25.7164061 ], [ 36.8045978, 25.7165786 ], [ 36.8041688, 25.7165917 ], [ 36.8037413, 25.7165427 ], [ 36.8034113, 25.7164018 ], [ 36.803237, 25.7162848 ], [ 36.802763, 25.7161202 ], [ 36.8031997, 25.7161946 ], [ 36.8037724, 25.7164364 ], [ 36.8042268, 25.7165092 ], [ 36.8046888, 25.7164129 ], [ 36.8050502, 25.7161681 ], [ 36.8050746, 25.7159733 ], [ 36.804935, 25.7155518 ], [ 36.8047951, 25.7151253 ], [ 36.8050014, 25.7143187 ], [ 36.8049423, 25.713881 ], [ 36.8049254, 25.7135304 ], [ 36.8048835, 25.7134615 ], [ 36.8047474, 25.7134485 ], [ 36.804663, 25.7133704 ], [ 36.8044354, 25.7133453 ], [ 36.8042664, 25.7130985 ], [ 36.804264, 25.7130023 ], [ 36.8042141, 25.7129001 ], [ 36.8040231, 25.7127111 ], [ 36.8038826, 25.7126741 ], [ 36.8036144, 25.712419 ], [ 36.803458, 25.71221 ], [ 36.803333, 25.7122767 ], [ 36.8032432, 25.712137 ], [ 36.8031172, 25.7121231 ], [ 36.8028048, 25.7117077 ], [ 36.8020551, 25.7110438 ], [ 36.8015933, 25.7107994 ], [ 36.8017061, 25.7107901 ], [ 36.8016998, 25.7107332 ], [ 36.8016373, 25.7106823 ], [ 36.8014587, 25.7105775 ], [ 36.8013501, 25.7105431 ], [ 36.8012878, 25.7106186 ], [ 36.8011489, 25.7105014 ], [ 36.8010842, 25.7105458 ], [ 36.8008819, 25.71055 ], [ 36.8006333, 25.7104112 ], [ 36.8004824, 25.7103224 ], [ 36.8002944, 25.7101101 ], [ 36.8004303, 25.7100725 ], [ 36.8005294, 25.7099211 ], [ 36.8006834, 25.7096889 ], [ 36.8004452, 25.7093226 ], [ 36.8004619, 25.7091476 ], [ 36.8005358, 25.7090124 ], [ 36.800497, 25.7088729 ], [ 36.8005947, 25.7088207 ], [ 36.8006696, 25.7086795 ], [ 36.8009526, 25.7087197 ], [ 36.8011342, 25.7088711 ], [ 36.8010927, 25.7092063 ], [ 36.8015248, 25.7094308 ], [ 36.8015401, 25.7088235 ], [ 36.8013663, 25.7087341 ], [ 36.8011101, 25.7083697 ], [ 36.8008715, 25.7081443 ], [ 36.8005913, 25.7080489 ], [ 36.8003322, 25.7080404 ], [ 36.8001723, 25.7079923 ], [ 36.7999821, 25.7083097 ], [ 36.7998343, 25.708495 ], [ 36.7996556, 25.7086406 ], [ 36.7993054, 25.7089631 ], [ 36.7985075, 25.7102476 ], [ 36.7984289, 25.7101737 ], [ 36.7984, 25.7100396 ], [ 36.7984639, 25.7097024 ], [ 36.7983434, 25.7100193 ], [ 36.7984128, 25.7103922 ], [ 36.7985482, 25.710505 ], [ 36.7985688, 25.7114111 ], [ 36.7986556, 25.711981 ], [ 36.7985951, 25.7125649 ], [ 36.7979757, 25.7137445 ], [ 36.7975106, 25.7143686 ], [ 36.7974007, 25.7143702 ], [ 36.7973104, 25.7143274 ], [ 36.7971304, 25.7145392 ], [ 36.7969852, 25.7148032 ], [ 36.7968598, 25.7148133 ], [ 36.7967575, 25.7149698 ], [ 36.7965009, 25.7151128 ], [ 36.7961065, 25.7151409 ], [ 36.7958396, 25.7152191 ], [ 36.7955902, 25.7152292 ], [ 36.7955108, 25.7153458 ], [ 36.7955541, 25.7154566 ], [ 36.7955122, 25.7155585 ], [ 36.7953806, 25.7155383 ], [ 36.7953332, 25.7153897 ], [ 36.7948846, 25.7154456 ], [ 36.794729, 25.7156093 ], [ 36.7945692, 25.7156063 ], [ 36.7942539, 25.715767 ], [ 36.794256, 25.7160171 ], [ 36.794143, 25.7157887 ], [ 36.7940323, 25.715701 ], [ 36.793908, 25.7159392 ], [ 36.7937793, 25.7160012 ], [ 36.7937217, 25.7158936 ], [ 36.7935781, 25.715873 ], [ 36.7934292, 25.7159157 ], [ 36.7931358, 25.716037 ], [ 36.7925446, 25.716195 ], [ 36.792343, 25.7163204 ], [ 36.7918042, 25.7163566 ], [ 36.7912039, 25.7165539 ], [ 36.7907918, 25.7165813 ], [ 36.789812, 25.716979 ], [ 36.7892757, 25.717492 ], [ 36.7893004, 25.7179281 ], [ 36.7891462, 25.718105 ], [ 36.7889135, 25.7182145 ], [ 36.7884732, 25.7187958 ], [ 36.7880445, 25.7192411 ], [ 36.7875585, 25.7195652 ], [ 36.7871189, 25.7199453 ], [ 36.7859557, 25.7206504 ], [ 36.7858526, 25.7205975 ], [ 36.7859372, 25.7204864 ], [ 36.7860858, 25.7204067 ], [ 36.7862929, 25.7201478 ], [ 36.7859601, 25.7201175 ], [ 36.7855747, 25.7201812 ], [ 36.7854271, 25.7201743 ], [ 36.785172, 25.7203471 ], [ 36.7848027, 25.7208562 ], [ 36.7848829, 25.7209652 ], [ 36.7850851, 25.7211374 ], [ 36.7853498, 25.7212588 ], [ 36.7856508, 25.7216149 ], [ 36.7855154, 25.7216426 ], [ 36.7853568, 25.7214297 ], [ 36.7845604, 25.720966 ], [ 36.7843515, 25.721186 ], [ 36.7839459, 25.7214293 ], [ 36.7841041, 25.7210964 ], [ 36.7843626, 25.7208482 ], [ 36.784535, 25.7207687 ], [ 36.7845922, 25.7206083 ], [ 36.7845292, 25.7204769 ], [ 36.7846711, 25.7201457 ], [ 36.784695, 25.7199086 ], [ 36.7849224, 25.7195298 ], [ 36.7849086, 25.7193989 ], [ 36.7851869, 25.7189412 ], [ 36.7850235, 25.7189891 ], [ 36.7847723, 25.7193148 ], [ 36.7847116, 25.7194912 ], [ 36.7846464, 25.7196516 ], [ 36.7845537, 25.7200197 ], [ 36.7843138, 25.7205571 ], [ 36.7840252, 25.7210182 ], [ 36.7835934, 25.7218152 ], [ 36.7832516, 25.7223158 ], [ 36.7830817, 25.7224653 ], [ 36.7822902, 25.7227576 ], [ 36.7821685, 25.7229425 ], [ 36.7820771, 25.7230187 ], [ 36.7816808, 25.7237973 ], [ 36.7816239, 25.7238838 ], [ 36.7814569, 25.724299 ], [ 36.7812363, 25.7246895 ], [ 36.7811604, 25.7247823 ], [ 36.7811211, 25.7247436 ], [ 36.7810799, 25.7249161 ], [ 36.7808164, 25.725232 ], [ 36.7806323, 25.7255021 ], [ 36.7804562, 25.7256789 ], [ 36.7803026, 25.7258799 ], [ 36.7800552, 25.726152 ], [ 36.7791872, 25.7268432 ], [ 36.7789466, 25.7269878 ], [ 36.7786122, 25.7272263 ], [ 36.7784568, 25.7272231 ], [ 36.7783264, 25.7272921 ], [ 36.777878, 25.7277945 ], [ 36.7778328, 25.7278594 ], [ 36.7778222, 25.7277012 ], [ 36.7777692, 25.7275838 ], [ 36.7777205, 25.7277506 ], [ 36.7777316, 25.7279326 ], [ 36.7776128, 25.728177 ], [ 36.7775315, 25.7281056 ], [ 36.7774933, 25.7279721 ], [ 36.7774193, 25.7283029 ], [ 36.7773498, 25.7283654 ], [ 36.7771138, 25.7291046 ], [ 36.7770165, 25.7290998 ], [ 36.7769263, 25.7294129 ], [ 36.7767973, 25.7296716 ], [ 36.776497, 25.7309697 ], [ 36.7762926, 25.7322553 ], [ 36.7761531, 25.7326505 ], [ 36.7761131, 25.7327891 ], [ 36.7761707, 25.7328967 ], [ 36.7761032, 25.7334756 ], [ 36.7758975, 25.7337283 ], [ 36.7758286, 25.7340108 ], [ 36.7756798, 25.7344099 ], [ 36.7757309, 25.7346148 ], [ 36.7756391, 25.7349269 ], [ 36.77555, 25.7349248 ], [ 36.7755268, 25.7350501 ], [ 36.7755488, 25.7351385 ], [ 36.7754999, 25.7352741 ], [ 36.775422, 25.7352613 ], [ 36.7753096, 25.7353728 ], [ 36.775114, 25.7355288 ], [ 36.7746943, 25.7356932 ], [ 36.7743655, 25.7357473 ], [ 36.7736553, 25.7358124 ], [ 36.7736319, 25.7357464 ], [ 36.7734891, 25.7358397 ], [ 36.7733658, 25.7359199 ], [ 36.773249, 25.7361209 ], [ 36.7731254, 25.7362172 ], [ 36.7727094, 25.736299 ], [ 36.7726678, 25.7363755 ], [ 36.7727198, 25.7363802 ], [ 36.7727706, 25.7364563 ], [ 36.7725983, 25.736503 ], [ 36.7725353, 25.7366188 ], [ 36.7724919, 25.736864 ], [ 36.7725556, 25.7369901 ], [ 36.7724446, 25.7370671 ], [ 36.7723087, 25.7370596 ], [ 36.7718849, 25.7371669 ], [ 36.7717837, 25.7372559 ], [ 36.7715288, 25.7373452 ], [ 36.7712712, 25.7373497 ], [ 36.7711289, 25.7372841 ], [ 36.770995, 25.7372966 ], [ 36.7709488, 25.7373595 ], [ 36.7708915, 25.7373776 ], [ 36.7708738, 25.7374537 ], [ 36.7707593, 25.7375086 ], [ 36.770796, 25.7374488 ], [ 36.7706352, 25.7374696 ], [ 36.7704476, 25.7376117 ], [ 36.7703723, 25.7377093 ], [ 36.7697938, 25.7381351 ], [ 36.7689822, 25.7385198 ], [ 36.7687905, 25.7386014 ], [ 36.7683806, 25.7387246 ], [ 36.7679872, 25.73889 ], [ 36.7679789, 25.7389384 ], [ 36.7676802, 25.7390781 ], [ 36.7676039, 25.7390185 ], [ 36.7675342, 25.7390264 ], [ 36.7674695, 25.7390988 ], [ 36.7663332, 25.7393274 ], [ 36.7662344, 25.739384 ], [ 36.7661449, 25.7393695 ], [ 36.766124, 25.7394485 ], [ 36.7656656, 25.7395255 ], [ 36.7654983, 25.7398031 ], [ 36.7654535, 25.7401579 ], [ 36.7653944, 25.7403813 ], [ 36.7653664, 25.7405101 ], [ 36.7653352, 25.7403139 ], [ 36.7652413, 25.7402878 ], [ 36.7653217, 25.7402372 ], [ 36.7653475, 25.7399043 ], [ 36.7654351, 25.7397589 ], [ 36.7655111, 25.7394629 ], [ 36.7652617, 25.7395041 ], [ 36.7647357, 25.7393771 ], [ 36.7647085, 25.7392042 ], [ 36.7646451, 25.7392862 ], [ 36.7645251, 25.739267 ], [ 36.7643685, 25.7391854 ], [ 36.7642763, 25.7391897 ], [ 36.7642249, 25.7391518 ], [ 36.7638822, 25.7390907 ], [ 36.7637641, 25.7390593 ], [ 36.7632349, 25.7391139 ], [ 36.7631141, 25.7390072 ], [ 36.7633756, 25.7388735 ], [ 36.7637081, 25.7386705 ], [ 36.7638276, 25.7386698 ], [ 36.763986, 25.7385192 ], [ 36.7642344, 25.7384362 ], [ 36.7642025, 25.7383623 ], [ 36.7642718, 25.7383298 ], [ 36.7643076, 25.738378 ], [ 36.7643413, 25.7383263 ], [ 36.7643721, 25.7383895 ], [ 36.7643309, 25.7384962 ], [ 36.7643609, 25.7384936 ], [ 36.7646358, 25.7381374 ], [ 36.7648846, 25.7379739 ], [ 36.7650639, 25.737924 ], [ 36.7653243, 25.7377303 ], [ 36.7654573, 25.7377392 ], [ 36.7654751, 25.7377928 ], [ 36.7655304, 25.7380546 ], [ 36.7656217, 25.7380538 ], [ 36.765686, 25.7381712 ], [ 36.7656612, 25.7380067 ], [ 36.7656078, 25.7379575 ], [ 36.7655732, 25.7377511 ], [ 36.765584, 25.7374922 ], [ 36.7657062, 25.7374327 ], [ 36.7660286, 25.7373348 ], [ 36.7662602, 25.7372349 ], [ 36.7666112, 25.7372234 ], [ 36.7668481, 25.737254 ], [ 36.7668339, 25.7372077 ], [ 36.7672884, 25.7371621 ], [ 36.7675513, 25.73718 ], [ 36.7678823, 25.7373346 ], [ 36.7681525, 25.7374113 ], [ 36.7685189, 25.7376523 ], [ 36.7684767, 25.7375636 ], [ 36.7682457, 25.7373917 ], [ 36.7680612, 25.7372989 ], [ 36.7678687, 25.7372807 ], [ 36.7676808, 25.7371492 ], [ 36.7673966, 25.7371071 ], [ 36.767062, 25.7371487 ], [ 36.7667153, 25.7371645 ], [ 36.7664297, 25.7371078 ], [ 36.7660047, 25.7372777 ], [ 36.7656125, 25.7374038 ], [ 36.7653963, 25.7374458 ], [ 36.7652813, 25.7374106 ], [ 36.7652384, 25.7373572 ], [ 36.7650986, 25.7374502 ], [ 36.7649885, 25.7377115 ], [ 36.7648932, 25.7378273 ], [ 36.7648012, 25.7378839 ], [ 36.7647651, 25.7379475 ], [ 36.7646745, 25.738044 ], [ 36.7644798, 25.7382371 ], [ 36.7643546, 25.7382849 ], [ 36.7642323, 25.7382592 ], [ 36.7630102, 25.7389793 ], [ 36.7626097, 25.7391361 ], [ 36.7624072, 25.7391719 ], [ 36.7619551, 25.7393163 ], [ 36.7616948, 25.7393041 ], [ 36.7613864, 25.7391495 ], [ 36.76114, 25.739105 ], [ 36.7610374, 25.7390295 ], [ 36.7608956, 25.7390385 ], [ 36.7608087, 25.7390038 ], [ 36.7606994, 25.7389914 ], [ 36.7602054, 25.7388222 ], [ 36.7601514, 25.7387042 ], [ 36.7592933, 25.7382538 ], [ 36.7590013, 25.7379969 ], [ 36.7587448, 25.7379418 ], [ 36.7586447, 25.7378244 ], [ 36.7580523, 25.7375205 ], [ 36.7579755, 25.7374496 ], [ 36.7578288, 25.7374309 ], [ 36.7575454, 25.7372427 ], [ 36.7575036, 25.7371234 ], [ 36.757432, 25.7371977 ], [ 36.7577876, 25.7375914 ], [ 36.7580088, 25.7377081 ], [ 36.7580371, 25.7378877 ], [ 36.7581432, 25.737985 ], [ 36.7580612, 25.738001 ], [ 36.7576285, 25.7378964 ], [ 36.757555, 25.7379341 ], [ 36.7573505, 25.7377497 ], [ 36.7571767, 25.737713 ], [ 36.7570775, 25.7377796 ], [ 36.7568857, 25.737746 ], [ 36.756697, 25.7379799 ], [ 36.7563628, 25.738104 ], [ 36.7563562, 25.7383353 ], [ 36.7562699, 25.7387153 ], [ 36.7562639, 25.7390851 ], [ 36.7563441, 25.7393769 ], [ 36.7565062, 25.7394798 ], [ 36.7563973, 25.7395089 ], [ 36.7563127, 25.7394412 ], [ 36.756204, 25.7391598 ], [ 36.7561703, 25.7389076 ], [ 36.7562136, 25.7387776 ], [ 36.7561931, 25.7380617 ], [ 36.7560367, 25.7381107 ], [ 36.7559488, 25.7382749 ], [ 36.7556839, 25.7382554 ], [ 36.7554115, 25.7384511 ], [ 36.7550589, 25.7385769 ], [ 36.754812, 25.738789 ], [ 36.7547313, 25.7390532 ], [ 36.7545285, 25.7392158 ], [ 36.7542263, 25.7392676 ], [ 36.7541193, 25.7394053 ], [ 36.7536642, 25.7394668 ], [ 36.7533875, 25.7394667 ], [ 36.752835, 25.7392618 ], [ 36.7527258, 25.7391266 ], [ 36.7525938, 25.739049 ], [ 36.752737, 25.73889 ], [ 36.7522474, 25.7387555 ], [ 36.7518503, 25.7384881 ], [ 36.7517502, 25.7382866 ], [ 36.7514903, 25.7380597 ], [ 36.7514452, 25.7381177 ], [ 36.7514444, 25.7382012 ], [ 36.751371, 25.7382973 ], [ 36.7511036, 25.738261 ], [ 36.7507158, 25.7381681 ], [ 36.7505517, 25.7379395 ], [ 36.7505838, 25.7374973 ], [ 36.7506845, 25.7373856 ], [ 36.7506374, 25.737319 ], [ 36.7507418, 25.7371724 ], [ 36.7508359, 25.7371226 ], [ 36.7509658, 25.7371021 ], [ 36.7510559, 25.7370272 ], [ 36.7510826, 25.736941 ], [ 36.7510468, 25.7368883 ], [ 36.7511149, 25.7367873 ], [ 36.7512099, 25.7367435 ], [ 36.7516636, 25.7370594 ], [ 36.7517724, 25.7371185 ], [ 36.7525916, 25.7380609 ], [ 36.7534815, 25.7382732 ], [ 36.7537655, 25.7382353 ], [ 36.7540678, 25.738258 ], [ 36.7546333, 25.7382222 ], [ 36.7547818, 25.7381734 ], [ 36.7549362, 25.7381521 ], [ 36.7550942, 25.7380947 ], [ 36.7553781, 25.7380658 ], [ 36.755207, 25.7379918 ], [ 36.7550745, 25.7379995 ], [ 36.7549081, 25.7380809 ], [ 36.7544648, 25.7381668 ], [ 36.7542485, 25.7381492 ], [ 36.7540409, 25.738158 ], [ 36.7538552, 25.7381471 ], [ 36.7537184, 25.7380912 ], [ 36.7533655, 25.7380784 ], [ 36.7531116, 25.7379607 ], [ 36.7530282, 25.7378663 ], [ 36.7527116, 25.7377692 ], [ 36.7524723, 25.7376065 ], [ 36.7521503, 25.7371606 ], [ 36.7519015, 25.7367298 ], [ 36.7514431, 25.7362962 ], [ 36.7514301, 25.7361789 ], [ 36.7511556, 25.7362144 ], [ 36.7509373, 25.7361132 ], [ 36.7504138, 25.7362792 ], [ 36.7501865, 25.7362662 ], [ 36.7500993, 25.7365414 ], [ 36.7498883, 25.736776 ], [ 36.749538, 25.737014 ], [ 36.7488725, 25.7372889 ], [ 36.7486103, 25.7373698 ], [ 36.748296, 25.7373702 ], [ 36.7479056, 25.7373802 ], [ 36.7474341, 25.7376058 ], [ 36.7469966, 25.7379368 ], [ 36.7462682, 25.7385005 ], [ 36.7460195, 25.7386116 ], [ 36.7457409, 25.7389897 ], [ 36.7456947, 25.7393191 ], [ 36.7455549, 25.7396014 ], [ 36.7452647, 25.739988 ], [ 36.7449937, 25.7403505 ], [ 36.7442797, 25.7412413 ], [ 36.743982, 25.7413804 ], [ 36.7438073, 25.7411296 ], [ 36.7434198, 25.7418043 ], [ 36.7432869, 25.7423036 ], [ 36.7434356, 25.7426753 ], [ 36.7434719, 25.7430846 ], [ 36.7433913, 25.7431946 ], [ 36.7432784, 25.7435031 ], [ 36.743156, 25.7437109 ], [ 36.7430896, 25.7437591 ], [ 36.7431098, 25.7441455 ], [ 36.7429372, 25.7444098 ], [ 36.7428148, 25.7446212 ], [ 36.7426603, 25.7451451 ], [ 36.7426444, 25.7456522 ], [ 36.7427267, 25.7457371 ], [ 36.7429143, 25.7458535 ], [ 36.7430391, 25.7460274 ], [ 36.7432219, 25.7466258 ], [ 36.7429106, 25.7468495 ], [ 36.7424867, 25.7471058 ], [ 36.7425177, 25.747279 ], [ 36.7421896, 25.7474172 ], [ 36.7417713, 25.7475681 ], [ 36.7415686, 25.7475616 ], [ 36.7408611, 25.7483542 ], [ 36.7398562, 25.7496338 ], [ 36.7398489, 25.749858 ], [ 36.7397402, 25.750072 ], [ 36.7393957, 25.750338 ], [ 36.7389999, 25.7507227 ], [ 36.738687, 25.7511149 ], [ 36.737926, 25.7520098 ], [ 36.7377939, 25.7520676 ], [ 36.7376218, 25.7522519 ], [ 36.7374562, 25.7523127 ], [ 36.7372415, 25.7526772 ], [ 36.7368795, 25.7536977 ], [ 36.7363043, 25.75431 ], [ 36.7356911, 25.755308 ], [ 36.7350565, 25.7557743 ], [ 36.7349013, 25.7558119 ], [ 36.7348161, 25.7557852 ], [ 36.7349657, 25.755525 ], [ 36.7349492, 25.7554651 ], [ 36.7347563, 25.755256 ], [ 36.7344436, 25.7552583 ], [ 36.7340809, 25.75541 ], [ 36.7323932, 25.7561872 ], [ 36.7313961, 25.7564714 ], [ 36.731077, 25.756748 ], [ 36.7309008, 25.7571913 ], [ 36.7306955, 25.7574072 ], [ 36.729895, 25.7581391 ], [ 36.7289356, 25.7586171 ], [ 36.727915, 25.7590945 ], [ 36.7273726, 25.7594092 ], [ 36.7267348, 25.7598052 ], [ 36.7263612, 25.7601378 ], [ 36.7259383, 25.7604363 ], [ 36.7254692, 25.7609409 ], [ 36.7253797, 25.7614087 ], [ 36.7247418, 25.7627674 ], [ 36.724217, 25.7633207 ], [ 36.7237795, 25.7638859 ], [ 36.7231289, 25.764489 ], [ 36.7229937, 25.7650553 ], [ 36.72249, 25.7660709 ], [ 36.7220561, 25.766478 ], [ 36.7217248, 25.7667707 ], [ 36.7215583, 25.7668595 ], [ 36.7212239, 25.7667892 ], [ 36.7207369, 25.7671602 ], [ 36.7205312, 25.767589 ], [ 36.7203307, 25.7681018 ], [ 36.7203641, 25.7688725 ], [ 36.7202525, 25.7698513 ], [ 36.7204579, 25.7710785 ], [ 36.7205549, 25.7731481 ], [ 36.7201054, 25.7730328 ], [ 36.7201659, 25.7751129 ], [ 36.7210082, 25.7769404 ], [ 36.7215195, 25.777967 ], [ 36.7219352, 25.7790911 ], [ 36.7218095, 25.779845 ], [ 36.7216616, 25.7798723 ], [ 36.7215611, 25.7801899 ], [ 36.7212993, 25.7801668 ], [ 36.7207566, 25.7806106 ], [ 36.7209382, 25.780366 ], [ 36.7209219, 25.780044 ], [ 36.7206565, 25.7797462 ], [ 36.7204393, 25.7797992 ], [ 36.7198836, 25.7803144 ], [ 36.7195151, 25.7806296 ], [ 36.7189222, 25.780785 ], [ 36.7184271, 25.7809458 ], [ 36.7177833, 25.7817371 ], [ 36.7177223, 25.7820216 ], [ 36.7178315, 25.7822428 ], [ 36.7179702, 25.7823373 ], [ 36.7180927, 25.7825624 ], [ 36.7182587, 25.7827804 ], [ 36.718248, 25.7833344 ], [ 36.718513, 25.7834347 ], [ 36.7188805, 25.7835425 ], [ 36.7188172, 25.7836661 ], [ 36.718556, 25.7837007 ], [ 36.7182461, 25.7835504 ], [ 36.7181752, 25.7836018 ], [ 36.7181846, 25.783749 ], [ 36.7183441, 25.7838906 ], [ 36.7186096, 25.7839447 ], [ 36.7187107, 25.7841666 ], [ 36.7187046, 25.7847647 ], [ 36.7186116, 25.78503 ], [ 36.718798, 25.7855723 ], [ 36.7189394, 25.7860986 ], [ 36.718783, 25.7868049 ], [ 36.7184945, 25.7874151 ], [ 36.7181779, 25.7876636 ], [ 36.7176861, 25.7882101 ], [ 36.7170826, 25.7884676 ], [ 36.7160662, 25.7887399 ], [ 36.7158696, 25.7886442 ], [ 36.7154345, 25.7886548 ], [ 36.7151257, 25.7888078 ], [ 36.7148626, 25.7890866 ], [ 36.7147369, 25.789183 ], [ 36.7143774, 25.7892436 ], [ 36.7141952, 25.7891831 ], [ 36.7140668, 25.7892354 ], [ 36.7135867, 25.7891443 ], [ 36.7134874, 25.7891866 ], [ 36.7130467, 25.7890709 ], [ 36.7127795, 25.7890654 ], [ 36.7120423, 25.7886948 ], [ 36.7119495, 25.7885679 ], [ 36.7113858, 25.7883842 ], [ 36.7104075, 25.7880464 ], [ 36.7103752, 25.7877382 ], [ 36.709648, 25.7869676 ], [ 36.7091733, 25.7867121 ], [ 36.7082879, 25.7861911 ], [ 36.7074628, 25.7859989 ], [ 36.7072279, 25.78575 ], [ 36.7072579, 25.7856438 ], [ 36.7074629, 25.7833552 ], [ 36.7069066, 25.7817797 ], [ 36.7065755, 25.7822222 ], [ 36.706239, 25.7824956 ], [ 36.7058651, 25.7824964 ], [ 36.7053817, 25.7824609 ], [ 36.7051969, 25.7823271 ], [ 36.7048216, 25.7817963 ], [ 36.7046184, 25.7818144 ], [ 36.704418, 25.7817478 ], [ 36.7041217, 25.7814517 ], [ 36.7039665, 25.7808571 ], [ 36.7041749, 25.7800473 ], [ 36.7042554, 25.7795711 ], [ 36.7048333, 25.7785406 ], [ 36.7050539, 25.7782512 ], [ 36.7052676, 25.778201 ], [ 36.7050116, 25.77815 ], [ 36.7046469, 25.7782279 ], [ 36.7040979, 25.7784505 ], [ 36.7035138, 25.7787936 ], [ 36.7026517, 25.7793373 ], [ 36.7017411, 25.7800227 ], [ 36.701121, 25.7805725 ], [ 36.7005443, 25.7810202 ], [ 36.7003738, 25.7811084 ], [ 36.6999263, 25.7814663 ], [ 36.699126, 25.7820634 ], [ 36.6982741, 25.7827473 ], [ 36.697775, 25.783155 ], [ 36.6971423, 25.7838712 ], [ 36.6971329, 25.7846546 ], [ 36.6969244, 25.7852713 ], [ 36.6966392, 25.7857189 ], [ 36.6965177, 25.7862194 ], [ 36.6966265, 25.7868865 ], [ 36.6965864, 25.7876836 ], [ 36.696483, 25.7878803 ], [ 36.6961346, 25.7883272 ], [ 36.6959855, 25.7894057 ], [ 36.695518, 25.7903456 ], [ 36.6952658, 25.790905 ], [ 36.6950785, 25.791673 ], [ 36.6945847, 25.7921729 ], [ 36.6943298, 25.7922472 ], [ 36.6942836, 25.7926037 ], [ 36.6942723, 25.7929905 ], [ 36.6944211, 25.7933748 ], [ 36.6943616, 25.7937637 ], [ 36.6941538, 25.7940609 ], [ 36.6939281, 25.7944887 ], [ 36.6938341, 25.794903 ], [ 36.6940144, 25.7951632 ], [ 36.6940748, 25.7954188 ], [ 36.694273, 25.7957339 ], [ 36.6942748, 25.7959986 ], [ 36.6944791, 25.7967016 ], [ 36.6948282, 25.7974915 ], [ 36.6954073, 25.7979864 ], [ 36.6954692, 25.798278 ], [ 36.695643, 25.7983906 ], [ 36.6958712, 25.7984567 ], [ 36.6960744, 25.7987782 ], [ 36.6965143, 25.798939 ], [ 36.6968526, 25.7987644 ], [ 36.6970486, 25.7988516 ], [ 36.6971958, 25.7991178 ], [ 36.6973535, 25.7993299 ], [ 36.6967382, 25.8001478 ], [ 36.6958822, 25.8008976 ], [ 36.6955881, 25.8014074 ], [ 36.6955732, 25.8021788 ], [ 36.6947012, 25.803194 ], [ 36.6942506, 25.8044729 ], [ 36.6933933, 25.8047166 ], [ 36.6929418, 25.8059955 ], [ 36.6923636, 25.8065009 ], [ 36.6917805, 25.8072633 ], [ 36.6917705, 25.8077776 ], [ 36.6914815, 25.8080301 ], [ 36.69133, 25.8085423 ], [ 36.6907618, 25.8085332 ], [ 36.6906093, 25.8090452 ], [ 36.6897371, 25.8100603 ], [ 36.6895806, 25.8108294 ], [ 36.6885658, 25.8118422 ], [ 36.6881302, 25.8123497 ], [ 36.6876885, 25.8131144 ], [ 36.6873993, 25.8133671 ], [ 36.6870778, 25.8138582 ], [ 36.6865033, 25.8144359 ], [ 36.6856348, 25.8164257 ], [ 36.6853457, 25.8166784 ], [ 36.6853307, 25.8174497 ], [ 36.6841442, 25.8200031 ], [ 36.6835609, 25.8207655 ], [ 36.6828312, 25.8217827 ], [ 36.6814107, 25.82176 ], [ 36.6815422, 25.8222765 ], [ 36.6819588, 25.8227976 ], [ 36.6808248, 25.8226506 ], [ 36.6796759, 25.8232758 ], [ 36.6795182, 25.8240448 ], [ 36.6787934, 25.824805 ], [ 36.6783566, 25.8253124 ], [ 36.6780675, 25.825565 ], [ 36.6769274, 25.8280306 ], [ 36.6772875, 25.8291537 ], [ 36.6770745, 25.8327515 ], [ 36.6772069, 25.833268 ], [ 36.6767501, 25.834804 ], [ 36.6764358, 25.8363423 ], [ 36.6761467, 25.836595 ], [ 36.6756859, 25.8383882 ], [ 36.6751175, 25.8383792 ], [ 36.6743663, 25.8404249 ], [ 36.6734988, 25.8411826 ], [ 36.6721703, 25.8437335 ], [ 36.6715993, 25.8438526 ], [ 36.6704475, 25.8446058 ], [ 36.6678698, 25.8455933 ], [ 36.6673015, 25.8455842 ], [ 36.6670198, 25.8454515 ], [ 36.6670098, 25.8459658 ], [ 36.6653098, 25.8456812 ], [ 36.6652998, 25.8461954 ], [ 36.6641656, 25.8460482 ], [ 36.6635921, 25.8462962 ], [ 36.6618845, 25.8463977 ], [ 36.6618694, 25.8471692 ], [ 36.6604536, 25.8468891 ], [ 36.6604434, 25.8474033 ], [ 36.6601618, 25.8472697 ], [ 36.6570308, 25.8474765 ], [ 36.6561489, 25.8477576 ], [ 36.6547422, 25.8482111 ], [ 36.6538896, 25.8481975 ], [ 36.6533111, 25.8487025 ], [ 36.6521771, 25.848556 ], [ 36.6524461, 25.8493321 ], [ 36.6510301, 25.849052 ], [ 36.65102, 25.8495663 ], [ 36.6487492, 25.8494003 ], [ 36.6467549, 25.8496252 ], [ 36.6461813, 25.8498732 ], [ 36.6450269, 25.8507553 ], [ 36.6450115, 25.8515266 ], [ 36.6444432, 25.8515173 ], [ 36.6448231, 25.8538386 ], [ 36.6453659, 25.8551334 ], [ 36.6456451, 25.8553952 ], [ 36.6457621, 25.8566832 ], [ 36.6463306, 25.8566923 ], [ 36.646736, 25.8577278 ], [ 36.6472941, 25.8582514 ], [ 36.6474266, 25.8587679 ], [ 36.6479949, 25.8587772 ], [ 36.6481265, 25.8592937 ], [ 36.6482665, 25.8594241 ], [ 36.649248, 25.8600835 ], [ 36.6492378, 25.8605978 ], [ 36.649791, 25.8613784 ], [ 36.6500548, 25.8624116 ], [ 36.6501949, 25.862542 ], [ 36.6507607, 25.8626802 ], [ 36.6508768, 25.8639682 ], [ 36.6511559, 25.86423 ], [ 36.6521004, 25.8668174 ], [ 36.6526689, 25.8668267 ], [ 36.6530743, 25.8678622 ], [ 36.6532143, 25.8679926 ], [ 36.6540645, 25.8681353 ], [ 36.654196, 25.8686519 ], [ 36.6543361, 25.8687824 ], [ 36.654907, 25.8686634 ], [ 36.6550386, 25.8691799 ], [ 36.6558809, 25.869708 ], [ 36.6560083, 25.8704817 ], [ 36.6571402, 25.8707573 ], [ 36.6575458, 25.8717927 ], [ 36.6582493, 25.8721896 ], [ 36.6586625, 25.8728397 ], [ 36.6593608, 25.8734935 ], [ 36.6599269, 25.8736316 ], [ 36.6603325, 25.8746672 ], [ 36.6606116, 25.8749289 ], [ 36.6607188, 25.8767312 ], [ 36.6615714, 25.8767448 ], [ 36.6618303, 25.8780351 ], [ 36.6623988, 25.8780444 ], [ 36.6623888, 25.8785587 ], [ 36.6629573, 25.8785677 ], [ 36.6629471, 25.879082 ], [ 36.6635131, 25.8792194 ], [ 36.6639314, 25.8796123 ], [ 36.6641954, 25.8806456 ], [ 36.6648989, 25.8810421 ], [ 36.6657416, 25.8815702 ], [ 36.666439, 25.8822249 ], [ 36.6671325, 25.8831359 ], [ 36.6676985, 25.883274 ], [ 36.6676883, 25.8837885 ], [ 36.6682544, 25.8839257 ], [ 36.669092, 25.8847108 ], [ 36.670224, 25.8849862 ], [ 36.6706424, 25.8853793 ], [ 36.6707749, 25.8858958 ], [ 36.6733307, 25.886065 ], [ 36.6738943, 25.8863313 ], [ 36.674732, 25.8871164 ], [ 36.6755823, 25.8872591 ], [ 36.6762623, 25.8888132 ], [ 36.6768208, 25.8893368 ], [ 36.6772275, 25.8903721 ], [ 36.6777961, 25.8903812 ], [ 36.6779276, 25.8908977 ], [ 36.6786263, 25.8915515 ], [ 36.6793288, 25.8919491 ], [ 36.6801567, 25.8932485 ], [ 36.6807101, 25.8940289 ], [ 36.6808427, 25.8945456 ], [ 36.6814112, 25.8945547 ], [ 36.6818121, 25.8958471 ], [ 36.6823706, 25.8963706 ], [ 36.6829242, 25.897151 ], [ 36.6836078, 25.8985762 ], [ 36.6841739, 25.8987144 ], [ 36.6843005, 25.8994881 ], [ 36.6848541, 25.9002685 ], [ 36.6853974, 25.9015634 ], [ 36.6856768, 25.9018251 ], [ 36.6860837, 25.9028605 ], [ 36.6866522, 25.9028695 ], [ 36.6867739, 25.9039004 ], [ 36.6875917, 25.905714 ], [ 36.6878711, 25.9059756 ], [ 36.6884146, 25.9072704 ], [ 36.688694, 25.9075322 ], [ 36.6897811, 25.9101217 ], [ 36.6900605, 25.9103834 ], [ 36.6903298, 25.9111593 ], [ 36.6906091, 25.911421 ], [ 36.6919656, 25.9147866 ], [ 36.6930329, 25.9184048 ], [ 36.6933122, 25.9186664 ], [ 36.6934199, 25.9204687 ], [ 36.6939886, 25.9204777 ], [ 36.6939635, 25.9217635 ], [ 36.6945322, 25.9217724 ], [ 36.694649, 25.9230604 ], [ 36.6949283, 25.9233222 ], [ 36.6957014, 25.9274499 ], [ 36.6959756, 25.9279687 ], [ 36.6972375, 25.9362201 ], [ 36.6975169, 25.9364817 ], [ 36.6981483, 25.9406074 ], [ 36.6987172, 25.9406164 ], [ 36.6990884, 25.9434518 ], [ 36.6998917, 25.9460368 ], [ 36.700171, 25.9462983 ], [ 36.7002837, 25.9478436 ], [ 36.7011394, 25.9477281 ], [ 36.7015532, 25.9483781 ], [ 36.7018176, 25.9494114 ], [ 36.7020971, 25.9496729 ], [ 36.7033893, 25.9563813 ], [ 36.70304, 25.9597196 ], [ 36.7024511, 25.9607393 ], [ 36.7024411, 25.9612535 ], [ 36.7021517, 25.961506 ], [ 36.701411, 25.9630377 ], [ 36.7002682, 25.9632768 ], [ 36.6999688, 25.9640437 ], [ 36.6994048, 25.9637774 ], [ 36.6994148, 25.9632632 ], [ 36.6991304, 25.9632586 ], [ 36.6989777, 25.9637706 ], [ 36.6989376, 25.9658279 ], [ 36.6992171, 25.9660895 ], [ 36.6994815, 25.9671226 ], [ 36.6997611, 25.9673843 ], [ 36.7001682, 25.9684197 ], [ 36.7013035, 25.9685658 ], [ 36.7017172, 25.9692159 ], [ 36.702701, 25.9698742 ], [ 36.7036787, 25.9707905 ], [ 36.7038113, 25.971307 ], [ 36.7046624, 25.9714486 ], [ 36.7050761, 25.9720987 ], [ 36.7057752, 25.9727525 ], [ 36.7063417, 25.9728905 ], [ 36.7064736, 25.973407 ], [ 36.7068934, 25.973799 ], [ 36.7074598, 25.9739371 ], [ 36.7075766, 25.975225 ], [ 36.7085653, 25.975626 ], [ 36.7087046, 25.9757574 ], [ 36.7088372, 25.9762739 ], [ 36.7094039, 25.976411 ], [ 36.7096834, 25.9766727 ], [ 36.7102498, 25.9768107 ], [ 36.7105044, 25.978358 ], [ 36.7110735, 25.9783671 ], [ 36.7114698, 25.9799167 ], [ 36.7121589, 25.988416 ], [ 36.7114604, 25.9950929 ], [ 36.7110141, 25.9961146 ], [ 36.7101604, 25.9961012 ], [ 36.710435, 25.99662 ], [ 36.709866, 25.9966109 ], [ 36.709851, 25.9973824 ], [ 36.7092819, 25.9973733 ], [ 36.7089824, 25.9981403 ], [ 36.7084133, 25.9981312 ], [ 36.7083933, 25.9991598 ], [ 36.709247, 25.9991734 ], [ 36.7089276, 26.0009689 ], [ 36.7083583, 26.0009598 ], [ 36.7082056, 26.0014718 ], [ 36.7073369, 26.0022297 ], [ 36.7067478, 26.0032493 ], [ 36.7067378, 26.0037636 ], [ 36.7064483, 26.0040161 ], [ 36.7061438, 26.0050403 ], [ 36.7062816, 26.0052996 ], [ 36.7054229, 26.0055432 ], [ 36.7052251, 26.0083695 ], [ 36.7057643, 26.0099214 ], [ 36.7057042, 26.0130072 ], [ 36.7055575, 26.0132622 ], [ 36.7049882, 26.0132531 ], [ 36.7053797, 26.0150598 ], [ 36.7059389, 26.0155831 ], [ 36.7062084, 26.0163591 ], [ 36.7067677, 26.0168825 ], [ 36.7068803, 26.0184275 ], [ 36.7074496, 26.0184366 ], [ 36.7075713, 26.0194674 ], [ 36.707851, 26.019729 ], [ 36.7079588, 26.0215313 ], [ 36.708528, 26.0215404 ], [ 36.708443, 26.0259118 ], [ 36.7075842, 26.0261554 ], [ 36.7074314, 26.0266674 ], [ 36.7071419, 26.0269201 ], [ 36.7069899, 26.0274321 ], [ 36.7061362, 26.0274185 ], [ 36.7058265, 26.0286997 ], [ 36.7063933, 26.0288369 ], [ 36.7065326, 26.0289681 ], [ 36.7065276, 26.0292253 ], [ 36.7062379, 26.029478 ], [ 36.7057866, 26.0307568 ], [ 36.7040712, 26.0311149 ], [ 36.6998019, 26.0310471 ], [ 36.6995148, 26.0311714 ], [ 36.699387, 26.0303979 ], [ 36.6998244, 26.0298904 ], [ 36.6992527, 26.0300095 ], [ 36.6986758, 26.0303865 ], [ 36.6982234, 26.0316653 ], [ 36.6977116, 26.0360301 ], [ 36.6965655, 26.0363971 ], [ 36.6962759, 26.0366498 ], [ 36.695704, 26.0367696 ], [ 36.6955511, 26.0372816 ], [ 36.6949669, 26.038044 ], [ 36.6945303, 26.0385515 ], [ 36.693961, 26.0385424 ], [ 36.693951, 26.0390567 ], [ 36.6933818, 26.0390476 ], [ 36.6933715, 26.0395619 ], [ 36.6916637, 26.0395345 ], [ 36.6916537, 26.0400488 ], [ 36.6907972, 26.0401633 ], [ 36.6899357, 26.0405358 ], [ 36.6899257, 26.0410501 ], [ 36.6893538, 26.0411692 ], [ 36.6890642, 26.0414217 ], [ 36.6884923, 26.0415415 ], [ 36.688289, 26.044625 ], [ 36.6884267, 26.0448843 ], [ 36.6870085, 26.0446044 ], [ 36.6869985, 26.0451187 ], [ 36.6855778, 26.0449669 ], [ 36.6838571, 26.0455829 ], [ 36.6838471, 26.0460971 ], [ 36.6829881, 26.0463406 ], [ 36.682835, 26.0468526 ], [ 36.6821037, 26.0478696 ], [ 36.6795316, 26.0483428 ], [ 36.6793786, 26.0488547 ], [ 36.6786471, 26.0498719 ], [ 36.6763598, 26.0503495 ], [ 36.6763496, 26.0508637 ], [ 36.6740748, 26.050698 ], [ 36.6735105, 26.0504317 ], [ 36.6726566, 26.0504181 ], [ 36.6717976, 26.0506613 ], [ 36.6712181, 26.0511665 ], [ 36.669505, 26.051396 ], [ 36.6686407, 26.0518964 ], [ 36.6680688, 26.0520162 ], [ 36.6680586, 26.0525305 ], [ 36.667202, 26.0526449 ], [ 36.6663328, 26.0534026 ], [ 36.6649095, 26.0533795 ], [ 36.6634759, 26.0538707 ], [ 36.6628964, 26.0543757 ], [ 36.6620372, 26.054619 ], [ 36.6589059, 26.0545683 ], [ 36.6568978, 26.0553073 ], [ 36.656608, 26.0555598 ], [ 36.6551769, 26.0559229 ], [ 36.6551667, 26.0564371 ], [ 36.6540204, 26.056804 ], [ 36.6537305, 26.0570565 ], [ 36.6522969, 26.0575475 ], [ 36.6520072, 26.0578 ], [ 36.6505734, 26.058291 ], [ 36.6480114, 26.0582495 ], [ 36.6474472, 26.057983 ], [ 36.6457339, 26.0582122 ], [ 36.6443003, 26.0587033 ], [ 36.6434463, 26.0586895 ], [ 36.6428872, 26.0581657 ], [ 36.6411739, 26.058395 ], [ 36.6374784, 26.0580775 ], [ 36.63576, 26.0585636 ], [ 36.6340545, 26.0584075 ], [ 36.6340647, 26.0578932 ], [ 36.6329286, 26.0577456 ], [ 36.6326413, 26.05787 ], [ 36.6326311, 26.0583842 ], [ 36.633485, 26.0583982 ], [ 36.6334748, 26.0589125 ], [ 36.6329053, 26.0589032 ], [ 36.6330163, 26.0604483 ], [ 36.6327264, 26.0607006 ], [ 36.6325742, 26.0612126 ], [ 36.6311431, 26.0615745 ], [ 36.6308532, 26.0618269 ], [ 36.6262956, 26.0618811 ], [ 36.6262852, 26.0623954 ], [ 36.6222998, 26.0623298 ], [ 36.6221673, 26.0618131 ], [ 36.6214716, 26.06103 ], [ 36.6206124, 26.0612731 ], [ 36.6206228, 26.0607588 ], [ 36.620056, 26.0606205 ], [ 36.6197766, 26.0603587 ], [ 36.6192072, 26.0603493 ], [ 36.6180866, 26.0594309 ], [ 36.618244, 26.0586619 ], [ 36.6176905, 26.0578811 ], [ 36.6176956, 26.0576241 ], [ 36.6179855, 26.0573716 ], [ 36.6179959, 26.0568573 ], [ 36.6178592, 26.0565978 ], [ 36.617572, 26.0567212 ], [ 36.6152947, 26.0566836 ], [ 36.6150152, 26.0564218 ], [ 36.6141613, 26.0564077 ], [ 36.6133125, 26.0561364 ], [ 36.6124557, 26.0562514 ], [ 36.6127143, 26.0575417 ], [ 36.6138506, 26.0576887 ], [ 36.6142692, 26.0580818 ], [ 36.6142588, 26.0585961 ], [ 36.6139636, 26.0591056 ], [ 36.6139532, 26.0596199 ], [ 36.6142327, 26.0598817 ], [ 36.6144705, 26.0622005 ], [ 36.6143234, 26.0624553 ], [ 36.6120433, 26.0625458 ], [ 36.6100585, 26.0621276 ], [ 36.6100689, 26.0616133 ], [ 36.6075172, 26.0610565 ], [ 36.6074109, 26.0592544 ], [ 36.6077009, 26.0590019 ], [ 36.6077113, 26.0584876 ], [ 36.6072953, 26.0579663 ], [ 36.6064385, 26.0580803 ], [ 36.6061592, 26.0578185 ], [ 36.6050205, 26.0577996 ], [ 36.604156, 26.0582997 ], [ 36.6035867, 26.0582903 ], [ 36.6033045, 26.0581574 ], [ 36.6033151, 26.0576432 ], [ 36.6018971, 26.0573623 ], [ 36.6019127, 26.056591 ], [ 36.599617, 26.0574526 ], [ 36.5990398, 26.0578293 ], [ 36.5991292, 26.0604029 ], [ 36.5986661, 26.0621956 ], [ 36.5975325, 26.0619195 ], [ 36.5975431, 26.0614052 ], [ 36.5972584, 26.0614005 ], [ 36.5972478, 26.0619147 ], [ 36.5966786, 26.0619053 ], [ 36.596689, 26.061391 ], [ 36.5961197, 26.0613816 ], [ 36.5961354, 26.0606103 ], [ 36.5972741, 26.0606292 ], [ 36.5972635, 26.0611434 ], [ 36.597833, 26.0611529 ], [ 36.5973004, 26.0593436 ], [ 36.5964489, 26.0592003 ], [ 36.5961696, 26.0589386 ], [ 36.5950388, 26.0585343 ], [ 36.5953338, 26.0580247 ], [ 36.5909644, 26.0579638 ], [ 36.5899146, 26.0584489 ], [ 36.5885231, 26.0581947 ], [ 36.5879247, 26.0582865 ], [ 36.5874167, 26.0586299 ], [ 36.5867729, 26.0589108 ], [ 36.5844877, 26.0592578 ], [ 36.5824792, 26.0599958 ], [ 36.5821891, 26.0602481 ], [ 36.581052, 26.0603395 ], [ 36.5804732, 26.0606057 ], [ 36.5788838, 26.0608317 ], [ 36.578188, 26.0609527 ], [ 36.5773394, 26.0613307 ], [ 36.5769556, 26.0613717 ], [ 36.5764218, 26.0615871 ], [ 36.5754257, 26.0618435 ], [ 36.5745245, 26.062055 ], [ 36.5741731, 26.062269 ], [ 36.5739404, 26.0622402 ], [ 36.573115, 26.0626506 ], [ 36.572096, 26.0631221 ], [ 36.5715155, 26.0634607 ], [ 36.5715939, 26.0639579 ], [ 36.5715739, 26.0642017 ], [ 36.5716886, 26.0643652 ], [ 36.5720704, 26.0645277 ], [ 36.5722799, 26.0647623 ], [ 36.5725847, 26.0649654 ], [ 36.5726645, 26.0651542 ], [ 36.572874, 26.0652703 ], [ 36.5729315, 26.0654095 ], [ 36.5730464, 26.0655352 ], [ 36.5733103, 26.0656441 ], [ 36.5736031, 26.0655255 ], [ 36.5740078, 26.0655565 ], [ 36.5741111, 26.0656209 ], [ 36.5743435, 26.0655592 ], [ 36.5744613, 26.0654146 ], [ 36.5747311, 26.0656751 ], [ 36.574978, 26.0659509 ], [ 36.5751982, 26.0663006 ], [ 36.5753482, 26.0668198 ], [ 36.5754286, 26.0674644 ], [ 36.575397, 26.0674979 ], [ 36.5754424, 26.0675355 ], [ 36.5755463, 26.0674644 ], [ 36.5756927, 26.0674206 ], [ 36.5759998, 26.0675057 ], [ 36.5761634, 26.0674954 ], [ 36.5765681, 26.0673149 ], [ 36.5769154, 26.0672401 ], [ 36.5770779, 26.0672534 ], [ 36.5772506, 26.0673735 ], [ 36.5775385, 26.067744 ], [ 36.5778011, 26.0683323 ], [ 36.5779539, 26.0688556 ], [ 36.578121, 26.0693182 ], [ 36.5782386, 26.0700453 ], [ 36.5781623, 26.0707061 ], [ 36.5777241, 26.0714392 ], [ 36.5773144, 26.0719816 ], [ 36.5768104, 26.0724797 ], [ 36.5764964, 26.0726788 ], [ 36.5762275, 26.0727419 ], [ 36.5759051, 26.0727086 ], [ 36.57573, 26.0726648 ], [ 36.5755162, 26.0725104 ], [ 36.5753704, 26.0724727 ], [ 36.5751972, 26.0723883 ], [ 36.5749521, 26.0722292 ], [ 36.5747943, 26.0720486 ], [ 36.5747849, 26.0719948 ], [ 36.5747973, 26.0719147 ], [ 36.5745343, 26.0718183 ], [ 36.574484, 26.0718965 ], [ 36.5743842, 26.0719005 ], [ 36.5743768, 26.0719868 ], [ 36.5742222, 26.0720227 ], [ 36.574153, 26.0719209 ], [ 36.5740231, 26.0718227 ], [ 36.5738763, 26.071735 ], [ 36.5738469, 26.0716882 ], [ 36.5738513, 26.0716275 ], [ 36.5740494, 26.0714107 ], [ 36.5740509, 26.0713902 ], [ 36.5740424, 26.0713695 ], [ 36.5740238, 26.0713572 ], [ 36.57399, 26.071355 ], [ 36.5739254, 26.0713775 ], [ 36.5738182, 26.0713906 ], [ 36.5737008, 26.0713814 ], [ 36.5736054, 26.0713735 ], [ 36.5735511, 26.071355 ], [ 36.5735026, 26.0713274 ], [ 36.5734865, 26.0712891 ], [ 36.5734997, 26.0712496 ], [ 36.573521, 26.0712149 ], [ 36.5735236, 26.0711885 ], [ 36.5735085, 26.0711678 ], [ 36.5734704, 26.0711678 ], [ 36.5734351, 26.0712021 ], [ 36.5733206, 26.0711902 ], [ 36.573212, 26.0711348 ], [ 36.573165, 26.0710953 ], [ 36.5731357, 26.0710478 ], [ 36.5730256, 26.0709766 ], [ 36.5729419, 26.070999 ], [ 36.5729096, 26.0709858 ], [ 36.5729052, 26.0709568 ], [ 36.5729272, 26.070916 ], [ 36.5729243, 26.0708711 ], [ 36.5729107, 26.0708396 ], [ 36.5728484, 26.0708302 ], [ 36.5727841, 26.0708452 ], [ 36.5726948, 26.070888 ], [ 36.5726454, 26.0708988 ], [ 36.5725724, 26.0708894 ], [ 36.5722153, 26.070778 ], [ 36.572016, 26.0706755 ], [ 36.5719454, 26.0706121 ], [ 36.5719184, 26.0705543 ], [ 36.5719786, 26.070489 ], [ 36.5720014, 26.0704517 ], [ 36.571989, 26.0704219 ], [ 36.5719599, 26.0704014 ], [ 36.5719122, 26.0704014 ], [ 36.5717855, 26.0705431 ], [ 36.5715281, 26.0703697 ], [ 36.5715427, 26.0703435 ], [ 36.5714617, 26.0702881 ], [ 36.5716992, 26.0699943 ], [ 36.5717368, 26.0700261 ], [ 36.5717482, 26.0700713 ], [ 36.5718089, 26.0700959 ], [ 36.5719247, 26.0700942 ], [ 36.5720056, 26.0700732 ], [ 36.5720688, 26.070043 ], [ 36.5721033, 26.0699835 ], [ 36.5720928, 26.0699147 ], [ 36.5720456, 26.0698691 ], [ 36.5714628, 26.0694566 ], [ 36.5700473, 26.0690465 ], [ 36.5674906, 26.0687462 ], [ 36.5664528, 26.0684208 ], [ 36.5661005, 26.0681255 ], [ 36.5660154, 26.0677868 ], [ 36.5655016, 26.067809 ], [ 36.5649442, 26.0679316 ], [ 36.5644338, 26.0683511 ], [ 36.5640416, 26.0686764 ], [ 36.5634272, 26.0693442 ], [ 36.5626215, 26.070079 ], [ 36.5620415, 26.0705836 ], [ 36.5607873, 26.0715118 ], [ 36.5593831, 26.0721537 ], [ 36.5584334, 26.0732044 ], [ 36.558129, 26.0732965 ], [ 36.5578417, 26.0736244 ], [ 36.5574339, 26.0749714 ], [ 36.5566567, 26.076151 ], [ 36.5560199, 26.0766054 ], [ 36.5551245, 26.0776502 ], [ 36.5541972, 26.078038 ], [ 36.5536197, 26.0784144 ], [ 36.5524855, 26.0792354 ], [ 36.5518206, 26.0798437 ], [ 36.5513072, 26.0800465 ], [ 36.5505628, 26.0804773 ], [ 36.5497656, 26.0807295 ], [ 36.5484361, 26.0811557 ], [ 36.5482825, 26.0816675 ], [ 36.5479924, 26.0819196 ], [ 36.5476049, 26.0823999 ], [ 36.5474204, 26.0826027 ], [ 36.5471772, 26.0828445 ], [ 36.5464352, 26.083203 ], [ 36.5458281, 26.0832971 ], [ 36.5446095, 26.0831845 ], [ 36.5416719, 26.0839473 ], [ 36.5409636, 26.0843721 ], [ 36.5403915, 26.0844904 ], [ 36.5395238, 26.085119 ], [ 36.5393704, 26.0856308 ], [ 36.538933, 26.0861377 ], [ 36.5380735, 26.0863804 ], [ 36.5380627, 26.0868945 ], [ 36.5363409, 26.0875076 ], [ 36.5360508, 26.0877599 ], [ 36.5351912, 26.0880024 ], [ 36.5349011, 26.0882547 ], [ 36.5334666, 26.0887446 ], [ 36.5331765, 26.0889967 ], [ 36.5326044, 26.089116 ], [ 36.5325936, 26.0896303 ], [ 36.5320213, 26.0897486 ], [ 36.5317312, 26.0900009 ], [ 36.5302969, 26.0904908 ], [ 36.5291417, 26.0912424 ], [ 36.5276909, 26.0925036 ], [ 36.5268368, 26.0924891 ], [ 36.5253995, 26.0931079 ], [ 36.5250824, 26.0946456 ], [ 36.5245101, 26.0947639 ], [ 36.5239298, 26.0952683 ], [ 36.521652, 26.0952292 ], [ 36.5207896, 26.0956006 ], [ 36.520625, 26.0966265 ], [ 36.5194643, 26.0976354 ], [ 36.5191578, 26.0986588 ], [ 36.5184248, 26.0996751 ], [ 36.5172776, 26.1000408 ], [ 36.5169875, 26.1002929 ], [ 36.5164152, 26.100412 ], [ 36.5164044, 26.1009262 ], [ 36.5155501, 26.1009115 ], [ 36.5155392, 26.1014258 ], [ 36.5149697, 26.1014159 ], [ 36.5147941, 26.1029561 ], [ 36.5144931, 26.1037225 ], [ 36.5140555, 26.1042294 ], [ 36.513196, 26.1044717 ], [ 36.5134209, 26.1073048 ], [ 36.5128486, 26.1074231 ], [ 36.5119779, 26.1081797 ], [ 36.5102638, 26.1084072 ], [ 36.5088291, 26.1088967 ], [ 36.5082513, 26.109273 ], [ 36.5075061, 26.1108034 ], [ 36.5066299, 26.111817 ], [ 36.5060278, 26.1133498 ], [ 36.5060168, 26.113864 ], [ 36.5052835, 26.1148801 ], [ 36.5047138, 26.1148701 ], [ 36.5045602, 26.1153819 ], [ 36.5038267, 26.116398 ], [ 36.5021043, 26.1170107 ], [ 36.4975477, 26.1169317 ], [ 36.4972657, 26.1167986 ], [ 36.4972767, 26.1162844 ], [ 36.496989, 26.1164076 ], [ 36.4964196, 26.1163976 ], [ 36.4961321, 26.1165218 ], [ 36.4962464, 26.1178096 ], [ 36.4954857, 26.1201112 ], [ 36.4949161, 26.1201012 ], [ 36.495047, 26.120618 ], [ 36.4947567, 26.1208701 ], [ 36.4946038, 26.1213819 ], [ 36.4940342, 26.1213719 ], [ 36.4940232, 26.1218861 ], [ 36.4934536, 26.1218761 ], [ 36.493004, 26.1228971 ], [ 36.4927193, 26.1295792 ], [ 36.4921497, 26.1295694 ], [ 36.4918429, 26.1305928 ], [ 36.4912733, 26.1305828 ], [ 36.4911194, 26.1310946 ], [ 36.4908289, 26.1313467 ], [ 36.4902264, 26.1328793 ], [ 36.4896458, 26.1333836 ], [ 36.4887528, 26.1351685 ], [ 36.4884625, 26.1354206 ], [ 36.488161, 26.1361868 ], [ 36.4878707, 26.136439 ], [ 36.4875749, 26.1369483 ], [ 36.4875638, 26.1374624 ], [ 36.4866929, 26.1382188 ], [ 36.4862385, 26.1394968 ], [ 36.4856689, 26.139487 ], [ 36.4855093, 26.1402556 ], [ 36.485219, 26.1405077 ], [ 36.4849066, 26.1417884 ], [ 36.4843203, 26.1425497 ], [ 36.4842487, 26.145892 ], [ 36.4847908, 26.1471874 ], [ 36.4857704, 26.1546631 ], [ 36.4850849, 26.1600522 ], [ 36.4850297, 26.1626232 ], [ 36.4847282, 26.1633894 ], [ 36.4849193, 26.167765 ], [ 36.4846288, 26.1680173 ], [ 36.4844759, 26.1685289 ], [ 36.4839061, 26.1685189 ], [ 36.4838949, 26.1690331 ], [ 36.4833253, 26.1690231 ], [ 36.4835177, 26.1711787 ], [ 36.4833086, 26.1715972 ], [ 36.4833104, 26.1727164 ], [ 36.4830939, 26.1731343 ], [ 36.4829184, 26.1731274 ], [ 36.4827758, 26.1746718 ], [ 36.4824696, 26.1749933 ], [ 36.4820659, 26.1751324 ], [ 36.481717, 26.1758871 ], [ 36.481392, 26.1764274 ], [ 36.4807095, 26.1779791 ], [ 36.4801285, 26.1784833 ], [ 36.4795254, 26.1800159 ], [ 36.4792349, 26.1802679 ], [ 36.478728, 26.1813083 ], [ 36.4781994, 26.1820501 ], [ 36.4763822, 26.1814687 ], [ 36.4761729, 26.1818109 ], [ 36.4766431, 26.18232 ], [ 36.4767109, 26.1825552 ], [ 36.4766391, 26.1828523 ], [ 36.4764823, 26.1832138 ], [ 36.476422, 26.1832094 ], [ 36.4764016, 26.18313 ], [ 36.4760249, 26.183059 ], [ 36.4760916, 26.1827988 ], [ 36.4762107, 26.1826376 ], [ 36.4763773, 26.1825143 ], [ 36.4763601, 26.182364 ], [ 36.4762185, 26.1823523 ], [ 36.4759996, 26.1825406 ], [ 36.475855, 26.1827568 ], [ 36.4757662, 26.1830543 ], [ 36.4756099, 26.1831616 ], [ 36.4752533, 26.1836372 ], [ 36.4746371, 26.1847407 ], [ 36.4745379, 26.1856542 ], [ 36.4747108, 26.1871626 ], [ 36.4745564, 26.187791 ], [ 36.4742191, 26.1881529 ], [ 36.4739286, 26.1884051 ], [ 36.4736048, 26.1901996 ], [ 36.4730181, 26.1909609 ], [ 36.4730015, 26.1917322 ], [ 36.472711, 26.1919842 ], [ 36.4726889, 26.1930127 ], [ 36.4724627, 26.1941527 ], [ 36.4720459, 26.1945821 ], [ 36.471739, 26.1955383 ], [ 36.4699796, 26.1996519 ], [ 36.4696891, 26.199904 ], [ 36.4693818, 26.2009273 ], [ 36.4688006, 26.2014315 ], [ 36.4681807, 26.2037352 ], [ 36.4673034, 26.2047487 ], [ 36.4667055, 26.206024 ], [ 36.4666889, 26.2067953 ], [ 36.4663871, 26.2075615 ], [ 36.4663705, 26.2083329 ], [ 36.4660743, 26.208842 ], [ 36.4657447, 26.2108936 ], [ 36.4654542, 26.2111457 ], [ 36.4653011, 26.2116574 ], [ 36.4647311, 26.2116473 ], [ 36.4645377, 26.2139586 ], [ 36.4642472, 26.2142108 ], [ 36.4636381, 26.2160002 ], [ 36.4630569, 26.2165043 ], [ 36.4615816, 26.2187931 ], [ 36.4609714, 26.2192718 ], [ 36.460303, 26.2200854 ], [ 36.4595305, 26.2213287 ], [ 36.4595012, 26.2219078 ], [ 36.4598671, 26.2224073 ], [ 36.4612723, 26.2228387 ], [ 36.4619526, 26.2228435 ], [ 36.4626864, 26.2233154 ], [ 36.4630839, 26.223507 ], [ 36.4632324, 26.2235144 ], [ 36.4632865, 26.2235605 ], [ 36.4633221, 26.2236453 ], [ 36.4633669, 26.2238683 ], [ 36.463347, 26.2240304 ], [ 36.4633749, 26.2241275 ], [ 36.4634107, 26.2242518 ], [ 36.4634145, 26.2242652 ], [ 36.4634775, 26.2242983 ], [ 36.463546, 26.2245406 ], [ 36.4635926, 26.224733 ], [ 36.4636455, 26.2248051 ], [ 36.4637673, 26.2248662 ], [ 36.4638437, 26.2249769 ], [ 36.4638153, 26.2250655 ], [ 36.4638418, 26.2252017 ], [ 36.4639605, 26.225585 ], [ 36.4639715, 26.225808 ], [ 36.4638946, 26.2265872 ], [ 36.46381, 26.2270008 ], [ 36.4636728, 26.2272559 ], [ 36.4634191, 26.227521 ], [ 36.4631659, 26.227684 ], [ 36.4627894, 26.2278441 ], [ 36.4624418, 26.2280094 ], [ 36.4619931, 26.2282696 ], [ 36.4618424, 26.2283194 ], [ 36.4616613, 26.2283379 ], [ 36.4614685, 26.228336 ], [ 36.461357, 26.2283078 ], [ 36.4611479, 26.2282812 ], [ 36.4609707, 26.228222 ], [ 36.4608461, 26.2281447 ], [ 36.4608058, 26.2280907 ], [ 36.4607955, 26.2280168 ], [ 36.4607377, 26.2279743 ], [ 36.4606615, 26.2279761 ], [ 36.4605572, 26.2280006 ], [ 36.4605131, 26.2279798 ], [ 36.4604947, 26.2279454 ], [ 36.4604937, 26.2279114 ], [ 36.460612, 26.2278245 ], [ 36.4607307, 26.2277173 ], [ 36.4607339, 26.2276626 ], [ 36.4607248, 26.2276187 ], [ 36.4606577, 26.2275125 ], [ 36.4604568, 26.2274004 ], [ 36.4603828, 26.2273328 ], [ 36.460351, 26.2272481 ], [ 36.4603165, 26.2272207 ], [ 36.4602502, 26.2272041 ], [ 36.4601155, 26.2272148 ], [ 36.4600101, 26.2271727 ], [ 36.4599452, 26.227132 ], [ 36.4598907, 26.2270729 ], [ 36.4598857, 26.226998 ], [ 36.4598831, 26.2269256 ], [ 36.4599196, 26.2268556 ], [ 36.4599196, 26.2268103 ], [ 36.4598977, 26.2267763 ], [ 36.4593775, 26.2261724 ], [ 36.4593395, 26.2261354 ], [ 36.4593133, 26.2260674 ], [ 36.4593279, 26.2258452 ], [ 36.4590918, 26.2256334 ], [ 36.4591209, 26.2255039 ], [ 36.4590757, 26.2254699 ], [ 36.4590626, 26.225398 ], [ 36.4590131, 26.2253196 ], [ 36.4589416, 26.2252647 ], [ 36.4588615, 26.2252398 ], [ 36.4587405, 26.2252338 ], [ 36.4584468, 26.2252954 ], [ 36.4577174, 26.2254529 ], [ 36.4572699, 26.2254739 ], [ 36.4569668, 26.2254372 ], [ 36.4566739, 26.2253711 ], [ 36.4565208, 26.2253797 ], [ 36.456413, 26.2254163 ], [ 36.4562767, 26.2255591 ], [ 36.4560034, 26.2259942 ], [ 36.4558038, 26.2266671 ], [ 36.4554365, 26.2276154 ], [ 36.4551577, 26.2281237 ], [ 36.4550123, 26.2282181 ], [ 36.4548578, 26.2284644 ], [ 36.4546102, 26.2291586 ], [ 36.4542925, 26.2294567 ], [ 36.453966, 26.2306334 ], [ 36.45349, 26.2319279 ], [ 36.4531322, 26.2325319 ], [ 36.4527018, 26.2327473 ], [ 36.4525778, 26.232907 ], [ 36.4522492, 26.2330755 ], [ 36.4518856, 26.2330399 ], [ 36.4520947, 26.2332638 ], [ 36.4519139, 26.2337396 ], [ 36.4518337, 26.2343088 ], [ 36.4517799, 26.234524 ], [ 36.4516603, 26.2346992 ], [ 36.4515233, 26.2347123 ], [ 36.4513718, 26.2346103 ], [ 36.4512323, 26.2346672 ], [ 36.4512493, 26.2348012 ], [ 36.4508296, 26.2356013 ], [ 36.450608, 26.2361735 ], [ 36.450404, 26.2372092 ], [ 36.4502554, 26.237455 ], [ 36.4496403, 26.23734 ], [ 36.4496031, 26.2374417 ], [ 36.4501009, 26.2375805 ], [ 36.4501242, 26.2377374 ], [ 36.4502015, 26.2378593 ], [ 36.450095, 26.2381845 ], [ 36.4499195, 26.2384526 ], [ 36.4495033, 26.2396382 ], [ 36.4492963, 26.2400853 ], [ 36.4489011, 26.2413284 ], [ 36.4487037, 26.2417372 ], [ 36.4485446, 26.2421471 ], [ 36.4482047, 26.2425683 ], [ 36.4479312, 26.2432412 ], [ 36.4475387, 26.2442684 ], [ 36.447287, 26.2444275 ], [ 36.446746, 26.2452774 ], [ 36.4465573, 26.2456159 ], [ 36.446444, 26.2460436 ], [ 36.4461252, 26.2464649 ], [ 36.4458888, 26.2471077 ], [ 36.4453233, 26.247505 ], [ 36.4449352, 26.2481638 ], [ 36.4445439, 26.2482845 ], [ 36.4441982, 26.2485795 ], [ 36.4439446, 26.2489142 ], [ 36.4438455, 26.2491442 ], [ 36.4438659, 26.2493665 ], [ 36.4437609, 26.2493926 ], [ 36.4436335, 26.2497131 ], [ 36.4428636, 26.2499304 ], [ 36.4427854, 26.2499633 ], [ 36.4426833, 26.2500877 ], [ 36.442669, 26.2501349 ], [ 36.4426961, 26.2501779 ], [ 36.4427312, 26.2502022 ], [ 36.4427838, 26.250195 ], [ 36.4428301, 26.2501607 ], [ 36.4428731, 26.250092 ], [ 36.4430419, 26.2501436 ], [ 36.4434598, 26.2504119 ], [ 36.4433273, 26.2506679 ], [ 36.4432906, 26.250855 ], [ 36.443259, 26.2509349 ], [ 36.4431795, 26.2509056 ], [ 36.4431643, 26.250938 ], [ 36.4434485, 26.2510513 ], [ 36.4434191, 26.251116 ], [ 36.4431327, 26.2510128 ], [ 36.4431182, 26.2510497 ], [ 36.443188, 26.2510758 ], [ 36.4431778, 26.2510987 ], [ 36.4432051, 26.2511081 ], [ 36.4431591, 26.2512027 ], [ 36.4427988, 26.2510675 ], [ 36.4427785, 26.2511079 ], [ 36.4431124, 26.2512374 ], [ 36.4430785, 26.2513163 ], [ 36.4433154, 26.2514013 ], [ 36.4432932, 26.2514447 ], [ 36.443056, 26.2513628 ], [ 36.4426826, 26.2521664 ], [ 36.4421424, 26.2519637 ], [ 36.4420634, 26.2519476 ], [ 36.442016, 26.2519597 ], [ 36.4420002, 26.2519799 ], [ 36.4418513, 26.2519273 ], [ 36.4418536, 26.2518848 ], [ 36.4417521, 26.2518464 ], [ 36.441798, 26.2516988 ], [ 36.4421548, 26.2508965 ], [ 36.4422687, 26.2507559 ], [ 36.442298, 26.2507761 ], [ 36.4423285, 26.2507346 ], [ 36.4423285, 26.2506841 ], [ 36.4423082, 26.2506598 ], [ 36.4422642, 26.2506466 ], [ 36.4422213, 26.2506547 ], [ 36.4421818, 26.2506861 ], [ 36.4420611, 26.2508601 ], [ 36.4419641, 26.251029 ], [ 36.441518, 26.2519339 ], [ 36.4414931, 26.2520278 ], [ 36.4415077, 26.2521376 ], [ 36.4415981, 26.25225 ], [ 36.4416389, 26.2523284 ], [ 36.4416243, 26.2524199 ], [ 36.441451, 26.2526416 ], [ 36.441169, 26.2531838 ], [ 36.4409597, 26.253612 ], [ 36.4407909, 26.2540476 ], [ 36.4406835, 26.2540763 ], [ 36.440382, 26.2542978 ], [ 36.4398958, 26.2549688 ], [ 36.4394993, 26.2546629 ], [ 36.4393652, 26.2546917 ], [ 36.4390854, 26.2548303 ], [ 36.4389105, 26.2548564 ], [ 36.4387884, 26.254907 ], [ 36.4388959, 26.2552485 ], [ 36.4391081, 26.2554288 ], [ 36.4392865, 26.2555779 ], [ 36.4392428, 26.2557766 ], [ 36.4391813, 26.2559875 ], [ 36.4390043, 26.2562708 ], [ 36.4385041, 26.2569612 ], [ 36.4377709, 26.2580925 ], [ 36.4373297, 26.2584833 ], [ 36.4369232, 26.2591985 ], [ 36.4366317, 26.2593658 ], [ 36.4363927, 26.2592089 ], [ 36.4360604, 26.2593031 ], [ 36.4358724, 26.2594049 ], [ 36.4357919, 26.2595516 ], [ 36.4358447, 26.2597161 ], [ 36.4359787, 26.2598363 ], [ 36.4361962, 26.2599584 ], [ 36.4361944, 26.2601343 ], [ 36.4359963, 26.2604866 ], [ 36.4352949, 26.2610123 ], [ 36.4351334, 26.2608976 ], [ 36.4349168, 26.2608251 ], [ 36.4347603, 26.2608454 ], [ 36.4345155, 26.2609865 ], [ 36.4344429, 26.2610799 ], [ 36.4344372, 26.2611801 ], [ 36.4348092, 26.261483 ], [ 36.4347253, 26.2618962 ], [ 36.4341253, 26.2626971 ], [ 36.4337362, 26.2633327 ], [ 36.4334608, 26.2635412 ], [ 36.4332694, 26.2634256 ], [ 36.4330463, 26.2633182 ], [ 36.4329006, 26.2633287 ], [ 36.4327782, 26.2634385 ], [ 36.4327607, 26.2635849 ], [ 36.43278, 26.2635881 ], [ 36.4325127, 26.2638516 ], [ 36.4327201, 26.2641193 ], [ 36.4322713, 26.2644246 ], [ 36.4321263, 26.2643943 ], [ 36.4318337, 26.2643847 ], [ 36.4314839, 26.264275 ], [ 36.4313557, 26.264322 ], [ 36.4313091, 26.2645102 ], [ 36.4312761, 26.2645775 ], [ 36.4313437, 26.26469 ], [ 36.4311283, 26.2652317 ], [ 36.4308026, 26.265478 ], [ 36.4303153, 26.2655222 ], [ 36.4298377, 26.2656568 ], [ 36.4294252, 26.2658718 ], [ 36.428859, 26.2664207 ], [ 36.4288151, 26.2666407 ], [ 36.4288976, 26.2668033 ], [ 36.428708, 26.2670695 ], [ 36.4285835, 26.267071 ], [ 36.4283542, 26.2673159 ], [ 36.4280868, 26.267691 ], [ 36.4276997, 26.2683411 ], [ 36.427703, 26.2684528 ], [ 36.4275003, 26.2687622 ], [ 36.4273537, 26.2687661 ], [ 36.4272674, 26.2685959 ], [ 36.4270855, 26.2686336 ], [ 36.426151, 26.2694902 ], [ 36.4253223, 26.2702082 ], [ 36.4251993, 26.2706622 ], [ 36.4244857, 26.2710423 ], [ 36.4243262, 26.2711405 ], [ 36.4242443, 26.2712604 ], [ 36.4242702, 26.271446 ], [ 36.4241183, 26.2716154 ], [ 36.4238864, 26.2716201 ], [ 36.4237009, 26.271709 ], [ 36.4236104, 26.2718289 ], [ 36.4235845, 26.271999 ], [ 36.4236449, 26.2721614 ], [ 36.4234223, 26.2724608 ], [ 36.4233211, 26.2725007 ], [ 36.4231002, 26.2724827 ], [ 36.422894, 26.2727187 ], [ 36.4224537, 26.2733906 ], [ 36.4221628, 26.2736426 ], [ 36.4215036, 26.2749216 ], [ 36.4214799, 26.2750269 ], [ 36.4216913, 26.2756611 ], [ 36.4218465, 26.2765234 ], [ 36.421812, 26.2768212 ], [ 36.4215804, 26.2774885 ], [ 36.4214003, 26.2778559 ], [ 36.4212049, 26.2782547 ], [ 36.4208646, 26.2785843 ], [ 36.4204226, 26.2788076 ], [ 36.4199905, 26.2789278 ], [ 36.4195808, 26.2790348 ], [ 36.4191993, 26.2790539 ], [ 36.4188082, 26.2789659 ], [ 36.4186627, 26.2786825 ], [ 36.4186255, 26.2785796 ], [ 36.4185525, 26.2785037 ], [ 36.4189352, 26.2782107 ], [ 36.4189861, 26.2782217 ], [ 36.4190284, 26.2782074 ], [ 36.4190801, 26.2781666 ], [ 36.4190876, 26.2781291 ], [ 36.4189892, 26.2780516 ], [ 36.4190056, 26.2780275 ], [ 36.4189952, 26.2779955 ], [ 36.4189654, 26.2779741 ], [ 36.4189251, 26.2779794 ], [ 36.4188878, 26.2780088 ], [ 36.4188685, 26.2780543 ], [ 36.418864, 26.2780904 ], [ 36.4188856, 26.2781355 ], [ 36.4185644, 26.2783657 ], [ 36.4184019, 26.2782628 ], [ 36.4183572, 26.2781839 ], [ 36.4182945, 26.2781158 ], [ 36.4183482, 26.2780182 ], [ 36.4184585, 26.2778845 ], [ 36.4185539, 26.2778164 ], [ 36.4186508, 26.2777027 ], [ 36.4187388, 26.2775798 ], [ 36.4187209, 26.2775303 ], [ 36.4186806, 26.2775303 ], [ 36.4186314, 26.277549 ], [ 36.4183572, 26.2778043 ], [ 36.418065, 26.2780182 ], [ 36.4178429, 26.2781358 ], [ 36.4175165, 26.2784539 ], [ 36.4169496, 26.278764 ], [ 36.4168119, 26.2788974 ], [ 36.4166399, 26.2792011 ], [ 36.4164476, 26.2796409 ], [ 36.4163984, 26.2796823 ], [ 36.4162269, 26.2797157 ], [ 36.4161942, 26.279681 ], [ 36.4160787, 26.2796848 ], [ 36.4159542, 26.2797892 ], [ 36.415826, 26.2799967 ], [ 36.4156014, 26.2804707 ], [ 36.4152487, 26.2811663 ], [ 36.415094, 26.2814092 ], [ 36.4149002, 26.2815282 ], [ 36.4147318, 26.2816886 ], [ 36.4145606, 26.2819928 ], [ 36.4141473, 26.282657 ], [ 36.4135888, 26.2835578 ], [ 36.4133723, 26.2836239 ], [ 36.4128261, 26.284149 ], [ 36.4126506, 26.2842702 ], [ 36.4121622, 26.2848821 ], [ 36.4119199, 26.2852886 ], [ 36.4116147, 26.285868 ], [ 36.411245, 26.2865644 ], [ 36.411169, 26.2865604 ], [ 36.4110954, 26.2865744 ], [ 36.4108083, 26.2869961 ], [ 36.4105951, 26.287095 ], [ 36.4103232, 26.2873582 ], [ 36.4100674, 26.2878568 ], [ 36.4099573, 26.2879502 ], [ 36.40972, 26.2884044 ], [ 36.4094818, 26.2890319 ], [ 36.409311, 26.2890187 ], [ 36.4092204, 26.2890414 ], [ 36.4090391, 26.28934 ], [ 36.4088493, 26.290321 ], [ 36.4085406, 26.2905038 ], [ 36.4084226, 26.2907728 ], [ 36.4081962, 26.2917537 ], [ 36.4080275, 26.2918028 ], [ 36.4078293, 26.291954 ], [ 36.4074588, 26.2932546 ], [ 36.407101, 26.2935379 ], [ 36.4068659, 26.2944556 ], [ 36.4064033, 26.294714 ], [ 36.4061481, 26.2953771 ], [ 36.4059817, 26.2957257 ], [ 36.4055555, 26.2968773 ], [ 36.4053769, 26.2972577 ], [ 36.4041445, 26.3013503 ], [ 36.4038534, 26.3016023 ], [ 36.4032314, 26.3039056 ], [ 36.4023242, 26.3062037 ], [ 36.40193, 26.3077219 ], [ 36.4016088, 26.3079287 ], [ 36.4014273, 26.3082323 ], [ 36.40108, 26.3108104 ], [ 36.4004981, 26.3113142 ], [ 36.3998931, 26.3128463 ], [ 36.3993112, 26.3133501 ], [ 36.399146, 26.3143758 ], [ 36.3985756, 26.3143654 ], [ 36.398421, 26.3148771 ], [ 36.3981299, 26.3151288 ], [ 36.3975249, 26.316661 ], [ 36.396943, 26.3171647 ], [ 36.3957444, 26.3197147 ], [ 36.3954535, 26.3199667 ], [ 36.395442, 26.3204807 ], [ 36.3939638, 26.3227686 ], [ 36.3927996, 26.3237759 ], [ 36.3924972, 26.324542 ], [ 36.3922061, 26.3247939 ], [ 36.3919035, 26.3255599 ], [ 36.3917543, 26.325934 ], [ 36.3905977, 26.3283849 ], [ 36.3899685, 26.3294157 ], [ 36.3883475, 26.3314102 ], [ 36.3882123, 26.3315852 ], [ 36.3877597, 26.3321709 ], [ 36.3870267, 26.3330574 ], [ 36.3861176, 26.3338759 ], [ 36.385769, 26.3342052 ], [ 36.3852297, 26.3348443 ], [ 36.3845254, 26.3355702 ], [ 36.3842146, 26.3360913 ], [ 36.3832755, 26.3376095 ], [ 36.382703, 26.3380611 ], [ 36.3824524, 26.3380948 ], [ 36.3822887, 26.3383611 ], [ 36.382279, 26.3386912 ], [ 36.3820632, 26.3389509 ], [ 36.3816608, 26.3391974 ], [ 36.3810426, 26.3396426 ], [ 36.3804422, 26.340267 ], [ 36.3798465, 26.3410188 ], [ 36.3794208, 26.341277 ], [ 36.3790034, 26.341401 ], [ 36.3785844, 26.3418693 ], [ 36.3779276, 26.3435462 ], [ 36.3774091, 26.3438336 ], [ 36.3766198, 26.3452867 ], [ 36.3762871, 26.3458788 ], [ 36.375738, 26.3463531 ], [ 36.3751441, 26.3473709 ], [ 36.3747392, 26.348262 ], [ 36.3745444, 26.3486457 ], [ 36.3733519, 26.3504 ], [ 36.3730529, 26.3515099 ], [ 36.3727569, 26.3519562 ], [ 36.372163, 26.352974 ], [ 36.371712, 26.3537678 ], [ 36.3712488, 26.3555289 ], [ 36.3696472, 26.3596105 ], [ 36.3694261, 26.3603817 ], [ 36.3691292, 26.3608906 ], [ 36.3681928, 26.3636097 ], [ 36.3679062, 26.3644686 ], [ 36.3674437, 26.3660031 ], [ 36.3663919, 26.3682983 ], [ 36.365924, 26.3696824 ], [ 36.3659037, 26.3702604 ], [ 36.3659296, 26.3708935 ], [ 36.3660765, 26.3712458 ], [ 36.3665898, 26.3721596 ], [ 36.3667302, 26.3722902 ], [ 36.367301, 26.3723008 ], [ 36.3675892, 26.3721779 ], [ 36.3675775, 26.372692 ], [ 36.3681541, 26.3724455 ], [ 36.3681424, 26.3729596 ], [ 36.3684308, 26.3728358 ], [ 36.3721379, 26.3730331 ], [ 36.372132, 26.3732902 ], [ 36.3681279, 26.3736018 ], [ 36.3675684, 26.3734714 ], [ 36.3657752, 26.3747222 ], [ 36.3646602, 26.374507 ], [ 36.3638018, 26.3746907 ], [ 36.3629531, 26.3751787 ], [ 36.3627981, 26.3756901 ], [ 36.3619245, 26.3764455 ], [ 36.360029, 26.3782108 ], [ 36.3588612, 26.3793459 ], [ 36.3582815, 26.3797215 ], [ 36.3573143, 26.38084 ], [ 36.3566703, 26.381492 ], [ 36.3562797, 26.3819464 ], [ 36.3557848, 26.3827613 ], [ 36.3554936, 26.3830133 ], [ 36.3536932, 26.3868375 ], [ 36.351448, 26.3914017 ], [ 36.3497773, 26.3957659 ], [ 36.3493379, 26.396272 ], [ 36.3487945, 26.3966297 ], [ 36.3483148, 26.3972818 ], [ 36.3477028, 26.3990707 ], [ 36.3479353, 26.4013896 ], [ 36.3477873, 26.4016439 ], [ 36.3473089, 26.4021061 ], [ 36.3469132, 26.4023992 ], [ 36.3463857, 26.4025552 ], [ 36.3456555, 26.4030562 ], [ 36.3454654, 26.403272 ], [ 36.3452968, 26.4039665 ], [ 36.3450043, 26.4046783 ], [ 36.3444157, 26.4054389 ], [ 36.3445066, 26.4074609 ], [ 36.3440007, 26.4110888 ], [ 36.3443605, 26.4124157 ], [ 36.3445305, 26.4128989 ], [ 36.3449125, 26.4137564 ], [ 36.3452094, 26.4144546 ], [ 36.3461596, 26.4196002 ], [ 36.3459948, 26.4197698 ], [ 36.346065, 26.4204692 ], [ 36.3450643, 26.4221633 ], [ 36.3441453, 26.4262751 ], [ 36.3439327, 26.4265515 ], [ 36.3438407, 26.426787 ], [ 36.3440429, 26.4269097 ], [ 36.3440909, 26.4274283 ], [ 36.3439264, 26.4279468 ], [ 36.3437635, 26.4280877 ], [ 36.3436009, 26.4286341 ], [ 36.3434043, 26.4287993 ], [ 36.3434364, 26.4289717 ], [ 36.3433302, 26.4292908 ], [ 36.3430355, 26.4298676 ], [ 36.3427861, 26.4300069 ], [ 36.3425502, 26.4301906 ], [ 36.3418637, 26.4317086 ], [ 36.3415347, 26.4332519 ], [ 36.3412504, 26.433663 ], [ 36.341192, 26.4339246 ], [ 36.341055, 26.4341416 ], [ 36.3410722, 26.4341938 ], [ 36.3412538, 26.4342214 ], [ 36.3413052, 26.434384 ], [ 36.3412298, 26.4347645 ], [ 36.3412949, 26.4349148 ], [ 36.3412778, 26.4350529 ], [ 36.3411887, 26.4351695 ], [ 36.3412469, 26.4353842 ], [ 36.3413634, 26.4354947 ], [ 36.3414182, 26.4357156 ], [ 36.3414114, 26.4361329 ], [ 36.3412743, 26.436633 ], [ 36.3411296, 26.4368511 ], [ 36.3408563, 26.4371116 ], [ 36.3404108, 26.4374694 ], [ 36.340171, 26.4375657 ], [ 36.3399415, 26.4375872 ], [ 36.3398627, 26.4375473 ], [ 36.3398729, 26.4373386 ], [ 36.3397967, 26.4373093 ], [ 36.3394618, 26.4376454 ], [ 36.338896, 26.4385043 ], [ 36.338588, 26.4390199 ], [ 36.338217, 26.43964 ], [ 36.3379442, 26.4401254 ], [ 36.3376119, 26.4405441 ], [ 36.3373011, 26.4413773 ], [ 36.3367138, 26.4423275 ], [ 36.3363546, 26.4430392 ], [ 36.3358217, 26.4438539 ], [ 36.3355303, 26.4441056 ], [ 36.3346012, 26.4457723 ], [ 36.3338183, 26.4471203 ], [ 36.3334485, 26.4476671 ], [ 36.3329416, 26.4483376 ], [ 36.3325145, 26.449188 ], [ 36.3313547, 26.4517427 ], [ 36.3311118, 26.4525843 ], [ 36.330742, 26.4535314 ], [ 36.3298675, 26.4542865 ], [ 36.3292549, 26.4560752 ], [ 36.3288032, 26.4570954 ], [ 36.3282321, 26.4570848 ], [ 36.3282201, 26.4575989 ], [ 36.327652, 26.4574592 ], [ 36.3265067, 26.4575668 ], [ 36.3248524, 26.461136 ], [ 36.3245607, 26.4613878 ], [ 36.3245488, 26.4619019 ], [ 36.3239658, 26.4624054 ], [ 36.3233647, 26.4636798 ], [ 36.3227817, 26.4641833 ], [ 36.3221808, 26.4654577 ], [ 36.3215976, 26.4659612 ], [ 36.3206991, 26.4677444 ], [ 36.3204076, 26.4679962 ], [ 36.3195031, 26.4700364 ], [ 36.3194851, 26.4708076 ], [ 36.3191876, 26.4713163 ], [ 36.3188902, 26.4718251 ], [ 36.3190215, 26.4723419 ], [ 36.3184502, 26.4723313 ], [ 36.3179616, 26.4748935 ], [ 36.3176702, 26.4751453 ], [ 36.3176403, 26.4764305 ], [ 36.3167596, 26.4774426 ], [ 36.3164441, 26.4787225 ], [ 36.3161464, 26.4792313 ], [ 36.3157951, 26.4820534 ], [ 36.3153254, 26.4838448 ], [ 36.3144625, 26.4840856 ], [ 36.3145987, 26.4843454 ], [ 36.3139499, 26.4876764 ], [ 36.3120924, 26.4938132 ], [ 36.3111875, 26.4958535 ], [ 36.3104558, 26.4966112 ], [ 36.3095929, 26.4968519 ], [ 36.3097291, 26.4971116 ], [ 36.3091158, 26.4989003 ], [ 36.3088242, 26.4991519 ], [ 36.3088121, 26.499666 ], [ 36.3082049, 26.5011976 ], [ 36.3076156, 26.501958 ], [ 36.3072999, 26.5032377 ], [ 36.3046326, 26.5073019 ], [ 36.3037514, 26.5083138 ], [ 36.3028764, 26.5090689 ], [ 36.3022748, 26.5103433 ], [ 36.3016913, 26.5108464 ], [ 36.3009476, 26.5121182 ], [ 36.3003761, 26.5121075 ], [ 36.3002207, 26.5126189 ], [ 36.2994889, 26.5133764 ], [ 36.2986258, 26.5136172 ], [ 36.2986078, 26.5143883 ], [ 36.2977447, 26.5146291 ], [ 36.2975891, 26.5151405 ], [ 36.2972975, 26.5153921 ], [ 36.2948851, 26.5207466 ], [ 36.2943016, 26.52125 ], [ 36.2937001, 26.5225244 ], [ 36.2928246, 26.5232792 ], [ 36.2928066, 26.5240504 ], [ 36.2925027, 26.524816 ], [ 36.2919191, 26.5253193 ], [ 36.2910197, 26.5271023 ], [ 36.2909291, 26.5309579 ], [ 36.2906373, 26.5312095 ], [ 36.2900234, 26.532998 ], [ 36.2893977, 26.5353004 ], [ 36.2893674, 26.5365858 ], [ 36.2867409, 26.5388502 ], [ 36.2867288, 26.5393643 ], [ 36.286127, 26.5406385 ], [ 36.2861149, 26.5411526 ], [ 36.2852274, 26.5424215 ], [ 36.2846133, 26.5442099 ], [ 36.2843215, 26.5444614 ], [ 36.2837137, 26.5459929 ], [ 36.2834217, 26.5462444 ], [ 36.2832612, 26.5470127 ], [ 36.2821089, 26.5473762 ], [ 36.2812395, 26.5478738 ], [ 36.2806556, 26.5483769 ], [ 36.2800811, 26.5484951 ], [ 36.279777, 26.5492607 ], [ 36.2792055, 26.5492497 ], [ 36.2791934, 26.5497638 ], [ 36.2777583, 26.5499936 ], [ 36.277746, 26.5505077 ], [ 36.2771775, 26.5503679 ], [ 36.2757333, 26.5509834 ], [ 36.275721, 26.5514975 ], [ 36.2748577, 26.5517383 ], [ 36.2747021, 26.5522495 ], [ 36.2744101, 26.5525011 ], [ 36.2740331, 26.5563512 ], [ 36.2737352, 26.5568598 ], [ 36.2737169, 26.5576309 ], [ 36.2729237, 26.5609589 ], [ 36.2723521, 26.5609479 ], [ 36.2721964, 26.5614591 ], [ 36.2713208, 26.5622138 ], [ 36.2711661, 26.5627252 ], [ 36.2703026, 26.5629658 ], [ 36.2704328, 26.5634826 ], [ 36.2696942, 26.5644971 ], [ 36.2694115, 26.5643626 ], [ 36.268554, 26.5643461 ], [ 36.2682622, 26.5645977 ], [ 36.2674015, 26.5647101 ], [ 36.2673831, 26.5654812 ], [ 36.2668086, 26.5655984 ], [ 36.2659358, 26.566225 ], [ 36.2653336, 26.5674992 ], [ 36.2644699, 26.5677398 ], [ 36.2643081, 26.5685081 ], [ 36.2637243, 26.5690112 ], [ 36.2631342, 26.5697714 ], [ 36.2628301, 26.570537 ], [ 36.2625381, 26.5707884 ], [ 36.2623835, 26.5712998 ], [ 36.2618088, 26.5714168 ], [ 36.2609358, 26.5720433 ], [ 36.2601656, 26.5743429 ], [ 36.2598736, 26.5745944 ], [ 36.2591227, 26.5761229 ], [ 36.2585479, 26.5762401 ], [ 36.2573831, 26.577118 ], [ 36.2572274, 26.5776294 ], [ 36.2562028, 26.5786383 ], [ 36.2553391, 26.5788787 ], [ 36.2556065, 26.5796553 ], [ 36.254165, 26.5801418 ], [ 36.2543013, 26.5804017 ], [ 36.2545565, 26.5816923 ], [ 36.2538056, 26.5832208 ], [ 36.2520872, 26.5833157 ], [ 36.2517982, 26.5834391 ], [ 36.2510462, 26.5841399 ], [ 36.2506302, 26.5844451 ], [ 36.2501762, 26.585465 ], [ 36.2493002, 26.5862195 ], [ 36.2488534, 26.5867246 ], [ 36.2484389, 26.587065 ], [ 36.2481259, 26.5874825 ], [ 36.2475419, 26.5879855 ], [ 36.2472374, 26.5887511 ], [ 36.2469923, 26.589298 ], [ 36.2471343, 26.5897559 ], [ 36.2479188, 26.5901781 ], [ 36.2493484, 26.5902058 ], [ 36.2501998, 26.5904795 ], [ 36.2525078, 26.5906804 ], [ 36.2532955, 26.5912177 ], [ 36.253465, 26.5921444 ], [ 36.2534696, 26.5926412 ], [ 36.2532801, 26.5932395 ], [ 36.2529821, 26.5937481 ], [ 36.2527733, 26.5942388 ], [ 36.2523193, 26.5945087 ], [ 36.2518139, 26.5947541 ], [ 36.2507049, 26.5950359 ], [ 36.2498352, 26.594933 ], [ 36.249547, 26.5941129 ], [ 36.2492398, 26.593745 ], [ 36.2483714, 26.5936774 ], [ 36.2478166, 26.5933715 ], [ 36.2466089, 26.5931267 ], [ 36.245823, 26.5932177 ], [ 36.2453809, 26.5937146 ], [ 36.2449059, 26.5950554 ], [ 36.244778, 26.5959036 ], [ 36.2444735, 26.5966693 ], [ 36.244455, 26.5974404 ], [ 36.2435727, 26.5984519 ], [ 36.243132, 26.5989577 ], [ 36.2429762, 26.5994689 ], [ 36.2420938, 26.6004805 ], [ 36.2417893, 26.6012459 ], [ 36.2411991, 26.6020059 ], [ 36.2411743, 26.603034 ], [ 36.2402611, 26.6053308 ], [ 36.2392236, 26.6068535 ], [ 36.2384652, 26.6086388 ], [ 36.2372966, 26.6096447 ], [ 36.2369984, 26.6101531 ], [ 36.236122, 26.6109076 ], [ 36.2353705, 26.6124358 ], [ 36.2355541, 26.6131125 ], [ 36.2359116, 26.6137322 ], [ 36.2365872, 26.6138809 ], [ 36.2370969, 26.6134841 ], [ 36.2379409, 26.6126139 ], [ 36.238519, 26.612368 ], [ 36.2393217, 26.6126223 ], [ 36.2402348, 26.6124012 ], [ 36.2410355, 26.612003 ], [ 36.2422578, 26.6115409 ], [ 36.2428333, 26.6111744 ], [ 36.2434295, 26.6104062 ], [ 36.2440465, 26.6102498 ], [ 36.2445733, 26.6104283 ], [ 36.244853, 26.6106908 ], [ 36.2459067, 26.6112581 ], [ 36.2464884, 26.6118604 ], [ 36.246671, 26.612398 ], [ 36.246588, 26.6127205 ], [ 36.2456437, 26.6136859 ], [ 36.2450202, 26.6141212 ], [ 36.2433153, 26.6151616 ], [ 36.243219, 26.6155917 ], [ 36.2430055, 26.6158314 ], [ 36.2425832, 26.6163488 ], [ 36.2418485, 26.6166761 ], [ 36.2413991, 26.6179584 ], [ 36.241382, 26.61821 ], [ 36.2408388, 26.6192002 ], [ 36.240498, 26.6196543 ], [ 36.2399387, 26.6200209 ], [ 36.2394512, 26.6201591 ], [ 36.238804, 26.6201012 ], [ 36.2379985, 26.6197629 ], [ 36.2374626, 26.619283 ], [ 36.2371938, 26.6178001 ], [ 36.2363637, 26.6170289 ], [ 36.2360522, 26.616057 ], [ 36.2350227, 26.6150006 ], [ 36.2345161, 26.6149369 ], [ 36.2338365, 26.6151684 ], [ 36.2329963, 26.6159898 ], [ 36.2323934, 26.6165549 ], [ 36.2316488, 26.6171313 ], [ 36.231146, 26.6178763 ], [ 36.2307244, 26.6183301 ], [ 36.2303107, 26.618798 ], [ 36.2297702, 26.6192699 ], [ 36.2295172, 26.6197377 ], [ 36.2293221, 26.620235 ], [ 36.2289661, 26.6212874 ], [ 36.2289092, 26.6227779 ], [ 36.227949, 26.6236057 ], [ 36.2287503, 26.6245995 ], [ 36.2291342, 26.6245705 ], [ 36.2295348, 26.6255719 ], [ 36.2300013, 26.6257023 ], [ 36.2304547, 26.6256992 ], [ 36.2307712, 26.6258274 ], [ 36.2311343, 26.6263646 ], [ 36.231383, 26.6269968 ], [ 36.2314454, 26.6276232 ], [ 36.2311943, 26.6279119 ], [ 36.2307217, 26.6279919 ], [ 36.2303852, 26.6279415 ], [ 36.2299032, 26.6275776 ], [ 36.2279931, 26.626699 ], [ 36.2279317, 26.6266232 ], [ 36.2279416, 26.6263177 ], [ 36.2274442, 26.6258006 ], [ 36.2271337, 26.6257052 ], [ 36.2266617, 26.6259081 ], [ 36.2264462, 26.6260921 ], [ 36.2264338, 26.6266901 ], [ 36.2265959, 26.6268354 ], [ 36.2267382, 26.6269093 ], [ 36.226839, 26.6275054 ], [ 36.2267673, 26.6283707 ], [ 36.2267838, 26.6285235 ], [ 36.2265401, 26.6287064 ], [ 36.226454, 26.6289731 ], [ 36.2253189, 26.6317832 ], [ 36.2251125, 26.6320346 ], [ 36.2250142, 26.6325486 ], [ 36.2248842, 26.6325527 ], [ 36.2247035, 26.6335711 ], [ 36.2245655, 26.6338616 ], [ 36.2243673, 26.6341989 ], [ 36.223559, 26.6353653 ], [ 36.2236346, 26.635565 ], [ 36.223334, 26.6369402 ], [ 36.2231532, 26.6371003 ], [ 36.2231802, 26.6373986 ], [ 36.2234392, 26.6377099 ], [ 36.223749, 26.6377825 ], [ 36.2240301, 26.6375765 ], [ 36.2244675, 26.6368549 ], [ 36.2252909, 26.6363759 ], [ 36.2261499, 26.6365407 ], [ 36.2267974, 26.6364943 ], [ 36.2272256, 26.6361448 ], [ 36.2273561, 26.6358938 ], [ 36.2276883, 26.6358337 ], [ 36.2280126, 26.6359044 ], [ 36.2281076, 26.6357913 ], [ 36.227823, 26.6351739 ], [ 36.2278268, 26.6350454 ], [ 36.227947, 26.6349355 ], [ 36.228155, 26.6349676 ], [ 36.2283765, 26.6352398 ], [ 36.2291546, 26.6360596 ], [ 36.2292049, 26.6367448 ], [ 36.2290562, 26.636999 ], [ 36.2287482, 26.6369473 ], [ 36.2286494, 26.6367281 ], [ 36.2284833, 26.6367175 ], [ 36.2283053, 26.6368483 ], [ 36.2278494, 26.6373237 ], [ 36.227125, 26.6377599 ], [ 36.2267464, 26.6378535 ], [ 36.2262802, 26.6379213 ], [ 36.2258388, 26.6380232 ], [ 36.2249636, 26.6386574 ], [ 36.2247103, 26.6392285 ], [ 36.2252719, 26.6395314 ], [ 36.2258481, 26.639508 ], [ 36.2261753, 26.6402984 ], [ 36.2264143, 26.6411659 ], [ 36.2263581, 26.6421688 ], [ 36.2259759, 26.6428959 ], [ 36.2255361, 26.6435083 ], [ 36.2249022, 26.6439385 ], [ 36.2242468, 26.6442807 ], [ 36.2236198, 26.6446273 ], [ 36.2227873, 26.6448263 ], [ 36.2224473, 26.6448233 ], [ 36.2223128, 26.644772 ], [ 36.2222131, 26.6446864 ], [ 36.2221843, 26.6444751 ], [ 36.2222496, 26.6444274 ], [ 36.2222851, 26.6443514 ], [ 36.2222911, 26.6441357 ], [ 36.2222199, 26.6440986 ], [ 36.2221821, 26.6439239 ], [ 36.2220617, 26.6439007 ], [ 36.2219292, 26.6439449 ], [ 36.2218545, 26.6440261 ], [ 36.2218877, 26.6441817 ], [ 36.221949, 26.6444433 ], [ 36.2220182, 26.6445069 ], [ 36.2220439, 26.6446077 ], [ 36.2219352, 26.6446537 ], [ 36.2218264, 26.6448533 ], [ 36.2215555, 26.6449983 ], [ 36.2212299, 26.6450872 ], [ 36.2209583, 26.6451184 ], [ 36.2207961, 26.6451715 ], [ 36.2206083, 26.6452828 ], [ 36.2203497, 26.6453803 ], [ 36.2197619, 26.6455426 ], [ 36.2191446, 26.645665 ], [ 36.2187534, 26.6456946 ], [ 36.2183327, 26.6456888 ], [ 36.2178893, 26.6455621 ], [ 36.2173721, 26.6452632 ], [ 36.2168742, 26.6448242 ], [ 36.21678, 26.6447013 ], [ 36.2168057, 26.6446748 ], [ 36.2168057, 26.6446412 ], [ 36.2167898, 26.6446218 ], [ 36.2167542, 26.6446253 ], [ 36.2166593, 26.6446607 ], [ 36.2165783, 26.6445405 ], [ 36.2164763, 26.6442776 ], [ 36.216511, 26.644217 ], [ 36.2164655, 26.644111 ], [ 36.2164932, 26.6441022 ], [ 36.2164754, 26.644058 ], [ 36.2163825, 26.6440863 ], [ 36.2162473, 26.6437216 ], [ 36.2163449, 26.6436956 ], [ 36.2163311, 26.6436444 ], [ 36.2163014, 26.6436515 ], [ 36.2162559, 26.6435048 ], [ 36.2161986, 26.6434818 ], [ 36.2161432, 26.6433209 ], [ 36.2161274, 26.6432096 ], [ 36.2161393, 26.6431513 ], [ 36.2162104, 26.6431212 ], [ 36.2162316, 26.6428372 ], [ 36.2163106, 26.6424701 ], [ 36.2169494, 26.6418958 ], [ 36.2170854, 26.6415881 ], [ 36.2169421, 26.6415738 ], [ 36.2163418, 26.6418578 ], [ 36.2154138, 26.6422363 ], [ 36.2148501, 26.6427023 ], [ 36.2144579, 26.6430864 ], [ 36.214025, 26.6432619 ], [ 36.2137326, 26.6435133 ], [ 36.2132179, 26.6436933 ], [ 36.2130835, 26.6436703 ], [ 36.212882, 26.6437722 ], [ 36.2128375, 26.6440129 ], [ 36.2123627, 26.6446399 ], [ 36.2118805, 26.645203 ], [ 36.2109494, 26.6461591 ], [ 36.2100477, 26.6479414 ], [ 36.2099579, 26.6483729 ], [ 36.2100571, 26.6486988 ], [ 36.2104697, 26.6491399 ], [ 36.2107084, 26.6495701 ], [ 36.2107396, 26.6499871 ], [ 36.2105918, 26.6503057 ], [ 36.21009, 26.6510438 ], [ 36.2098872, 26.6517321 ], [ 36.2096121, 26.6520069 ], [ 36.2091528, 26.6522409 ], [ 36.2089375, 26.6524192 ], [ 36.2086453, 26.6526707 ], [ 36.2071963, 26.6534135 ], [ 36.2054675, 26.6538939 ], [ 36.2045937, 26.6545199 ], [ 36.2044127, 26.6560593 ], [ 36.2038154, 26.6570761 ], [ 36.2030821, 26.6578331 ], [ 36.2019315, 26.6580676 ], [ 36.2010723, 26.6586633 ], [ 36.2004762, 26.6590674 ], [ 36.1999769, 26.659681 ], [ 36.1990604, 26.6602538 ], [ 36.1983965, 26.6605268 ], [ 36.1978578, 26.6608159 ], [ 36.1964182, 26.6611727 ], [ 36.1946954, 26.6613957 ], [ 36.1935844, 26.6618576 ], [ 36.1918222, 26.6618533 ], [ 36.1899791, 26.6621515 ], [ 36.1887732, 26.6627174 ], [ 36.1882052, 26.6634536 ], [ 36.1874715, 26.6642105 ], [ 36.1867819, 26.664552 ], [ 36.1860254, 26.6648242 ], [ 36.1840103, 26.6652986 ], [ 36.1820994, 26.6655041 ], [ 36.1810748, 26.6660009 ], [ 36.1799706, 26.6666331 ], [ 36.1793859, 26.6671356 ], [ 36.1785087, 26.6678898 ], [ 36.1779334, 26.6680064 ], [ 36.1770625, 26.6685033 ], [ 36.1759088, 26.6688665 ], [ 36.1739386, 26.6694919 ], [ 36.1725488, 26.6716282 ], [ 36.1725361, 26.6721423 ], [ 36.1719321, 26.6734159 ], [ 36.1707497, 26.6749351 ], [ 36.1701649, 26.6754379 ], [ 36.1695609, 26.6767115 ], [ 36.1689697, 26.6774711 ], [ 36.168957, 26.677985 ], [ 36.1679308, 26.6789931 ], [ 36.1673587, 26.6789818 ], [ 36.1674947, 26.6792417 ], [ 36.1674756, 26.6800126 ], [ 36.1671833, 26.680264 ], [ 36.1670281, 26.680775 ], [ 36.1658773, 26.6810092 ], [ 36.1657145, 26.6817775 ], [ 36.1651234, 26.6825371 ], [ 36.1651107, 26.683051 ], [ 36.1645257, 26.6835537 ], [ 36.164078, 26.6843161 ], [ 36.1632133, 26.684556 ], [ 36.163057, 26.6850672 ], [ 36.1623231, 26.6858238 ], [ 36.1617476, 26.6859404 ], [ 36.1611659, 26.686315 ], [ 36.1608416, 26.6878514 ], [ 36.1594142, 26.6876937 ], [ 36.1591249, 26.687817 ], [ 36.1592609, 26.6880768 ], [ 36.1588281, 26.6939823 ], [ 36.1582305, 26.6949988 ], [ 36.1581731, 26.697312 ], [ 36.1575753, 26.6983286 ], [ 36.1575305, 26.7001275 ], [ 36.1572188, 26.7011498 ], [ 36.1569262, 26.7014012 ], [ 36.1562581, 26.7052449 ], [ 36.1553742, 26.7062556 ], [ 36.1550689, 26.7070209 ], [ 36.1547764, 26.7072721 ], [ 36.154439, 26.7093225 ], [ 36.1540676, 26.7101878 ], [ 36.1532352, 26.7110575 ], [ 36.1529506, 26.7116068 ], [ 36.1523655, 26.7121093 ], [ 36.1517675, 26.7131258 ], [ 36.1510334, 26.7138825 ], [ 36.1503046, 26.7143821 ], [ 36.149713, 26.7151416 ], [ 36.1489693, 26.7162834 ], [ 36.1474208, 26.7173103 ], [ 36.1460689, 26.7177678 ], [ 36.145487, 26.7181422 ], [ 36.1453112, 26.7194244 ], [ 36.144577, 26.720181 ], [ 36.1438482, 26.7206805 ], [ 36.1427038, 26.7214974 ], [ 36.1416669, 26.7220504 ], [ 36.1413744, 26.7222444 ], [ 36.1404937, 26.7226273 ], [ 36.139989, 26.7227496 ], [ 36.139072, 26.7227695 ], [ 36.1386531, 26.7227167 ], [ 36.1379272, 26.7227463 ], [ 36.1370855, 26.7228065 ], [ 36.1364961, 26.7227175 ], [ 36.1359994, 26.7224309 ], [ 36.1362046, 26.721869 ], [ 36.1359308, 26.721966 ], [ 36.1355361, 26.7218862 ], [ 36.1352572, 26.722434 ], [ 36.135826, 26.7229623 ], [ 36.1354585, 26.7241112 ], [ 36.1347684, 26.7253847 ], [ 36.1340596, 26.7261299 ], [ 36.133461, 26.7264649 ], [ 36.1321778, 26.7268079 ], [ 36.1314401, 26.7267984 ], [ 36.130946, 26.7265791 ], [ 36.1305526, 26.7261585 ], [ 36.1286415, 26.7259033 ], [ 36.1282227, 26.7254878 ], [ 36.1281398, 26.7250786 ], [ 36.1275692, 26.724723 ], [ 36.1264384, 26.7246378 ], [ 36.1262977, 26.7244417 ], [ 36.1251637, 26.7244491 ], [ 36.1250032, 26.7242847 ], [ 36.124392, 26.7240124 ], [ 36.123624, 26.723666 ], [ 36.1232579, 26.7237696 ], [ 36.1228114, 26.7235896 ], [ 36.1223517, 26.7235896 ], [ 36.1221788, 26.7237757 ], [ 36.1222871, 26.7241016 ], [ 36.1225668, 26.7243643 ], [ 36.1233318, 26.7258004 ], [ 36.1241693, 26.7261776 ], [ 36.1254088, 26.7266139 ], [ 36.1261581, 26.7268112 ], [ 36.1263933, 26.727104 ], [ 36.1264959, 26.7275297 ], [ 36.1265003, 26.7281067 ], [ 36.1261307, 26.7282404 ], [ 36.1254216, 26.7279886 ], [ 36.1248245, 26.7278098 ], [ 36.1240204, 26.7281043 ], [ 36.1228221, 26.7279825 ], [ 36.12234, 26.7277024 ], [ 36.1223303, 26.7273427 ], [ 36.1222982, 26.7270276 ], [ 36.1219472, 26.72666 ], [ 36.121174, 26.7253914 ], [ 36.1209932, 26.7243323 ], [ 36.1205875, 26.7241339 ], [ 36.1200259, 26.7242431 ], [ 36.119346, 26.7246549 ], [ 36.1189307, 26.7247809 ], [ 36.1183593, 26.7252507 ], [ 36.118186, 26.7256692 ], [ 36.1178596, 26.7259058 ], [ 36.1171837, 26.7259806 ], [ 36.1166985, 26.7263241 ], [ 36.1157982, 26.7269982 ], [ 36.1149085, 26.7275409 ], [ 36.1140657, 26.728144 ], [ 36.1135395, 26.7282474 ], [ 36.1128677, 26.7287561 ], [ 36.1119729, 26.7286739 ], [ 36.1110921, 26.7289442 ], [ 36.1105602, 26.7292628 ], [ 36.1102158, 26.7295571 ], [ 36.1099749, 26.729765 ], [ 36.1091559, 26.730387 ], [ 36.1079389, 26.7310091 ], [ 36.1074765, 26.7322853 ], [ 36.1065984, 26.7330388 ], [ 36.105408, 26.7348145 ], [ 36.1052523, 26.7353255 ], [ 36.1046766, 26.7354418 ], [ 36.1040945, 26.7358162 ], [ 36.1039378, 26.7363272 ], [ 36.1034959, 26.7368324 ], [ 36.1030531, 26.7373376 ], [ 36.102904, 26.7375916 ], [ 36.1008807, 26.7383217 ], [ 36.1002952, 26.7388239 ], [ 36.0995532, 26.7398373 ], [ 36.0988186, 26.7405935 ], [ 36.0983886, 26.7405848 ], [ 36.0980958, 26.7408358 ], [ 36.0974906, 26.7421091 ], [ 36.0978945, 26.743146 ], [ 36.0975821, 26.7441681 ], [ 36.0966972, 26.7451785 ], [ 36.0961247, 26.7451668 ], [ 36.0961378, 26.7446527 ], [ 36.0952661, 26.7451492 ], [ 36.0945043, 26.7469333 ], [ 36.094478, 26.7479613 ], [ 36.0947577, 26.7482242 ], [ 36.095155, 26.7495179 ], [ 36.0942962, 26.7495003 ], [ 36.0941002, 26.7515533 ], [ 36.0936453, 26.7525725 ], [ 36.0927798, 26.7528118 ], [ 36.0927929, 26.7522979 ], [ 36.0919276, 26.7525372 ], [ 36.0923434, 26.75306 ], [ 36.0923238, 26.7538311 ], [ 36.0920244, 26.7543391 ], [ 36.0919917, 26.7556241 ], [ 36.0916923, 26.7561322 ], [ 36.0916857, 26.7563892 ], [ 36.0919654, 26.7566521 ], [ 36.0919458, 26.757423 ], [ 36.09164, 26.7581881 ], [ 36.0913472, 26.7584393 ], [ 36.0913406, 26.7586961 ], [ 36.0916137, 26.7592161 ], [ 36.0918411, 26.7615349 ], [ 36.0913859, 26.762554 ], [ 36.0919586, 26.7625657 ], [ 36.0917953, 26.7633338 ], [ 36.0912096, 26.763836 ], [ 36.0911966, 26.7643501 ], [ 36.0917297, 26.7659036 ], [ 36.0920095, 26.7661665 ], [ 36.0919898, 26.7669375 ], [ 36.0925428, 26.7677203 ], [ 36.0929237, 26.7696561 ], [ 36.0932211, 26.7700769 ], [ 36.0930302, 26.771073 ], [ 36.0930042, 26.7721008 ], [ 36.0920992, 26.7738821 ], [ 36.0915071, 26.7746413 ], [ 36.0909187, 26.7749598 ], [ 36.0901994, 26.775386 ], [ 36.0898754, 26.7757288 ], [ 36.0894544, 26.776122 ], [ 36.0887382, 26.7765124 ], [ 36.0884455, 26.7767636 ], [ 36.0878696, 26.7768808 ], [ 36.0872291, 26.7772725 ], [ 36.0865903, 26.7778181 ], [ 36.0855364, 26.7785035 ], [ 36.0837953, 26.779368 ], [ 36.0834896, 26.7797514 ], [ 36.0823408, 26.7802376 ], [ 36.081713, 26.7806176 ], [ 36.0805965, 26.78123 ], [ 36.080014, 26.7816043 ], [ 36.0792717, 26.7823579 ], [ 36.0783926, 26.7833706 ], [ 36.0783332, 26.7856834 ], [ 36.0786065, 26.7862034 ], [ 36.0785933, 26.7867175 ], [ 36.077382, 26.7892637 ], [ 36.077089, 26.7895147 ], [ 36.0770758, 26.7900287 ], [ 36.0761839, 26.7912958 ], [ 36.0761641, 26.7920667 ], [ 36.0758711, 26.7923179 ], [ 36.0755649, 26.793083 ], [ 36.075272, 26.793334 ], [ 36.0746664, 26.7946071 ], [ 36.0742673, 26.7954267 ], [ 36.0733519, 26.7956084 ], [ 36.072816, 26.7960663 ], [ 36.0721866, 26.7963557 ], [ 36.0720032, 26.7978945 ], [ 36.0717103, 26.7981457 ], [ 36.0709486, 26.7999297 ], [ 36.0701457, 26.8005795 ], [ 36.0691743, 26.8016116 ], [ 36.0683053, 26.8024462 ], [ 36.066929, 26.8034754 ], [ 36.0665406, 26.8042094 ], [ 36.0663506, 26.8060053 ], [ 36.0657513, 26.8070214 ], [ 36.0657447, 26.8072784 ], [ 36.0658851, 26.8074094 ], [ 36.0670339, 26.807305 ], [ 36.0670539, 26.8065341 ], [ 36.0687689, 26.8066978 ], [ 36.0691881, 26.8070926 ], [ 36.0694546, 26.8078696 ], [ 36.0694215, 26.8091544 ], [ 36.0686458, 26.810076 ], [ 36.0675241, 26.8105288 ], [ 36.067241, 26.8103948 ], [ 36.0674168, 26.8091128 ], [ 36.0676689, 26.8086914 ], [ 36.06786, 26.8086078 ], [ 36.0678666, 26.8083508 ], [ 36.0675803, 26.8083449 ], [ 36.0674774, 26.8085114 ], [ 36.0670008, 26.8085901 ], [ 36.0669743, 26.809618 ], [ 36.0655358, 26.8098452 ], [ 36.0653788, 26.8103563 ], [ 36.0650726, 26.8111213 ], [ 36.0644625, 26.8124777 ], [ 36.0645104, 26.8126843 ], [ 36.0647929, 26.8130254 ], [ 36.0651567, 26.8134371 ], [ 36.06553, 26.8138944 ], [ 36.0655787, 26.8143051 ], [ 36.0655159, 26.8146976 ], [ 36.065302, 26.815249 ], [ 36.0652039, 26.8155018 ], [ 36.0651056, 26.8160203 ], [ 36.0649134, 26.8164128 ], [ 36.0646399, 26.8166866 ], [ 36.064344, 26.8168973 ], [ 36.0640671, 26.81699 ], [ 36.063679, 26.8169834 ], [ 36.0633981, 26.8169504 ], [ 36.0630803, 26.8166569 ], [ 36.0628807, 26.8165019 ], [ 36.0626774, 26.8164557 ], [ 36.0625407, 26.8165019 ], [ 36.0624935, 26.8166844 ], [ 36.0625742, 26.8174161 ], [ 36.0626774, 26.8180059 ], [ 36.062581, 26.8191559 ], [ 36.0630494, 26.8229068 ], [ 36.062743, 26.8236717 ], [ 36.0627097, 26.8249567 ], [ 36.0620771, 26.8272576 ], [ 36.0623039, 26.8295764 ], [ 36.062857, 26.8303593 ], [ 36.0628303, 26.8313872 ], [ 36.0629707, 26.8315182 ], [ 36.064966, 26.8319457 ], [ 36.064653, 26.8329678 ], [ 36.0617952, 26.8326513 ], [ 36.0618084, 26.8321372 ], [ 36.0612355, 26.8321255 ], [ 36.0607092, 26.8303147 ], [ 36.0598398, 26.8306817 ], [ 36.0578214, 26.831154 ], [ 36.0572352, 26.831656 ], [ 36.0563658, 26.832024 ], [ 36.0563459, 26.8327951 ], [ 36.0557697, 26.8329111 ], [ 36.0546007, 26.8337872 ], [ 36.054417, 26.835326 ], [ 36.0541172, 26.835834 ], [ 36.0537576, 26.8386548 ], [ 36.0534578, 26.8391627 ], [ 36.0528116, 26.8419777 ], [ 36.052369, 26.8424827 ], [ 36.0517961, 26.8424706 ], [ 36.0513325, 26.8437465 ], [ 36.0507396, 26.8445055 ], [ 36.0500038, 26.8452615 ], [ 36.049431, 26.8452496 ], [ 36.0492539, 26.8465314 ], [ 36.0483677, 26.8475414 ], [ 36.0480611, 26.8483063 ], [ 36.047768, 26.8485573 ], [ 36.0471751, 26.8493163 ], [ 36.0471484, 26.8503443 ], [ 36.0465553, 26.8511031 ], [ 36.0465353, 26.8518741 ], [ 36.045929, 26.853147 ], [ 36.045909, 26.8539179 ], [ 36.045609, 26.854426 ], [ 36.0452824, 26.8559618 ], [ 36.0449893, 26.8562128 ], [ 36.0451889, 26.8595594 ], [ 36.045462, 26.8600793 ], [ 36.046248, 26.8629242 ], [ 36.0464344, 26.8667849 ], [ 36.0462783, 26.8672957 ], [ 36.0457052, 26.8672838 ], [ 36.0452348, 26.8688166 ], [ 36.0437687, 26.8700716 ], [ 36.0431622, 26.8713445 ], [ 36.0431087, 26.8734002 ], [ 36.0433885, 26.8736631 ], [ 36.0433752, 26.8741772 ], [ 36.0432257, 26.874431 ], [ 36.0437988, 26.8744431 ], [ 36.043908, 26.875731 ], [ 36.0448379, 26.8785786 ], [ 36.0454111, 26.8785907 ], [ 36.0463401, 26.8814384 ], [ 36.0462597, 26.8845221 ], [ 36.0456464, 26.8860521 ], [ 36.0450065, 26.8886098 ], [ 36.044973, 26.8898946 ], [ 36.0436236, 26.8921804 ], [ 36.0418906, 26.8926584 ], [ 36.0417334, 26.8931693 ], [ 36.0408468, 26.8941791 ], [ 36.0408334, 26.8946932 ], [ 36.0411133, 26.8949561 ], [ 36.0407665, 26.8972628 ], [ 36.0398662, 26.8987867 ], [ 36.0378131, 26.9005435 ], [ 36.0373635, 26.9013053 ], [ 36.0367903, 26.9012932 ], [ 36.036633, 26.9018041 ], [ 36.0361902, 26.9023091 ], [ 36.0356136, 26.9024252 ], [ 36.0350303, 26.902799 ], [ 36.0348596, 26.9038238 ], [ 36.0344166, 26.9043288 ], [ 36.0335501, 26.9045677 ], [ 36.0336727, 26.9053416 ], [ 36.032923, 26.9066113 ], [ 36.0309167, 26.9065692 ], [ 36.0311898, 26.9070891 ], [ 36.0297634, 26.906802 ], [ 36.0297498, 26.9073159 ], [ 36.0294667, 26.907181 ], [ 36.0280335, 26.9071507 ], [ 36.0277536, 26.9068878 ], [ 36.0271804, 26.9068757 ], [ 36.026887, 26.9071267 ], [ 36.0248772, 26.9072133 ], [ 36.0248636, 26.9077272 ], [ 36.0228472, 26.9080698 ], [ 36.0222603, 26.9085718 ], [ 36.0211037, 26.9089334 ], [ 36.0209464, 26.9094442 ], [ 36.0205034, 26.9099492 ], [ 36.0190568, 26.9104329 ], [ 36.0190366, 26.9112038 ], [ 36.0181698, 26.9114425 ], [ 36.0177124, 26.9124614 ], [ 36.0168254, 26.9134711 ], [ 36.0165185, 26.9142359 ], [ 36.016225, 26.9144868 ], [ 36.0160687, 26.9149976 ], [ 36.0152019, 26.9152365 ], [ 36.0150311, 26.9162613 ], [ 36.0147376, 26.9165123 ], [ 36.0141305, 26.9177848 ], [ 36.0140899, 26.9193267 ], [ 36.0149228, 26.9203728 ], [ 36.0151891, 26.9211498 ], [ 36.0151689, 26.9219207 ], [ 36.0162953, 26.9227158 ], [ 36.0162817, 26.9232297 ], [ 36.0158251, 26.9242486 ], [ 36.0152518, 26.9242363 ], [ 36.0140373, 26.9267818 ], [ 36.0131774, 26.9267636 ], [ 36.0133066, 26.9272805 ], [ 36.0119833, 26.928538 ], [ 36.0111163, 26.9287769 ], [ 36.0109589, 26.9292877 ], [ 36.009929, 26.9302943 ], [ 36.0096457, 26.9301592 ], [ 36.0090723, 26.9301471 ], [ 36.0084888, 26.9305208 ], [ 36.0082906, 26.9325735 ], [ 36.0079971, 26.9328243 ], [ 36.0079903, 26.9330813 ], [ 36.0082702, 26.9333444 ], [ 36.0082636, 26.9336013 ], [ 36.00752, 26.9346139 ], [ 36.0063632, 26.9349747 ], [ 36.0060696, 26.9352255 ], [ 36.0049228, 26.9352012 ], [ 36.0032095, 26.9349076 ], [ 36.0029194, 26.9350305 ], [ 36.0029058, 26.9355444 ], [ 36.0023324, 26.9355323 ], [ 36.002346, 26.9350184 ], [ 36.001479, 26.9352571 ], [ 36.0011651, 26.9362788 ], [ 36.0020218, 26.9364251 ], [ 36.0023017, 26.9366882 ], [ 36.0028718, 26.9368292 ], [ 36.0028854, 26.9363153 ], [ 36.0031721, 26.9363214 ], [ 36.0031585, 26.9368354 ], [ 36.0040186, 26.9368536 ], [ 36.0038612, 26.9373644 ], [ 36.0032741, 26.9378662 ], [ 36.002967, 26.9386311 ], [ 36.0016433, 26.9398884 ], [ 36.0000001, 26.9402834 ], [ 35.999882, 26.9402412 ], [ 35.9991316, 26.940365 ], [ 35.9983988, 26.9406749 ], [ 35.9972905, 26.9410221 ], [ 35.9958443, 26.9409284 ], [ 35.9944334, 26.9405238 ], [ 35.9932425, 26.9406108 ], [ 35.9924765, 26.9405907 ], [ 35.9916622, 26.9408117 ], [ 35.9908747, 26.9408882 ], [ 35.9903715, 26.9411923 ], [ 35.9898776, 26.9416111 ], [ 35.989245, 26.9419862 ], [ 35.9887444, 26.9421494 ], [ 35.9875305, 26.942188 ], [ 35.9870434, 26.9421813 ], [ 35.9864619, 26.9427494 ], [ 35.9850476, 26.9433843 ], [ 35.9847675, 26.9436474 ], [ 35.9841048, 26.9441563 ], [ 35.9836444, 26.9445714 ], [ 35.983078, 26.9448928 ], [ 35.9827165, 26.9452868 ], [ 35.9822447, 26.9458866 ], [ 35.9819655, 26.9462604 ], [ 35.9815477, 26.9466727 ], [ 35.9802916, 26.9479847 ], [ 35.9800074, 26.9482488 ], [ 35.9797317, 26.9485109 ], [ 35.979383, 26.9487002 ], [ 35.9790279, 26.9490399 ], [ 35.9783318, 26.949826 ], [ 35.9778263, 26.9502973 ], [ 35.9773547, 26.9508751 ], [ 35.9768015, 26.9516581 ], [ 35.974999, 26.9540102 ], [ 35.9746623, 26.954468 ], [ 35.974302, 26.9547963 ], [ 35.9737488, 26.9555793 ], [ 35.9731887, 26.9561053 ], [ 35.9723554, 26.9571512 ], [ 35.9715356, 26.9587112 ], [ 35.9708395, 26.9594973 ], [ 35.970124, 26.9599495 ], [ 35.9694181, 26.9604 ], [ 35.9686381, 26.9609259 ], [ 35.9672004, 26.9617502 ], [ 35.9666053, 26.9621577 ], [ 35.9662391, 26.9631339 ], [ 35.966782, 26.9634395 ], [ 35.9669393, 26.9639503 ], [ 35.9664795, 26.9643331 ], [ 35.9664634, 26.9645368 ], [ 35.9684707, 26.9648275 ], [ 35.9692958, 26.9645033 ], [ 35.9701316, 26.9652979 ], [ 35.9702732, 26.9677354 ], [ 35.9699285, 26.9685154 ], [ 35.9695661, 26.9687088 ], [ 35.969314, 26.9694154 ], [ 35.9682381, 26.9697076 ], [ 35.9671113, 26.9705026 ], [ 35.9659473, 26.970757 ], [ 35.965133, 26.9706011 ], [ 35.9646513, 26.9702177 ], [ 35.9643626, 26.9696611 ], [ 35.9647832, 26.9692661 ], [ 35.9657696, 26.9686029 ], [ 35.9657561, 26.968089 ], [ 35.9651691, 26.9675872 ], [ 35.9650858, 26.9660294 ], [ 35.9647339, 26.9659539 ], [ 35.9646191, 26.966585 ], [ 35.9643088, 26.9676052 ], [ 35.9634753, 26.9686513 ], [ 35.9629151, 26.9691773 ], [ 35.9623753, 26.9704742 ], [ 35.9616856, 26.9715171 ], [ 35.9611154, 26.9716572 ], [ 35.960552, 26.9720552 ], [ 35.9605861, 26.9724886 ], [ 35.9602819, 26.9727033 ], [ 35.959435, 26.9732353 ], [ 35.9588714, 26.9736332 ], [ 35.9587096, 26.9740548 ], [ 35.9584275, 26.9744708 ], [ 35.9580447, 26.9749361 ], [ 35.9572956, 26.9756507 ], [ 35.9565714, 26.9768325 ], [ 35.9560941, 26.977162 ], [ 35.9546936, 26.978477 ], [ 35.9535598, 26.9790151 ], [ 35.9529996, 26.9795409 ], [ 35.952356, 26.9800422 ], [ 35.9520255, 26.980719 ], [ 35.9514719, 26.9815018 ], [ 35.9507754, 26.9822879 ], [ 35.950486, 26.9825931 ], [ 35.9502152, 26.9828137 ], [ 35.9498916, 26.9830683 ], [ 35.9492554, 26.983379 ], [ 35.9456945, 26.9842194 ], [ 35.9453759, 26.9843287 ], [ 35.9436936, 26.9850206 ], [ 35.9420102, 26.9857415 ], [ 35.9405399, 26.9859724 ], [ 35.9399943, 26.9862099 ], [ 35.9393559, 26.9863055 ], [ 35.9376849, 26.9865464 ], [ 35.9368378, 26.987143 ], [ 35.9359409, 26.987514 ], [ 35.9351366, 26.9878851 ], [ 35.933558, 26.9884079 ], [ 35.9324047, 26.9888362 ], [ 35.9308544, 26.9892645 ], [ 35.9295508, 26.9893802 ], [ 35.9289457, 26.989753 ], [ 35.9283781, 26.9898659 ], [ 35.9277237, 26.9899882 ], [ 35.9274485, 26.990231 ], [ 35.9268781, 26.990371 ], [ 35.9258451, 26.9906259 ], [ 35.9250179, 26.9909184 ], [ 35.9240295, 26.9912015 ], [ 35.9229858, 26.9917158 ], [ 35.9218099, 26.9922511 ], [ 35.9211941, 26.992546 ], [ 35.9196331, 26.9933974 ], [ 35.91897, 26.9937263 ], [ 35.9186267, 26.9941641 ], [ 35.9182313, 26.9945362 ], [ 35.9172544, 26.995585 ], [ 35.9163971, 26.9957309 ], [ 35.9158333, 26.9961287 ], [ 35.9154356, 26.9974224 ], [ 35.9148751, 26.9979482 ], [ 35.9152911, 26.9995491 ], [ 35.9151924, 27.0007593 ], [ 35.9149012, 27.0010765 ], [ 35.9139777, 27.0020807 ], [ 35.912802, 27.0028069 ], [ 35.9122591, 27.0029933 ], [ 35.9117057, 27.0030272 ], [ 35.9105713, 27.0035649 ], [ 35.9100108, 27.0040907 ], [ 35.9096456, 27.0044262 ], [ 35.9089847, 27.0052149 ], [ 35.9084755, 27.0057942 ], [ 35.9080148, 27.0065675 ], [ 35.9075016, 27.0069709 ], [ 35.906941, 27.0074967 ], [ 35.906781, 27.0078311 ], [ 35.9063837, 27.0081516 ], [ 35.9057821, 27.0081944 ], [ 35.9053924, 27.0086862 ], [ 35.9038743, 27.0110315 ], [ 35.9033617, 27.0113095 ], [ 35.9029229, 27.0117502 ], [ 35.9022824, 27.0120111 ], [ 35.9013219, 27.0122408 ], [ 35.900157, 27.0117425 ], [ 35.8990132, 27.0117741 ], [ 35.8990552, 27.0118706 ], [ 35.8984812, 27.0125913 ], [ 35.8973149, 27.0127095 ], [ 35.896917, 27.0140034 ], [ 35.8967025, 27.0168361 ], [ 35.8960543, 27.0178827 ], [ 35.8961509, 27.0183492 ], [ 35.8960386, 27.0189066 ], [ 35.895468, 27.0190465 ], [ 35.8949417, 27.0197054 ], [ 35.8942315, 27.0214143 ], [ 35.8935419, 27.0223007 ], [ 35.8932906, 27.0224083 ], [ 35.8929711, 27.0224405 ], [ 35.89262, 27.0228547 ], [ 35.8921335, 27.0233581 ], [ 35.8916684, 27.023755 ], [ 35.8914838, 27.0244221 ], [ 35.891168, 27.0249206 ], [ 35.8908878, 27.0251835 ], [ 35.8906205, 27.0259603 ], [ 35.8904517, 27.027035 ], [ 35.8902071, 27.0280815 ], [ 35.8892393, 27.02872 ], [ 35.8882652, 27.0293259 ], [ 35.8881396, 27.029928 ], [ 35.8870088, 27.0306237 ], [ 35.8865852, 27.0309285 ], [ 35.8861441, 27.0314226 ], [ 35.8857505, 27.0319741 ], [ 35.8853716, 27.0324815 ], [ 35.8850524, 27.0327597 ], [ 35.8849159, 27.0330198 ], [ 35.8844285, 27.033527 ], [ 35.8840747, 27.0338083 ], [ 35.8835638, 27.0341415 ], [ 35.8826629, 27.0347367 ], [ 35.8826272, 27.0350542 ], [ 35.8825145, 27.0355683 ], [ 35.8823783, 27.036157 ], [ 35.8818643, 27.0371961 ], [ 35.8812869, 27.0370791 ], [ 35.8803022, 27.0376745 ], [ 35.8811047, 27.0377472 ], [ 35.8811058, 27.0383081 ], [ 35.8805565, 27.0387056 ], [ 35.8801949, 27.0392874 ], [ 35.8790641, 27.039559 ], [ 35.8784861, 27.0398367 ], [ 35.8775825, 27.0402423 ], [ 35.8772198, 27.0405347 ], [ 35.8766898, 27.0406847 ], [ 35.8765033, 27.0409056 ], [ 35.8757017, 27.0413603 ], [ 35.8748042, 27.0418399 ], [ 35.8733824, 27.0423832 ], [ 35.8728214, 27.0429089 ], [ 35.8721644, 27.0433632 ], [ 35.8715786, 27.0436069 ], [ 35.8711806, 27.0437923 ], [ 35.870842, 27.0441069 ], [ 35.8692547, 27.044916 ], [ 35.868715, 27.0451787 ], [ 35.8682981, 27.0457015 ], [ 35.8679136, 27.046034 ], [ 35.8675886, 27.0463436 ], [ 35.8671143, 27.0466762 ], [ 35.8667583, 27.0472757 ], [ 35.8659169, 27.0480642 ], [ 35.8654836, 27.0490793 ], [ 35.8643645, 27.0502049 ], [ 35.8637444, 27.0509751 ], [ 35.863138, 27.0517206 ], [ 35.8624827, 27.0526625 ], [ 35.8620292, 27.0532859 ], [ 35.8614746, 27.0540685 ], [ 35.8609398, 27.0556221 ], [ 35.8605228, 27.0561449 ], [ 35.8600419, 27.056645 ], [ 35.8595502, 27.0574503 ], [ 35.8589891, 27.0579759 ], [ 35.8583047, 27.0592755 ], [ 35.8575313, 27.0603798 ], [ 35.8563887, 27.0621244 ], [ 35.8548594, 27.0650022 ], [ 35.8537566, 27.0668245 ], [ 35.8532021, 27.0676072 ], [ 35.8523605, 27.0683955 ], [ 35.8520864, 27.0689154 ], [ 35.8506835, 27.0702296 ], [ 35.8504159, 27.0710063 ], [ 35.8494378, 27.0720545 ], [ 35.8491028, 27.0723536 ], [ 35.8487391, 27.0728402 ], [ 35.8480413, 27.0736257 ], [ 35.8474703, 27.0737654 ], [ 35.8469059, 27.074163 ], [ 35.8465, 27.0748413 ], [ 35.8452191, 27.0756108 ], [ 35.844675, 27.0762532 ], [ 35.8439283, 27.0766754 ], [ 35.8436754, 27.0770568 ], [ 35.8431142, 27.0775824 ], [ 35.842482, 27.0782297 ], [ 35.8421326, 27.0785017 ], [ 35.8415752, 27.0790659 ], [ 35.8410071, 27.0794824 ], [ 35.8406718, 27.0797692 ], [ 35.8397378, 27.0805931 ], [ 35.8388889, 27.0806265 ], [ 35.8383085, 27.0809327 ], [ 35.8373646, 27.0817313 ], [ 35.8367625, 27.082202 ], [ 35.8363365, 27.082728 ], [ 35.8361005, 27.0829856 ], [ 35.8358205, 27.0832669 ], [ 35.8354329, 27.0836363 ], [ 35.8347213, 27.0842692 ], [ 35.8342426, 27.084575 ], [ 35.8338002, 27.0849586 ], [ 35.8333703, 27.085216 ], [ 35.8326112, 27.0859241 ], [ 35.8312857, 27.0867637 ], [ 35.8309348, 27.08704 ], [ 35.8303059, 27.0873731 ], [ 35.829962, 27.0876676 ], [ 35.8296436, 27.0882529 ], [ 35.8293239, 27.088447 ], [ 35.8292601, 27.0886242 ], [ 35.8285128, 27.0894459 ], [ 35.8282832, 27.0899469 ], [ 35.8280761, 27.0901537 ], [ 35.8277843, 27.091021 ], [ 35.8275845, 27.0912462 ], [ 35.8273597, 27.091543 ], [ 35.8269947, 27.0918365 ], [ 35.8264912, 27.0921686 ], [ 35.8263083, 27.0925118 ], [ 35.8260665, 27.0926595 ], [ 35.8258773, 27.092934 ], [ 35.8254071, 27.0931534 ], [ 35.8251297, 27.0934411 ], [ 35.8249093, 27.0938373 ], [ 35.8246679, 27.0940823 ], [ 35.8243688, 27.0943843 ], [ 35.8239614, 27.094593 ], [ 35.8237221, 27.094625 ], [ 35.8231419, 27.0948474 ], [ 35.8229421, 27.0951657 ], [ 35.8223746, 27.0956332 ], [ 35.821054, 27.0970545 ], [ 35.8207092, 27.0972846 ], [ 35.8204442, 27.097367 ], [ 35.8196655, 27.0980196 ], [ 35.8195346, 27.0980375 ], [ 35.8191731, 27.0983102 ], [ 35.8188636, 27.0987996 ], [ 35.8178347, 27.099488 ], [ 35.817406, 27.1001485 ], [ 35.8172605, 27.1004733 ], [ 35.8165971, 27.1014997 ], [ 35.8161642, 27.1019617 ], [ 35.8158827, 27.102815 ], [ 35.8151726, 27.1038263 ], [ 35.8147971, 27.104601 ], [ 35.8141431, 27.1056478 ], [ 35.8138098, 27.1060704 ], [ 35.8132599, 27.1067246 ], [ 35.813055, 27.1067217 ], [ 35.8128576, 27.1070183 ], [ 35.8127996, 27.1072468 ], [ 35.812694, 27.10769 ], [ 35.8122564, 27.1084824 ], [ 35.8118249, 27.1090089 ], [ 35.8112154, 27.1094924 ], [ 35.8100687, 27.1101102 ], [ 35.8092992, 27.1105856 ], [ 35.8078929, 27.1110745 ], [ 35.8045373, 27.1118669 ], [ 35.8017792, 27.1124524 ], [ 35.8005661, 27.1130783 ], [ 35.800038, 27.1134489 ], [ 35.8000795, 27.1144118 ], [ 35.8004979, 27.1150091 ], [ 35.8008402, 27.1155062 ], [ 35.8011449, 27.115965 ], [ 35.8012023, 27.1164855 ], [ 35.8009807, 27.1170231 ], [ 35.8007066, 27.1172365 ], [ 35.8009341, 27.1178563 ], [ 35.8014689, 27.1182211 ], [ 35.8019324, 27.1186575 ], [ 35.8023723, 27.1190949 ], [ 35.8025058, 27.1194453 ], [ 35.8027365, 27.1202284 ], [ 35.8028336, 27.1208443 ], [ 35.802641, 27.1213256 ], [ 35.8027853, 27.121751 ], [ 35.8025198, 27.1222523 ], [ 35.8029586, 27.122788 ], [ 35.8034725, 27.1237945 ], [ 35.8036683, 27.1246238 ], [ 35.8035438, 27.1250072 ], [ 35.8032842, 27.125159 ], [ 35.8033411, 27.1257166 ], [ 35.8032606, 27.126259 ], [ 35.8029521, 27.1266629 ], [ 35.802795, 27.1272974 ], [ 35.8022896, 27.1277419 ], [ 35.7997099, 27.1303792 ], [ 35.7984208, 27.13163 ], [ 35.7981252, 27.1321394 ], [ 35.7980469, 27.1325667 ], [ 35.7982079, 27.1328331 ], [ 35.7977712, 27.1331257 ], [ 35.7973002, 27.1333158 ], [ 35.7969252, 27.1334785 ], [ 35.796554, 27.1337898 ], [ 35.7970143, 27.1338972 ], [ 35.7970094, 27.134093 ], [ 35.796687, 27.1343441 ], [ 35.7960025, 27.134314 ], [ 35.7953974, 27.1346024 ], [ 35.7927729, 27.1382465 ], [ 35.7913335, 27.1381461 ], [ 35.7904876, 27.1388061 ], [ 35.7902195, 27.1395829 ], [ 35.7896482, 27.1397224 ], [ 35.788799, 27.1402535 ], [ 35.7882341, 27.140651 ], [ 35.7884033, 27.1440363 ], [ 35.7886678, 27.1448216 ], [ 35.7889612, 27.1457075 ], [ 35.7893335, 27.1463701 ], [ 35.7897669, 27.1474585 ], [ 35.7899032, 27.1486533 ], [ 35.7897755, 27.1495349 ], [ 35.7896527, 27.1502485 ], [ 35.7892691, 27.1509258 ], [ 35.789098, 27.1519764 ], [ 35.7891967, 27.1528332 ], [ 35.7893925, 27.1583699 ], [ 35.7892558, 27.1586298 ], [ 35.7886811, 27.1586411 ], [ 35.7888306, 27.1588953 ], [ 35.7887004, 27.1594122 ], [ 35.7875575, 27.159692 ], [ 35.7880198, 27.1609685 ], [ 35.7881672, 27.1610936 ], [ 35.7890323, 27.1612055 ], [ 35.7897949, 27.1629902 ], [ 35.7898141, 27.1637613 ], [ 35.7888346, 27.1648093 ], [ 35.7888582, 27.1652954 ], [ 35.7887209, 27.1656295 ], [ 35.7890696, 27.1660552 ], [ 35.789253, 27.1663759 ], [ 35.7893346, 27.1669334 ], [ 35.7892541, 27.1677695 ], [ 35.7891833, 27.1691001 ], [ 35.7895497, 27.1704519 ], [ 35.7902261, 27.1711762 ], [ 35.791012, 27.1714513 ], [ 35.7913065, 27.1718004 ], [ 35.7915996, 27.1719539 ], [ 35.792299, 27.1726375 ], [ 35.7927989, 27.1735614 ], [ 35.7933813, 27.1742325 ], [ 35.7937709, 27.17554 ], [ 35.7941003, 27.1766433 ], [ 35.794375, 27.1770032 ], [ 35.794614, 27.1775506 ], [ 35.7953813, 27.1788872 ], [ 35.7958115, 27.1794547 ], [ 35.795958, 27.1795808 ], [ 35.7964242, 27.1800277 ], [ 35.7969835, 27.1803317 ], [ 35.7971394, 27.1808429 ], [ 35.7972868, 27.1809681 ], [ 35.7978648, 27.1810856 ], [ 35.7979488, 27.1818029 ], [ 35.7998681, 27.1821684 ], [ 35.8017156, 27.1819814 ], [ 35.8028164, 27.1822333 ], [ 35.8048506, 27.1829501 ], [ 35.8066091, 27.1836745 ], [ 35.8081969, 27.184876 ], [ 35.8090874, 27.185295 ], [ 35.8097695, 27.1857327 ], [ 35.8107166, 27.1866783 ], [ 35.8112198, 27.1875086 ], [ 35.8115454, 27.1877541 ], [ 35.8124541, 27.188933 ], [ 35.8127642, 27.1892641 ], [ 35.8132041, 27.189757 ], [ 35.813961, 27.1907367 ], [ 35.8145221, 27.1917897 ], [ 35.8148397, 27.1925728 ], [ 35.8155167, 27.1934178 ], [ 35.8160392, 27.1941574 ], [ 35.8163814, 27.1946951 ], [ 35.8167897, 27.1956957 ], [ 35.8170552, 27.1965798 ], [ 35.8173905, 27.1969897 ], [ 35.8174345, 27.1975031 ], [ 35.817457, 27.1977879 ], [ 35.8173894, 27.1980918 ], [ 35.8176335, 27.1983605 ], [ 35.8173953, 27.1988738 ], [ 35.8171024, 27.1991262 ], [ 35.8169018, 27.1996096 ], [ 35.8161679, 27.2000881 ], [ 35.8151428, 27.200893 ], [ 35.8137979, 27.2014384 ], [ 35.8123082, 27.2021927 ], [ 35.8111758, 27.202779 ], [ 35.8106367, 27.2030958 ], [ 35.8100765, 27.2037255 ], [ 35.809236, 27.204696 ], [ 35.8082844, 27.2052104 ], [ 35.8078322, 27.2055124 ], [ 35.8075307, 27.2059083 ], [ 35.8072732, 27.2066101 ], [ 35.8072507, 27.2075705 ], [ 35.8072957, 27.2091692 ], [ 35.8074733, 27.2103195 ], [ 35.8074566, 27.2113795 ], [ 35.807175, 27.2123456 ], [ 35.8080553, 27.2142896 ], [ 35.8083096, 27.2152862 ], [ 35.8079893, 27.2162646 ], [ 35.8089877, 27.2167169 ], [ 35.8088836, 27.2172106 ], [ 35.8087623, 27.2177244 ], [ 35.8086293, 27.2186022 ], [ 35.8080886, 27.2198444 ], [ 35.8081835, 27.2205604 ], [ 35.8082887, 27.2215603 ], [ 35.8078863, 27.2228005 ], [ 35.8076744, 27.2232103 ], [ 35.8075688, 27.22413 ], [ 35.8072753, 27.2252028 ], [ 35.8063972, 27.2259011 ], [ 35.8054321, 27.2270202 ], [ 35.8047868, 27.2276422 ], [ 35.8042187, 27.2283014 ], [ 35.8037895, 27.2287832 ], [ 35.8033577, 27.2292187 ], [ 35.8027462, 27.2301588 ], [ 35.8019393, 27.231046 ], [ 35.8010714, 27.2321369 ], [ 35.8003429, 27.2330193 ], [ 35.7996149, 27.2340009 ], [ 35.7992764, 27.2339947 ], [ 35.7983607, 27.2350417 ], [ 35.7981606, 27.2351228 ], [ 35.7978393, 27.2353422 ], [ 35.7975486, 27.2354013 ], [ 35.7973109, 27.2355821 ], [ 35.7969461, 27.2363863 ], [ 35.7964231, 27.236661 ], [ 35.7961238, 27.2370487 ], [ 35.7956902, 27.2379542 ], [ 35.7952314, 27.2387978 ], [ 35.7949538, 27.2393081 ], [ 35.7946121, 27.2402997 ], [ 35.7942173, 27.2410017 ], [ 35.793588, 27.2419427 ], [ 35.7921654, 27.2436745 ], [ 35.7912293, 27.2449636 ], [ 35.7904675, 27.2450814 ], [ 35.7898227, 27.2453151 ], [ 35.7893737, 27.24603 ], [ 35.7887202, 27.2468357 ], [ 35.788452, 27.2476123 ], [ 35.7881708, 27.247875 ], [ 35.7873841, 27.2492445 ], [ 35.786919, 27.2495709 ], [ 35.7864721, 27.2502007 ], [ 35.7858064, 27.2511588 ], [ 35.7846311, 27.2526338 ], [ 35.7838639, 27.2536071 ], [ 35.7830512, 27.2547092 ], [ 35.7824778, 27.2552238 ], [ 35.7815159, 27.256178 ], [ 35.7809773, 27.2568824 ], [ 35.7806013, 27.2569539 ], [ 35.7803496, 27.2572874 ], [ 35.7794726, 27.2580827 ], [ 35.7790295, 27.2579863 ], [ 35.778492, 27.2585562 ], [ 35.7778255, 27.2599088 ], [ 35.7772695, 27.2606913 ], [ 35.7771364, 27.2613211 ], [ 35.7767263, 27.2619876 ], [ 35.7761091, 27.2628146 ], [ 35.7758511, 27.2633377 ], [ 35.7752068, 27.2641264 ], [ 35.7750969, 27.2646657 ], [ 35.7747898, 27.2651116 ], [ 35.773685, 27.2660499 ], [ 35.773104, 27.266533 ], [ 35.7726496, 27.2672006 ], [ 35.7714216, 27.2685212 ], [ 35.7713112, 27.2691021 ], [ 35.7705951, 27.2702355 ], [ 35.7700956, 27.2705307 ], [ 35.7695608, 27.2714662 ], [ 35.7688366, 27.2723402 ], [ 35.7686381, 27.2726783 ], [ 35.7684005, 27.2729572 ], [ 35.7678102, 27.2737353 ], [ 35.7666399, 27.2751748 ], [ 35.76627, 27.2754367 ], [ 35.7657044, 27.275834 ], [ 35.7654168, 27.276218 ], [ 35.7650558, 27.276516 ], [ 35.7646513, 27.2769723 ], [ 35.7644477, 27.2774015 ], [ 35.7641665, 27.2776642 ], [ 35.7630934, 27.2800585 ], [ 35.7630275, 27.2804223 ], [ 35.7625066, 27.2808791 ], [ 35.762167, 27.2812629 ], [ 35.7618144, 27.2814388 ], [ 35.7613554, 27.2817845 ], [ 35.7608737, 27.2823194 ], [ 35.7603506, 27.2827776 ], [ 35.7599856, 27.2831466 ], [ 35.7594934, 27.2834994 ], [ 35.7589952, 27.2838084 ], [ 35.758354, 27.2845382 ], [ 35.7581121, 27.2848977 ], [ 35.7575257, 27.2847628 ], [ 35.7566063, 27.2858365 ], [ 35.7556364, 27.2873992 ], [ 35.7550409, 27.2880471 ], [ 35.7540753, 27.2910282 ], [ 35.753636, 27.2923473 ], [ 35.7533232, 27.293049 ], [ 35.7527794, 27.2943454 ], [ 35.752525, 27.2949087 ], [ 35.7514298, 27.2979717 ], [ 35.75117, 27.2986975 ], [ 35.7506791, 27.3002172 ], [ 35.7503231, 27.3004873 ], [ 35.7492614, 27.3034142 ], [ 35.7487558, 27.3062526 ], [ 35.7485553, 27.3064576 ], [ 35.7481309, 27.3070361 ], [ 35.7480193, 27.3074208 ], [ 35.7477363, 27.3078117 ], [ 35.7474308, 27.3082801 ], [ 35.7472746, 27.3083783 ], [ 35.7471186, 27.3087267 ], [ 35.7470649, 27.3105571 ], [ 35.7468281, 27.3116936 ], [ 35.7464964, 27.3125614 ], [ 35.7459914, 27.3138908 ], [ 35.7455363, 27.3151736 ], [ 35.745343, 27.3154685 ], [ 35.7448109, 27.3160626 ], [ 35.7446581, 27.3166178 ], [ 35.743337, 27.319987 ], [ 35.7431347, 27.3203292 ], [ 35.7429626, 27.3205247 ], [ 35.7426982, 27.3205807 ], [ 35.7418781, 27.3207945 ], [ 35.7417911, 27.3210654 ], [ 35.7414759, 27.3211069 ], [ 35.7414665, 27.3211504 ], [ 35.7412421, 27.3221834 ], [ 35.7410682, 27.3225712 ], [ 35.7408294, 27.3228505 ], [ 35.7405123, 27.3230257 ], [ 35.7401099, 27.3231166 ], [ 35.7396495, 27.3230863 ], [ 35.7384849, 27.3227536 ], [ 35.7382991, 27.3226288 ], [ 35.7381449, 27.322352 ], [ 35.738194, 27.3221498 ], [ 35.7384928, 27.3222016 ], [ 35.738608, 27.3217406 ], [ 35.738334, 27.3216681 ], [ 35.7382674, 27.3215203 ], [ 35.738322, 27.3212574 ], [ 35.7379334, 27.3211901 ], [ 35.7379074, 27.3212859 ], [ 35.7378751, 27.3214049 ], [ 35.73792, 27.3216474 ], [ 35.7376652, 27.3226438 ], [ 35.7370271, 27.3226742 ], [ 35.7368182, 27.3219167 ], [ 35.7369931, 27.3212693 ], [ 35.7366491, 27.321202 ], [ 35.7364626, 27.3219064 ], [ 35.7366606, 27.3227913 ], [ 35.7362925, 27.3230946 ], [ 35.7357379, 27.3235782 ], [ 35.7350839, 27.3241279 ], [ 35.7341279, 27.3248211 ], [ 35.7326655, 27.3256796 ], [ 35.7321131, 27.3259311 ], [ 35.731905, 27.3259947 ], [ 35.7317754, 27.3259493 ], [ 35.7311652, 27.3231782 ], [ 35.7311961, 27.3231397 ], [ 35.7311796, 27.3230408 ], [ 35.7311157, 27.3229932 ], [ 35.7309467, 27.3230207 ], [ 35.7309282, 27.3231819 ], [ 35.7309694, 27.3234144 ], [ 35.7310415, 27.3234785 ], [ 35.731159, 27.3240041 ], [ 35.7311302, 27.3241029 ], [ 35.7311322, 27.3241927 ], [ 35.7311693, 27.3242934 ], [ 35.7312311, 27.3243648 ], [ 35.7315503, 27.3259749 ], [ 35.7307388, 27.3267874 ], [ 35.7295329, 27.3275047 ], [ 35.7292358, 27.3276958 ], [ 35.7289153, 27.3279718 ], [ 35.7286228, 27.3282836 ], [ 35.7279196, 27.3289633 ], [ 35.7269264, 27.3296657 ], [ 35.725352, 27.3308233 ], [ 35.7249886, 27.3307514 ], [ 35.7241243, 27.3309932 ], [ 35.7221621, 27.3320213 ], [ 35.7219934, 27.3319983 ], [ 35.7218924, 27.3317011 ], [ 35.7210381, 27.3319534 ], [ 35.7193772, 27.3324734 ], [ 35.7178881, 27.3329552 ], [ 35.7172629, 27.3331752 ], [ 35.716926, 27.3332838 ], [ 35.7169093, 27.3333252 ], [ 35.7168693, 27.333383 ], [ 35.7168043, 27.3334525 ], [ 35.7167193, 27.3334896 ], [ 35.716616, 27.3335044 ], [ 35.7164993, 27.3334866 ], [ 35.7164143, 27.3334555 ], [ 35.7163527, 27.3333948 ], [ 35.716266, 27.3332986 ], [ 35.716271, 27.3334022 ], [ 35.716251, 27.333497 ], [ 35.716196, 27.3335591 ], [ 35.7161127, 27.3336169 ], [ 35.7160077, 27.3336509 ], [ 35.715876, 27.3336361 ], [ 35.7158077, 27.3336036 ], [ 35.7157194, 27.3335162 ], [ 35.7156827, 27.3334451 ], [ 35.715786, 27.3333963 ], [ 35.715856, 27.3333385 ], [ 35.7158877, 27.3332778 ], [ 35.7159227, 27.3331831 ], [ 35.715896, 27.3330632 ], [ 35.7158577, 27.3329314 ], [ 35.715866, 27.3328455 ], [ 35.7159344, 27.3327789 ], [ 35.7160077, 27.3327463 ], [ 35.7159493, 27.332656 ], [ 35.7158544, 27.3325953 ], [ 35.7157244, 27.3325716 ], [ 35.7156294, 27.3325894 ], [ 35.7155744, 27.332619 ], [ 35.7155094, 27.3326753 ], [ 35.715466, 27.3326412 ], [ 35.715401, 27.3325953 ], [ 35.7152844, 27.3325553 ], [ 35.7151794, 27.3325243 ], [ 35.7151044, 27.3324621 ], [ 35.7150511, 27.332388 ], [ 35.7150077, 27.3324073 ], [ 35.7150261, 27.3324636 ], [ 35.7150444, 27.3325405 ], [ 35.7150377, 27.3326353 ], [ 35.7149977, 27.3327212 ], [ 35.7149394, 27.3327982 ], [ 35.7149194, 27.332887 ], [ 35.7149377, 27.3329625 ], [ 35.7148677, 27.3329492 ], [ 35.7147744, 27.3329788 ], [ 35.7147061, 27.3330232 ], [ 35.7146477, 27.3330987 ], [ 35.7146327, 27.3331638 ], [ 35.7146327, 27.3332482 ], [ 35.7146677, 27.3333311 ], [ 35.7147827, 27.333306 ], [ 35.7148644, 27.3333119 ], [ 35.7149377, 27.333343 ], [ 35.7150077, 27.3334022 ], [ 35.7150711, 27.3335058 ], [ 35.7151477, 27.3335621 ], [ 35.7152544, 27.3335873 ], [ 35.7153777, 27.3335799 ], [ 35.715446, 27.3335443 ], [ 35.715491, 27.3336036 ], [ 35.715521, 27.3336939 ], [ 35.715521, 27.3337857 ], [ 35.7154727, 27.3338804 ], [ 35.7154027, 27.3339411 ], [ 35.7152944, 27.3339737 ], [ 35.715176, 27.3339855 ], [ 35.7150894, 27.3339589 ], [ 35.7149677, 27.3338982 ], [ 35.7150244, 27.3340107 ], [ 35.7150344, 27.3341129 ], [ 35.7150011, 27.3342046 ], [ 35.7149311, 27.3342905 ], [ 35.7148427, 27.3343438 ], [ 35.7147561, 27.3343749 ], [ 35.7146611, 27.3343838 ], [ 35.7145544, 27.3343601 ], [ 35.7144611, 27.3343024 ], [ 35.7145294, 27.3342446 ], [ 35.7145811, 27.3341306 ], [ 35.7146261, 27.3340048 ], [ 35.7146527, 27.3338478 ], [ 35.7146361, 27.3337146 ], [ 35.7145644, 27.3335532 ], [ 35.7144927, 27.3334585 ], [ 35.7144361, 27.3333474 ], [ 35.7144194, 27.3332379 ], [ 35.7144311, 27.3330795 ], [ 35.7144811, 27.3329521 ], [ 35.7145494, 27.3328574 ], [ 35.7146344, 27.3327819 ], [ 35.7145344, 27.3327064 ], [ 35.7144294, 27.3326797 ], [ 35.7143278, 27.3327064 ], [ 35.7141928, 27.3327685 ], [ 35.7141128, 27.3328426 ], [ 35.7140811, 27.332927 ], [ 35.7140661, 27.3330099 ], [ 35.7140694, 27.3330824 ], [ 35.7141061, 27.3331727 ], [ 35.7140061, 27.3331105 ], [ 35.7139394, 27.3330854 ], [ 35.7138111, 27.3331002 ], [ 35.7137228, 27.3331313 ], [ 35.7136528, 27.333192 ], [ 35.7136144, 27.3332675 ], [ 35.7135961, 27.3333445 ], [ 35.7136128, 27.333454 ], [ 35.7136478, 27.3335414 ], [ 35.7137194, 27.333494 ], [ 35.7137911, 27.3334748 ], [ 35.7138744, 27.3334673 ], [ 35.7139511, 27.3334955 ], [ 35.7140278, 27.3335429 ], [ 35.7141194, 27.3336332 ], [ 35.7141961, 27.3337072 ], [ 35.7142828, 27.3337472 ], [ 35.7143861, 27.3337398 ], [ 35.7144311, 27.3338138 ], [ 35.7144394, 27.3338878 ], [ 35.7144144, 27.3339766 ], [ 35.7143528, 27.334027 ], [ 35.7142644, 27.334064 ], [ 35.7141628, 27.3340551 ], [ 35.7142128, 27.3341277 ], [ 35.7142211, 27.3341839 ], [ 35.7142078, 27.3342653 ], [ 35.7141628, 27.3343453 ], [ 35.7141344, 27.3344208 ], [ 35.7141194, 27.3345126 ], [ 35.7141511, 27.3346444 ], [ 35.7140628, 27.3345585 ], [ 35.7139844, 27.3345052 ], [ 35.7138511, 27.3344785 ], [ 35.7137394, 27.3344356 ], [ 35.7136578, 27.3343719 ], [ 35.7136161, 27.3343053 ], [ 35.7135061, 27.3343912 ], [ 35.7134445, 27.334409 ], [ 35.7133345, 27.334409 ], [ 35.7132661, 27.3343808 ], [ 35.7132195, 27.3343334 ], [ 35.7131961, 27.3342846 ], [ 35.7132645, 27.3342239 ], [ 35.7133111, 27.3341587 ], [ 35.7133078, 27.334067 ], [ 35.7132545, 27.3339796 ], [ 35.7132361, 27.3338937 ], [ 35.7132628, 27.3338049 ], [ 35.7133145, 27.3337235 ], [ 35.7133828, 27.3336643 ], [ 35.7134745, 27.3336346 ], [ 35.7134395, 27.3335295 ], [ 35.7133578, 27.3334481 ], [ 35.7132161, 27.3334037 ], [ 35.7130428, 27.3334215 ], [ 35.7129561, 27.3334673 ], [ 35.7128928, 27.3335355 ], [ 35.7128545, 27.3336258 ], [ 35.7128678, 27.3337279 ], [ 35.7127712, 27.3336391 ], [ 35.7126795, 27.3335813 ], [ 35.7125412, 27.3335458 ], [ 35.7123962, 27.3335725 ], [ 35.7123012, 27.3336465 ], [ 35.7122328, 27.3337501 ], [ 35.7121995, 27.3338686 ], [ 35.7123562, 27.3338686 ], [ 35.7125462, 27.3339145 ], [ 35.7126945, 27.3339885 ], [ 35.7128012, 27.334098 ], [ 35.7128928, 27.3342653 ], [ 35.7129611, 27.3343897 ], [ 35.7130611, 27.3345141 ], [ 35.7131761, 27.334597 ], [ 35.7133178, 27.3346532 ], [ 35.7134478, 27.3346799 ], [ 35.7135828, 27.3346991 ], [ 35.7136978, 27.3346858 ], [ 35.7136628, 27.3348042 ], [ 35.7136161, 27.3348798 ], [ 35.7135445, 27.3349405 ], [ 35.7134545, 27.3349834 ], [ 35.7133545, 27.3349967 ], [ 35.7132578, 27.3349745 ], [ 35.7131745, 27.3349286 ], [ 35.7130845, 27.3348546 ], [ 35.7130111, 27.334785 ], [ 35.7130161, 27.3348694 ], [ 35.7130061, 27.3349434 ], [ 35.7129728, 27.3350012 ], [ 35.7128978, 27.3350545 ], [ 35.7127728, 27.33509 ], [ 35.7126478, 27.3350841 ], [ 35.7125362, 27.3350471 ], [ 35.7124745, 27.334973 ], [ 35.7124362, 27.3348827 ], [ 35.7125062, 27.3348531 ], [ 35.7125678, 27.3347968 ], [ 35.7126012, 27.3347361 ], [ 35.7126262, 27.3346488 ], [ 35.7126078, 27.3345466 ], [ 35.7125695, 27.3344341 ], [ 35.7125562, 27.3343542 ], [ 35.7125762, 27.3342846 ], [ 35.7126275, 27.3342257 ], [ 35.7125558, 27.3341443 ], [ 35.7124875, 27.3340984 ], [ 35.7123858, 27.3340673 ], [ 35.7122608, 27.3341029 ], [ 35.7121808, 27.3341488 ], [ 35.7121175, 27.3340999 ], [ 35.7120542, 27.3340703 ], [ 35.7119308, 27.3340614 ], [ 35.7118342, 27.3340348 ], [ 35.7117342, 27.3339711 ], [ 35.7116825, 27.3339089 ], [ 35.7116575, 27.3339193 ], [ 35.7116808, 27.3339859 ], [ 35.7116958, 27.3340629 ], [ 35.7116825, 27.3341473 ], [ 35.7116358, 27.3342317 ], [ 35.7116292, 27.3343264 ], [ 35.7116575, 27.3344315 ], [ 35.7115442, 27.3344715 ], [ 35.7114709, 27.3345352 ], [ 35.7114259, 27.3346358 ], [ 35.7114409, 27.3347424 ], [ 35.7114809, 27.3348091 ], [ 35.7115542, 27.3347972 ], [ 35.7116258, 27.3348076 ], [ 35.7117108, 27.3348535 ], [ 35.7117792, 27.3349467 ], [ 35.7118542, 27.3350015 ], [ 35.7119492, 27.3350341 ], [ 35.7120958, 27.3350371 ], [ 35.7121975, 27.3349867 ], [ 35.7122458, 27.3350533 ], [ 35.7122708, 27.3351288 ], [ 35.7122608, 27.3352532 ], [ 35.7122158, 27.3353406 ], [ 35.7121158, 27.3354146 ], [ 35.7120192, 27.3354486 ], [ 35.7118942, 27.3354442 ], [ 35.7117925, 27.3354042 ], [ 35.7118058, 27.3355093 ], [ 35.7118042, 27.3356041 ], [ 35.7117792, 27.3356707 ], [ 35.7117108, 27.3357462 ], [ 35.7115875, 27.335801 ], [ 35.7114325, 27.335801 ], [ 35.7113142, 27.3357684 ], [ 35.7113575, 27.3357048 ], [ 35.7114042, 27.3356426 ], [ 35.7114492, 27.3355389 ], [ 35.7114775, 27.3354042 ], [ 35.7114842, 27.3352873 ], [ 35.7114575, 27.3351881 ], [ 35.7113925, 27.3350726 ], [ 35.7113075, 27.3349571 ], [ 35.7112492, 27.3348476 ], [ 35.7112125, 27.3347217 ], [ 35.7112159, 27.3345781 ], [ 35.7112525, 27.3344493 ], [ 35.7113092, 27.3343397 ], [ 35.7113909, 27.3342553 ], [ 35.7113309, 27.3342183 ], [ 35.7112409, 27.3341754 ], [ 35.7110809, 27.3341769 ], [ 35.7109425, 27.3342287 ], [ 35.7108575, 27.3343012 ], [ 35.7107992, 27.3344271 ], [ 35.7107959, 27.3345263 ], [ 35.7108259, 27.3346122 ], [ 35.7107092, 27.3345603 ], [ 35.7105859, 27.3345633 ], [ 35.7104659, 27.3345973 ], [ 35.7103759, 27.3346566 ], [ 35.7103059, 27.3347439 ], [ 35.7102859, 27.3348017 ], [ 35.7102909, 27.3348949 ], [ 35.7103426, 27.3349808 ], [ 35.7104026, 27.3350504 ], [ 35.7104676, 27.3350104 ], [ 35.7105659, 27.3349823 ], [ 35.7106442, 27.3349793 ], [ 35.7107226, 27.3349986 ], [ 35.7107976, 27.335043 ], [ 35.7108492, 27.3350948 ], [ 35.7109042, 27.3351807 ], [ 35.7109692, 27.3352295 ], [ 35.7110509, 27.3352547 ], [ 35.7111509, 27.3352517 ], [ 35.7112142, 27.3352266 ], [ 35.7112325, 27.3352576 ], [ 35.7112509, 27.3353109 ], [ 35.7112425, 27.3354042 ], [ 35.7112042, 27.3354916 ], [ 35.7111242, 27.3355419 ], [ 35.7110409, 27.3355656 ], [ 35.7109425, 27.3355597 ], [ 35.7109825, 27.3356515 ], [ 35.7109892, 27.3357477 ], [ 35.7109542, 27.3358513 ], [ 35.7109042, 27.3359283 ], [ 35.7108859, 27.3360275 ], [ 35.7108975, 27.3361371 ], [ 35.7108492, 27.3360823 ], [ 35.7107976, 27.3360379 ], [ 35.7107259, 27.3360023 ], [ 35.7105909, 27.3359875 ], [ 35.7105026, 27.3359535 ], [ 35.7104392, 27.3359031 ], [ 35.7103926, 27.3358247 ], [ 35.7103559, 27.335875 ], [ 35.7103076, 27.3359194 ], [ 35.7102392, 27.3359564 ], [ 35.7101276, 27.3359727 ], [ 35.7100226, 27.3359431 ], [ 35.7099393, 27.3358839 ], [ 35.7098909, 27.3358084 ], [ 35.7099459, 27.335801 ], [ 35.7100026, 27.3357684 ], [ 35.7100576, 27.3357062 ], [ 35.7100709, 27.3356322 ], [ 35.7100559, 27.3355463 ], [ 35.7100093, 27.335459 ], [ 35.7099909, 27.3353998 ], [ 35.7100043, 27.3352887 ], [ 35.7100476, 27.3352177 ], [ 35.7101226, 27.3351511 ], [ 35.7102126, 27.3351288 ], [ 35.7101842, 27.3350741 ], [ 35.7101442, 27.3350178 ], [ 35.7100692, 27.334963 ], [ 35.7099693, 27.334929 ], [ 35.7098543, 27.3349319 ], [ 35.7097576, 27.3349615 ], [ 35.7096859, 27.3350104 ], [ 35.7096276, 27.3350874 ], [ 35.7096043, 27.3351585 ], [ 35.7096109, 27.3352473 ], [ 35.7095609, 27.3351659 ], [ 35.7095159, 27.335114 ], [ 35.7094326, 27.3350696 ], [ 35.7093309, 27.3350385 ], [ 35.7092193, 27.3350445 ], [ 35.7091176, 27.3350681 ], [ 35.7090426, 27.3351052 ], [ 35.7089693, 27.3351836 ], [ 35.708926, 27.3352502 ], [ 35.7089043, 27.3353672 ], [ 35.7090243, 27.3353746 ], [ 35.7091343, 27.3353909 ], [ 35.7092093, 27.3354146 ], [ 35.7093343, 27.3354782 ], [ 35.7094576, 27.3355582 ], [ 35.7095659, 27.3357048 ], [ 35.7096409, 27.3358572 ], [ 35.7096993, 27.3359476 ], [ 35.7097909, 27.3360305 ], [ 35.7096643, 27.3359875 ], [ 35.7095759, 27.3359638 ], [ 35.7094793, 27.3359668 ], [ 35.7093909, 27.3358099 ], [ 35.7093159, 27.3357048 ], [ 35.7092276, 27.3356307 ], [ 35.7090776, 27.3355745 ], [ 35.7089643, 27.3355567 ], [ 35.708831, 27.335576 ], [ 35.7078393, 27.3359372 ], [ 35.7074194, 27.3361933 ], [ 35.707371, 27.3362481 ], [ 35.7073644, 27.3363103 ], [ 35.7073277, 27.336331 ], [ 35.7072477, 27.3363192 ], [ 35.7070944, 27.3363976 ], [ 35.7067761, 27.3366034 ], [ 35.7065244, 27.3368255 ], [ 35.7062561, 27.3370757 ], [ 35.7061578, 27.3371764 ], [ 35.7061261, 27.3372371 ], [ 35.7061011, 27.3373111 ], [ 35.7060911, 27.3373955 ], [ 35.7061094, 27.337505 ], [ 35.7061611, 27.3376131 ], [ 35.7062444, 27.3377019 ], [ 35.7063411, 27.3377611 ], [ 35.7064561, 27.3377937 ], [ 35.7065861, 27.3378218 ], [ 35.7067061, 27.3378603 ], [ 35.7067777, 27.3379047 ], [ 35.7068277, 27.3381046 ], [ 35.7068361, 27.3382393 ], [ 35.7067644, 27.3381461 ], [ 35.7067077, 27.3380942 ], [ 35.7066294, 27.3380469 ], [ 35.7064994, 27.338001 ], [ 35.7063627, 27.3379714 ], [ 35.7062544, 27.3379403 ], [ 35.7061428, 27.3378811 ], [ 35.7060428, 27.3377981 ], [ 35.7059628, 27.3377034 ], [ 35.7058978, 27.3375909 ], [ 35.7058694, 27.3374665 ], [ 35.7058594, 27.3373436 ], [ 35.7058944, 27.3372385 ], [ 35.7058461, 27.3372311 ], [ 35.7057611, 27.3372178 ], [ 35.7056561, 27.3372311 ], [ 35.7055711, 27.3372681 ], [ 35.7055044, 27.33732 ], [ 35.7054494, 27.337394 ], [ 35.7054128, 27.3374606 ], [ 35.7054078, 27.3375494 ], [ 35.7054194, 27.3376309 ], [ 35.7054711, 27.3377123 ], [ 35.7055328, 27.33777 ], [ 35.7054794, 27.3377449 ], [ 35.7053978, 27.3377286 ], [ 35.7053045, 27.3377419 ], [ 35.7052211, 27.3377715 ], [ 35.7051445, 27.3378307 ], [ 35.7050961, 27.3379062 ], [ 35.7050761, 27.3380025 ], [ 35.7050978, 27.3380809 ], [ 35.7051411, 27.3381594 ], [ 35.7052145, 27.3382245 ], [ 35.7052445, 27.3381594 ], [ 35.7052845, 27.3381076 ], [ 35.7053345, 27.3380617 ], [ 35.7054161, 27.3380291 ], [ 35.7055128, 27.3380158 ], [ 35.7056344, 27.3380365 ], [ 35.7057328, 27.3380454 ], [ 35.7058361, 27.3380187 ], [ 35.7059161, 27.3379699 ], [ 35.7059711, 27.337998 ], [ 35.7060278, 27.3380335 ], [ 35.7060928, 27.3381298 ], [ 35.7060994, 27.3382601 ], [ 35.7060761, 27.3383178 ], [ 35.7060178, 27.3383711 ], [ 35.7060594, 27.3384259 ], [ 35.7060778, 27.3385073 ], [ 35.7060611, 27.3385991 ], [ 35.7060594, 27.338682 ], [ 35.7060878, 27.338756 ], [ 35.7061461, 27.3388508 ], [ 35.7062344, 27.3389203 ], [ 35.7061644, 27.3388937 ], [ 35.7060644, 27.3388715 ], [ 35.7059494, 27.3388789 ], [ 35.7058561, 27.3389129 ], [ 35.7057861, 27.3389721 ], [ 35.7056978, 27.3390106 ], [ 35.7056078, 27.339024 ], [ 35.7055294, 27.3390077 ], [ 35.7055028, 27.3391039 ], [ 35.7054411, 27.3391631 ], [ 35.7053445, 27.339209 ], [ 35.7052495, 27.3392223 ], [ 35.7051561, 27.3392001 ], [ 35.7050861, 27.3391498 ], [ 35.7050361, 27.3390817 ], [ 35.7050728, 27.3390373 ], [ 35.7050945, 27.3389633 ], [ 35.7050845, 27.3388804 ], [ 35.7050378, 27.3387989 ], [ 35.7049745, 27.3387294 ], [ 35.7049478, 27.3386287 ], [ 35.7049545, 27.3385206 ], [ 35.7049878, 27.3384392 ], [ 35.7050545, 27.33838 ], [ 35.7050228, 27.3383089 ], [ 35.7049578, 27.3382526 ], [ 35.7048561, 27.3382186 ], [ 35.7047545, 27.3382304 ], [ 35.7046745, 27.3382734 ], [ 35.7046161, 27.3383356 ], [ 35.7045928, 27.3383963 ], [ 35.7045912, 27.3384762 ], [ 35.7045262, 27.3383844 ], [ 35.7044628, 27.3383474 ], [ 35.7043478, 27.3383178 ], [ 35.7042312, 27.3383267 ], [ 35.7041412, 27.3383681 ], [ 35.7040712, 27.3384288 ], [ 35.7040328, 27.3385132 ], [ 35.7040228, 27.3385976 ], [ 35.7041128, 27.3385798 ], [ 35.7041878, 27.3385665 ], [ 35.7042995, 27.3385724 ], [ 35.7044162, 27.3385976 ], [ 35.7045112, 27.3386302 ], [ 35.7045978, 27.3386761 ], [ 35.7046861, 27.3387427 ], [ 35.7047561, 27.3388226 ], [ 35.7047878, 27.3389159 ], [ 35.7047878, 27.3389929 ], [ 35.7048195, 27.339095 ], [ 35.7048761, 27.3391824 ], [ 35.7049645, 27.3392786 ], [ 35.7050911, 27.3393497 ], [ 35.7050795, 27.3394089 ], [ 35.7050495, 27.3394622 ], [ 35.7050045, 27.3394962 ], [ 35.7049328, 27.3395377 ], [ 35.7048345, 27.3395377 ], [ 35.7047411, 27.3395066 ], [ 35.7046828, 27.3394651 ], [ 35.7046445, 27.339397 ], [ 35.7046245, 27.33944 ], [ 35.7045912, 27.3394755 ], [ 35.7045062, 27.3395125 ], [ 35.7044212, 27.3395036 ], [ 35.7043545, 27.3394563 ], [ 35.7043212, 27.3393793 ], [ 35.7043678, 27.33936 ], [ 35.7044295, 27.3393304 ], [ 35.7044795, 27.3392668 ], [ 35.7044895, 27.3391676 ], [ 35.7044562, 27.3390713 ], [ 35.7044545, 27.3389899 ], [ 35.7044978, 27.3389203 ], [ 35.7045695, 27.3388789 ], [ 35.7045412, 27.338833 ], [ 35.7044978, 27.3387901 ], [ 35.7044078, 27.3387486 ], [ 35.7043262, 27.3387604 ], [ 35.7042445, 27.338796 ], [ 35.7042078, 27.3388433 ], [ 35.7041812, 27.3387871 ], [ 35.7041478, 27.3387412 ], [ 35.7040578, 27.338719 ], [ 35.7039678, 27.3387027 ], [ 35.7038878, 27.338645 ], [ 35.7038378, 27.3385665 ], [ 35.7038195, 27.3385754 ], [ 35.7038329, 27.3386331 ], [ 35.7038395, 27.3387205 ], [ 35.7038162, 27.3387856 ], [ 35.7037695, 27.3388537 ], [ 35.7037612, 27.3389248 ], [ 35.7037912, 27.3389958 ], [ 35.7036845, 27.3390047 ], [ 35.7036029, 27.339058 ], [ 35.7035595, 27.3391158 ], [ 35.7035545, 27.3391972 ], [ 35.7035912, 27.3392875 ], [ 35.7036595, 27.3392742 ], [ 35.7037112, 27.3392697 ], [ 35.7037695, 27.339289 ], [ 35.7038345, 27.339326 ], [ 35.7038828, 27.3394059 ], [ 35.7039512, 27.3394563 ], [ 35.7040395, 27.339477 ], [ 35.7041145, 27.3394681 ], [ 35.7041645, 27.3394296 ], [ 35.7041995, 27.3394918 ], [ 35.7042062, 27.3395584 ], [ 35.7041978, 27.339628 ], [ 35.7041512, 27.3396961 ], [ 35.7040712, 27.3397242 ], [ 35.7040012, 27.3397272 ], [ 35.7039328, 27.3397094 ], [ 35.7038762, 27.3396694 ], [ 35.7038945, 27.3397494 ], [ 35.7038912, 27.3398249 ], [ 35.7038578, 27.3398974 ], [ 35.7038012, 27.3399537 ], [ 35.7037245, 27.3399862 ], [ 35.7036362, 27.3399951 ], [ 35.7035445, 27.3399774 ], [ 35.7034895, 27.3399404 ], [ 35.7035212, 27.339893 ], [ 35.7035662, 27.3398249 ], [ 35.7035995, 27.3397316 ], [ 35.7036129, 27.3396324 ], [ 35.7035812, 27.3395199 ], [ 35.7035245, 27.3394503 ], [ 35.7034612, 27.3393793 ], [ 35.7034145, 27.3392682 ], [ 35.7034095, 27.339138 ], [ 35.7034345, 27.3390521 ], [ 35.7034862, 27.3389618 ], [ 35.7035579, 27.3388996 ], [ 35.7034845, 27.3388596 ], [ 35.7033662, 27.3388537 ], [ 35.7032695, 27.3388848 ], [ 35.7031862, 27.3389351 ], [ 35.7031579, 27.3389988 ], [ 35.7031379, 27.3390847 ], [ 35.7031579, 27.3391528 ], [ 35.7031129, 27.3391158 ], [ 35.7030729, 27.3390965 ], [ 35.7029746, 27.3390965 ], [ 35.7029112, 27.3391069 ], [ 35.7028712, 27.339135 ], [ 35.7028229, 27.3391705 ], [ 35.7027912, 27.3392342 ], [ 35.7027879, 27.3393008 ], [ 35.7028246, 27.3394015 ], [ 35.7028896, 27.3393763 ], [ 35.7029612, 27.3393645 ], [ 35.7030296, 27.3393763 ], [ 35.7030895, 27.339403 ], [ 35.7031345, 27.3394607 ], [ 35.7031879, 27.3395377 ], [ 35.7032429, 27.3395747 ], [ 35.7033445, 27.3395999 ], [ 35.7034212, 27.3395836 ], [ 35.7034312, 27.3396102 ], [ 35.7034362, 27.339668 ], [ 35.7034095, 27.3397375 ], [ 35.7033645, 27.3397894 ], [ 35.7032845, 27.3398219 ], [ 35.7031962, 27.3398204 ], [ 35.7032129, 27.3398575 ], [ 35.7032145, 27.3399241 ], [ 35.7032029, 27.3399936 ], [ 35.7031529, 27.3400736 ], [ 35.7031295, 27.340158 ], [ 35.7031245, 27.3402113 ], [ 35.7030862, 27.3401757 ], [ 35.7030246, 27.3401298 ], [ 35.7029112, 27.3400943 ], [ 35.7028296, 27.3400499 ], [ 35.7027696, 27.3399848 ], [ 35.7027196, 27.3400395 ], [ 35.7026529, 27.3400647 ], [ 35.7025629, 27.3400647 ], [ 35.7024746, 27.3400321 ], [ 35.7024279, 27.3399714 ], [ 35.7024979, 27.3399181 ], [ 35.7025446, 27.3398545 ], [ 35.7025396, 27.3397523 ], [ 35.7025079, 27.3396339 ], [ 35.7025446, 27.3395421 ], [ 35.7026029, 27.3394859 ], [ 35.7026779, 27.3394607 ], [ 35.7026629, 27.339397 ], [ 35.7026296, 27.3393556 ], [ 35.7025312, 27.3393082 ], [ 35.7024196, 27.3393052 ], [ 35.7023379, 27.3393423 ], [ 35.7022746, 27.3393985 ], [ 35.7022479, 27.3394755 ], [ 35.7021846, 27.3394163 ], [ 35.7021179, 27.3393867 ], [ 35.7020163, 27.3393748 ], [ 35.7019113, 27.3394059 ], [ 35.7018429, 27.3394488 ], [ 35.7017896, 27.3395125 ], [ 35.7017663, 27.3396043 ], [ 35.7018379, 27.3396102 ], [ 35.7019079, 27.3396309 ], [ 35.7020046, 27.3396739 ], [ 35.7020729, 27.3397331 ], [ 35.7021479, 27.3398145 ], [ 35.7021996, 27.3399256 ], [ 35.7022363, 27.3400055 ], [ 35.7022996, 27.3400854 ], [ 35.7023729, 27.340158 ], [ 35.7024646, 27.3402098 ], [ 35.7025646, 27.3402424 ], [ 35.7026512, 27.3402498 ], [ 35.7026446, 27.3403179 ], [ 35.7026262, 27.3403593 ], [ 35.7025812, 27.3404067 ], [ 35.7025212, 27.3404378 ], [ 35.7024479, 27.3404555 ], [ 35.7023646, 27.3404437 ], [ 35.7022779, 27.3403934 ], [ 35.7022229, 27.340343 ], [ 35.7022163, 27.3404008 ], [ 35.7022013, 27.3404629 ], [ 35.7021529, 27.3405192 ], [ 35.7020629, 27.3405533 ], [ 35.7020013, 27.3405607 ], [ 35.7019363, 27.3405384 ], [ 35.7018796, 27.3404896 ], [ 35.7018529, 27.3404259 ], [ 35.7019313, 27.3403756 ], [ 35.7019763, 27.3402957 ], [ 35.7019846, 27.3402187 ], [ 35.7019646, 27.3401195 ], [ 35.7019913, 27.340041 ], [ 35.7020463, 27.3399833 ], [ 35.7020129, 27.3399315 ], [ 35.7019579, 27.3398915 ], [ 35.7018796, 27.3398708 ], [ 35.7017879, 27.3398767 ], [ 35.7017279, 27.3399181 ], [ 35.7016946, 27.3398841 ], [ 35.7016413, 27.3398412 ], [ 35.7015813, 27.3398234 ], [ 35.7014796, 27.339813 ], [ 35.7014163, 27.3397805 ], [ 35.7013296, 27.3397213 ], [ 35.7013446, 27.3397968 ], [ 35.701338, 27.3398634 ], [ 35.701298, 27.3399522 ], [ 35.7012763, 27.3400011 ], [ 35.7012763, 27.3400706 ], [ 35.7013063, 27.3401298 ], [ 35.701248, 27.3401387 ], [ 35.701208, 27.3401565 ], [ 35.701163, 27.3401979 ], [ 35.701138, 27.3402631 ], [ 35.701143, 27.3403475 ], [ 35.701178, 27.3403978 ], [ 35.7012213, 27.340383 ], [ 35.701308, 27.3403948 ], [ 35.701388, 27.3404511 ], [ 35.7014513, 27.3405088 ], [ 35.7015479, 27.3405458 ], [ 35.7016246, 27.340537 ], [ 35.7016896, 27.3405074 ], [ 35.7017163, 27.340571 ], [ 35.7017129, 27.3406228 ], [ 35.7016779, 27.3406895 ], [ 35.7016229, 27.3407353 ], [ 35.7015263, 27.3407546 ], [ 35.7014563, 27.3407294 ], [ 35.7013846, 27.3406761 ], [ 35.7013996, 27.340725 ], [ 35.7013963, 27.3407901 ], [ 35.7013646, 27.3408701 ], [ 35.7013013, 27.3409352 ], [ 35.7011963, 27.3409604 ], [ 35.7011096, 27.340947 ], [ 35.7010296, 27.3409041 ], [ 35.701078, 27.3408153 ], [ 35.701093, 27.3407191 ], [ 35.701078, 27.3405814 ], [ 35.7010246, 27.3404615 ], [ 35.700993, 27.3403475 ], [ 35.7009913, 27.3402364 ], [ 35.701028, 27.3401313 ], [ 35.701093, 27.3400247 ], [ 35.7010063, 27.3399877 ], [ 35.700928, 27.3399729 ], [ 35.7008063, 27.3400129 ], [ 35.700718, 27.3400692 ], [ 35.7006697, 27.3401535 ], [ 35.700668, 27.3402453 ], [ 35.700603, 27.3402024 ], [ 35.7005247, 27.3401891 ], [ 35.7004063, 27.3402098 ], [ 35.7003447, 27.340266 ], [ 35.7003063, 27.3403371 ], [ 35.7003163, 27.3404393 ], [ 35.7003597, 27.3405118 ], [ 35.700423, 27.3404807 ], [ 35.7004547, 27.3404792 ], [ 35.7005597, 27.3404985 ], [ 35.700608, 27.3405562 ], [ 35.700678, 27.3406199 ], [ 35.7007896, 27.3406524 ], [ 35.700868, 27.3406288 ], [ 35.700888, 27.3407146 ], [ 35.700868, 27.3408005 ], [ 35.700808, 27.3408449 ], [ 35.7006647, 27.3408893 ], [ 35.700688, 27.3409633 ], [ 35.700688, 27.3410048 ], [ 35.7005972, 27.3411116 ], [ 35.7006439, 27.3412275 ], [ 35.7007148, 27.3413311 ], [ 35.7007637, 27.3413731 ], [ 35.7008162, 27.3414011 ], [ 35.7008653, 27.3414165 ], [ 35.7009014, 27.3414206 ], [ 35.7009773, 27.34139 ], [ 35.7010172, 27.3414831 ], [ 35.7004391, 27.3416874 ], [ 35.6999324, 27.3418296 ], [ 35.6994033, 27.342017 ], [ 35.6992986, 27.3420541 ], [ 35.6989691, 27.3421967 ], [ 35.6984725, 27.3422855 ], [ 35.6979125, 27.3424632 ], [ 35.6972236, 27.3427321 ], [ 35.6967726, 27.342854 ], [ 35.6961248, 27.3431864 ], [ 35.6958694, 27.3435388 ], [ 35.6956634, 27.3437029 ], [ 35.6956173, 27.3437509 ], [ 35.695566, 27.3438044 ], [ 35.6952626, 27.3440531 ], [ 35.6952354, 27.3442054 ], [ 35.6951642, 27.3442436 ], [ 35.695148, 27.3442955 ], [ 35.6951799, 27.3443487 ], [ 35.6952777, 27.3443591 ], [ 35.6953809, 27.3444217 ], [ 35.6954228, 27.3445041 ], [ 35.6955202, 27.3444901 ], [ 35.6956498, 27.3444879 ], [ 35.6957693, 27.3445181 ], [ 35.695716, 27.344663 ], [ 35.6956814, 27.3447404 ], [ 35.6957005, 27.3448059 ], [ 35.6957593, 27.3448555 ], [ 35.695833, 27.344895 ], [ 35.6960144, 27.3453099 ], [ 35.6963236, 27.3455504 ], [ 35.6966563, 27.3456373 ], [ 35.6973097, 27.3461942 ], [ 35.6976083, 27.3465939 ], [ 35.697683, 27.346927 ], [ 35.6977598, 27.3471784 ], [ 35.6978565, 27.3473537 ], [ 35.697883, 27.3475585 ], [ 35.6978613, 27.3477585 ], [ 35.6980824, 27.3481698 ], [ 35.6983128, 27.348514 ], [ 35.6983996, 27.3485571 ], [ 35.6984763, 27.3485598 ], [ 35.6985527, 27.3486543 ], [ 35.6985299, 27.348725 ], [ 35.6985663, 27.3487573 ], [ 35.6986416, 27.3487553 ], [ 35.6989547, 27.3492142 ], [ 35.6989775, 27.3500746 ], [ 35.6990741, 27.3504028 ], [ 35.6990467, 27.3505843 ], [ 35.6990792, 27.3507796 ], [ 35.6991872, 27.3509898 ], [ 35.6991708, 27.3510835 ], [ 35.69912, 27.351188 ], [ 35.6990051, 27.3512531 ], [ 35.6988444, 27.3512781 ], [ 35.6986844, 27.351469 ], [ 35.6985571, 27.3516769 ], [ 35.6985023, 27.3517203 ], [ 35.698297, 27.3516999 ], [ 35.6981918, 27.3516472 ], [ 35.6981418, 27.3513331 ], [ 35.698031, 27.3508799 ], [ 35.697905, 27.3506331 ], [ 35.6979362, 27.3504838 ], [ 35.6979352, 27.3504233 ], [ 35.6979099, 27.3503628 ], [ 35.6977657, 27.3502626 ], [ 35.6976234, 27.3501491 ], [ 35.6973543, 27.3497247 ], [ 35.6970831, 27.3493522 ], [ 35.6967796, 27.3489702 ], [ 35.6969679, 27.3488377 ], [ 35.6972401, 27.3485478 ], [ 35.697333, 27.3484173 ], [ 35.6973177, 27.3483086 ], [ 35.697289, 27.3480976 ], [ 35.697241, 27.3480234 ], [ 35.6971503, 27.3479783 ], [ 35.6967706, 27.3479643 ], [ 35.6965001, 27.3479144 ], [ 35.6961443, 27.3477884 ], [ 35.6957633, 27.3470789 ], [ 35.6955715, 27.3470698 ], [ 35.6957544, 27.3474165 ], [ 35.695633, 27.3474682 ], [ 35.6954995, 27.3474746 ], [ 35.6951443, 27.3473302 ], [ 35.6946164, 27.3469065 ], [ 35.6945053, 27.3467139 ], [ 35.6932505, 27.3461215 ], [ 35.6925625, 27.3460387 ], [ 35.6917895, 27.3460334 ], [ 35.6916646, 27.3456812 ], [ 35.6917058, 27.3456025 ], [ 35.6917742, 27.3455666 ], [ 35.69198, 27.3456674 ], [ 35.692132, 27.345461 ], [ 35.6917799, 27.3451473 ], [ 35.6916262, 27.3453149 ], [ 35.6914624, 27.3453121 ], [ 35.6914222, 27.345181 ], [ 35.6913122, 27.345212 ], [ 35.6912559, 27.3451167 ], [ 35.6911191, 27.3451667 ], [ 35.6911647, 27.3452668 ], [ 35.6909421, 27.3453502 ], [ 35.6908938, 27.3452549 ], [ 35.6907329, 27.345324 ], [ 35.6907838, 27.3454264 ], [ 35.6905612, 27.3455193 ], [ 35.6904995, 27.3454026 ], [ 35.6903681, 27.3454574 ], [ 35.6904083, 27.3455622 ], [ 35.6902072, 27.3456409 ], [ 35.6901589, 27.3455551 ], [ 35.690014, 27.345617 ], [ 35.6900409, 27.3457171 ], [ 35.6898209, 27.3458124 ], [ 35.6897753, 27.3457171 ], [ 35.6896251, 27.3457886 ], [ 35.6896654, 27.3458672 ], [ 35.6894588, 27.3459649 ], [ 35.6894025, 27.3458696 ], [ 35.6892416, 27.3459387 ], [ 35.6892872, 27.3460363 ], [ 35.6890753, 27.3461126 ], [ 35.6890243, 27.3460197 ], [ 35.6888714, 27.3460745 ], [ 35.688909, 27.3461864 ], [ 35.6886998, 27.3462746 ], [ 35.6886408, 27.3461698 ], [ 35.6885013, 27.3462317 ], [ 35.6885549, 27.3463389 ], [ 35.688335, 27.346439 ], [ 35.688276, 27.3463246 ], [ 35.6881392, 27.3463818 ], [ 35.6881794, 27.3464985 ], [ 35.6879648, 27.3465748 ], [ 35.6879166, 27.3464485 ], [ 35.6877369, 27.3465009 ], [ 35.687769, 27.346601 ], [ 35.6875491, 27.3466677 ], [ 35.6875223, 27.3465843 ], [ 35.6873667, 27.3466272 ], [ 35.6873962, 27.3467177 ], [ 35.6871655, 27.3467821 ], [ 35.6871334, 27.3466772 ], [ 35.6869805, 27.3467273 ], [ 35.6870127, 27.3468178 ], [ 35.6867632, 27.3468988 ], [ 35.6867149, 27.3467701 ], [ 35.6865486, 27.3468273 ], [ 35.6865996, 27.3469512 ], [ 35.6863904, 27.3470346 ], [ 35.6863528, 27.3469179 ], [ 35.6861892, 27.3469727 ], [ 35.6862482, 27.3470822 ], [ 35.6860176, 27.3471656 ], [ 35.6859693, 27.3470727 ], [ 35.6858164, 27.3471275 ], [ 35.6858486, 27.3472204 ], [ 35.6856233, 27.3473133 ], [ 35.6855857, 27.3472157 ], [ 35.6854489, 27.3472657 ], [ 35.6854892, 27.3473681 ], [ 35.6852504, 27.3474706 ], [ 35.6852075, 27.3473586 ], [ 35.6850654, 27.3474158 ], [ 35.685111, 27.3475182 ], [ 35.684891, 27.3476016 ], [ 35.6848454, 27.3474873 ], [ 35.6846711, 27.3475635 ], [ 35.6847086, 27.3476516 ], [ 35.6845075, 27.3477303 ], [ 35.6844458, 27.3476302 ], [ 35.6842875, 27.3476921 ], [ 35.6843412, 27.3477874 ], [ 35.6841266, 27.3478827 ], [ 35.6840783, 27.3477827 ], [ 35.6839228, 27.3478446 ], [ 35.683963, 27.3479423 ], [ 35.6837404, 27.3480305 ], [ 35.6836948, 27.3479304 ], [ 35.6835446, 27.3479923 ], [ 35.6835821, 27.3480948 ], [ 35.6833649, 27.3481734 ], [ 35.6833139, 27.3480662 ], [ 35.6831476, 27.3481377 ], [ 35.6832093, 27.3482496 ], [ 35.6829893, 27.3483306 ], [ 35.6829411, 27.3482282 ], [ 35.6827828, 27.3482854 ], [ 35.6828284, 27.3483807 ], [ 35.6826058, 27.3484664 ], [ 35.6825656, 27.3483664 ], [ 35.68241, 27.3484307 ], [ 35.6824422, 27.3485284 ], [ 35.6822249, 27.3486046 ], [ 35.6821793, 27.3485188 ], [ 35.6820237, 27.348576 ], [ 35.6820667, 27.3486737 ], [ 35.6819567, 27.3487094 ], [ 35.6818575, 27.3485284 ], [ 35.6812808, 27.3487547 ], [ 35.6814042, 27.3489882 ], [ 35.6812057, 27.3490954 ], [ 35.6811413, 27.3490072 ], [ 35.6809938, 27.3490954 ], [ 35.6810582, 27.3491788 ], [ 35.6808811, 27.349305 ], [ 35.680806, 27.3492121 ], [ 35.6806639, 27.3492907 ], [ 35.6807309, 27.3493765 ], [ 35.68057, 27.3494813 ], [ 35.6804842, 27.3494003 ], [ 35.6803474, 27.3494837 ], [ 35.6804037, 27.3495552 ], [ 35.6802481, 27.3496719 ], [ 35.6801757, 27.3495957 ], [ 35.6800201, 27.3496695 ], [ 35.6800765, 27.3497648 ], [ 35.6799048, 27.3498625 ], [ 35.6798485, 27.3497839 ], [ 35.679709, 27.3498673 ], [ 35.6797707, 27.349965 ], [ 35.679591, 27.3500769 ], [ 35.6795212, 27.3499912 ], [ 35.6793791, 27.3500698 ], [ 35.6794435, 27.3501675 ], [ 35.6792933, 27.3502723 ], [ 35.6792047, 27.3501722 ], [ 35.6790519, 27.3502485 ], [ 35.6791323, 27.3503319 ], [ 35.6789473, 27.3504534 ], [ 35.6788561, 27.3503485 ], [ 35.67873, 27.3504486 ], [ 35.6787997, 27.3505391 ], [ 35.6786173, 27.3506487 ], [ 35.6785208, 27.3505939 ], [ 35.6784242, 27.3507083 ], [ 35.678502, 27.350775 ], [ 35.6783599, 27.3509727 ], [ 35.6782499, 27.3509274 ], [ 35.678164, 27.3510442 ], [ 35.6782687, 27.3511133 ], [ 35.6781372, 27.3512824 ], [ 35.678038, 27.3512395 ], [ 35.6779522, 27.3513515 ], [ 35.6780353, 27.3514063 ], [ 35.6779092, 27.3515707 ], [ 35.6778073, 27.3515278 ], [ 35.6777242, 27.3516541 ], [ 35.6778368, 27.3517065 ], [ 35.6777081, 27.3518899 ], [ 35.6775981, 27.3518399 ], [ 35.6774935, 27.3519757 ], [ 35.6776196, 27.35204 ], [ 35.6774555, 27.3523768 ], [ 35.6775507, 27.3525352 ], [ 35.6775695, 27.3526043 ], [ 35.6775373, 27.3527187 ], [ 35.6775092, 27.3528092 ], [ 35.6774408, 27.3528747 ], [ 35.6773321, 27.3529105 ], [ 35.6771551, 27.3528759 ], [ 35.6770653, 27.3528449 ], [ 35.6769808, 27.3528271 ], [ 35.6769124, 27.3528712 ], [ 35.676899, 27.3529248 ], [ 35.676915, 27.3529486 ], [ 35.6774032, 27.3533297 ], [ 35.6766951, 27.3536907 ], [ 35.6765328, 27.3535442 ], [ 35.6762499, 27.3533595 ], [ 35.6761546, 27.3532928 ], [ 35.6760728, 27.353263 ], [ 35.6760004, 27.353244 ], [ 35.6758951, 27.3532227 ], [ 35.6758851, 27.3532964 ], [ 35.6759159, 27.3533238 ], [ 35.6760769, 27.3533798 ], [ 35.6761278, 27.3534072 ], [ 35.6761439, 27.3534215 ], [ 35.6760903, 27.3535108 ], [ 35.6760353, 27.3535489 ], [ 35.6759414, 27.3536085 ], [ 35.6757899, 27.3537073 ], [ 35.6756034, 27.3538205 ], [ 35.6754103, 27.353861 ], [ 35.6752413, 27.3538872 ], [ 35.6750818, 27.3539349 ], [ 35.6749798, 27.3539956 ], [ 35.6746633, 27.3541802 ], [ 35.6744608, 27.3542636 ], [ 35.6743468, 27.3542993 ], [ 35.6741577, 27.3543601 ], [ 35.6739888, 27.3544113 ], [ 35.6738748, 27.3544399 ], [ 35.6738077, 27.3544363 ], [ 35.6737205, 27.3544006 ], [ 35.6736334, 27.3543756 ], [ 35.6735623, 27.3544447 ], [ 35.6735127, 27.3544864 ], [ 35.6734161, 27.3545185 ], [ 35.6732699, 27.3545769 ], [ 35.6731439, 27.354615 ], [ 35.6731063, 27.3546221 ], [ 35.673046, 27.3546662 ], [ 35.6726624, 27.3549878 ], [ 35.6722762, 27.3553011 ], [ 35.6719221, 27.3555882 ], [ 35.6714916, 27.3559515 ], [ 35.6714018, 27.3560205 ], [ 35.6713334, 27.3560301 ], [ 35.6712019, 27.356092 ], [ 35.6711067, 27.3561361 ], [ 35.6709646, 27.3562171 ], [ 35.6707218, 27.3564124 ], [ 35.670514, 27.3565399 ], [ 35.6703772, 27.3566209 ], [ 35.6702471, 27.3567185 ], [ 35.6701653, 27.3567721 ], [ 35.6700298, 27.3568198 ], [ 35.6699668, 27.3568758 ], [ 35.6699252, 27.3568793 ], [ 35.6698957, 27.3568674 ], [ 35.6698501, 27.3568567 ], [ 35.6698032, 27.3568365 ], [ 35.6697415, 27.3568686 ], [ 35.669712, 27.356921 ], [ 35.6696396, 27.3569365 ], [ 35.6695645, 27.3569246 ], [ 35.6695014, 27.3569484 ], [ 35.6694666, 27.3570104 ], [ 35.6694223, 27.3570163 ], [ 35.66937, 27.3569949 ], [ 35.6693177, 27.3569651 ], [ 35.669252, 27.3569484 ], [ 35.6691514, 27.3569901 ], [ 35.6690897, 27.3570342 ], [ 35.6689891, 27.357089 ], [ 35.6689087, 27.3571045 ], [ 35.6688255, 27.357089 ], [ 35.6686882, 27.3570891 ], [ 35.6686217, 27.3571247 ], [ 35.6685908, 27.3571783 ], [ 35.6685492, 27.3572128 ], [ 35.6684688, 27.357245 ], [ 35.6684084, 27.3572402 ], [ 35.6683454, 27.3572796 ], [ 35.668277, 27.3573177 ], [ 35.6682086, 27.3573546 ], [ 35.6681107, 27.3574404 ], [ 35.6680329, 27.3575071 ], [ 35.6679873, 27.3574999 ], [ 35.6679109, 27.3574892 ], [ 35.6678036, 27.3576095 ], [ 35.667766, 27.3576583 ], [ 35.6676319, 27.357756 ], [ 35.6675877, 27.3577762 ], [ 35.667467, 27.3578275 ], [ 35.6673489, 27.3578691 ], [ 35.6672403, 27.357887 ], [ 35.6671089, 27.3578799 ], [ 35.6670445, 27.3578489 ], [ 35.6670097, 27.3578024 ], [ 35.667019, 27.3576905 ], [ 35.6670539, 27.3576059 ], [ 35.6670311, 27.3575642 ], [ 35.6669037, 27.3575261 ], [ 35.6667374, 27.3575642 ], [ 35.6667039, 27.3576214 ], [ 35.6666677, 27.3577191 ], [ 35.6666958, 27.3578072 ], [ 35.6666757, 27.3578549 ], [ 35.6665845, 27.3578942 ], [ 35.6665456, 27.3578894 ], [ 35.6664544, 27.3578751 ], [ 35.6663498, 27.3579025 ], [ 35.6663257, 27.3580168 ], [ 35.6663311, 27.3580776 ], [ 35.6662868, 27.3581312 ], [ 35.6662224, 27.3581991 ], [ 35.6661406, 27.3582979 ], [ 35.6659636, 27.358373 ], [ 35.6658536, 27.3584695 ], [ 35.6657919, 27.3585064 ], [ 35.6657517, 27.3585338 ], [ 35.6656605, 27.3585457 ], [ 35.6655293, 27.3585558 ], [ 35.6654553, 27.3585743 ], [ 35.6654365, 27.3585564 ], [ 35.6654231, 27.3585123 ], [ 35.6653084, 27.3585048 ], [ 35.6652689, 27.3585112 ], [ 35.6652246, 27.3585528 ], [ 35.6652153, 27.3585933 ], [ 35.6652378, 27.3586557 ], [ 35.6648679, 27.3589781 ], [ 35.6647915, 27.3590436 ], [ 35.664711, 27.3590757 ], [ 35.6646439, 27.3590888 ], [ 35.6645541, 27.3591258 ], [ 35.6645326, 27.3591722 ], [ 35.6645004, 27.359221 ], [ 35.664369, 27.3592282 ], [ 35.6642912, 27.3592901 ], [ 35.664247, 27.3592997 ], [ 35.6641397, 27.3593175 ], [ 35.663952, 27.3594465 ], [ 35.663677, 27.3595688 ], [ 35.6635053, 27.359688 ], [ 35.663445, 27.3597356 ], [ 35.6633645, 27.3597713 ], [ 35.6632747, 27.3597904 ], [ 35.6631966, 27.3597958 ], [ 35.6630976, 27.3598583 ], [ 35.6630467, 27.3599143 ], [ 35.6630051, 27.3599726 ], [ 35.6629662, 27.3600381 ], [ 35.6628951, 27.3601298 ], [ 35.6628764, 27.3601572 ], [ 35.6628107, 27.3601882 ], [ 35.6627369, 27.360243 ], [ 35.6625559, 27.3603707 ], [ 35.6624258, 27.3604133 ], [ 35.6623386, 27.3604252 ], [ 35.662179, 27.3604407 ], [ 35.6614897, 27.3604502 ], [ 35.661259, 27.3605336 ], [ 35.6609066, 27.3609008 ], [ 35.6608433, 27.361066 ], [ 35.6607896, 27.3612518 ], [ 35.6607896, 27.3613269 ], [ 35.6607816, 27.3614805 ], [ 35.660718, 27.3615693 ], [ 35.6605457, 27.361742 ], [ 35.6604865, 27.3617831 ], [ 35.6604356, 27.3618426 ], [ 35.6604329, 27.3620141 ], [ 35.6604195, 27.3620796 ], [ 35.660398, 27.3621559 ], [ 35.6603336, 27.3622559 ], [ 35.6602786, 27.3623119 ], [ 35.6602364, 27.3623973 ], [ 35.6602666, 27.3624608 ], [ 35.6602411, 27.3625096 ], [ 35.6602196, 27.362562 ], [ 35.6602196, 27.3626513 ], [ 35.6602276, 27.3628014 ], [ 35.6602505, 27.3628622 ], [ 35.6602974, 27.3629134 ], [ 35.6602934, 27.3629908 ], [ 35.6602983, 27.3630878 ], [ 35.6602674, 27.3632056 ], [ 35.6603115, 27.363386 ], [ 35.6603537, 27.3634839 ], [ 35.6603953, 27.3634886 ], [ 35.6604879, 27.363491 ], [ 35.6605965, 27.3634886 ], [ 35.6607118, 27.3635065 ], [ 35.6607842, 27.3635637 ], [ 35.6608687, 27.3636685 ], [ 35.6610494, 27.3637706 ], [ 35.6619462, 27.3643317 ], [ 35.6633461, 27.3651413 ], [ 35.6641857, 27.3659083 ], [ 35.6643546, 27.3661227 ], [ 35.6645263, 27.3664109 ], [ 35.6644727, 27.3666062 ], [ 35.6643395, 27.3666496 ], [ 35.664259, 27.3666818 ], [ 35.6642134, 27.3667318 ], [ 35.6641692, 27.3668652 ], [ 35.664247, 27.3669938 ], [ 35.6646278, 27.367313 ], [ 35.6644079, 27.3674143 ], [ 35.6639201, 27.3671422 ], [ 35.6636599, 27.3674757 ], [ 35.6634668, 27.3676091 ], [ 35.663271, 27.3676567 ], [ 35.663166, 27.3676286 ], [ 35.6631097, 27.3675917 ], [ 35.6628831, 27.3675357 ], [ 35.6626886, 27.3674131 ], [ 35.6623453, 27.367232 ], [ 35.6621347, 27.3669319 ], [ 35.6619591, 27.3667854 ], [ 35.6617083, 27.3666091 ], [ 35.6614157, 27.3663941 ], [ 35.6612362, 27.3662507 ], [ 35.661137, 27.3661875 ], [ 35.6610793, 27.3660851 ], [ 35.6608061, 27.3657844 ], [ 35.6603913, 27.3655432 ], [ 35.6600654, 27.36528 ], [ 35.6597891, 27.3651394 ], [ 35.6595705, 27.3649512 ], [ 35.6593519, 27.3648119 ], [ 35.6592031, 27.364719 ], [ 35.6590301, 27.3646285 ], [ 35.6588316, 27.3645356 ], [ 35.6586962, 27.3644848 ], [ 35.658554, 27.3644701 ], [ 35.6585057, 27.3644665 ], [ 35.6584735, 27.3644546 ], [ 35.6584226, 27.3644189 ], [ 35.6583662, 27.3643962 ], [ 35.6582898, 27.3644022 ], [ 35.6582214, 27.3643998 ], [ 35.6581128, 27.3643938 ], [ 35.6580779, 27.3643736 ], [ 35.657976, 27.3643772 ], [ 35.6578687, 27.3644189 ], [ 35.6578191, 27.3644451 ], [ 35.6577681, 27.3644796 ], [ 35.6576957, 27.3645177 ], [ 35.6575589, 27.3645868 ], [ 35.6574811, 27.3646189 ], [ 35.6573322, 27.3646999 ], [ 35.6572746, 27.364819 ], [ 35.6572571, 27.3648845 ], [ 35.6572424, 27.3649477 ], [ 35.6571713, 27.3650501 ], [ 35.6570962, 27.3650763 ], [ 35.6570452, 27.3651311 ], [ 35.6569876, 27.365255 ], [ 35.6569339, 27.3653133 ], [ 35.6568602, 27.3653657 ], [ 35.6568307, 27.3654774 ], [ 35.6567636, 27.3655658 ], [ 35.6567194, 27.3656158 ], [ 35.6566885, 27.3656468 ], [ 35.6566147, 27.3657885 ], [ 35.6565946, 27.3658255 ], [ 35.6565584, 27.3658588 ], [ 35.6565128, 27.3658933 ], [ 35.6564552, 27.3659112 ], [ 35.6563787, 27.3659827 ], [ 35.6563103, 27.3660506 ], [ 35.6562714, 27.3661137 ], [ 35.656254, 27.3661732 ], [ 35.6561668, 27.3662256 ], [ 35.6560998, 27.366359 ], [ 35.6560555, 27.3664519 ], [ 35.655971, 27.3665246 ], [ 35.6558838, 27.3666318 ], [ 35.6556746, 27.3668593 ], [ 35.6556009, 27.3669402 ], [ 35.6555204, 27.3670308 ], [ 35.6554614, 27.3670951 ], [ 35.6554534, 27.3671344 ], [ 35.6552321, 27.3674702 ], [ 35.6549518, 27.3676703 ], [ 35.6548995, 27.3676953 ], [ 35.6548257, 27.3677215 ], [ 35.6547533, 27.3677299 ], [ 35.6547037, 27.367793 ], [ 35.6545092, 27.3680919 ], [ 35.6541015, 27.3684921 ], [ 35.653787, 27.3688468 ], [ 35.6536147, 27.3690102 ], [ 35.653384, 27.3692424 ], [ 35.6533143, 27.3693651 ], [ 35.6532285, 27.3694544 ], [ 35.6528033, 27.3698963 ], [ 35.6524345, 27.3702881 ], [ 35.6522481, 27.3705561 ], [ 35.6520577, 27.3707383 ], [ 35.6519853, 27.3708074 ], [ 35.6518914, 27.3708657 ], [ 35.6517868, 27.370942 ], [ 35.6517036, 27.3710301 ], [ 35.6516567, 27.3711206 ], [ 35.6513134, 27.3714469 ], [ 35.651017, 27.3717328 ], [ 35.6509459, 27.371834 ], [ 35.650844, 27.371965 ], [ 35.6506428, 27.3720567 ], [ 35.6505664, 27.3720674 ], [ 35.6504658, 27.3720627 ], [ 35.650396, 27.372102 ], [ 35.6503236, 27.3722068 ], [ 35.6502633, 27.3722949 ], [ 35.650046, 27.3725724 ], [ 35.649928, 27.3727117 ], [ 35.6498609, 27.3728106 ], [ 35.6497979, 27.3728844 ], [ 35.6497174, 27.3730047 ], [ 35.6496719, 27.3730571 ], [ 35.6496142, 27.3730881 ], [ 35.6495485, 27.3731107 ], [ 35.6495042, 27.3731155 ], [ 35.6494398, 27.3731881 ], [ 35.6493942, 27.3732334 ], [ 35.6492977, 27.373337 ], [ 35.6491724, 27.3733616 ], [ 35.6490093, 27.3735013 ], [ 35.6489584, 27.3735597 ], [ 35.6489114, 27.3736085 ], [ 35.6488283, 27.3736478 ], [ 35.6487988, 27.3737133 ], [ 35.6487438, 27.3737431 ], [ 35.6484984, 27.3740492 ], [ 35.6483872, 27.3742098 ], [ 35.6481698, 27.374466 ], [ 35.6481336, 27.3745815 ], [ 35.6480478, 27.3746923 ], [ 35.6477398, 27.37475 ], [ 35.6477568, 27.3748221 ], [ 35.6476889, 27.3748804 ], [ 35.647551, 27.3749097 ], [ 35.6468918, 27.3757506 ], [ 35.6464398, 27.3763786 ], [ 35.6454893, 27.3775229 ], [ 35.6450616, 27.3779111 ], [ 35.6448605, 27.3780561 ], [ 35.6447782, 27.3780637 ], [ 35.6446894, 27.3780367 ], [ 35.6445021, 27.3779398 ], [ 35.644467, 27.377891 ], [ 35.6444778, 27.3778541 ], [ 35.6443745, 27.3778648 ], [ 35.6442752, 27.3778958 ], [ 35.6442256, 27.3779375 ], [ 35.6442146, 27.3780286 ], [ 35.6441089, 27.3781256 ], [ 35.6439976, 27.3781685 ], [ 35.6439762, 27.3781804 ], [ 35.6439359, 27.3781971 ], [ 35.6438689, 27.378215 ], [ 35.6437723, 27.3782471 ], [ 35.643649, 27.3782781 ], [ 35.643547, 27.3782959 ], [ 35.6434397, 27.3783543 ], [ 35.6433633, 27.3784198 ], [ 35.6433298, 27.3784615 ], [ 35.6433016, 27.3785055 ], [ 35.6432399, 27.3785365 ], [ 35.6431742, 27.3785841 ], [ 35.6431152, 27.378652 ], [ 35.6430602, 27.3786949 ], [ 35.6429811, 27.3787532 ], [ 35.6428255, 27.3787782 ], [ 35.6427705, 27.3788068 ], [ 35.6427082, 27.378859 ], [ 35.6426512, 27.3788723 ], [ 35.6426391, 27.3788854 ], [ 35.6426056, 27.3789521 ], [ 35.6425626, 27.3790497 ], [ 35.642513, 27.3790581 ], [ 35.6424795, 27.3790855 ], [ 35.6424178, 27.3791105 ], [ 35.6423628, 27.3791712 ], [ 35.6423306, 27.3791808 ], [ 35.6422676, 27.3792284 ], [ 35.6421897, 27.3793356 ], [ 35.6420986, 27.3793892 ], [ 35.6420517, 27.3794559 ], [ 35.6419913, 27.3795225 ], [ 35.6419531, 27.379586 ], [ 35.6419444, 27.3797119 ], [ 35.6418385, 27.3797917 ], [ 35.6417862, 27.3799358 ], [ 35.6416936, 27.3800596 ], [ 35.6416494, 27.3800965 ], [ 35.6415702, 27.3801442 ], [ 35.6415233, 27.3802144 ], [ 35.6414656, 27.3802263 ], [ 35.6413999, 27.380249 ], [ 35.6413127, 27.3803264 ], [ 35.6413109, 27.3803712 ], [ 35.6412403, 27.3804871 ], [ 35.6411532, 27.3806027 ], [ 35.6410284, 27.3810349 ], [ 35.6408712, 27.3816193 ], [ 35.6407937, 27.3818304 ], [ 35.640728, 27.3821079 ], [ 35.6406569, 27.382377 ], [ 35.6405923, 27.3824633 ], [ 35.640559, 27.3826223 ], [ 35.6405081, 27.3827462 ], [ 35.6404155, 27.3828796 ], [ 35.6402895, 27.3830725 ], [ 35.6401567, 27.3831546 ], [ 35.6401044, 27.3831868 ], [ 35.640004, 27.3832279 ], [ 35.6398827, 27.3831983 ], [ 35.6395789, 27.3833372 ], [ 35.6394553, 27.3834012 ], [ 35.6394151, 27.3834404 ], [ 35.6393588, 27.3834809 ], [ 35.6392676, 27.3835131 ], [ 35.6392206, 27.3835595 ], [ 35.6391858, 27.3836381 ], [ 35.639171, 27.3836715 ], [ 35.6391133, 27.3837131 ], [ 35.6390235, 27.3837608 ], [ 35.6389403, 27.383812 ], [ 35.6388719, 27.383887 ], [ 35.6387794, 27.3839442 ], [ 35.6387097, 27.3839823 ], [ 35.6386654, 27.3840382 ], [ 35.6385984, 27.3840597 ], [ 35.6385098, 27.3841061 ], [ 35.6384616, 27.3841252 ], [ 35.638357, 27.38418 ], [ 35.6382819, 27.3842335 ], [ 35.6382269, 27.384305 ], [ 35.6381625, 27.384361 ], [ 35.6380686, 27.3844026 ], [ 35.6380002, 27.3845003 ], [ 35.6379747, 27.3845586 ], [ 35.637897, 27.3846408 ], [ 35.6378178, 27.3846884 ], [ 35.6377615, 27.3847718 ], [ 35.6377038, 27.3848468 ], [ 35.6375, 27.3850254 ], [ 35.6373525, 27.3852243 ], [ 35.6372908, 27.3852993 ], [ 35.6372505, 27.3853529 ], [ 35.6372224, 27.3854529 ], [ 35.6371795, 27.3855494 ], [ 35.6371205, 27.3856042 ], [ 35.6370306, 27.3856887 ], [ 35.6370279, 27.3857423 ], [ 35.6370065, 27.3857887 ], [ 35.6369501, 27.3858459 ], [ 35.6369112, 27.3859031 ], [ 35.6368737, 27.3860221 ], [ 35.6368361, 27.3861055 ], [ 35.6366462, 27.3863691 ], [ 35.6365733, 27.3865616 ], [ 35.6365465, 27.3866402 ], [ 35.6364794, 27.3867116 ], [ 35.6364499, 27.38677 ], [ 35.6364378, 27.3868438 ], [ 35.6363882, 27.3869283 ], [ 35.6363279, 27.3869938 ], [ 35.6362715, 27.3870248 ], [ 35.6361924, 27.3870581 ], [ 35.6361254, 27.3870855 ], [ 35.6360663, 27.3871546 ], [ 35.6360704, 27.3871903 ], [ 35.6360637, 27.3872058 ], [ 35.6359939, 27.3872499 ], [ 35.6359363, 27.3873022 ], [ 35.6358477, 27.3874201 ], [ 35.6358303, 27.3875011 ], [ 35.6357901, 27.3875297 ], [ 35.6357203, 27.3875523 ], [ 35.6356439, 27.3876059 ], [ 35.6356466, 27.3876547 ], [ 35.6355648, 27.3877488 ], [ 35.6355125, 27.387825 ], [ 35.6354508, 27.3879215 ], [ 35.6353582, 27.3880417 ], [ 35.6353033, 27.3881489 ], [ 35.635267, 27.3881989 ], [ 35.6352282, 27.3882311 ], [ 35.6351866, 27.3882394 ], [ 35.6351303, 27.3882394 ], [ 35.6350243, 27.3881834 ], [ 35.6349479, 27.3882346 ], [ 35.6348701, 27.3883501 ], [ 35.6348553, 27.3884025 ], [ 35.6348138, 27.3884787 ], [ 35.6347695, 27.388518 ], [ 35.6346998, 27.3885526 ], [ 35.634634, 27.3885657 ], [ 35.6345563, 27.3885692 ], [ 35.634449, 27.3885907 ], [ 35.6344128, 27.3886407 ], [ 35.6344289, 27.388705 ], [ 35.6344168, 27.3887633 ], [ 35.6343524, 27.3888741 ], [ 35.6342947, 27.3889277 ], [ 35.6342304, 27.388905 ], [ 35.6342076, 27.3889562 ], [ 35.6341499, 27.3889789 ], [ 35.6340574, 27.3890313 ], [ 35.6339528, 27.3891253 ], [ 35.6339152, 27.389192 ], [ 35.6338482, 27.3892897 ], [ 35.6337972, 27.3894028 ], [ 35.6337824, 27.389454 ], [ 35.633761, 27.3895064 ], [ 35.6337087, 27.3895445 ], [ 35.6336524, 27.3895873 ], [ 35.6336309, 27.3896409 ], [ 35.6336027, 27.3896671 ], [ 35.6335276, 27.3897481 ], [ 35.6333788, 27.3899327 ], [ 35.6332473, 27.3900672 ], [ 35.6331119, 27.3902232 ], [ 35.6329711, 27.3903983 ], [ 35.6328933, 27.3905269 ], [ 35.6327672, 27.3907067 ], [ 35.6326734, 27.3908186 ], [ 35.632621, 27.3908698 ], [ 35.6325513, 27.39089 ], [ 35.632503, 27.3909424 ], [ 35.6325003, 27.3910222 ], [ 35.6324655, 27.3910687 ], [ 35.6323904, 27.3911627 ], [ 35.6323354, 27.3912389 ], [ 35.6323327, 27.3913139 ], [ 35.6322938, 27.391358 ], [ 35.632212, 27.3913866 ], [ 35.6321235, 27.3914354 ], [ 35.6320202, 27.3914961 ], [ 35.6319666, 27.3915759 ], [ 35.6319411, 27.391664 ], [ 35.6319076, 27.3916986 ], [ 35.6318539, 27.3917521 ], [ 35.6317587, 27.3918117 ], [ 35.6317158, 27.3918998 ], [ 35.6316957, 27.3919355 ], [ 35.6316447, 27.3919927 ], [ 35.6316072, 27.3920284 ], [ 35.6315549, 27.3921058 ], [ 35.6315428, 27.3921915 ], [ 35.6313698, 27.3923654 ], [ 35.6313242, 27.3924273 ], [ 35.631296, 27.3924868 ], [ 35.6312531, 27.3925845 ], [ 35.6312276, 27.3926357 ], [ 35.6311083, 27.3929107 ], [ 35.6310882, 27.3930036 ], [ 35.6310372, 27.393087 ], [ 35.6309044, 27.3932537 ], [ 35.630706, 27.3932918 ], [ 35.6306268, 27.3933144 ], [ 35.630541, 27.3933346 ], [ 35.6304739, 27.3933215 ], [ 35.630427, 27.3933596 ], [ 35.6304552, 27.3934204 ], [ 35.6304699, 27.3935073 ], [ 35.6304605, 27.3935704 ], [ 35.630364, 27.3936728 ], [ 35.6302714, 27.3937383 ], [ 35.6302527, 27.3937669 ], [ 35.6302473, 27.3938109 ], [ 35.6302392, 27.3938728 ], [ 35.6302312, 27.3939502 ], [ 35.6301293, 27.3940562 ], [ 35.6300622, 27.3941515 ], [ 35.6300247, 27.3941979 ], [ 35.6299455, 27.3943074 ], [ 35.6298356, 27.3944348 ], [ 35.6297886, 27.3944849 ], [ 35.6297176, 27.3945682 ], [ 35.6296948, 27.3946194 ], [ 35.6296961, 27.3947182 ], [ 35.6295902, 27.3948897 ], [ 35.6295151, 27.3949826 ], [ 35.6294695, 27.3950481 ], [ 35.6294359, 27.3951397 ], [ 35.6294078, 27.3951612 ], [ 35.6293394, 27.3952017 ], [ 35.6293005, 27.3952731 ], [ 35.6292589, 27.3953541 ], [ 35.6292066, 27.3954612 ], [ 35.6290819, 27.3956375 ], [ 35.6290819, 27.3956637 ], [ 35.6290551, 27.3957351 ], [ 35.6290215, 27.3957399 ], [ 35.6289276, 27.3957911 ], [ 35.6289035, 27.3958827 ], [ 35.628866, 27.3959685 ], [ 35.6288405, 27.396003 ], [ 35.6287882, 27.3961209 ], [ 35.6287815, 27.3961971 ], [ 35.6287453, 27.3962864 ], [ 35.6286487, 27.3963245 ], [ 35.628591, 27.39634 ], [ 35.6285173, 27.3963781 ], [ 35.628477, 27.3964412 ], [ 35.6284596, 27.3964995 ], [ 35.6284314, 27.3965483 ], [ 35.6283939, 27.396571 ], [ 35.6283215, 27.3965805 ], [ 35.6282826, 27.3966222 ], [ 35.628245, 27.3967043 ], [ 35.6281176, 27.3967996 ], [ 35.628076, 27.3968436 ], [ 35.6280385, 27.3969139 ], [ 35.6279822, 27.3969853 ], [ 35.6279741, 27.3970413 ], [ 35.6280063, 27.397077 ], [ 35.6280023, 27.3971103 ], [ 35.6279366, 27.3971532 ], [ 35.6278038, 27.3973271 ], [ 35.6276563, 27.3975795 ], [ 35.627557, 27.3977736 ], [ 35.6274819, 27.3979486 ], [ 35.6274337, 27.3980733 ], [ 35.6273559, 27.3981605 ], [ 35.6273291, 27.3981498 ], [ 35.6272808, 27.3981427 ], [ 35.6272003, 27.3981665 ], [ 35.6271252, 27.3982391 ], [ 35.6270702, 27.3982986 ], [ 35.6270193, 27.3983153 ], [ 35.6269549, 27.3983248 ], [ 35.6268583, 27.3983439 ], [ 35.6268087, 27.398376 ], [ 35.6268087, 27.3984558 ], [ 35.6267859, 27.3984987 ], [ 35.6267148, 27.3985618 ], [ 35.6266625, 27.3986713 ], [ 35.6266116, 27.3987702 ], [ 35.6265566, 27.3988606 ], [ 35.6265271, 27.3989071 ], [ 35.6265217, 27.3989428 ], [ 35.6265378, 27.3989797 ], [ 35.6264734, 27.3990119 ], [ 35.6264386, 27.3990773 ], [ 35.6264453, 27.3991131 ], [ 35.6264345, 27.3991559 ], [ 35.6263782, 27.399175 ], [ 35.6262991, 27.3992178 ], [ 35.6262521, 27.3992405 ], [ 35.6261663, 27.3992893 ], [ 35.6261073, 27.399319 ], [ 35.6260858, 27.3993571 ], [ 35.6260885, 27.3994155 ], [ 35.6260724, 27.3994584 ], [ 35.6260443, 27.3994988 ], [ 35.6260148, 27.3995631 ], [ 35.6259692, 27.3995822 ], [ 35.6259075, 27.3996 ], [ 35.6258297, 27.3996072 ], [ 35.62576, 27.3996048 ], [ 35.625705, 27.3996072 ], [ 35.6257787, 27.3996655 ], [ 35.6255507, 27.3999489 ], [ 35.625367, 27.4002049 ], [ 35.6253308, 27.4003132 ], [ 35.6253053, 27.4003906 ], [ 35.6252825, 27.4004573 ], [ 35.6252557, 27.4005002 ], [ 35.6252222, 27.4005228 ], [ 35.6251994, 27.4005323 ], [ 35.6251511, 27.4004859 ], [ 35.6250854, 27.4005454 ], [ 35.6250706, 27.4005847 ], [ 35.6250492, 27.4006633 ], [ 35.625017, 27.4007216 ], [ 35.6249566, 27.4007693 ], [ 35.6248748, 27.40088 ], [ 35.6247944, 27.4010133 ], [ 35.6247474, 27.401105 ], [ 35.6246804, 27.4011455 ], [ 35.624612, 27.4011538 ], [ 35.6245878, 27.4011312 ], [ 35.624553, 27.4010991 ], [ 35.6244535, 27.4011036 ], [ 35.624325, 27.4011157 ], [ 35.6242821, 27.4011431 ], [ 35.6242606, 27.4012146 ], [ 35.6242619, 27.4012789 ], [ 35.6242016, 27.4013598 ], [ 35.6241225, 27.4014003 ], [ 35.6240675, 27.4014741 ], [ 35.624042, 27.4015479 ], [ 35.6240045, 27.4015813 ], [ 35.6239441, 27.401586 ], [ 35.6238703, 27.4015813 ], [ 35.623806, 27.4015956 ], [ 35.6237899, 27.4016551 ], [ 35.6237496, 27.4016872 ], [ 35.623692, 27.4016777 ], [ 35.6236625, 27.4016813 ], [ 35.6236652, 27.4017265 ], [ 35.6237081, 27.4017658 ], [ 35.6237429, 27.401842 ], [ 35.6237175, 27.4019206 ], [ 35.6236987, 27.4019706 ], [ 35.623645, 27.4020742 ], [ 35.6235699, 27.4021754 ], [ 35.6234694, 27.4022659 ], [ 35.6233862, 27.4023088 ], [ 35.6232963, 27.4023397 ], [ 35.6231314, 27.4023909 ], [ 35.6229959, 27.4025957 ], [ 35.6229664, 27.4026445 ], [ 35.6229369, 27.4026719 ], [ 35.622894, 27.402704 ], [ 35.6228136, 27.4027362 ], [ 35.6227317, 27.4027421 ], [ 35.6226473, 27.4027302 ], [ 35.6225842, 27.402735 ], [ 35.6225722, 27.4027886 ], [ 35.6226204, 27.4028219 ], [ 35.6226942, 27.4028719 ], [ 35.6227384, 27.4029565 ], [ 35.6227036, 27.4030493 ], [ 35.6226714, 27.4031184 ], [ 35.6226486, 27.4032005 ], [ 35.6226312, 27.4032434 ], [ 35.62254, 27.4032886 ], [ 35.6224461, 27.4033232 ], [ 35.6222597, 27.4034089 ], [ 35.6222302, 27.4034708 ], [ 35.6222033, 27.403528 ], [ 35.6221712, 27.4035911 ], [ 35.6221698, 27.4036684 ], [ 35.6221336, 27.4037327 ], [ 35.6221551, 27.4038328 ], [ 35.6221738, 27.4039066 ], [ 35.6221551, 27.4040232 ], [ 35.6221014, 27.4041304 ], [ 35.6221122, 27.4042137 ], [ 35.6221712, 27.404278 ], [ 35.6222811, 27.4043471 ], [ 35.6224045, 27.4044233 ], [ 35.6224555, 27.4046186 ], [ 35.622493, 27.4047495 ], [ 35.6225386, 27.4050162 ], [ 35.6224126, 27.4054448 ], [ 35.6222463, 27.4056829 ], [ 35.6219351, 27.4060163 ], [ 35.6215945, 27.4063473 ], [ 35.6215556, 27.4063461 ], [ 35.6214979, 27.4063425 ], [ 35.6213987, 27.4063818 ], [ 35.6213008, 27.4064259 ], [ 35.6212002, 27.406439 ], [ 35.6211305, 27.4064925 ], [ 35.6210808, 27.4064961 ], [ 35.6209588, 27.406514 ], [ 35.6208663, 27.406533 ], [ 35.6207979, 27.4065473 ], [ 35.6207134, 27.4065354 ], [ 35.6206182, 27.4065271 ], [ 35.6205766, 27.4064378 ], [ 35.6205431, 27.4064342 ], [ 35.6204385, 27.4064652 ], [ 35.620362, 27.4065342 ], [ 35.6202561, 27.4066235 ], [ 35.6201112, 27.4067295 ], [ 35.6200348, 27.4067819 ], [ 35.6199664, 27.4068426 ], [ 35.6199436, 27.4069152 ], [ 35.6198725, 27.4069604 ], [ 35.6197652, 27.4070033 ], [ 35.6197344, 27.4070557 ], [ 35.619548, 27.4073355 ], [ 35.6194313, 27.4073652 ], [ 35.6193897, 27.407395 ], [ 35.6193615, 27.4074295 ], [ 35.619387, 27.4074902 ], [ 35.6192422, 27.4077117 ], [ 35.619202, 27.4077569 ], [ 35.6191429, 27.4078689 ], [ 35.6190652, 27.4079403 ], [ 35.618982, 27.4079736 ], [ 35.6188828, 27.4079927 ], [ 35.6186548, 27.4080331 ], [ 35.6185985, 27.4081165 ], [ 35.6185502, 27.4081951 ], [ 35.618459, 27.4082546 ], [ 35.6183436, 27.4082617 ], [ 35.6182471, 27.4082641 ], [ 35.6180701, 27.4082713 ], [ 35.6179593, 27.4083238 ], [ 35.6179239, 27.4083207 ], [ 35.6178763, 27.4083361 ], [ 35.6178381, 27.4083695 ], [ 35.6178018, 27.4084094 ], [ 35.6177428, 27.4084463 ], [ 35.6176946, 27.4084635 ], [ 35.6176637, 27.4084725 ], [ 35.6175645, 27.4085433 ], [ 35.6175511, 27.4085969 ], [ 35.6175524, 27.4086391 ], [ 35.6175276, 27.4086784 ], [ 35.6175142, 27.4087064 ], [ 35.6175014, 27.408782 ], [ 35.6175075, 27.4088517 ], [ 35.6174786, 27.408904 ], [ 35.6174538, 27.4089511 ], [ 35.6174116, 27.4089915 ], [ 35.6173787, 27.4090076 ], [ 35.6172848, 27.4090421 ], [ 35.6172299, 27.4090761 ], [ 35.617189, 27.4091302 ], [ 35.6171548, 27.4091582 ], [ 35.6170562, 27.4092309 ], [ 35.6169824, 27.4092868 ], [ 35.6169563, 27.409319 ], [ 35.6169442, 27.4093356 ], [ 35.616959, 27.4093821 ], [ 35.6169871, 27.4094023 ], [ 35.6170032, 27.4094201 ], [ 35.6169979, 27.4094577 ], [ 35.6170019, 27.4094821 ], [ 35.6169905, 27.40951 ], [ 35.6169462, 27.4095362 ], [ 35.6169134, 27.4095446 ], [ 35.6169, 27.4095517 ], [ 35.6168436, 27.4096005 ], [ 35.6168014, 27.4096589 ], [ 35.6167772, 27.4096791 ], [ 35.616678, 27.4097166 ], [ 35.616617, 27.4097077 ], [ 35.6165667, 27.4097362 ], [ 35.6165285, 27.4097714 ], [ 35.6164976, 27.4098154 ], [ 35.6164862, 27.4098553 ], [ 35.6164762, 27.4098868 ], [ 35.6164118, 27.4099779 ], [ 35.6163494, 27.4100285 ], [ 35.6162824, 27.410066 ], [ 35.6162368, 27.4100857 ], [ 35.6162093, 27.4100964 ], [ 35.6161764, 27.4101297 ], [ 35.6161577, 27.410141 ], [ 35.6161221, 27.4101678 ], [ 35.6160443, 27.4102482 ], [ 35.6160088, 27.4102869 ], [ 35.6159404, 27.4103095 ], [ 35.6159015, 27.4103434 ], [ 35.6158324, 27.4103553 ], [ 35.6157895, 27.4103762 ], [ 35.6157607, 27.4103922 ], [ 35.6157278, 27.4104029 ], [ 35.6156735, 27.41045 ], [ 35.6156413, 27.4104684 ], [ 35.6155723, 27.410475 ], [ 35.6155287, 27.410475 ], [ 35.6155019, 27.4104934 ], [ 35.6154851, 27.4105321 ], [ 35.6154723, 27.4105732 ], [ 35.6154797, 27.4105952 ], [ 35.6154925, 27.4106155 ], [ 35.6154992, 27.4106399 ], [ 35.6154697, 27.4106637 ], [ 35.6154314, 27.4106833 ], [ 35.6154033, 27.410697 ], [ 35.6153865, 27.4107131 ], [ 35.6153845, 27.4107708 ], [ 35.6153624, 27.410797 ], [ 35.6153087, 27.4108339 ], [ 35.6152739, 27.4108792 ], [ 35.615239, 27.4109065 ], [ 35.6152229, 27.4109417 ], [ 35.61519, 27.4110262 ], [ 35.6151639, 27.4110589 ], [ 35.6150948, 27.4111101 ], [ 35.6150472, 27.4111762 ], [ 35.6149828, 27.4112125 ], [ 35.6149312, 27.4112256 ], [ 35.6148581, 27.4112226 ], [ 35.6148273, 27.4112423 ], [ 35.6148293, 27.411272 ], [ 35.6147837, 27.4112947 ], [ 35.6147723, 27.4113131 ], [ 35.6147723, 27.4113345 ], [ 35.6147844, 27.4113768 ], [ 35.6147917, 27.4114286 ], [ 35.6147837, 27.4114679 ], [ 35.6147616, 27.4115072 ], [ 35.6147347, 27.4115447 ], [ 35.6147059, 27.4115732 ], [ 35.6146603, 27.4115911 ], [ 35.614606, 27.4116084 ], [ 35.6145289, 27.4116375 ], [ 35.6144551, 27.4117203 ], [ 35.6144156, 27.4117477 ], [ 35.6143472, 27.4117685 ], [ 35.6142928, 27.4117709 ], [ 35.614264, 27.4117756 ], [ 35.6142486, 27.4117857 ], [ 35.6142546, 27.4118381 ], [ 35.6142674, 27.4118608 ], [ 35.6142694, 27.4118994 ], [ 35.6142479, 27.4119119 ], [ 35.614205, 27.4119155 ], [ 35.6141869, 27.4119465 ], [ 35.6141923, 27.4119727 ], [ 35.6141956, 27.4119983 ], [ 35.6141735, 27.4120173 ], [ 35.614142, 27.4120131 ], [ 35.614083, 27.4120078 ], [ 35.6140427, 27.4120233 ], [ 35.6140233, 27.4120548 ], [ 35.6140159, 27.4120762 ], [ 35.6139649, 27.4121209 ], [ 35.6139046, 27.4121631 ], [ 35.6138456, 27.4121774 ], [ 35.6137785, 27.4121858 ], [ 35.6137162, 27.4121858 ], [ 35.6136739, 27.4122048 ], [ 35.6136692, 27.4122304 ], [ 35.6136853, 27.4122757 ], [ 35.613686, 27.4123066 ], [ 35.6136786, 27.4123572 ], [ 35.6136511, 27.4123923 ], [ 35.6136605, 27.4124215 ], [ 35.6136793, 27.412453 ], [ 35.6136411, 27.4124882 ], [ 35.61357, 27.4126013 ], [ 35.6134687, 27.4127417 ], [ 35.6133266, 27.4129876 ], [ 35.6131737, 27.4132221 ], [ 35.6130939, 27.4133989 ], [ 35.6129216, 27.4137763 ], [ 35.6128659, 27.4138531 ], [ 35.6128532, 27.4138894 ], [ 35.6128344, 27.4139138 ], [ 35.6127734, 27.4139251 ], [ 35.6127077, 27.4139156 ], [ 35.6126641, 27.413915 ], [ 35.612646, 27.4139376 ], [ 35.6126386, 27.4139596 ], [ 35.6126124, 27.41399 ], [ 35.6125407, 27.4140578 ], [ 35.6124998, 27.4140977 ], [ 35.6124756, 27.4141323 ], [ 35.6124696, 27.4141602 ], [ 35.6124958, 27.4141519 ], [ 35.6125313, 27.4141257 ], [ 35.6125729, 27.4140959 ], [ 35.6126084, 27.4140763 ], [ 35.6126399, 27.4140834 ], [ 35.6126567, 27.4140983 ], [ 35.6126654, 27.4141168 ], [ 35.6126252, 27.4141543 ], [ 35.6126104, 27.4141692 ], [ 35.612595, 27.4141864 ], [ 35.6125615, 27.4142471 ], [ 35.6125172, 27.4143007 ], [ 35.6125072, 27.4143483 ], [ 35.612481, 27.4143805 ], [ 35.6124482, 27.4144037 ], [ 35.6124354, 27.4144221 ], [ 35.6123972, 27.4145204 ], [ 35.612371, 27.4145757 ], [ 35.6123295, 27.4146156 ], [ 35.6122772, 27.4146204 ], [ 35.612249, 27.4146239 ], [ 35.6121833, 27.4146662 ], [ 35.6121229, 27.4147156 ], [ 35.612078, 27.4147644 ], [ 35.6120606, 27.4147846 ], [ 35.6120512, 27.4148102 ], [ 35.6120512, 27.4148323 ], [ 35.6120492, 27.4148454 ], [ 35.6120116, 27.414943 ], [ 35.6119184, 27.4150198 ], [ 35.6118688, 27.4150501 ], [ 35.6118306, 27.4150763 ], [ 35.6118192, 27.4151091 ], [ 35.6118064, 27.4151442 ], [ 35.6117783, 27.4151704 ], [ 35.6117173, 27.4152037 ], [ 35.6116871, 27.4152222 ], [ 35.6116234, 27.4152275 ], [ 35.611616, 27.4152775 ], [ 35.611616, 27.4153132 ], [ 35.6115764, 27.4153466 ], [ 35.6115369, 27.4153656 ], [ 35.6115174, 27.4153716 ], [ 35.6114812, 27.4153972 ], [ 35.6114705, 27.4154394 ], [ 35.6114665, 27.4154739 ], [ 35.6114531, 27.4155287 ], [ 35.6114182, 27.415587 ], [ 35.6113927, 27.4156382 ], [ 35.6113659, 27.4156894 ], [ 35.6113498, 27.4157329 ], [ 35.6113122, 27.4158424 ], [ 35.6112894, 27.4159126 ], [ 35.6112485, 27.4159799 ], [ 35.6112331, 27.4160382 ], [ 35.6112217, 27.4160829 ], [ 35.6112003, 27.4161341 ], [ 35.6111185, 27.4161995 ], [ 35.6110226, 27.4162108 ], [ 35.6109032, 27.4162478 ], [ 35.6108308, 27.4162775 ], [ 35.6107865, 27.4162983 ], [ 35.6107691, 27.4163132 ], [ 35.6107315, 27.4163472 ], [ 35.6107054, 27.4163781 ], [ 35.6106437, 27.4164204 ], [ 35.6105961, 27.4164442 ], [ 35.6105559, 27.4164704 ], [ 35.6105673, 27.4165031 ], [ 35.6105981, 27.4165228 ], [ 35.6106269, 27.416537 ], [ 35.6106504, 27.4165478 ], [ 35.6106618, 27.4165591 ], [ 35.6106129, 27.4166662 ], [ 35.6105545, 27.4168198 ], [ 35.6104948, 27.4170376 ], [ 35.6104419, 27.4172579 ], [ 35.6104291, 27.4173013 ], [ 35.6104016, 27.4173376 ], [ 35.6103728, 27.4173781 ], [ 35.6103453, 27.4174388 ], [ 35.610352, 27.4175704 ], [ 35.610352, 27.417618 ], [ 35.6103493, 27.4176561 ], [ 35.6103171, 27.4177138 ], [ 35.6102648, 27.4177721 ], [ 35.6102487, 27.4178317 ], [ 35.610238, 27.4178852 ], [ 35.6102253, 27.417921 ], [ 35.6101555, 27.4180144 ], [ 35.6101327, 27.4180436 ], [ 35.6101106, 27.418087 ], [ 35.6100959, 27.4181174 ], [ 35.6100878, 27.4181727 ], [ 35.6101247, 27.4181733 ], [ 35.6101455, 27.4181757 ], [ 35.6101616, 27.418187 ], [ 35.6101636, 27.4182317 ], [ 35.6101388, 27.4182644 ], [ 35.6101146, 27.418287 ], [ 35.6101032, 27.4183061 ], [ 35.6101026, 27.4183269 ], [ 35.6101274, 27.418365 ], [ 35.6100925, 27.4184126 ], [ 35.6100643, 27.418437 ], [ 35.6100342, 27.4184561 ], [ 35.6100328, 27.4184704 ], [ 35.610061, 27.4185043 ], [ 35.6100818, 27.4185329 ], [ 35.6100798, 27.4185745 ], [ 35.6100596, 27.4186037 ], [ 35.6100395, 27.4186281 ], [ 35.61001, 27.4186965 ], [ 35.6099718, 27.4187644 ], [ 35.609955, 27.4188257 ], [ 35.6099483, 27.4188805 ], [ 35.6099584, 27.418909 ], [ 35.6099731, 27.4189287 ], [ 35.6099671, 27.4189572 ], [ 35.6099564, 27.4189876 ], [ 35.6099604, 27.4190144 ], [ 35.6099738, 27.4190311 ], [ 35.609998, 27.4190793 ], [ 35.6100107, 27.419134 ], [ 35.6100261, 27.4191781 ], [ 35.6100362, 27.4192144 ], [ 35.6100275, 27.419256 ], [ 35.6099872, 27.4194132 ], [ 35.6099812, 27.4194929 ], [ 35.6099805, 27.4195376 ], [ 35.61, 27.4195709 ], [ 35.610008, 27.4195918 ], [ 35.6100107, 27.4196275 ], [ 35.6100067, 27.4196965 ], [ 35.6100409, 27.4197429 ], [ 35.6100657, 27.4197667 ], [ 35.6100811, 27.4197906 ], [ 35.6100959, 27.4198227 ], [ 35.6100979, 27.4198495 ], [ 35.6100576, 27.4199096 ], [ 35.6100382, 27.419962 ], [ 35.6100697, 27.4200328 ], [ 35.6101006, 27.4200679 ], [ 35.610126, 27.4201019 ], [ 35.6101562, 27.4201525 ], [ 35.6101616, 27.420206 ], [ 35.6101649, 27.4202935 ], [ 35.610171, 27.4203489 ], [ 35.6101924, 27.420506 ], [ 35.6101468, 27.4205786 ], [ 35.6101106, 27.4206227 ], [ 35.6100892, 27.4207036 ], [ 35.6100945, 27.4207262 ], [ 35.6100771, 27.420737 ], [ 35.6099913, 27.4207512 ], [ 35.6099497, 27.4207774 ], [ 35.6099416, 27.4208393 ], [ 35.6099671, 27.4209048 ], [ 35.6099993, 27.4209429 ], [ 35.6099953, 27.4210834 ], [ 35.6099939, 27.4211322 ], [ 35.6099993, 27.4211893 ], [ 35.6100167, 27.4213405 ], [ 35.6101495, 27.4214619 ], [ 35.6102635, 27.4215798 ], [ 35.6103359, 27.4216048 ], [ 35.6103547, 27.4216357 ], [ 35.6103306, 27.4216929 ], [ 35.6103332, 27.4217226 ], [ 35.6103896, 27.4217726 ], [ 35.6106135, 27.4218595 ], [ 35.6107396, 27.4219262 ], [ 35.6107785, 27.4220036 ], [ 35.6107731, 27.4220476 ], [ 35.6107342, 27.4221821 ], [ 35.6106913, 27.4223893 ], [ 35.6106036, 27.422617 ], [ 35.610466, 27.4228868 ], [ 35.6103533, 27.4230333 ], [ 35.6100744, 27.4232237 ], [ 35.6097324, 27.4234713 ], [ 35.609601, 27.4236178 ], [ 35.6095348, 27.4236212 ], [ 35.60931, 27.4236463 ], [ 35.6091839, 27.4236285 ], [ 35.6090766, 27.4236689 ], [ 35.6089908, 27.4236951 ], [ 35.608905, 27.4237178 ], [ 35.6088352, 27.4237404 ], [ 35.6087548, 27.4237737 ], [ 35.6086823, 27.4238416 ], [ 35.6085442, 27.4239451 ], [ 35.6084463, 27.4239832 ], [ 35.6083564, 27.4240261 ], [ 35.6083363, 27.4240689 ], [ 35.6083216, 27.4241284 ], [ 35.6083041, 27.4241725 ], [ 35.6081995, 27.4242963 ], [ 35.6081486, 27.4243808 ], [ 35.6080963, 27.4244546 ], [ 35.6080328, 27.4245375 ], [ 35.6079783, 27.4245701 ], [ 35.6078884, 27.4246082 ], [ 35.6078495, 27.4245748 ], [ 35.607761, 27.4245403 ], [ 35.6076926, 27.4245951 ], [ 35.6076162, 27.4246379 ], [ 35.6075612, 27.4246486 ], [ 35.6075008, 27.4246153 ], [ 35.6074499, 27.4246224 ], [ 35.6073841, 27.4246629 ], [ 35.6073479, 27.4246927 ], [ 35.6073144, 27.4247367 ], [ 35.6072541, 27.4248546 ], [ 35.6071199, 27.424926 ], [ 35.6070945, 27.4249986 ], [ 35.6070448, 27.4250438 ], [ 35.6069952, 27.4250665 ], [ 35.6070006, 27.4250986 ], [ 35.6070153, 27.4251284 ], [ 35.6069925, 27.4251998 ], [ 35.6069309, 27.4253033 ], [ 35.6068732, 27.425376 ], [ 35.6068303, 27.4254617 ], [ 35.6068142, 27.4254879 ], [ 35.6066439, 27.4257462 ], [ 35.6065097, 27.42597 ], [ 35.606436, 27.4259557 ], [ 35.6063957, 27.4260069 ], [ 35.6063394, 27.426064 ], [ 35.6062751, 27.4261069 ], [ 35.606216, 27.4261247 ], [ 35.6060283, 27.426133 ], [ 35.6059706, 27.4261438 ], [ 35.6058861, 27.4262116 ], [ 35.6058419, 27.4262521 ], [ 35.6057775, 27.4262842 ], [ 35.6056716, 27.4262878 ], [ 35.6056085, 27.4263116 ], [ 35.6055602, 27.4263354 ], [ 35.6055173, 27.4263711 ], [ 35.605516, 27.4264009 ], [ 35.605516, 27.4264568 ], [ 35.6054623, 27.4265056 ], [ 35.6054074, 27.4264902 ], [ 35.6053658, 27.4265056 ], [ 35.605347, 27.4265413 ], [ 35.6053068, 27.4265711 ], [ 35.6052558, 27.4265842 ], [ 35.6052156, 27.4265782 ], [ 35.6051512, 27.426564 ], [ 35.6051137, 27.4265663 ], [ 35.6050909, 27.4266544 ], [ 35.605052, 27.4267318 ], [ 35.6049997, 27.4267746 ], [ 35.6049608, 27.4268187 ], [ 35.6049299, 27.4268365 ], [ 35.6048736, 27.426858 ], [ 35.6048106, 27.426858 ], [ 35.6047797, 27.4268865 ], [ 35.6047676, 27.4269151 ], [ 35.6047422, 27.4269592 ], [ 35.6047288, 27.4269711 ], [ 35.6045182, 27.4271199 ], [ 35.6042996, 27.4272603 ], [ 35.6041521, 27.4273579 ], [ 35.6040877, 27.4274174 ], [ 35.6040207, 27.4273984 ], [ 35.6039469, 27.427396 ], [ 35.603912, 27.4274258 ], [ 35.6038825, 27.4274627 ], [ 35.6038181, 27.4274758 ], [ 35.6038047, 27.4274782 ], [ 35.6037551, 27.4275222 ], [ 35.6037699, 27.4275627 ], [ 35.6037725, 27.4275936 ], [ 35.6037444, 27.4276091 ], [ 35.6035365, 27.42774 ], [ 35.6034587, 27.4277043 ], [ 35.6033756, 27.4276996 ], [ 35.6033193, 27.4277127 ], [ 35.6032535, 27.4277912 ], [ 35.6031999, 27.4278257 ], [ 35.6031235, 27.4278579 ], [ 35.6030819, 27.4278841 ], [ 35.6030631, 27.4279067 ], [ 35.6030484, 27.4279971 ], [ 35.6029974, 27.4280281 ], [ 35.6029236, 27.4280388 ], [ 35.6028874, 27.4280471 ], [ 35.6028512, 27.4280983 ], [ 35.602866, 27.42814 ], [ 35.6028713, 27.4281483 ], [ 35.6028593, 27.4281912 ], [ 35.6028539, 27.4282364 ], [ 35.602866, 27.4282709 ], [ 35.6028673, 27.428334 ], [ 35.6028754, 27.4283804 ], [ 35.6029008, 27.4284031 ], [ 35.6029196, 27.4284281 ], [ 35.6028526, 27.4285138 ], [ 35.6027721, 27.4286161 ], [ 35.6025977, 27.4288316 ], [ 35.6025361, 27.4289173 ], [ 35.6024569, 27.4290708 ], [ 35.6024288, 27.4292232 ], [ 35.6024703, 27.429322 ], [ 35.6024891, 27.4293839 ], [ 35.6025025, 27.4294601 ], [ 35.6024972, 27.429591 ], [ 35.6025521, 27.4297196 ], [ 35.6025749, 27.4297755 ], [ 35.6024918, 27.4298946 ], [ 35.6023952, 27.4298946 ], [ 35.6022464, 27.429835 ], [ 35.6021458, 27.4298577 ], [ 35.6020626, 27.4298862 ], [ 35.6020103, 27.4298981 ], [ 35.6018145, 27.4298612 ], [ 35.6015879, 27.4298088 ], [ 35.6014605, 27.4297922 ], [ 35.6013599, 27.4297743 ], [ 35.6012607, 27.4297481 ], [ 35.601207, 27.4297208 ], [ 35.6011668, 27.4296898 ], [ 35.6011131, 27.4295684 ], [ 35.6010273, 27.4294696 ], [ 35.600794, 27.4293256 ], [ 35.600633, 27.4292375 ], [ 35.6005298, 27.4291923 ], [ 35.6004788, 27.4291827 ], [ 35.6003138, 27.4291363 ], [ 35.6001703, 27.4291304 ], [ 35.6000832, 27.4291315 ], [ 35.6000027, 27.4291423 ], [ 35.5999088, 27.4291042 ], [ 35.5997922, 27.429103 ], [ 35.5996379, 27.4291434 ], [ 35.5994877, 27.4291756 ], [ 35.5993684, 27.4292077 ], [ 35.5991927, 27.4291851 ], [ 35.5990653, 27.4291565 ], [ 35.5989821, 27.4291339 ], [ 35.5988775, 27.4291244 ], [ 35.598793, 27.4291589 ], [ 35.5987032, 27.4291815 ], [ 35.5985878, 27.429203 ], [ 35.5985329, 27.4291827 ], [ 35.5984551, 27.4291565 ], [ 35.5984148, 27.4291601 ], [ 35.5984068, 27.4292077 ], [ 35.598435, 27.4292494 ], [ 35.598443, 27.4292815 ], [ 35.5983679, 27.4293101 ], [ 35.5983143, 27.429341 ], [ 35.5982807, 27.4293839 ], [ 35.5982499, 27.4294208 ], [ 35.598152, 27.4294387 ], [ 35.5980916, 27.4294196 ], [ 35.5980313, 27.4294279 ], [ 35.5979937, 27.4294553 ], [ 35.5979763, 27.4294684 ], [ 35.5978958, 27.4294589 ], [ 35.597755, 27.4294994 ], [ 35.5976826, 27.4295458 ], [ 35.5976611, 27.4295827 ], [ 35.5975901, 27.4296065 ], [ 35.597523, 27.429616 ], [ 35.5974841, 27.4296684 ], [ 35.5974425, 27.4297065 ], [ 35.5973849, 27.429722 ], [ 35.5973312, 27.4297362 ], [ 35.5972816, 27.4297922 ], [ 35.5972293, 27.4298493 ], [ 35.5971703, 27.429866 ], [ 35.5971234, 27.4298815 ], [ 35.5970965, 27.4298981 ], [ 35.5970596, 27.4299119 ], [ 35.5970912, 27.4299362 ], [ 35.597122, 27.4299398 ], [ 35.5971502, 27.4299445 ], [ 35.5971408, 27.4299779 ], [ 35.5971193, 27.4300291 ], [ 35.5970845, 27.4300767 ], [ 35.5969021, 27.4302314 ], [ 35.5966701, 27.4304433 ], [ 35.5964327, 27.4307123 ], [ 35.5961511, 27.4310087 ], [ 35.5960102, 27.4310825 ], [ 35.5957903, 27.431217 ], [ 35.5956133, 27.4313371 ], [ 35.5955489, 27.4314348 ], [ 35.5954362, 27.4315539 ], [ 35.5953598, 27.4316074 ], [ 35.5952485, 27.4317276 ], [ 35.595172, 27.4317503 ], [ 35.5950876, 27.4317419 ], [ 35.595054, 27.4317645 ], [ 35.595054, 27.4317991 ], [ 35.5950034, 27.4318482 ], [ 35.5949467, 27.4319336 ], [ 35.5948488, 27.4320264 ], [ 35.5947858, 27.4320847 ], [ 35.594645, 27.4321942 ], [ 35.5945323, 27.4322692 ], [ 35.5944908, 27.4323216 ], [ 35.5944572, 27.4323442 ], [ 35.5943915, 27.432374 ], [ 35.5943339, 27.432374 ], [ 35.5942239, 27.4324466 ], [ 35.5940965, 27.4325525 ], [ 35.5939181, 27.4326656 ], [ 35.5937438, 27.4327382 ], [ 35.5935949, 27.4327977 ], [ 35.5935064, 27.4328453 ], [ 35.59343, 27.4328989 ], [ 35.5933937, 27.4329275 ], [ 35.5933428, 27.4329096 ], [ 35.5932905, 27.4329263 ], [ 35.5932744, 27.4329477 ], [ 35.5932248, 27.4329775 ], [ 35.5931792, 27.4329787 ], [ 35.5931416, 27.4329858 ], [ 35.5931161, 27.4329894 ], [ 35.5930571, 27.4330858 ], [ 35.5928895, 27.4332441 ], [ 35.5927567, 27.4334453 ], [ 35.5926765, 27.4335179 ], [ 35.5926092, 27.4335798 ], [ 35.5925234, 27.4336845 ], [ 35.5924107, 27.4338 ], [ 35.5923651, 27.4338488 ], [ 35.5923182, 27.4338809 ], [ 35.5922444, 27.4338999 ], [ 35.5921881, 27.4339309 ], [ 35.5921787, 27.4339452 ], [ 35.5921264, 27.4340452 ], [ 35.5920969, 27.4341059 ], [ 35.5920379, 27.4341499 ], [ 35.5919762, 27.4341904 ], [ 35.5919628, 27.4342273 ], [ 35.5919614, 27.4342606 ], [ 35.591944, 27.4342999 ], [ 35.5919024, 27.4343356 ], [ 35.59183, 27.4344225 ], [ 35.5918273, 27.434476 ], [ 35.5917925, 27.4345272 ], [ 35.5917522, 27.434551 ], [ 35.5917388, 27.4345641 ], [ 35.5917174, 27.4346046 ], [ 35.591708, 27.4346808 ], [ 35.5916771, 27.4347534 ], [ 35.5916356, 27.4348415 ], [ 35.5916114, 27.4348855 ], [ 35.5916074, 27.4349367 ], [ 35.5915765, 27.434976 ], [ 35.591547, 27.4350343 ], [ 35.5915283, 27.4350795 ], [ 35.5914867, 27.4351247 ], [ 35.5914263, 27.4351378 ], [ 35.5913834, 27.435164 ], [ 35.5913861, 27.43522 ], [ 35.5913191, 27.4352533 ], [ 35.5912802, 27.4353092 ], [ 35.5912869, 27.4353664 ], [ 35.5911943, 27.4354068 ], [ 35.5911675, 27.4354259 ], [ 35.5911662, 27.4354628 ], [ 35.5911426, 27.4355246 ], [ 35.5910857, 27.435583 ], [ 35.591075, 27.4356425 ], [ 35.5910736, 27.4356937 ], [ 35.5910481, 27.4357496 ], [ 35.5909905, 27.4357734 ], [ 35.5909154, 27.435802 ], [ 35.5908872, 27.4358175 ], [ 35.5908698, 27.4358306 ], [ 35.5908671, 27.4358591 ], [ 35.5908859, 27.4358865 ], [ 35.5909194, 27.4359127 ], [ 35.5909395, 27.435927 ], [ 35.5909422, 27.4359817 ], [ 35.5908939, 27.4360044 ], [ 35.590843, 27.4360234 ], [ 35.5908135, 27.4360389 ], [ 35.590792, 27.4360579 ], [ 35.5907853, 27.436102 ], [ 35.5908175, 27.4361281 ], [ 35.5908389, 27.4361412 ], [ 35.590851, 27.4361567 ], [ 35.5908403, 27.4362031 ], [ 35.5907169, 27.436484 ], [ 35.5906673, 27.4365554 ], [ 35.5906405, 27.4366352 ], [ 35.590615, 27.4366804 ], [ 35.5906002, 27.4367292 ], [ 35.5905975, 27.4367578 ], [ 35.5905966, 27.4368206 ], [ 35.5905828, 27.4368744 ], [ 35.5905372, 27.4369339 ], [ 35.5905077, 27.4370161 ], [ 35.5905063, 27.4370613 ], [ 35.590513, 27.4371208 ], [ 35.5904876, 27.4372041 ], [ 35.5904299, 27.437366 ], [ 35.590391, 27.4374493 ], [ 35.5903803, 27.4375374 ], [ 35.5903347, 27.4376374 ], [ 35.590324, 27.4376517 ], [ 35.590332, 27.4377124 ], [ 35.5902877, 27.4377612 ], [ 35.5902596, 27.4377981 ], [ 35.5902556, 27.4379016 ], [ 35.5902904, 27.4379219 ], [ 35.5903079, 27.4379576 ], [ 35.5902717, 27.4380325 ], [ 35.5902489, 27.4380611 ], [ 35.5902529, 27.4381051 ], [ 35.5902676, 27.438142 ], [ 35.5902717, 27.4382075 ], [ 35.5902717, 27.4382658 ], [ 35.5902582, 27.4383087 ], [ 35.5902287, 27.4383194 ], [ 35.5901644, 27.438348 ], [ 35.5901375, 27.4383908 ], [ 35.5901483, 27.4384563 ], [ 35.5901751, 27.4384991 ], [ 35.5902006, 27.4385479 ], [ 35.5901831, 27.4385884 ], [ 35.5901389, 27.4386122 ], [ 35.5900745, 27.4385979 ], [ 35.5900423, 27.438536 ], [ 35.5900329, 27.4385003 ], [ 35.5900168, 27.4384777 ], [ 35.589982, 27.4384813 ], [ 35.5899699, 27.438511 ], [ 35.5899726, 27.4385515 ], [ 35.5899806, 27.438592 ], [ 35.5899994, 27.438655 ], [ 35.5900021, 27.4387157 ], [ 35.5899471, 27.4388098 ], [ 35.5899337, 27.4388729 ], [ 35.5899149, 27.4389038 ], [ 35.5898814, 27.43893 ], [ 35.5898613, 27.4389133 ], [ 35.5898318, 27.4388824 ], [ 35.5897862, 27.438861 ], [ 35.5897593, 27.438861 ], [ 35.5897369, 27.4388985 ], [ 35.5897754, 27.4389597 ], [ 35.5897285, 27.4389966 ], [ 35.5897406, 27.4390776 ], [ 35.5897406, 27.4391335 ], [ 35.5897379, 27.439199 ], [ 35.5897138, 27.4392573 ], [ 35.5896977, 27.4393061 ], [ 35.5896896, 27.4393442 ], [ 35.589691, 27.4393751 ], [ 35.5896963, 27.4393977 ], [ 35.5896856, 27.4394727 ], [ 35.5896521, 27.4395525 ], [ 35.589644, 27.4396239 ], [ 35.5896467, 27.4396644 ], [ 35.5896078, 27.4397143 ], [ 35.5895716, 27.439756 ], [ 35.5895689, 27.439825 ], [ 35.589585, 27.4398619 ], [ 35.5895971, 27.4398786 ], [ 35.5895568, 27.4399607 ], [ 35.5895461, 27.4400143 ], [ 35.5895622, 27.44005 ], [ 35.5895287, 27.4401107 ], [ 35.5895273, 27.4401607 ], [ 35.5895314, 27.4402083 ], [ 35.5895233, 27.4402666 ], [ 35.5895032, 27.4403928 ], [ 35.5894925, 27.4404666 ], [ 35.5894804, 27.4405142 ], [ 35.5894764, 27.4405725 ], [ 35.5894737, 27.4406201 ], [ 35.5894603, 27.4406701 ], [ 35.5894603, 27.440732 ], [ 35.5894388, 27.4408486 ], [ 35.5893999, 27.4409248 ], [ 35.589408, 27.4409593 ], [ 35.5894335, 27.441001 ], [ 35.5894683, 27.441026 ], [ 35.5895783, 27.4409486 ], [ 35.5896413, 27.4410093 ], [ 35.5895515, 27.4411009 ], [ 35.5894764, 27.4411283 ], [ 35.5894388, 27.4411224 ], [ 35.5893798, 27.4411164 ], [ 35.5893342, 27.441114 ], [ 35.5893221, 27.4411426 ], [ 35.5893852, 27.4411866 ], [ 35.5894375, 27.4412688 ], [ 35.5894388, 27.4413259 ], [ 35.5894388, 27.441439 ], [ 35.58942, 27.4415425 ], [ 35.5893436, 27.441965 ], [ 35.5892859, 27.4421567 ], [ 35.5892631, 27.4423114 ], [ 35.5892457, 27.4425185 ], [ 35.5892216, 27.4428232 ], [ 35.5892122, 27.4429386 ], [ 35.5891827, 27.4430112 ], [ 35.5891518, 27.443066 ], [ 35.5891505, 27.4431148 ], [ 35.5891974, 27.4431183 ], [ 35.5892135, 27.4431219 ], [ 35.589231, 27.4431719 ], [ 35.5892082, 27.4432385 ], [ 35.5891921, 27.4432659 ], [ 35.5891867, 27.4433588 ], [ 35.5892189, 27.4433909 ], [ 35.5892014, 27.4434242 ], [ 35.5891733, 27.4434647 ], [ 35.5891478, 27.4435432 ], [ 35.589129, 27.4436813 ], [ 35.5891196, 27.4437587 ], [ 35.5891022, 27.4439074 ], [ 35.5890459, 27.4439027 ], [ 35.5890191, 27.4439396 ], [ 35.5889896, 27.4439896 ], [ 35.5889627, 27.4440836 ], [ 35.588944, 27.4441502 ], [ 35.5889319, 27.4442109 ], [ 35.5889051, 27.4442859 ], [ 35.5888984, 27.4443442 ], [ 35.5888621, 27.4444252 ], [ 35.5888514, 27.4444763 ], [ 35.5888353, 27.4445525 ], [ 35.5888326, 27.4446275 ], [ 35.588834, 27.4447001 ], [ 35.588838, 27.4447513 ], [ 35.5888179, 27.4448917 ], [ 35.5887294, 27.445244 ], [ 35.5886744, 27.4455165 ], [ 35.5886208, 27.4458093 ], [ 35.5885229, 27.4461402 ], [ 35.5884531, 27.4464223 ], [ 35.5882761, 27.4469328 ], [ 35.5881742, 27.4472661 ], [ 35.5880776, 27.447616 ], [ 35.587922, 27.4483277 ], [ 35.5878335, 27.4487192 ], [ 35.5877933, 27.4489918 ], [ 35.5876364, 27.4497475 ], [ 35.5875479, 27.4502866 ], [ 35.587521, 27.4504961 ], [ 35.587454, 27.4509067 ], [ 35.5874701, 27.4510447 ], [ 35.5874889, 27.4511268 ], [ 35.5874459, 27.4512054 ], [ 35.5873936, 27.4513125 ], [ 35.5873655, 27.4513767 ], [ 35.5873266, 27.4514124 ], [ 35.5872595, 27.4514553 ], [ 35.5872354, 27.4514993 ], [ 35.5872139, 27.4515481 ], [ 35.5872045, 27.4515862 ], [ 35.5871885, 27.4516017 ], [ 35.5871442, 27.4516338 ], [ 35.5871147, 27.4516719 ], [ 35.5871107, 27.4516933 ], [ 35.5871026, 27.4517243 ], [ 35.5870342, 27.4517957 ], [ 35.5870007, 27.4518647 ], [ 35.5870087, 27.4518944 ], [ 35.5870047, 27.4519301 ], [ 35.5869631, 27.4519635 ], [ 35.5869471, 27.4520134 ], [ 35.5869471, 27.4520634 ], [ 35.5869471, 27.4521075 ], [ 35.5869444, 27.4521384 ], [ 35.5869403, 27.4521693 ], [ 35.5868961, 27.4522277 ], [ 35.5868867, 27.4523003 ], [ 35.58688, 27.4523717 ], [ 35.5869041, 27.452405 ], [ 35.5869229, 27.4524419 ], [ 35.5869377, 27.4525061 ], [ 35.5869578, 27.4525585 ], [ 35.586943, 27.4525906 ], [ 35.586888, 27.4526311 ], [ 35.5868532, 27.4526728 ], [ 35.5868062, 27.4527132 ], [ 35.5868076, 27.4527454 ], [ 35.586825, 27.452762 ], [ 35.5868223, 27.4528037 ], [ 35.5868022, 27.4528417 ], [ 35.5867794, 27.4528655 ], [ 35.5867553, 27.4528905 ], [ 35.586707, 27.4528965 ], [ 35.5866896, 27.4528941 ], [ 35.586652, 27.4529108 ], [ 35.586644, 27.4529619 ], [ 35.5866319, 27.4529941 ], [ 35.5866051, 27.4530167 ], [ 35.586585, 27.4530595 ], [ 35.5865957, 27.4531357 ], [ 35.5866037, 27.4531702 ], [ 35.5866051, 27.4532428 ], [ 35.5866064, 27.4532952 ], [ 35.5865394, 27.4533404 ], [ 35.5865005, 27.4533678 ], [ 35.5865085, 27.4534118 ], [ 35.586534, 27.4534463 ], [ 35.58653, 27.4535332 ], [ 35.5865045, 27.4536058 ], [ 35.5864723, 27.4536689 ], [ 35.5864441, 27.4537462 ], [ 35.5864106, 27.4538283 ], [ 35.5863851, 27.453914 ], [ 35.5863275, 27.4540306 ], [ 35.5863167, 27.454083 ], [ 35.5863529, 27.4541151 ], [ 35.5863744, 27.4541568 ], [ 35.5863851, 27.4542175 ], [ 35.5863771, 27.4542901 ], [ 35.58631, 27.4543567 ], [ 35.5862939, 27.4543948 ], [ 35.5862389, 27.4544281 ], [ 35.5862054, 27.454446 ], [ 35.5861813, 27.4544698 ], [ 35.5861786, 27.4545209 ], [ 35.5862108, 27.4545614 ], [ 35.5862255, 27.4545816 ], [ 35.5862403, 27.4546173 ], [ 35.5862202, 27.454659 ], [ 35.5862135, 27.4546816 ], [ 35.5862215, 27.4547328 ], [ 35.5863208, 27.4548042 ], [ 35.5863047, 27.4548423 ], [ 35.5863167, 27.4548673 ], [ 35.5863529, 27.4548792 ], [ 35.5863972, 27.4548827 ], [ 35.5864187, 27.4549196 ], [ 35.5864468, 27.4549815 ], [ 35.586475, 27.4550267 ], [ 35.5865206, 27.4550803 ], [ 35.5865595, 27.455141 ], [ 35.586585, 27.4551969 ], [ 35.5866104, 27.4552362 ], [ 35.5866399, 27.4552873 ], [ 35.5866601, 27.4553147 ], [ 35.5867217, 27.4553968 ], [ 35.5867244, 27.4554539 ], [ 35.5867445, 27.4554742 ], [ 35.5867714, 27.4554825 ], [ 35.5868009, 27.455517 ], [ 35.5867995, 27.4555527 ], [ 35.5868518, 27.455586 ], [ 35.5868612, 27.455617 ], [ 35.5868894, 27.455661 ], [ 35.586931, 27.4556896 ], [ 35.5869739, 27.4557181 ], [ 35.5869913, 27.4557765 ], [ 35.5870329, 27.4558193 ], [ 35.5870302, 27.4558657 ], [ 35.5870101, 27.4559216 ], [ 35.5870101, 27.4560157 ], [ 35.586998, 27.4561989 ], [ 35.587057, 27.456506 ], [ 35.5871026, 27.456669 ], [ 35.5871201, 27.4567856 ], [ 35.5871227, 27.4568558 ], [ 35.5871294, 27.4569546 ], [ 35.5871335, 27.457026 ], [ 35.5871925, 27.4573378 ], [ 35.5872193, 27.4576543 ], [ 35.5872716, 27.4578245 ], [ 35.5873011, 27.4578888 ], [ 35.5873252, 27.4579447 ], [ 35.5873802, 27.458335 ], [ 35.5874714, 27.4585242 ], [ 35.5875385, 27.4585397 ], [ 35.5876109, 27.458554 ], [ 35.5877303, 27.4585219 ], [ 35.5878228, 27.4584957 ], [ 35.5879194, 27.4584862 ], [ 35.5882345, 27.4586064 ], [ 35.5883698, 27.4587328 ], [ 35.5884156, 27.458836 ], [ 35.5884169, 27.4589717 ], [ 35.5884424, 27.4591228 ], [ 35.5884531, 27.4592347 ], [ 35.5884558, 27.4592882 ], [ 35.5884585, 27.4594727 ], [ 35.5884451, 27.4596 ], [ 35.5884263, 27.4597285 ], [ 35.5884182, 27.459788 ], [ 35.5883928, 27.4602307 ], [ 35.5883438, 27.4607854 ], [ 35.5882171, 27.4614838 ], [ 35.588032, 27.4626595 ], [ 35.5878919, 27.4630033 ], [ 35.5876189, 27.4637852 ], [ 35.5873549, 27.4643039 ], [ 35.5871683, 27.4651513 ], [ 35.5869162, 27.4657891 ], [ 35.5865166, 27.4667744 ], [ 35.5859748, 27.4680642 ], [ 35.5857682, 27.4684736 ], [ 35.5855787, 27.4687999 ], [ 35.5852586, 27.4693898 ], [ 35.585095, 27.4695564 ], [ 35.5849341, 27.4698467 ], [ 35.5848168, 27.4700178 ], [ 35.5835987, 27.4711847 ], [ 35.5829216, 27.4718095 ], [ 35.5824719, 27.4723699 ], [ 35.5816461, 27.4732445 ], [ 35.5799591, 27.4750757 ], [ 35.5795991, 27.4754724 ], [ 35.5793014, 27.4757651 ], [ 35.5791159, 27.4758549 ], [ 35.5789635, 27.4759317 ], [ 35.5788696, 27.4759674 ], [ 35.5788034, 27.475947 ], [ 35.5786979, 27.475927 ], [ 35.5785799, 27.4758579 ], [ 35.5785102, 27.4757961 ], [ 35.5784646, 27.475708 ], [ 35.5784297, 27.475639 ], [ 35.5783439, 27.4755272 ], [ 35.5782567, 27.4755522 ], [ 35.5781803, 27.4755712 ], [ 35.5780663, 27.4755688 ], [ 35.5779858, 27.475595 ], [ 35.5779348, 27.4756105 ], [ 35.5778933, 27.4756283 ], [ 35.5777656, 27.4756091 ], [ 35.5777042, 27.4756699 ], [ 35.5775848, 27.4757199 ], [ 35.577503, 27.4757699 ], [ 35.5774547, 27.4758056 ], [ 35.5774118, 27.4758413 ], [ 35.5773394, 27.4758794 ], [ 35.5772603, 27.475802 ], [ 35.5772321, 27.4757663 ], [ 35.5771811, 27.4757497 ], [ 35.5771415, 27.4757176 ], [ 35.5770551, 27.4757318 ], [ 35.5770081, 27.4757758 ], [ 35.576933, 27.4758472 ], [ 35.5768646, 27.4758829 ], [ 35.5768526, 27.4759353 ], [ 35.576807, 27.4759626 ], [ 35.5767278, 27.475971 ], [ 35.5766514, 27.4759424 ], [ 35.5765857, 27.4759353 ], [ 35.5765092, 27.475946 ], [ 35.5764663, 27.4759567 ], [ 35.5763781, 27.4760417 ], [ 35.5762745, 27.4760816 ], [ 35.5761887, 27.4761554 ], [ 35.5760868, 27.4762125 ], [ 35.5751467, 27.4756652 ], [ 35.5753076, 27.4753416 ], [ 35.5753076, 27.4751797 ], [ 35.5751896, 27.475056 ], [ 35.5749643, 27.4751226 ], [ 35.5745029, 27.4759032 ], [ 35.574578, 27.4760555 ], [ 35.5748999, 27.4760935 ], [ 35.5755879, 27.4765564 ], [ 35.5755302, 27.4766159 ], [ 35.5755141, 27.4766432 ], [ 35.5755128, 27.4766837 ], [ 35.5755436, 27.476742 ], [ 35.5755691, 27.4767753 ], [ 35.5755611, 27.4768277 ], [ 35.5754887, 27.47688 ], [ 35.5754095, 27.4769109 ], [ 35.5753599, 27.4769335 ], [ 35.5752216, 27.4770352 ], [ 35.575199, 27.4770942 ], [ 35.5751051, 27.4771632 ], [ 35.5750126, 27.4772001 ], [ 35.574916, 27.4772453 ], [ 35.5748744, 27.4772798 ], [ 35.5747966, 27.4773286 ], [ 35.574735, 27.4773547 ], [ 35.5746934, 27.4773916 ], [ 35.5745392, 27.4775249 ], [ 35.5744801, 27.477582 ], [ 35.5743967, 27.4776211 ], [ 35.5742843, 27.4777069 ], [ 35.5741878, 27.4777759 ], [ 35.5741422, 27.4778307 ], [ 35.5740684, 27.4778783 ], [ 35.5740295, 27.477914 ], [ 35.5740255, 27.4780103 ], [ 35.5740215, 27.4780544 ], [ 35.5739705, 27.4780865 ], [ 35.5738994, 27.478165 ], [ 35.5738726, 27.4783185 ], [ 35.5738498, 27.4784946 ], [ 35.5738726, 27.4785719 ], [ 35.5738874, 27.4786731 ], [ 35.5739236, 27.4787611 ], [ 35.5739209, 27.4788206 ], [ 35.5739585, 27.4788396 ], [ 35.5740215, 27.4788372 ], [ 35.5740228, 27.4788634 ], [ 35.574051, 27.4788836 ], [ 35.5740671, 27.4789515 ], [ 35.5740028, 27.4793004 ], [ 35.5739182, 27.4795368 ], [ 35.5737707, 27.4796558 ], [ 35.5735481, 27.4797891 ], [ 35.5734327, 27.4798462 ], [ 35.573312, 27.4799176 ], [ 35.5732745, 27.479958 ], [ 35.5731323, 27.4802341 ], [ 35.5730894, 27.4803768 ], [ 35.573017, 27.4805077 ], [ 35.5729634, 27.4807005 ], [ 35.5729043, 27.4808504 ], [ 35.5728614, 27.4809265 ], [ 35.57273, 27.4810455 ], [ 35.5726093, 27.4812549 ], [ 35.5724993, 27.4813834 ], [ 35.572384, 27.4814667 ], [ 35.5723438, 27.4815071 ], [ 35.5723035, 27.4816023 ], [ 35.572148, 27.4818593 ], [ 35.5720675, 27.4819569 ], [ 35.5719683, 27.4820901 ], [ 35.5719414, 27.4821258 ], [ 35.571802, 27.4823067 ], [ 35.5715686, 27.4826993 ], [ 35.5714747, 27.4828302 ], [ 35.5713969, 27.4829515 ], [ 35.5713192, 27.4830205 ], [ 35.5711985, 27.4830871 ], [ 35.5711314, 27.4831395 ], [ 35.5710939, 27.4831704 ], [ 35.5710429, 27.4832275 ], [ 35.5709222, 27.4833275 ], [ 35.5707318, 27.4834417 ], [ 35.5706298, 27.4835345 ], [ 35.5705923, 27.4835916 ], [ 35.5704957, 27.4836297 ], [ 35.5703697, 27.4837094 ], [ 35.5702785, 27.483757 ], [ 35.5700706, 27.4838569 ], [ 35.5700143, 27.4838819 ], [ 35.5698815, 27.4839878 ], [ 35.5697997, 27.4841127 ], [ 35.5697246, 27.4841698 ], [ 35.5696696, 27.484246 ], [ 35.5695704, 27.4843459 ], [ 35.5694805, 27.4843863 ], [ 35.5694202, 27.4844101 ], [ 35.5693236, 27.4844256 ], [ 35.5693075, 27.4844839 ], [ 35.5692941, 27.4845434 ], [ 35.5692472, 27.4845946 ], [ 35.5692016, 27.4846374 ], [ 35.5691586, 27.4846552 ], [ 35.5691211, 27.4846874 ], [ 35.569105, 27.4847873 ], [ 35.5690916, 27.4848373 ], [ 35.5690701, 27.4849027 ], [ 35.5690567, 27.484936 ], [ 35.5690567, 27.4849943 ], [ 35.5690755, 27.4850752 ], [ 35.568987, 27.4851787 ], [ 35.568928, 27.4852739 ], [ 35.5688797, 27.4853167 ], [ 35.5688609, 27.4853381 ], [ 35.5688381, 27.4854071 ], [ 35.5687711, 27.4854964 ], [ 35.5687161, 27.485557 ], [ 35.5687214, 27.485657 ], [ 35.5686826, 27.4857617 ], [ 35.5686557, 27.4858212 ], [ 35.568645, 27.4858807 ], [ 35.5686611, 27.4859497 ], [ 35.5686772, 27.486071 ], [ 35.5686423, 27.4861698 ], [ 35.5686316, 27.4862542 ], [ 35.5686235, 27.4862923 ], [ 35.5685833, 27.4863351 ], [ 35.5685551, 27.4863649 ], [ 35.5685793, 27.4864137 ], [ 35.5686061, 27.4864731 ], [ 35.5685833, 27.4865766 ], [ 35.5685699, 27.486654 ], [ 35.5685404, 27.4867361 ], [ 35.5684908, 27.4868479 ], [ 35.5684519, 27.4869121 ], [ 35.5683875, 27.4869621 ], [ 35.5683647, 27.4869919 ], [ 35.5683607, 27.4870133 ], [ 35.568409, 27.4870371 ], [ 35.5684747, 27.487068 ], [ 35.5685323, 27.4871013 ], [ 35.5685699, 27.4871251 ], [ 35.568586, 27.4871584 ], [ 35.5685404, 27.487225 ], [ 35.568527, 27.4872393 ], [ 35.5685323, 27.487275 ], [ 35.5685551, 27.4872952 ], [ 35.5685551, 27.48735 ], [ 35.5685364, 27.487413 ], [ 35.5685243, 27.4874725 ], [ 35.5685216, 27.4875201 ], [ 35.5685458, 27.4875522 ], [ 35.5686142, 27.4876093 ], [ 35.5686262, 27.4876605 ], [ 35.5685954, 27.4877188 ], [ 35.5686463, 27.487739 ], [ 35.5686544, 27.4877664 ], [ 35.5686732, 27.487808 ], [ 35.5687094, 27.4878199 ], [ 35.5687684, 27.4877723 ], [ 35.5688207, 27.4877473 ], [ 35.5688448, 27.4877568 ], [ 35.5689333, 27.4877711 ], [ 35.5690058, 27.4877426 ], [ 35.5690782, 27.4877116 ], [ 35.5691318, 27.487695 ], [ 35.5692257, 27.4877271 ], [ 35.5693196, 27.4876747 ], [ 35.569396, 27.4876545 ], [ 35.5694979, 27.4876498 ], [ 35.5695999, 27.4876426 ], [ 35.5696575, 27.487626 ], [ 35.5696897, 27.487626 ], [ 35.5698225, 27.4878639 ], [ 35.5699392, 27.488172 ], [ 35.5700532, 27.4884255 ], [ 35.5701296, 27.4884992 ], [ 35.5701618, 27.4886158 ], [ 35.5701832, 27.488711 ], [ 35.5701712, 27.4888847 ], [ 35.5700907, 27.4891036 ], [ 35.5699767, 27.4892987 ], [ 35.5699311, 27.4893475 ], [ 35.5698507, 27.4894046 ], [ 35.5697715, 27.4894641 ], [ 35.5697072, 27.4895354 ], [ 35.5696347, 27.4896128 ], [ 35.5695797, 27.4896758 ], [ 35.5694979, 27.4898578 ], [ 35.5692928, 27.4900791 ], [ 35.5690674, 27.4901921 ], [ 35.5687603, 27.490279 ], [ 35.5685404, 27.490348 ], [ 35.568468, 27.4903825 ], [ 35.5684264, 27.4903932 ], [ 35.5683473, 27.4903706 ], [ 35.5682333, 27.4903444 ], [ 35.568126, 27.4903242 ], [ 35.5680227, 27.4903563 ], [ 35.5679516, 27.4903527 ], [ 35.567784, 27.4902956 ], [ 35.5677411, 27.4902659 ], [ 35.5676593, 27.4902124 ], [ 35.5675681, 27.490204 ], [ 35.5674823, 27.490191 ], [ 35.567438, 27.4901612 ], [ 35.5673696, 27.4901362 ], [ 35.5671081, 27.4901981 ], [ 35.5670048, 27.4902088 ], [ 35.5669525, 27.4901791 ], [ 35.5668452, 27.4901755 ], [ 35.5667782, 27.4901838 ], [ 35.5666897, 27.4901648 ], [ 35.5666561, 27.4901707 ], [ 35.5665703, 27.4901553 ], [ 35.5664697, 27.4901874 ], [ 35.5664188, 27.4901707 ], [ 35.5662954, 27.4901969 ], [ 35.5662243, 27.4902064 ], [ 35.5661345, 27.4902195 ], [ 35.5660419, 27.4902861 ], [ 35.5660138, 27.4903075 ], [ 35.5659601, 27.490298 ], [ 35.5659628, 27.4903028 ], [ 35.5658756, 27.4902968 ], [ 35.5658501, 27.4903266 ], [ 35.5657844, 27.4903075 ], [ 35.5656919, 27.490323 ], [ 35.5656329, 27.4903635 ], [ 35.5655725, 27.490417 ], [ 35.5655015, 27.4904467 ], [ 35.5654196, 27.4904622 ], [ 35.5653593, 27.4904646 ], [ 35.5653284, 27.4904979 ], [ 35.5652869, 27.4905181 ], [ 35.5652359, 27.4904907 ], [ 35.5650911, 27.4905574 ], [ 35.5649677, 27.4906276 ], [ 35.5648962, 27.490654 ], [ 35.5648108, 27.4907489 ], [ 35.5647182, 27.4907917 ], [ 35.5646391, 27.4908167 ], [ 35.5645479, 27.4908619 ], [ 35.5644608, 27.4909143 ], [ 35.5643857, 27.4909297 ], [ 35.5642636, 27.4909416 ], [ 35.5642153, 27.4910154 ], [ 35.5641536, 27.4910594 ], [ 35.5640571, 27.4910844 ], [ 35.5640034, 27.4911522 ], [ 35.5639498, 27.4911998 ], [ 35.5638854, 27.4912295 ], [ 35.563805, 27.4912414 ], [ 35.5637258, 27.491251 ], [ 35.5636078, 27.4913021 ], [ 35.5635434, 27.4913878 ], [ 35.5634728, 27.4914518 ], [ 35.5634335, 27.4915555 ], [ 35.5633999, 27.4916138 ], [ 35.5633302, 27.4916316 ], [ 35.5632806, 27.4916352 ], [ 35.5631787, 27.4917137 ], [ 35.5630459, 27.4918089 ], [ 35.5629922, 27.4918767 ], [ 35.5628246, 27.4920302 ], [ 35.5626583, 27.49223 ], [ 35.5624719, 27.4924228 ], [ 35.5623043, 27.4926845 ], [ 35.5619153, 27.493114 ], [ 35.5612236, 27.4939366 ], [ 35.5611657, 27.4940026 ], [ 35.5610369, 27.4940728 ], [ 35.5609404, 27.4940431 ], [ 35.5608438, 27.4940585 ], [ 35.5607982, 27.4940752 ], [ 35.5606949, 27.4940954 ], [ 35.5605729, 27.4941823 ], [ 35.5605099, 27.4942739 ], [ 35.5604401, 27.4943774 ], [ 35.5604066, 27.4944226 ], [ 35.5603194, 27.4945653 ], [ 35.5601437, 27.4946165 ], [ 35.5600163, 27.4946664 ], [ 35.5599479, 27.4947545 ], [ 35.5598755, 27.4948711 ], [ 35.5598152, 27.4949377 ], [ 35.5597548, 27.4949329 ], [ 35.5597012, 27.4949246 ], [ 35.5595939, 27.4950388 ], [ 35.5595121, 27.4951316 ], [ 35.5593753, 27.495178 ], [ 35.5592854, 27.4951934 ], [ 35.5591983, 27.495222 ], [ 35.5590601, 27.4953826 ], [ 35.5588979, 27.495492 ], [ 35.5585612, 27.4958216 ], [ 35.5584593, 27.4960178 ], [ 35.5582997, 27.4962248 ], [ 35.5581495, 27.4962998 ], [ 35.5580489, 27.4963367 ], [ 35.5579846, 27.4963926 ], [ 35.557951, 27.4964378 ], [ 35.5577847, 27.4966781 ], [ 35.5576493, 27.4967542 ], [ 35.5575648, 27.4969184 ], [ 35.5575085, 27.4969921 ], [ 35.5574656, 27.4970576 ], [ 35.5573462, 27.4971599 ], [ 35.5572644, 27.4972277 ], [ 35.5572174, 27.497311 ], [ 35.5571812, 27.4973669 ], [ 35.5571558, 27.4974002 ], [ 35.5570284, 27.4974692 ], [ 35.556976, 27.4975524 ], [ 35.5569184, 27.497644 ], [ 35.5568728, 27.4977321 ], [ 35.5568165, 27.4978439 ], [ 35.5567521, 27.4979403 ], [ 35.5567159, 27.4979736 ], [ 35.5567119, 27.4980081 ], [ 35.5566931, 27.498039 ], [ 35.5566569, 27.4980735 ], [ 35.5566019, 27.4980806 ], [ 35.5565804, 27.4980913 ], [ 35.5565623, 27.4981367 ], [ 35.5564745, 27.4983197 ], [ 35.5563082, 27.4986255 ], [ 35.5562854, 27.4987159 ], [ 35.556272, 27.4987742 ], [ 35.5562492, 27.4988634 ], [ 35.5561352, 27.4989098 ], [ 35.5560172, 27.4989133 ], [ 35.5559179, 27.4988919 ], [ 35.5558281, 27.4988503 ], [ 35.5557396, 27.498817 ], [ 35.5556108, 27.4987968 ], [ 35.5555706, 27.4988194 ], [ 35.5555759, 27.4988646 ], [ 35.5555746, 27.4989122 ], [ 35.5555384, 27.4989466 ], [ 35.5554968, 27.4990787 ], [ 35.5553855, 27.4991739 ], [ 35.5552997, 27.4992785 ], [ 35.5552554, 27.4993951 ], [ 35.5550663, 27.4997163 ], [ 35.554892, 27.4999292 ], [ 35.5546935, 27.5001493 ], [ 35.5544762, 27.5004919 ], [ 35.5541503, 27.500932 ], [ 35.5539827, 27.5011902 ], [ 35.5538432, 27.5012913 ], [ 35.5537815, 27.5014019 ], [ 35.5536152, 27.5016612 ], [ 35.5535777, 27.5017457 ], [ 35.5535428, 27.501779 ], [ 35.5534503, 27.5018183 ], [ 35.553402, 27.5018349 ], [ 35.553339, 27.501873 ], [ 35.5533229, 27.501923 ], [ 35.5533215, 27.5019539 ], [ 35.5533135, 27.5019693 ], [ 35.5532639, 27.5019896 ], [ 35.5531922, 27.5020558 ], [ 35.5530493, 27.5021561 ], [ 35.5529594, 27.5021466 ], [ 35.5528977, 27.5021882 ], [ 35.5526134, 27.5025772 ], [ 35.5524968, 27.5028175 ], [ 35.552313, 27.5029031 ], [ 35.5521722, 27.5030054 ], [ 35.5520287, 27.5032362 ], [ 35.5517015, 27.5036192 ], [ 35.5515929, 27.5037465 ], [ 35.5512965, 27.5041748 ], [ 35.5509478, 27.5046458 ], [ 35.550524, 27.5050931 ], [ 35.5496764, 27.5057925 ], [ 35.5495155, 27.5061018 ], [ 35.5491883, 27.5064348 ], [ 35.5487162, 27.506806 ], [ 35.548566, 27.5070248 ], [ 35.5483943, 27.5072056 ], [ 35.5482441, 27.5074197 ], [ 35.5479759, 27.5075815 ], [ 35.5478364, 27.5077147 ], [ 35.5477077, 27.5078575 ], [ 35.5474502, 27.5081096 ], [ 35.5473375, 27.5082048 ], [ 35.5471766, 27.5083047 ], [ 35.5469567, 27.5085521 ], [ 35.5465811, 27.5091041 ], [ 35.5461198, 27.5097273 ], [ 35.5458838, 27.5099557 ], [ 35.5457121, 27.5101175 ], [ 35.5456102, 27.5101746 ], [ 35.5455458, 27.5103078 ], [ 35.54524, 27.5107122 ], [ 35.5449933, 27.5110262 ], [ 35.5447787, 27.5113307 ], [ 35.5446124, 27.5115543 ], [ 35.5445749, 27.5116257 ], [ 35.5444568, 27.511778 ], [ 35.5442476, 27.5119873 ], [ 35.5437916, 27.5124726 ], [ 35.543561, 27.5127723 ], [ 35.5433786, 27.5131054 ], [ 35.5433088, 27.5132767 ], [ 35.5432981, 27.5135478 ], [ 35.5430996, 27.5137857 ], [ 35.5427985, 27.5140753 ], [ 35.5425632, 27.5146278 ], [ 35.5422842, 27.5153986 ], [ 35.541975, 27.5158902 ], [ 35.5416673, 27.5165404 ], [ 35.5414796, 27.5171922 ], [ 35.5414339, 27.5174431 ], [ 35.5409324, 27.5180485 ], [ 35.5407071, 27.5186623 ], [ 35.5404711, 27.5191047 ], [ 35.5401707, 27.5197089 ], [ 35.5398166, 27.52057 ], [ 35.5394986, 27.5210787 ], [ 35.5392265, 27.5215453 ], [ 35.5390066, 27.5219734 ], [ 35.5385292, 27.5230058 ], [ 35.5381536, 27.524 ], [ 35.5379391, 27.5244472 ], [ 35.5376387, 27.5250276 ], [ 35.5373758, 27.5255557 ], [ 35.5371183, 27.5261598 ], [ 35.536893, 27.5268734 ], [ 35.536539, 27.5272968 ], [ 35.5363834, 27.5275156 ], [ 35.5360562, 27.5281911 ], [ 35.5357826, 27.5290807 ], [ 35.535745, 27.5293613 ], [ 35.5356216, 27.5296848 ], [ 35.5354983, 27.5299465 ], [ 35.5353802, 27.5301272 ], [ 35.5352461, 27.5302842 ], [ 35.5351603, 27.5304079 ], [ 35.5349082, 27.5311072 ], [ 35.5348333, 27.5314498 ], [ 35.5346399, 27.5321394 ], [ 35.5342979, 27.5332595 ], [ 35.5340928, 27.5339946 ], [ 35.5340331, 27.534293 ], [ 35.5337624, 27.5350694 ], [ 35.533728, 27.5354264 ], [ 35.533551, 27.5364396 ], [ 35.5335154, 27.536874 ], [ 35.5333471, 27.5375193 ], [ 35.5332684, 27.5386785 ], [ 35.5331381, 27.5390235 ], [ 35.5329414, 27.5397344 ], [ 35.5328965, 27.5405731 ], [ 35.5326684, 27.5434524 ], [ 35.5323815, 27.54366 ], [ 35.5322194, 27.5437366 ], [ 35.5321455, 27.5440929 ], [ 35.5320758, 27.5444758 ], [ 35.5320141, 27.5445447 ], [ 35.5317861, 27.5446232 ], [ 35.5315796, 27.5446351 ], [ 35.5314052, 27.5447516 ], [ 35.5313677, 27.5449823 ], [ 35.5314857, 27.5453581 ], [ 35.5315728, 27.5454342 ], [ 35.5316077, 27.5454675 ], [ 35.5316842, 27.5454948 ], [ 35.531766, 27.5454889 ], [ 35.5318773, 27.5454603 ], [ 35.5319779, 27.5454877 ], [ 35.5320489, 27.5455685 ], [ 35.5321509, 27.5456507 ], [ 35.5321562, 27.5460525 ], [ 35.5320972, 27.5463046 ], [ 35.5321161, 27.5468761 ], [ 35.5321424, 27.5476889 ], [ 35.531945, 27.5485085 ], [ 35.5317592, 27.5496329 ], [ 35.5316512, 27.5503659 ], [ 35.5315714, 27.5508272 ], [ 35.5312563, 27.5515727 ], [ 35.5308147, 27.5526302 ], [ 35.5303873, 27.5539736 ], [ 35.5299973, 27.5546663 ], [ 35.5296457, 27.555465 ], [ 35.5293775, 27.5560006 ], [ 35.5291851, 27.5563076 ], [ 35.5290657, 27.5564921 ], [ 35.5288055, 27.557692 ], [ 35.5285313, 27.558831 ], [ 35.5282771, 27.5591587 ], [ 35.5281739, 27.5593354 ], [ 35.528091, 27.55947 ], [ 35.5280585, 27.5596405 ], [ 35.528122, 27.5597992 ], [ 35.5282195, 27.560073 ], [ 35.5284494, 27.5606676 ], [ 35.5287955, 27.5613904 ], [ 35.5291094, 27.5619742 ], [ 35.5291577, 27.5622106 ], [ 35.5296781, 27.5619169 ], [ 35.5301992, 27.5617261 ], [ 35.5304897, 27.561536 ], [ 35.530545, 27.5613949 ], [ 35.5306843, 27.5612781 ], [ 35.5300122, 27.559994 ], [ 35.5315518, 27.5570662 ], [ 35.5338345, 27.5580136 ], [ 35.5322277, 27.5611194 ], [ 35.5322483, 27.5611981 ], [ 35.5324424, 27.5612891 ], [ 35.5330088, 27.5612064 ], [ 35.5330969, 27.5611296 ], [ 35.5334296, 27.5611251 ], [ 35.5337098, 27.5611496 ], [ 35.5339785, 27.5612173 ], [ 35.5358645, 27.5609381 ], [ 35.5359195, 27.5608232 ], [ 35.5348442, 27.5600053 ], [ 35.5358281, 27.5589828 ], [ 35.5378532, 27.5606724 ], [ 35.5385757, 27.5606439 ], [ 35.5391667, 27.560489 ], [ 35.5394232, 27.5606925 ], [ 35.541209, 27.5589678 ], [ 35.5416059, 27.5585776 ], [ 35.5436731, 27.556551 ], [ 35.5445978, 27.5556477 ], [ 35.5449871, 27.5552185 ], [ 35.545349, 27.554854 ], [ 35.545476, 27.5546899 ], [ 35.5456578, 27.5543934 ], [ 35.5459651, 27.5544866 ], [ 35.546187, 27.5545826 ], [ 35.5463405, 27.5546286 ], [ 35.5464607, 27.554707 ], [ 35.5465413, 27.5548449 ], [ 35.5470861, 27.5550874 ], [ 35.5473502, 27.555112 ], [ 35.5486312, 27.5556683 ], [ 35.548724, 27.5558493 ], [ 35.5485808, 27.5561681 ], [ 35.5485252, 27.5564179 ], [ 35.5485632, 27.5566556 ], [ 35.5486165, 27.5568305 ], [ 35.5486136, 27.5570236 ], [ 35.5482944, 27.5569536 ], [ 35.5481055, 27.5568453 ], [ 35.5479222, 27.5568305 ], [ 35.5477445, 27.5569241 ], [ 35.5478, 27.5570472 ], [ 35.5479766, 27.5569681 ], [ 35.5481, 27.5570472 ], [ 35.5481444, 27.5571653 ], [ 35.5482688, 27.5571694 ], [ 35.5482777, 27.5573283 ], [ 35.5483881, 27.5613311 ], [ 35.5484223, 27.563111 ], [ 35.5464408, 27.5663263 ], [ 35.5460902, 27.5668952 ], [ 35.5446602, 27.5661768 ], [ 35.5438896, 27.5658153 ], [ 35.5434769, 27.5656041 ], [ 35.5433064, 27.5655507 ], [ 35.5427309, 27.5668725 ], [ 35.5425061, 27.5672351 ], [ 35.5422541, 27.5673354 ], [ 35.541991, 27.5674026 ], [ 35.5416197, 27.5674211 ], [ 35.5412609, 27.5674174 ], [ 35.5408728, 27.5673176 ], [ 35.5404473, 27.5670439 ], [ 35.540479, 27.5669381 ], [ 35.5406701, 27.5665486 ], [ 35.5410066, 27.5664761 ], [ 35.5412682, 27.566083 ], [ 35.5414155, 27.5657862 ], [ 35.5414388, 27.5656162 ], [ 35.5413267, 27.5654429 ], [ 35.5411101, 27.5651911 ], [ 35.5408347, 27.5650777 ], [ 35.5404281, 27.5650475 ], [ 35.5343326, 27.5660623 ], [ 35.5335638, 27.5661285 ], [ 35.5331583, 27.5661756 ], [ 35.5326796, 27.5662997 ], [ 35.5317867, 27.5664769 ], [ 35.5316363, 27.5665859 ], [ 35.5316207, 27.5666933 ], [ 35.5314034, 27.5667717 ], [ 35.5311772, 27.5668782 ], [ 35.531159, 27.5669722 ], [ 35.5308226, 27.5671379 ], [ 35.5307863, 27.5673773 ], [ 35.5304388, 27.5674587 ], [ 35.530434, 27.5675263 ], [ 35.5309352, 27.5674726 ], [ 35.5309801, 27.5678244 ], [ 35.531035, 27.5680319 ], [ 35.5312562, 27.5681367 ], [ 35.5313795, 27.5687482 ], [ 35.5314422, 27.5696644 ], [ 35.5315906, 27.5705776 ], [ 35.5316978, 27.5708733 ], [ 35.5317016, 27.5712081 ], [ 35.53174, 27.5717023 ], [ 35.531665, 27.5722362 ], [ 35.5316012, 27.5725973 ], [ 35.5315191, 27.5732084 ], [ 35.5314397, 27.5736244 ], [ 35.5314575, 27.5737414 ], [ 35.5313006, 27.5738888 ], [ 35.5311678, 27.5739565 ], [ 35.5311303, 27.5740243 ], [ 35.5309734, 27.5742728 ], [ 35.5308554, 27.5744677 ], [ 35.5307266, 27.5747079 ], [ 35.5306743, 27.5748148 ], [ 35.530626, 27.5748778 ], [ 35.5305523, 27.5749183 ], [ 35.5304986, 27.5749575 ], [ 35.5304101, 27.5750359 ], [ 35.5303873, 27.5750728 ], [ 35.5303498, 27.5751774 ], [ 35.530339, 27.5752725 ], [ 35.5302867, 27.5755459 ], [ 35.5302706, 27.5755935 ], [ 35.5302197, 27.5756743 ], [ 35.5301298, 27.5756993 ], [ 35.5300681, 27.5757314 ], [ 35.5300145, 27.575836 ], [ 35.5299756, 27.5759085 ], [ 35.5298938, 27.5759299 ], [ 35.5298643, 27.5759442 ], [ 35.5298308, 27.5759834 ], [ 35.5298173, 27.5760369 ], [ 35.529816, 27.5761332 ], [ 35.5297798, 27.5762081 ], [ 35.5297101, 27.5762794 ], [ 35.5296551, 27.5763032 ], [ 35.5296269, 27.5763269 ], [ 35.5295371, 27.5764137 ], [ 35.5294982, 27.5765243 ], [ 35.5294338, 27.5766669 ], [ 35.5293761, 27.5767739 ], [ 35.5292916, 27.576831 ], [ 35.5292447, 27.5768619 ], [ 35.5292071, 27.576913 ], [ 35.529179, 27.5770235 ], [ 35.5291548, 27.5770865 ], [ 35.5291508, 27.5771686 ], [ 35.5290771, 27.5772779 ], [ 35.5289671, 27.5773314 ], [ 35.5289067, 27.577373 ], [ 35.5288933, 27.577398 ], [ 35.5288826, 27.5774693 ], [ 35.5288598, 27.5775252 ], [ 35.5288008, 27.5775395 ], [ 35.5287552, 27.5775953 ], [ 35.5287552, 27.5776809 ], [ 35.5287391, 27.5777499 ], [ 35.5286895, 27.5777915 ], [ 35.5286117, 27.5778236 ], [ 35.5285661, 27.5778497 ], [ 35.5284601, 27.5779567 ], [ 35.5284145, 27.5780363 ], [ 35.5283461, 27.578154 ], [ 35.5282831, 27.5782349 ], [ 35.5282429, 27.578286 ], [ 35.5282, 27.5783525 ], [ 35.5281463, 27.5784262 ], [ 35.5281343, 27.578494 ], [ 35.528098, 27.5785582 ], [ 35.5280457, 27.5786081 ], [ 35.5280323, 27.5786794 ], [ 35.5280001, 27.5787413 ], [ 35.5279693, 27.5787852 ], [ 35.5279371, 27.5788043 ], [ 35.5279089, 27.5788304 ], [ 35.5279022, 27.5788887 ], [ 35.5279076, 27.5789517 ], [ 35.5278245, 27.5790254 ], [ 35.527748, 27.5790872 ], [ 35.5276984, 27.5791407 ], [ 35.5276676, 27.579193 ], [ 35.5276394, 27.5792548 ], [ 35.5276152, 27.5793261 ], [ 35.5275884, 27.5793737 ], [ 35.5275147, 27.5794569 ], [ 35.5274302, 27.5795318 ], [ 35.5273993, 27.5796102 ], [ 35.5273738, 27.5796423 ], [ 35.5273511, 27.5797089 ], [ 35.527292, 27.5797564 ], [ 35.5272572, 27.5797897 ], [ 35.5272397, 27.5798301 ], [ 35.5272384, 27.5798694 ], [ 35.5272451, 27.5798979 ], [ 35.5272049, 27.5799621 ], [ 35.5271713, 27.5800108 ], [ 35.5271485, 27.5800548 ], [ 35.5271083, 27.5801558 ], [ 35.5270869, 27.5801832 ], [ 35.5270158, 27.5802319 ], [ 35.5269997, 27.5802628 ], [ 35.5270037, 27.5803115 ], [ 35.5270037, 27.5803639 ], [ 35.5269662, 27.5804423 ], [ 35.5268361, 27.5806682 ], [ 35.5266966, 27.5809558 ], [ 35.5266282, 27.5812233 ], [ 35.526592, 27.5813564 ], [ 35.5265665, 27.5814468 ], [ 35.5265155, 27.5815109 ], [ 35.526482, 27.5815953 ], [ 35.5263855, 27.5818022 ], [ 35.5263224, 27.5818854 ], [ 35.5262849, 27.5819543 ], [ 35.5262795, 27.5820161 ], [ 35.5262473, 27.5820459 ], [ 35.5262366, 27.5820661 ], [ 35.5262393, 27.5821279 ], [ 35.5262353, 27.5821766 ], [ 35.5262192, 27.5822135 ], [ 35.526189, 27.5822659 ], [ 35.5261856, 27.5823739 ], [ 35.5261521, 27.5824536 ], [ 35.5261213, 27.5825344 ], [ 35.5260891, 27.5826057 ], [ 35.5260649, 27.5827591 ], [ 35.5260327, 27.5828221 ], [ 35.5260006, 27.5829267 ], [ 35.5259697, 27.5829956 ], [ 35.5259523, 27.5830443 ], [ 35.5259067, 27.5832963 ], [ 35.5258732, 27.5834485 ], [ 35.5258544, 27.58354 ], [ 35.5258611, 27.5836434 ], [ 35.5258611, 27.5836957 ], [ 35.5258584, 27.5837599 ], [ 35.5258329, 27.5838039 ], [ 35.5258262, 27.5840012 ], [ 35.5258356, 27.5840868 ], [ 35.5258316, 27.5841593 ], [ 35.5258316, 27.5842176 ], [ 35.5258383, 27.5842865 ], [ 35.5258557, 27.584321 ], [ 35.5259067, 27.5844517 ], [ 35.5259711, 27.584548 ], [ 35.5260086, 27.5846514 ], [ 35.526018, 27.5847941 ], [ 35.5260555, 27.5848606 ], [ 35.5260622, 27.5849141 ], [ 35.5260475, 27.5849581 ], [ 35.526085, 27.5850068 ], [ 35.5261038, 27.5850449 ], [ 35.5261253, 27.5851055 ], [ 35.5261454, 27.5851376 ], [ 35.526195, 27.5851697 ], [ 35.5262594, 27.5852196 ], [ 35.5262956, 27.5852731 ], [ 35.526313, 27.5852945 ], [ 35.5263533, 27.5853159 ], [ 35.526478, 27.585392 ], [ 35.5264726, 27.5854882 ], [ 35.5264981, 27.5855619 ], [ 35.5265625, 27.5856249 ], [ 35.5265893, 27.5857343 ], [ 35.5266094, 27.5858127 ], [ 35.526651, 27.5858425 ], [ 35.5267449, 27.5858282 ], [ 35.526824, 27.5858318 ], [ 35.5269071, 27.5858591 ], [ 35.5269863, 27.585997 ], [ 35.5270332, 27.586079 ], [ 35.5271487, 27.5863627 ], [ 35.5271995, 27.5865937 ], [ 35.5272478, 27.5866923 ], [ 35.5273041, 27.5867981 ], [ 35.5273269, 27.5868255 ], [ 35.5274409, 27.5868516 ], [ 35.5275147, 27.5869229 ], [ 35.5276595, 27.5870406 ], [ 35.5277386, 27.5870846 ], [ 35.5277641, 27.5871547 ], [ 35.5277963, 27.5872248 ], [ 35.5278178, 27.5872569 ], [ 35.5279221, 27.5873007 ], [ 35.5279666, 27.5873116 ], [ 35.5281128, 27.5873568 ], [ 35.5283783, 27.5874566 ], [ 35.5285661, 27.5874863 ], [ 35.5287699, 27.5875672 ], [ 35.5288692, 27.5875826 ], [ 35.529124, 27.587566 ], [ 35.529246, 27.5875921 ], [ 35.5293815, 27.5875672 ], [ 35.529466, 27.5875398 ], [ 35.5295129, 27.5875184 ], [ 35.5296135, 27.5874578 ], [ 35.5296524, 27.5872973 ], [ 35.5298021, 27.586983 ], [ 35.5298563, 27.5865863 ], [ 35.5298348, 27.5864865 ], [ 35.530088, 27.5861779 ], [ 35.5303352, 27.5859962 ], [ 35.5305238, 27.5856141 ], [ 35.5307423, 27.5856099 ], [ 35.5316101, 27.5863161 ], [ 35.5317035, 27.586483 ], [ 35.5317633, 27.5865645 ], [ 35.5318233, 27.5867322 ], [ 35.5318425, 27.5868732 ], [ 35.5316574, 27.5876408 ], [ 35.5318813, 27.587755 ], [ 35.531951, 27.5878227 ], [ 35.5319846, 27.5878489 ], [ 35.5320744, 27.5878512 ], [ 35.5326068, 27.587976 ], [ 35.5332023, 27.5882043 ], [ 35.5335947, 27.5884252 ], [ 35.5330628, 27.5893644 ], [ 35.5330789, 27.5895617 ], [ 35.5329341, 27.5896758 ], [ 35.5328375, 27.5897495 ], [ 35.5327758, 27.5898303 ], [ 35.532757, 27.59003 ], [ 35.5330115, 27.5903428 ], [ 35.5333083, 27.5904523 ], [ 35.5334551, 27.5905344 ], [ 35.5332951, 27.5907484 ], [ 35.5327061, 27.5911637 ], [ 35.5333766, 27.5914848 ], [ 35.5334544, 27.5915751 ], [ 35.5334356, 27.5916583 ], [ 35.5333847, 27.5917154 ], [ 35.5331191, 27.5917035 ], [ 35.5326658, 27.5917035 ], [ 35.5323869, 27.591732 ], [ 35.5321804, 27.5917035 ], [ 35.5319926, 27.5916203 ], [ 35.5318049, 27.5915894 ], [ 35.5316225, 27.5915656 ], [ 35.5314723, 27.5915514 ], [ 35.5314106, 27.5915395 ], [ 35.5311826, 27.5913802 ], [ 35.531027, 27.5912067 ], [ 35.5309197, 27.5911163 ], [ 35.5307776, 27.5910213 ], [ 35.5305925, 27.5909975 ], [ 35.5305094, 27.5910046 ], [ 35.5303296, 27.5910831 ], [ 35.5302975, 27.5913945 ], [ 35.5303055, 27.5915514 ], [ 35.5302331, 27.5916655 ], [ 35.5294049, 27.5916688 ], [ 35.529305, 27.5915442 ], [ 35.5292487, 27.5913873 ], [ 35.5292165, 27.5912518 ], [ 35.5291817, 27.591152 ], [ 35.5291575, 27.5909452 ], [ 35.5291066, 27.5907384 ], [ 35.5289885, 27.5903628 ], [ 35.5287981, 27.5901655 ], [ 35.5284923, 27.5900181 ], [ 35.5283394, 27.589923 ], [ 35.5281007, 27.5897209 ], [ 35.5276556, 27.5895673 ], [ 35.5273283, 27.5893239 ], [ 35.5271459, 27.5892384 ], [ 35.5269688, 27.5891052 ], [ 35.5268642, 27.5890244 ], [ 35.5266631, 27.5889151 ], [ 35.5265182, 27.5887843 ], [ 35.5264458, 27.588732 ], [ 35.5263466, 27.5887201 ], [ 35.5262929, 27.5886607 ], [ 35.5261964, 27.5885894 ], [ 35.5260837, 27.5886417 ], [ 35.5260703, 27.5887487 ], [ 35.525955, 27.5888081 ], [ 35.5258906, 27.5888319 ], [ 35.5258986, 27.5888818 ], [ 35.52591, 27.5889569 ], [ 35.5258423, 27.5890482 ], [ 35.5258289, 27.5891647 ], [ 35.5257323, 27.5895331 ], [ 35.5256546, 27.5896758 ], [ 35.5256197, 27.5897994 ], [ 35.5256385, 27.5899278 ], [ 35.5256492, 27.5900086 ], [ 35.5256063, 27.5902154 ], [ 35.5255982, 27.5904721 ], [ 35.5256063, 27.5906053 ], [ 35.5256331, 27.5907431 ], [ 35.5256385, 27.5909214 ], [ 35.5256492, 27.5910902 ], [ 35.5257699, 27.5914135 ], [ 35.5257994, 27.5917487 ], [ 35.5258825, 27.5921029 ], [ 35.5258504, 27.592198 ], [ 35.5258906, 27.5923097 ], [ 35.525896, 27.5923905 ], [ 35.5258879, 27.592438 ], [ 35.5259255, 27.5925308 ], [ 35.5259764, 27.592614 ], [ 35.5260327, 27.5928636 ], [ 35.5260596, 27.592923 ], [ 35.52614, 27.5929872 ], [ 35.5261508, 27.5930799 ], [ 35.5261588, 27.5932487 ], [ 35.5261749, 27.5933509 ], [ 35.5262044, 27.593484 ], [ 35.5262044, 27.5935553 ], [ 35.5262634, 27.5939095 ], [ 35.5262822, 27.5940688 ], [ 35.5263439, 27.5941638 ], [ 35.5263922, 27.5942423 ], [ 35.5263922, 27.5943088 ], [ 35.5263761, 27.5944182 ], [ 35.5263787, 27.5945727 ], [ 35.5264083, 27.5946821 ], [ 35.5265021, 27.59535 ], [ 35.526478, 27.5955331 ], [ 35.5264378, 27.5956685 ], [ 35.5264297, 27.596056 ], [ 35.5264404, 27.5966859 ], [ 35.5264673, 27.5972849 ], [ 35.526419, 27.5980313 ], [ 35.5264243, 27.5984449 ], [ 35.5263787, 27.5989465 ], [ 35.5263385, 27.5996834 ], [ 35.5262393, 27.6002158 ], [ 35.5261615, 27.600482 ], [ 35.5261052, 27.6006912 ], [ 35.5260423, 27.6010404 ], [ 35.5259711, 27.6012735 ], [ 35.5259469, 27.6015303 ], [ 35.525955, 27.6019201 ], [ 35.5259255, 27.6022124 ], [ 35.5259335, 27.6025262 ], [ 35.5259362, 27.6027068 ], [ 35.525853, 27.6031252 ], [ 35.5258343, 27.6031775 ], [ 35.5258128, 27.6033557 ], [ 35.5258772, 27.6035126 ], [ 35.5259389, 27.6036124 ], [ 35.526014, 27.6036814 ], [ 35.5260381, 27.6037242 ], [ 35.5261642, 27.6037765 ], [ 35.5262741, 27.6037836 ], [ 35.5265531, 27.6037907 ], [ 35.5266148, 27.6038953 ], [ 35.5266792, 27.6039143 ], [ 35.5267838, 27.6039167 ], [ 35.5268937, 27.6039214 ], [ 35.526934, 27.6039619 ], [ 35.5269447, 27.6040165 ], [ 35.5269608, 27.6040474 ], [ 35.5273283, 27.6041496 ], [ 35.527508, 27.6041282 ], [ 35.5277333, 27.6041948 ], [ 35.5279264, 27.6042756 ], [ 35.5281678, 27.6043113 ], [ 35.5283046, 27.6043041 ], [ 35.5285057, 27.6042304 ], [ 35.5286479, 27.604171 ], [ 35.5288222, 27.6041377 ], [ 35.5289564, 27.604133 ], [ 35.5290368, 27.6042352 ], [ 35.5290717, 27.604316 ], [ 35.5293372, 27.6045062 ], [ 35.529643, 27.6045204 ], [ 35.5298924, 27.6045418 ], [ 35.5301848, 27.6045941 ], [ 35.5305147, 27.604663 ], [ 35.530791, 27.6047985 ], [ 35.5309653, 27.6049411 ], [ 35.5310646, 27.6051337 ], [ 35.5310664, 27.605335 ], [ 35.5309518, 27.6054986 ], [ 35.5308784, 27.6058813 ], [ 35.5305684, 27.6060144 ], [ 35.5302948, 27.6060301 ], [ 35.5300587, 27.606006 ], [ 35.5299139, 27.6059513 ], [ 35.5296859, 27.605918 ], [ 35.5295303, 27.6059228 ], [ 35.5293775, 27.6058871 ], [ 35.5292514, 27.6058776 ], [ 35.5291602, 27.6058895 ], [ 35.5289751, 27.6059204 ], [ 35.5287042, 27.6059418 ], [ 35.5284521, 27.6059513 ], [ 35.5282965, 27.6059656 ], [ 35.5281436, 27.6059394 ], [ 35.5279747, 27.605861 ], [ 35.5277923, 27.6058729 ], [ 35.5276877, 27.605899 ], [ 35.5275831, 27.6059038 ], [ 35.527516, 27.6058538 ], [ 35.5274785, 27.6057659 ], [ 35.5273685, 27.6056661 ], [ 35.5272558, 27.6056067 ], [ 35.5270627, 27.6055758 ], [ 35.5269447, 27.6055615 ], [ 35.5267784, 27.6055615 ], [ 35.5265826, 27.6055472 ], [ 35.5264834, 27.6055353 ], [ 35.5263492, 27.6055092 ], [ 35.5263144, 27.6054878 ], [ 35.5262473, 27.6053999 ], [ 35.5261642, 27.605464 ], [ 35.5260837, 27.605464 ], [ 35.5260435, 27.6054284 ], [ 35.5259684, 27.605369 ], [ 35.5259013, 27.6053048 ], [ 35.5257779, 27.6052763 ], [ 35.525507, 27.6052644 ], [ 35.5253997, 27.6052977 ], [ 35.5252629, 27.6054498 ], [ 35.5251391, 27.6056856 ], [ 35.5250806, 27.6059109 ], [ 35.525043, 27.6059988 ], [ 35.5249813, 27.6060773 ], [ 35.524866, 27.606208 ], [ 35.5247235, 27.6064645 ], [ 35.5245709, 27.6067428 ], [ 35.5244824, 27.6068711 ], [ 35.5244207, 27.6069472 ], [ 35.5243912, 27.6070161 ], [ 35.5243537, 27.6071183 ], [ 35.5242544, 27.6073726 ], [ 35.5241793, 27.6075961 ], [ 35.5241472, 27.6077458 ], [ 35.5241418, 27.6078456 ], [ 35.5241901, 27.6079502 ], [ 35.5241659, 27.6080477 ], [ 35.5241284, 27.6081095 ], [ 35.5239674, 27.6081879 ], [ 35.5238977, 27.6083162 ], [ 35.5238709, 27.6084161 ], [ 35.523836, 27.6085397 ], [ 35.52371, 27.6087322 ], [ 35.5236563, 27.6088605 ], [ 35.5236, 27.6089841 ], [ 35.5234927, 27.6091553 ], [ 35.523423, 27.6092884 ], [ 35.5232379, 27.6096876 ], [ 35.5232379, 27.6097851 ], [ 35.5232003, 27.6099277 ], [ 35.5231413, 27.6100965 ], [ 35.5230743, 27.6102937 ], [ 35.5230233, 27.6104173 ], [ 35.5229536, 27.6104577 ], [ 35.5229321, 27.6104957 ], [ 35.5228919, 27.6106621 ], [ 35.5228248, 27.6108428 ], [ 35.5225137, 27.6113799 ], [ 35.5223045, 27.6118006 ], [ 35.5220872, 27.6120763 ], [ 35.5219585, 27.6123567 ], [ 35.5217935, 27.6126716 ], [ 35.5217332, 27.6126871 ], [ 35.5216929, 27.612718 ], [ 35.5216822, 27.6127465 ], [ 35.5217198, 27.6127774 ], [ 35.5217251, 27.6128951 ], [ 35.5217117, 27.6129913 ], [ 35.5216446, 27.6130911 ], [ 35.5215669, 27.6132052 ], [ 35.521532, 27.6132908 ], [ 35.5214944, 27.6134358 ], [ 35.5214207, 27.6135831 ], [ 35.5213952, 27.6136342 ], [ 35.5213295, 27.6137043 ], [ 35.5212598, 27.6137435 ], [ 35.5212155, 27.6137459 ], [ 35.5211739, 27.6137435 ], [ 35.5211458, 27.6137269 ], [ 35.5211672, 27.6136829 ], [ 35.5211672, 27.6136413 ], [ 35.5211297, 27.6136081 ], [ 35.5210733, 27.6135855 ], [ 35.5209795, 27.6135486 ], [ 35.5208802, 27.6135522 ], [ 35.5207944, 27.6136164 ], [ 35.5207139, 27.613696 ], [ 35.5206737, 27.6138291 ], [ 35.5206737, 27.6139408 ], [ 35.5206348, 27.6139658 ], [ 35.5205798, 27.6139978 ], [ 35.5205128, 27.6140406 ], [ 35.5204444, 27.6141107 ], [ 35.5203585, 27.6142391 ], [ 35.5203062, 27.6143401 ], [ 35.5202673, 27.6143947 ], [ 35.5201748, 27.6144209 ], [ 35.5200943, 27.6144862 ], [ 35.5200769, 27.6145183 ], [ 35.5200675, 27.6145457 ], [ 35.5200273, 27.6145409 ], [ 35.519987, 27.6145789 ], [ 35.5199897, 27.6146336 ], [ 35.5199897, 27.6147203 ], [ 35.5199736, 27.6147382 ], [ 35.5199039, 27.6147762 ], [ 35.5197979, 27.614838 ], [ 35.519688, 27.614895 ], [ 35.5195914, 27.6149782 ], [ 35.5194882, 27.615078 ], [ 35.5194439, 27.61516 ], [ 35.5194305, 27.615242 ], [ 35.5193312, 27.6153989 ], [ 35.5193165, 27.6153989 ], [ 35.519291, 27.6153953 ], [ 35.5192374, 27.6154262 ], [ 35.5192052, 27.6154619 ], [ 35.5191663, 27.615545 ], [ 35.519177, 27.6155843 ], [ 35.5192159, 27.6155902 ], [ 35.5192736, 27.6155997 ], [ 35.5193098, 27.6156568 ], [ 35.5192776, 27.6157934 ], [ 35.5192038, 27.6157875 ], [ 35.5191582, 27.6158089 ], [ 35.5191086, 27.6158421 ], [ 35.5190107, 27.6158885 ], [ 35.5189504, 27.6158825 ], [ 35.5188243, 27.6159693 ], [ 35.5187908, 27.6160263 ], [ 35.5187063, 27.6161642 ], [ 35.5186272, 27.6162307 ], [ 35.5185749, 27.6163103 ], [ 35.5185722, 27.6163602 ], [ 35.5185588, 27.6164066 ], [ 35.5185212, 27.6164791 ], [ 35.5184649, 27.6165599 ], [ 35.5184273, 27.6166359 ], [ 35.5184421, 27.6166953 ], [ 35.518426, 27.6167369 ], [ 35.5183509, 27.6168154 ], [ 35.5182865, 27.6169508 ], [ 35.5182758, 27.6169984 ], [ 35.5183254, 27.6169948 ], [ 35.5183616, 27.6169877 ], [ 35.5183509, 27.6170233 ], [ 35.5183509, 27.6170899 ], [ 35.5183442, 27.6171814 ], [ 35.5182852, 27.617242 ], [ 35.5182704, 27.6172859 ], [ 35.5181739, 27.6173762 ], [ 35.5181108, 27.6174285 ], [ 35.5180398, 27.6175141 ], [ 35.5179808, 27.6176793 ], [ 35.5179633, 27.6177387 ], [ 35.5179526, 27.6178219 ], [ 35.5179727, 27.6179134 ], [ 35.5180036, 27.6179906 ], [ 35.5180371, 27.618069 ], [ 35.5180813, 27.6181082 ], [ 35.5181229, 27.6181201 ], [ 35.5182141, 27.6181154 ], [ 35.5182664, 27.6181819 ], [ 35.5183402, 27.6182401 ], [ 35.5183549, 27.6182889 ], [ 35.5183576, 27.6183102 ], [ 35.5184622, 27.6183435 ], [ 35.5185252, 27.6182936 ], [ 35.5185467, 27.6183304 ], [ 35.518603, 27.618353 ], [ 35.5186835, 27.6183851 ], [ 35.5187291, 27.6184184 ], [ 35.5187948, 27.6184184 ], [ 35.5188914, 27.6184754 ], [ 35.5189182, 27.6185265 ], [ 35.5189785, 27.6185907 ], [ 35.5191918, 27.6187071 ], [ 35.5192535, 27.6187321 ], [ 35.5193219, 27.6187107 ], [ 35.5194211, 27.6187095 ], [ 35.5195163, 27.6187927 ], [ 35.5195968, 27.6188378 ], [ 35.5196625, 27.6188949 ], [ 35.5197215, 27.6189305 ], [ 35.5197926, 27.6189388 ], [ 35.5198409, 27.6189151 ], [ 35.5198972, 27.618883 ], [ 35.520034, 27.6189543 ], [ 35.5200876, 27.6190315 ], [ 35.5201185, 27.6190648 ], [ 35.5201828, 27.6191028 ], [ 35.5202351, 27.6191777 ], [ 35.5202781, 27.6191884 ], [ 35.5203451, 27.6191896 ], [ 35.5204082, 27.6192656 ], [ 35.5204779, 27.6193464 ], [ 35.5205718, 27.6194177 ], [ 35.5206871, 27.6196031 ], [ 35.5207407, 27.6196328 ], [ 35.5208386, 27.6196685 ], [ 35.5209473, 27.6197611 ], [ 35.5210425, 27.6199917 ], [ 35.5213121, 27.6204313 ], [ 35.5216661, 27.6206785 ], [ 35.5217721, 27.6208341 ], [ 35.5217935, 27.6208591 ], [ 35.5218592, 27.620865 ], [ 35.5219236, 27.6208496 ], [ 35.5220295, 27.6208413 ], [ 35.5221355, 27.6208769 ], [ 35.5221771, 27.6209672 ], [ 35.5222066, 27.6210706 ], [ 35.5222267, 27.6211265 ], [ 35.5223045, 27.6211348 ], [ 35.5223796, 27.6212001 ], [ 35.522448, 27.6213641 ], [ 35.5224748, 27.6214342 ], [ 35.5225271, 27.6215697 ], [ 35.5225298, 27.6216838 ], [ 35.5225687, 27.6217669 ], [ 35.522625, 27.6218394 ], [ 35.5227363, 27.6219048 ], [ 35.5228114, 27.6219689 ], [ 35.5228597, 27.6220652 ], [ 35.5229187, 27.6221721 ], [ 35.5230233, 27.622266 ], [ 35.523203, 27.6223218 ], [ 35.523439, 27.6223848 ], [ 35.5236188, 27.6224133 ], [ 35.5237542, 27.6224133 ], [ 35.5239286, 27.6224062 ], [ 35.5241016, 27.6223741 ], [ 35.524233, 27.6223218 ], [ 35.5244315, 27.6222066 ], [ 35.5245857, 27.622108 ], [ 35.5246621, 27.6220521 ], [ 35.5246849, 27.62202 ], [ 35.5247064, 27.6219238 ], [ 35.5247077, 27.621837 ], [ 35.5247104, 27.6217206 ], [ 35.524783, 27.6216352 ], [ 35.524976, 27.6213629 ], [ 35.5249827, 27.6213118 ], [ 35.5250081, 27.6212429 ], [ 35.5250859, 27.6211585 ], [ 35.5251463, 27.6211027 ], [ 35.5251758, 27.6210564 ], [ 35.5252187, 27.6209447 ], [ 35.5252147, 27.6208591 ], [ 35.525212, 27.6207617 ], [ 35.5252562, 27.6206797 ], [ 35.5253649, 27.6206321 ], [ 35.5254386, 27.6206238 ], [ 35.5254909, 27.6205929 ], [ 35.5255526, 27.6205288 ], [ 35.5257672, 27.6203981 ], [ 35.5258249, 27.620404 ], [ 35.5259268, 27.6203945 ], [ 35.5260368, 27.6203481 ], [ 35.5260864, 27.6203006 ], [ 35.5261642, 27.6202293 ], [ 35.5262808, 27.620139 ], [ 35.5264579, 27.6200689 ], [ 35.5265719, 27.6200035 ], [ 35.5266751, 27.6199287 ], [ 35.5267596, 27.6198645 ], [ 35.526989, 27.6197231 ], [ 35.5271472, 27.6196791 ], [ 35.5272317, 27.6196851 ], [ 35.5273175, 27.6196887 ], [ 35.5274806, 27.6196571 ], [ 35.5275898, 27.6195746 ], [ 35.5277494, 27.6195021 ], [ 35.5279036, 27.6194688 ], [ 35.5280605, 27.61947 ], [ 35.528145, 27.6194843 ], [ 35.5283464, 27.6196412 ], [ 35.5285178, 27.6198847 ], [ 35.528664, 27.6201224 ], [ 35.528723, 27.6203386 ], [ 35.5287807, 27.6205086 ], [ 35.5287968, 27.620644 ], [ 35.5287404, 27.6207343 ], [ 35.528715, 27.6208092 ], [ 35.5286694, 27.6209173 ], [ 35.5286452, 27.6211039 ], [ 35.5286519, 27.6212275 ], [ 35.5286854, 27.6213641 ], [ 35.5287297, 27.6215257 ], [ 35.5286774, 27.6218216 ], [ 35.5284457, 27.6220623 ], [ 35.5281116, 27.6221529 ], [ 35.5278813, 27.6222276 ], [ 35.5276857, 27.6222153 ], [ 35.5275693, 27.6222444 ], [ 35.5274133, 27.6222879 ], [ 35.5272725, 27.6223152 ], [ 35.5271075, 27.6223259 ], [ 35.5266725, 27.6223079 ], [ 35.5263814, 27.6222802 ], [ 35.5260832, 27.6223271 ], [ 35.5257615, 27.6223438 ], [ 35.5255041, 27.622366 ], [ 35.5253475, 27.6225708 ], [ 35.5255118, 27.6228667 ], [ 35.5255776, 27.6231146 ], [ 35.5253157, 27.6232713 ], [ 35.5252272, 27.623471 ], [ 35.5253697, 27.6239072 ], [ 35.5253161, 27.6241211 ], [ 35.5252437, 27.6242684 ], [ 35.5253448, 27.6247494 ], [ 35.5251173, 27.6250095 ], [ 35.5247236, 27.6249732 ], [ 35.5243821, 27.6250415 ], [ 35.5241768, 27.6251096 ], [ 35.5239434, 27.6252431 ], [ 35.5237714, 27.6254977 ], [ 35.5236342, 27.6257124 ], [ 35.5237485, 27.6259399 ], [ 35.5238644, 27.626113 ], [ 35.5239827, 27.6263648 ], [ 35.5240965, 27.6265768 ], [ 35.5242412, 27.6267843 ], [ 35.524314, 27.6269351 ], [ 35.5243572, 27.6270936 ], [ 35.5245892, 27.6273107 ], [ 35.524944, 27.6273957 ], [ 35.5252469, 27.6274775 ], [ 35.5252992, 27.6275322 ], [ 35.5254494, 27.6277627 ], [ 35.5254842, 27.6278625 ], [ 35.5255365, 27.6279873 ], [ 35.5255593, 27.6281417 ], [ 35.5255379, 27.6282439 ], [ 35.5255714, 27.6283105 ], [ 35.5255862, 27.6284281 ], [ 35.5255194, 27.6285649 ], [ 35.5253997, 27.6286503 ], [ 35.5251637, 27.6288178 ], [ 35.5250792, 27.6289141 ], [ 35.5249679, 27.6290471 ], [ 35.5249317, 27.6291244 ], [ 35.5246943, 27.6295854 ], [ 35.5245508, 27.6298598 ], [ 35.5244033, 27.6300262 ], [ 35.5243027, 27.630107 ], [ 35.5241807, 27.630164 ], [ 35.5240653, 27.6302187 ], [ 35.5239286, 27.6302389 ], [ 35.5237006, 27.6302496 ], [ 35.5235383, 27.6302614 ], [ 35.5234122, 27.6302472 ], [ 35.5232942, 27.6302044 ], [ 35.5231869, 27.6301391 ], [ 35.5230904, 27.6300202 ], [ 35.5230246, 27.6299739 ], [ 35.5229764, 27.6299288 ], [ 35.5229093, 27.6298468 ], [ 35.5228718, 27.6297779 ], [ 35.5227403, 27.629659 ], [ 35.5226505, 27.6296032 ], [ 35.5225177, 27.629444 ], [ 35.5224761, 27.6293382 ], [ 35.5224587, 27.6292467 ], [ 35.5224533, 27.6291398 ], [ 35.5224533, 27.6290424 ], [ 35.522452, 27.6289259 ], [ 35.5224507, 27.6287976 ], [ 35.5224507, 27.6287144 ], [ 35.5224346, 27.6286301 ], [ 35.5224064, 27.6284899 ], [ 35.5224024, 27.6283414 ], [ 35.5224104, 27.6282558 ], [ 35.5224493, 27.6281358 ], [ 35.522511, 27.6279671 ], [ 35.5224761, 27.6276653 ], [ 35.5223849, 27.6275072 ], [ 35.5222884, 27.6273944 ], [ 35.522165, 27.6272981 ], [ 35.52211, 27.6271864 ], [ 35.5220778, 27.627089 ], [ 35.5220765, 27.6269987 ], [ 35.5220859, 27.6268692 ], [ 35.5221757, 27.6266351 ], [ 35.5223313, 27.6264367 ], [ 35.5224144, 27.6261895 ], [ 35.5224118, 27.626104 ], [ 35.522397, 27.6259757 ], [ 35.5224077, 27.6258485 ], [ 35.5224238, 27.6257285 ], [ 35.5223474, 27.6255324 ], [ 35.5221663, 27.6252199 ], [ 35.521823, 27.6246532 ], [ 35.5217734, 27.6246163 ], [ 35.5216929, 27.6245498 ], [ 35.5216473, 27.6244773 ], [ 35.5216178, 27.6243906 ], [ 35.5215964, 27.6242551 ], [ 35.5215213, 27.6241078 ], [ 35.5214328, 27.6240222 ], [ 35.5213161, 27.6239961 ], [ 35.521194, 27.6240056 ], [ 35.5208883, 27.6240234 ], [ 35.520616, 27.6240056 ], [ 35.5203974, 27.6239771 ], [ 35.5202258, 27.6239188 ], [ 35.5201024, 27.6238749 ], [ 35.5199321, 27.6237869 ], [ 35.5198771, 27.6237168 ], [ 35.5198234, 27.6236313 ], [ 35.5197282, 27.623497 ], [ 35.5194801, 27.6232746 ], [ 35.5193742, 27.6232011 ], [ 35.5193661, 27.6231667 ], [ 35.5193192, 27.6230324 ], [ 35.5192749, 27.6229231 ], [ 35.5190456, 27.62255 ], [ 35.5189946, 27.6224478 ], [ 35.5189705, 27.6223539 ], [ 35.5189557, 27.622266 ], [ 35.5189142, 27.6221567 ], [ 35.518894, 27.6220592 ], [ 35.5188659, 27.6219452 ], [ 35.5188149, 27.6218632 ], [ 35.5187385, 27.6217444 ], [ 35.5187264, 27.6216742 ], [ 35.5187237, 27.6215875 ], [ 35.5187197, 27.6215507 ], [ 35.5186835, 27.6215103 ], [ 35.5186258, 27.6214794 ], [ 35.5186044, 27.6214318 ], [ 35.5185762, 27.6213487 ], [ 35.5184984, 27.6212762 ], [ 35.5184273, 27.6211882 ], [ 35.5184045, 27.6210694 ], [ 35.5182771, 27.6209981 ], [ 35.5182476, 27.6209625 ], [ 35.5182007, 27.6209411 ], [ 35.5180304, 27.6209149 ], [ 35.5178533, 27.6208104 ], [ 35.5177367, 27.6207153 ], [ 35.5177005, 27.6206892 ], [ 35.5176347, 27.6206405 ], [ 35.5175583, 27.6206167 ], [ 35.5173732, 27.6206108 ], [ 35.5172002, 27.6206108 ], [ 35.5171345, 27.6206036 ], [ 35.5170138, 27.6205906 ], [ 35.516928, 27.6205692 ], [ 35.5168757, 27.6205502 ], [ 35.5168086, 27.6205276 ], [ 35.5167523, 27.620486 ], [ 35.5167013, 27.6204491 ], [ 35.5166665, 27.6204183 ], [ 35.5165726, 27.6204064 ], [ 35.5165297, 27.6203933 ], [ 35.5165266, 27.6203706 ], [ 35.5164921, 27.6203256 ], [ 35.516464, 27.6202994 ], [ 35.5164318, 27.6202947 ], [ 35.516358, 27.6203149 ], [ 35.5163003, 27.6203054 ], [ 35.5162534, 27.6202828 ], [ 35.5161475, 27.6202673 ], [ 35.5161113, 27.6202388 ], [ 35.5160791, 27.6201913 ], [ 35.5160375, 27.6201616 ], [ 35.5159986, 27.6201366 ], [ 35.5159502, 27.620092 ], [ 35.5156549, 27.6201292 ], [ 35.5152073, 27.6204924 ], [ 35.5150759, 27.620808 ], [ 35.5150008, 27.6207819 ], [ 35.5147826, 27.6210333 ], [ 35.5146494, 27.6212358 ], [ 35.5146575, 27.6213451 ], [ 35.5145851, 27.621338 ], [ 35.5141479, 27.6216826 ], [ 35.513944, 27.6220272 ], [ 35.5139521, 27.6223005 ], [ 35.5139117, 27.6224033 ], [ 35.5137643, 27.6224264 ], [ 35.5135444, 27.6226617 ], [ 35.5133271, 27.6230847 ], [ 35.5133942, 27.6231631 ], [ 35.5134773, 27.6232368 ], [ 35.5135471, 27.6234174 ], [ 35.5134344, 27.6235838 ], [ 35.5135726, 27.6237061 ], [ 35.5135229, 27.6239426 ], [ 35.5133861, 27.6241945 ], [ 35.5131367, 27.6245747 ], [ 35.5130535, 27.6245581 ], [ 35.512957, 27.6245557 ], [ 35.5129811, 27.6246342 ], [ 35.5130589, 27.6246983 ], [ 35.5127969, 27.6251416 ], [ 35.5125734, 27.6250952 ], [ 35.5124876, 27.6251641 ], [ 35.5123937, 27.625138 ], [ 35.5123213, 27.6249835 ], [ 35.5121845, 27.6249288 ], [ 35.5120593, 27.6249383 ], [ 35.5119887, 27.6251807 ], [ 35.5122811, 27.6251831 ], [ 35.5122288, 27.6254041 ], [ 35.5115998, 27.6262786 ], [ 35.5114524, 27.6262959 ], [ 35.5115033, 27.626414 ], [ 35.5098859, 27.6285739 ], [ 35.5098095, 27.6285357 ], [ 35.5092019, 27.6293442 ], [ 35.5090302, 27.6293584 ], [ 35.5089685, 27.6293109 ], [ 35.508892, 27.6293039 ], [ 35.5085501, 27.6297624 ], [ 35.5085286, 27.629867 ], [ 35.5083516, 27.6299787 ], [ 35.5082108, 27.6299537 ], [ 35.5077615, 27.6306036 ], [ 35.5076758, 27.6307818 ], [ 35.5073726, 27.6306725 ], [ 35.5070963, 27.6309822 ], [ 35.5067691, 27.6313427 ], [ 35.5065867, 27.6313213 ], [ 35.5062582, 27.6318161 ], [ 35.5061093, 27.6318155 ], [ 35.5060787, 27.6319083 ], [ 35.5055648, 27.6325332 ], [ 35.5054736, 27.632507 ], [ 35.5054012, 27.6326069 ], [ 35.5054414, 27.6326686 ], [ 35.5052644, 27.632911 ], [ 35.505135, 27.6329393 ], [ 35.5051544, 27.6330227 ], [ 35.5050498, 27.6331819 ], [ 35.5048664, 27.633161 ], [ 35.5045815, 27.633451 ], [ 35.5043059, 27.6338407 ], [ 35.5039238, 27.6341455 ], [ 35.5037626, 27.6343264 ], [ 35.503639, 27.6344033 ], [ 35.5035719, 27.6343724 ], [ 35.5035409, 27.6343109 ], [ 35.503452, 27.6344465 ], [ 35.5035371, 27.6345459 ], [ 35.5035344, 27.6346695 ], [ 35.503411, 27.6347526 ], [ 35.5034244, 27.6348643 ], [ 35.5033359, 27.6349094 ], [ 35.5032109, 27.6349381 ], [ 35.5031558, 27.6350334 ], [ 35.5032452, 27.6351711 ], [ 35.5033949, 27.6352469 ], [ 35.5033776, 27.6354282 ], [ 35.5034861, 27.6353966 ], [ 35.5037216, 27.6354406 ], [ 35.5037141, 27.6355558 ], [ 35.5036631, 27.6356128 ], [ 35.5036363, 27.6357031 ], [ 35.5037088, 27.6358638 ], [ 35.5039233, 27.6357958 ], [ 35.5040325, 27.6358977 ], [ 35.5041003, 27.6361261 ], [ 35.5039826, 27.6365829 ], [ 35.5036748, 27.6373158 ], [ 35.5033572, 27.6376488 ], [ 35.5030498, 27.6379681 ], [ 35.5029067, 27.6379023 ], [ 35.5025092, 27.6377802 ], [ 35.5019706, 27.637836 ], [ 35.5017195, 27.6376769 ], [ 35.5014801, 27.6375841 ], [ 35.5012531, 27.6373999 ], [ 35.5009986, 27.6374422 ], [ 35.5008762, 27.6376556 ], [ 35.5008173, 27.6377918 ], [ 35.5006886, 27.6378892 ], [ 35.5004847, 27.6381838 ], [ 35.5004901, 27.6383264 ], [ 35.500117, 27.6387045 ], [ 35.5000073, 27.6387113 ], [ 35.4999188, 27.638804 ], [ 35.4998893, 27.6389632 ], [ 35.4999053, 27.6390963 ], [ 35.4997069, 27.6391153 ], [ 35.4996774, 27.639246 ], [ 35.499849, 27.6393576 ], [ 35.4992346, 27.6401173 ], [ 35.4983074, 27.6410577 ], [ 35.4978434, 27.6415618 ], [ 35.4975942, 27.6419319 ], [ 35.4972661, 27.6421591 ], [ 35.4969764, 27.6421876 ], [ 35.4970112, 27.642064 ], [ 35.49692, 27.6420545 ], [ 35.4968262, 27.6421092 ], [ 35.4968396, 27.6422042 ], [ 35.4966894, 27.6422707 ], [ 35.4965472, 27.6422398 ], [ 35.4963692, 27.6424246 ], [ 35.496202, 27.6426023 ], [ 35.4958265, 27.6427601 ], [ 35.4958874, 27.6429146 ], [ 35.495992, 27.6429883 ], [ 35.4958401, 27.643205 ], [ 35.4956163, 27.6433156 ], [ 35.4953487, 27.6434521 ], [ 35.4951195, 27.6439011 ], [ 35.4949512, 27.6440343 ], [ 35.4945451, 27.6440405 ], [ 35.4945489, 27.6442709 ], [ 35.4944229, 27.6443997 ], [ 35.494326, 27.6444174 ], [ 35.4942352, 27.6444781 ], [ 35.4942127, 27.6446025 ], [ 35.4943559, 27.6445969 ], [ 35.4943988, 27.6447038 ], [ 35.4944068, 27.6448274 ], [ 35.4945156, 27.6448833 ], [ 35.4943371, 27.6450103 ], [ 35.4944739, 27.6451695 ], [ 35.4945838, 27.6451362 ], [ 35.4946565, 27.6451937 ], [ 35.4941267, 27.6458528 ], [ 35.4937573, 27.6461606 ], [ 35.49346, 27.646291 ], [ 35.4932131, 27.6462285 ], [ 35.4929811, 27.6461385 ], [ 35.4928987, 27.6458791 ], [ 35.4926973, 27.6457412 ], [ 35.4925856, 27.6457706 ], [ 35.4925295, 27.6458732 ], [ 35.4921853, 27.6459009 ], [ 35.4921001, 27.6458443 ], [ 35.4920308, 27.6458748 ], [ 35.4919272, 27.6460501 ], [ 35.4920089, 27.6461579 ], [ 35.4915985, 27.6464905 ], [ 35.4914718, 27.6463345 ], [ 35.4913091, 27.6464993 ], [ 35.4909039, 27.6467817 ], [ 35.4907407, 27.6471456 ], [ 35.4904355, 27.6472457 ], [ 35.4901811, 27.6471424 ], [ 35.4899597, 27.6471059 ], [ 35.4898417, 27.6471843 ], [ 35.4898471, 27.6476026 ], [ 35.4896724, 27.6476886 ], [ 35.4893568, 27.6479448 ], [ 35.4890953, 27.6481566 ], [ 35.4889685, 27.6480761 ], [ 35.4888507, 27.6481284 ], [ 35.4887232, 27.6482906 ], [ 35.4885328, 27.648465 ], [ 35.4886025, 27.6486028 ], [ 35.4884441, 27.6487535 ], [ 35.4883128, 27.648617 ], [ 35.4882234, 27.6485973 ], [ 35.4880221, 27.648605 ], [ 35.4878549, 27.6486885 ], [ 35.4878374, 27.6488453 ], [ 35.4878864, 27.6489378 ], [ 35.4878274, 27.6490186 ], [ 35.4879025, 27.6491587 ], [ 35.488067, 27.6491418 ], [ 35.4880979, 27.6492536 ], [ 35.4878435, 27.6495508 ], [ 35.4875786, 27.6497469 ], [ 35.4870684, 27.6493898 ], [ 35.4869606, 27.6494477 ], [ 35.4869623, 27.6496285 ], [ 35.4868605, 27.6497064 ], [ 35.4867055, 27.6497532 ], [ 35.4866692, 27.6498774 ], [ 35.4867958, 27.6499499 ], [ 35.4870858, 27.6500439 ], [ 35.4870352, 27.6503471 ], [ 35.486833, 27.6505652 ], [ 35.4866459, 27.6503866 ], [ 35.4864702, 27.6503681 ], [ 35.4863324, 27.6504456 ], [ 35.4862824, 27.6507435 ], [ 35.4860598, 27.6506294 ], [ 35.4859373, 27.6506603 ], [ 35.4859444, 27.650791 ], [ 35.4857942, 27.6508409 ], [ 35.4857376, 27.6509204 ], [ 35.4859632, 27.6510119 ], [ 35.4863709, 27.6509288 ], [ 35.4865637, 27.6510254 ], [ 35.4865134, 27.6514899 ], [ 35.4862062, 27.6520702 ], [ 35.4859886, 27.6522176 ], [ 35.4858031, 27.6521284 ], [ 35.4855222, 27.6519969 ], [ 35.4850399, 27.6520251 ], [ 35.4850382, 27.6521898 ], [ 35.4852572, 27.6523491 ], [ 35.4853173, 27.6525366 ], [ 35.484994, 27.6528261 ], [ 35.4847039, 27.652588 ], [ 35.4845731, 27.6525961 ], [ 35.4845311, 27.6529969 ], [ 35.4845765, 27.6531122 ], [ 35.4848021, 27.6531547 ], [ 35.4847991, 27.6532642 ], [ 35.4846971, 27.6535261 ], [ 35.4846636, 27.6537349 ], [ 35.4845417, 27.6538297 ], [ 35.4843619, 27.6537679 ], [ 35.4841375, 27.6539634 ], [ 35.4842064, 27.6540578 ], [ 35.4840879, 27.6542123 ], [ 35.4839516, 27.6541813 ], [ 35.4837387, 27.6543717 ], [ 35.4838979, 27.6545994 ], [ 35.4837316, 27.6546802 ], [ 35.4840052, 27.6547539 ], [ 35.4841152, 27.6548834 ], [ 35.4843951, 27.6548943 ], [ 35.4845417, 27.6550205 ], [ 35.4845014, 27.6554904 ], [ 35.4843635, 27.6558061 ], [ 35.4842253, 27.6560656 ], [ 35.4835718, 27.6560297 ], [ 35.482688, 27.6561262 ], [ 35.4827848, 27.6562435 ], [ 35.482352, 27.6572449 ], [ 35.4820076, 27.6578946 ], [ 35.4818225, 27.6583081 ], [ 35.481526, 27.6585062 ], [ 35.4813006, 27.6589023 ], [ 35.4811004, 27.659225 ], [ 35.4810896, 27.6594293 ], [ 35.4807843, 27.6596534 ], [ 35.4804873, 27.6602192 ], [ 35.480344, 27.6606538 ], [ 35.4802009, 27.6607524 ], [ 35.4801226, 27.6609727 ], [ 35.4800045, 27.6614405 ], [ 35.4797186, 27.6619588 ], [ 35.4796734, 27.6621804 ], [ 35.479881, 27.662328 ], [ 35.4797239, 27.6627099 ], [ 35.4794695, 27.6633108 ], [ 35.4795081, 27.6650607 ], [ 35.4792711, 27.6659742 ], [ 35.4788974, 27.6668779 ], [ 35.4785948, 27.6673757 ], [ 35.4785515, 27.6677364 ], [ 35.478526, 27.6679439 ], [ 35.4785002, 27.6681667 ], [ 35.4782849, 27.6684552 ], [ 35.4780688, 27.6687358 ], [ 35.4779799, 27.6692541 ], [ 35.4778356, 27.6694525 ], [ 35.4776652, 27.6696772 ], [ 35.4774343, 27.6697448 ], [ 35.4772428, 27.6696956 ], [ 35.47723, 27.6694092 ], [ 35.4771443, 27.6694199 ], [ 35.4771514, 27.6697408 ], [ 35.477484, 27.6698825 ], [ 35.4775053, 27.6700254 ], [ 35.4773071, 27.670241 ], [ 35.4771938, 27.6702705 ], [ 35.4769532, 27.6700711 ], [ 35.4771095, 27.6703258 ], [ 35.4769899, 27.670593 ], [ 35.4769416, 27.6715411 ], [ 35.4765579, 27.6720384 ], [ 35.4762978, 27.6722082 ], [ 35.4756227, 27.6728231 ], [ 35.4751942, 27.6732265 ], [ 35.4749313, 27.6735951 ], [ 35.4747648, 27.6739303 ], [ 35.4746511, 27.6743327 ], [ 35.4744834, 27.674723 ], [ 35.4742765, 27.6750116 ], [ 35.473904, 27.6753501 ], [ 35.4735104, 27.6755713 ], [ 35.473051, 27.675933 ], [ 35.4724325, 27.6763117 ], [ 35.4723108, 27.6769035 ], [ 35.4724186, 27.6773784 ], [ 35.4727357, 27.6778575 ], [ 35.4732929, 27.6781883 ], [ 35.4733627, 27.6786375 ], [ 35.4731837, 27.6793926 ], [ 35.4732162, 27.6803817 ], [ 35.4730518, 27.6812538 ], [ 35.4724021, 27.6824885 ], [ 35.4723179, 27.6834029 ], [ 35.472467, 27.6845468 ], [ 35.4727685, 27.6859519 ], [ 35.4731193, 27.6877893 ], [ 35.4735919, 27.6891668 ], [ 35.4737631, 27.6904047 ], [ 35.4736129, 27.6924415 ], [ 35.4735807, 27.6940467 ], [ 35.4730379, 27.6955994 ], [ 35.4727658, 27.6961336 ], [ 35.4720819, 27.6979807 ], [ 35.4719987, 27.6985388 ], [ 35.4716634, 27.6993943 ], [ 35.4713689, 27.700812 ], [ 35.4709773, 27.701856 ], [ 35.4706667, 27.7028258 ], [ 35.4703068, 27.7037572 ], [ 35.4699812, 27.7040198 ], [ 35.4694651, 27.7038033 ], [ 35.4693932, 27.7039305 ], [ 35.4697199, 27.7040403 ], [ 35.469302, 27.7053107 ], [ 35.4688578, 27.706206 ], [ 35.4682425, 27.7072551 ], [ 35.4676053, 27.7084766 ], [ 35.4670704, 27.7094702 ], [ 35.4666917, 27.7099551 ], [ 35.4665163, 27.7103497 ], [ 35.4661542, 27.7106518 ], [ 35.4659358, 27.7111704 ], [ 35.4650619, 27.7134852 ], [ 35.4647789, 27.7137475 ], [ 35.4647905, 27.7142616 ], [ 35.4642244, 27.7147859 ], [ 35.463664, 27.7155674 ], [ 35.4633926, 27.7163436 ], [ 35.4625491, 27.7173873 ], [ 35.4625722, 27.7184155 ], [ 35.4623238, 27.72022 ], [ 35.461775, 27.7215154 ], [ 35.4614384, 27.7224298 ], [ 35.4605614, 27.724533 ], [ 35.4599846, 27.7254047 ], [ 35.4588234, 27.725588 ], [ 35.4587015, 27.7261988 ], [ 35.4584242, 27.7267182 ], [ 35.4575748, 27.7275047 ], [ 35.4570201, 27.7285432 ], [ 35.4561707, 27.7293298 ], [ 35.4553331, 27.7306303 ], [ 35.4547841, 27.7319259 ], [ 35.4533684, 27.7332368 ], [ 35.45338, 27.7337509 ], [ 35.4528137, 27.7342752 ], [ 35.4522532, 27.7350567 ], [ 35.4518245, 27.7357633 ], [ 35.4516365, 27.7368959 ], [ 35.4508252, 27.7378336 ], [ 35.4503057, 27.7384341 ], [ 35.449897, 27.7395993 ], [ 35.4486403, 27.7407205 ], [ 35.4475996, 27.7411458 ], [ 35.4468787, 27.741594 ], [ 35.445781, 27.7426665 ], [ 35.4448344, 27.7437765 ], [ 35.4437906, 27.7445802 ], [ 35.4426695, 27.7453376 ], [ 35.4414524, 27.7454021 ], [ 35.4412121, 27.7451409 ], [ 35.4410899, 27.7440061 ], [ 35.4404824, 27.7450369 ], [ 35.4399915, 27.7467373 ], [ 35.4396827, 27.750393 ], [ 35.4394437, 27.7529557 ], [ 35.439365, 27.7549062 ], [ 35.4392741, 27.7551021 ], [ 35.4370145, 27.7540746 ], [ 35.4369804, 27.7540043 ], [ 35.4369151, 27.7539691 ], [ 35.4368243, 27.7539993 ], [ 35.436793, 27.7540797 ], [ 35.4368356, 27.7541475 ], [ 35.4369179, 27.7541525 ], [ 35.4392429, 27.7552051 ], [ 35.4394104, 27.7552353 ], [ 35.4395438, 27.7552252 ], [ 35.4394927, 27.7553408 ], [ 35.4394586, 27.7554438 ], [ 35.4394217, 27.7556573 ], [ 35.4392173, 27.7554387 ], [ 35.4389959, 27.7553157 ], [ 35.4365205, 27.7542203 ], [ 35.4364581, 27.754155 ], [ 35.4363417, 27.7541626 ], [ 35.4363019, 27.7542203 ], [ 35.4363417, 27.7542982 ], [ 35.4364126, 27.7543233 ], [ 35.4364808, 27.7543183 ], [ 35.4389051, 27.755381 ], [ 35.4391265, 27.7554915 ], [ 35.439252, 27.755629 ], [ 35.4381244, 27.7590943 ], [ 35.4364002, 27.7583554 ], [ 35.4359606, 27.7590988 ], [ 35.437639, 27.7598324 ], [ 35.4377972, 27.7599668 ], [ 35.4367489, 27.7628501 ], [ 35.4359714, 27.7631172 ], [ 35.4358379, 27.7636337 ], [ 35.4355546, 27.7638958 ], [ 35.4352177, 27.7646976 ], [ 35.4338723, 27.76624 ], [ 35.4331446, 27.7674856 ], [ 35.4324788, 27.7685789 ], [ 35.4315023, 27.7701391 ], [ 35.430641, 27.7704114 ], [ 35.4299523, 27.7719663 ], [ 35.429669, 27.7722285 ], [ 35.4294142, 27.773776 ], [ 35.4281428, 27.7750841 ], [ 35.4261169, 27.7749905 ], [ 35.4249667, 27.775268 ], [ 35.4246833, 27.7755301 ], [ 35.4241082, 27.7756692 ], [ 35.4238673, 27.7761451 ], [ 35.423362, 27.776649 ], [ 35.423099, 27.7770572 ], [ 35.4227002, 27.7773649 ], [ 35.4224169, 27.7776271 ], [ 35.4215499, 27.7776424 ], [ 35.4189345, 27.7770457 ], [ 35.4190899, 27.7775573 ], [ 35.4189515, 27.7778168 ], [ 35.4180903, 27.778089 ], [ 35.4178183, 27.7788652 ], [ 35.4166707, 27.7792706 ], [ 35.4161012, 27.7796668 ], [ 35.4159676, 27.7801835 ], [ 35.4155459, 27.7807051 ], [ 35.4143955, 27.7809824 ], [ 35.4141235, 27.7817586 ], [ 35.4126813, 27.7819119 ], [ 35.4112532, 27.7827083 ], [ 35.4103889, 27.7828525 ], [ 35.4104002, 27.7833666 ], [ 35.4098251, 27.7835048 ], [ 35.4095416, 27.7837669 ], [ 35.4083883, 27.783916 ], [ 35.4083997, 27.7844301 ], [ 35.4075297, 27.7843163 ], [ 35.4072351, 27.7840642 ], [ 35.4043447, 27.7841145 ], [ 35.4037781, 27.7846388 ], [ 35.4023384, 27.784921 ], [ 35.4020551, 27.7851831 ], [ 35.3988758, 27.7852383 ], [ 35.3971528, 27.7857826 ], [ 35.396586, 27.7863067 ], [ 35.396005, 27.7861886 ], [ 35.3960164, 27.7867029 ], [ 35.394285, 27.7868609 ], [ 35.3937182, 27.7873851 ], [ 35.3917174, 27.7884485 ], [ 35.3899914, 27.7888644 ], [ 35.3900028, 27.7893785 ], [ 35.3885658, 27.7897887 ], [ 35.3877157, 27.7905749 ], [ 35.3859926, 27.791119 ], [ 35.3839692, 27.791154 ], [ 35.3836828, 27.7912878 ], [ 35.3832207, 27.7900102 ], [ 35.3832039, 27.7892389 ], [ 35.3827597, 27.7887321 ], [ 35.3801667, 27.7891623 ], [ 35.3795968, 27.7895583 ], [ 35.3796082, 27.7900723 ], [ 35.3761478, 27.7905173 ], [ 35.3718456, 27.7921341 ], [ 35.3712674, 27.7921442 ], [ 35.3698333, 27.792683 ], [ 35.3692551, 27.792693 ], [ 35.3686826, 27.7929599 ], [ 35.36724, 27.7931137 ], [ 35.3672512, 27.7936278 ], [ 35.3660949, 27.7936477 ], [ 35.3659665, 27.7944212 ], [ 35.3655447, 27.7949429 ], [ 35.3640994, 27.7949676 ], [ 35.3637936, 27.7942014 ], [ 35.3632154, 27.7942113 ], [ 35.3631253, 27.7946388 ], [ 35.3629374, 27.7947304 ], [ 35.3629486, 27.7952445 ], [ 35.3632377, 27.7952394 ], [ 35.3633268, 27.7948111 ], [ 35.3638047, 27.7947155 ], [ 35.3634039, 27.7962653 ], [ 35.362982, 27.7967869 ], [ 35.3612419, 27.7965594 ], [ 35.3615143, 27.7957834 ], [ 35.3603748, 27.7965743 ], [ 35.3605243, 27.7968289 ], [ 35.3605409, 27.7976 ], [ 35.3596904, 27.7983861 ], [ 35.35914, 27.7996813 ], [ 35.3582895, 27.8004673 ], [ 35.358017, 27.8012436 ], [ 35.3581897, 27.8025263 ], [ 35.3587681, 27.8025165 ], [ 35.3583615, 27.8038092 ], [ 35.358078, 27.8040712 ], [ 35.3576672, 27.8051069 ], [ 35.3553572, 27.8052744 ], [ 35.3547817, 27.8054133 ], [ 35.3546588, 27.8064441 ], [ 35.3552759, 27.8082337 ], [ 35.3551429, 27.8087503 ], [ 35.3548511, 27.8086261 ], [ 35.3542756, 27.808765 ], [ 35.3541693, 27.8105669 ], [ 35.3533241, 27.81161 ], [ 35.3522565, 27.8157429 ], [ 35.3526286, 27.819594 ], [ 35.3525003, 27.8270538 ], [ 35.3529227, 27.8332184 ], [ 35.3524275, 27.8370842 ], [ 35.3518713, 27.8381224 ], [ 35.3518824, 27.8386365 ], [ 35.3513317, 27.8399317 ], [ 35.3513428, 27.8404459 ], [ 35.3505086, 27.8420031 ], [ 35.3505972, 27.8461161 ], [ 35.3503468, 27.8479205 ], [ 35.3498017, 27.8494728 ], [ 35.3498127, 27.8499869 ], [ 35.3489839, 27.8518011 ], [ 35.3484166, 27.8523252 ], [ 35.3479998, 27.8531037 ], [ 35.3474241, 27.8532416 ], [ 35.3465676, 27.8537704 ], [ 35.3460002, 27.8542945 ], [ 35.3441504, 27.8549698 ], [ 35.3425145, 27.8556792 ], [ 35.3416785, 27.8561556 ], [ 35.3410294, 27.8563946 ], [ 35.3401191, 27.8565122 ], [ 35.3392329, 27.8563577 ], [ 35.3386594, 27.8566447 ], [ 35.3382544, 27.8573839 ], [ 35.3377167, 27.8584793 ], [ 35.3372527, 27.8592714 ], [ 35.3367399, 27.8597106 ], [ 35.3365714, 27.8598549 ], [ 35.3357599, 27.8602209 ], [ 35.3342684, 27.8604083 ], [ 35.3325411, 27.8608237 ], [ 35.3327182, 27.8623637 ], [ 35.3322113, 27.8657154 ], [ 35.3322279, 27.8664866 ], [ 35.3319441, 27.8667485 ], [ 35.3313931, 27.8680437 ], [ 35.3306925, 27.8690842 ], [ 35.3289679, 27.8696277 ], [ 35.328695, 27.8704038 ], [ 35.3278299, 27.8705465 ], [ 35.3275462, 27.8708084 ], [ 35.3249618, 27.8717527 ], [ 35.3248277, 27.8722692 ], [ 35.3242601, 27.8727931 ], [ 35.3237199, 27.8746024 ], [ 35.3234362, 27.8748644 ], [ 35.3231743, 27.8761545 ], [ 35.3223283, 27.8771974 ], [ 35.3217772, 27.8784926 ], [ 35.3188433, 27.8821294 ], [ 35.3180945, 27.8826606 ], [ 35.3172607, 27.8828862 ], [ 35.3164744, 27.883021 ], [ 35.3156749, 27.8829817 ], [ 35.3146827, 27.883315 ], [ 35.3137332, 27.8836767 ], [ 35.3131858, 27.8842418 ], [ 35.3125703, 27.884915 ], [ 35.3116468, 27.88522 ], [ 35.311079, 27.885744 ], [ 35.3102221, 27.8862726 ], [ 35.3096462, 27.8864113 ], [ 35.3081526, 27.8910653 ], [ 35.3078959, 27.8926126 ], [ 35.307612, 27.8928745 ], [ 35.3073501, 27.8941647 ], [ 35.3065092, 27.8954646 ], [ 35.3065202, 27.8959787 ], [ 35.3062416, 27.8964977 ], [ 35.3055351, 27.8972811 ], [ 35.3049592, 27.8974189 ], [ 35.3046753, 27.8976806 ], [ 35.3023686, 27.8981055 ], [ 35.3020955, 27.8988815 ], [ 35.3015196, 27.8990193 ], [ 35.300949, 27.8994151 ], [ 35.3005417, 27.9007077 ], [ 35.299406, 27.9017553 ], [ 35.298565, 27.903055 ], [ 35.2972905, 27.9043622 ], [ 35.2967118, 27.9043718 ], [ 35.2967226, 27.9048861 ], [ 35.2949946, 27.9053002 ], [ 35.2941427, 27.9060858 ], [ 35.2929932, 27.9064911 ], [ 35.2928591, 27.9070078 ], [ 35.2924363, 27.907529 ], [ 35.2918602, 27.9076668 ], [ 35.2915763, 27.9079288 ], [ 35.2910002, 27.9080673 ], [ 35.2907271, 27.9088433 ], [ 35.2895776, 27.9092478 ], [ 35.2890097, 27.9097715 ], [ 35.2878602, 27.9101767 ], [ 35.2877258, 27.9106935 ], [ 35.2871579, 27.9112172 ], [ 35.2864675, 27.9127715 ], [ 35.2853151, 27.9130478 ], [ 35.285042, 27.9138239 ], [ 35.2838899, 27.9141002 ], [ 35.2839006, 27.9146143 ], [ 35.2833217, 27.9146239 ], [ 35.2833327, 27.9151382 ], [ 35.2827564, 27.9152758 ], [ 35.2816177, 27.9161953 ], [ 35.2817727, 27.9167069 ], [ 35.2814888, 27.9169688 ], [ 35.2807733, 27.9185603 ], [ 35.2802483, 27.919805 ], [ 35.2799377, 27.9201105 ], [ 35.2794664, 27.9197933 ], [ 35.2793521, 27.9199127 ], [ 35.2797912, 27.9201952 ], [ 35.2796802, 27.9203997 ], [ 35.2786171, 27.9216664 ], [ 35.2778719, 27.9239722 ], [ 35.2777408, 27.924916 ], [ 35.2775747, 27.9254657 ], [ 35.2769948, 27.9271409 ], [ 35.2769233, 27.9272375 ], [ 35.2768572, 27.9272476 ], [ 35.2767364, 27.9272677 ], [ 35.2766475, 27.9272114 ], [ 35.2765353, 27.9272097 ], [ 35.2762213, 27.9272839 ], [ 35.276132, 27.9274818 ], [ 35.2761103, 27.9275298 ], [ 35.2760914, 27.9275718 ], [ 35.2761666, 27.9277692 ], [ 35.27626, 27.9278618 ], [ 35.276391, 27.927905 ], [ 35.2764762, 27.9280102 ], [ 35.2760655, 27.9294295 ], [ 35.2749437, 27.9313699 ], [ 35.2743993, 27.9321582 ], [ 35.2741316, 27.9320831 ], [ 35.2740313, 27.9322462 ], [ 35.2741922, 27.932312 ], [ 35.2737806, 27.9329228 ], [ 35.273198, 27.9341029 ], [ 35.2729605, 27.9344169 ], [ 35.2729346, 27.9344511 ], [ 35.2727418, 27.9345927 ], [ 35.2724997, 27.9346733 ], [ 35.2721966, 27.9345259 ], [ 35.2720756, 27.9346483 ], [ 35.2722154, 27.93473 ], [ 35.2713146, 27.9359436 ], [ 35.2701644, 27.9374669 ], [ 35.2705686, 27.9376911 ], [ 35.270464, 27.9378547 ], [ 35.2703884, 27.937973 ], [ 35.2702124, 27.9382239 ], [ 35.2701449, 27.93832 ], [ 35.2701235, 27.9384389 ], [ 35.2703408, 27.9387227 ], [ 35.2701331, 27.9389664 ], [ 35.2701941, 27.9392443 ], [ 35.2701349, 27.9394255 ], [ 35.2700342, 27.9396564 ], [ 35.2698494, 27.939919 ], [ 35.2697132, 27.9400899 ], [ 35.2694815, 27.9402421 ], [ 35.2692967, 27.9405028 ], [ 35.268993, 27.9406284 ], [ 35.2688323, 27.9408667 ], [ 35.2686308, 27.9410099 ], [ 35.268347, 27.9411562 ], [ 35.2681497, 27.9412413 ], [ 35.2679547, 27.941237 ], [ 35.2676851, 27.941197 ], [ 35.2674678, 27.9411259 ], [ 35.2674088, 27.9410477 ], [ 35.2673282, 27.9407343 ], [ 35.2671571, 27.9406243 ], [ 35.2669482, 27.9406367 ], [ 35.2668267, 27.9409056 ], [ 35.2668133, 27.9410169 ], [ 35.266749, 27.9411567 ], [ 35.2666873, 27.941287 ], [ 35.2667651, 27.941434 ], [ 35.2668375, 27.9414813 ], [ 35.2674785, 27.9418297 ], [ 35.2675751, 27.9418012 ], [ 35.2675536, 27.9417183 ], [ 35.267508, 27.9416046 ], [ 35.2676851, 27.9414197 ], [ 35.2686024, 27.9415074 ], [ 35.268766, 27.9416425 ], [ 35.2687901, 27.9417065 ], [ 35.2688169, 27.9417918 ], [ 35.2688304, 27.9418557 ], [ 35.2688143, 27.9419221 ], [ 35.2687472, 27.9419624 ], [ 35.2686802, 27.9419908 ], [ 35.2686185, 27.9420382 ], [ 35.268648, 27.9420785 ], [ 35.2687472, 27.9420808 ], [ 35.268825, 27.9420595 ], [ 35.2689216, 27.942024 ], [ 35.2690239, 27.942437 ], [ 35.2693034, 27.9434965 ], [ 35.2695687, 27.9452335 ], [ 35.269419, 27.9464841 ], [ 35.2692676, 27.9471041 ], [ 35.26912, 27.9474263 ], [ 35.2689618, 27.9476609 ], [ 35.2687874, 27.9478363 ], [ 35.268673, 27.9478152 ], [ 35.2680731, 27.9476378 ], [ 35.2680293, 27.9477359 ], [ 35.2687955, 27.9479855 ], [ 35.2688062, 27.9482343 ], [ 35.2687043, 27.9485494 ], [ 35.2685004, 27.9488172 ], [ 35.2684629, 27.9488669 ], [ 35.2683395, 27.948893 ], [ 35.2676822, 27.9486729 ], [ 35.2676159, 27.9488035 ], [ 35.2682269, 27.9490281 ], [ 35.2681866, 27.9492555 ], [ 35.2681062, 27.9494972 ], [ 35.2680203, 27.9496393 ], [ 35.267846, 27.9497791 ], [ 35.2677602, 27.9498739 ], [ 35.2676475, 27.9499853 ], [ 35.2674571, 27.9501227 ], [ 35.267103, 27.9503336 ], [ 35.2669314, 27.9504497 ], [ 35.2667114, 27.9506013 ], [ 35.2664593, 27.95076 ], [ 35.2661723, 27.9510207 ], [ 35.2659202, 27.9511794 ], [ 35.2657807, 27.9513074 ], [ 35.2655366, 27.9514827 ], [ 35.265255, 27.9516675 ], [ 35.2649948, 27.9518097 ], [ 35.2646407, 27.9519897 ], [ 35.2643752, 27.9521319 ], [ 35.2642062, 27.9522385 ], [ 35.2640265, 27.9523664 ], [ 35.2638388, 27.9526247 ], [ 35.2636591, 27.9528095 ], [ 35.2634391, 27.9530583 ], [ 35.2630207, 27.9535629 ], [ 35.2627256, 27.9538615 ], [ 35.2625218, 27.9540936 ], [ 35.2624091, 27.9541624 ], [ 35.2622697, 27.9542453 ], [ 35.262098, 27.9543448 ], [ 35.26198, 27.9544704 ], [ 35.261862, 27.9546291 ], [ 35.2615777, 27.9548044 ], [ 35.2613685, 27.9549845 ], [ 35.2612987, 27.9550698 ], [ 35.2611726, 27.9552167 ], [ 35.2610117, 27.9553446 ], [ 35.2608047, 27.955441 ], [ 35.2604699, 27.9557308 ], [ 35.2598986, 27.9560838 ], [ 35.2591503, 27.9565458 ], [ 35.2587872, 27.9567454 ], [ 35.2584583, 27.9569841 ], [ 35.2583161, 27.957067 ], [ 35.2581096, 27.9571855 ], [ 35.257895, 27.9573182 ], [ 35.2576429, 27.9574698 ], [ 35.2573792, 27.9575113 ], [ 35.2572263, 27.9575937 ], [ 35.2571118, 27.9577659 ], [ 35.2568972, 27.9578868 ], [ 35.2567926, 27.9579413 ], [ 35.2566719, 27.9580242 ], [ 35.2565324, 27.9580858 ], [ 35.2563956, 27.9581568 ], [ 35.2561489, 27.9582919 ], [ 35.2558538, 27.9584317 ], [ 35.2556044, 27.9585217 ], [ 35.255489, 27.9585501 ], [ 35.2553013, 27.9585833 ], [ 35.2551457, 27.9586094 ], [ 35.2549794, 27.9586378 ], [ 35.2547568, 27.958671 ], [ 35.2545744, 27.9586946 ], [ 35.2543652, 27.9587539 ], [ 35.2542096, 27.958806 ], [ 35.2539387, 27.95887 ], [ 35.2538512, 27.9589338 ], [ 35.2534452, 27.9590595 ], [ 35.2531233, 27.9590927 ], [ 35.2529785, 27.9590927 ], [ 35.2528015, 27.9590974 ], [ 35.2525735, 27.9591069 ], [ 35.2521658, 27.9591756 ], [ 35.2515811, 27.9592396 ], [ 35.2511063, 27.9592822 ], [ 35.2505591, 27.9593343 ], [ 35.2500388, 27.9594149 ], [ 35.2496231, 27.9594694 ], [ 35.2492583, 27.9595949 ], [ 35.2490866, 27.9596755 ], [ 35.2488184, 27.9597987 ], [ 35.2486843, 27.9598792 ], [ 35.2484778, 27.9599787 ], [ 35.2483195, 27.9600545 ], [ 35.2481827, 27.9601114 ], [ 35.2480727, 27.9601185 ], [ 35.2475175, 27.9604336 ], [ 35.2471849, 27.960635 ], [ 35.2470696, 27.960706 ], [ 35.2469328, 27.9607534 ], [ 35.2467719, 27.9608174 ], [ 35.2466351, 27.960834 ], [ 35.2465117, 27.96086 ], [ 35.2463266, 27.9608956 ], [ 35.2461013, 27.9609643 ], [ 35.2457499, 27.9610898 ], [ 35.2456319, 27.9611562 ], [ 35.2454737, 27.9612486 ], [ 35.2448648, 27.9615021 ], [ 35.2446797, 27.9615779 ], [ 35.2445349, 27.9616371 ], [ 35.2443176, 27.9617224 ], [ 35.2437597, 27.9618953 ], [ 35.2432796, 27.9620398 ], [ 35.2431321, 27.9620706 ], [ 35.2430195, 27.9620304 ], [ 35.2428532, 27.9620256 ], [ 35.2427053, 27.9621115 ], [ 35.2426305, 27.9621915 ], [ 35.242601, 27.9622009 ], [ 35.2425045, 27.962227 ], [ 35.2422792, 27.9623147 ], [ 35.2419466, 27.9623857 ], [ 35.2417535, 27.9624426 ], [ 35.2416623, 27.9624402 ], [ 35.241563, 27.9624118 ], [ 35.2414933, 27.9623668 ], [ 35.2413243, 27.9621938 ], [ 35.241158, 27.9622768 ], [ 35.2410883, 27.9622957 ], [ 35.2409837, 27.962336 ], [ 35.2408281, 27.9623976 ], [ 35.2406913, 27.9624521 ], [ 35.2404794, 27.9625113 ], [ 35.2401414, 27.9626108 ], [ 35.2400073, 27.9626463 ], [ 35.2397767, 27.9626771 ], [ 35.2394548, 27.9627221 ], [ 35.2391008, 27.9628027 ], [ 35.2389425, 27.9627979 ], [ 35.2387467, 27.9628382 ], [ 35.2384597, 27.9628667 ], [ 35.2380198, 27.9628714 ], [ 35.2375585, 27.9628856 ], [ 35.2371937, 27.9628903 ], [ 35.2369603, 27.9628738 ], [ 35.2367324, 27.9628856 ], [ 35.2364185, 27.9629282 ], [ 35.236102, 27.9629472 ], [ 35.235748, 27.9629851 ], [ 35.2355549, 27.963023 ], [ 35.2354073, 27.9630254 ], [ 35.2351579, 27.9630372 ], [ 35.2349058, 27.9631036 ], [ 35.2346081, 27.9631841 ], [ 35.2341199, 27.9634092 ], [ 35.2339429, 27.9634873 ], [ 35.2337712, 27.9635608 ], [ 35.2335808, 27.9636745 ], [ 35.2334118, 27.963774 ], [ 35.2331918, 27.9639019 ], [ 35.2329263, 27.9640062 ], [ 35.2326822, 27.9642052 ], [ 35.2326044, 27.9642597 ], [ 35.2324328, 27.9643757 ], [ 35.2321967, 27.9645463 ], [ 35.2317005, 27.9648732 ], [ 35.2313384, 27.9650793 ], [ 35.2311963, 27.9651575 ], [ 35.2310005, 27.9652404 ], [ 35.2307913, 27.9653447 ], [ 35.2304104, 27.965475 ], [ 35.230279, 27.9655176 ], [ 35.2301985, 27.9655437 ], [ 35.2299759, 27.9655745 ], [ 35.2298793, 27.9656124 ], [ 35.229764, 27.9656716 ], [ 35.2294824, 27.9658114 ], [ 35.2293751, 27.9658872 ], [ 35.2292973, 27.9659156 ], [ 35.2292383, 27.9659725 ], [ 35.2291927, 27.9660317 ], [ 35.22908, 27.9661454 ], [ 35.2289942, 27.9662165 ], [ 35.2288333, 27.9663254 ], [ 35.2287045, 27.966432 ], [ 35.2285141, 27.9666263 ], [ 35.2283424, 27.9668111 ], [ 35.2282619, 27.966875 ], [ 35.2281144, 27.9669959 ], [ 35.2279696, 27.9671712 ], [ 35.2278326, 27.9672316 ], [ 35.2277496, 27.9672683 ], [ 35.2276171, 27.9672504 ], [ 35.227527, 27.9673488 ], [ 35.2274868, 27.9673702 ], [ 35.2274063, 27.9674104 ], [ 35.2273071, 27.967472 ], [ 35.2271917, 27.9675573 ], [ 35.2271113, 27.9676521 ], [ 35.2269584, 27.9677752 ], [ 35.2268228, 27.9678911 ], [ 35.2265051, 27.9680974 ], [ 35.2263844, 27.9681638 ], [ 35.2262235, 27.9682348 ], [ 35.2260813, 27.9683296 ], [ 35.2259392, 27.9684504 ], [ 35.2257755, 27.9685831 ], [ 35.2256597, 27.9686734 ], [ 35.2254698, 27.9687678 ], [ 35.2254215, 27.9687702 ], [ 35.225333, 27.9687797 ], [ 35.2251908, 27.9688365 ], [ 35.2250218, 27.968891 ], [ 35.2248475, 27.9689408 ], [ 35.2246436, 27.9690497 ], [ 35.2243942, 27.9691848 ], [ 35.2242574, 27.9692535 ], [ 35.2240536, 27.9693482 ], [ 35.2238497, 27.9694501 ], [ 35.2236244, 27.9695922 ], [ 35.223442, 27.9697154 ], [ 35.2232972, 27.9698931 ], [ 35.2231684, 27.9700352 ], [ 35.2231228, 27.9701181 ], [ 35.2229834, 27.9702318 ], [ 35.2228546, 27.9703195 ], [ 35.2227232, 27.9704403 ], [ 35.2225649, 27.9705824 ], [ 35.2225086, 27.9706227 ], [ 35.222455, 27.9706819 ], [ 35.2223879, 27.9707601 ], [ 35.2222753, 27.9708785 ], [ 35.2220929, 27.9710515 ], [ 35.2219212, 27.9712031 ], [ 35.22183, 27.9712789 ], [ 35.2216905, 27.9713831 ], [ 35.2215296, 27.9714968 ], [ 35.2213365, 27.9715631 ], [ 35.2211058, 27.9716674 ], [ 35.2209663, 27.97171 ], [ 35.220741, 27.9718 ], [ 35.2205533, 27.9718758 ], [ 35.2202743, 27.9719374 ], [ 35.2201132, 27.9719654 ], [ 35.2198827, 27.9721032 ], [ 35.2196501, 27.9722426 ], [ 35.2193892, 27.972686 ], [ 35.2193141, 27.9728281 ], [ 35.2191693, 27.9730034 ], [ 35.2190215, 27.9732238 ], [ 35.2184504, 27.9739699 ], [ 35.2182627, 27.9742731 ], [ 35.2179998, 27.9746995 ], [ 35.2179006, 27.9748724 ], [ 35.217855, 27.9749814 ], [ 35.2177396, 27.9751425 ], [ 35.2176994, 27.9752964 ], [ 35.2176216, 27.975467 ], [ 35.2175036, 27.9756304 ], [ 35.2174205, 27.9757204 ], [ 35.217286, 27.975776 ], [ 35.2171978, 27.9758033 ], [ 35.2171442, 27.9758531 ], [ 35.217061, 27.9759194 ], [ 35.2170181, 27.9759668 ], [ 35.2169363, 27.9761054 ], [ 35.216884, 27.9761681 ], [ 35.2168103, 27.9762202 ], [ 35.2167419, 27.9762581 ], [ 35.2165997, 27.9762653 ], [ 35.216487, 27.9764015 ], [ 35.2163851, 27.9765306 ], [ 35.2163033, 27.9765933 ], [ 35.2160901, 27.9766857 ], [ 35.2160029, 27.9767212 ], [ 35.2158755, 27.9767485 ], [ 35.2157109, 27.976722 ], [ 35.2156408, 27.97663 ], [ 35.2156006, 27.976482 ], [ 35.2154624, 27.9765223 ], [ 35.2154703, 27.9766003 ], [ 35.2153069, 27.976803 ], [ 35.2151245, 27.9769096 ], [ 35.2149501, 27.9769877 ], [ 35.214749, 27.9770872 ], [ 35.2146068, 27.9771204 ], [ 35.2145237, 27.9771891 ], [ 35.2143869, 27.9772459 ], [ 35.2141106, 27.977253 ], [ 35.2140221, 27.9772672 ], [ 35.2139202, 27.9773004 ], [ 35.2138022, 27.977343 ], [ 35.21366, 27.9773738 ], [ 35.2134696, 27.9774117 ], [ 35.2132201, 27.9774331 ], [ 35.2131075, 27.9774141 ], [ 35.213019, 27.9774141 ], [ 35.2128258, 27.9774188 ], [ 35.2126729, 27.9774449 ], [ 35.2125549, 27.977471 ], [ 35.2123618, 27.9774686 ], [ 35.212107, 27.9774188 ], [ 35.211651, 27.9773241 ], [ 35.2112621, 27.9772436 ], [ 35.2110502, 27.9771938 ], [ 35.2107445, 27.9772013 ], [ 35.2105004, 27.9772412 ], [ 35.210436, 27.9772554 ], [ 35.2103072, 27.9773028 ], [ 35.2101651, 27.977343 ], [ 35.2099934, 27.9775515 ], [ 35.2099612, 27.9775965 ], [ 35.2099156, 27.9776605 ], [ 35.2098593, 27.9777363 ], [ 35.2098218, 27.9778665 ], [ 35.2098405, 27.9780987 ], [ 35.2098539, 27.9781745 ], [ 35.2098861, 27.9782692 ], [ 35.2099478, 27.9787524 ], [ 35.2099773, 27.9788614 ], [ 35.2099854, 27.9790414 ], [ 35.2099827, 27.9791362 ], [ 35.2100176, 27.9792593 ], [ 35.2100605, 27.9794441 ], [ 35.210098, 27.9796431 ], [ 35.2101329, 27.9797994 ], [ 35.2101141, 27.9799568 ], [ 35.2100497, 27.9801073 ], [ 35.2099773, 27.9801618 ], [ 35.209921, 27.9802187 ], [ 35.2099317, 27.9803726 ], [ 35.2099451, 27.9806 ], [ 35.2099854, 27.9810145 ], [ 35.2100041, 27.9811969 ], [ 35.2099988, 27.9814148 ], [ 35.2100295, 27.9817563 ], [ 35.209972, 27.9824097 ], [ 35.2099199, 27.9827991 ], [ 35.2098379, 27.9830587 ], [ 35.2098083, 27.9832719 ], [ 35.2097869, 27.9833808 ], [ 35.2097332, 27.9834732 ], [ 35.2096823, 27.983549 ], [ 35.2096769, 27.9836366 ], [ 35.2096635, 27.98371 ], [ 35.2096099, 27.9837906 ], [ 35.2095482, 27.9838569 ], [ 35.2094972, 27.9839374 ], [ 35.2094972, 27.9840132 ], [ 35.2094972, 27.9840795 ], [ 35.2094865, 27.9841696 ], [ 35.2094087, 27.9843022 ], [ 35.2093685, 27.9843898 ], [ 35.209251, 27.9844648 ], [ 35.2090654, 27.9845296 ], [ 35.2089447, 27.9845935 ], [ 35.2088481, 27.9847333 ], [ 35.2088374, 27.9847925 ], [ 35.2087542, 27.9848564 ], [ 35.2086255, 27.9849322 ], [ 35.2085191, 27.9850411 ], [ 35.2084807, 27.9852259 ], [ 35.2084672, 27.9852591 ], [ 35.2083734, 27.9853704 ], [ 35.2082741, 27.9854865 ], [ 35.2081642, 27.9856144 ], [ 35.208022, 27.9857897 ], [ 35.2079496, 27.9858228 ], [ 35.2078959, 27.9858323 ], [ 35.2078503, 27.9858228 ], [ 35.2077913, 27.9858086 ], [ 35.2077082, 27.9858062 ], [ 35.2076036, 27.985837 ], [ 35.2074587, 27.9859389 ], [ 35.2074158, 27.9859886 ], [ 35.2073112, 27.9861094 ], [ 35.2072334, 27.986235 ], [ 35.207102, 27.9863013 ], [ 35.2069893, 27.9863392 ], [ 35.2066894, 27.9864587 ], [ 35.2065656, 27.9865642 ], [ 35.2065173, 27.9866116 ], [ 35.206418, 27.9867205 ], [ 35.2062678, 27.9868768 ], [ 35.2061659, 27.9869479 ], [ 35.2060693, 27.9870213 ], [ 35.2058682, 27.9871232 ], [ 35.2057072, 27.9872203 ], [ 35.2055383, 27.987289 ], [ 35.2054363, 27.9873197 ], [ 35.2053291, 27.9873719 ], [ 35.2052379, 27.9873553 ], [ 35.2051708, 27.9873292 ], [ 35.205034, 27.9873292 ], [ 35.2048518, 27.9873675 ], [ 35.2046236, 27.9875282 ], [ 35.2045324, 27.987585 ], [ 35.2043098, 27.9876419 ], [ 35.2042133, 27.9876419 ], [ 35.2041301, 27.9876656 ], [ 35.2039745, 27.9877106 ], [ 35.2037303, 27.987749 ], [ 35.2035668, 27.9878266 ], [ 35.2034837, 27.9878313 ], [ 35.2033898, 27.9878242 ], [ 35.2031852, 27.9878467 ], [ 35.2029848, 27.9879474 ], [ 35.2026764, 27.9880682 ], [ 35.2025959, 27.9880706 ], [ 35.202494, 27.9880682 ], [ 35.2022633, 27.9881771 ], [ 35.2019709, 27.988279 ], [ 35.2018824, 27.9882956 ], [ 35.2017912, 27.9883027 ], [ 35.2016142, 27.9883287 ], [ 35.2013674, 27.9884022 ], [ 35.2009651, 27.9884993 ], [ 35.2005228, 27.9886028 ], [ 35.2000084, 27.9887024 ], [ 35.1997099, 27.9887095 ], [ 35.1995275, 27.988711 ], [ 35.1994645, 27.9886277 ], [ 35.1993791, 27.9885839 ], [ 35.1992948, 27.9885368 ], [ 35.1992968, 27.9884498 ], [ 35.1993235, 27.9883327 ], [ 35.199611, 27.9879122 ], [ 35.1997958, 27.987604 ], [ 35.1996183, 27.9875826 ], [ 35.1992559, 27.9879172 ], [ 35.1990942, 27.9882584 ], [ 35.1987865, 27.9884985 ], [ 35.1985633, 27.9885962 ], [ 35.1985771, 27.989623 ], [ 35.1987117, 27.9900282 ], [ 35.1988744, 27.9914463 ], [ 35.1988344, 27.9919782 ], [ 35.1986023, 27.9919713 ], [ 35.1986919, 27.99112 ], [ 35.1985734, 27.9903829 ], [ 35.1984727, 27.9896451 ], [ 35.1984355, 27.9887446 ], [ 35.1982563, 27.9882982 ], [ 35.1982381, 27.9883328 ], [ 35.1980714, 27.9883597 ], [ 35.1979423, 27.9884353 ], [ 35.1978859, 27.9886011 ], [ 35.1978376, 27.9886722 ], [ 35.1977599, 27.988774 ], [ 35.1976821, 27.9889161 ], [ 35.1975238, 27.9890345 ], [ 35.1974165, 27.9890772 ], [ 35.1972905, 27.9891269 ], [ 35.1971456, 27.989179 ], [ 35.1969847, 27.9892501 ], [ 35.1967326, 27.9893756 ], [ 35.1965448, 27.9894917 ], [ 35.1963624, 27.9896054 ], [ 35.1961666, 27.9896906 ], [ 35.1960781, 27.9896882 ], [ 35.1959789, 27.989719 ], [ 35.1958716, 27.9898114 ], [ 35.1957455, 27.9899796 ], [ 35.1955685, 27.9902401 ], [ 35.1954693, 27.9903775 ], [ 35.1953754, 27.9905125 ], [ 35.1952252, 27.990702 ], [ 35.1950616, 27.9909506 ], [ 35.1948068, 27.9912585 ], [ 35.1944903, 27.9915901 ], [ 35.194163, 27.9919643 ], [ 35.1939967, 27.9921822 ], [ 35.1937821, 27.9924001 ], [ 35.1936802, 27.9924996 ], [ 35.1935327, 27.9925967 ], [ 35.193404, 27.9926867 ], [ 35.1933235, 27.9927743 ], [ 35.193176, 27.9928643 ], [ 35.1930472, 27.9929164 ], [ 35.1929212, 27.992933 ], [ 35.1928112, 27.9929164 ], [ 35.1927575, 27.9928549 ], [ 35.1927307, 27.9927838 ], [ 35.1927039, 27.9927056 ], [ 35.1926717, 27.9926583 ], [ 35.1926154, 27.9926725 ], [ 35.1926503, 27.9929449 ], [ 35.1926663, 27.9930514 ], [ 35.1925644, 27.9930491 ], [ 35.1925376, 27.992708 ], [ 35.1923954, 27.9921633 ], [ 35.1923311, 27.9922438 ], [ 35.1923633, 27.9923859 ], [ 35.1923874, 27.9924783 ], [ 35.1924223, 27.9925943 ], [ 35.1924518, 27.9927033 ], [ 35.1924169, 27.9928525 ], [ 35.1924035, 27.992907 ], [ 35.1923472, 27.9929709 ], [ 35.1922506, 27.9930467 ], [ 35.1921487, 27.993087 ], [ 35.1920494, 27.9931225 ], [ 35.1918617, 27.9931627 ], [ 35.1917464, 27.9931746 ], [ 35.1915961, 27.9931722 ], [ 35.1915129, 27.9931268 ], [ 35.1912931, 27.9928951 ], [ 35.1912314, 27.9928075 ], [ 35.1911429, 27.9927151 ], [ 35.1910061, 27.9926275 ], [ 35.1909497, 27.9924901 ], [ 35.1908907, 27.9923433 ], [ 35.190711, 27.9922012 ], [ 35.1906466, 27.992142 ], [ 35.1904964, 27.9920354 ], [ 35.1903704, 27.9919572 ], [ 35.190306, 27.9918909 ], [ 35.190255, 27.9918009 ], [ 35.1902148, 27.9916943 ], [ 35.1901102, 27.9916327 ], [ 35.1899224, 27.9916635 ], [ 35.1898634, 27.9916754 ], [ 35.1897588, 27.991718 ], [ 35.1896113, 27.9917843 ], [ 35.1895067, 27.9919549 ], [ 35.1894826, 27.9920164 ], [ 35.1896247, 27.9920875 ], [ 35.1896843, 27.9921041 ], [ 35.1899037, 27.9922651 ], [ 35.1899841, 27.9924049 ], [ 35.1900244, 27.9925517 ], [ 35.1902177, 27.9928613 ], [ 35.1904078, 27.9931707 ], [ 35.1904768, 27.9934314 ], [ 35.190399, 27.993725 ], [ 35.190196, 27.9939822 ], [ 35.1899976, 27.9941409 ], [ 35.189622, 27.9943398 ], [ 35.1892814, 27.994508 ], [ 35.1887614, 27.9947145 ], [ 35.1882219, 27.9949414 ], [ 35.1876828, 27.9951285 ], [ 35.1871303, 27.995318 ], [ 35.1865455, 27.9954814 ], [ 35.1862854, 27.9955998 ], [ 35.1861244, 27.9956282 ], [ 35.1859474, 27.9956282 ], [ 35.1855853, 27.9956851 ], [ 35.1846305, 27.9958674 ], [ 35.1840886, 27.9960593 ], [ 35.1835442, 27.996135 ], [ 35.1827262, 27.9962248 ], [ 35.1825035, 27.9962653 ], [ 35.1823255, 27.9962456 ], [ 35.1814494, 27.9962061 ], [ 35.18098, 27.9961729 ], [ 35.1803926, 27.9960474 ], [ 35.1797891, 27.9958603 ], [ 35.1793358, 27.9956377 ], [ 35.1789147, 27.9954009 ], [ 35.1786679, 27.995318 ], [ 35.1784185, 27.9953156 ], [ 35.1782763, 27.9953938 ], [ 35.1777291, 27.9958272 ], [ 35.1776379, 27.9960427 ], [ 35.1776218, 27.9961256 ], [ 35.1776406, 27.996244 ], [ 35.177654, 27.9963506 ], [ 35.1776218, 27.9965187 ], [ 35.1775441, 27.9967792 ], [ 35.177462, 27.9970127 ], [ 35.1774475, 27.997054 ], [ 35.1772678, 27.9973405 ], [ 35.1769808, 27.9976531 ], [ 35.1765704, 27.9979255 ], [ 35.1763532, 27.998025 ], [ 35.1756638, 27.9982476 ], [ 35.1751086, 27.9984205 ], [ 35.1749262, 27.9984489 ], [ 35.1747197, 27.9984844 ], [ 35.174548, 27.998527 ], [ 35.1742825, 27.998591 ], [ 35.1740357, 27.9986123 ], [ 35.173561, 27.9987023 ], [ 35.1733759, 27.9987449 ], [ 35.1731828, 27.9987639 ], [ 35.1729575, 27.9987899 ], [ 35.1726463, 27.998861 ], [ 35.1722977, 27.9989604 ], [ 35.1719195, 27.9989794 ], [ 35.1716539, 27.9990149 ], [ 35.1703826, 27.9992683 ], [ 35.1696503, 27.9994294 ], [ 35.1694545, 27.9994696 ], [ 35.1689449, 27.9995904 ], [ 35.1686606, 27.9997017 ], [ 35.1682931, 27.9997988 ], [ 35.1681054, 27.9998485 ], [ 35.1677406, 27.9999385 ], [ 35.167172, 28.0000475 ], [ 35.166775, 28.0001398 ], [ 35.1667106, 28.0001398 ], [ 35.1665443, 28.0001422 ], [ 35.1663056, 28.0001754 ], [ 35.165973, 28.0002843 ], [ 35.1657075, 28.0006229 ], [ 35.1656726, 28.0007153 ], [ 35.1655787, 28.0008432 ], [ 35.165454, 28.0009954 ], [ 35.1651684, 28.0012032 ], [ 35.1647781, 28.0013772 ], [ 35.164353, 28.0014897 ], [ 35.1638192, 28.0015749 ], [ 35.1636046, 28.0015892 ], [ 35.1634115, 28.0016176 ], [ 35.1632694, 28.0016413 ], [ 35.1629153, 28.0016389 ], [ 35.1623011, 28.0016129 ], [ 35.1619926, 28.0015773 ], [ 35.1616681, 28.0014542 ], [ 35.1611692, 28.0012576 ], [ 35.1608554, 28.0010587 ], [ 35.1605684, 28.000739 ], [ 35.1603886, 28.0003293 ], [ 35.1603109, 28.0001161 ], [ 35.1602894, 27.9998485 ], [ 35.1603752, 27.9996046 ], [ 35.1606059, 27.9993773 ], [ 35.1607025, 27.9993157 ], [ 35.1608446, 27.9992636 ], [ 35.1609626, 27.9992967 ], [ 35.1610082, 27.9992967 ], [ 35.1610807, 27.9992659 ], [ 35.1611316, 27.9992257 ], [ 35.161145, 27.9990291 ], [ 35.161145, 27.9989628 ], [ 35.1609734, 27.9988089 ], [ 35.1607561, 27.998752 ], [ 35.1605871, 27.9986833 ], [ 35.1602009, 27.9985839 ], [ 35.1600775, 27.9985507 ], [ 35.1598871, 27.9985341 ], [ 35.1595223, 27.9986241 ], [ 35.159297, 27.998726 ], [ 35.1590824, 27.9988799 ], [ 35.1590422, 27.998932 ], [ 35.1589885, 27.9990646 ], [ 35.1589295, 27.9993015 ], [ 35.1588947, 27.9994033 ], [ 35.1588866, 27.9995525 ], [ 35.1588926, 28.0000178 ], [ 35.1589322, 28.0001517 ], [ 35.1588947, 28.0002322 ], [ 35.1588464, 28.0003696 ], [ 35.1588464, 28.0005448 ], [ 35.1588571, 28.0007532 ], [ 35.1588746, 28.0010681 ], [ 35.1589805, 28.001189 ], [ 35.1590449, 28.0012742 ], [ 35.1591361, 28.0013737 ], [ 35.1593077, 28.00153 ], [ 35.159356, 28.0015821 ], [ 35.1593721, 28.0017194 ], [ 35.1594365, 28.0018284 ], [ 35.1595062, 28.0019373 ], [ 35.159694, 28.0019705 ], [ 35.1598871, 28.0019847 ], [ 35.1600426, 28.0020463 ], [ 35.1603645, 28.0019515 ], [ 35.1606228, 28.001991 ], [ 35.1613077, 28.0023491 ], [ 35.1620597, 28.0024346 ], [ 35.1623708, 28.0024962 ], [ 35.1625604, 28.0026037 ], [ 35.1628577, 28.002723 ], [ 35.1630109, 28.0026196 ], [ 35.1633354, 28.0026117 ], [ 35.1632452, 28.0027899 ], [ 35.1631272, 28.002842 ], [ 35.1630199, 28.002913 ], [ 35.1628965, 28.0030693 ], [ 35.1628911, 28.0032256 ], [ 35.1630145, 28.0033866 ], [ 35.1631325, 28.0035193 ], [ 35.1631379, 28.0038745 ], [ 35.1629394, 28.0041303 ], [ 35.1627195, 28.0043339 ], [ 35.1624083, 28.0045281 ], [ 35.1621884, 28.0046276 ], [ 35.1620597, 28.0054091 ], [ 35.1620597, 28.0057169 ], [ 35.1621079, 28.0059916 ], [ 35.1623647, 28.0066173 ], [ 35.1577613, 28.0057081 ], [ 35.1577899, 28.0060287 ], [ 35.1619264, 28.0068934 ], [ 35.1636435, 28.0070612 ], [ 35.163036, 28.0075593 ], [ 35.1633739, 28.0076256 ], [ 35.1636904, 28.0078482 ], [ 35.1639211, 28.0079713 ], [ 35.1642752, 28.0079998 ], [ 35.1645219, 28.0081087 ], [ 35.1646346, 28.0083313 ], [ 35.1644888, 28.0084914 ], [ 35.1642726, 28.0089131 ], [ 35.1642483, 28.0090891 ], [ 35.1642269, 28.0092264 ], [ 35.1641571, 28.0094964 ], [ 35.1640123, 28.0097853 ], [ 35.1638567, 28.0099984 ], [ 35.1635563, 28.0102352 ], [ 35.1634812, 28.0103204 ], [ 35.1634061, 28.0104625 ], [ 35.1633632, 28.010652 ], [ 35.1633686, 28.0108225 ], [ 35.1633203, 28.010993 ], [ 35.1631486, 28.0112582 ], [ 35.1628536, 28.0114524 ], [ 35.1627463, 28.011495 ], [ 35.1626122, 28.0115897 ], [ 35.1624405, 28.011727 ], [ 35.1621133, 28.0119733 ], [ 35.1621455, 28.012068 ], [ 35.1621991, 28.0122622 ], [ 35.1620758, 28.0124706 ], [ 35.1618129, 28.0129489 ], [ 35.1616573, 28.0130294 ], [ 35.161609, 28.0132283 ], [ 35.1616734, 28.0134367 ], [ 35.1621458, 28.0136708 ], [ 35.1623708, 28.0138203 ], [ 35.1625423, 28.0138299 ], [ 35.1627248, 28.013844 ], [ 35.1628482, 28.0139198 ], [ 35.1630092, 28.0140761 ], [ 35.1632237, 28.0140429 ], [ 35.1633804, 28.0139652 ], [ 35.1635516, 28.0139731 ], [ 35.1635967, 28.0138697 ], [ 35.1639533, 28.0136972 ], [ 35.1640499, 28.0135835 ], [ 35.1640653, 28.0133685 ], [ 35.1643717, 28.0133287 ], [ 35.1648403, 28.0134799 ], [ 35.1652837, 28.0131904 ], [ 35.1653695, 28.013091 ], [ 35.1655465, 28.0129773 ], [ 35.1657325, 28.0128991 ], [ 35.1658148, 28.0128637 ], [ 35.1659006, 28.0128068 ], [ 35.1660883, 28.0127405 ], [ 35.1662815, 28.0126553 ], [ 35.1664156, 28.0126316 ], [ 35.1668554, 28.0126742 ], [ 35.1673365, 28.0128434 ], [ 35.1686096, 28.0134036 ], [ 35.1698598, 28.0140845 ], [ 35.1701063, 28.0142702 ], [ 35.1703014, 28.0142754 ], [ 35.1711631, 28.0147107 ], [ 35.1713133, 28.0148054 ], [ 35.1714742, 28.0148954 ], [ 35.1716351, 28.0149427 ], [ 35.1728046, 28.0155442 ], [ 35.1739633, 28.0162451 ], [ 35.1742101, 28.0163871 ], [ 35.1744107, 28.016511 ], [ 35.1763662, 28.0176089 ], [ 35.176506, 28.0175427 ], [ 35.1766562, 28.0175758 ], [ 35.1771551, 28.0176658 ], [ 35.1789468, 28.0183572 ], [ 35.1791936, 28.0184235 ], [ 35.1793814, 28.0184567 ], [ 35.1796013, 28.0184898 ], [ 35.1799017, 28.0185751 ], [ 35.1801431, 28.0186319 ], [ 35.180288, 28.0185987 ], [ 35.1804575, 28.0186908 ], [ 35.1806366, 28.0187313 ], [ 35.1806742, 28.0187171 ], [ 35.1807815, 28.0186603 ], [ 35.1810072, 28.018651 ], [ 35.1813769, 28.0187408 ], [ 35.1815647, 28.0188213 ], [ 35.1817578, 28.0189397 ], [ 35.1819241, 28.0190818 ], [ 35.1820904, 28.0191954 ], [ 35.1823372, 28.0193233 ], [ 35.1825893, 28.0194559 ], [ 35.1830345, 28.0197258 ], [ 35.183292, 28.0198774 ], [ 35.1834583, 28.0200384 ], [ 35.1836997, 28.020171 ], [ 35.1838607, 28.0202373 ], [ 35.1841074, 28.0203083 ], [ 35.1843381, 28.020422 ], [ 35.1845258, 28.0205688 ], [ 35.1845795, 28.020583 ], [ 35.1848316, 28.0205782 ], [ 35.1850194, 28.0205972 ], [ 35.1853144, 28.0206114 ], [ 35.1854593, 28.020654 ], [ 35.1855934, 28.0207345 ], [ 35.1857275, 28.020744 ], [ 35.1857834, 28.0206717 ], [ 35.1859742, 28.0206777 ], [ 35.1860815, 28.0207203 ], [ 35.1861834, 28.0207819 ], [ 35.1865043, 28.020974 ], [ 35.1873261, 28.0216106 ], [ 35.1878732, 28.0220036 ], [ 35.1880771, 28.0221694 ], [ 35.1883453, 28.0223493 ], [ 35.1886725, 28.022444 ], [ 35.1887691, 28.0225198 ], [ 35.1891178, 28.0228466 ], [ 35.1892197, 28.0229129 ], [ 35.1894021, 28.0229886 ], [ 35.1896006, 28.0230928 ], [ 35.1897132, 28.0231449 ], [ 35.1898742, 28.0231165 ], [ 35.1899868, 28.0231165 ], [ 35.1901048, 28.0231402 ], [ 35.1902711, 28.0231875 ], [ 35.1904696, 28.0232254 ], [ 35.1907968, 28.0233675 ], [ 35.1908719, 28.0234196 ], [ 35.1909739, 28.023519 ], [ 35.1909149, 28.0239452 ], [ 35.1908773, 28.0240541 ], [ 35.1908076, 28.0242625 ], [ 35.190711, 28.0244282 ], [ 35.1906735, 28.0245466 ], [ 35.1906949, 28.0246697 ], [ 35.1907378, 28.024807 ], [ 35.1909363, 28.0249017 ], [ 35.191049, 28.0249349 ], [ 35.1912314, 28.024987 ], [ 35.1914835, 28.0250343 ], [ 35.1917678, 28.0250675 ], [ 35.1920253, 28.0250864 ], [ 35.1920682, 28.0249065 ], [ 35.1921272, 28.0247881 ], [ 35.1921755, 28.0246934 ], [ 35.192256, 28.0245324 ], [ 35.192315, 28.0243761 ], [ 35.1924556, 28.0242366 ], [ 35.1930016, 28.0243998 ], [ 35.1931304, 28.0244661 ], [ 35.1933449, 28.0245939 ], [ 35.1935488, 28.024807 ], [ 35.1939082, 28.0251622 ], [ 35.194053, 28.0253327 ], [ 35.1945563, 28.0259312 ], [ 35.194965, 28.0264739 ], [ 35.1950884, 28.0266964 ], [ 35.1952708, 28.0268669 ], [ 35.1956302, 28.0270942 ], [ 35.1958233, 28.0271889 ], [ 35.1961935, 28.0273831 ], [ 35.1964831, 28.027473 ], [ 35.1967621, 28.0276009 ], [ 35.1970187, 28.0275117 ], [ 35.1973683, 28.0274541 ], [ 35.1976848, 28.0274778 ], [ 35.1981956, 28.0277478 ], [ 35.1985885, 28.0280918 ], [ 35.1988703, 28.0281644 ], [ 35.1990366, 28.0281975 ], [ 35.1992029, 28.0281928 ], [ 35.1992941, 28.0281833 ], [ 35.1995838, 28.0280318 ], [ 35.199793, 28.027956 ], [ 35.2000719, 28.0277003 ], [ 35.2002436, 28.0275393 ], [ 35.2004045, 28.0272884 ], [ 35.2005923, 28.0270942 ], [ 35.2010536, 28.0267817 ], [ 35.2013488, 28.0266709 ], [ 35.2017617, 28.0262845 ], [ 35.201928, 28.0260903 ], [ 35.2021319, 28.0258583 ], [ 35.2023786, 28.0255221 ], [ 35.2026254, 28.0248544 ], [ 35.20284, 28.0244613 ], [ 35.2030545, 28.024163 ], [ 35.2032906, 28.0237937 ], [ 35.203371, 28.0236137 ], [ 35.2035266, 28.0234101 ], [ 35.2036983, 28.0231544 ], [ 35.2038803, 28.0229018 ], [ 35.2045405, 28.0228276 ], [ 35.2048945, 28.0228371 ], [ 35.2051091, 28.0228655 ], [ 35.2054203, 28.0229129 ], [ 35.2057099, 28.0229649 ], [ 35.20652, 28.0231165 ], [ 35.2072442, 28.0233769 ], [ 35.2074802, 28.0234338 ], [ 35.2077055, 28.0234953 ], [ 35.2080113, 28.0235427 ], [ 35.2082741, 28.0236753 ], [ 35.208478, 28.0237368 ], [ 35.2088106, 28.0237558 ], [ 35.2089018, 28.0238079 ], [ 35.2090198, 28.0238931 ], [ 35.2095884, 28.0238233 ], [ 35.2101084, 28.0228017 ], [ 35.2100122, 28.0237274 ], [ 35.2100229, 28.0238789 ], [ 35.2100551, 28.0239262 ], [ 35.2101678, 28.0239594 ], [ 35.2104244, 28.0240825 ], [ 35.2111119, 28.0244424 ], [ 35.2116752, 28.0247313 ], [ 35.2124785, 28.0252796 ], [ 35.2126998, 28.02547 ], [ 35.21285, 28.0256405 ], [ 35.2129519, 28.0257873 ], [ 35.2130538, 28.025863 ], [ 35.2131665, 28.0260288 ], [ 35.2133864, 28.0263318 ], [ 35.2137443, 28.0268797 ], [ 35.2141482, 28.0275346 ], [ 35.2145237, 28.0280981 ], [ 35.2145773, 28.0282449 ], [ 35.2146685, 28.0284438 ], [ 35.214706, 28.0286011 ], [ 35.2147651, 28.0287894 ], [ 35.2147865, 28.0289126 ], [ 35.2147758, 28.0290688 ], [ 35.2147168, 28.0292109 ], [ 35.21477, 28.0293875 ], [ 35.2144754, 28.029476 ], [ 35.2143466, 28.0294903 ], [ 35.214175, 28.0295471 ], [ 35.2140355, 28.0296086 ], [ 35.2138724, 28.0296847 ], [ 35.2135795, 28.0298596 ], [ 35.2135044, 28.029959 ], [ 35.2134508, 28.0301532 ], [ 35.2135152, 28.0302289 ], [ 35.2135044, 28.0303331 ], [ 35.2134776, 28.030532 ], [ 35.2134032, 28.0307552 ], [ 35.2131933, 28.0309582 ], [ 35.2131289, 28.0310102 ], [ 35.2130216, 28.0310671 ], [ 35.2128929, 28.0311049 ], [ 35.2127963, 28.0311712 ], [ 35.2127802, 28.0313654 ], [ 35.212732, 28.0314743 ], [ 35.2126354, 28.0315595 ], [ 35.2125871, 28.0316826 ], [ 35.2126408, 28.0319099 ], [ 35.2128875, 28.0320378 ], [ 35.2130967, 28.0320378 ], [ 35.2132899, 28.0320425 ], [ 35.2135634, 28.0320188 ], [ 35.2138424, 28.0319383 ], [ 35.2141213, 28.0319146 ], [ 35.2144968, 28.0318626 ], [ 35.2148831, 28.031801 ], [ 35.2153176, 28.0317442 ], [ 35.2155107, 28.0317537 ], [ 35.2157199, 28.0317915 ], [ 35.2159667, 28.0318389 ], [ 35.216251, 28.0318199 ], [ 35.2168626, 28.0315879 ], [ 35.217099, 28.0315609 ], [ 35.2173454, 28.0315785 ], [ 35.2174634, 28.0316069 ], [ 35.2176404, 28.0315927 ], [ 35.2178442, 28.0315264 ], [ 35.2180535, 28.0315027 ], [ 35.2184236, 28.0315122 ], [ 35.2187294, 28.0314838 ], [ 35.2190512, 28.0313654 ], [ 35.2193302, 28.0313275 ], [ 35.2196252, 28.0312754 ], [ 35.2199256, 28.031176 ], [ 35.2203441, 28.031086 ], [ 35.2204782, 28.0310387 ], [ 35.2205747, 28.0309866 ], [ 35.2207839, 28.0308161 ], [ 35.2209771, 28.0307214 ], [ 35.2213204, 28.0307403 ], [ 35.2216583, 28.0306977 ], [ 35.2218622, 28.0305178 ], [ 35.222227, 28.0304089 ], [ 35.2224952, 28.0304231 ], [ 35.2227688, 28.0303947 ], [ 35.2231818, 28.0302005 ], [ 35.2233481, 28.0301106 ], [ 35.2235895, 28.0299922 ], [ 35.2237236, 28.0299922 ], [ 35.2239865, 28.0300206 ], [ 35.224185, 28.0301058 ], [ 35.2243513, 28.0302431 ], [ 35.2245605, 28.0304041 ], [ 35.2249145, 28.0307451 ], [ 35.2251283, 28.031116 ], [ 35.2257514, 28.0320567 ], [ 35.2261466, 28.0328599 ], [ 35.226379, 28.0333683 ], [ 35.2266338, 28.0344124 ], [ 35.2268028, 28.0350587 ], [ 35.2268699, 28.0352978 ], [ 35.2269343, 28.0356387 ], [ 35.2270281, 28.0361146 ], [ 35.2270335, 28.0363608 ], [ 35.2269664, 28.0366544 ], [ 35.2268457, 28.0368745 ], [ 35.2267009, 28.0374569 ], [ 35.2265829, 28.0377434 ], [ 35.2264675, 28.0379162 ], [ 35.226371, 28.0381151 ], [ 35.2261484, 28.0382903 ], [ 35.2260464, 28.038321 ], [ 35.225805, 28.038366 ], [ 35.225679, 28.0383968 ], [ 35.2254698, 28.0384536 ], [ 35.2252337, 28.0385199 ], [ 35.2250326, 28.0386454 ], [ 35.2247885, 28.0389484 ], [ 35.2247295, 28.0390076 ], [ 35.2246168, 28.0391638 ], [ 35.2245149, 28.0393485 ], [ 35.2244344, 28.0395284 ], [ 35.2243808, 28.0395876 ], [ 35.2242655, 28.0396444 ], [ 35.2240321, 28.0398409 ], [ 35.2238873, 28.0400019 ], [ 35.2238497, 28.0400729 ], [ 35.2238363, 28.0401652 ], [ 35.2238256, 28.0402718 ], [ 35.2237987, 28.0403807 ], [ 35.223729, 28.0404872 ], [ 35.2236351, 28.0406198 ], [ 35.2235869, 28.0408186 ], [ 35.2235761, 28.040911 ], [ 35.2235144, 28.0410577 ], [ 35.2234259, 28.0412163 ], [ 35.2233428, 28.0413939 ], [ 35.2232468, 28.04162 ], [ 35.2231765, 28.0418981 ], [ 35.2231765, 28.042052 ], [ 35.2231872, 28.0421846 ], [ 35.2232087, 28.0423598 ], [ 35.2232221, 28.0428048 ], [ 35.2232382, 28.0429966 ], [ 35.2232677, 28.0432002 ], [ 35.2232516, 28.0433588 ], [ 35.2232543, 28.0435316 ], [ 35.2231523, 28.0438961 ], [ 35.2230719, 28.0440074 ], [ 35.2228922, 28.0443412 ], [ 35.2228332, 28.0444335 ], [ 35.2227259, 28.0445992 ], [ 35.2226025, 28.0447697 ], [ 35.222474, 28.0450447 ], [ 35.2224335, 28.0452621 ], [ 35.2223638, 28.0455011 ], [ 35.2221841, 28.0459699 ], [ 35.22194, 28.046377 ], [ 35.2217656, 28.0465522 ], [ 35.2215806, 28.0467203 ], [ 35.2215457, 28.0467368 ], [ 35.2214679, 28.0467392 ], [ 35.2213874, 28.0467392 ], [ 35.2213365, 28.0467463 ], [ 35.2212185, 28.0468221 ], [ 35.2208671, 28.046912 ], [ 35.2206535, 28.0468969 ], [ 35.2205774, 28.0468647 ], [ 35.2204701, 28.0469736 ], [ 35.2204138, 28.0469972 ], [ 35.2203387, 28.047028 ], [ 35.2202395, 28.0470541 ], [ 35.2201322, 28.0470967 ], [ 35.220049, 28.0471298 ], [ 35.2199203, 28.0472008 ], [ 35.2197996, 28.0472671 ], [ 35.2196923, 28.0473523 ], [ 35.2195206, 28.0474328 ], [ 35.2193436, 28.0474588 ], [ 35.2192685, 28.0474565 ], [ 35.2191558, 28.0474588 ], [ 35.2187911, 28.0475346 ], [ 35.2183109, 28.0478471 ], [ 35.2180615, 28.0479725 ], [ 35.2178684, 28.0480483 ], [ 35.2177504, 28.0480933 ], [ 35.2175707, 28.0481595 ], [ 35.2174339, 28.0482566 ], [ 35.2173266, 28.0482992 ], [ 35.2172595, 28.0483442 ], [ 35.2171549, 28.048427 ], [ 35.2169551, 28.0486933 ], [ 35.2169229, 28.04873 ], [ 35.2168277, 28.0488188 ], [ 35.2167286, 28.0488832 ], [ 35.2166855, 28.0488886 ], [ 35.2165399, 28.0488577 ], [ 35.2164897, 28.0488851 ], [ 35.2164562, 28.0489265 ], [ 35.2163771, 28.0489857 ], [ 35.2163449, 28.0490224 ], [ 35.2162483, 28.0490685 ], [ 35.2161826, 28.0490662 ], [ 35.2161125, 28.0490881 ], [ 35.2158901, 28.0489472 ], [ 35.2157414, 28.0489999 ], [ 35.2156153, 28.049007 ], [ 35.2154951, 28.0490152 ], [ 35.2153578, 28.0492532 ], [ 35.2152896, 28.0493611 ], [ 35.2149795, 28.0494739 ], [ 35.2146926, 28.0496367 ], [ 35.2139658, 28.0502782 ], [ 35.2138075, 28.0503989 ], [ 35.2136815, 28.0504794 ], [ 35.213542, 28.0505125 ], [ 35.2132523, 28.0504912 ], [ 35.2130994, 28.0504675 ], [ 35.2129117, 28.0504439 ], [ 35.2126649, 28.0504391 ], [ 35.2125657, 28.0504391 ], [ 35.2124235, 28.0504581 ], [ 35.2122733, 28.0504841 ], [ 35.2120829, 28.0505622 ], [ 35.2119434, 28.050619 ], [ 35.2116322, 28.0508486 ], [ 35.2114391, 28.0510877 ], [ 35.2112836, 28.0512534 ], [ 35.2112353, 28.0513481 ], [ 35.2111199, 28.0515114 ], [ 35.2109826, 28.051674 ], [ 35.2108303, 28.051876 ], [ 35.2106291, 28.0520109 ], [ 35.210546, 28.052089 ], [ 35.210444, 28.052179 ], [ 35.2103829, 28.0522623 ], [ 35.2101919, 28.0524393 ], [ 35.2101061, 28.0525127 ], [ 35.2100041, 28.0525837 ], [ 35.2098432, 28.052676 ], [ 35.2097037, 28.0527352 ], [ 35.2095053, 28.0528252 ], [ 35.2091646, 28.0529199 ], [ 35.2090278, 28.0529577 ], [ 35.2088803, 28.0529932 ], [ 35.2086684, 28.0530193 ], [ 35.2084646, 28.05305 ], [ 35.2081561, 28.0530879 ], [ 35.2079684, 28.0530832 ], [ 35.2077699, 28.0530666 ], [ 35.2076089, 28.0530453 ], [ 35.2074373, 28.0530122 ], [ 35.2072817, 28.0530122 ], [ 35.2071127, 28.0530619 ], [ 35.2070484, 28.0530761 ], [ 35.2069786, 28.0530761 ], [ 35.2069196, 28.0530761 ], [ 35.2068338, 28.0530713 ], [ 35.2067131, 28.0530666 ], [ 35.2065977, 28.0530713 ], [ 35.2063698, 28.0530406 ], [ 35.2062142, 28.0530453 ], [ 35.2061498, 28.0530666 ], [ 35.2060559, 28.0530832 ], [ 35.2058682, 28.0530974 ], [ 35.2056482, 28.0531968 ], [ 35.2055249, 28.0532134 ], [ 35.2054551, 28.0532063 ], [ 35.2053961, 28.0532086 ], [ 35.2053103, 28.0532252 ], [ 35.2051708, 28.053282 ], [ 35.2050555, 28.0533128 ], [ 35.2048784, 28.0533578 ], [ 35.2047524, 28.0533885 ], [ 35.2045861, 28.0533933 ], [ 35.2044064, 28.0534098 ], [ 35.204224, 28.0534382 ], [ 35.2040313, 28.0535012 ], [ 35.2038538, 28.0536016 ], [ 35.2037787, 28.0536702 ], [ 35.2036929, 28.0537767 ], [ 35.2036232, 28.0538856 ], [ 35.2034461, 28.0539992 ], [ 35.2033657, 28.0540229 ], [ 35.2032396, 28.0540466 ], [ 35.2030948, 28.0540655 ], [ 35.2029633, 28.0541365 ], [ 35.2029231, 28.0541886 ], [ 35.2028695, 28.0542762 ], [ 35.202738, 28.0543567 ], [ 35.2026495, 28.0544253 ], [ 35.2024671, 28.0545105 ], [ 35.2022586, 28.0546066 ], [ 35.2018958, 28.0547543 ], [ 35.2017966, 28.054778 ], [ 35.2016357, 28.054804 ], [ 35.2014559, 28.0548537 ], [ 35.2012628, 28.0549129 ], [ 35.2010429, 28.0549839 ], [ 35.2007559, 28.0550336 ], [ 35.2006727, 28.0550881 ], [ 35.2005118, 28.0551354 ], [ 35.2004528, 28.0551473 ], [ 35.200367, 28.0551686 ], [ 35.2002436, 28.0551733 ], [ 35.2001417, 28.0551733 ], [ 35.1999131, 28.0551978 ], [ 35.1995409, 28.0550668 ], [ 35.1993853, 28.0550265 ], [ 35.1992083, 28.0549981 ], [ 35.1990312, 28.0549697 ], [ 35.1987845, 28.0549365 ], [ 35.1985511, 28.054991 ], [ 35.1984814, 28.0550052 ], [ 35.198409, 28.0550123 ], [ 35.1983258, 28.0550194 ], [ 35.198189, 28.0550384 ], [ 35.1980254, 28.0550786 ], [ 35.1978752, 28.0550928 ], [ 35.197733, 28.0550928 ], [ 35.1976418, 28.0550715 ], [ 35.1972288, 28.0548159 ], [ 35.1969591, 28.0547909 ], [ 35.1963919, 28.0548253 ], [ 35.1962256, 28.0548253 ], [ 35.1959789, 28.0548253 ], [ 35.1955441, 28.0547954 ], [ 35.1948363, 28.0546265 ], [ 35.1943856, 28.0544324 ], [ 35.1939994, 28.0542572 ], [ 35.1934999, 28.0540566 ], [ 35.1922131, 28.0538075 ], [ 35.1915479, 28.0536797 ], [ 35.190534, 28.0535471 ], [ 35.18996, 28.053443 ], [ 35.1897561, 28.0534524 ], [ 35.1893592, 28.0534098 ], [ 35.1890963, 28.0534098 ], [ 35.1890171, 28.0533996 ], [ 35.1885384, 28.0535377 ], [ 35.1884097, 28.0535471 ], [ 35.1881736, 28.0535897 ], [ 35.1877606, 28.0537034 ], [ 35.1874494, 28.0538312 ], [ 35.1870257, 28.0540253 ], [ 35.1868218, 28.0541105 ], [ 35.1866019, 28.0541531 ], [ 35.1864356, 28.0541484 ], [ 35.1861995, 28.0541484 ], [ 35.1859528, 28.0541673 ], [ 35.1854002, 28.0542715 ], [ 35.1852769, 28.0542525 ], [ 35.1850784, 28.0542572 ], [ 35.1847994, 28.0542999 ], [ 35.1844454, 28.0543377 ], [ 35.1841986, 28.0543425 ], [ 35.1838607, 28.0543235 ], [ 35.1833242, 28.0543046 ], [ 35.1830399, 28.0544466 ], [ 35.1828736, 28.0545129 ], [ 35.1826912, 28.054546 ], [ 35.1824605, 28.0546407 ], [ 35.182246, 28.0547449 ], [ 35.1819187, 28.05492 ], [ 35.1816237, 28.0550762 ], [ 35.1813716, 28.0551709 ], [ 35.1811784, 28.0551662 ], [ 35.1805991, 28.0551993 ], [ 35.1804274, 28.0552325 ], [ 35.1801968, 28.0552561 ], [ 35.1799554, 28.0552372 ], [ 35.1795691, 28.0551946 ], [ 35.1790863, 28.0551378 ], [ 35.1784319, 28.0551331 ], [ 35.1778665, 28.055077 ], [ 35.1771414, 28.0551975 ], [ 35.1764041, 28.0556065 ], [ 35.1761037, 28.055758 ], [ 35.175856, 28.0560095 ], [ 35.1755404, 28.056255 ], [ 35.1753956, 28.0563544 ], [ 35.1751971, 28.0563876 ], [ 35.1750255, 28.0564302 ], [ 35.1748109, 28.0566053 ], [ 35.1746339, 28.0567332 ], [ 35.1742583, 28.056861 ], [ 35.1741457, 28.0568799 ], [ 35.1738721, 28.0569793 ], [ 35.1734322, 28.0570835 ], [ 35.1732337, 28.0571876 ], [ 35.1728904, 28.0573675 ], [ 35.1726597, 28.0574338 ], [ 35.1722735, 28.0575853 ], [ 35.171957, 28.057661 ], [ 35.1717102, 28.0576137 ], [ 35.1714635, 28.0576184 ], [ 35.1711255, 28.0577415 ], [ 35.1710075, 28.0577936 ], [ 35.1707768, 28.0579025 ], [ 35.170514, 28.0579735 ], [ 35.1701277, 28.0580208 ], [ 35.1698089, 28.0580335 ], [ 35.1692533, 28.0579522 ], [ 35.1691085, 28.057938 ], [ 35.1689167, 28.0578882 ], [ 35.1687008, 28.0578066 ], [ 35.1683588, 28.0576054 ], [ 35.1683079, 28.0575604 ], [ 35.1682676, 28.0575143 ], [ 35.1684165, 28.0573332 ], [ 35.1679712, 28.0570598 ], [ 35.1678693, 28.0569273 ], [ 35.1677191, 28.0567095 ], [ 35.1676869, 28.0565864 ], [ 35.1676065, 28.0563781 ], [ 35.1675528, 28.0561272 ], [ 35.1675153, 28.0558432 ], [ 35.167408, 28.0556254 ], [ 35.1672685, 28.0553934 ], [ 35.1670432, 28.0551331 ], [ 35.166952, 28.0550668 ], [ 35.1668233, 28.0549721 ], [ 35.1663887, 28.054939 ], [ 35.1660776, 28.055081 ], [ 35.1659381, 28.0551425 ], [ 35.1657075, 28.0552561 ], [ 35.1654714, 28.0553461 ], [ 35.1652944, 28.0553792 ], [ 35.164935, 28.055455 ], [ 35.1645809, 28.0555355 ], [ 35.1645112, 28.0555118 ], [ 35.1643395, 28.0554739 ], [ 35.1642752, 28.0554408 ], [ 35.1640928, 28.0556159 ], [ 35.1639962, 28.0556822 ], [ 35.1638728, 28.0557864 ], [ 35.1637495, 28.0558574 ], [ 35.1635081, 28.0559899 ], [ 35.1631969, 28.056203 ], [ 35.1629394, 28.0562124 ], [ 35.1626176, 28.0564349 ], [ 35.1625156, 28.0565485 ], [ 35.1623654, 28.0566432 ], [ 35.1621455, 28.0567947 ], [ 35.1618773, 28.056932 ], [ 35.1611043, 28.0576565 ], [ 35.1605454, 28.0576013 ], [ 35.1600856, 28.0575995 ], [ 35.1599139, 28.0576326 ], [ 35.1596671, 28.0577036 ], [ 35.1594526, 28.0576658 ], [ 35.1590449, 28.0575663 ], [ 35.1587552, 28.0576137 ], [ 35.1584172, 28.0577131 ], [ 35.1578593, 28.0580019 ], [ 35.1573873, 28.0581297 ], [ 35.1568294, 28.0582717 ], [ 35.1565826, 28.0583285 ], [ 35.1563197, 28.0583758 ], [ 35.1560032, 28.05839 ], [ 35.1558262, 28.0583853 ], [ 35.1555741, 28.0584374 ], [ 35.1552951, 28.0585652 ], [ 35.1550537, 28.058783 ], [ 35.1544422, 28.0594315 ], [ 35.1538199, 28.0602126 ], [ 35.1532888, 28.061041 ], [ 35.152747, 28.0618552 ], [ 35.1523071, 28.0623712 ], [ 35.1518726, 28.0629014 ], [ 35.1516312, 28.0631523 ], [ 35.1514488, 28.0632091 ], [ 35.151245, 28.0634505 ], [ 35.1511753, 28.0635215 ], [ 35.1510197, 28.0635783 ], [ 35.1508588, 28.0636872 ], [ 35.1507515, 28.0638197 ], [ 35.1506549, 28.0639002 ], [ 35.1505691, 28.0640091 ], [ 35.1504242, 28.0641274 ], [ 35.1503116, 28.0642647 ], [ 35.150097, 28.0643357 ], [ 35.1497751, 28.0644493 ], [ 35.1497751, 28.0648043 ], [ 35.149759, 28.0648848 ], [ 35.1497054, 28.0650458 ], [ 35.1494908, 28.065467 ], [ 35.1495016, 28.0656422 ], [ 35.1495016, 28.0657889 ], [ 35.149523, 28.065912 ], [ 35.1494362, 28.0661566 ], [ 35.1493823, 28.0664775 ], [ 35.1489033, 28.0677485 ], [ 35.1485729, 28.0683549 ], [ 35.147624, 28.0692515 ], [ 35.1471063, 28.0695521 ], [ 35.1467764, 28.0697532 ], [ 35.1465887, 28.0698219 ], [ 35.1464304, 28.0698598 ], [ 35.1462078, 28.0698953 ], [ 35.1459879, 28.0699544 ], [ 35.1457947, 28.0699994 ], [ 35.1456043, 28.0700491 ], [ 35.1453951, 28.0700964 ], [ 35.1452127, 28.0701177 ], [ 35.1449096, 28.0701532 ], [ 35.1446146, 28.0701816 ], [ 35.1443678, 28.0702503 ], [ 35.1442069, 28.0702929 ], [ 35.144062, 28.0702763 ], [ 35.1439494, 28.0702455 ], [ 35.1436892, 28.0701911 ], [ 35.1434854, 28.0701296 ], [ 35.1432601, 28.0701035 ], [ 35.1429892, 28.0700964 ], [ 35.1428631, 28.0700515 ], [ 35.1427397, 28.0699994 ], [ 35.1426271, 28.069971 ], [ 35.1424769, 28.0699544 ], [ 35.142324, 28.0699402 ], [ 35.1421308, 28.0699828 ], [ 35.1418734, 28.0701083 ], [ 35.1416266, 28.0702219 ], [ 35.1414067, 28.0703236 ], [ 35.1412001, 28.0704301 ], [ 35.1410338, 28.0705224 ], [ 35.1409748, 28.070565 ], [ 35.140712, 28.0706739 ], [ 35.1404706, 28.0707851 ], [ 35.1402909, 28.0708467 ], [ 35.1401165, 28.0708822 ], [ 35.1399314, 28.0709082 ], [ 35.1398054, 28.0708656 ], [ 35.139631, 28.0709058 ], [ 35.1392609, 28.07101 ], [ 35.1389122, 28.0710715 ], [ 35.1385689, 28.0710904 ], [ 35.1382631, 28.071081 ], [ 35.1379037, 28.0710431 ], [ 35.1376301, 28.07101 ], [ 35.1374692, 28.0708916 ], [ 35.1371956, 28.0708206 ], [ 35.1369381, 28.0708301 ], [ 35.1367074, 28.0709342 ], [ 35.1365411, 28.0709484 ], [ 35.1362729, 28.07092 ], [ 35.1360691, 28.0709011 ], [ 35.1358867, 28.0709011 ], [ 35.1355651, 28.070915 ], [ 35.1353878, 28.0709579 ], [ 35.1352, 28.0709768 ], [ 35.1349425, 28.0710336 ], [ 35.1345295, 28.0710999 ], [ 35.134272, 28.0710762 ], [ 35.1340198, 28.0710904 ], [ 35.1337999, 28.0711236 ], [ 35.1336122, 28.0711188 ], [ 35.1333225, 28.0711283 ], [ 35.133065, 28.0711993 ], [ 35.1329684, 28.0712419 ], [ 35.1326717, 28.0712172 ], [ 35.1324481, 28.0711567 ], [ 35.1322657, 28.0710668 ], [ 35.1320618, 28.070939 ], [ 35.1319545, 28.0708538 ], [ 35.1317919, 28.0707166 ], [ 35.1315737, 28.0707591 ], [ 35.1312786, 28.0708727 ], [ 35.1311284, 28.070868 ], [ 35.1307207, 28.0708301 ], [ 35.1304901, 28.0709153 ], [ 35.1301843, 28.0709579 ], [ 35.129959, 28.0710147 ], [ 35.1298946, 28.0710147 ], [ 35.1295835, 28.0710668 ], [ 35.1292616, 28.0710242 ], [ 35.1287681, 28.0710052 ], [ 35.1283121, 28.0710194 ], [ 35.128119, 28.0710384 ], [ 35.1278239, 28.0709721 ], [ 35.1276094, 28.0709153 ], [ 35.1272392, 28.0708774 ], [ 35.1269281, 28.0708727 ], [ 35.126676, 28.0709153 ], [ 35.1264453, 28.0709484 ], [ 35.1262307, 28.0709153 ], [ 35.1259625, 28.0708869 ], [ 35.1256996, 28.0709106 ], [ 35.1254207, 28.0709484 ], [ 35.1252437, 28.0709532 ], [ 35.1249486, 28.0710526 ], [ 35.1246965, 28.0711236 ], [ 35.1244444, 28.0711283 ], [ 35.1236812, 28.0710995 ], [ 35.1234198, 28.0710715 ], [ 35.1232213, 28.0710336 ], [ 35.1230496, 28.0709437 ], [ 35.1229155, 28.070797 ], [ 35.1228082, 28.0706313 ], [ 35.1227224, 28.0705082 ], [ 35.1225067, 28.0703461 ], [ 35.1223522, 28.0702242 ], [ 35.1221538, 28.0701958 ], [ 35.1219982, 28.0701958 ], [ 35.1216227, 28.0701343 ], [ 35.1213652, 28.0702053 ], [ 35.1210862, 28.0702384 ], [ 35.1208663, 28.0701769 ], [ 35.1205283, 28.0701722 ], [ 35.120421, 28.0701911 ], [ 35.1202977, 28.07021 ], [ 35.1198739, 28.0702952 ], [ 35.1193183, 28.0703954 ], [ 35.1188815, 28.0705556 ], [ 35.1186937, 28.0706218 ], [ 35.1184308, 28.0706786 ], [ 35.1181573, 28.0706928 ], [ 35.1179051, 28.0707354 ], [ 35.1176798, 28.0707449 ], [ 35.1173848, 28.070726 ], [ 35.1171434, 28.0707212 ], [ 35.1169342, 28.0707307 ], [ 35.1167464, 28.0706739 ], [ 35.1166338, 28.0705887 ], [ 35.1165158, 28.0705556 ], [ 35.1160973, 28.0705556 ], [ 35.1157218, 28.0705982 ], [ 35.1153839, 28.0705887 ], [ 35.1151425, 28.0705461 ], [ 35.1149064, 28.0705319 ], [ 35.1148045, 28.0704372 ], [ 35.1146543, 28.0703852 ], [ 35.1143914, 28.0703899 ], [ 35.1140696, 28.0704041 ], [ 35.1138228, 28.0704467 ], [ 35.1136512, 28.0704136 ], [ 35.1132864, 28.0703946 ], [ 35.1130289, 28.0704136 ], [ 35.1127928, 28.0703899 ], [ 35.1124817, 28.0703899 ], [ 35.1120955, 28.0703946 ], [ 35.1116449, 28.0704325 ], [ 35.1114517, 28.0704372 ], [ 35.1112264, 28.0703899 ], [ 35.1110387, 28.0702763 ], [ 35.1108885, 28.0701864 ], [ 35.1107329, 28.0701106 ], [ 35.1105612, 28.0700917 ], [ 35.1104593, 28.0700917 ], [ 35.1102018, 28.0700633 ], [ 35.1099443, 28.069926 ], [ 35.1097619, 28.0698266 ], [ 35.1095635, 28.0697083 ], [ 35.1094508, 28.0695947 ], [ 35.109306, 28.0694763 ], [ 35.1091397, 28.0693722 ], [ 35.1090109, 28.0692633 ], [ 35.1088768, 28.0691497 ], [ 35.1085174, 28.0687048 ], [ 35.1082637, 28.0685083 ], [ 35.1079971, 28.068416 ], [ 35.1078361, 28.0684113 ], [ 35.107684, 28.0685172 ], [ 35.1073968, 28.0686506 ], [ 35.1072407, 28.0688373 ], [ 35.1071387, 28.0689841 ], [ 35.1070476, 28.0691923 ], [ 35.1070261, 28.0693059 ], [ 35.1069778, 28.0694621 ], [ 35.1069864, 28.0699428 ], [ 35.1069134, 28.0700538 ], [ 35.1067525, 28.0701627 ], [ 35.106715, 28.0703094 ], [ 35.1067257, 28.0705461 ], [ 35.1069349, 28.0716158 ], [ 35.1069188, 28.0726903 ], [ 35.1067668, 28.0735466 ], [ 35.1066667, 28.0738263 ], [ 35.1065755, 28.0742712 ], [ 35.1065755, 28.0747019 ], [ 35.1065755, 28.0749717 ], [ 35.1065862, 28.0755681 ], [ 35.1065433, 28.0768697 ], [ 35.106377, 28.0774945 ], [ 35.1063287, 28.0778069 ], [ 35.1062429, 28.0780909 ], [ 35.1060981, 28.0783039 ], [ 35.1056528, 28.0789428 ], [ 35.1053095, 28.0792883 ], [ 35.1051593, 28.0794066 ], [ 35.1049608, 28.0795392 ], [ 35.104832, 28.0796859 ], [ 35.1046282, 28.0798042 ], [ 35.1043171, 28.0800172 ], [ 35.104081, 28.0801213 ], [ 35.1039094, 28.0801497 ], [ 35.1036251, 28.0801497 ], [ 35.1034534, 28.0802633 ], [ 35.1033139, 28.0803769 ], [ 35.1030296, 28.0806136 ], [ 35.1027828, 28.0808549 ], [ 35.1025468, 28.0810395 ], [ 35.1023966, 28.0810253 ], [ 35.1022464, 28.0810774 ], [ 35.1021391, 28.0811862 ], [ 35.1019514, 28.0813898 ], [ 35.1016188, 28.081669 ], [ 35.1009878, 28.0819932 ], [ 35.1005459, 28.0821139 ], [ 35.1003098, 28.0821991 ], [ 35.1000792, 28.0822653 ], [ 35.0995483, 28.0825296 ], [ 35.0992691, 28.0827008 ], [ 35.0991028, 28.0828333 ], [ 35.0988775, 28.0829232 ], [ 35.0984108, 28.0830037 ], [ 35.0981373, 28.0830605 ], [ 35.0974882, 28.0832687 ], [ 35.0972253, 28.0834154 ], [ 35.0969893, 28.0836142 ], [ 35.0968552, 28.0837562 ], [ 35.0965333, 28.0840591 ], [ 35.0963134, 28.0842058 ], [ 35.0960666, 28.0843336 ], [ 35.0957072, 28.0844093 ], [ 35.0955033, 28.0844945 ], [ 35.0952401, 28.0846528 ], [ 35.0950366, 28.0847264 ], [ 35.094806, 28.0848779 ], [ 35.0945914, 28.0849441 ], [ 35.0943929, 28.0849536 ], [ 35.0941676, 28.0849725 ], [ 35.0939745, 28.085034 ], [ 35.0937974, 28.0850766 ], [ 35.0936687, 28.0851003 ], [ 35.0933951, 28.0851003 ], [ 35.0931537, 28.0851003 ], [ 35.0928748, 28.0850908 ], [ 35.0924241, 28.0850861 ], [ 35.0922096, 28.0851334 ], [ 35.0920111, 28.0852044 ], [ 35.0916839, 28.0852234 ], [ 35.0913244, 28.0852423 ], [ 35.091083, 28.0852423 ], [ 35.0905734, 28.0851855 ], [ 35.090273, 28.085195 ], [ 35.090037, 28.0852092 ], [ 35.089817, 28.0852092 ], [ 35.0893879, 28.0853701 ], [ 35.0892913, 28.0855357 ], [ 35.0891358, 28.0856635 ], [ 35.0889426, 28.0857156 ], [ 35.0888139, 28.0857156 ], [ 35.0884706, 28.0858386 ], [ 35.0883204, 28.0860847 ], [ 35.0881809, 28.0863829 ], [ 35.0880951, 28.08661 ], [ 35.0879931, 28.0868325 ], [ 35.0877196, 28.0873531 ], [ 35.0875318, 28.0877269 ], [ 35.0872046, 28.0882239 ], [ 35.0867432, 28.0887965 ], [ 35.0863825, 28.0892227 ], [ 35.0860619, 28.0896153 ], [ 35.0855094, 28.0901453 ], [ 35.0853056, 28.0903393 ], [ 35.0851285, 28.090434 ], [ 35.0849676, 28.0904529 ], [ 35.0848871, 28.0904529 ], [ 35.0846511, 28.0905097 ], [ 35.0844043, 28.0906044 ], [ 35.0842863, 28.0906327 ], [ 35.0841147, 28.0907132 ], [ 35.0839215, 28.0908552 ], [ 35.0836694, 28.0910255 ], [ 35.0835813, 28.0910334 ], [ 35.0834012, 28.091229 ], [ 35.0832671, 28.091248 ], [ 35.083015, 28.0913426 ], [ 35.0826162, 28.0916608 ], [ 35.0821245, 28.0920856 ], [ 35.0818026, 28.0923696 ], [ 35.0815129, 28.0925731 ], [ 35.0813949, 28.0925731 ], [ 35.0812286, 28.0925494 ], [ 35.081116, 28.0924831 ], [ 35.0809045, 28.0924396 ], [ 35.0807351, 28.0924784 ], [ 35.0806063, 28.0925352 ], [ 35.0803703, 28.0925589 ], [ 35.0802094, 28.0925683 ], [ 35.0799197, 28.0926582 ], [ 35.0797802, 28.0928049 ], [ 35.0795925, 28.092928 ], [ 35.0794208, 28.0930558 ], [ 35.0792599, 28.0932309 ], [ 35.0788605, 28.0935934 ], [ 35.078187, 28.0942199 ], [ 35.0780046, 28.0943382 ], [ 35.0777739, 28.0944613 ], [ 35.0774546, 28.0946961 ], [ 35.0771141, 28.0949298 ], [ 35.0769103, 28.095067 ], [ 35.0765026, 28.0953178 ], [ 35.0760251, 28.0957579 ], [ 35.0751723, 28.09666 ], [ 35.074802, 28.0970972 ], [ 35.0745821, 28.0972959 ], [ 35.0743174, 28.0974446 ], [ 35.0740403, 28.0976934 ], [ 35.0738794, 28.0979442 ], [ 35.0736648, 28.0982566 ], [ 35.0733697, 28.0984695 ], [ 35.0732839, 28.0985074 ], [ 35.0731391, 28.0985358 ], [ 35.0729245, 28.0985878 ], [ 35.0725809, 28.0987375 ], [ 35.0723934, 28.0989285 ], [ 35.0721681, 28.0993544 ], [ 35.0720233, 28.0995863 ], [ 35.0717229, 28.0998513 ], [ 35.0709772, 28.1005185 ], [ 35.0705802, 28.1008261 ], [ 35.0704193, 28.1009349 ], [ 35.0701779, 28.1010296 ], [ 35.0700545, 28.1011053 ], [ 35.0694675, 28.1016326 ], [ 35.0691855, 28.1019712 ], [ 35.0689709, 28.1022599 ], [ 35.0688904, 28.1024397 ], [ 35.0686008, 28.1027236 ], [ 35.0681341, 28.1030596 ], [ 35.0675588, 28.1033598 ], [ 35.0672364, 28.1036145 ], [ 35.0671899, 28.1037883 ], [ 35.0669432, 28.1042757 ], [ 35.0658435, 28.1053404 ], [ 35.0651407, 28.1059224 ], [ 35.0646901, 28.1064145 ], [ 35.0640625, 28.1068688 ], [ 35.0632632, 28.1074318 ], [ 35.0630164, 28.1076779 ], [ 35.0628018, 28.1079287 ], [ 35.0624424, 28.1082694 ], [ 35.0620723, 28.108487 ], [ 35.061332, 28.1088845 ], [ 35.0610852, 28.1090643 ], [ 35.0610036, 28.1091853 ], [ 35.0597915, 28.1099456 ], [ 35.0591914, 28.1102744 ], [ 35.0576198, 28.1111746 ], [ 35.0562358, 28.1116951 ], [ 35.0553667, 28.1119317 ], [ 35.0542349, 28.1121304 ], [ 35.0538379, 28.1121399 ], [ 35.0535321, 28.1121304 ], [ 35.0531727, 28.1121304 ], [ 35.0525539, 28.1120452 ], [ 35.0516814, 28.1119364 ], [ 35.0513273, 28.1119459 ], [ 35.0510001, 28.1119411 ], [ 35.0504529, 28.1118228 ], [ 35.0496268, 28.1116951 ], [ 35.0484673, 28.1106921 ], [ 35.0480872, 28.1103986 ], [ 35.047819, 28.1099113 ], [ 35.047524, 28.1095611 ], [ 35.0470895, 28.1091731 ], [ 35.0469833, 28.1089142 ], [ 35.0466549, 28.1087709 ], [ 35.0463277, 28.1085154 ], [ 35.0457001, 28.1079902 ], [ 35.0455445, 28.1078719 ], [ 35.0451153, 28.1077347 ], [ 35.0449383, 28.1076353 ], [ 35.0448042, 28.1074934 ], [ 35.0446808, 28.1074082 ], [ 35.0444126, 28.1071953 ], [ 35.0437523, 28.1067759 ], [ 35.0432056, 28.106547 ], [ 35.0427496, 28.1064334 ], [ 35.0425458, 28.1063719 ], [ 35.0422561, 28.1062962 ], [ 35.042122, 28.1062158 ], [ 35.0419503, 28.1061448 ], [ 35.0417197, 28.1059555 ], [ 35.0410974, 28.1055722 ], [ 35.0408292, 28.1054823 ], [ 35.0401318, 28.1052126 ], [ 35.0398958, 28.1050991 ], [ 35.0393218, 28.1051937 ], [ 35.039381, 28.105684 ], [ 35.0393915, 28.1059413 ], [ 35.0395042, 28.1060927 ], [ 35.0392467, 28.1059461 ], [ 35.0390321, 28.105771 ], [ 35.0387531, 28.1056669 ], [ 35.0384313, 28.1056621 ], [ 35.0380825, 28.1058617 ], [ 35.0379359, 28.1059628 ], [ 35.0380854, 28.1062177 ], [ 35.038095, 28.1067318 ], [ 35.0379553, 28.1069911 ], [ 35.037088, 28.1071321 ], [ 35.0365215, 28.107834 ], [ 35.0363844, 28.1083003 ], [ 35.0360495, 28.1085343 ], [ 35.0359636, 28.1086716 ], [ 35.0360119, 28.1088798 ], [ 35.0361836, 28.1089933 ], [ 35.036425, 28.1094097 ], [ 35.036028, 28.1093813 ], [ 35.0359851, 28.1095848 ], [ 35.0355667, 28.109651 ], [ 35.0353521, 28.1097882 ], [ 35.0351912, 28.1099917 ], [ 35.0349498, 28.110039 ], [ 35.0349015, 28.1099065 ], [ 35.0346494, 28.1097078 ], [ 35.034408, 28.1095469 ], [ 35.0343007, 28.1094334 ], [ 35.0340754, 28.1093103 ], [ 35.0339144, 28.1092204 ], [ 35.0338983, 28.1090548 ], [ 35.0339627, 28.1089318 ], [ 35.03407, 28.1088845 ], [ 35.0340593, 28.1086574 ], [ 35.0338447, 28.1085343 ], [ 35.0335282, 28.1086905 ], [ 35.0332385, 28.1088088 ], [ 35.0328469, 28.1088277 ], [ 35.0325519, 28.1089034 ], [ 35.0322783, 28.1090217 ], [ 35.032171, 28.1091305 ], [ 35.0320691, 28.1092015 ], [ 35.0320637, 28.1093671 ], [ 35.0319403, 28.109476 ], [ 35.0318277, 28.109528 ], [ 35.0317687, 28.1093529 ], [ 35.031833, 28.1092488 ], [ 35.0317579, 28.1091495 ], [ 35.031656, 28.1091542 ], [ 35.0315112, 28.1091873 ], [ 35.0312805, 28.1092441 ], [ 35.0309801, 28.1093577 ], [ 35.030728, 28.1094097 ], [ 35.030449, 28.1094665 ], [ 35.0301272, 28.1093671 ], [ 35.0297356, 28.1093577 ], [ 35.0294888, 28.1093955 ], [ 35.0288343, 28.1095564 ], [ 35.0285232, 28.1096084 ], [ 35.0281691, 28.1096889 ], [ 35.0277883, 28.1097504 ], [ 35.0269922, 28.1101108 ], [ 35.0269943, 28.1102851 ], [ 35.0270212, 28.110569 ], [ 35.0270748, 28.1107393 ], [ 35.0269782, 28.110763 ], [ 35.0268066, 28.1106541 ], [ 35.0267422, 28.110498 ], [ 35.0266296, 28.110304 ], [ 35.0264633, 28.1102661 ], [ 35.0255473, 28.1103894 ], [ 35.024929, 28.1107677 ], [ 35.0246233, 28.1110043 ], [ 35.0248593, 28.1111368 ], [ 35.0250632, 28.1112882 ], [ 35.025208, 28.1113875 ], [ 35.0253689, 28.1114869 ], [ 35.0253582, 28.111591 ], [ 35.0251865, 28.1116478 ], [ 35.024929, 28.1116714 ], [ 35.0247091, 28.1116288 ], [ 35.0243443, 28.1116288 ], [ 35.0241244, 28.1116667 ], [ 35.0238937, 28.1116383 ], [ 35.0234431, 28.1115058 ], [ 35.0232017, 28.1114159 ], [ 35.0229657, 28.1113544 ], [ 35.0226223, 28.111151 ], [ 35.0224721, 28.1109286 ], [ 35.0224775, 28.1108197 ], [ 35.0225204, 28.1107109 ], [ 35.0225955, 28.1105548 ], [ 35.0226599, 28.1104176 ], [ 35.0232339, 28.110058 ], [ 35.0233975, 28.1099751 ], [ 35.0235665, 28.1100745 ], [ 35.023663, 28.1100391 ], [ 35.0235611, 28.1098474 ], [ 35.0234592, 28.1096746 ], [ 35.0229067, 28.1100224 ], [ 35.0226841, 28.1102236 ], [ 35.0225606, 28.1103418 ], [ 35.0223863, 28.1105879 ], [ 35.0223219, 28.1107156 ], [ 35.0222039, 28.1109238 ], [ 35.0222254, 28.1111793 ], [ 35.022279, 28.1114112 ], [ 35.0225237, 28.1115918 ], [ 35.0227404, 28.1118607 ], [ 35.0229227, 28.1120736 ], [ 35.0230461, 28.1121919 ], [ 35.0234055, 28.1124521 ], [ 35.0236523, 28.1126887 ], [ 35.0238615, 28.1128401 ], [ 35.0241029, 28.1130436 ], [ 35.024355, 28.1132612 ], [ 35.0245213, 28.1134789 ], [ 35.0249505, 28.1137959 ], [ 35.0251919, 28.1140467 ], [ 35.025444, 28.1143022 ], [ 35.0256264, 28.1145009 ], [ 35.0259912, 28.1149788 ], [ 35.0261575, 28.1153147 ], [ 35.0262219, 28.1155513 ], [ 35.0263667, 28.1158351 ], [ 35.0264472, 28.1160007 ], [ 35.0264847, 28.1161048 ], [ 35.0263023, 28.1161569 ], [ 35.0261736, 28.1160149 ], [ 35.0259805, 28.1157358 ], [ 35.0257873, 28.115485 ], [ 35.0254816, 28.1151254 ], [ 35.0252616, 28.1148132 ], [ 35.0247359, 28.1143353 ], [ 35.0244087, 28.1142454 ], [ 35.0240868, 28.1140467 ], [ 35.0238615, 28.1138574 ], [ 35.0236899, 28.1136965 ], [ 35.0235343, 28.1134883 ], [ 35.0233144, 28.1133511 ], [ 35.0231051, 28.1133322 ], [ 35.0230461, 28.1134458 ], [ 35.023089, 28.1136208 ], [ 35.023147, 28.1138972 ], [ 35.0231373, 28.1141744 ], [ 35.0231588, 28.1143873 ], [ 35.0231105, 28.1146002 ], [ 35.0229764, 28.1147138 ], [ 35.0228763, 28.1149301 ], [ 35.0229281, 28.1151633 ], [ 35.0231051, 28.1153525 ], [ 35.0230354, 28.1154566 ], [ 35.0227296, 28.1154472 ], [ 35.0226384, 28.1155229 ], [ 35.0225902, 28.1158919 ], [ 35.0225258, 28.1160433 ], [ 35.0223809, 28.1161947 ], [ 35.0222254, 28.1164597 ], [ 35.0220323, 28.1167388 ], [ 35.0216782, 28.1170416 ], [ 35.0213277, 28.1173956 ], [ 35.0204698, 28.1180518 ], [ 35.020439, 28.1181724 ], [ 35.0204658, 28.1183901 ], [ 35.0206107, 28.1186361 ], [ 35.0208145, 28.1188206 ], [ 35.0210398, 28.1189673 ], [ 35.0212866, 28.119289 ], [ 35.0213242, 28.1194688 ], [ 35.0210988, 28.1194783 ], [ 35.0207609, 28.1193269 ], [ 35.0205088, 28.1191376 ], [ 35.0203425, 28.118972 ], [ 35.0201923, 28.1188632 ], [ 35.0200099, 28.1188253 ], [ 35.0199187, 28.1189105 ], [ 35.020026, 28.1190477 ], [ 35.0202459, 28.119166 ], [ 35.0203693, 28.1192795 ], [ 35.0205195, 28.1193978 ], [ 35.0206965, 28.1195445 ], [ 35.020836, 28.1196486 ], [ 35.0209433, 28.1197479 ], [ 35.0210398, 28.1199183 ], [ 35.0209004, 28.1199372 ], [ 35.0205946, 28.1197337 ], [ 35.0203264, 28.1195587 ], [ 35.0200796, 28.1193931 ], [ 35.019865, 28.1192985 ], [ 35.0197309, 28.1192795 ], [ 35.0191891, 28.11936 ], [ 35.0189263, 28.1195208 ], [ 35.0186849, 28.1196391 ], [ 35.0182342, 28.1198568 ], [ 35.0182342, 28.119975 ], [ 35.0182182, 28.120098 ], [ 35.0178641, 28.1201075 ], [ 35.0175798, 28.1202116 ], [ 35.0172794, 28.1204482 ], [ 35.017038, 28.1205996 ], [ 35.0168127, 28.1207462 ], [ 35.0164801, 28.1208834 ], [ 35.0162548, 28.1209213 ], [ 35.0158524, 28.120997 ], [ 35.0154126, 28.1210632 ], [ 35.0149351, 28.1211909 ], [ 35.0145328, 28.1212808 ], [ 35.0139159, 28.121366 ], [ 35.0136048, 28.1213707 ], [ 35.0134327, 28.1213632 ], [ 35.0132799, 28.1213411 ], [ 35.0130271, 28.1212733 ], [ 35.0127876, 28.1212142 ], [ 35.0125887, 28.1211294 ], [ 35.0123763, 28.1209922 ], [ 35.0122207, 28.120874 ], [ 35.0120544, 28.1207273 ], [ 35.0119579, 28.1206611 ], [ 35.0118155, 28.1206218 ], [ 35.0116199, 28.1204529 ], [ 35.0114536, 28.1203677 ], [ 35.0112176, 28.12024 ], [ 35.0110567, 28.1201312 ], [ 35.0109547, 28.1200082 ], [ 35.0106386, 28.1197394 ], [ 35.0105685, 28.1195587 ], [ 35.0104988, 28.1194451 ], [ 35.0104934, 28.1193174 ], [ 35.0103325, 28.1190477 ], [ 35.0101554, 28.1187354 ], [ 35.0100213, 28.118532 ], [ 35.0099301, 28.1183475 ], [ 35.0098443, 28.1182245 ], [ 35.0097638, 28.1179406 ], [ 35.0096351, 28.11751 ], [ 35.0095868, 28.1172167 ], [ 35.0095385, 28.1169139 ], [ 35.0095439, 28.1167199 ], [ 35.0096512, 28.1165259 ], [ 35.0097907, 28.1163745 ], [ 35.0098872, 28.1163083 ], [ 35.0098014, 28.1161521 ], [ 35.0096351, 28.1161001 ], [ 35.0094091, 28.1160278 ], [ 35.0088733, 28.1159913 ], [ 35.0086105, 28.1157973 ], [ 35.0084442, 28.1154519 ], [ 35.0083691, 28.1152721 ], [ 35.0083208, 28.1151822 ], [ 35.0081545, 28.1149551 ], [ 35.0079185, 28.1148983 ], [ 35.0076878, 28.1149078 ], [ 35.0074625, 28.1149172 ], [ 35.0072533, 28.1148699 ], [ 35.0070816, 28.11478 ], [ 35.0066847, 28.1145624 ], [ 35.0065827, 28.1144157 ], [ 35.0065345, 28.1143211 ], [ 35.0062984, 28.1139946 ], [ 35.0061804, 28.1136445 ], [ 35.0060677, 28.1133038 ], [ 35.0060517, 28.1130294 ], [ 35.0060302, 28.1126509 ], [ 35.0060785, 28.1124143 ], [ 35.006218, 28.1118039 ], [ 35.006336, 28.1112598 ], [ 35.0064164, 28.1108671 ], [ 35.0064862, 28.1106683 ], [ 35.0067329, 28.1100863 ], [ 35.0072372, 28.1097173 ], [ 35.0075805, 28.1095138 ], [ 35.0077736, 28.1094097 ], [ 35.0081116, 28.1092157 ], [ 35.0083208, 28.1090785 ], [ 35.0084764, 28.1089318 ], [ 35.0086695, 28.1087757 ], [ 35.0088304, 28.1086195 ], [ 35.0089646, 28.1085154 ], [ 35.00927, 28.1085004 ], [ 35.0095385, 28.1085343 ], [ 35.0098282, 28.1085485 ], [ 35.0101983, 28.1085391 ], [ 35.0103861, 28.1085485 ], [ 35.0108743, 28.1086384 ], [ 35.0113302, 28.1087567 ], [ 35.0119042, 28.1089981 ], [ 35.0122046, 28.1091353 ], [ 35.0126874, 28.1095422 ], [ 35.0128323, 28.1096983 ], [ 35.0129127, 28.1098261 ], [ 35.0129396, 28.1100627 ], [ 35.0128055, 28.1102188 ], [ 35.0128215, 28.1103655 ], [ 35.0128108, 28.1106636 ], [ 35.012843, 28.1109333 ], [ 35.0129396, 28.1110658 ], [ 35.0130147, 28.1111746 ], [ 35.0131649, 28.1113876 ], [ 35.0131971, 28.111539 ], [ 35.0132132, 28.1117614 ], [ 35.0131649, 28.111927 ], [ 35.012961, 28.1124948 ], [ 35.0127304, 28.1127455 ], [ 35.0125211, 28.1128401 ], [ 35.0119639, 28.1130331 ], [ 35.0118472, 28.1131066 ], [ 35.0117862, 28.113247 ], [ 35.0117648, 28.1134174 ], [ 35.0118715, 28.1136101 ], [ 35.0119776, 28.1137731 ], [ 35.0119678, 28.1138726 ], [ 35.0120172, 28.1140022 ], [ 35.0122958, 28.1143163 ], [ 35.0124153, 28.1144256 ], [ 35.0124653, 28.1145274 ], [ 35.0126351, 28.1147125 ], [ 35.0128337, 28.1148449 ], [ 35.0130644, 28.1150459 ], [ 35.0135209, 28.115265 ], [ 35.0139442, 28.1152361 ], [ 35.0142216, 28.1151737 ], [ 35.0145126, 28.1147936 ], [ 35.0145864, 28.1145766 ], [ 35.0147152, 28.1145009 ], [ 35.0148761, 28.1143447 ], [ 35.0149673, 28.1142454 ], [ 35.0151873, 28.1140372 ], [ 35.0152355, 28.1139662 ], [ 35.015375, 28.1138385 ], [ 35.0155628, 28.1137013 ], [ 35.0156379, 28.1135498 ], [ 35.0157022, 28.1133701 ], [ 35.0160778, 28.1129489 ], [ 35.016228, 28.112878 ], [ 35.0163782, 28.1128212 ], [ 35.0165069, 28.1126934 ], [ 35.0165766, 28.1125941 ], [ 35.0166571, 28.1125515 ], [ 35.016861, 28.1123149 ], [ 35.01692, 28.1120831 ], [ 35.0169682, 28.1118702 ], [ 35.0169361, 28.1116667 ], [ 35.0169361, 28.1114869 ], [ 35.0169146, 28.1111557 ], [ 35.0168878, 28.110815 ], [ 35.0168663, 28.110498 ], [ 35.0168341, 28.1102425 ], [ 35.0167859, 28.1099207 ], [ 35.0167268, 28.1097031 ], [ 35.0166786, 28.1095517 ], [ 35.0166625, 28.1093908 ], [ 35.0166786, 28.1092867 ], [ 35.0168556, 28.1090643 ], [ 35.0169951, 28.1087567 ], [ 35.0170916, 28.1083877 ], [ 35.0172257, 28.1081889 ], [ 35.0174242, 28.108099 ], [ 35.017612, 28.1080233 ], [ 35.0177783, 28.1079334 ], [ 35.0179982, 28.1078672 ], [ 35.0181967, 28.1078388 ], [ 35.018422, 28.1077583 ], [ 35.0185883, 28.1076732 ], [ 35.0188672, 28.1076117 ], [ 35.0190711, 28.1075265 ], [ 35.019291, 28.1073845 ], [ 35.0193876, 28.107271 ], [ 35.019688, 28.1070438 ], [ 35.0198919, 28.1068688 ], [ 35.0199991, 28.1066795 ], [ 35.0201225, 28.1064855 ], [ 35.0203156, 28.106282 ], [ 35.0204873, 28.1061164 ], [ 35.0206268, 28.1060454 ], [ 35.0207233, 28.1060407 ], [ 35.0208038, 28.1060076 ], [ 35.0211579, 28.1058467 ], [ 35.0215173, 28.1058562 ], [ 35.0219196, 28.1059271 ], [ 35.0225151, 28.1059413 ], [ 35.0228745, 28.1058893 ], [ 35.0232071, 28.1055675 ], [ 35.0232339, 28.105364 ], [ 35.0231212, 28.1050896 ], [ 35.0230569, 28.1047915 ], [ 35.0229818, 28.1045407 ], [ 35.0229442, 28.1042237 ], [ 35.0229335, 28.1039965 ], [ 35.0229388, 28.1037031 ], [ 35.0229871, 28.1034145 ], [ 35.0232296, 28.1028371 ], [ 35.0234028, 28.1026077 ], [ 35.0235075, 28.102364 ], [ 35.0236523, 28.1020138 ], [ 35.0237006, 28.1018293 ], [ 35.023706, 28.1016447 ], [ 35.0239308, 28.1015409 ], [ 35.0245428, 28.1013608 ], [ 35.0249612, 28.1012756 ], [ 35.0256211, 28.1012804 ], [ 35.0262479, 28.1013776 ], [ 35.027343, 28.1016731 ], [ 35.0274342, 28.101711 ], [ 35.0277775, 28.1017346 ], [ 35.028094, 28.1018151 ], [ 35.0282979, 28.1018577 ], [ 35.0286067, 28.1020174 ], [ 35.0289309, 28.1019523 ], [ 35.0290704, 28.1019429 ], [ 35.0291777, 28.1019523 ], [ 35.0295462, 28.1020493 ], [ 35.0296712, 28.1019097 ], [ 35.029574, 28.1018065 ], [ 35.0293601, 28.1015548 ], [ 35.0291723, 28.1013372 ], [ 35.0289845, 28.1011195 ], [ 35.0285983, 28.1005138 ], [ 35.0282282, 28.0999507 ], [ 35.0277936, 28.0992882 ], [ 35.027445, 28.0983654 ], [ 35.0273591, 28.0977502 ], [ 35.0273437, 28.0974383 ], [ 35.0274074, 28.0967801 ], [ 35.0275308, 28.096411 ], [ 35.0277169, 28.0960815 ], [ 35.0279814, 28.0957863 ], [ 35.0282389, 28.0956396 ], [ 35.0287431, 28.0953983 ], [ 35.0291187, 28.0953084 ], [ 35.029403, 28.09528 ], [ 35.0296444, 28.09528 ], [ 35.0298965, 28.0952468 ], [ 35.0301912, 28.0951469 ], [ 35.0303632, 28.0949818 ], [ 35.0304758, 28.094873 ], [ 35.0304919, 28.0947216 ], [ 35.0306743, 28.0944849 ], [ 35.0308621, 28.0943051 ], [ 35.0309908, 28.0940354 ], [ 35.0311196, 28.0937088 ], [ 35.0311625, 28.093477 ], [ 35.0314039, 28.0929564 ], [ 35.0317472, 28.0920762 ], [ 35.0319886, 28.0915792 ], [ 35.0324178, 28.0907416 ], [ 35.0326645, 28.0903299 ], [ 35.0327665, 28.0899939 ], [ 35.0329328, 28.0895301 ], [ 35.0331473, 28.0889148 ], [ 35.0333565, 28.0883233 ], [ 35.0332922, 28.0881718 ], [ 35.0332814, 28.0880346 ], [ 35.0332063, 28.0879115 ], [ 35.0331044, 28.0881671 ], [ 35.0330508, 28.0883375 ], [ 35.0329703, 28.0884889 ], [ 35.0325143, 28.0886309 ], [ 35.0322461, 28.088735 ], [ 35.0321013, 28.088806 ], [ 35.0318814, 28.0887576 ], [ 35.031774, 28.0889196 ], [ 35.0316346, 28.0891893 ], [ 35.031656, 28.0894922 ], [ 35.0316828, 28.0896815 ], [ 35.0315487, 28.090079 ], [ 35.0315273, 28.0903109 ], [ 35.0313573, 28.0904729 ], [ 35.0311786, 28.0908315 ], [ 35.0309801, 28.0911486 ], [ 35.0306207, 28.0915698 ], [ 35.0302559, 28.0918821 ], [ 35.0298268, 28.0920714 ], [ 35.0295639, 28.0921613 ], [ 35.0292367, 28.0923932 ], [ 35.0283784, 28.092715 ], [ 35.0280082, 28.0928286 ], [ 35.0275415, 28.0929706 ], [ 35.0272787, 28.0929753 ], [ 35.0268763, 28.0929659 ], [ 35.0262272, 28.0928854 ], [ 35.0250202, 28.0926346 ], [ 35.0245857, 28.0925731 ], [ 35.0244033, 28.0924926 ], [ 35.0240171, 28.0924358 ], [ 35.0237167, 28.0923506 ], [ 35.0234163, 28.0923506 ], [ 35.0232446, 28.0923696 ], [ 35.0230783, 28.0923175 ], [ 35.0228959, 28.0921424 ], [ 35.022794, 28.0920288 ], [ 35.0226062, 28.0918206 ], [ 35.0223756, 28.0915698 ], [ 35.0221181, 28.0914562 ], [ 35.0219625, 28.0914373 ], [ 35.0213885, 28.0912338 ], [ 35.0211847, 28.0911581 ], [ 35.0205195, 28.0906848 ], [ 35.0202942, 28.0904103 ], [ 35.0203586, 28.0899749 ], [ 35.0205946, 28.0895774 ], [ 35.0209165, 28.0892272 ], [ 35.0211847, 28.089019 ], [ 35.0218069, 28.0888391 ], [ 35.0222254, 28.0887823 ], [ 35.0227028, 28.0888391 ], [ 35.0231052, 28.089019 ], [ 35.0237328, 28.0892982 ], [ 35.02406, 28.0894946 ], [ 35.0243685, 28.0895182 ], [ 35.0240761, 28.089426 ], [ 35.0236416, 28.0890308 ], [ 35.0231695, 28.0886593 ], [ 35.0228503, 28.0883777 ], [ 35.0226196, 28.0881978 ], [ 35.0224518, 28.0880765 ], [ 35.0222683, 28.0879375 ], [ 35.0221154, 28.0877979 ], [ 35.0219518, 28.0878784 ], [ 35.0216353, 28.0880251 ], [ 35.0209701, 28.0884912 ], [ 35.0207019, 28.0887823 ], [ 35.0203317, 28.0891988 ], [ 35.0201118, 28.0894733 ], [ 35.0199884, 28.0896153 ], [ 35.0197677, 28.089883 ], [ 35.0196773, 28.0901216 ], [ 35.0196505, 28.0903109 ], [ 35.0195539, 28.090576 ], [ 35.0192267, 28.0913284 ], [ 35.0189799, 28.0917023 ], [ 35.0186781, 28.0921025 ], [ 35.0182289, 28.0926582 ], [ 35.0177005, 28.0933563 ], [ 35.0170487, 28.09413 ], [ 35.0163352, 28.0951309 ], [ 35.0157773, 28.0957769 ], [ 35.0153106, 28.0964086 ], [ 35.0149056, 28.0970806 ], [ 35.0145221, 28.0976343 ], [ 35.0140471, 28.0982278 ], [ 35.0136584, 28.0988008 ], [ 35.013374, 28.0992314 ], [ 35.0130576, 28.0996312 ], [ 35.0127571, 28.1000572 ], [ 35.0123629, 28.1005776 ], [ 35.0119177, 28.1011905 ], [ 35.0113088, 28.1019618 ], [ 35.0106302, 28.1028703 ], [ 35.0099516, 28.103715 ], [ 35.0094286, 28.1042048 ], [ 35.0086642, 28.1050281 ], [ 35.0081491, 28.1055036 ], [ 35.0077334, 28.1058112 ], [ 35.0072506, 28.106301 ], [ 35.0066819, 28.1068191 ], [ 35.0061321, 28.107323 ], [ 35.0049814, 28.1082529 ], [ 35.0037463, 28.1092614 ], [ 35.0035813, 28.1093529 ], [ 35.0034821, 28.1094452 ], [ 35.00323, 28.1096132 ], [ 35.0031753, 28.1095719 ], [ 35.0026399, 28.1098119 ], [ 35.0025594, 28.1097646 ], [ 35.0021785, 28.1099207 ], [ 35.0017977, 28.1100911 ], [ 35.0009072, 28.1103371 ], [ 35.0006185, 28.1103975 ], [ 35.0, 28.110535740143632 ], [ 35.0, 29.515783772921289 ], [ 35.0000261, 29.5158194 ], [ 35.0, 29.515908126839332 ], [ 35.0, 29.516181972268544 ], [ 35.0001016, 29.5158572 ], [ 35.0002945, 29.5157458 ], [ 35.0004506, 29.5157607 ], [ 35.0005767, 29.5158032 ], [ 35.000712, 29.5159045 ], [ 35.0008029, 29.5160462 ], [ 35.0009774, 29.5162524 ], [ 35.0008155, 29.5165897 ], [ 35.0010404, 29.5167846 ], [ 35.0011461, 29.5169964 ], [ 35.0012354, 29.5172541 ], [ 35.0012843, 29.5174992 ], [ 35.0012925, 29.5177406 ], [ 35.0012804, 29.5180246 ], [ 35.0012276, 29.5183474 ], [ 35.0011885, 29.5185377 ], [ 35.0011243, 29.5187938 ], [ 35.0010395, 29.5191883 ], [ 35.0010368, 29.5192342 ], [ 35.0010346, 29.5192709 ], [ 35.0, 29.519041971415007 ], [ 35.0, 29.519187276729678 ], [ 35.0009998, 29.5194102 ], [ 35.0009992, 29.5194239 ], [ 35.0009984, 29.5194403 ], [ 35.0010821, 29.519456 ], [ 35.0011362, 29.5196511 ], [ 35.0010905, 29.5198981 ], [ 35.0010602, 29.520062 ], [ 35.0010307, 29.5201108 ], [ 35.0009971, 29.5201667 ], [ 35.0009469, 29.5202099 ], [ 35.0008909, 29.5202488 ], [ 35.0008372, 29.5202767 ], [ 35.0008307, 29.5202883 ], [ 35.0008332, 29.5203108 ], [ 35.0008176, 29.5203154 ], [ 35.0007689, 29.5203299 ], [ 35.0007541, 29.5203343 ], [ 35.0007364, 29.5203092 ], [ 35.0007169, 29.5202952 ], [ 35.0002195, 29.5202763 ], [ 35.0001714, 29.5202929 ], [ 35.0, 29.520290942740623 ], [ 35.0, 29.52035037422057 ], [ 35.000173, 29.5203513 ], [ 35.000174, 29.5204598 ], [ 35.0001449, 29.5204611 ], [ 35.0001443, 29.5205995 ], [ 35.0000664, 29.5206008 ], [ 35.0000809, 29.5208718 ], [ 35.0001412, 29.5220018 ], [ 35.0005101, 29.5220115 ], [ 35.0005437, 29.5221268 ], [ 35.0005075, 29.5221456 ], [ 35.0004717, 29.5221779 ], [ 35.0004527, 29.5222259 ], [ 35.0004548, 29.5222633 ], [ 35.0004713, 29.5223051 ], [ 35.0005086, 29.5223363 ], [ 35.0005547, 29.5223554 ], [ 35.0006054, 29.5223582 ], [ 35.0006546, 29.522348 ], [ 35.0006362, 29.5224068 ], [ 35.0007099, 29.5226757 ], [ 35.0007016, 29.5227214 ], [ 35.0006811, 29.5230899 ], [ 35.0006942, 29.5232883 ], [ 35.000698, 29.5234197 ], [ 35.0007072, 29.5235574 ], [ 35.0007235, 29.5236568 ], [ 35.0007191, 29.5237662 ], [ 35.0007054, 29.5238756 ], [ 35.0006826, 29.523936 ], [ 35.0006791, 29.5239877 ], [ 35.0006867, 29.5240318 ], [ 35.0007083, 29.5240819 ], [ 35.0007357, 29.5241243 ], [ 35.0007845, 29.5241759 ], [ 35.0008252, 29.5242018 ], [ 35.0008339, 29.5243914 ], [ 35.0008125, 29.5247403 ], [ 35.0007445, 29.5251703 ], [ 35.000689, 29.525332 ], [ 35.0006238, 29.5255176 ], [ 35.0005773, 29.5257032 ], [ 35.0005731, 29.5257274 ], [ 35.0005488, 29.5258675 ], [ 35.0005563, 29.5259891 ], [ 35.0006071, 29.5260808 ], [ 35.0006804, 29.5261989 ], [ 35.0006981, 29.5263427 ], [ 35.0006691, 29.5265922 ], [ 35.0006465, 29.5267488 ], [ 35.0005522, 29.5270047 ], [ 35.0004712, 29.5271905 ], [ 35.0003716, 29.5273601 ], [ 35.0003179, 29.527402 ], [ 35.0003296, 29.527452 ], [ 35.0002848, 29.5275235 ], [ 35.0001977, 29.5276079 ], [ 35.0000531, 29.5276304 ], [ 35.0, 29.527607275806453 ], [ 35.0, 29.527773717601278 ], [ 35.0003987, 29.5279708 ], [ 35.0002287, 29.5283058 ], [ 35.0, 29.52821314270734 ], [ 35.0, 29.528545264106352 ], [ 35.0000671, 29.5285748 ], [ 35.0000384, 29.5286019 ], [ 35.0000194, 29.5285905 ], [ 35.0, 29.528609532941175 ], [ 35.0, 30.0 ], [ 40.0, 30.0 ], [ 40.0, 25.0 ], [ 37.279240458626553, 25.0 ], [ 37.2792158, 25.0000292 ] ] ] ] } },
{ "type": "Feature", "properties": { "FID": 360807, "id": 1561, "left": 35.0, "top": 30.0, "right": 40.0, "bottom": 25.0, "row_index": 12, "col_index": 43, "min_lon": 35.0, "min_lat": 25.0, "tile_id": "35_25" }, "geometry": { "type": "MultiPolygon", "coordinates": [ [ [ [ 35.1309643, 27.7827651 ], [ 35.1310637, 27.782742 ], [ 35.1311223, 27.7826902 ], [ 35.1311451, 27.7826383 ], [ 35.1311874, 27.782598 ], [ 35.13122, 27.7826081 ], [ 35.1312623, 27.7826282 ], [ 35.1313112, 27.7826282 ], [ 35.1313307, 27.7825951 ], [ 35.131334, 27.7825519 ], [ 35.1313112, 27.7825202 ], [ 35.1312428, 27.7824698 ], [ 35.1311907, 27.7824366 ], [ 35.1311174, 27.7824208 ], [ 35.1310604, 27.7823747 ], [ 35.1310245, 27.7823569 ], [ 35.130999, 27.7823296 ], [ 35.1309936, 27.7822975 ], [ 35.1310231, 27.7822608 ], [ 35.1310486, 27.7822335 ], [ 35.1310647, 27.7822003 ], [ 35.1310741, 27.7821635 ], [ 35.1310473, 27.7821409 ], [ 35.1310057, 27.7821397 ], [ 35.1309708, 27.7821635 ], [ 35.1309427, 27.7822014 ], [ 35.1309051, 27.7822442 ], [ 35.1308528, 27.7822928 ], [ 35.130834, 27.7823759 ], [ 35.1307992, 27.782447 ], [ 35.1307871, 27.7825372 ], [ 35.1307683, 27.782606 ], [ 35.1307455, 27.7826772 ], [ 35.1307576, 27.7827318 ], [ 35.1307871, 27.7827544 ], [ 35.1308715, 27.7827708 ], [ 35.1309643, 27.7827651 ] ] ] ] } },
{ "type": "Feature", "properties": { "FID": 360808, "id": 1561, "left": 35.0, "top": 30.0, "right": 40.0, "bottom": 25.0, "row_index": 12, "col_index": 43, "min_lon": 35.0, "min_lat": 25.0, "tile_id": "35_25" }, "geometry": { "type": "MultiPolygon", "coordinates": [ [ [ [ 35.1284011, 27.7847529 ], [ 35.1284475, 27.7847021 ], [ 35.1284453, 27.7846415 ], [ 35.1284431, 27.7845595 ], [ 35.1284166, 27.7845008 ], [ 35.1283658, 27.7844207 ], [ 35.1282973, 27.7844129 ], [ 35.1282244, 27.7844676 ], [ 35.1282089, 27.7845321 ], [ 35.1282156, 27.7846103 ], [ 35.1281868, 27.7846982 ], [ 35.1281493, 27.7847744 ], [ 35.1281603, 27.7848194 ], [ 35.1282045, 27.7848292 ], [ 35.128284, 27.7848096 ], [ 35.1284011, 27.7847529 ] ] ] ] } },
{ "type": "Feature", "properties": { "FID": 360809, "id": 1561, "left": 35.0, "top": 30.0, "right": 40.0, "bottom": 25.0, "row_index": 12, "col_index": 43, "min_lon": 35.0, "min_lat": 25.0, "tile_id": "35_25" }, "geometry": { "type": "MultiPolygon", "coordinates": [ [ [ [ 35.127798, 27.785048 ], [ 35.1278621, 27.7850402 ], [ 35.1279173, 27.7849992 ], [ 35.1278908, 27.7849406 ], [ 35.1278687, 27.7848897 ], [ 35.12784, 27.7848292 ], [ 35.1277804, 27.7848428 ], [ 35.127734, 27.7848878 ], [ 35.1276964, 27.7849581 ], [ 35.1277185, 27.7850168 ], [ 35.127798, 27.785048 ] ] ] ] } },
{ "type": "Feature", "properties": { "FID": 360810, "id": 1561, "left": 35.0, "top": 30.0, "right": 40.0, "bottom": 25.0, "row_index": 12, "col_index": 43, "min_lon": 35.0, "min_lat": 25.0, "tile_id": "35_25" }, "geometry": { "type": "MultiPolygon", "coordinates": [ [ [ [ 35.1274137, 27.7853506 ], [ 35.1274667, 27.7852998 ], [ 35.1274667, 27.7852685 ], [ 35.1274225, 27.7852588 ], [ 35.1273297, 27.7852764 ], [ 35.1272966, 27.7853057 ], [ 35.1272922, 27.7853526 ], [ 35.1273408, 27.7853819 ], [ 35.1274137, 27.7853506 ] ] ] ] } },
{ "type": "Feature", "properties": { "FID": 360811, "id": 1561, "left": 35.0, "top": 30.0, "right": 40.0, "bottom": 25.0, "row_index": 12, "col_index": 43, "min_lon": 35.0, "min_lat": 25.0, "tile_id": "35_25" }, "geometry": { "type": "MultiPolygon", "coordinates": [ [ [ [ 35.0654036, 27.9085101 ], [ 35.0654411, 27.9085511 ], [ 35.0654787, 27.9085433 ], [ 35.0655096, 27.9084886 ], [ 35.065545, 27.9083695 ], [ 35.0656355, 27.9082017 ], [ 35.0656753, 27.9081548 ], [ 35.0657106, 27.9080318 ], [ 35.0657504, 27.9079225 ], [ 35.0658299, 27.9078229 ], [ 35.0659249, 27.9077507 ], [ 35.0660415, 27.9076261 ], [ 35.0661252, 27.9075715 ], [ 35.0661252, 27.9075007 ], [ 35.0661033, 27.9073592 ], [ 35.0661143, 27.9072274 ], [ 35.066143, 27.9070966 ], [ 35.0661607, 27.9069853 ], [ 35.0661827, 27.9068702 ], [ 35.0662181, 27.9067764 ], [ 35.0662667, 27.9067023 ], [ 35.0663219, 27.9066574 ], [ 35.0663926, 27.9066047 ], [ 35.066439, 27.9065773 ], [ 35.0664677, 27.9065324 ], [ 35.066492, 27.9064934 ], [ 35.0665119, 27.906388 ], [ 35.0665053, 27.9063392 ], [ 35.0665075, 27.9062865 ], [ 35.066534, 27.9061888 ], [ 35.0665517, 27.9060639 ], [ 35.0665428, 27.906021 ], [ 35.0665782, 27.9059702 ], [ 35.0666025, 27.9058999 ], [ 35.0666268, 27.9058375 ], [ 35.0666621, 27.9057828 ], [ 35.0666842, 27.9057691 ], [ 35.0666997, 27.9057242 ], [ 35.0667461, 27.9055895 ], [ 35.0667615, 27.9055056 ], [ 35.0667836, 27.9054295 ], [ 35.06683, 27.9053279 ], [ 35.0668587, 27.9052518 ], [ 35.0668675, 27.9052108 ], [ 35.0668565, 27.9051854 ], [ 35.0668212, 27.9051854 ], [ 35.0668013, 27.9052128 ], [ 35.0667792, 27.9052518 ], [ 35.0667659, 27.9053006 ], [ 35.0667483, 27.905326 ], [ 35.0667306, 27.9053123 ], [ 35.0667306, 27.9052284 ], [ 35.0667218, 27.9051698 ], [ 35.0667129, 27.9051405 ], [ 35.066693, 27.9051269 ], [ 35.0666621, 27.9051386 ], [ 35.0666312, 27.9051308 ], [ 35.066629, 27.9050273 ], [ 35.06664, 27.9048946 ], [ 35.06664, 27.9047306 ], [ 35.0666268, 27.9046505 ], [ 35.0666157, 27.9045822 ], [ 35.0666378, 27.9044124 ], [ 35.0666201, 27.9042386 ], [ 35.0666223, 27.9041625 ], [ 35.066587, 27.9041488 ], [ 35.0665671, 27.9041683 ], [ 35.0665561, 27.9042328 ], [ 35.0665517, 27.9043343 ], [ 35.0665737, 27.9044143 ], [ 35.0665539, 27.9044963 ], [ 35.0665053, 27.9045471 ], [ 35.0664346, 27.90459 ], [ 35.0663683, 27.9046798 ], [ 35.0663484, 27.9047481 ], [ 35.0663617, 27.9048536 ], [ 35.0663418, 27.9049512 ], [ 35.0663285, 27.9050117 ], [ 35.066344, 27.9050644 ], [ 35.0663219, 27.9050937 ], [ 35.0662733, 27.9051191 ], [ 35.0662291, 27.9051522 ], [ 35.066207, 27.9051932 ], [ 35.0661827, 27.9052303 ], [ 35.0661783, 27.9052733 ], [ 35.0661783, 27.9053162 ], [ 35.0661496, 27.9053455 ], [ 35.0660944, 27.9053748 ], [ 35.0660745, 27.9054099 ], [ 35.0660502, 27.9054626 ], [ 35.066059, 27.9055114 ], [ 35.0660767, 27.9055524 ], [ 35.066048, 27.9056208 ], [ 35.0660149, 27.905695 ], [ 35.0660016, 27.9057555 ], [ 35.0660126, 27.9058316 ], [ 35.0660016, 27.9058648 ], [ 35.0659663, 27.9058843 ], [ 35.0659221, 27.9058882 ], [ 35.0658779, 27.905855 ], [ 35.065858, 27.9058355 ], [ 35.0658426, 27.9057984 ], [ 35.0657895, 27.9057808 ], [ 35.0657498, 27.9057828 ], [ 35.0657078, 27.9058062 ], [ 35.0656879, 27.9058706 ], [ 35.0656437, 27.9059839 ], [ 35.0655996, 27.9061967 ], [ 35.0656084, 27.9062982 ], [ 35.0655576, 27.9064114 ], [ 35.0655487, 27.9065188 ], [ 35.0656084, 27.9066144 ], [ 35.0656415, 27.9067179 ], [ 35.0656437, 27.9067745 ], [ 35.0656216, 27.9068565 ], [ 35.0655929, 27.9069072 ], [ 35.0655797, 27.9070361 ], [ 35.065562, 27.9070907 ], [ 35.065573, 27.9071317 ], [ 35.0655532, 27.9071884 ], [ 35.065551, 27.9072469 ], [ 35.0655642, 27.907286 ], [ 35.0655443, 27.9073309 ], [ 35.0655399, 27.9073914 ], [ 35.065509, 27.9074577 ], [ 35.06552, 27.9075026 ], [ 35.0655465, 27.9075397 ], [ 35.0655465, 27.9076042 ], [ 35.0655355, 27.9076764 ], [ 35.0655377, 27.9077154 ], [ 35.0655664, 27.907731 ], [ 35.0655753, 27.9077799 ], [ 35.0655797, 27.9078384 ], [ 35.065562, 27.9078677 ], [ 35.0655333, 27.9078833 ], [ 35.0654781, 27.907895 ], [ 35.065456, 27.9079224 ], [ 35.0654295, 27.9079751 ], [ 35.0654007, 27.9080805 ], [ 35.0653764, 27.9081234 ], [ 35.0653433, 27.9081957 ], [ 35.0653323, 27.9082542 ], [ 35.0653256, 27.9083225 ], [ 35.0653499, 27.9083577 ], [ 35.0653632, 27.908387 ], [ 35.0653682, 27.9084437 ], [ 35.0654036, 27.9085101 ] ] ] ] } },
{ "type": "Feature", "properties": { "FID": 360812, "id": 1561, "left": 35.0, "top": 30.0, "right": 40.0, "bottom": 25.0, "row_index": 12, "col_index": 43, "min_lon": 35.0, "min_lat": 25.0, "tile_id": "35_25" }, "geometry": { "type": "MultiPolygon", "coordinates": [ [ [ [ 35.0681439, 27.9135032 ], [ 35.0681803, 27.9135482 ], [ 35.0682131, 27.9136028 ], [ 35.0682567, 27.9136157 ], [ 35.0682931, 27.9135996 ], [ 35.0683877, 27.913561 ], [ 35.0684205, 27.9135482 ], [ 35.0684237, 27.9134847 ], [ 35.0684326, 27.9134398 ], [ 35.0684414, 27.9134066 ], [ 35.0684414, 27.9133715 ], [ 35.0684723, 27.9133422 ], [ 35.0685032, 27.9133168 ], [ 35.0685408, 27.9132934 ], [ 35.0685518, 27.9132739 ], [ 35.0685563, 27.9132426 ], [ 35.0685651, 27.913188 ], [ 35.0685982, 27.9131392 ], [ 35.0686093, 27.9131001 ], [ 35.0686071, 27.913063 ], [ 35.0685761, 27.9130435 ], [ 35.0685342, 27.9130435 ], [ 35.0685099, 27.9130513 ], [ 35.0684679, 27.9130865 ], [ 35.0684281, 27.9131021 ], [ 35.0683862, 27.9130982 ], [ 35.0683552, 27.9130669 ], [ 35.0683398, 27.9129967 ], [ 35.0683354, 27.9129303 ], [ 35.0683574, 27.9128659 ], [ 35.0684105, 27.9127917 ], [ 35.0684723, 27.9127448 ], [ 35.0685297, 27.9127117 ], [ 35.0685828, 27.9126902 ], [ 35.0686049, 27.9126941 ], [ 35.0686203, 27.9127292 ], [ 35.0686402, 27.9127331 ], [ 35.0686645, 27.9127195 ], [ 35.0686755, 27.9126941 ], [ 35.0686998, 27.9126824 ], [ 35.0687418, 27.9126707 ], [ 35.0687882, 27.9126707 ], [ 35.0688258, 27.9126804 ], [ 35.0688545, 27.9127156 ], [ 35.0688611, 27.9127566 ], [ 35.0688788, 27.9128054 ], [ 35.068923, 27.9128288 ], [ 35.0689517, 27.9128503 ], [ 35.0689649, 27.9128717 ], [ 35.0689605, 27.912903 ], [ 35.0689185, 27.9129654 ], [ 35.0689207, 27.9130162 ], [ 35.0689561, 27.9130494 ], [ 35.0690069, 27.9130767 ], [ 35.0690732, 27.913106 ], [ 35.0691505, 27.9131118 ], [ 35.0692146, 27.9130767 ], [ 35.0692565, 27.9130396 ], [ 35.0693228, 27.9129654 ], [ 35.0693581, 27.9129342 ], [ 35.0693957, 27.9129264 ], [ 35.0694598, 27.9129205 ], [ 35.0695172, 27.9128991 ], [ 35.0695658, 27.9128483 ], [ 35.0696033, 27.91278 ], [ 35.0696343, 27.9126785 ], [ 35.0696519, 27.912616 ], [ 35.069674, 27.9125555 ], [ 35.069716, 27.9125301 ], [ 35.0698397, 27.9125243 ], [ 35.0699745, 27.9125535 ], [ 35.0701048, 27.9126004 ], [ 35.0701932, 27.9126765 ], [ 35.070213, 27.9127409 ], [ 35.0702263, 27.9128171 ], [ 35.0702108, 27.9129069 ], [ 35.0701644, 27.9130513 ], [ 35.070107, 27.9131587 ], [ 35.0700805, 27.9132426 ], [ 35.0700562, 27.9132992 ], [ 35.0700407, 27.9134476 ], [ 35.0700474, 27.9134925 ], [ 35.0701048, 27.91351 ], [ 35.0702086, 27.9135335 ], [ 35.0703014, 27.9135315 ], [ 35.0703655, 27.9135081 ], [ 35.0704052, 27.9134437 ], [ 35.0704671, 27.9133539 ], [ 35.0705201, 27.913266 ], [ 35.0706062, 27.9131919 ], [ 35.0707167, 27.9131626 ], [ 35.0708272, 27.9130786 ], [ 35.0708824, 27.913022 ], [ 35.0709177, 27.9130006 ], [ 35.0709862, 27.9129674 ], [ 35.0710724, 27.9128991 ], [ 35.0711497, 27.9128698 ], [ 35.0712535, 27.9127995 ], [ 35.0713308, 27.912739 ], [ 35.0714567, 27.9126453 ], [ 35.0715009, 27.9125848 ], [ 35.0715539, 27.9125477 ], [ 35.0716069, 27.912536 ], [ 35.0716644, 27.9124911 ], [ 35.0717748, 27.9124032 ], [ 35.0718301, 27.9123798 ], [ 35.0719206, 27.9122881 ], [ 35.0720488, 27.91221 ], [ 35.0722056, 27.9121026 ], [ 35.0723514, 27.912007 ], [ 35.0725082, 27.9118898 ], [ 35.0726452, 27.9118352 ], [ 35.0727777, 27.9117669 ], [ 35.0728639, 27.9117083 ], [ 35.072928, 27.9116478 ], [ 35.0730428, 27.9115619 ], [ 35.0731047, 27.9115248 ], [ 35.0731709, 27.9115072 ], [ 35.0733123, 27.9114623 ], [ 35.0734206, 27.9114096 ], [ 35.0734736, 27.9113511 ], [ 35.0735465, 27.911273 ], [ 35.0736194, 27.9112515 ], [ 35.0736834, 27.9112105 ], [ 35.073774, 27.9111539 ], [ 35.0738337, 27.9111383 ], [ 35.0738977, 27.9111129 ], [ 35.0739706, 27.9110446 ], [ 35.0740015, 27.9109958 ], [ 35.0740524, 27.9109607 ], [ 35.0741253, 27.9108943 ], [ 35.0741716, 27.9108513 ], [ 35.0742357, 27.9108162 ], [ 35.0743152, 27.9107869 ], [ 35.0743903, 27.9107576 ], [ 35.0744345, 27.9107303 ], [ 35.0744478, 27.9106991 ], [ 35.0744632, 27.9106581 ], [ 35.0745383, 27.9106151 ], [ 35.0746112, 27.9105956 ], [ 35.0746598, 27.9105605 ], [ 35.0746996, 27.9105175 ], [ 35.0747504, 27.9104746 ], [ 35.0747835, 27.9104277 ], [ 35.0747902, 27.910375 ], [ 35.0748255, 27.9103301 ], [ 35.0748741, 27.9102989 ], [ 35.0749514, 27.9102755 ], [ 35.0749647, 27.9102384 ], [ 35.0750045, 27.9101818 ], [ 35.0751105, 27.9100412 ], [ 35.0751635, 27.9099631 ], [ 35.0751812, 27.9099163 ], [ 35.0751812, 27.9098694 ], [ 35.0751679, 27.9098285 ], [ 35.0751768, 27.9097875 ], [ 35.075243, 27.9097269 ], [ 35.0752983, 27.9096567 ], [ 35.0754175, 27.9095376 ], [ 35.0754507, 27.9094732 ], [ 35.075486, 27.9093892 ], [ 35.0755545, 27.9093072 ], [ 35.0755766, 27.9092467 ], [ 35.0756429, 27.9091843 ], [ 35.0757224, 27.909032 ], [ 35.0757798, 27.9089051 ], [ 35.0758041, 27.9087763 ], [ 35.0758019, 27.9087001 ], [ 35.075782, 27.9086455 ], [ 35.0757931, 27.9085947 ], [ 35.0758174, 27.9084932 ], [ 35.0758439, 27.9083956 ], [ 35.0758682, 27.9082609 ], [ 35.0759499, 27.9080423 ], [ 35.0760052, 27.9078822 ], [ 35.0760957, 27.9076616 ], [ 35.0761068, 27.9075601 ], [ 35.0761311, 27.9074918 ], [ 35.0761377, 27.9074117 ], [ 35.0761178, 27.9073493 ], [ 35.0760758, 27.9073219 ], [ 35.0759963, 27.9072848 ], [ 35.0759632, 27.9072517 ], [ 35.0759477, 27.9071989 ], [ 35.0759278, 27.907156 ], [ 35.0759102, 27.9071072 ], [ 35.0759102, 27.9067753 ], [ 35.0759102, 27.9066445 ], [ 35.0759389, 27.9064435 ], [ 35.0759853, 27.9062131 ], [ 35.0760582, 27.9059984 ], [ 35.0761465, 27.905811 ], [ 35.0762018, 27.9056431 ], [ 35.0762018, 27.9055591 ], [ 35.0762327, 27.9054615 ], [ 35.0762923, 27.905362 ], [ 35.0763453, 27.9052761 ], [ 35.0763652, 27.9052097 ], [ 35.0763608, 27.9051492 ], [ 35.0763299, 27.9050828 ], [ 35.0762084, 27.9050047 ], [ 35.0758594, 27.9047704 ], [ 35.0757622, 27.9046924 ], [ 35.075687, 27.904624 ], [ 35.0756296, 27.904544 ], [ 35.0755921, 27.9044854 ], [ 35.0755722, 27.904421 ], [ 35.0755611, 27.9043624 ], [ 35.0756075, 27.9043292 ], [ 35.0756407, 27.9042883 ], [ 35.075676, 27.904257 ], [ 35.0756893, 27.9042121 ], [ 35.0757268, 27.9041301 ], [ 35.0757533, 27.9040813 ], [ 35.0757445, 27.9040325 ], [ 35.0757136, 27.9039857 ], [ 35.0756716, 27.9039603 ], [ 35.0756362, 27.9039212 ], [ 35.0756407, 27.9038295 ], [ 35.0756451, 27.9037592 ], [ 35.0756672, 27.9037221 ], [ 35.0757445, 27.9036987 ], [ 35.0757842, 27.9036772 ], [ 35.0758417, 27.9036635 ], [ 35.0758837, 27.903646 ], [ 35.0758682, 27.9036167 ], [ 35.0758306, 27.9035913 ], [ 35.0757312, 27.9035464 ], [ 35.0756561, 27.9035386 ], [ 35.0755744, 27.9035503 ], [ 35.0755236, 27.9035484 ], [ 35.0754728, 27.9035308 ], [ 35.0754087, 27.903482 ], [ 35.0753292, 27.9034312 ], [ 35.0752629, 27.9033707 ], [ 35.0752187, 27.9033161 ], [ 35.0752077, 27.9032419 ], [ 35.0752099, 27.9032048 ], [ 35.0752364, 27.9031638 ], [ 35.0753049, 27.9031423 ], [ 35.0753712, 27.9031052 ], [ 35.0754286, 27.9030681 ], [ 35.0754706, 27.9030427 ], [ 35.075475, 27.9030096 ], [ 35.0754661, 27.90299 ], [ 35.075422, 27.9029764 ], [ 35.0753513, 27.9029803 ], [ 35.0752717, 27.9030057 ], [ 35.0751635, 27.9030525 ], [ 35.0750774, 27.9030935 ], [ 35.0750022, 27.9031247 ], [ 35.074894, 27.9031911 ], [ 35.0748233, 27.9032223 ], [ 35.0747659, 27.9032399 ], [ 35.0747084, 27.9032223 ], [ 35.0745936, 27.9031462 ], [ 35.074461, 27.9030388 ], [ 35.074366, 27.9029412 ], [ 35.0743307, 27.9028827 ], [ 35.0743462, 27.9028202 ], [ 35.0743594, 27.9027636 ], [ 35.0743373, 27.9027226 ], [ 35.0743152, 27.9026699 ], [ 35.0743307, 27.9026074 ], [ 35.0743174, 27.9025781 ], [ 35.0743263, 27.9025332 ], [ 35.0743992, 27.9024961 ], [ 35.0744588, 27.9024981 ], [ 35.0744522, 27.9024512 ], [ 35.0744367, 27.9024161 ], [ 35.0744699, 27.9024005 ], [ 35.074503, 27.90242 ], [ 35.0745339, 27.9024571 ], [ 35.0745869, 27.9024688 ], [ 35.0746311, 27.9024473 ], [ 35.0746665, 27.902418 ], [ 35.074651, 27.902379 ], [ 35.0746245, 27.9023224 ], [ 35.0745781, 27.9022833 ], [ 35.0745671, 27.9022345 ], [ 35.0745892, 27.9021896 ], [ 35.0746378, 27.9021681 ], [ 35.0746532, 27.9021389 ], [ 35.0746245, 27.9021291 ], [ 35.0745825, 27.9021037 ], [ 35.0745869, 27.902051 ], [ 35.0745273, 27.902053 ], [ 35.0744323, 27.9020881 ], [ 35.0743042, 27.9020998 ], [ 35.0742225, 27.9021291 ], [ 35.0741319, 27.902172 ], [ 35.0740369, 27.9021935 ], [ 35.0739728, 27.9021857 ], [ 35.0738756, 27.9021916 ], [ 35.0738049, 27.9021916 ], [ 35.0736812, 27.9022345 ], [ 35.0735619, 27.9022306 ], [ 35.0733941, 27.9022579 ], [ 35.0731378, 27.9023165 ], [ 35.0730428, 27.902338 ], [ 35.0728285, 27.9023419 ], [ 35.0727203, 27.9023614 ], [ 35.0726231, 27.9023634 ], [ 35.072537, 27.9023536 ], [ 35.0724088, 27.9023575 ], [ 35.072263, 27.9023595 ], [ 35.0721327, 27.9023575 ], [ 35.0719869, 27.9023731 ], [ 35.0718477, 27.9023868 ], [ 35.0717307, 27.9024044 ], [ 35.0715981, 27.9024278 ], [ 35.0714236, 27.9024493 ], [ 35.0713507, 27.902461 ], [ 35.0712734, 27.9024727 ], [ 35.0712159, 27.9024395 ], [ 35.071132, 27.9023302 ], [ 35.0710149, 27.9021311 ], [ 35.0709001, 27.9019514 ], [ 35.0708006, 27.9017953 ], [ 35.0707057, 27.9015766 ], [ 35.0706372, 27.9013541 ], [ 35.070593, 27.9011627 ], [ 35.0705599, 27.900905 ], [ 35.0705599, 27.9008269 ], [ 35.0705289, 27.9007235 ], [ 35.0705091, 27.9006063 ], [ 35.0705157, 27.9005595 ], [ 35.0705488, 27.9005283 ], [ 35.0705886, 27.9005048 ], [ 35.0705996, 27.9004716 ], [ 35.0706151, 27.9004228 ], [ 35.070593, 27.9003779 ], [ 35.0705952, 27.9003389 ], [ 35.0705974, 27.9002881 ], [ 35.070604, 27.9002608 ], [ 35.0706858, 27.9001827 ], [ 35.0707565, 27.9001476 ], [ 35.0707874, 27.9000929 ], [ 35.0708294, 27.9000421 ], [ 35.070889, 27.9000285 ], [ 35.0709553, 27.900046 ], [ 35.070984, 27.9000363 ], [ 35.0710812, 27.8999836 ], [ 35.071121, 27.899966 ], [ 35.0712822, 27.8999074 ], [ 35.0713529, 27.8999191 ], [ 35.0714258, 27.8999309 ], [ 35.071534, 27.8999094 ], [ 35.071576, 27.8998762 ], [ 35.0716025, 27.8998274 ], [ 35.0716622, 27.8998098 ], [ 35.0717108, 27.8997903 ], [ 35.0717395, 27.899763 ], [ 35.0718013, 27.8997376 ], [ 35.0718301, 27.8996771 ], [ 35.0718875, 27.8995619 ], [ 35.0719273, 27.8995053 ], [ 35.0719935, 27.8994506 ], [ 35.0720532, 27.8994369 ], [ 35.0720708, 27.8994057 ], [ 35.0720819, 27.8993549 ], [ 35.0720708, 27.8993276 ], [ 35.0720134, 27.89931 ], [ 35.0719339, 27.8993022 ], [ 35.0718698, 27.8992925 ], [ 35.0718345, 27.8992651 ], [ 35.0718212, 27.8992222 ], [ 35.0718279, 27.8991558 ], [ 35.0718279, 27.8990933 ], [ 35.0718212, 27.8990484 ], [ 35.0718455, 27.8990016 ], [ 35.0719184, 27.898982 ], [ 35.0719759, 27.8989664 ], [ 35.072009, 27.898943 ], [ 35.0720399, 27.8989274 ], [ 35.072062, 27.898902 ], [ 35.0721106, 27.8988356 ], [ 35.0720465, 27.8988044 ], [ 35.0719206, 27.8988122 ], [ 35.0718544, 27.8987985 ], [ 35.0717837, 27.8988024 ], [ 35.0715429, 27.8988181 ], [ 35.0714744, 27.8987712 ], [ 35.0714103, 27.8986482 ], [ 35.0713087, 27.8984315 ], [ 35.071185, 27.8981211 ], [ 35.0711983, 27.8980449 ], [ 35.0712204, 27.8979922 ], [ 35.0712027, 27.897959 ], [ 35.0711762, 27.8979317 ], [ 35.0711541, 27.8978966 ], [ 35.071174, 27.8978204 ], [ 35.0711784, 27.8977677 ], [ 35.0711894, 27.8976994 ], [ 35.0711961, 27.8976525 ], [ 35.0712159, 27.8976057 ], [ 35.0712226, 27.8975686 ], [ 35.0712491, 27.8975002 ], [ 35.0712115, 27.8974807 ], [ 35.0711453, 27.8974827 ], [ 35.0711563, 27.897428 ], [ 35.0711762, 27.8973987 ], [ 35.0712137, 27.8973831 ], [ 35.0712557, 27.8973284 ], [ 35.0712601, 27.8973011 ], [ 35.0712469, 27.897266 ], [ 35.0712358, 27.8972152 ], [ 35.0712668, 27.8971723 ], [ 35.0713242, 27.8971703 ], [ 35.0713662, 27.8971508 ], [ 35.071417, 27.8970922 ], [ 35.0714678, 27.8970258 ], [ 35.0714634, 27.896979 ], [ 35.0714965, 27.8969399 ], [ 35.0715097, 27.8969087 ], [ 35.0714921, 27.8968657 ], [ 35.0714634, 27.8968267 ], [ 35.0714501, 27.8967915 ], [ 35.0714391, 27.8967466 ], [ 35.0714148, 27.8966803 ], [ 35.0714103, 27.8966354 ], [ 35.0714236, 27.8965983 ], [ 35.071481, 27.8965338 ], [ 35.0714634, 27.8965065 ], [ 35.0713883, 27.8965046 ], [ 35.0712734, 27.896528 ], [ 35.0712182, 27.8965495 ], [ 35.0711939, 27.8965748 ], [ 35.0711386, 27.8965905 ], [ 35.0710856, 27.8966334 ], [ 35.0710392, 27.8966881 ], [ 35.0709884, 27.8967408 ], [ 35.0709332, 27.8967681 ], [ 35.0708426, 27.8968072 ], [ 35.0707565, 27.8968579 ], [ 35.0706924, 27.8969204 ], [ 35.070635, 27.8969965 ], [ 35.0705643, 27.8970688 ], [ 35.070551, 27.8971293 ], [ 35.0705046, 27.8971801 ], [ 35.070445, 27.8972308 ], [ 35.0704074, 27.8973011 ], [ 35.0702859, 27.8974202 ], [ 35.0702418, 27.8975061 ], [ 35.0701909, 27.897592 ], [ 35.0701136, 27.8976838 ], [ 35.070054, 27.8977579 ], [ 35.0700297, 27.8978497 ], [ 35.0699988, 27.8979766 ], [ 35.0699303, 27.8980469 ], [ 35.0699038, 27.8981133 ], [ 35.0698397, 27.898207 ], [ 35.0697182, 27.8983202 ], [ 35.0696188, 27.8983925 ], [ 35.0695945, 27.8984569 ], [ 35.0695857, 27.8985135 ], [ 35.0695238, 27.8985682 ], [ 35.0694642, 27.8986345 ], [ 35.0694244, 27.8986775 ], [ 35.0694377, 27.8987341 ], [ 35.0694244, 27.8987907 ], [ 35.0694487, 27.8988669 ], [ 35.0694244, 27.8989215 ], [ 35.069378, 27.8989469 ], [ 35.0693051, 27.8989684 ], [ 35.0692543, 27.8990367 ], [ 35.0691682, 27.8991304 ], [ 35.0690931, 27.8992612 ], [ 35.0690356, 27.8993354 ], [ 35.0689252, 27.8994935 ], [ 35.0688832, 27.8995931 ], [ 35.0688103, 27.8996829 ], [ 35.0687529, 27.8997473 ], [ 35.0686446, 27.8998274 ], [ 35.0686203, 27.8998567 ], [ 35.068585, 27.8999523 ], [ 35.0685783, 27.9000187 ], [ 35.0685629, 27.9000851 ], [ 35.0684745, 27.9001944 ], [ 35.0683972, 27.900294 ], [ 35.0682691, 27.9004404 ], [ 35.0681719, 27.9005575 ], [ 35.0681144, 27.9006278 ], [ 35.0680327, 27.9007118 ], [ 35.0679731, 27.9007664 ], [ 35.0679156, 27.9007918 ], [ 35.0678538, 27.9008348 ], [ 35.0678449, 27.900864 ], [ 35.067867, 27.9009011 ], [ 35.0678913, 27.900948 ], [ 35.0679178, 27.9009695 ], [ 35.0679532, 27.9009636 ], [ 35.0680415, 27.9009519 ], [ 35.0681255, 27.9009558 ], [ 35.0681785, 27.9010046 ], [ 35.0682161, 27.9010925 ], [ 35.0683111, 27.901192 ], [ 35.068406, 27.9012213 ], [ 35.0684613, 27.9012896 ], [ 35.0684767, 27.9013736 ], [ 35.0684834, 27.9014653 ], [ 35.0684966, 27.9015493 ], [ 35.0685297, 27.9016313 ], [ 35.0685828, 27.9016781 ], [ 35.0686446, 27.9016781 ], [ 35.0686755, 27.9016469 ], [ 35.0686888, 27.9015961 ], [ 35.0687087, 27.9015688 ], [ 35.0687639, 27.9015473 ], [ 35.0688191, 27.9015629 ], [ 35.068881, 27.9016254 ], [ 35.0689428, 27.9017113 ], [ 35.0690069, 27.9018558 ], [ 35.0690312, 27.90201 ], [ 35.0689892, 27.9022033 ], [ 35.0689207, 27.9023302 ], [ 35.0688523, 27.9024063 ], [ 35.0687418, 27.9024805 ], [ 35.0686093, 27.9025566 ], [ 35.0685032, 27.9026035 ], [ 35.0684105, 27.9026406 ], [ 35.0683044, 27.9026621 ], [ 35.0682669, 27.9026874 ], [ 35.0682337, 27.9027441 ], [ 35.0681918, 27.9028768 ], [ 35.0681586, 27.9029588 ], [ 35.0681233, 27.9030291 ], [ 35.0680813, 27.9031111 ], [ 35.0680415, 27.9031657 ], [ 35.0679245, 27.9032965 ], [ 35.0679046, 27.9034078 ], [ 35.0678449, 27.9035445 ], [ 35.0677853, 27.9035816 ], [ 35.0677345, 27.9035991 ], [ 35.0676881, 27.9035855 ], [ 35.0676528, 27.9035659 ], [ 35.0676064, 27.903521 ], [ 35.0675423, 27.9034859 ], [ 35.0674782, 27.9034722 ], [ 35.0674385, 27.9034976 ], [ 35.0674341, 27.9035523 ], [ 35.0674562, 27.9035894 ], [ 35.0674805, 27.9036284 ], [ 35.0674937, 27.9036694 ], [ 35.0674584, 27.9036928 ], [ 35.0674164, 27.9037436 ], [ 35.0673855, 27.9038295 ], [ 35.0673744, 27.9038802 ], [ 35.0673678, 27.9039212 ], [ 35.0673833, 27.903933 ], [ 35.0674473, 27.9039212 ], [ 35.0674959, 27.9038998 ], [ 35.0675114, 27.9038588 ], [ 35.0675202, 27.9037924 ], [ 35.0675246, 27.9037612 ], [ 35.0675467, 27.9037065 ], [ 35.0675666, 27.9036753 ], [ 35.0676616, 27.9036401 ], [ 35.0676859, 27.9036577 ], [ 35.0677234, 27.903685 ], [ 35.0677058, 27.9037377 ], [ 35.0676528, 27.9037943 ], [ 35.067613, 27.9039056 ], [ 35.0676108, 27.9040325 ], [ 35.0676704, 27.9041262 ], [ 35.0676528, 27.904216 ], [ 35.0676373, 27.9042843 ], [ 35.0676174, 27.9043429 ], [ 35.0676307, 27.9043702 ], [ 35.0676837, 27.904382 ], [ 35.0677124, 27.9044073 ], [ 35.0677323, 27.9044776 ], [ 35.0677279, 27.9045655 ], [ 35.0676881, 27.9046436 ], [ 35.067666, 27.9047373 ], [ 35.0676837, 27.9050516 ], [ 35.067666, 27.9051843 ], [ 35.0676616, 27.9052936 ], [ 35.0676196, 27.9053737 ], [ 35.0675644, 27.9054244 ], [ 35.0675224, 27.9054576 ], [ 35.0674782, 27.9055572 ], [ 35.0674473, 27.9057797 ], [ 35.0674606, 27.9058851 ], [ 35.0675048, 27.9060179 ], [ 35.0675445, 27.9060296 ], [ 35.0676042, 27.9060667 ], [ 35.0676925, 27.9061253 ], [ 35.0677168, 27.9061526 ], [ 35.0677212, 27.9061975 ], [ 35.0677058, 27.9063439 ], [ 35.0677036, 27.9064591 ], [ 35.0677323, 27.9065899 ], [ 35.0677367, 27.9067168 ], [ 35.0677522, 27.9068378 ], [ 35.067803, 27.9068476 ], [ 35.0679112, 27.9069256 ], [ 35.067962, 27.9069569 ], [ 35.0680106, 27.9069803 ], [ 35.0680305, 27.9070623 ], [ 35.0680747, 27.9070818 ], [ 35.0684834, 27.9072907 ], [ 35.0688832, 27.9075347 ], [ 35.0691063, 27.9077377 ], [ 35.0691218, 27.9078217 ], [ 35.0691549, 27.9079095 ], [ 35.0691947, 27.907972 ], [ 35.0692212, 27.9080227 ], [ 35.0692035, 27.9080833 ], [ 35.0691284, 27.9082082 ], [ 35.0690599, 27.9083234 ], [ 35.069029, 27.9084561 ], [ 35.069029, 27.9085928 ], [ 35.0689826, 27.908706 ], [ 35.0689561, 27.9088446 ], [ 35.068987, 27.908911 ], [ 35.0690268, 27.9089988 ], [ 35.0690091, 27.9092604 ], [ 35.0689716, 27.9094166 ], [ 35.068881, 27.9095376 ], [ 35.0688125, 27.9095883 ], [ 35.0687153, 27.9096157 ], [ 35.0686137, 27.9095883 ], [ 35.0684922, 27.9095864 ], [ 35.0684193, 27.909604 ], [ 35.068395, 27.9096567 ], [ 35.0683331, 27.9097836 ], [ 35.0683354, 27.9098714 ], [ 35.0683177, 27.9099182 ], [ 35.0682934, 27.9101388 ], [ 35.0682669, 27.9102286 ], [ 35.0682249, 27.9102735 ], [ 35.0681719, 27.9103067 ], [ 35.0680703, 27.910377 ], [ 35.068057, 27.9104473 ], [ 35.0680305, 27.9105019 ], [ 35.0679642, 27.9105468 ], [ 35.0679289, 27.9106718 ], [ 35.0679002, 27.9108104 ], [ 35.0678472, 27.9109665 ], [ 35.0678229, 27.9110505 ], [ 35.0678383, 27.9110836 ], [ 35.0679377, 27.9111461 ], [ 35.0679598, 27.9112301 ], [ 35.0679576, 27.9113179 ], [ 35.0679201, 27.9114096 ], [ 35.0678472, 27.9115033 ], [ 35.0677986, 27.9116029 ], [ 35.0677809, 27.9116868 ], [ 35.0677389, 27.9117844 ], [ 35.0676925, 27.911841 ], [ 35.0676373, 27.9118879 ], [ 35.067571, 27.9119367 ], [ 35.0675136, 27.9120987 ], [ 35.0675489, 27.9122139 ], [ 35.0675732, 27.9123115 ], [ 35.0676108, 27.9123486 ], [ 35.0676351, 27.9123388 ], [ 35.0676594, 27.9123174 ], [ 35.0676837, 27.9123291 ], [ 35.0676881, 27.9123583 ], [ 35.0676815, 27.9124267 ], [ 35.0677146, 27.9125301 ], [ 35.0677367, 27.9125731 ], [ 35.0677323, 27.9126492 ], [ 35.0676925, 27.9127117 ], [ 35.0676748, 27.9128366 ], [ 35.0676881, 27.912903 ], [ 35.0677234, 27.9129244 ], [ 35.0677632, 27.912942 ], [ 35.0678516, 27.9130416 ], [ 35.0678891, 27.9130357 ], [ 35.0679311, 27.9130123 ], [ 35.0679488, 27.9130318 ], [ 35.0679178, 27.9131157 ], [ 35.0678913, 27.9132114 ], [ 35.0678869, 27.9132739 ], [ 35.0679112, 27.9133109 ], [ 35.0679289, 27.913309 ], [ 35.0679444, 27.9132797 ], [ 35.0679576, 27.9132563 ], [ 35.0679863, 27.9132524 ], [ 35.0680173, 27.9132582 ], [ 35.0680084, 27.9132895 ], [ 35.0680261, 27.9133168 ], [ 35.0680725, 27.913307 ], [ 35.0680924, 27.9133109 ], [ 35.0681343, 27.9133324 ], [ 35.0681211, 27.913391 ], [ 35.0681185, 27.9134356 ], [ 35.0681439, 27.9135032 ] ] ] ] } },
{ "type": "Feature", "properties": { "FID": 637614, "id": 1561, "left": 35.0, "top": 30.0, "right": 40.0, "bottom": 25.0, "row_index": 12, "col_index": 43, "min_lon": 35.0, "min_lat": 25.0, "tile_id": "35_25" }, "geometry": { "type": "MultiPolygon", "coordinates": [ [ [ [ 35.1648909, 27.998198 ], [ 35.1648999, 27.9980985 ], [ 35.1647512, 27.9974779 ], [ 35.1645935, 27.9973824 ], [ 35.1643862, 27.9973546 ], [ 35.1641654, 27.9973983 ], [ 35.1639852, 27.9976291 ], [ 35.1640573, 27.9979792 ], [ 35.164242, 27.9981065 ], [ 35.1645304, 27.998198 ], [ 35.1648098, 27.9982418 ], [ 35.1648909, 27.998198 ] ] ] ] } },
{ "type": "Feature", "properties": { "FID": 637615, "id": 1561, "left": 35.0, "top": 30.0, "right": 40.0, "bottom": 25.0, "row_index": 12, "col_index": 43, "min_lon": 35.0, "min_lat": 25.0, "tile_id": "35_25" }, "geometry": { "type": "MultiPolygon", "coordinates": [ [ [ [ 35.1628542, 27.9984288 ], [ 35.1629489, 27.9984288 ], [ 35.1629038, 27.9980866 ], [ 35.1628678, 27.9978002 ], [ 35.1627686, 27.9976927 ], [ 35.1625208, 27.9976967 ], [ 35.162309, 27.9978121 ], [ 35.1622279, 27.9980946 ], [ 35.1619621, 27.9984407 ], [ 35.1620342, 27.9986356 ], [ 35.1622234, 27.9987152 ], [ 35.1624532, 27.9986874 ], [ 35.1628542, 27.9984288 ] ] ] ] } },
{ "type": "Feature", "properties": { "FID": 688452, "id": 1561, "left": 35.0, "top": 30.0, "right": 40.0, "bottom": 25.0, "row_index": 12, "col_index": 43, "min_lon": 35.0, "min_lat": 25.0, "tile_id": "35_25" }, "geometry": { "type": "MultiPolygon", "coordinates": [ [ [ [ 35.5216111, 27.6127287 ], [ 35.5216192, 27.612712 ], [ 35.5216205, 27.6126716 ], [ 35.5216111, 27.6126324 ], [ 35.5215722, 27.6126087 ], [ 35.5214985, 27.612636 ], [ 35.521481, 27.6126883 ], [ 35.521477, 27.6127525 ], [ 35.5214985, 27.6127548 ], [ 35.5215454, 27.6127394 ], [ 35.521583, 27.6127382 ], [ 35.5216111, 27.6127287 ] ] ] ] } }
]
}
